entry_time_ny,pnl_net,source,setup,date,year,month,realized_before,effective_budget,reserved_risk,start_day_dd,reason
2016-03-24 09:14:00,-1117.2000000000066,S3,S3_A,2016-03-24,2016,2016-03,0.0,1200.0,1827.2,0.0,PREVENTIVE_RISK_GATE
2016-03-28 09:05:00,592.8000000000013,S3,S3_A,2016-03-28,2016,2016-03,0.0,1200.0,1827.2,0.0,PREVENTIVE_RISK_GATE
2016-03-28 10:49:00,212.79999999999887,S3,S3_A,2016-03-28,2016,2016-03,-14.400000000000006,1200.0,1827.2,0.0,PREVENTIVE_RISK_GATE
2016-03-29 09:07:00,12.800000000003129,S3,S3_A,2016-03-29,2016,2016-03,0.0,1200.0,1827.2,0.0,PREVENTIVE_RISK_GATE
2016-03-30 09:46:00,-1247.200000000002,S3,S3_A,2016-03-30,2016,2016-03,72.8,1243.68,1827.2,0.0,PREVENTIVE_RISK_GATE
2016-03-31 10:35:00,242.8,S3,S3_B,2016-03-31,2016,2016-03,-894.3999999999972,1200.0,807.2,0.0,PREVENTIVE_RISK_GATE
2016-03-31 11:25:00,-257.2,S3,S3_B,2016-03-31,2016,2016-03,-821.5999999999973,1200.0,807.2,0.0,PREVENTIVE_RISK_GATE
2016-04-01 09:06:00,12.800000000003129,S3,S3_A,2016-04-01,2016,2016-04,0.0,1200.0,1827.2,-821.5999999999972,PREVENTIVE_RISK_GATE
2016-05-23 09:13:00,592.8000000000013,S3,S3_A,2016-05-23,2016,2016-05,0.0,1200.0,1827.2,-69.19999999999936,PREVENTIVE_RISK_GATE
2016-05-23 10:21:00,-267.199999999998,S3,S3_A,2016-05-23,2016,2016-05,145.6,1287.36,1827.2,-69.19999999999936,PREVENTIVE_RISK_GATE
2016-05-24 09:09:00,-417.1999999999966,S3,S3_A,2016-05-24,2016,2016-05,0.0,1200.0,1827.2,0.0,PREVENTIVE_RISK_GATE
2016-05-30 09:13:00,-367.1999999999994,S3,S3_A,2016-05-30,2016,2016-05,0.0,1200.0,1827.2,-14.399999999999636,PREVENTIVE_RISK_GATE
2016-05-31 09:02:00,-197.2000000000048,S3,S3_A,2016-05-31,2016,2016-05,0.0,1200.0,1827.2,-14.399999999999636,PREVENTIVE_RISK_GATE
2016-06-02 09:11:00,-957.2000000000028,S3,S3_A,2016-06-02,2016,2016-06,0.0,1200.0,1827.2,-188.79999999999927,PREVENTIVE_RISK_GATE
2016-06-03 09:29:00,-577.2000000000003,S3,S3_A,2016-06-03,2016,2016-06,0.0,1200.0,1827.2,-188.79999999999927,PREVENTIVE_RISK_GATE
2016-06-06 09:22:00,-317.20000000000226,S3,S3_A,2016-06-06,2016,2016-06,0.0,1200.0,1827.2,-188.79999999999927,PREVENTIVE_RISK_GATE
2016-06-10 09:41:00,352.79999999999944,S3,S3_A,2016-06-10,2016,2016-06,0.0,1200.0,1827.2,0.0,PREVENTIVE_RISK_GATE
2016-06-13 09:26:00,592.8000000000013,S3,S3_A,2016-06-13,2016,2016-06,0.0,1200.0,1827.2,-87.19999999999982,PREVENTIVE_RISK_GATE
2016-06-13 10:38:00,-487.19999999999686,S3,S3_A,2016-06-13,2016,2016-06,-87.2,1200.0,1827.2,-87.19999999999982,PREVENTIVE_RISK_GATE
2016-06-14 09:24:00,-167.19999999999658,S3,S3_A,2016-06-14,2016,2016-06,0.0,1200.0,1827.2,-174.39999999999964,PREVENTIVE_RISK_GATE
2016-06-15 09:12:00,-557.1999999999972,S3,S3_A,2016-06-15,2016,2016-06,0.0,1200.0,1827.2,-174.39999999999964,PREVENTIVE_RISK_GATE
2016-06-16 09:04:00,592.8000000000013,S3,S3_A,2016-06-16,2016,2016-06,0.0,1200.0,1827.2,-188.79999999999927,PREVENTIVE_RISK_GATE
2016-06-16 10:37:00,-67.20000000000228,S3,S3_A,2016-06-16,2016,2016-06,0.0,1200.0,1827.2,-188.79999999999927,PREVENTIVE_RISK_GATE
2016-06-17 09:13:00,272.80000000000115,S3,S3_A,2016-06-17,2016,2016-06,0.0,1200.0,1827.2,-43.19999999999891,PREVENTIVE_RISK_GATE
2016-07-05 09:10:00,-1127.2000000000046,S3,S3_A,2016-07-05,2016,2016-07,0.0,1200.0,1827.2,-130.39999999999964,PREVENTIVE_RISK_GATE
2016-07-21 09:03:00,-617.1999999999995,S3,S3_A,2016-07-21,2016,2016-07,0.0,1200.0,1827.2,-192.00289916992188,PREVENTIVE_RISK_GATE
2016-08-10 09:01:00,-817.2000000000023,S3,S3_A,2016-08-10,2016,2016-08,0.0,1200.0,1827.2,-57.603662109374454,PREVENTIVE_RISK_GATE
2016-08-11 10:31:00,592.8000000000013,S3,S3_A,2016-08-11,2016,2016-08,-87.2,1200.0,1827.2,-13.603662109374454,PREVENTIVE_RISK_GATE
2016-08-11 11:42:00,-417.2000000000037,S3,S3_A,2016-08-11,2016,2016-08,-14.400000000000006,1200.0,1827.2,-13.603662109374454,PREVENTIVE_RISK_GATE
2016-08-22 09:31:00,182.80000000000484,S3,S3_A,2016-08-22,2016,2016-08,72.8,1243.68,1827.2,0.0,PREVENTIVE_RISK_GATE
2016-08-23 09:12:00,-1147.2000000000005,S3,S3_A,2016-08-23,2016,2016-08,0.0,1200.0,1827.2,0.0,PREVENTIVE_RISK_GATE
2016-08-24 11:22:00,-167.19984741210936,S3,S3_B,2016-08-24,2016,2016-08,-807.1999999999972,1200.0,807.2,0.0,PREVENTIVE_RISK_GATE
2016-08-26 09:01:00,592.8000000000013,S3,S3_A,2016-08-26,2016,2016-08,0.0,1200.0,1827.2,-807.1999999999971,PREVENTIVE_RISK_GATE
2016-08-26 10:22:00,-747.1999999999949,S3,S3_A,2016-08-26,2016,2016-08,0.0,1200.0,1827.2,-807.1999999999971,PREVENTIVE_RISK_GATE
2016-08-29 09:42:00,-317.20000000000226,S3,S3_A,2016-08-29,2016,2016-08,0.0,1200.0,1827.2,-807.1999999999971,PREVENTIVE_RISK_GATE
2016-08-30 09:19:00,592.8000000000013,S3,S3_A,2016-08-30,2016,2016-08,0.0,1200.0,1827.2,-807.1999999999971,PREVENTIVE_RISK_GATE
2016-08-30 10:31:00,262.79999999999603,S3,S3_A,2016-08-30,2016,2016-08,0.0,1200.0,1827.2,-807.1999999999971,PREVENTIVE_RISK_GATE
2016-08-31 09:19:00,592.8000000000013,S3,S3_A,2016-08-31,2016,2016-08,0.0,1200.0,1827.2,-807.1999999999971,PREVENTIVE_RISK_GATE
2016-08-31 11:10:00,312.8000000000003,S3,S3_A,2016-08-31,2016,2016-08,72.8,1243.68,1827.2,-807.1999999999971,PREVENTIVE_RISK_GATE
2016-09-01 09:11:00,592.8000000000013,S3,S3_A,2016-09-01,2016,2016-09,0.0,1200.0,1827.2,-734.3999999999969,PREVENTIVE_RISK_GATE
2016-09-01 11:26:00,-377.19999999999743,S3,S3_A,2016-09-01,2016,2016-09,72.8,1243.68,1827.2,-734.3999999999969,PREVENTIVE_RISK_GATE
2016-09-02 09:28:00,432.79999999999774,S3,S3_A,2016-09-02,2016,2016-09,-87.2,1200.0,1827.2,-588.7999999999965,PREVENTIVE_RISK_GATE
2016-09-05 09:16:00,192.80000000000285,S3,S3_A,2016-09-05,2016,2016-09,0.0,1200.0,1827.2,-530.3999999999969,PREVENTIVE_RISK_GATE
2016-09-19 09:07:00,-307.20000000000425,S3,S3_A,2016-09-19,2016,2016-09,0.0,1200.0,1827.2,-491.19862670898146,PREVENTIVE_RISK_GATE
2016-09-20 09:25:00,592.8000000000013,S3,S3_A,2016-09-20,2016,2016-09,0.0,1200.0,1827.2,-491.19862670898146,PREVENTIVE_RISK_GATE
2016-09-20 11:07:00,-347.1999999999963,S3,S3_A,2016-09-20,2016,2016-09,-174.4,1200.0,1827.2,-491.19862670898146,PREVENTIVE_RISK_GATE
2016-09-21 09:42:00,-287.2000000000011,S3,S3_A,2016-09-21,2016,2016-09,0.0,1200.0,1827.2,-665.5986267089811,PREVENTIVE_RISK_GATE
2016-09-22 09:03:00,112.80000000000454,S3,S3_A,2016-09-22,2016,2016-09,0.0,1200.0,1827.2,-665.5986267089811,PREVENTIVE_RISK_GATE
2016-09-23 09:07:00,592.8000000000013,S3,S3_A,2016-09-23,2016,2016-09,0.0,1200.0,1827.2,-592.7986267089809,PREVENTIVE_RISK_GATE
2016-09-23 11:58:00,592.8000000000013,S3,S3_A,2016-09-23,2016,2016-09,0.0,1200.0,1827.2,-592.7986267089809,PREVENTIVE_RISK_GATE
2016-09-26 09:25:00,592.8000000000013,S3,S3_A,2016-09-26,2016,2016-09,0.0,1200.0,1827.2,-534.3986267089813,PREVENTIVE_RISK_GATE
2016-09-26 11:23:00,32.799999999999145,S3,S3_A,2016-09-26,2016,2016-09,0.0,1200.0,1827.2,-534.3986267089813,PREVENTIVE_RISK_GATE
2016-10-10 09:51:00,192.80000000000285,S3,S3_A,2016-10-10,2016,2016-10,218.39999999999998,1331.04,1827.2,-300.7986267089791,PREVENTIVE_RISK_GATE
2016-10-17 09:04:00,592.8000000000013,S3,S3_A,2016-10-17,2016,2016-10,0.0,1200.0,1827.2,0.0,PREVENTIVE_RISK_GATE
2016-10-17 09:51:00,42.80000000000426,S3,S3_A,2016-10-17,2016,2016-10,0.0,1200.0,1827.2,0.0,PREVENTIVE_RISK_GATE
2016-10-18 10:01:00,-157.19999999999857,S3,S3_A,2016-10-18,2016,2016-10,-87.2,1200.0,1827.2,0.0,PREVENTIVE_RISK_GATE
2016-10-21 09:33:00,-377.19999999999743,S3,S3_A,2016-10-21,2016,2016-10,72.8,1243.68,1827.2,-28.799999999999272,PREVENTIVE_RISK_GATE
2016-10-24 09:02:00,-327.2000000000003,S3,S3_A,2016-10-24,2016,2016-10,0.0,1200.0,1827.2,0.0,PREVENTIVE_RISK_GATE
2016-10-25 09:09:00,72.79999999999829,S3,S3_A,2016-10-25,2016,2016-10,0.0,1200.0,1827.2,-44.400000000003274,PREVENTIVE_RISK_GATE
2016-10-26 09:08:00,592.8000000000013,S3,S3_A,2016-10-26,2016,2016-10,0.0,1200.0,1827.2,-58.80000000000291,PREVENTIVE_RISK_GATE
2016-10-26 10:31:00,-707.2000000000029,S3,S3_A,2016-10-26,2016,2016-10,72.8,1243.68,1827.2,-58.80000000000291,PREVENTIVE_RISK_GATE
2016-10-27 09:12:00,212.79999999999887,S3,S3_A,2016-10-27,2016,2016-10,0.0,1200.0,1827.2,0.0,PREVENTIVE_RISK_GATE
2016-10-28 10:14:00,-677.2000000000018,S3,S3_A,2016-10-28,2016,2016-10,0.0,1200.0,1827.2,-261.60000000000036,PREVENTIVE_RISK_GATE
2016-10-31 09:06:00,592.8000000000013,S3,S3_A,2016-10-31,2016,2016-10,0.0,1200.0,1827.2,-436.0,PREVENTIVE_RISK_GATE
2016-10-31 10:58:00,592.8000000000013,S3,S3_A,2016-10-31,2016,2016-10,-87.2,1200.0,1827.2,-436.0,PREVENTIVE_RISK_GATE
2016-10-31 14:49:00,42.80000000000426,S3,S3_A,2016-10-31,2016,2016-10,-87.2,1200.0,1827.2,-436.0,PREVENTIVE_RISK_GATE
2016-11-08 09:01:00,-507.2,S3,S3_A,2016-11-08,2016,2016-11,0.0,1200.0,1827.2,-87.19999999999982,PREVENTIVE_RISK_GATE
2016-11-09 09:28:00,592.8000000000013,S3,S3_A,2016-11-09,2016,2016-11,0.0,1200.0,1827.2,-188.80000000000018,PREVENTIVE_RISK_GATE
2016-11-09 11:40:00,-447.2000000000048,S3,S3_A,2016-11-09,2016,2016-11,-174.4,1200.0,1827.2,-188.80000000000018,PREVENTIVE_RISK_GATE
2016-11-11 09:18:00,592.8000000000013,S3,S3_A,2016-11-11,2016,2016-11,0.0,1200.0,1827.2,-377.60000000000036,PREVENTIVE_RISK_GATE
2016-11-11 11:34:00,122.79999999999544,S3,S3_A,2016-11-11,2016,2016-11,0.0,1200.0,1827.2,-377.60000000000036,PREVENTIVE_RISK_GATE
2016-11-25 09:27:00,-1827.2000000000005,S3,S3_A,2016-11-25,2016,2016-11,0.0,1200.0,1827.2,-218.79938964843404,PREVENTIVE_RISK_GATE
2016-12-09 09:09:00,-187.1999999999997,S3,S3_A,2016-12-09,2016,2016-12,0.0,1200.0,1827.2,-231.5993896484324,PREVENTIVE_RISK_GATE
2016-12-22 09:01:00,592.8000000000013,S3,S3_A,2016-12-22,2016,2016-12,0.0,1200.0,1827.2,0.0,PREVENTIVE_RISK_GATE
2016-12-22 11:22:00,-107.20000000000142,S3,S3_A,2016-12-22,2016,2016-12,-87.2,1200.0,1827.2,0.0,PREVENTIVE_RISK_GATE
2016-12-23 09:08:00,592.8000000000013,S3,S3_A,2016-12-23,2016,2016-12,0.0,1200.0,1827.2,-87.19999999999982,PREVENTIVE_RISK_GATE
2016-12-23 13:55:00,-17.19999999999801,S3,S3_A,2016-12-23,2016,2016-12,0.0,1200.0,1827.2,-87.19999999999982,PREVENTIVE_RISK_GATE
2016-12-27 09:09:00,462.7999999999989,S3,S3_A,2016-12-27,2016,2016-12,0.0,1200.0,1827.2,-54.400000000000546,PREVENTIVE_RISK_GATE
2017-01-04 09:02:00,-887.2000000000025,S3,S3_A,2017-01-04,2017,2017-01,0.0,1200.0,1827.2,-188.80000000000018,PREVENTIVE_RISK_GATE
2017-01-05 09:28:00,592.8000000000013,S3,S3_A,2017-01-05,2017,2017-01,0.0,1200.0,1827.2,-450.40000000000055,PREVENTIVE_RISK_GATE
2017-01-05 11:39:00,-667.2000000000037,S3,S3_A,2017-01-05,2017,2017-01,0.0,1200.0,1827.2,-450.40000000000055,PREVENTIVE_RISK_GATE
2017-01-06 09:02:00,592.8000000000013,S3,S3_A,2017-01-06,2017,2017-01,0.0,1200.0,1827.2,-450.40000000000055,PREVENTIVE_RISK_GATE
2017-01-06 11:29:00,62.80000000000028,S3,S3_A,2017-01-06,2017,2017-01,145.6,1287.36,1827.2,-450.40000000000055,PREVENTIVE_RISK_GATE
2017-01-09 09:02:00,592.8000000000013,S3,S3_A,2017-01-09,2017,2017-01,0.0,1200.0,1827.2,-304.8000000000002,PREVENTIVE_RISK_GATE
2017-01-17 09:17:00,-567.2000000000023,S3,S3_A,2017-01-17,2017,2017-01,0.0,1200.0,1827.2,0.0,PREVENTIVE_RISK_GATE
2017-01-18 09:24:00,592.8000000000013,S3,S3_A,2017-01-18,2017,2017-01,0.0,1200.0,1827.2,0.0,PREVENTIVE_RISK_GATE
2017-01-18 12:14:00,592.8000000000013,S3,S3_A,2017-01-18,2017,2017-01,0.0,1200.0,1827.2,0.0,PREVENTIVE_RISK_GATE
2017-01-19 09:28:00,-267.199999999998,S3,S3_A,2017-01-19,2017,2017-01,0.0,1200.0,1827.2,0.0,PREVENTIVE_RISK_GATE
2017-01-20 09:16:00,-47.19999999999915,S3,S3_A,2017-01-20,2017,2017-01,0.0,1200.0,1827.2,0.0,PREVENTIVE_RISK_GATE
2017-01-23 09:25:00,592.8000000000013,S3,S3_A,2017-01-23,2017,2017-01,0.0,1200.0,1827.2,0.0,PREVENTIVE_RISK_GATE
2017-01-23 13:12:00,82.7999999999963,S3,S3_A,2017-01-23,2017,2017-01,0.0,1200.0,1827.2,0.0,PREVENTIVE_RISK_GATE
2017-01-24 09:01:00,-217.20000000000084,S3,S3_A,2017-01-24,2017,2017-01,0.0,1200.0,1827.2,0.0,PREVENTIVE_RISK_GATE
2017-01-25 09:10:00,-227.19999999999885,S3,S3_A,2017-01-25,2017,2017-01,0.0,1200.0,1827.2,0.0,PREVENTIVE_RISK_GATE
2017-01-26 09:14:00,592.8000000000013,S3,S3_A,2017-01-26,2017,2017-01,0.0,1200.0,1827.2,0.0,PREVENTIVE_RISK_GATE
2017-01-26 10:51:00,2.7999999999980103,S3,S3_A,2017-01-26,2017,2017-01,-174.4,1200.0,1827.2,0.0,PREVENTIVE_RISK_GATE
2017-01-27 09:01:00,592.8000000000013,S3,S3_A,2017-01-27,2017,2017-01,0.0,1200.0,1827.2,-174.39999999999964,PREVENTIVE_RISK_GATE
2017-01-27 11:36:00,-237.1999999999969,S3,S3_A,2017-01-27,2017,2017-01,0.0,1200.0,1827.2,-174.39999999999964,PREVENTIVE_RISK_GATE
2017-01-30 09:12:00,42.79999999999716,S3,S3_A,2017-01-30,2017,2017-01,0.0,1200.0,1827.2,-174.39999999999964,PREVENTIVE_RISK_GATE
2017-01-31 09:03:00,-207.19999999999573,S3,S3_A,2017-01-31,2017,2017-01,0.0,1200.0,1827.2,-174.39999999999964,PREVENTIVE_RISK_GATE
2017-02-01 09:33:00,-237.200000000004,S3,S3_A,2017-02-01,2017,2017-02,0.0,1200.0,1827.2,-174.39999999999964,PREVENTIVE_RISK_GATE
2017-02-06 09:01:00,-667.1999999999966,S3,S3_A,2017-02-06,2017,2017-02,0.0,1200.0,1827.2,-188.80000000000018,PREVENTIVE_RISK_GATE
2017-02-07 09:03:00,372.79999999999546,S3,S3_A,2017-02-07,2017,2017-02,0.0,1200.0,1827.2,-276.0,PREVENTIVE_RISK_GATE
2017-02-09 09:15:00,122.79999999999544,S3,S3_A,2017-02-09,2017,2017-02,0.0,1200.0,1827.2,-304.7999999999993,PREVENTIVE_RISK_GATE
2017-02-10 09:35:00,-57.19999999999716,S3,S3_A,2017-02-10,2017,2017-02,0.0,1200.0,1827.2,-231.9999999999991,PREVENTIVE_RISK_GATE
2017-02-13 09:03:00,362.7999999999975,S3,S3_A,2017-02-13,2017,2017-02,0.0,1200.0,1827.2,-86.39999999999964,PREVENTIVE_RISK_GATE
2017-02-14 09:22:00,592.8000000000013,S3,S3_A,2017-02-14,2017,2017-02,0.0,1200.0,1827.2,-86.39999999999964,PREVENTIVE_RISK_GATE
2017-02-14 12:15:00,132.80000000000058,S3,S3_A,2017-02-14,2017,2017-02,-14.400000000000006,1200.0,1827.2,-86.39999999999964,PREVENTIVE_RISK_GATE
2017-02-15 09:22:00,-177.1999999999946,S3,S3_A,2017-02-15,2017,2017-02,0.0,1200.0,1827.2,-100.79999999999927,PREVENTIVE_RISK_GATE
2017-02-17 09:10:00,122.79999999999544,S3,S3_A,2017-02-17,2017,2017-02,0.0,1200.0,1827.2,-28.0,PREVENTIVE_RISK_GATE
2017-03-17 09:29:00,-327.2000000000003,S3,S3_A,2017-03-17,2017,2017-03,0.0,1200.0,1827.2,0.0,PREVENTIVE_RISK_GATE
2017-03-20 09:54:00,-257.2,S3,S3_A,2017-03-20,2017,2017-03,0.0,1200.0,1827.2,0.0,PREVENTIVE_RISK_GATE
2017-03-21 09:35:00,-837.1999999999983,S3,S3_A,2017-03-21,2017,2017-03,-87.2,1200.0,1827.2,-174.39999999999964,PREVENTIVE_RISK_GATE
2017-03-23 09:03:00,12.800000000003129,S3,S3_A,2017-03-23,2017,2017-03,0.0,1200.0,1827.2,-144.79999999999927,PREVENTIVE_RISK_GATE
2017-03-24 09:21:00,-117.19999999999943,S3,S3_A,2017-03-24,2017,2017-03,0.0,1200.0,1827.2,-144.79999999999927,PREVENTIVE_RISK_GATE
2017-03-27 09:18:00,-407.2000000000057,S3,S3_A,2017-03-27,2017,2017-03,0.0,1200.0,1827.2,-172.00000000000182,PREVENTIVE_RISK_GATE
2017-03-28 09:06:00,-187.1999999999997,S3,S3_A,2017-03-28,2017,2017-03,0.0,1200.0,1827.2,-172.00000000000182,PREVENTIVE_RISK_GATE
2017-03-29 09:26:00,-1027.199999999996,S3,S3_A,2017-03-29,2017,2017-03,0.0,1200.0,1827.2,-99.20000000000255,PREVENTIVE_RISK_GATE
2017-03-31 09:18:00,-467.2000000000008,S3,S3_A,2017-03-31,2017,2017-03,0.0,1200.0,1827.2,-273.600000000004,PREVENTIVE_RISK_GATE
2017-04-03 09:06:00,302.7999999999952,S3,S3_A,2017-04-03,2017,2017-04,0.0,1200.0,1827.2,-288.00000000000364,PREVENTIVE_RISK_GATE
2017-04-04 10:02:00,-477.19999999999885,S3,S3_A,2017-04-04,2017,2017-04,0.0,1200.0,1827.2,-462.4000000000033,PREVENTIVE_RISK_GATE
2017-04-20 09:25:00,-127.20000000000456,S3,S3_A,2017-04-20,2017,2017-04,0.0,1200.0,1827.2,-890.4000000000051,PREVENTIVE_RISK_GATE
2017-04-21 09:01:00,592.8000000000013,S3,S3_A,2017-04-21,2017,2017-04,0.0,1200.0,1827.2,-744.8000000000047,PREVENTIVE_RISK_GATE
2017-04-21 10:56:00,592.8000000000013,S3,S3_A,2017-04-21,2017,2017-04,-87.2,1200.0,1827.2,-744.8000000000047,PREVENTIVE_RISK_GATE
2017-04-21 12:56:00,152.7999999999966,S3,S3_A,2017-04-21,2017,2017-04,-14.400000000000006,1200.0,1827.2,-744.8000000000047,PREVENTIVE_RISK_GATE
2017-04-24 09:01:00,352.79999999999944,S3,S3_A,2017-04-24,2017,2017-04,0.0,1200.0,1827.2,-759.2000000000044,PREVENTIVE_RISK_GATE
2017-04-25 09:07:00,-337.1999999999983,S3,S3_A,2017-04-25,2017,2017-04,0.0,1200.0,1827.2,-759.2000000000044,PREVENTIVE_RISK_GATE
2017-04-26 09:28:00,592.8000000000013,S3,S3_A,2017-04-26,2017,2017-04,-174.4,1200.0,1827.2,-613.600000000004,PREVENTIVE_RISK_GATE
2017-04-26 10:34:00,-77.20000000000029,S3,S3_A,2017-04-26,2017,2017-04,-101.60000000000001,1200.0,1827.2,-613.600000000004,PREVENTIVE_RISK_GATE
2017-04-27 09:02:00,-447.1999999999977,S3,S3_A,2017-04-27,2017,2017-04,0.0,1200.0,1827.2,-642.4000000000033,PREVENTIVE_RISK_GATE
2017-04-28 09:08:00,122.80000000000256,S3,S3_A,2017-04-28,2017,2017-04,0.0,1200.0,1827.2,-584.0000000000036,PREVENTIVE_RISK_GATE
2017-05-01 09:35:00,122.80000000000256,S3,S3_A,2017-05-01,2017,2017-05,0.0,1200.0,1827.2,-438.4000000000033,PREVENTIVE_RISK_GATE
2017-05-02 09:57:00,-907.1999999999988,S3,S3_A,2017-05-02,2017,2017-05,0.0,1200.0,1827.2,-438.4000000000033,PREVENTIVE_RISK_GATE
2017-05-15 09:17:00,362.80000000000456,S3,S3_A,2017-05-15,2017,2017-05,0.0,1200.0,1827.2,0.0,PREVENTIVE_RISK_GATE
2017-05-16 09:01:00,-477.19999999999885,S3,S3_A,2017-05-16,2017,2017-05,0.0,1200.0,1827.2,0.0,PREVENTIVE_RISK_GATE
2017-05-17 09:20:00,32.799999999999145,S3,S3_A,2017-05-17,2017,2017-05,-87.2,1200.0,1827.2,-87.20000000000073,PREVENTIVE_RISK_GATE
2017-05-18 09:08:00,-887.2000000000025,S3,S3_A,2017-05-18,2017,2017-05,0.0,1200.0,1827.2,-188.8000000000011,PREVENTIVE_RISK_GATE
2017-05-19 09:03:00,-287.2000000000011,S3,S3_A,2017-05-19,2017,2017-05,0.0,1200.0,1827.2,-363.2000000000007,PREVENTIVE_RISK_GATE
2017-05-22 09:25:00,-27.20000000000313,S3,S3_A,2017-05-22,2017,2017-05,72.8,1243.68,1827.2,-290.40000000000146,PREVENTIVE_RISK_GATE
2017-05-23 09:05:00,212.79999999999887,S3,S3_A,2017-05-23,2017,2017-05,0.0,1200.0,1827.2,-217.60000000000218,PREVENTIVE_RISK_GATE
2017-05-24 09:34:00,-177.2000000000017,S3,S3_A,2017-05-24,2017,2017-05,0.0,1200.0,1827.2,-144.8000000000029,PREVENTIVE_RISK_GATE
2017-05-25 09:30:00,592.8000000000013,S3,S3_A,2017-05-25,2017,2017-05,0.0,1200.0,1827.2,0.0,PREVENTIVE_RISK_GATE
2017-05-25 11:38:00,592.8000000000013,S3,S3_A,2017-05-25,2017,2017-05,72.8,1243.68,1827.2,0.0,PREVENTIVE_RISK_GATE
2017-05-25 12:12:00,-337.1999999999983,S3,S3_A,2017-05-25,2017,2017-05,-14.400000000000006,1200.0,1827.2,0.0,PREVENTIVE_RISK_GATE
2017-06-05 09:34:00,-397.1999999999935,S3,S3_A,2017-06-05,2017,2017-06,0.0,1200.0,1827.2,-87.20000000000073,PREVENTIVE_RISK_GATE
2017-06-06 09:12:00,-717.200000000001,S3,S3_A,2017-06-06,2017,2017-06,0.0,1200.0,1827.2,-101.60000000000036,PREVENTIVE_RISK_GATE
2017-06-12 09:14:00,-337.2000000000054,S3,S3_A,2017-06-12,2017,2017-06,0.0,1200.0,1827.2,-101.60000000000036,PREVENTIVE_RISK_GATE
2017-06-13 09:01:00,282.7999999999992,S3,S3_A,2017-06-13,2017,2017-06,0.0,1200.0,1827.2,-28.80000000000109,PREVENTIVE_RISK_GATE
2017-06-14 09:25:00,592.8000000000013,S3,S3_A,2017-06-14,2017,2017-06,0.0,1200.0,1827.2,-28.80000000000109,PREVENTIVE_RISK_GATE
2017-06-14 10:41:00,592.8000000000013,S3,S3_A,2017-06-14,2017,2017-06,0.0,1200.0,1827.2,-28.80000000000109,PREVENTIVE_RISK_GATE
2017-06-14 10:47:00,-17.200000000005115,S3,S3_A,2017-06-14,2017,2017-06,72.8,1243.68,1827.2,-28.80000000000109,PREVENTIVE_RISK_GATE
2017-06-19 09:04:00,-397.20000000000056,S3,S3_A,2017-06-19,2017,2017-06,0.0,1200.0,1827.2,-14.399999999999636,PREVENTIVE_RISK_GATE
2017-06-26 09:34:00,-247.200000000002,S3,S3_A,2017-06-26,2017,2017-06,0.0,1200.0,1827.2,0.0,PREVENTIVE_RISK_GATE
2017-06-27 09:19:00,222.800000000004,S3,S3_A,2017-06-27,2017,2017-06,0.0,1200.0,1827.2,0.0,PREVENTIVE_RISK_GATE
2017-06-28 10:05:00,592.8000000000013,S3,S3_A,2017-06-28,2017,2017-06,0.0,1200.0,1827.2,0.0,PREVENTIVE_RISK_GATE
2017-06-28 11:07:00,-137.20000000000255,S3,S3_A,2017-06-28,2017,2017-06,-101.60000000000001,1200.0,1827.2,0.0,PREVENTIVE_RISK_GATE
2017-06-29 09:12:00,272.80000000000115,S3,S3_A,2017-06-29,2017,2017-06,0.0,1200.0,1827.2,-101.60000000000036,PREVENTIVE_RISK_GATE
2017-07-03 09:48:00,-277.199999999996,S3,S3_A,2017-07-03,2017,2017-07,0.0,1200.0,1827.2,-276.0,PREVENTIVE_RISK_GATE
2017-07-05 09:46:00,592.8000000000013,S3,S3_A,2017-07-05,2017,2017-07,0.0,1200.0,1827.2,-276.0,PREVENTIVE_RISK_GATE
2017-07-05 10:14:00,232.7999999999949,S3,S3_A,2017-07-05,2017,2017-07,0.0,1200.0,1827.2,-276.0,PREVENTIVE_RISK_GATE
2017-07-06 09:01:00,592.8000000000013,S3,S3_A,2017-07-06,2017,2017-07,0.0,1200.0,1827.2,-290.39999999999964,PREVENTIVE_RISK_GATE
2017-07-06 11:12:00,592.8000000000013,S3,S3_A,2017-07-06,2017,2017-07,72.8,1243.68,1827.2,-290.39999999999964,PREVENTIVE_RISK_GATE
2017-07-06 13:31:00,262.79999999999603,S3,S3_A,2017-07-06,2017,2017-07,72.8,1243.68,1827.2,-290.39999999999964,PREVENTIVE_RISK_GATE
2017-07-07 09:46:00,592.8000000000013,S3,S3_A,2017-07-07,2017,2017-07,0.0,1200.0,1827.2,-144.79999999999927,PREVENTIVE_RISK_GATE
2017-07-07 10:41:00,282.80000000000626,S3,S3_A,2017-07-07,2017,2017-07,0.0,1200.0,1827.2,-144.79999999999927,PREVENTIVE_RISK_GATE
2017-07-10 09:13:00,592.8000000000013,S3,S3_A,2017-07-10,2017,2017-07,0.0,1200.0,1827.2,-144.79999999999927,PREVENTIVE_RISK_GATE
2017-07-10 10:54:00,-57.19999999999716,S3,S3_A,2017-07-10,2017,2017-07,-87.2,1200.0,1827.2,-144.79999999999927,PREVENTIVE_RISK_GATE
2017-07-11 09:01:00,592.8000000000013,S3,S3_A,2017-07-11,2017,2017-07,0.0,1200.0,1827.2,-232.0,PREVENTIVE_RISK_GATE
2017-07-11 11:18:00,242.8,S3,S3_A,2017-07-11,2017,2017-07,-14.400000000000006,1200.0,1827.2,-232.0,PREVENTIVE_RISK_GATE
2017-07-14 09:48:00,2.7999999999980103,S3,S3_A,2017-07-14,2017,2017-07,0.0,1200.0,1827.2,-443.59862670898474,PREVENTIVE_RISK_GATE
2017-07-17 09:16:00,-307.19999999999715,S3,S3_A,2017-07-17,2017,2017-07,0.0,1200.0,1827.2,-443.59862670898474,PREVENTIVE_RISK_GATE
2017-07-19 09:02:00,592.8000000000013,S3,S3_A,2017-07-19,2017,2017-07,0.0,1200.0,1827.2,-705.1986267089851,PREVENTIVE_RISK_GATE
2017-07-19 10:31:00,152.8000000000037,S3,S3_A,2017-07-19,2017,2017-07,0.0,1200.0,1827.2,-705.1986267089851,PREVENTIVE_RISK_GATE
2017-07-21 09:58:00,592.8000000000013,S3,S3_A,2017-07-21,2017,2017-07,72.8,1243.68,1827.2,-646.7986267089855,PREVENTIVE_RISK_GATE
2017-07-21 12:32:00,-47.19999999999915,S3,S3_A,2017-07-21,2017,2017-07,-101.60000000000001,1200.0,1827.2,-646.7986267089855,PREVENTIVE_RISK_GATE
2017-07-24 09:02:00,-307.19999999999715,S3,S3_A,2017-07-24,2017,2017-07,0.0,1200.0,1827.2,-748.3986267089858,PREVENTIVE_RISK_GATE
2017-07-25 09:09:00,592.8000000000013,S3,S3_A,2017-07-25,2017,2017-07,0.0,1200.0,1827.2,-748.3986267089858,PREVENTIVE_RISK_GATE
2017-07-25 12:38:00,62.80000000000028,S3,S3_A,2017-07-25,2017,2017-07,0.0,1200.0,1827.2,-748.3986267089858,PREVENTIVE_RISK_GATE
2017-08-07 09:39:00,-337.2000000000054,S3,S3_A,2017-08-07,2017,2017-08,0.0,1200.0,1827.2,-921.998626708988,PREVENTIVE_RISK_GATE
2017-08-08 09:02:00,-327.2000000000003,S3,S3_A,2017-08-08,2017,2017-08,0.0,1200.0,1827.2,-921.998626708988,PREVENTIVE_RISK_GATE
2017-08-09 09:11:00,122.80000000000256,S3,S3_A,2017-08-09,2017,2017-08,0.0,1200.0,1827.2,-776.3986267089876,PREVENTIVE_RISK_GATE
2017-08-11 09:41:00,-437.1999999999997,S3,S3_A,2017-08-11,2017,2017-08,0.0,1000.0,1827.2,-1037.998626708988,PREVENTIVE_RISK_GATE
2017-08-14 09:16:00,-787.2000000000012,S3,S3_A,2017-08-14,2017,2017-08,0.0,1200.0,1827.2,-965.1986267089887,PREVENTIVE_RISK_GATE
2017-08-15 10:21:00,212.79999999999887,S3,S3_A,2017-08-15,2017,2017-08,0.0,1200.0,1827.2,-892.3986267089895,PREVENTIVE_RISK_GATE
2017-08-16 09:02:00,-757.2,S3,S3_A,2017-08-16,2017,2017-08,0.0,1200.0,1827.2,-979.5986267089902,PREVENTIVE_RISK_GATE
2017-08-17 09:30:00,472.800000000004,S3,S3_A,2017-08-17,2017,2017-08,0.0,1200.0,1827.2,-906.7986267089909,PREVENTIVE_RISK_GATE
2017-08-18 09:24:00,-1287.2000000000012,S3,S3_A,2017-08-18,2017,2017-08,0.0,1200.0,1827.2,-761.1986267089906,PREVENTIVE_RISK_GATE
2017-08-22 09:53:00,-317.20000000000226,S3,S3_A,2017-08-22,2017,2017-08,0.0,1200.0,1827.2,-717.1986267089906,PREVENTIVE_RISK_GATE
2017-08-23 10:05:00,592.8000000000013,S3,S3_A,2017-08-23,2017,2017-08,0.0,1200.0,1827.2,-731.5986267089902,PREVENTIVE_RISK_GATE
2017-08-23 11:57:00,-147.20000000000056,S3,S3_A,2017-08-23,2017,2017-08,72.8,1243.68,1827.2,-731.5986267089902,PREVENTIVE_RISK_GATE
2017-08-25 09:06:00,-107.19999999999432,S3,S3_A,2017-08-25,2017,2017-08,0.0,1200.0,1827.2,-745.9986267089917,PREVENTIVE_RISK_GATE
2017-08-28 09:34:00,592.8000000000013,S3,S3_A,2017-08-28,2017,2017-08,0.0,1200.0,1827.2,-673.1986267089924,PREVENTIVE_RISK_GATE
2017-08-28 10:50:00,-437.1999999999997,S3,S3_A,2017-08-28,2017,2017-08,0.0,1200.0,1827.2,-673.1986267089924,PREVENTIVE_RISK_GATE
2017-08-29 09:02:00,592.8000000000013,S3,S3_A,2017-08-29,2017,2017-08,0.0,1200.0,1827.2,-760.3986267089931,PREVENTIVE_RISK_GATE
2017-08-29 11:02:00,-417.1999999999966,S3,S3_A,2017-08-29,2017,2017-08,72.8,1243.68,1827.2,-760.3986267089931,PREVENTIVE_RISK_GATE
2017-08-30 09:42:00,592.8000000000013,S3,S3_A,2017-08-30,2017,2017-08,0.0,1200.0,1827.2,-614.7986267089927,PREVENTIVE_RISK_GATE
2017-08-30 13:30:00,392.7999999999986,S3,S3_A,2017-08-30,2017,2017-08,-101.60000000000001,1200.0,1827.2,-614.7986267089927,PREVENTIVE_RISK_GATE
2017-08-31 09:49:00,592.8000000000013,S3,S3_A,2017-08-31,2017,2017-08,0.0,1200.0,1827.2,-716.3986267089931,PREVENTIVE_RISK_GATE
2017-08-31 10:27:00,-77.20000000000029,S3,S3_A,2017-08-31,2017,2017-08,-14.400000000000006,1200.0,1827.2,-716.3986267089931,PREVENTIVE_RISK_GATE
2017-09-01 09:36:00,-397.20000000000056,S3,S3_A,2017-09-01,2017,2017-09,0.0,1200.0,1827.2,-730.7986267089927,PREVENTIVE_RISK_GATE
2017-09-04 09:25:00,-227.19999999999885,S3,S3_A,2017-09-04,2017,2017-09,0.0,1200.0,1827.2,-585.1986267089924,PREVENTIVE_RISK_GATE
2017-09-05 09:14:00,132.80000000000058,S3,S3_A,2017-09-05,2017,2017-09,0.0,1200.0,1827.2,-585.1986267089924,PREVENTIVE_RISK_GATE
2017-09-06 09:24:00,-57.19999999999716,S3,S3_A,2017-09-06,2017,2017-09,0.0,1200.0,1827.2,-585.1986267089924,PREVENTIVE_RISK_GATE
2017-09-07 10:11:00,122.80000000000256,S3,S3_A,2017-09-07,2017,2017-09,72.8,1243.68,1827.2,-599.598626708992,PREVENTIVE_RISK_GATE
2017-09-11 09:20:00,-747.1999999999949,S3,S3_A,2017-09-11,2017,2017-09,0.0,1200.0,1827.2,-381.1986267089924,PREVENTIVE_RISK_GATE
2017-09-12 09:57:00,-17.19999999999801,S3,S3_A,2017-09-12,2017,2017-09,0.0,1200.0,1827.2,-308.3986267089931,PREVENTIVE_RISK_GATE
2017-09-13 09:55:00,592.8000000000013,S3,S3_A,2017-09-13,2017,2017-09,0.0,1200.0,1827.2,-308.3986267089931,PREVENTIVE_RISK_GATE
2017-09-18 09:10:00,232.800000000002,S3,S3_A,2017-09-18,2017,2017-09,0.0,1200.0,1827.2,-395.59862670899383,PREVENTIVE_RISK_GATE
2017-09-20 09:08:00,592.8000000000013,S3,S3_A,2017-09-20,2017,2017-09,0.0,1200.0,1827.2,-657.1986267089942,PREVENTIVE_RISK_GATE
2017-09-21 09:11:00,142.7999999999986,S3,S3_A,2017-09-21,2017,2017-09,0.0,1200.0,1827.2,-831.5986267089938,PREVENTIVE_RISK_GATE
2017-10-02 09:16:00,-167.19999999999658,S3,S3_A,2017-10-02,2017,2017-10,0.0,1200.0,1827.2,-743.5986267089957,PREVENTIVE_RISK_GATE
2017-10-03 09:27:00,-137.20000000000255,S3,S3_A,2017-10-03,2017,2017-10,0.0,1200.0,1827.2,-670.7986267089964,PREVENTIVE_RISK_GATE
2017-10-04 09:38:00,-347.2000000000034,S3,S3_A,2017-10-04,2017,2017-10,0.0,1200.0,1827.2,-757.9986267089971,PREVENTIVE_RISK_GATE
2017-10-05 09:04:00,-597.1999999999964,S3,S3_A,2017-10-05,2017,2017-10,0.0,1200.0,1827.2,-786.7986267089964,PREVENTIVE_RISK_GATE
2017-10-06 09:12:00,182.7999999999977,S3,S3_A,2017-10-06,2017,2017-10,0.0,1200.0,1827.2,-961.198626708996,PREVENTIVE_RISK_GATE
2017-10-09 09:42:00,32.799999999999145,S3,S3_A,2017-10-09,2017,2017-10,-87.2,1200.0,1827.2,-888.3986267089967,PREVENTIVE_RISK_GATE
2017-10-10 09:02:00,592.8000000000013,S3,S3_A,2017-10-10,2017,2017-10,0.0,1200.0,1827.2,-975.5986267089975,PREVENTIVE_RISK_GATE
2017-10-10 11:02:00,62.799999999993176,S3,S3_A,2017-10-10,2017,2017-10,0.0,1200.0,1827.2,-975.5986267089975,PREVENTIVE_RISK_GATE
2017-10-11 09:21:00,162.7999999999946,S3,S3_A,2017-10-11,2017,2017-10,0.0,1200.0,1827.2,-975.5986267089975,PREVENTIVE_RISK_GATE
2017-10-12 09:41:00,212.79999999999887,S3,S3_A,2017-10-12,2017,2017-10,0.0,1200.0,1827.2,-989.9986267089971,PREVENTIVE_RISK_GATE
2017-10-23 09:20:00,-297.19999999999914,S3,S3_A,2017-10-23,2017,2017-10,72.8,1243.68,1827.2,-901.9986267089971,PREVENTIVE_RISK_GATE
2017-11-13 09:17:00,-157.19999999999857,S3,S3_A,2017-11-13,2017,2017-11,0.0,1200.0,1827.2,-802.7986267089946,PREVENTIVE_RISK_GATE
2017-11-15 09:01:00,2.7999999999980103,S3,S3_A,2017-11-15,2017,2017-11,0.0,1000.0,1827.2,-1078.7986267089946,PREVENTIVE_RISK_GATE
2017-11-16 09:14:00,82.80000000000341,S3,S3_A,2017-11-16,2017,2017-11,0.0,1000.0,1827.2,-1093.1986267089942,PREVENTIVE_RISK_GATE
2017-11-20 09:43:00,-157.19999999999857,S3,S3_A,2017-11-20,2017,2017-11,0.0,1000.0,1827.2,-1034.7986267089946,PREVENTIVE_RISK_GATE
2017-11-30 09:03:00,592.8000000000013,S3,S3_A,2017-11-30,2017,2017-11,0.0,1000.0,1827.2,-1169.9986267089935,PREVENTIVE_RISK_GATE
2017-11-30 10:42:00,-137.20000000000255,S3,S3_A,2017-11-30,2017,2017-11,58.39999999999999,1035.04,1827.2,-1169.9986267089935,PREVENTIVE_RISK_GATE
2017-12-01 09:02:00,-127.20000000000456,S3,S3_A,2017-12-01,2017,2017-12,0.0,1000.0,1827.2,-1111.5986267089938,PREVENTIVE_RISK_GATE
2017-12-04 09:39:00,-367.1999999999994,S3,S3_A,2017-12-04,2017,2017-12,0.0,1000.0,1827.2,-1111.5986267089938,PREVENTIVE_RISK_GATE
2017-12-05 09:09:00,302.8000000000023,S3,S3_A,2017-12-05,2017,2017-12,0.0,1000.0,1827.2,-1111.5986267089938,PREVENTIVE_RISK_GATE
2017-12-06 09:10:00,-567.2000000000023,S3,S3_A,2017-12-06,2017,2017-12,0.0,1000.0,1827.2,-1111.5986267089938,PREVENTIVE_RISK_GATE
2017-12-07 09:19:00,-467.2000000000008,S3,S3_A,2017-12-07,2017,2017-12,0.0,1000.0,1827.2,-1125.9986267089935,PREVENTIVE_RISK_GATE
2017-12-08 09:18:00,592.8000000000013,S3,S3_A,2017-12-08,2017,2017-12,0.0,1000.0,1827.2,-1213.1986267089942,PREVENTIVE_RISK_GATE
2017-12-08 10:15:00,-347.2000000000034,S3,S3_A,2017-12-08,2017,2017-12,0.0,1000.0,1827.2,-1213.1986267089942,PREVENTIVE_RISK_GATE
2017-12-11 09:03:00,402.7999999999966,S3,S3_A,2017-12-11,2017,2017-12,0.0,1000.0,1827.2,-1213.1986267089942,PREVENTIVE_RISK_GATE
2017-12-13 09:31:00,592.8000000000013,S3,S3_A,2017-12-13,2017,2017-12,0.0,1000.0,1827.2,-1227.5986267089938,PREVENTIVE_RISK_GATE
2017-12-13 11:37:00,-127.19999999999744,S3,S3_A,2017-12-13,2017,2017-12,0.0,1000.0,1827.2,-1227.5986267089938,PREVENTIVE_RISK_GATE
2017-12-14 09:02:00,-757.2,S3,S3_A,2017-12-14,2017,2017-12,0.0,1000.0,1827.2,-1227.5986267089938,PREVENTIVE_RISK_GATE
2017-12-15 09:08:00,-177.2000000000017,S3,S3_A,2017-12-15,2017,2017-12,0.0,1000.0,1827.2,-1227.5986267089938,PREVENTIVE_RISK_GATE
2017-12-18 09:03:00,-687.1999999999998,S3,S3_A,2017-12-18,2017,2017-12,0.0,1000.0,1827.2,-1227.5986267089938,PREVENTIVE_RISK_GATE
2017-12-19 09:01:00,-97.19999999999632,S3,S3_A,2017-12-19,2017,2017-12,0.0,1000.0,1827.2,-1227.5986267089938,PREVENTIVE_RISK_GATE
2018-01-15 09:06:00,-517.199999999991,S3,S3_A,2018-01-15,2018,2018-01,0.0,1200.0,1827.2,-658.7986267089982,PREVENTIVE_RISK_GATE
2018-01-16 09:06:00,82.80000000000341,S3,S3_A,2018-01-16,2018,2018-01,0.0,1200.0,1827.2,-833.1986267089978,PREVENTIVE_RISK_GATE
2018-01-17 09:09:00,-387.1999999999954,S3,S3_A,2018-01-17,2018,2018-01,0.0,1200.0,1827.2,-687.5986267089975,PREVENTIVE_RISK_GATE
2018-01-18 09:10:00,-147.20000000000056,S3,S3_A,2018-01-18,2018,2018-01,0.0,1200.0,1827.2,-541.9986267089971,PREVENTIVE_RISK_GATE
2018-01-19 09:01:00,272.80000000000115,S3,S3_A,2018-01-19,2018,2018-01,0.0,1200.0,1827.2,-716.3986267089967,PREVENTIVE_RISK_GATE
2018-01-29 09:27:00,-27.19999999999602,S3,S3_A,2018-01-29,2018,2018-01,-87.2,1200.0,1827.2,-424.39862670899674,PREVENTIVE_RISK_GATE
2018-01-30 09:17:00,592.7999999999943,S3,S3_A,2018-01-30,2018,2018-01,0.0,1200.0,1827.2,-598.7986267089964,PREVENTIVE_RISK_GATE
2018-01-30 10:33:00,72.79999999999829,S3,S3_A,2018-01-30,2018,2018-01,72.8,1243.68,1827.2,-598.7986267089964,PREVENTIVE_RISK_GATE
2018-02-01 09:15:00,-227.19999999999885,S3,S3_A,2018-02-01,2018,2018-02,0.0,1200.0,1827.2,-467.5986267089975,PREVENTIVE_RISK_GATE
2018-02-02 09:14:00,592.7999999999943,S3,S3_A,2018-02-02,2018,2018-02,0.0,1200.0,1827.2,-467.5986267089975,PREVENTIVE_RISK_GATE
2018-02-02 10:24:00,592.7999999999943,S3,S3_A,2018-02-02,2018,2018-02,0.0,1200.0,1827.2,-467.5986267089975,PREVENTIVE_RISK_GATE
2018-02-02 13:27:00,132.80000000000058,S3,S3_A,2018-02-02,2018,2018-02,0.0,1200.0,1827.2,-467.5986267089975,PREVENTIVE_RISK_GATE
2018-02-22 09:32:00,592.8000000000013,S3,S3_A,2018-02-22,2018,2018-02,0.0,1000.0,1827.2,-1049.199084472657,PREVENTIVE_RISK_GATE
2018-02-22 11:16:00,42.79999999999716,S3,S3_A,2018-02-22,2018,2018-02,72.8,1043.68,1827.2,-1049.199084472657,PREVENTIVE_RISK_GATE
2018-02-23 09:04:00,592.8000000000013,S3,S3_A,2018-02-23,2018,2018-02,0.0,1200.0,1827.2,-976.3990844726577,PREVENTIVE_RISK_GATE
2018-02-23 10:34:00,152.7999999999966,S3,S3_A,2018-02-23,2018,2018-02,72.8,1243.68,1827.2,-976.3990844726577,PREVENTIVE_RISK_GATE
2018-02-26 09:01:00,592.8000000000013,S3,S3_A,2018-02-26,2018,2018-02,0.0,1200.0,1827.2,-990.7990844726573,PREVENTIVE_RISK_GATE
2018-02-26 11:26:00,-127.19999999999744,S3,S3_A,2018-02-26,2018,2018-02,-188.8,1200.0,1827.2,-990.7990844726573,PREVENTIVE_RISK_GATE
2018-02-27 09:16:00,-787.2000000000012,S3,S3_A,2018-02-27,2018,2018-02,0.0,1000.0,1827.2,-1266.7990844726573,PREVENTIVE_RISK_GATE
2018-02-28 10:31:00,592.8000000000013,S3,S3_A,2018-02-28,2018,2018-02,-87.2,1000.0,1827.2,-1208.3990844726577,PREVENTIVE_RISK_GATE
2018-02-28 12:00:00,592.8000000000013,S3,S3_A,2018-02-28,2018,2018-02,-101.60000000000001,1000.0,1827.2,-1208.3990844726577,PREVENTIVE_RISK_GATE
2018-02-28 13:06:00,112.80000000000454,S3,S3_A,2018-02-28,2018,2018-02,-101.60000000000001,1000.0,1827.2,-1208.3990844726577,PREVENTIVE_RISK_GATE
2018-03-02 11:41:00,242.8,S3,S3_B,2018-03-02,2018,2018-03,-495.99999999999716,1000.0,807.2,-1309.999084472658,PREVENTIVE_RISK_GATE
2018-03-02 13:50:00,-87.2018310546875,S3,S3_B,2018-03-02,2018,2018-03,-423.19999999999715,1000.0,807.2,-1309.999084472658,PREVENTIVE_RISK_GATE
2018-03-16 09:10:00,-977.1999999999988,S3,S3_A,2018-03-16,2018,2018-03,0.0,1200.0,1827.2,-591.2047302246101,PREVENTIVE_RISK_GATE
2018-03-19 09:06:00,592.8000000000013,S3,S3_A,2018-03-19,2018,2018-03,0.0,1200.0,1827.2,-591.2047302246101,PREVENTIVE_RISK_GATE
2018-03-19 11:34:00,282.80000000000626,S3,S3_A,2018-03-19,2018,2018-03,72.8,1243.68,1827.2,-591.2047302246101,PREVENTIVE_RISK_GATE
2018-03-20 10:07:00,592.8000000000013,S3,S3_A,2018-03-20,2018,2018-03,0.0,1200.0,1827.2,-445.60473022460974,PREVENTIVE_RISK_GATE
2018-03-20 12:19:00,262.79999999999603,S3,S3_A,2018-03-20,2018,2018-03,72.8,1243.68,1827.2,-445.60473022460974,PREVENTIVE_RISK_GATE
2018-03-21 09:05:00,-1267.200000000005,S3,S3_A,2018-03-21,2018,2018-03,0.0,1200.0,1827.2,-372.80473022461047,PREVENTIVE_RISK_GATE
2018-04-05 10:48:00,-117.2006103515625,S3,S3_B,2018-04-05,2018,2018-04,-665.9999999999973,1200.0,807.2,0.0,PREVENTIVE_RISK_GATE
2018-04-06 09:01:00,592.8000000000013,S3,S3_A,2018-04-06,2018,2018-04,0.0,1200.0,1827.2,-665.9999999999982,PREVENTIVE_RISK_GATE
2018-04-06 11:03:00,592.8000000000013,S3,S3_A,2018-04-06,2018,2018-04,291.2,1374.72,1827.2,-665.9999999999982,PREVENTIVE_RISK_GATE
2018-04-16 11:46:00,-117.2006103515625,S3,S3_B,2018-04-16,2018,2018-04,-734.3999999999972,1200.0,807.2,-174.39999999999964,PREVENTIVE_RISK_GATE
2018-04-23 12:05:00,242.8,S3,S3_B,2018-04-23,2018,2018-04,-821.5999999999973,1200.0,807.2,-733.5999999999967,PREVENTIVE_RISK_GATE
2018-04-27 09:36:00,-507.2,S3,S3_A,2018-04-27,2018,2018-04,0.0,1000.0,1827.2,-1569.9999999999964,PREVENTIVE_RISK_GATE
2018-04-30 09:33:00,592.7999999999943,S3,S3_A,2018-04-30,2018,2018-04,0.0,1000.0,1827.2,-1584.399999999996,PREVENTIVE_RISK_GATE
2018-04-30 10:33:00,592.7999999999943,S3,S3_A,2018-04-30,2018,2018-04,-14.400000000000006,1000.0,1827.2,-1584.399999999996,PREVENTIVE_RISK_GATE
2018-04-30 13:16:00,-27.19999999999602,S3,S3_A,2018-04-30,2018,2018-04,58.39999999999999,1035.04,1827.2,-1584.399999999996,PREVENTIVE_RISK_GATE
2018-05-01 09:25:00,592.7999999999943,S3,S3_A,2018-05-01,2018,2018-05,0.0,1000.0,1827.2,-1380.399999999996,PREVENTIVE_RISK_GATE
2018-05-01 11:08:00,-327.2000000000074,S3,S3_A,2018-05-01,2018,2018-05,0.0,1000.0,1827.2,-1380.399999999996,PREVENTIVE_RISK_GATE
2018-05-02 09:02:00,132.80000000000058,S3,S3_A,2018-05-02,2018,2018-05,0.0,1000.0,1827.2,-1380.399999999996,PREVENTIVE_RISK_GATE
2018-05-03 09:11:00,-987.200000000004,S3,S3_A,2018-05-03,2018,2018-05,0.0,1000.0,1827.2,-1321.9999999999964,PREVENTIVE_RISK_GATE
2018-05-16 09:26:00,192.80000000000285,S3,S3_A,2018-05-16,2018,2018-05,0.0,1000.0,1827.2,-1160.3999999999942,PREVENTIVE_RISK_GATE
2018-05-21 09:21:00,592.7999999999943,S3,S3_A,2018-05-21,2018,2018-05,0.0,1200.0,1827.2,-956.3999999999942,PREVENTIVE_RISK_GATE
2018-05-24 09:06:00,-127.20000000000456,S3,S3_A,2018-05-24,2018,2018-05,0.0,1200.0,1827.2,-752.3999999999942,PREVENTIVE_RISK_GATE
2018-05-25 09:03:00,592.7999999999943,S3,S3_A,2018-05-25,2018,2018-05,0.0,1200.0,1827.2,-839.5999999999949,PREVENTIVE_RISK_GATE
2018-05-25 11:22:00,592.7999999999943,S3,S3_A,2018-05-25,2018,2018-05,145.6,1287.36,1827.2,-839.5999999999949,PREVENTIVE_RISK_GATE
2018-05-25 12:47:00,152.7999999999966,S3,S3_A,2018-05-25,2018,2018-05,145.6,1287.36,1827.2,-839.5999999999949,PREVENTIVE_RISK_GATE
2018-06-11 09:49:00,592.7999999999943,S3,S3_A,2018-06-11,2018,2018-06,0.0,1200.0,1827.2,-174.39999999999964,PREVENTIVE_RISK_GATE
2018-06-11 10:12:00,592.7999999999943,S3,S3_A,2018-06-11,2018,2018-06,0.0,1200.0,1827.2,-174.39999999999964,PREVENTIVE_RISK_GATE
2018-06-11 12:16:00,-37.20000000000114,S3,S3_A,2018-06-11,2018,2018-06,-87.2,1200.0,1827.2,-174.39999999999964,PREVENTIVE_RISK_GATE
2018-06-12 09:21:00,592.7999999999943,S3,S3_A,2018-06-12,2018,2018-06,-87.2,1200.0,1827.2,-261.60000000000036,PREVENTIVE_RISK_GATE
2018-06-12 10:55:00,182.7999999999977,S3,S3_A,2018-06-12,2018,2018-06,-14.400000000000006,1200.0,1827.2,-261.60000000000036,PREVENTIVE_RISK_GATE
2018-06-13 09:17:00,-757.2,S3,S3_A,2018-06-13,2018,2018-06,0.0,1200.0,1827.2,-203.20000000000073,PREVENTIVE_RISK_GATE
2018-06-14 09:03:00,-397.20000000000056,S3,S3_A,2018-06-14,2018,2018-06,0.0,1200.0,1827.2,-304.8000000000011,PREVENTIVE_RISK_GATE
2018-06-15 09:11:00,592.7999999999943,S3,S3_A,2018-06-15,2018,2018-06,0.0,1200.0,1827.2,-159.20000000000073,PREVENTIVE_RISK_GATE
2018-06-15 09:38:00,592.7999999999943,S3,S3_A,2018-06-15,2018,2018-06,0.0,1200.0,1827.2,-159.20000000000073,PREVENTIVE_RISK_GATE
2018-06-15 10:49:00,592.7999999999943,S3,S3_A,2018-06-15,2018,2018-06,145.6,1287.36,1827.2,-159.20000000000073,PREVENTIVE_RISK_GATE
2018-06-15 11:41:00,-257.2,S3,S3_A,2018-06-15,2018,2018-06,218.39999999999998,1331.04,1827.2,-159.20000000000073,PREVENTIVE_RISK_GATE
2018-07-11 10:53:00,242.8,S3,S3_B,2018-07-11,2018,2018-07,-1068.7999999999972,1200.0,807.2,-401.60000000000036,PREVENTIVE_RISK_GATE
2018-07-11 11:14:00,242.8,S3,S3_B,2018-07-11,2018,2018-07,-1068.7999999999972,1200.0,807.2,-401.60000000000036,PREVENTIVE_RISK_GATE
2018-07-11 11:45:00,242.8,S3,S3_B,2018-07-11,2018,2018-07,-995.9999999999973,1200.0,807.2,-401.60000000000036,PREVENTIVE_RISK_GATE
2018-07-11 13:03:00,242.8,S3,S3_B,2018-07-11,2018,2018-07,-1083.1999999999973,1200.0,807.2,-401.60000000000036,PREVENTIVE_RISK_GATE
2018-07-11 13:29:00,242.8,S3,S3_B,2018-07-11,2018,2018-07,-1170.3999999999974,1200.0,807.2,-401.60000000000036,PREVENTIVE_RISK_GATE
2018-07-11 13:38:00,242.8,S3,S3_B,2018-07-11,2018,2018-07,-1170.3999999999974,1200.0,807.2,-401.60000000000036,PREVENTIVE_RISK_GATE
2018-07-12 09:40:00,442.80000000000285,S3,S3_C,2018-07-12,2018,2018-07,0.0,1000.0,1007.2,-1571.9999999999982,PREVENTIVE_RISK_GATE
2018-08-06 11:06:00,-637.1972534179688,S3,S3_B,2018-08-06,2018,2018-08,-564.3999999999971,1200.0,807.2,-61.600610351561045,PREVENTIVE_RISK_GATE
2018-08-08 09:51:00,592.7999999999943,S3,S3_A,2018-08-08,2018,2018-08,0.0,1200.0,1827.2,-437.6033569335905,PREVENTIVE_RISK_GATE
2018-08-08 11:26:00,592.7999999999943,S3,S3_A,2018-08-08,2018,2018-08,145.6,1287.36,1827.2,-437.6033569335905,PREVENTIVE_RISK_GATE
2018-08-08 11:50:00,-37.20000000000114,S3,S3_A,2018-08-08,2018,2018-08,291.2,1374.72,1827.2,-437.6033569335905,PREVENTIVE_RISK_GATE
2018-08-14 12:19:00,-87.2,S2,S2_LV-1,2018-08-14,2018,2018-08,505.1996948242186,1400.0,87.2,-436.8033569335894,MAX_9_TRADES
2018-08-21 09:23:00,-467.19999999999374,S3,S3_A,2018-08-21,2018,2018-08,0.0,1200.0,1827.2,0.0,PREVENTIVE_RISK_GATE
2018-08-22 09:07:00,592.7999999999943,S3,S3_A,2018-08-22,2018,2018-08,0.0,1200.0,1827.2,0.0,PREVENTIVE_RISK_GATE
2018-08-22 12:31:00,-187.2000000000068,S3,S3_A,2018-08-22,2018,2018-08,58.39999999999999,1235.04,1827.2,0.0,PREVENTIVE_RISK_GATE
2018-08-23 09:41:00,332.8000000000034,S3,S3_A,2018-08-23,2018,2018-08,72.8,1243.68,1827.2,0.0,PREVENTIVE_RISK_GATE
2018-08-24 09:27:00,-347.2000000000034,S3,S3_A,2018-08-24,2018,2018-08,0.0,1200.0,1827.2,0.0,PREVENTIVE_RISK_GATE
2018-08-27 09:32:00,-57.19999999999716,S3,S3_A,2018-08-27,2018,2018-08,0.0,1200.0,1827.2,0.0,PREVENTIVE_RISK_GATE
2018-08-28 09:03:00,592.7999999999943,S3,S3_A,2018-08-28,2018,2018-08,0.0,1200.0,1827.2,0.0,PREVENTIVE_RISK_GATE
2018-08-28 13:32:00,-117.19999999999943,S3,S3_A,2018-08-28,2018,2018-08,0.0,1200.0,1827.2,0.0,PREVENTIVE_RISK_GATE
2018-08-29 09:42:00,482.7999999999949,S3,S3_A,2018-08-29,2018,2018-08,0.0,1200.0,1827.2,0.0,PREVENTIVE_RISK_GATE
2018-08-30 09:02:00,432.79999999999774,S3,S3_A,2018-08-30,2018,2018-08,0.0,1200.0,1827.2,0.0,PREVENTIVE_RISK_GATE
2018-08-31 09:04:00,-57.19999999999716,S3,S3_A,2018-08-31,2018,2018-08,0.0,1200.0,1827.2,-87.20000000000073,PREVENTIVE_RISK_GATE
2018-09-05 09:18:00,-387.1999999999954,S3,S3_A,2018-09-05,2018,2018-09,0.0,1200.0,1827.2,-14.399999999999636,PREVENTIVE_RISK_GATE
2018-09-06 09:11:00,592.7999999999943,S3,S3_A,2018-09-06,2018,2018-09,0.0,1200.0,1827.2,-14.399999999999636,PREVENTIVE_RISK_GATE
2018-09-06 11:11:00,592.7999999999943,S3,S3_A,2018-09-06,2018,2018-09,0.0,1200.0,1827.2,-14.399999999999636,PREVENTIVE_RISK_GATE
2018-09-06 11:44:00,-417.1999999999966,S3,S3_A,2018-09-06,2018,2018-09,0.0,1200.0,1827.2,-14.399999999999636,PREVENTIVE_RISK_GATE
2018-09-07 09:01:00,592.7999999999943,S3,S3_A,2018-09-07,2018,2018-09,0.0,1200.0,1827.2,-14.399999999999636,PREVENTIVE_RISK_GATE
2018-09-07 09:39:00,-687.1999999999927,S3,S3_A,2018-09-07,2018,2018-09,72.8,1243.68,1827.2,-14.399999999999636,PREVENTIVE_RISK_GATE
2018-09-10 09:23:00,-567.2000000000023,S3,S3_A,2018-09-10,2018,2018-09,0.0,1200.0,1827.2,0.0,PREVENTIVE_RISK_GATE
2018-10-09 11:47:00,242.8,S3,S3_B,2018-10-09,2018,2018-10,-721.5999999999972,1200.0,807.2,-157.20000000000073,PREVENTIVE_RISK_GATE
2018-10-16 12:08:00,-117.2006103515625,S3,S3_B,2018-10-16,2018,2018-10,-821.5999999999973,1200.0,807.2,-173.60000000000218,PREVENTIVE_RISK_GATE
2018-10-23 11:59:00,242.8,S3,S3_B,2018-10-23,2018,2018-10,1335.1999999999998,1400.0,807.2,-761.5999999999985,MAX_9_TRADES
2018-10-23 12:04:00,242.8,S3,S3_B,2018-10-23,2018,2018-10,1335.1999999999998,1400.0,807.2,-761.5999999999985,MAX_9_TRADES
2018-10-23 12:18:00,-807.1999999999972,S3,S3_B,2018-10-23,2018,2018-10,1335.1999999999998,1400.0,807.2,-761.5999999999985,MAX_9_TRADES
2018-10-23 12:19:00,-87.2,S2,S2_LV-1,2018-10-23,2018,2018-10,1335.1999999999998,1400.0,87.2,-761.5999999999985,MAX_9_TRADES
2018-12-03 11:56:00,442.80000000000285,S3,S3_C,2018-12-03,2018,2018-12,-314.4,1200.0,1007.2,0.0,PREVENTIVE_RISK_GATE
2019-01-07 11:00:00,442.80000000000285,S3,S3_C,2019-01-07,2019,2019-01,-721.6000000000001,1200.0,1007.2,-394.0000000000073,PREVENTIVE_RISK_GATE
2019-01-22 09:04:00,592.8000000000013,S3,S3_A,2019-01-22,2019,2019-01,0.0,1200.0,1827.2,0.0,PREVENTIVE_RISK_GATE
2019-01-22 10:10:00,-547.2000000000063,S3,S3_A,2019-01-22,2019,2019-01,0.0,1200.0,1827.2,0.0,PREVENTIVE_RISK_GATE
2019-01-28 09:11:00,592.8000000000013,S3,S3_A,2019-01-28,2019,2019-01,0.0,1200.0,1827.2,0.0,PREVENTIVE_RISK_GATE
2019-01-28 11:30:00,-287.2000000000011,S3,S3_A,2019-01-28,2019,2019-01,0.0,1200.0,1827.2,0.0,PREVENTIVE_RISK_GATE
2019-02-25 09:08:00,-627.1999999999975,S3,S3_A,2019-02-25,2019,2019-02,72.8,1243.68,1827.2,-176.4018310546926,PREVENTIVE_RISK_GATE
2019-02-26 09:27:00,-67.20000000000228,S3,S3_A,2019-02-26,2019,2019-02,0.0,1200.0,1827.2,-30.80183105469405,PREVENTIVE_RISK_GATE
2019-02-27 09:59:00,592.8000000000013,S3,S3_A,2019-02-27,2019,2019-02,0.0,1200.0,1827.2,-118.00183105469478,PREVENTIVE_RISK_GATE
2019-02-27 10:51:00,-177.1999999999946,S3,S3_A,2019-02-27,2019,2019-02,145.6,1287.36,1827.2,-118.00183105469478,PREVENTIVE_RISK_GATE
2019-02-28 09:03:00,-217.20000000000084,S3,S3_A,2019-02-28,2019,2019-02,72.8,1243.68,1827.2,0.0,PREVENTIVE_RISK_GATE
2019-03-01 09:11:00,592.8000000000013,S3,S3_A,2019-03-01,2019,2019-03,-87.2,1200.0,1827.2,0.0,PREVENTIVE_RISK_GATE
2019-03-01 10:51:00,592.8000000000013,S3,S3_A,2019-03-01,2019,2019-03,58.39999999999999,1235.04,1827.2,0.0,PREVENTIVE_RISK_GATE
2019-03-01 11:53:00,42.79999999999716,S3,S3_A,2019-03-01,2019,2019-03,-28.80000000000001,1200.0,1827.2,0.0,PREVENTIVE_RISK_GATE
2019-03-05 09:06:00,-467.2000000000008,S3,S3_A,2019-03-05,2019,2019-03,0.0,1200.0,1827.2,-28.799999999999272,PREVENTIVE_RISK_GATE
2019-03-06 09:43:00,592.8000000000013,S3,S3_A,2019-03-06,2019,2019-03,0.0,1200.0,1827.2,-28.799999999999272,PREVENTIVE_RISK_GATE
2019-03-06 10:46:00,192.7999999999957,S3,S3_A,2019-03-06,2019,2019-03,0.0,1200.0,1827.2,-28.799999999999272,PREVENTIVE_RISK_GATE
2019-03-07 09:31:00,-87.1999999999983,S3,S3_A,2019-03-07,2019,2019-03,0.0,1200.0,1827.2,-28.799999999999272,PREVENTIVE_RISK_GATE
2019-03-08 09:11:00,-1017.2000000000052,S3,S3_A,2019-03-08,2019,2019-03,0.0,1200.0,1827.2,-28.799999999999272,PREVENTIVE_RISK_GATE
2019-03-11 09:02:00,242.8,S3,S3_A,2019-03-11,2019,2019-03,0.0,1200.0,1827.2,0.0,PREVENTIVE_RISK_GATE
2019-03-20 09:19:00,592.8000000000013,S3,S3_A,2019-03-20,2019,2019-03,0.0,1200.0,1827.2,-130.40000000000146,PREVENTIVE_RISK_GATE
2019-03-20 10:31:00,592.8000000000013,S3,S3_A,2019-03-20,2019,2019-03,72.8,1243.68,1827.2,-130.40000000000146,PREVENTIVE_RISK_GATE
2019-03-20 14:35:00,-37.20000000000114,S3,S3_A,2019-03-20,2019,2019-03,-188.8,1200.0,1827.2,-130.40000000000146,PREVENTIVE_RISK_GATE
2019-03-25 09:01:00,-47.19999999999915,S3,S3_A,2019-03-25,2019,2019-03,0.0,1200.0,1827.2,-348.0,PREVENTIVE_RISK_GATE
2019-03-26 09:01:00,42.79999999999716,S3,S3_A,2019-03-26,2019,2019-03,0.0,1200.0,1827.2,-449.59999999999854,PREVENTIVE_RISK_GATE
2019-03-27 09:43:00,-787.2000000000012,S3,S3_A,2019-03-27,2019,2019-03,0.0,1200.0,1827.2,-391.1999999999971,PREVENTIVE_RISK_GATE
2019-03-28 09:04:00,-877.2000000000046,S3,S3_A,2019-03-28,2019,2019-03,0.0,1200.0,1827.2,-419.99999999999636,PREVENTIVE_RISK_GATE
2019-04-15 09:02:00,-17.19999999999801,S3,S3_A,2019-04-15,2019,2019-04,0.0,1200.0,1827.2,-14.400000000001455,PREVENTIVE_RISK_GATE
2019-04-18 09:16:00,62.80000000000028,S3,S3_A,2019-04-18,2019,2019-04,0.0,1200.0,1827.2,-290.4000000000051,PREVENTIVE_RISK_GATE
2019-04-30 09:19:00,592.8000000000013,S3,S3_A,2019-04-30,2019,2019-04,0.0,1200.0,1827.2,-188.79999999999927,PREVENTIVE_RISK_GATE
2019-04-30 10:18:00,152.7999999999966,S3,S3_A,2019-04-30,2019,2019-04,-87.2,1200.0,1827.2,-188.79999999999927,PREVENTIVE_RISK_GATE
2019-05-01 10:56:00,-457.2007629394531,S3,S3_B,2019-05-01,2019,2019-05,-418.7999999999971,1200.0,807.2,-203.20000000000073,PREVENTIVE_RISK_GATE
2019-05-13 10:39:00,242.8,S3,S3_B,2019-05-13,2019,2019-05,-738.7999999999972,1200.0,807.2,0.0,PREVENTIVE_RISK_GATE
2019-05-13 11:13:00,242.8,S3,S3_B,2019-05-13,2019,2019-05,-753.1999999999973,1200.0,807.2,0.0,PREVENTIVE_RISK_GATE
2019-05-13 11:17:00,242.8,S3,S3_B,2019-05-13,2019,2019-05,-753.1999999999973,1200.0,807.2,0.0,PREVENTIVE_RISK_GATE
2019-05-13 11:49:00,242.8,S3,S3_B,2019-05-13,2019,2019-05,-753.1999999999973,1200.0,807.2,0.0,PREVENTIVE_RISK_GATE
2019-05-13 12:05:00,242.8,S3,S3_B,2019-05-13,2019,2019-05,-753.1999999999973,1200.0,807.2,0.0,PREVENTIVE_RISK_GATE
2019-05-13 12:22:00,-147.1993896484375,S3,S3_B,2019-05-13,2019,2019-05,-753.1999999999973,1200.0,807.2,0.0,PREVENTIVE_RISK_GATE
2019-05-21 09:18:00,-107.20000000000142,S3,S3_A,2019-05-21,2019,2019-05,0.0,1000.0,1827.2,-1058.0,PREVENTIVE_RISK_GATE
2019-05-22 09:02:00,592.8000000000013,S3,S3_A,2019-05-22,2019,2019-05,0.0,1000.0,1827.2,-1072.4000000000015,PREVENTIVE_RISK_GATE
2019-05-22 11:39:00,252.8000000000052,S3,S3_A,2019-05-22,2019,2019-05,0.0,1000.0,1827.2,-1072.4000000000015,PREVENTIVE_RISK_GATE
2019-05-28 11:06:00,242.8,S3,S3_B,2019-05-28,2019,2019-05,-421.5999999999971,1000.0,807.2,-1231.6000000000022,PREVENTIVE_RISK_GATE
2019-05-28 13:07:00,82.80015258789062,S3,S3_B,2019-05-28,2019,2019-05,-421.5999999999971,1000.0,807.2,-1231.6000000000022,PREVENTIVE_RISK_GATE
2019-06-20 10:46:00,242.8,S3,S3_B,2019-06-20,2019,2019-06,-738.7999999999972,1000.0,807.2,-1482.7990844726628,PREVENTIVE_RISK_GATE
2019-06-20 10:51:00,-327.2035095214844,S3,S3_B,2019-06-20,2019,2019-06,-738.7999999999972,1000.0,807.2,-1482.7990844726628,PREVENTIVE_RISK_GATE
2019-06-24 09:20:00,242.8,S3,S3_B,2019-06-24,2019,2019-06,0.0,550.0,807.2,-2395.99908447266,PREVENTIVE_RISK_GATE
2019-06-24 09:43:00,242.8,S3,S3_B,2019-06-24,2019,2019-06,72.8,593.68,807.2,-2395.99908447266,PREVENTIVE_RISK_GATE
2019-06-24 11:47:00,242.8,S3,S3_B,2019-06-24,2019,2019-06,-14.400000000000006,550.0,807.2,-2395.99908447266,PREVENTIVE_RISK_GATE
2019-06-25 09:36:00,-327.19969482421874,S3,S3_B,2019-06-25,2019,2019-06,0.0,550.0,807.2,-2410.3990844726613,PREVENTIVE_RISK_GATE
2019-06-27 10:14:00,242.8,S3,S3_B,2019-06-27,2019,2019-06,72.8,593.68,807.2,-2439.1990844726643,PREVENTIVE_RISK_GATE
2019-06-27 11:22:00,-217.20289916992184,S3,S3_B,2019-06-27,2019,2019-06,-14.400000000000006,550.0,807.2,-2439.1990844726643,PREVENTIVE_RISK_GATE
2019-06-28 09:24:00,132.80000000000058,S3,S3_A,2019-06-28,2019,2019-06,145.6,637.36,1827.2,-2453.5990844726657,PREVENTIVE_RISK_GATE
2019-07-02 09:04:00,242.8,S3,S3_B,2019-07-02,2019,2019-07,0.0,550.0,807.2,-2191.1990844726643,PREVENTIVE_RISK_GATE
2019-07-02 09:35:00,242.8,S3,S3_B,2019-07-02,2019,2019-07,72.8,593.68,807.2,-2191.1990844726643,PREVENTIVE_RISK_GATE
2019-07-02 09:43:00,242.8,S3,S3_B,2019-07-02,2019,2019-07,145.6,637.36,807.2,-2191.1990844726643,PREVENTIVE_RISK_GATE
2019-07-02 10:01:00,242.8,S3,S3_B,2019-07-02,2019,2019-07,58.39999999999999,585.04,807.2,-2191.1990844726643,PREVENTIVE_RISK_GATE
2019-07-02 10:13:00,242.8,S3,S3_B,2019-07-02,2019,2019-07,-28.80000000000001,550.0,807.2,-2191.1990844726643,PREVENTIVE_RISK_GATE
2019-07-02 10:42:00,242.8,S3,S3_B,2019-07-02,2019,2019-07,-116.00000000000001,550.0,807.2,-2191.1990844726643,PREVENTIVE_RISK_GATE
2019-07-02 11:04:00,-57.19923706054688,S3,S3_B,2019-07-02,2019,2019-07,-43.20000000000002,550.0,807.2,-2191.1990844726643,PREVENTIVE_RISK_GATE
2019-07-09 09:03:00,242.8,S3,S3_B,2019-07-09,2019,2019-07,0.0,550.0,807.2,-2073.5990844726657,PREVENTIVE_RISK_GATE
2019-07-09 09:45:00,-357.19847412109374,S3,S3_B,2019-07-09,2019,2019-07,-87.2,550.0,807.2,-2073.5990844726657,PREVENTIVE_RISK_GATE
2019-07-16 09:14:00,592.8000000000013,S3,S3_A,2019-07-16,2019,2019-07,0.0,550.0,1827.2,-2305.5990844726693,PREVENTIVE_RISK_GATE
2019-07-16 12:49:00,592.8000000000013,S3,S3_A,2019-07-16,2019,2019-07,72.8,593.68,1827.2,-2305.5990844726693,PREVENTIVE_RISK_GATE
2019-07-16 13:23:00,592.8000000000013,S3,S3_A,2019-07-16,2019,2019-07,-14.400000000000006,550.0,1827.2,-2305.5990844726693,PREVENTIVE_RISK_GATE
2019-07-16 13:49:00,-97.2000000000034,S3,S3_A,2019-07-16,2019,2019-07,58.39999999999999,585.04,1827.2,-2305.5990844726693,PREVENTIVE_RISK_GATE
2019-07-19 09:34:00,182.80000000000484,S3,S3_C,2019-07-19,2019,2019-07,0.0,550.0,1007.2,-2175.9990844726635,PREVENTIVE_RISK_GATE
2019-07-26 09:11:00,242.8,S3,S3_B,2019-07-26,2019,2019-07,0.0,550.0,807.2,-2149.1990844726643,PREVENTIVE_RISK_GATE
2019-07-26 10:12:00,242.8,S3,S3_B,2019-07-26,2019,2019-07,-87.2,550.0,807.2,-2149.1990844726643,PREVENTIVE_RISK_GATE
2019-07-26 11:34:00,242.8,S3,S3_B,2019-07-26,2019,2019-07,-87.2,550.0,807.2,-2149.1990844726643,PREVENTIVE_RISK_GATE
2019-07-26 11:44:00,-287.2025939941406,S3,S3_B,2019-07-26,2019,2019-07,-87.2,550.0,807.2,-2149.1990844726643,PREVENTIVE_RISK_GATE
2019-07-29 09:19:00,282.7999999999992,S3,S3_A,2019-07-29,2019,2019-07,0.0,550.0,1827.2,-2163.5990844726657,PREVENTIVE_RISK_GATE
2019-08-01 09:02:00,-1407.199999999999,S3,S3_A,2019-08-01,2019,2019-08,0.0,550.0,1827.2,-2293.999084472667,PREVENTIVE_RISK_GATE
2019-08-01 13:29:00,592.8000000000013,S3,S3_A,2019-08-01,2019,2019-08,-188.8,550.0,1827.2,-2293.999084472667,PREVENTIVE_RISK_GATE
2019-08-01 13:30:00,592.8000000000013,S3,S3_A,2019-08-01,2019,2019-08,-188.8,550.0,1827.2,-2293.999084472667,PREVENTIVE_RISK_GATE
2019-08-01 13:39:00,292.7999999999972,S3,S3_A,2019-08-01,2019,2019-08,-188.8,550.0,1827.2,-2293.999084472667,PREVENTIVE_RISK_GATE
2019-08-06 09:03:00,442.80000000000285,S3,S3_C,2019-08-06,2019,2019-08,0.0,1000.0,1007.2,-1763.1990844726643,PREVENTIVE_RISK_GATE
2019-08-13 11:12:00,2.800000000005116,S3,S3_C,2019-08-13,2019,2019-08,-188.8,550.0,1007.2,-1905.199084472668,PREVENTIVE_RISK_GATE
2019-08-21 09:07:00,242.8,S3,S3_B,2019-08-21,2019,2019-08,72.8,593.68,807.2,-2011.5990844726693,PREVENTIVE_RISK_GATE
2019-08-21 10:00:00,242.8,S3,S3_B,2019-08-21,2019,2019-08,145.6,637.36,807.2,-2011.5990844726693,PREVENTIVE_RISK_GATE
2019-08-21 10:37:00,242.8,S3,S3_B,2019-08-21,2019,2019-08,145.6,637.36,807.2,-2011.5990844726693,PREVENTIVE_RISK_GATE
2019-08-21 11:49:00,242.8,S3,S3_B,2019-08-21,2019,2019-08,58.39999999999999,585.04,807.2,-2011.5990844726693,PREVENTIVE_RISK_GATE
2019-08-21 13:06:00,-97.20015258789064,S3,S3_B,2019-08-21,2019,2019-08,58.39999999999999,585.04,807.2,-2011.5990844726693,PREVENTIVE_RISK_GATE
2019-08-22 09:48:00,242.8,S3,S3_B,2019-08-22,2019,2019-08,0.0,550.0,807.2,-1953.199084472668,PREVENTIVE_RISK_GATE
2019-08-22 10:23:00,242.8,S3,S3_B,2019-08-22,2019,2019-08,-87.2,550.0,807.2,-1953.199084472668,PREVENTIVE_RISK_GATE
2019-08-22 10:27:00,242.8,S3,S3_B,2019-08-22,2019,2019-08,-87.2,550.0,807.2,-1953.199084472668,PREVENTIVE_RISK_GATE
2019-08-22 10:59:00,242.8,S3,S3_B,2019-08-22,2019,2019-08,-87.2,550.0,807.2,-1953.199084472668,PREVENTIVE_RISK_GATE
2019-08-22 12:07:00,242.8,S3,S3_B,2019-08-22,2019,2019-08,-87.2,550.0,807.2,-1953.199084472668,PREVENTIVE_RISK_GATE
2019-08-22 13:05:00,242.8,S3,S3_B,2019-08-22,2019,2019-08,-87.2,550.0,807.2,-1953.199084472668,PREVENTIVE_RISK_GATE
2019-09-16 13:33:00,-87.2,S2,S2_LV-3,2019-09-16,2019,2019-09,335.20000000000005,1400.0,87.2,-805.1967956543049,MAX_9_TRADES
2019-09-16 13:34:00,72.8,S2,S2_LV-1,2019-09-16,2019,2019-09,335.20000000000005,1400.0,87.2,-805.1967956543049,MAX_9_TRADES
2019-10-09 13:09:00,242.8,S3,S3_B,2019-10-09,2019,2019-10,-433.19999999999715,1200.0,807.2,-248.79923706054615,PREVENTIVE_RISK_GATE
2019-10-09 13:21:00,122.80106811523436,S3,S3_B,2019-10-09,2019,2019-10,-433.19999999999715,1200.0,807.2,-248.79923706054615,PREVENTIVE_RISK_GATE
2019-10-17 13:49:00,-57.2030517578125,S3,S3_B,2019-10-17,2019,2019-10,-588.7999999999973,1200.0,807.2,-98.39679565429105,PREVENTIVE_RISK_GATE
2019-10-22 09:06:00,-317.1999999999952,S3,S3_A,2019-10-22,2019,2019-10,0.0,1200.0,1827.2,-937.5993896484251,PREVENTIVE_RISK_GATE
2019-10-23 09:17:00,592.8000000000013,S3,S3_A,2019-10-23,2019,2019-10,0.0,1200.0,1827.2,-951.9993896484266,PREVENTIVE_RISK_GATE
2019-10-23 10:02:00,592.8000000000013,S3,S3_A,2019-10-23,2019,2019-10,-87.2,1200.0,1827.2,-951.9993896484266,PREVENTIVE_RISK_GATE
2019-10-23 10:31:00,592.8000000000013,S3,S3_A,2019-10-23,2019,2019-10,-87.2,1200.0,1827.2,-951.9993896484266,PREVENTIVE_RISK_GATE
2019-10-23 13:42:00,-267.199999999998,S3,S3_A,2019-10-23,2019,2019-10,58.39999999999999,1235.04,1827.2,-951.9993896484266,PREVENTIVE_RISK_GATE
2019-10-30 09:03:00,-567.1999999999953,S3,S3_A,2019-10-30,2019,2019-10,0.0,1200.0,1827.2,-569.6004577636595,PREVENTIVE_RISK_GATE
2019-10-31 10:24:00,-187.1999999999997,S3,S3_A,2019-10-31,2019,2019-10,0.0,1200.0,1827.2,-569.6004577636595,PREVENTIVE_RISK_GATE
2019-11-01 09:02:00,-1407.199999999999,S3,S3_A,2019-11-01,2019,2019-11,0.0,1200.0,1827.2,-569.6004577636595,PREVENTIVE_RISK_GATE
2019-11-12 09:03:00,-397.20000000000056,S3,S3_A,2019-11-12,2019,2019-11,0.0,1200.0,1827.2,-530.4012207031192,PREVENTIVE_RISK_GATE
2019-11-13 09:03:00,-827.2000000000003,S3,S3_A,2019-11-13,2019,2019-11,-87.2,1200.0,1827.2,-472.0012207031177,PREVENTIVE_RISK_GATE
2019-11-14 09:02:00,-977.1999999999988,S3,S3_A,2019-11-14,2019,2019-11,0.0,1200.0,1827.2,-486.4012207031192,PREVENTIVE_RISK_GATE
2019-11-15 09:01:00,592.8000000000013,S3,S3_A,2019-11-15,2019,2019-11,0.0,1200.0,1827.2,-588.0012207031177,PREVENTIVE_RISK_GATE
2019-11-15 11:48:00,-67.20000000000228,S3,S3_A,2019-11-15,2019,2019-11,72.8,1243.68,1827.2,-588.0012207031177,PREVENTIVE_RISK_GATE
2019-11-18 09:18:00,-627.1999999999975,S3,S3_A,2019-11-18,2019,2019-11,0.0,1200.0,1827.2,-442.4012207031192,PREVENTIVE_RISK_GATE
2019-11-19 09:26:00,592.8000000000013,S3,S3_A,2019-11-19,2019,2019-11,0.0,1200.0,1827.2,-369.6012207031199,PREVENTIVE_RISK_GATE
2019-11-28 09:02:00,-367.1999999999994,S3,S3_A,2019-11-28,2019,2019-11,0.0,1200.0,1827.2,-820.4015258789077,PREVENTIVE_RISK_GATE
2019-12-06 09:43:00,242.8,S3,S3_B,2019-12-06,2019,2019-12,-807.1999999999972,1200.0,807.2,-564.3998474121145,PREVENTIVE_RISK_GATE
2019-12-06 09:49:00,242.8,S3,S3_B,2019-12-06,2019,2019-12,-807.1999999999972,1200.0,807.2,-564.3998474121145,PREVENTIVE_RISK_GATE
2019-12-06 09:51:00,242.8,S3,S3_B,2019-12-06,2019,2019-12,-807.1999999999972,1200.0,807.2,-564.3998474121145,PREVENTIVE_RISK_GATE
2019-12-06 10:28:00,242.8,S3,S3_B,2019-12-06,2019,2019-12,-807.1999999999972,1200.0,807.2,-564.3998474121145,PREVENTIVE_RISK_GATE
2019-12-06 10:43:00,-317.19755859375,S3,S3_B,2019-12-06,2019,2019-12,-807.1999999999972,1200.0,807.2,-564.3998474121145,PREVENTIVE_RISK_GATE
2019-12-11 10:43:00,-317.2013732910156,S3,S3_B,2019-12-11,2019,2019-12,-807.1999999999972,1000.0,807.2,-1183.1987792968794,PREVENTIVE_RISK_GATE
2019-12-12 09:22:00,592.8000000000013,S3,S3_A,2019-12-12,2019,2019-12,0.0,550.0,1827.2,-1917.5987792968772,PREVENTIVE_RISK_GATE
2019-12-12 09:57:00,-207.20000000000283,S3,S3_A,2019-12-12,2019,2019-12,145.6,637.36,1827.2,-1917.5987792968772,PREVENTIVE_RISK_GATE
2019-12-13 09:01:00,42.79999999999716,S3,S3_A,2019-12-13,2019,2019-12,0.0,1000.0,1827.2,-1771.9987792968786,PREVENTIVE_RISK_GATE
2020-01-08 10:37:00,242.8,S3,S3_B,2020-01-08,2020,2020-01,-345.99999999999716,1000.0,807.2,-1435.9987792968786,PREVENTIVE_RISK_GATE
2020-01-08 11:14:00,242.8,S3,S3_B,2020-01-08,2020,2020-01,-345.99999999999716,1000.0,807.2,-1435.9987792968786,PREVENTIVE_RISK_GATE
2020-01-08 11:33:00,242.8,S3,S3_B,2020-01-08,2020,2020-01,-273.19999999999715,1000.0,807.2,-1435.9987792968786,PREVENTIVE_RISK_GATE
2020-01-08 11:38:00,242.8,S3,S3_B,2020-01-08,2020,2020-01,-273.19999999999715,1000.0,807.2,-1435.9987792968786,PREVENTIVE_RISK_GATE
2020-01-08 11:45:00,242.8,S3,S3_B,2020-01-08,2020,2020-01,-273.19999999999715,1000.0,807.2,-1435.9987792968786,PREVENTIVE_RISK_GATE
2020-01-08 11:54:00,242.8,S3,S3_B,2020-01-08,2020,2020-01,-200.39999999999714,1000.0,807.2,-1435.9987792968786,PREVENTIVE_RISK_GATE
2020-01-08 13:11:00,242.8,S3,S3_B,2020-01-08,2020,2020-01,-200.39999999999714,1000.0,807.2,-1435.9987792968786,PREVENTIVE_RISK_GATE
2020-01-13 11:26:00,152.8000000000037,S3,S3_C,2020-01-13,2020,2020-01,0.0,550.0,1007.2,-1982.3987792968765,PREVENTIVE_RISK_GATE
2020-01-16 09:17:00,592.8000000000013,S3,S3_A,2020-01-16,2020,2020-01,-87.2,550.0,1827.2,-1836.798779296878,PREVENTIVE_RISK_GATE
2020-01-16 12:16:00,132.80000000000058,S3,S3_A,2020-01-16,2020,2020-01,-174.4,550.0,1827.2,-1836.798779296878,PREVENTIVE_RISK_GATE
2020-01-17 09:02:00,-497.200000000002,S3,S3_A,2020-01-17,2020,2020-01,0.0,550.0,1827.2,-2011.1987792968794,PREVENTIVE_RISK_GATE
2020-01-20 09:02:00,-177.2000000000017,S3,S3_A,2020-01-20,2020,2020-01,0.0,550.0,1827.2,-2011.1987792968794,PREVENTIVE_RISK_GATE
2020-02-13 09:59:00,302.7999999999952,S3,S3_A,2020-02-13,2020,2020-02,0.0,1000.0,1827.2,-1282.4001525878884,PREVENTIVE_RISK_GATE
2020-02-14 09:05:00,-137.20000000000255,S3,S3_A,2020-02-14,2020,2020-02,0.0,1000.0,1827.2,-1296.80015258789,PREVENTIVE_RISK_GATE
2020-02-17 09:09:00,22.800000000001138,S3,S3_A,2020-02-17,2020,2020-02,0.0,1000.0,1827.2,-1311.2001525878914,PREVENTIVE_RISK_GATE
2020-02-18 09:30:00,592.8000000000013,S3,S3_A,2020-02-18,2020,2020-02,0.0,1000.0,1827.2,-1238.400152587892,PREVENTIVE_RISK_GATE
2020-02-18 11:53:00,232.800000000002,S3,S3_A,2020-02-18,2020,2020-02,-14.400000000000006,1000.0,1827.2,-1238.400152587892,PREVENTIVE_RISK_GATE
2020-02-19 09:08:00,-627.2000000000046,S3,S3_A,2020-02-19,2020,2020-02,0.0,1000.0,1827.2,-1252.8001525878935,PREVENTIVE_RISK_GATE
2020-02-20 09:27:00,-297.19999999999914,S3,S3_A,2020-02-20,2020,2020-02,0.0,1000.0,1827.2,-1267.200152587895,PREVENTIVE_RISK_GATE
2020-02-21 09:36:00,-777.1999999999961,S3,S3_A,2020-02-21,2020,2020-02,-87.2,1000.0,1827.2,-1121.6001525878964,PREVENTIVE_RISK_GATE
2020-03-09 14:33:00,-157.2,S2,S2_HV-1,2020-03-09,2020,2020-03,385.2000000000001,1400.0,157.2,-214.8000000000029,MAX_9_TRADES
2020-03-09 14:45:00,-157.2,S2,S2_HV-2,2020-03-09,2020,2020-03,385.2000000000001,1400.0,157.2,-214.8000000000029,MAX_9_TRADES
2020-03-18 13:36:00,142.8,S2,S2_HV-1,2020-03-18,2020,2020-03,385.2000000000001,1400.0,157.2,-286.7999999999993,MAX_9_TRADES
2020-03-18 13:38:00,-157.2,S2,S2_HV-2,2020-03-18,2020,2020-03,385.2000000000001,1400.0,157.2,-286.7999999999993,MAX_9_TRADES
2020-03-18 13:45:00,142.8,S2,S2_HV-2,2020-03-18,2020,2020-03,385.2000000000001,1400.0,157.2,-286.7999999999993,MAX_9_TRADES
2020-03-18 14:13:00,142.8,S2,S2_HV-1,2020-03-18,2020,2020-03,385.2000000000001,1400.0,157.2,-286.7999999999993,MAX_9_TRADES
2020-03-18 14:49:00,142.8,S2,S2_HV-1,2020-03-18,2020,2020-03,385.2000000000001,1400.0,157.2,-286.7999999999993,MAX_9_TRADES
2020-03-23 09:39:00,442.7999999999993,S3,S3_D,2020-03-23,2020,2020-03,0.0,1200.0,1407.2,0.0,PREVENTIVE_RISK_GATE
2020-04-13 10:08:00,442.7999999999993,S3,S3_D,2020-04-13,2020,2020-04,-14.399999999999977,1200.0,1407.2,0.0,PREVENTIVE_RISK_GATE
2020-04-21 11:56:00,72.8,S2,S2_LV-3,2020-04-21,2020,2020-04,-304.79999999999995,1200.0,87.2,-278.8000000000029,MAX_9_TRADES
2020-04-21 11:58:00,72.8,S2,S2_LV-1,2020-04-21,2020,2020-04,-304.79999999999995,1200.0,87.2,-278.8000000000029,MAX_9_TRADES
2020-04-21 12:22:00,72.8,S2,S2_LV-1,2020-04-21,2020,2020-04,-304.79999999999995,1200.0,87.2,-278.8000000000029,MAX_9_TRADES
2020-04-21 12:36:00,72.8,S2,S2_LV-1,2020-04-21,2020,2020-04,-304.79999999999995,1200.0,87.2,-278.8000000000029,MAX_9_TRADES
2020-04-21 12:37:00,-87.2,S2,S2_LV-3,2020-04-21,2020,2020-04,-304.79999999999995,1200.0,87.2,-278.8000000000029,MAX_9_TRADES
2020-04-21 12:38:00,-87.2,S2,S2_LV-1,2020-04-21,2020,2020-04,-304.79999999999995,1200.0,87.2,-278.8000000000029,MAX_9_TRADES
2020-04-21 13:36:00,-87.2,S2,S2_LV-1,2020-04-21,2020,2020-04,-304.79999999999995,1200.0,87.2,-278.8000000000029,MAX_9_TRADES
2020-04-21 13:44:00,72.8,S2,S2_LV-1,2020-04-21,2020,2020-04,-304.79999999999995,1200.0,87.2,-278.8000000000029,MAX_9_TRADES
2020-04-21 13:51:00,-87.2,S2,S2_LV-3,2020-04-21,2020,2020-04,-304.79999999999995,1200.0,87.2,-278.8000000000029,MAX_9_TRADES
2020-04-21 13:52:00,-87.2,S2,S2_LV-3,2020-04-21,2020,2020-04,-304.79999999999995,1200.0,87.2,-278.8000000000029,MAX_9_TRADES
2020-04-28 10:53:00,442.7999999999993,S3,S3_D,2020-04-28,2020,2020-04,128.40000000000003,1277.04,1407.2,0.0,PREVENTIVE_RISK_GATE
2020-04-28 11:07:00,-457.1998092651367,S3,S3_D,2020-04-28,2020,2020-04,-28.799999999999955,1200.0,1407.2,0.0,PREVENTIVE_RISK_GATE
2020-05-07 12:19:00,-1007.2,S3,S3_C,2020-05-07,2020,2020-05,-314.4,1200.0,1007.2,0.0,PREVENTIVE_RISK_GATE
2020-06-30 13:21:00,312.8000000000003,S3,S3_C,2020-06-30,2020,2020-06,-157.2,1000.0,1007.2,-1092.7999999999884,PREVENTIVE_RISK_GATE
2020-07-10 09:02:00,592.8000000000013,S3,S3_A,2020-07-10,2020,2020-07,0.0,1200.0,1827.2,-987.599999999984,PREVENTIVE_RISK_GATE
2020-07-10 11:29:00,422.7999999999997,S3,S3_A,2020-07-10,2020,2020-07,0.0,1200.0,1827.2,-987.599999999984,PREVENTIVE_RISK_GATE
2020-07-13 09:37:00,-347.1999999999963,S3,S3_A,2020-07-13,2020,2020-07,0.0,1200.0,1827.2,-987.599999999984,PREVENTIVE_RISK_GATE
2020-07-14 09:04:00,592.8000000000013,S3,S3_A,2020-07-14,2020,2020-07,0.0,1200.0,1827.2,-987.599999999984,PREVENTIVE_RISK_GATE
2020-07-14 10:48:00,-27.20000000000313,S3,S3_A,2020-07-14,2020,2020-07,-87.2,1200.0,1827.2,-987.599999999984,PREVENTIVE_RISK_GATE
2020-07-15 09:02:00,592.8000000000013,S3,S3_A,2020-07-15,2020,2020-07,0.0,1000.0,1827.2,-1001.9999999999854,PREVENTIVE_RISK_GATE
2020-07-15 09:24:00,592.8000000000013,S3,S3_A,2020-07-15,2020,2020-07,0.0,1000.0,1827.2,-1001.9999999999854,PREVENTIVE_RISK_GATE
2020-07-15 13:22:00,-47.19999999999915,S3,S3_A,2020-07-15,2020,2020-07,72.8,1043.68,1827.2,-1001.9999999999854,PREVENTIVE_RISK_GATE
2020-07-17 09:04:00,92.80000000000142,S3,S3_A,2020-07-17,2020,2020-07,0.0,1200.0,1827.2,-856.3999999999796,PREVENTIVE_RISK_GATE
2020-07-20 09:02:00,-527.1999999999961,S3,S3_A,2020-07-20,2020,2020-07,0.0,1000.0,1827.2,-1030.799999999981,PREVENTIVE_RISK_GATE
2020-07-27 09:07:00,592.8000000000013,S3,S3_A,2020-07-27,2020,2020-07,0.0,1000.0,1827.2,-1001.1999999999825,PREVENTIVE_RISK_GATE
2020-07-27 10:40:00,592.8000000000013,S3,S3_A,2020-07-27,2020,2020-07,72.8,1043.68,1827.2,-1001.1999999999825,PREVENTIVE_RISK_GATE
2020-07-27 13:34:00,42.79999999999716,S3,S3_A,2020-07-27,2020,2020-07,72.8,1043.68,1827.2,-1001.1999999999825,PREVENTIVE_RISK_GATE
2020-07-28 09:02:00,272.80000000000115,S3,S3_A,2020-07-28,2020,2020-07,0.0,1200.0,1827.2,-928.3999999999796,PREVENTIVE_RISK_GATE
2020-07-29 09:10:00,-87.1999999999983,S3,S3_A,2020-07-29,2020,2020-07,0.0,1200.0,1827.2,-965.599999999984,PREVENTIVE_RISK_GATE
2020-07-30 09:16:00,592.8000000000013,S3,S3_A,2020-07-30,2020,2020-07,0.0,1000.0,1827.2,-1052.799999999981,PREVENTIVE_RISK_GATE
2020-07-30 10:13:00,-447.2000000000048,S3,S3_A,2020-07-30,2020,2020-07,0.0,1000.0,1827.2,-1052.799999999981,PREVENTIVE_RISK_GATE
2020-07-31 09:04:00,592.8000000000013,S3,S3_A,2020-07-31,2020,2020-07,0.0,1000.0,1827.2,-1067.1999999999825,PREVENTIVE_RISK_GATE
2020-07-31 11:29:00,322.8000000000054,S3,S3_A,2020-07-31,2020,2020-07,-174.4,1000.0,1827.2,-1067.1999999999825,PREVENTIVE_RISK_GATE
2020-08-03 09:02:00,592.8000000000013,S3,S3_A,2020-08-03,2020,2020-08,0.0,1000.0,1827.2,-1241.599999999984,PREVENTIVE_RISK_GATE
2020-08-03 11:27:00,-37.20000000000114,S3,S3_A,2020-08-03,2020,2020-08,145.6,1087.36,1827.2,-1241.599999999984,PREVENTIVE_RISK_GATE
2020-08-04 09:02:00,592.8000000000013,S3,S3_A,2020-08-04,2020,2020-08,0.0,1000.0,1827.2,-1183.1999999999825,PREVENTIVE_RISK_GATE
2020-08-04 10:12:00,592.8000000000013,S3,S3_A,2020-08-04,2020,2020-08,72.8,1043.68,1827.2,-1183.1999999999825,PREVENTIVE_RISK_GATE
2020-08-04 11:54:00,292.7999999999972,S3,S3_A,2020-08-04,2020,2020-08,-14.400000000000006,1000.0,1827.2,-1183.1999999999825,PREVENTIVE_RISK_GATE
2020-08-14 09:26:00,232.7999999999949,S3,S3_A,2020-08-14,2020,2020-08,0.0,1000.0,1827.2,-1378.800915527332,PREVENTIVE_RISK_GATE
2020-08-17 09:01:00,592.8000000000013,S3,S3_A,2020-08-17,2020,2020-08,0.0,1000.0,1827.2,-1306.0009155273292,PREVENTIVE_RISK_GATE
2020-08-17 10:46:00,282.7999999999992,S3,S3_A,2020-08-17,2020,2020-08,-87.2,1000.0,1827.2,-1306.0009155273292,PREVENTIVE_RISK_GATE
2020-08-21 09:04:00,-37.20000000000114,S3,S3_A,2020-08-21,2020,2020-08,0.0,1000.0,1827.2,-1362.0009155273292,PREVENTIVE_RISK_GATE
2020-08-24 09:01:00,-257.2,S3,S3_A,2020-08-24,2020,2020-08,0.0,1000.0,1827.2,-1303.6009155273277,PREVENTIVE_RISK_GATE
2020-08-25 09:02:00,132.80000000000058,S3,S3_A,2020-08-25,2020,2020-08,0.0,1000.0,1827.2,-1158.0009155273292,PREVENTIVE_RISK_GATE
2020-08-28 09:07:00,-297.19999999999914,S3,S3_A,2020-08-28,2020,2020-08,0.0,1200.0,1827.2,-968.4009155273234,PREVENTIVE_RISK_GATE
2020-09-16 09:04:00,592.8000000000013,S3,S3_A,2020-09-16,2020,2020-09,0.0,1200.0,1827.2,-194.39893188474525,PREVENTIVE_RISK_GATE
2020-09-16 12:01:00,42.79999999999716,S3,S3_A,2020-09-16,2020,2020-09,-174.4,1200.0,1827.2,-194.39893188474525,PREVENTIVE_RISK_GATE
2020-09-17 09:01:00,592.8000000000013,S3,S3_A,2020-09-17,2020,2020-09,0.0,1200.0,1827.2,-295.9989318847438,PREVENTIVE_RISK_GATE
2020-09-17 11:24:00,-137.20000000000255,S3,S3_A,2020-09-17,2020,2020-09,0.0,1200.0,1827.2,-295.9989318847438,PREVENTIVE_RISK_GATE
2020-09-18 09:05:00,-207.20000000000283,S3,S3_A,2020-09-18,2020,2020-09,0.0,1200.0,1827.2,-295.9989318847438,PREVENTIVE_RISK_GATE
2020-09-21 09:04:00,-1407.199999999999,S3,S3_A,2020-09-21,2020,2020-09,0.0,1200.0,1827.2,-397.59893188474234,PREVENTIVE_RISK_GATE
2020-09-21 10:37:00,-47.19999999999915,S3,S3_A,2020-09-21,2020,2020-09,145.6,1287.36,1827.2,-397.59893188474234,PREVENTIVE_RISK_GATE
2020-09-28 09:18:00,592.8000000000013,S3,S3_A,2020-09-28,2020,2020-09,0.0,1200.0,1827.2,-14.400000000001455,PREVENTIVE_RISK_GATE
2020-09-28 10:14:00,162.80000000000172,S3,S3_A,2020-09-28,2020,2020-09,72.8,1243.68,1827.2,-14.400000000001455,PREVENTIVE_RISK_GATE
2020-09-29 09:02:00,592.8000000000013,S3,S3_A,2020-09-29,2020,2020-09,0.0,1200.0,1827.2,0.0,PREVENTIVE_RISK_GATE
2020-09-29 10:36:00,592.8000000000013,S3,S3_A,2020-09-29,2020,2020-09,72.8,1243.68,1827.2,0.0,PREVENTIVE_RISK_GATE
2020-09-29 11:45:00,-277.199999999996,S3,S3_A,2020-09-29,2020,2020-09,131.2,1278.72,1827.2,0.0,PREVENTIVE_RISK_GATE
2020-10-01 09:47:00,592.8000000000013,S3,S3_A,2020-10-01,2020,2020-10,0.0,1200.0,1827.2,0.0,PREVENTIVE_RISK_GATE
2020-10-01 10:16:00,-347.2000000000034,S3,S3_A,2020-10-01,2020,2020-10,0.0,1200.0,1827.2,0.0,PREVENTIVE_RISK_GATE
2020-10-13 09:26:00,82.7999999999963,S3,S3_A,2020-10-13,2020,2020-10,0.0,1200.0,1827.2,0.0,PREVENTIVE_RISK_GATE
2020-10-14 09:06:00,162.7999999999946,S3,S3_A,2020-10-14,2020,2020-10,0.0,1200.0,1827.2,0.0,PREVENTIVE_RISK_GATE
2020-10-15 09:20:00,592.8000000000013,S3,S3_A,2020-10-15,2020,2020-10,0.0,1200.0,1827.2,0.0,PREVENTIVE_RISK_GATE
2020-10-15 11:33:00,592.8000000000013,S3,S3_A,2020-10-15,2020,2020-10,0.0,1200.0,1827.2,0.0,PREVENTIVE_RISK_GATE
2020-10-15 13:28:00,-97.2000000000034,S3,S3_A,2020-10-15,2020,2020-10,0.0,1200.0,1827.2,0.0,PREVENTIVE_RISK_GATE
2020-10-16 09:50:00,-757.2,S3,S3_A,2020-10-16,2020,2020-10,0.0,1200.0,1827.2,0.0,PREVENTIVE_RISK_GATE
2020-10-19 09:02:00,-7.2,S3,S3_A,2020-10-19,2020,2020-10,0.0,1200.0,1827.2,0.0,PREVENTIVE_RISK_GATE
2020-10-20 09:14:00,-707.1999999999957,S3,S3_A,2020-10-20,2020,2020-10,0.0,1200.0,1827.2,0.0,PREVENTIVE_RISK_GATE
2020-10-21 09:31:00,-847.1999999999964,S3,S3_A,2020-10-21,2020,2020-10,0.0,1200.0,1827.2,0.0,PREVENTIVE_RISK_GATE
2020-10-22 09:01:00,592.8000000000013,S3,S3_A,2020-10-22,2020,2020-10,0.0,1200.0,1827.2,0.0,PREVENTIVE_RISK_GATE
2020-10-22 11:15:00,-347.2000000000034,S3,S3_A,2020-10-22,2020,2020-10,0.0,1200.0,1827.2,0.0,PREVENTIVE_RISK_GATE
2020-10-23 09:02:00,-1127.1999999999975,S3,S3_A,2020-10-23,2020,2020-10,0.0,1200.0,1827.2,0.0,PREVENTIVE_RISK_GATE
2020-10-26 09:02:00,52.799999999995165,S3,S3_A,2020-10-26,2020,2020-10,0.0,1200.0,1827.2,0.0,PREVENTIVE_RISK_GATE
2020-10-27 09:02:00,-847.1999999999964,S3,S3_A,2020-10-27,2020,2020-10,0.0,1200.0,1827.2,0.0,PREVENTIVE_RISK_GATE
2020-11-02 09:50:00,242.8,S3,S3_B,2020-11-02,2020,2020-11,-661.5999999999973,1200.0,807.2,-232.0,PREVENTIVE_RISK_GATE
2020-11-02 10:19:00,242.8,S3,S3_B,2020-11-02,2020,2020-11,-748.7999999999973,1200.0,807.2,-232.0,PREVENTIVE_RISK_GATE
2020-11-02 12:45:00,92.80228881835936,S3,S3_B,2020-11-02,2020,2020-11,-748.7999999999973,1200.0,807.2,-232.0,PREVENTIVE_RISK_GATE
2020-12-02 09:09:00,592.8000000000013,S3,S3_A,2020-12-02,2020,2020-12,0.0,1200.0,1827.2,0.0,PREVENTIVE_RISK_GATE
2020-12-02 11:21:00,2.7999999999980103,S3,S3_A,2020-12-02,2020,2020-12,72.8,1243.68,1827.2,0.0,PREVENTIVE_RISK_GATE
2020-12-03 09:25:00,592.8000000000013,S3,S3_A,2020-12-03,2020,2020-12,0.0,1200.0,1827.2,0.0,PREVENTIVE_RISK_GATE
2020-12-03 12:51:00,-127.19999999999744,S3,S3_A,2020-12-03,2020,2020-12,-14.400000000000006,1200.0,1827.2,0.0,PREVENTIVE_RISK_GATE
2020-12-08 09:01:00,82.7999999999963,S3,S3_A,2020-12-08,2020,2020-12,0.0,1200.0,1827.2,-28.799999999995634,PREVENTIVE_RISK_GATE
2020-12-21 09:02:00,-727.1999999999989,S3,S3_A,2020-12-21,2020,2020-12,0.0,1200.0,1827.2,-28.80000000000291,PREVENTIVE_RISK_GATE
2020-12-22 09:26:00,-97.19999999999632,S3,S3_A,2020-12-22,2020,2020-12,0.0,1200.0,1827.2,-43.200000000004366,PREVENTIVE_RISK_GATE
2020-12-23 09:56:00,592.8000000000013,S3,S3_A,2020-12-23,2020,2020-12,0.0,1200.0,1827.2,-130.40000000000146,PREVENTIVE_RISK_GATE
2020-12-23 11:37:00,-77.20000000000029,S3,S3_A,2020-12-23,2020,2020-12,-87.2,1200.0,1827.2,-130.40000000000146,PREVENTIVE_RISK_GATE
2021-01-05 09:11:00,592.8000000000013,S3,S3_A,2021-01-05,2021,2021-01,0.0,1200.0,1827.2,-28.80000000000291,PREVENTIVE_RISK_GATE
2021-01-05 09:35:00,592.8000000000013,S3,S3_A,2021-01-05,2021,2021-01,0.0,1200.0,1827.2,-28.80000000000291,PREVENTIVE_RISK_GATE
2021-01-05 11:15:00,-347.2000000000034,S3,S3_A,2021-01-05,2021,2021-01,0.0,1200.0,1827.2,-28.80000000000291,PREVENTIVE_RISK_GATE
2021-01-18 09:32:00,-287.2000000000011,S3,S3_A,2021-01-18,2021,2021-01,0.0,1200.0,1827.2,0.0,PREVENTIVE_RISK_GATE
2021-01-19 09:08:00,182.7999999999977,S3,S3_A,2021-01-19,2021,2021-01,0.0,1200.0,1827.2,0.0,PREVENTIVE_RISK_GATE
2021-01-21 09:19:00,92.80000000000142,S3,S3_A,2021-01-21,2021,2021-01,0.0,1200.0,1827.2,-28.799999999995634,PREVENTIVE_RISK_GATE
2021-01-22 09:02:00,-827.2000000000003,S3,S3_A,2021-01-22,2021,2021-01,0.0,1200.0,1827.2,-43.19999999999709,PREVENTIVE_RISK_GATE
2021-01-25 09:42:00,392.7999999999986,S3,S3_A,2021-01-25,2021,2021-01,72.8,1243.68,1827.2,0.0,PREVENTIVE_RISK_GATE
2021-01-26 09:14:00,322.7999999999983,S3,S3_A,2021-01-26,2021,2021-01,-87.2,1200.0,1827.2,0.0,PREVENTIVE_RISK_GATE
2021-01-27 09:25:00,-367.1999999999994,S3,S3_A,2021-01-27,2021,2021-01,72.8,1243.68,1827.2,-101.59999999999854,PREVENTIVE_RISK_GATE
2021-01-28 09:40:00,592.8000000000013,S3,S3_A,2021-01-28,2021,2021-01,72.8,1243.68,1827.2,0.0,PREVENTIVE_RISK_GATE
2021-01-28 11:06:00,52.799999999995165,S3,S3_A,2021-01-28,2021,2021-01,-14.400000000000006,1200.0,1827.2,0.0,PREVENTIVE_RISK_GATE
2021-01-29 09:02:00,-767.199999999998,S3,S3_A,2021-01-29,2021,2021-01,0.0,1200.0,1827.2,-14.400000000001455,PREVENTIVE_RISK_GATE
2021-02-01 09:02:00,592.8000000000013,S3,S3_A,2021-02-01,2021,2021-02,0.0,1200.0,1827.2,-28.80000000000291,PREVENTIVE_RISK_GATE
2021-02-01 13:39:00,-47.19999999999915,S3,S3_A,2021-02-01,2021,2021-02,0.0,1200.0,1827.2,-28.80000000000291,PREVENTIVE_RISK_GATE
2021-03-01 13:16:00,442.80000000000285,S3,S3_C,2021-03-01,2021,2021-03,-1007.2,1200.0,1007.2,-174.40000000000146,PREVENTIVE_RISK_GATE
2021-03-15 09:02:00,-1007.2,S3,S3_C,2021-03-15,2021,2021-03,0.0,1000.0,1007.2,-1049.5999999999913,PREVENTIVE_RISK_GATE
2021-03-17 10:16:00,-807.1999999999972,S3,S3_B,2021-03-17,2021,2021-03,-894.3999999999972,1200.0,807.2,-208.80366210937063,PREVENTIVE_RISK_GATE
2021-03-17 11:26:00,242.8,S3,S3_B,2021-03-17,2021,2021-03,-894.3999999999972,1200.0,807.2,-208.80366210937063,PREVENTIVE_RISK_GATE
2021-03-17 13:05:00,242.8,S3,S3_B,2021-03-17,2021,2021-03,-894.3999999999972,1200.0,807.2,-208.80366210937063,PREVENTIVE_RISK_GATE
2021-03-17 14:07:00,142.80152587890626,S3,S3_B,2021-03-17,2021,2021-03,-894.3999999999972,1200.0,807.2,-208.80366210937063,PREVENTIVE_RISK_GATE
2021-03-18 10:46:00,72.8,S2,S2_LV-1,2021-03-18,2021,2021-03,465.20000000000283,1279.1200000000017,87.2,-1103.2036621093648,MAX_9_TRADES
2021-03-18 10:51:00,242.8,S3,S3_B,2021-03-18,2021,2021-03,465.20000000000283,1279.1200000000017,807.2,-1103.2036621093648,MAX_9_TRADES
2021-03-18 12:36:00,242.8,S3,S3_B,2021-03-18,2021,2021-03,465.20000000000283,1279.1200000000017,807.2,-1103.2036621093648,MAX_9_TRADES
2021-03-18 12:39:00,-87.2,S2,S2_LV-1,2021-03-18,2021,2021-03,465.20000000000283,1279.1200000000017,87.2,-1103.2036621093648,MAX_9_TRADES
2021-03-18 12:51:00,242.8,S3,S3_B,2021-03-18,2021,2021-03,465.20000000000283,1279.1200000000017,807.2,-1103.2036621093648,MAX_9_TRADES
2021-03-18 13:00:00,242.8,S3,S3_B,2021-03-18,2021,2021-03,465.20000000000283,1279.1200000000017,807.2,-1103.2036621093648,MAX_9_TRADES
2021-03-18 13:07:00,72.8,S2,S2_LV-1,2021-03-18,2021,2021-03,465.20000000000283,1279.1200000000017,87.2,-1103.2036621093648,MAX_9_TRADES
2021-03-18 14:07:00,242.8,S3,S3_B,2021-03-18,2021,2021-03,465.20000000000283,1279.1200000000017,807.2,-1103.2036621093648,MAX_9_TRADES
2021-03-18 14:09:00,72.8,S2,S2_LV-1,2021-03-18,2021,2021-03,465.20000000000283,1279.1200000000017,87.2,-1103.2036621093648,MAX_9_TRADES
2021-03-18 14:11:00,242.8,S3,S3_B,2021-03-18,2021,2021-03,465.20000000000283,1279.1200000000017,807.2,-1103.2036621093648,MAX_9_TRADES
2021-03-18 14:12:00,242.8,S3,S3_B,2021-03-18,2021,2021-03,465.20000000000283,1279.1200000000017,807.2,-1103.2036621093648,MAX_9_TRADES
2021-03-18 14:16:00,242.8,S3,S3_B,2021-03-18,2021,2021-03,465.20000000000283,1279.1200000000017,807.2,-1103.2036621093648,MAX_9_TRADES
2021-03-18 14:23:00,-87.2,S2,S2_LV-1,2021-03-18,2021,2021-03,465.20000000000283,1279.1200000000017,87.2,-1103.2036621093648,MAX_9_TRADES
2021-03-23 14:49:00,-27.20000000000313,S3,S3_C,2021-03-23,2021,2021-03,-1036.0,1200.0,1007.2,-366.80366210936336,PREVENTIVE_RISK_GATE
2021-03-30 09:18:00,112.79999999999744,S3,S3_C,2021-03-30,2021,2021-03,0.0,1000.0,1007.2,-1783.2036621093575,PREVENTIVE_RISK_GATE
2021-03-31 09:28:00,442.80000000000285,S3,S3_C,2021-03-31,2021,2021-03,0.0,1000.0,1007.2,-1783.2036621093575,PREVENTIVE_RISK_GATE
2021-03-31 13:51:00,442.80000000000285,S3,S3_C,2021-03-31,2021,2021-03,0.0,1000.0,1007.2,-1783.2036621093575,PREVENTIVE_RISK_GATE
2021-04-01 11:26:00,442.80000000000285,S3,S3_C,2021-04-01,2021,2021-04,0.0,1000.0,1007.2,-1783.2036621093575,PREVENTIVE_RISK_GATE
2021-04-06 12:16:00,-527.2000000000032,S3,S3_C,2021-04-06,2021,2021-04,-157.2,1000.0,1007.2,-1783.2036621093575,PREVENTIVE_RISK_GATE
2021-04-08 11:41:00,442.80000000000285,S3,S3_C,2021-04-08,2021,2021-04,-157.2,1000.0,1007.2,-1797.603662109359,PREVENTIVE_RISK_GATE
2021-04-12 12:26:00,92.79999999999433,S3,S3_C,2021-04-12,2021,2021-04,142.8,635.6800000000001,1007.2,-1954.803662109356,PREVENTIVE_RISK_GATE
2021-04-13 09:22:00,242.8,S3,S3_B,2021-04-13,2021,2021-04,0.0,550.0,807.2,-1812.0036621093532,PREVENTIVE_RISK_GATE
2021-04-13 11:12:00,242.8,S3,S3_B,2021-04-13,2021,2021-04,72.8,593.68,807.2,-1812.0036621093532,PREVENTIVE_RISK_GATE
2021-04-14 09:05:00,592.8000000000013,S3,S3_A,2021-04-14,2021,2021-04,0.0,1000.0,1827.2,-1739.2036621093503,PREVENTIVE_RISK_GATE
2021-04-14 10:31:00,592.8000000000013,S3,S3_A,2021-04-14,2021,2021-04,-87.2,1000.0,1827.2,-1739.2036621093503,PREVENTIVE_RISK_GATE
2021-04-14 10:41:00,592.8000000000013,S3,S3_A,2021-04-14,2021,2021-04,-87.2,1000.0,1827.2,-1739.2036621093503,PREVENTIVE_RISK_GATE
2021-04-14 13:34:00,-177.2000000000017,S3,S3_A,2021-04-14,2021,2021-04,-14.400000000000006,1000.0,1827.2,-1739.2036621093503,PREVENTIVE_RISK_GATE
2021-04-20 09:09:00,-1407.199999999999,S3,S3_A,2021-04-20,2021,2021-04,0.0,1000.0,1827.2,-1556.805645751927,PREVENTIVE_RISK_GATE
2021-04-20 10:46:00,592.8000000000013,S3,S3_A,2021-04-20,2021,2021-04,0.0,1000.0,1827.2,-1556.805645751927,PREVENTIVE_RISK_GATE
2021-04-20 11:24:00,-767.199999999998,S3,S3_A,2021-04-20,2021,2021-04,0.0,1000.0,1827.2,-1556.805645751927,PREVENTIVE_RISK_GATE
2021-04-26 10:36:00,242.8,S3,S3_B,2021-04-26,2021,2021-04,-807.1999999999972,1000.0,807.2,-1556.805645751927,PREVENTIVE_RISK_GATE
2021-04-26 11:32:00,-297.20091552734374,S3,S3_B,2021-04-26,2021,2021-04,-807.1999999999972,1000.0,807.2,-1556.805645751927,PREVENTIVE_RISK_GATE
2021-04-27 09:06:00,-77.19969482421875,S3,S3_B,2021-04-27,2021,2021-04,0.0,550.0,807.2,-2364.005645751924,PREVENTIVE_RISK_GATE
2021-04-28 09:12:00,592.8000000000013,S3,S3_A,2021-04-28,2021,2021-04,0.0,550.0,1827.2,-2364.005645751924,PREVENTIVE_RISK_GATE
2021-04-28 10:46:00,-297.20000000000624,S3,S3_A,2021-04-28,2021,2021-04,145.6,637.36,1827.2,-2364.005645751924,PREVENTIVE_RISK_GATE
2021-05-13 12:57:00,-427.2019836425781,S3,S3_B,2021-05-13,2021,2021-05,1505.1999999999998,1400.0,807.2,-1244.4056457519255,MAX_9_TRADES
2021-06-08 09:01:00,592.7999999999943,S3,S3_A,2021-06-08,2021,2021-06,0.0,1200.0,1827.2,0.0,PREVENTIVE_RISK_GATE
2021-06-08 12:41:00,72.79999999999829,S3,S3_A,2021-06-08,2021,2021-06,-174.4,1200.0,1827.2,0.0,PREVENTIVE_RISK_GATE
2021-06-21 10:04:00,242.8,S3,S3_B,2021-06-21,2021,2021-06,-734.3999999999972,1200.0,807.2,-434.40000000000146,PREVENTIVE_RISK_GATE
2021-06-21 10:08:00,242.8,S3,S3_B,2021-06-21,2021,2021-06,-734.3999999999972,1200.0,807.2,-434.40000000000146,PREVENTIVE_RISK_GATE
2021-06-21 10:19:00,242.8,S3,S3_B,2021-06-21,2021,2021-06,-588.7999999999973,1200.0,807.2,-434.40000000000146,PREVENTIVE_RISK_GATE
2021-06-21 12:22:00,-347.196337890625,S3,S3_B,2021-06-21,2021,2021-06,-588.7999999999973,1200.0,807.2,-434.40000000000146,PREVENTIVE_RISK_GATE
2021-06-29 09:01:00,352.79999999999944,S3,S3_A,2021-06-29,2021,2021-06,0.0,1200.0,1827.2,-816.4000000000015,PREVENTIVE_RISK_GATE
2021-07-07 10:31:00,442.80000000000285,S3,S3_C,2021-07-07,2021,2021-07,-1007.2,1200.0,1007.2,-800.4000000000015,PREVENTIVE_RISK_GATE
2021-07-08 09:46:00,442.80000000000285,S3,S3_C,2021-07-08,2021,2021-07,142.8,635.6800000000001,1007.2,-1807.5999999999985,PREVENTIVE_RISK_GATE
2021-07-16 10:11:00,442.80000000000285,S3,S3_C,2021-07-16,2021,2021-07,0.0,1000.0,1007.2,-1693.5999999999985,PREVENTIVE_RISK_GATE
2021-07-29 09:03:00,592.7999999999943,S3,S3_A,2021-07-29,2021,2021-07,0.0,1000.0,1827.2,-1637.199999999997,PREVENTIVE_RISK_GATE
2021-07-29 12:31:00,-197.1999999999977,S3,S3_A,2021-07-29,2021,2021-07,145.6,1087.36,1827.2,-1637.199999999997,PREVENTIVE_RISK_GATE
2021-07-30 09:15:00,592.7999999999943,S3,S3_A,2021-07-30,2021,2021-07,0.0,1000.0,1827.2,-1491.5999999999985,PREVENTIVE_RISK_GATE
2021-08-02 09:26:00,592.7999999999943,S3,S3_A,2021-08-02,2021,2021-08,0.0,1000.0,1827.2,-1578.7999999999956,PREVENTIVE_RISK_GATE
2021-08-02 10:36:00,-1407.2000000000055,S3,S3_A,2021-08-02,2021,2021-08,-14.400000000000006,1000.0,1827.2,-1578.7999999999956,PREVENTIVE_RISK_GATE
2021-08-02 11:09:00,-17.200000000005115,S3,S3_A,2021-08-02,2021,2021-08,131.2,1078.72,1827.2,-1578.7999999999956,PREVENTIVE_RISK_GATE
2021-10-28 11:11:00,442.80000000000285,S3,S3_C,2021-10-28,2021,2021-10,-314.4,1200.0,1007.2,-501.6000000000058,PREVENTIVE_RISK_GATE
2021-11-26 10:56:00,142.8,S2,S2_HV-2,2021-11-26,2021,2021-11,985.1999999999998,1400.0,157.2,0.0,MAX_9_TRADES
2021-11-26 11:01:00,-157.2,S2,S2_HV-2,2021-11-26,2021,2021-11,985.1999999999998,1400.0,157.2,0.0,MAX_9_TRADES
2021-11-26 11:03:00,142.8,S2,S2_HV-1,2021-11-26,2021,2021-11,985.1999999999998,1400.0,157.2,0.0,MAX_9_TRADES
2021-11-26 11:19:00,142.8,S2,S2_HV-1,2021-11-26,2021,2021-11,985.1999999999998,1400.0,157.2,0.0,MAX_9_TRADES
2021-11-29 10:08:00,-157.2,S2,S2_HV-1,2021-11-29,2021,2021-11,-1164.4,1200.0,157.2,0.0,PREVENTIVE_RISK_GATE
2021-11-29 10:08:00,-157.2,S2,S2_HV-2,2021-11-29,2021,2021-11,-1164.4,1200.0,157.2,0.0,PREVENTIVE_RISK_GATE
2021-11-29 10:26:00,-157.2,S2,S2_HV-2,2021-11-29,2021,2021-11,-1164.4,1200.0,157.2,0.0,PREVENTIVE_RISK_GATE
2021-11-29 10:38:00,-157.2,S2,S2_HV-1,2021-11-29,2021,2021-11,-1164.4,1200.0,157.2,0.0,PREVENTIVE_RISK_GATE
2021-11-29 10:38:00,-157.2,S2,S2_HV-2,2021-11-29,2021,2021-11,-1164.4,1200.0,157.2,0.0,PREVENTIVE_RISK_GATE
2021-11-29 10:44:00,142.8,S2,S2_HV-1,2021-11-29,2021,2021-11,-1164.4,1200.0,157.2,0.0,PREVENTIVE_RISK_GATE
2022-02-11 13:47:00,-157.2,S2,S2_HV-2,2022-02-11,2022,2022-02,-214.7999999999999,1200.0,157.2,-30.0,MAX_9_TRADES
2022-02-11 13:50:00,-157.2,S2,S2_HV-1,2022-02-11,2022,2022-02,-214.7999999999999,1200.0,157.2,-30.0,MAX_9_TRADES
2022-02-17 09:09:00,442.80000000000285,S3,S3_D,2022-02-17,2022,2022-02,0.0,1200.0,1407.2,0.0,PREVENTIVE_RISK_GATE
2022-02-17 09:50:00,442.80000000000285,S3,S3_D,2022-02-17,2022,2022-02,128.40000000000003,1277.04,1407.2,0.0,PREVENTIVE_RISK_GATE
2022-02-17 10:24:00,442.80000000000285,S3,S3_D,2022-02-17,2022,2022-02,128.40000000000003,1277.04,1407.2,0.0,PREVENTIVE_RISK_GATE
2022-02-18 12:49:00,-437.2003051757813,S3,S3_D,2022-02-18,2022,2022-02,-328.79999999999995,1200.0,1407.2,0.0,PREVENTIVE_RISK_GATE
2022-03-01 10:36:00,142.8,S2,S2_HV-2,2022-03-01,2022,2022-03,385.2000000000001,1400.0,157.2,-186.0,MAX_9_TRADES
2022-03-01 10:46:00,142.8,S2,S2_HV-1,2022-03-01,2022,2022-03,385.2000000000001,1400.0,157.2,-186.0,MAX_9_TRADES
2022-03-01 10:47:00,142.8,S2,S2_HV-2,2022-03-01,2022,2022-03,385.2000000000001,1400.0,157.2,-186.0,MAX_9_TRADES
2022-03-01 10:53:00,-157.2,S2,S2_HV-1,2022-03-01,2022,2022-03,385.2000000000001,1400.0,157.2,-186.0,MAX_9_TRADES
2022-03-01 10:53:00,-157.2,S2,S2_HV-2,2022-03-01,2022,2022-03,385.2000000000001,1400.0,157.2,-186.0,MAX_9_TRADES
2022-03-01 11:11:00,142.8,S2,S2_HV-1,2022-03-01,2022,2022-03,385.2000000000001,1400.0,157.2,-186.0,MAX_9_TRADES
2022-03-01 11:35:00,142.8,S2,S2_HV-1,2022-03-01,2022,2022-03,385.2000000000001,1400.0,157.2,-186.0,MAX_9_TRADES
2022-03-01 11:40:00,142.8,S2,S2_HV-2,2022-03-01,2022,2022-03,385.2000000000001,1400.0,157.2,-186.0,MAX_9_TRADES
2022-03-01 11:42:00,142.8,S2,S2_HV-1,2022-03-01,2022,2022-03,385.2000000000001,1400.0,157.2,-186.0,MAX_9_TRADES
2022-03-01 11:42:00,142.8,S2,S2_HV-2,2022-03-01,2022,2022-03,385.2000000000001,1400.0,157.2,-186.0,MAX_9_TRADES
2022-03-01 12:31:00,142.8,S2,S2_HV-2,2022-03-01,2022,2022-03,385.2000000000001,1400.0,157.2,-186.0,MAX_9_TRADES
2022-03-03 10:18:00,-157.2,S2,S2_HV-1,2022-03-03,2022,2022-03,-214.7999999999999,1200.0,157.2,0.0,MAX_9_TRADES
2022-03-03 10:25:00,-157.2,S2,S2_HV-1,2022-03-03,2022,2022-03,-214.7999999999999,1200.0,157.2,0.0,MAX_9_TRADES
2022-03-03 10:25:00,142.8,S2,S2_HV-2,2022-03-03,2022,2022-03,-214.7999999999999,1200.0,157.2,0.0,MAX_9_TRADES
2022-03-03 10:27:00,142.8,S2,S2_HV-1,2022-03-03,2022,2022-03,-214.7999999999999,1200.0,157.2,0.0,MAX_9_TRADES
2022-03-07 11:21:00,-157.2,S2,S2_HV-2,2022-03-07,2022,2022-03,-514.8,1200.0,157.2,0.0,MAX_9_TRADES
2022-03-07 11:29:00,142.8,S2,S2_HV-1,2022-03-07,2022,2022-03,-514.8,1200.0,157.2,0.0,MAX_9_TRADES
2022-03-07 13:03:00,142.8,S2,S2_HV-2,2022-03-07,2022,2022-03,-514.8,1200.0,157.2,0.0,MAX_9_TRADES
2022-03-07 13:05:00,142.8,S2,S2_HV-2,2022-03-07,2022,2022-03,-514.8,1200.0,157.2,0.0,MAX_9_TRADES
2022-03-07 13:10:00,142.8,S2,S2_HV-1,2022-03-07,2022,2022-03,-514.8,1200.0,157.2,0.0,MAX_9_TRADES
2022-03-07 13:18:00,142.8,S2,S2_HV-1,2022-03-07,2022,2022-03,-514.8,1200.0,157.2,0.0,MAX_9_TRADES
2022-03-07 13:26:00,-157.2,S2,S2_HV-1,2022-03-07,2022,2022-03,-514.8,1200.0,157.2,0.0,MAX_9_TRADES
2022-03-08 09:56:00,-157.2,S2,S2_HV-2,2022-03-08,2022,2022-03,985.1999999999998,1400.0,157.2,-514.8000000000029,MAX_9_TRADES
2022-03-08 10:09:00,142.8,S2,S2_HV-1,2022-03-08,2022,2022-03,985.1999999999998,1400.0,157.2,-514.8000000000029,MAX_9_TRADES
2022-03-08 10:28:00,142.8,S2,S2_HV-1,2022-03-08,2022,2022-03,985.1999999999998,1400.0,157.2,-514.8000000000029,MAX_9_TRADES
2022-03-08 10:28:00,142.8,S2,S2_HV-2,2022-03-08,2022,2022-03,985.1999999999998,1400.0,157.2,-514.8000000000029,MAX_9_TRADES
2022-03-08 10:48:00,-157.2,S2,S2_HV-1,2022-03-08,2022,2022-03,985.1999999999998,1400.0,157.2,-514.8000000000029,MAX_9_TRADES
2022-03-08 10:49:00,-157.2,S2,S2_HV-1,2022-03-08,2022,2022-03,985.1999999999998,1400.0,157.2,-514.8000000000029,MAX_9_TRADES
2022-03-08 12:19:00,-157.2,S2,S2_HV-1,2022-03-08,2022,2022-03,985.1999999999998,1400.0,157.2,-514.8000000000029,MAX_9_TRADES
2022-03-08 12:21:00,-157.2,S2,S2_HV-1,2022-03-08,2022,2022-03,985.1999999999998,1400.0,157.2,-514.8000000000029,MAX_9_TRADES
2022-03-08 12:29:00,-157.2,S2,S2_HV-1,2022-03-08,2022,2022-03,985.1999999999998,1400.0,157.2,-514.8000000000029,MAX_9_TRADES
2022-03-08 12:32:00,-157.2,S2,S2_HV-1,2022-03-08,2022,2022-03,985.1999999999998,1400.0,157.2,-514.8000000000029,MAX_9_TRADES
2022-03-08 12:36:00,142.8,S2,S2_HV-1,2022-03-08,2022,2022-03,985.1999999999998,1400.0,157.2,-514.8000000000029,MAX_9_TRADES
2022-03-10 10:31:00,142.8,S2,S2_HV-1,2022-03-10,2022,2022-03,-814.8,1200.0,157.2,-57.599999999998545,MAX_9_TRADES
2022-03-11 09:04:00,-1407.2000000000055,S3,S3_D,2022-03-11,2022,2022-03,0.0,1200.0,1407.2,-872.4000000000015,PREVENTIVE_RISK_GATE
2022-03-11 11:43:00,-157.2,S2,S2_HV-1,2022-03-11,2022,2022-03,-1150.4000000000055,1200.0,157.2,-872.4000000000015,PREVENTIVE_RISK_GATE
2022-03-11 12:33:00,142.8,S2,S2_HV-1,2022-03-11,2022,2022-03,-1150.4000000000055,1200.0,157.2,-872.4000000000015,PREVENTIVE_RISK_GATE
2022-03-11 13:50:00,-287.20640869140624,S3,S3_D,2022-03-11,2022,2022-03,-1150.4000000000055,1200.0,1407.2,-872.4000000000015,PREVENTIVE_RISK_GATE
2022-03-14 13:16:00,142.8,S2,S2_HV-1,2022-03-14,2022,2022-03,1285.200000000003,1321.1200000000017,157.2,-2022.8000000000102,MAX_9_TRADES
2022-03-14 14:20:00,-1007.2,S3,S3_C,2022-03-14,2022,2022-03,1285.200000000003,1321.1200000000017,1007.2,-2022.8000000000102,MAX_9_TRADES
2022-03-14 14:24:00,-1407.2000000000055,S3,S3_D,2022-03-14,2022,2022-03,1285.200000000003,1321.1200000000017,1407.2,-2022.8000000000102,MAX_9_TRADES
2022-03-15 09:45:00,442.80000000000285,S3,S3_D,2022-03-15,2022,2022-03,128.40000000000003,1277.04,1407.2,-737.6000000000058,PREVENTIVE_RISK_GATE
2022-03-15 11:04:00,442.80000000000285,S3,S3_D,2022-03-15,2022,2022-03,-43.19999999999993,1200.0,1407.2,-737.6000000000058,PREVENTIVE_RISK_GATE
2022-03-15 11:28:00,-1407.2000000000055,S3,S3_D,2022-03-15,2022,2022-03,-43.19999999999993,1200.0,1407.2,-737.6000000000058,PREVENTIVE_RISK_GATE
2022-03-15 13:27:00,-1007.2,S3,S3_C,2022-03-15,2022,2022-03,85.2000000000001,1251.1200000000001,1007.2,-737.6000000000058,MAX_9_TRADES
2022-03-16 09:15:00,442.80000000000285,S3,S3_D,2022-03-16,2022,2022-03,0.0,1200.0,1407.2,-652.4000000000087,PREVENTIVE_RISK_GATE
2022-03-16 09:52:00,442.80000000000285,S3,S3_D,2022-03-16,2022,2022-03,-314.4,1200.0,1407.2,-652.4000000000087,PREVENTIVE_RISK_GATE
2022-03-16 10:15:00,442.80000000000285,S3,S3_D,2022-03-16,2022,2022-03,-628.8,1200.0,1407.2,-652.4000000000087,PREVENTIVE_RISK_GATE
2022-03-16 10:16:00,442.80000000000285,S3,S3_D,2022-03-16,2022,2022-03,-628.8,1200.0,1407.2,-652.4000000000087,PREVENTIVE_RISK_GATE
2022-03-16 10:59:00,-1407.2000000000055,S3,S3_D,2022-03-16,2022,2022-03,-643.1999999999999,1200.0,1407.2,-652.4000000000087,PREVENTIVE_RISK_GATE
2022-03-16 12:12:00,442.80000000000285,S3,S3_D,2022-03-16,2022,2022-03,-500.3999999999999,1200.0,1407.2,-652.4000000000087,PREVENTIVE_RISK_GATE
2022-03-16 14:20:00,-1007.2,S3,S3_C,2022-03-16,2022,2022-03,-500.3999999999999,1200.0,1007.2,-652.4000000000087,PREVENTIVE_RISK_GATE
2022-03-16 14:32:00,442.80000000000285,S3,S3_D,2022-03-16,2022,2022-03,-500.3999999999999,1200.0,1407.2,-652.4000000000087,PREVENTIVE_RISK_GATE
2022-03-18 09:23:00,442.80000000000285,S3,S3_D,2022-03-18,2022,2022-03,-314.4,1000.0,1407.2,-1653.2000000000044,PREVENTIVE_RISK_GATE
2022-03-18 10:30:00,442.80000000000285,S3,S3_C,2022-03-18,2022,2022-03,-328.79999999999995,1000.0,1007.2,-1653.2000000000044,PREVENTIVE_RISK_GATE
2022-03-18 11:49:00,442.80000000000285,S3,S3_D,2022-03-18,2022,2022-03,-328.79999999999995,1000.0,1407.2,-1653.2000000000044,PREVENTIVE_RISK_GATE
2022-03-18 13:20:00,-317.20518798828124,S3,S3_D,2022-03-18,2022,2022-03,-328.79999999999995,1000.0,1407.2,-1653.2000000000044,PREVENTIVE_RISK_GATE
2022-03-18 14:13:00,442.80000000000285,S3,S3_C,2022-03-18,2022,2022-03,-328.79999999999995,1000.0,1007.2,-1653.2000000000044,PREVENTIVE_RISK_GATE
2022-03-25 11:29:00,142.8,S2,S2_HV-2,2022-03-25,2022,2022-03,385.2000000000001,1400.0,157.2,-969.2000000000044,MAX_9_TRADES
2022-03-25 11:33:00,142.8,S2,S2_HV-1,2022-03-25,2022,2022-03,385.2000000000001,1400.0,157.2,-969.2000000000044,MAX_9_TRADES
2022-03-25 13:36:00,142.8,S2,S2_HV-1,2022-03-25,2022,2022-03,385.2000000000001,1400.0,157.2,-969.2000000000044,MAX_9_TRADES
2022-03-25 14:29:00,-157.2,S2,S2_HV-1,2022-03-25,2022,2022-03,385.2000000000001,1400.0,157.2,-969.2000000000044,MAX_9_TRADES
2022-03-28 12:51:00,142.8,S2,S2_HV-1,2022-03-28,2022,2022-03,1885.2000000000087,1400.0,157.2,-584.0000000000073,MAX_9_TRADES
2022-03-29 13:23:00,-157.2,S2,S2_HV-1,2022-03-29,2022,2022-03,985.200000000003,1400.0,157.2,0.0,MAX_9_TRADES
2022-03-31 11:00:00,442.80000000000285,S3,S3_D,2022-03-31,2022,2022-03,-407.6000000000028,1200.0,1407.2,0.0,PREVENTIVE_RISK_GATE
2022-03-31 11:48:00,-1407.2000000000055,S3,S3_D,2022-03-31,2022,2022-03,-407.6000000000028,1200.0,1407.2,0.0,PREVENTIVE_RISK_GATE
2022-03-31 12:40:00,442.80000000000285,S3,S3_C,2022-03-31,2022,2022-03,-407.6000000000028,1200.0,1007.2,0.0,PREVENTIVE_RISK_GATE
2022-04-04 11:02:00,442.80000000000285,S3,S3_D,2022-04-04,2022,2022-04,0.0,1200.0,1407.2,-436.40000000000873,PREVENTIVE_RISK_GATE
2022-04-05 11:16:00,442.80000000000285,S3,S3_D,2022-04-05,2022,2022-04,0.0,1200.0,1407.2,-488.00030517578125,PREVENTIVE_RISK_GATE
2022-04-07 11:49:00,-157.2,S2,S2_HV-2,2022-04-07,2022,2022-04,85.2000000000001,1251.1200000000001,157.2,0.0,MAX_9_TRADES
2022-04-07 11:53:00,142.8,S2,S2_HV-1,2022-04-07,2022,2022-04,85.2000000000001,1251.1200000000001,157.2,0.0,MAX_9_TRADES
2022-04-07 12:13:00,142.8,S2,S2_HV-1,2022-04-07,2022,2022-04,85.2000000000001,1251.1200000000001,157.2,0.0,MAX_9_TRADES
2022-04-07 12:40:00,142.8,S2,S2_HV-2,2022-04-07,2022,2022-04,85.2000000000001,1251.1200000000001,157.2,0.0,MAX_9_TRADES
2022-04-12 11:47:00,-7.2,S3,S3_D,2022-04-12,2022,2022-04,128.40000000000003,1277.04,1407.2,0.0,PREVENTIVE_RISK_GATE
2022-04-14 10:08:00,442.80000000000285,S3,S3_D,2022-04-14,2022,2022-04,0.0,1200.0,1407.2,0.0,PREVENTIVE_RISK_GATE
2022-04-14 12:06:00,442.80000000000285,S3,S3_D,2022-04-14,2022,2022-04,0.0,1200.0,1407.2,0.0,PREVENTIVE_RISK_GATE
2022-04-14 12:46:00,442.80000000000285,S3,S3_D,2022-04-14,2022,2022-04,0.0,1200.0,1407.2,0.0,PREVENTIVE_RISK_GATE
2022-04-18 09:02:00,442.80000000000285,S3,S3_D,2022-04-18,2022,2022-04,0.0,1200.0,1407.2,0.0,PREVENTIVE_RISK_GATE
2022-04-22 09:38:00,442.80000000000285,S3,S3_D,2022-04-22,2022,2022-04,0.0,1200.0,1407.2,-44.3999999999869,PREVENTIVE_RISK_GATE
2022-04-22 11:17:00,442.80000000000285,S3,S3_D,2022-04-22,2022,2022-04,0.0,1200.0,1407.2,-44.3999999999869,PREVENTIVE_RISK_GATE
2022-04-27 10:57:00,442.80000000000285,S3,S3_D,2022-04-27,2022,2022-04,128.40000000000003,1077.04,1407.2,-1015.2000000000044,PREVENTIVE_RISK_GATE
2022-04-29 09:10:00,442.80000000000285,S3,S3_D,2022-04-29,2022,2022-04,0.0,1000.0,1407.2,-1291.2000000000116,PREVENTIVE_RISK_GATE
2022-04-29 13:31:00,-947.20244140625,S3,S3_D,2022-04-29,2022,2022-04,128.40000000000003,1077.04,1407.2,-1291.2000000000116,PREVENTIVE_RISK_GATE
2022-05-02 09:41:00,-1407.2000000000055,S3,S3_D,2022-05-02,2022,2022-05,0.0,1000.0,1407.2,-1162.8000000000102,PREVENTIVE_RISK_GATE
2022-05-03 09:32:00,442.80000000000285,S3,S3_D,2022-05-03,2022,2022-05,0.0,1000.0,1407.2,-1162.8000000000102,PREVENTIVE_RISK_GATE
2022-05-05 13:03:00,142.8,S2,S2_HV-1,2022-05-05,2022,2022-05,685.2,1400.0,157.2,-192.00000000001455,MAX_9_TRADES
2022-05-09 09:07:00,-1407.2000000000055,S3,S3_D,2022-05-09,2022,2022-05,0.0,1200.0,1407.2,0.0,PREVENTIVE_RISK_GATE
2022-05-09 12:18:00,442.80000000000285,S3,S3_C,2022-05-09,2022,2022-05,685.2,1400.0,1007.2,0.0,MAX_9_TRADES
2022-05-09 13:45:00,-157.2,S2,S2_HV-1,2022-05-09,2022,2022-05,685.2,1400.0,157.2,0.0,MAX_9_TRADES
2022-05-10 11:58:00,142.8,S2,S2_HV-1,2022-05-10,2022,2022-05,1585.2000000000085,1400.0,157.2,0.0,MAX_9_TRADES
2022-05-10 12:03:00,142.8,S2,S2_HV-1,2022-05-10,2022,2022-05,1585.2000000000085,1400.0,157.2,0.0,MAX_9_TRADES
2022-05-10 13:16:00,442.80000000000285,S3,S3_C,2022-05-10,2022,2022-05,1585.2000000000085,1400.0,1007.2,0.0,MAX_9_TRADES
2022-05-10 13:20:00,-157.2,S2,S2_HV-1,2022-05-10,2022,2022-05,1585.2000000000085,1400.0,157.2,0.0,MAX_9_TRADES
2022-05-11 10:30:00,442.80000000000285,S3,S3_D,2022-05-11,2022,2022-05,128.40000000000003,1277.04,1407.2,0.0,PREVENTIVE_RISK_GATE
2022-05-12 09:09:00,442.80000000000285,S3,S3_D,2022-05-12,2022,2022-05,0.0,1200.0,1407.2,0.0,PREVENTIVE_RISK_GATE
2022-05-12 09:22:00,442.80000000000285,S3,S3_D,2022-05-12,2022,2022-05,0.0,1200.0,1407.2,0.0,PREVENTIVE_RISK_GATE
2022-05-12 12:20:00,-1057.2030517578123,S3,S3_D,2022-05-12,2022,2022-05,-1036.0,1200.0,1407.2,0.0,PREVENTIVE_RISK_GATE
2022-05-12 13:59:00,-17.200000000005115,S3,S3_C,2022-05-12,2022,2022-05,-1036.0,1200.0,1007.2,0.0,PREVENTIVE_RISK_GATE
2022-05-13 09:25:00,442.80000000000285,S3,S3_D,2022-05-13,2022,2022-05,0.0,1000.0,1407.2,-1036.0,PREVENTIVE_RISK_GATE
2022-05-13 10:14:00,-1007.2,S3,S3_C,2022-05-13,2022,2022-05,-14.399999999999977,1000.0,1007.2,-1036.0,PREVENTIVE_RISK_GATE
2022-06-02 12:34:00,-157.2,S2,S2_HV-2,2022-06-02,2022,2022-06,85.2000000000001,1251.1200000000001,157.2,0.0,MAX_9_TRADES
2022-06-13 10:55:00,-157.2,S2,S2_HV-1,2022-06-13,2022,2022-06,-1178.8,1200.0,157.2,-72.0,PREVENTIVE_RISK_GATE
2022-06-13 12:38:00,-157.2,S2,S2_HV-1,2022-06-13,2022,2022-06,-1178.8,1200.0,157.2,-72.0,PREVENTIVE_RISK_GATE
2022-06-13 13:13:00,142.8,S2,S2_HV-1,2022-06-13,2022,2022-06,-1178.8,1200.0,157.2,-72.0,PREVENTIVE_RISK_GATE
2022-06-15 13:04:00,442.80000000000285,S3,S3_D,2022-06-15,2022,2022-06,128.40000000000003,1077.04,1407.2,-1008.4000000000087,PREVENTIVE_RISK_GATE
2022-06-16 13:38:00,142.8,S2,S2_HV-1,2022-06-16,2022,2022-06,35.2000000000001,1221.1200000000001,157.2,-737.2000000000116,MAX_9_TRADES
2022-06-16 13:43:00,-257.2,S3,S3_D,2022-06-16,2022,2022-06,35.2000000000001,1221.1200000000001,1407.2,-737.2000000000116,MAX_9_TRADES
2022-06-20 09:27:00,442.80000000000285,S3,S3_D,2022-06-20,2022,2022-06,0.0,1000.0,1407.2,-1566.8000000000175,PREVENTIVE_RISK_GATE
2022-06-20 11:47:00,-277.19664306640624,S3,S3_D,2022-06-20,2022,2022-06,-314.4,1000.0,1407.2,-1566.8000000000175,PREVENTIVE_RISK_GATE
2022-06-22 10:14:00,-1007.2,S3,S3_C,2022-06-22,2022,2022-06,285.6,721.36,1007.2,-1924.4000000000233,PREVENTIVE_RISK_GATE
2022-06-22 10:25:00,442.80000000000285,S3,S3_D,2022-06-22,2022,2022-06,285.6,721.36,1407.2,-1924.4000000000233,PREVENTIVE_RISK_GATE
2022-06-22 10:35:00,442.80000000000285,S3,S3_C,2022-06-22,2022,2022-06,128.40000000000003,627.04,1007.2,-1924.4000000000233,PREVENTIVE_RISK_GATE
2022-06-22 11:28:00,-1007.2,S3,S3_C,2022-06-22,2022,2022-06,271.20000000000005,712.72,1007.2,-1924.4000000000233,PREVENTIVE_RISK_GATE
2022-06-22 12:01:00,442.80000000000285,S3,S3_D,2022-06-22,2022,2022-06,256.80000000000007,704.08,1407.2,-1924.4000000000233,PREVENTIVE_RISK_GATE
2022-06-22 12:03:00,442.80000000000285,S3,S3_C,2022-06-22,2022,2022-06,256.80000000000007,704.08,1007.2,-1924.4000000000233,PREVENTIVE_RISK_GATE
2022-06-22 13:51:00,92.79847412109376,S3,S3_D,2022-06-22,2022,2022-06,399.6000000000001,789.76,1407.2,-1924.4000000000233,PREVENTIVE_RISK_GATE
2022-06-23 12:37:00,442.80000000000285,S3,S3_D,2022-06-23,2022,2022-06,1585.2000000000114,1400.0,1407.2,-1382.000000000029,MAX_9_TRADES
2022-06-23 12:49:00,142.8,S2,S2_HV-1,2022-06-23,2022,2022-06,1585.2000000000114,1400.0,157.2,-1382.000000000029,MAX_9_TRADES
2022-06-23 13:05:00,442.80000000000285,S3,S3_C,2022-06-23,2022,2022-06,1585.2000000000114,1400.0,1007.2,-1382.000000000029,MAX_9_TRADES
2022-06-27 10:06:00,442.80000000000285,S3,S3_D,2022-06-27,2022,2022-06,0.0,1200.0,1407.2,0.0,PREVENTIVE_RISK_GATE
2022-06-27 10:59:00,442.80000000000285,S3,S3_D,2022-06-27,2022,2022-06,-1007.2,1200.0,1407.2,0.0,PREVENTIVE_RISK_GATE
2022-06-27 11:01:00,442.80000000000285,S3,S3_C,2022-06-27,2022,2022-06,-1007.2,1200.0,1007.2,0.0,PREVENTIVE_RISK_GATE
2022-06-27 12:17:00,442.80000000000285,S3,S3_C,2022-06-27,2022,2022-06,-1007.2,1200.0,1007.2,0.0,PREVENTIVE_RISK_GATE
2022-06-27 12:47:00,442.80000000000285,S3,S3_D,2022-06-27,2022,2022-06,-1007.2,1200.0,1407.2,0.0,PREVENTIVE_RISK_GATE
2022-06-27 12:56:00,442.80000000000285,S3,S3_C,2022-06-27,2022,2022-06,-1007.2,1200.0,1007.2,0.0,PREVENTIVE_RISK_GATE
2022-06-30 10:40:00,-1407.2000000000055,S3,S3_D,2022-06-30,2022,2022-06,-607.5999999999974,1200.0,1407.2,-793.5999999999913,PREVENTIVE_RISK_GATE
2022-06-30 12:10:00,442.80000000000285,S3,S3_D,2022-06-30,2022,2022-06,-464.7999999999974,1200.0,1407.2,-793.5999999999913,MAX_9_TRADES
2022-07-01 09:43:00,442.80000000000285,S3,S3_D,2022-07-01,2022,2022-07,-864.4000000000001,1000.0,1407.2,-1258.3999999999942,PREVENTIVE_RISK_GATE
2022-07-01 09:46:00,142.8,S2,S2_HV-1,2022-07-01,2022,2022-07,-864.4000000000001,1000.0,157.2,-1258.3999999999942,PREVENTIVE_RISK_GATE
2022-07-01 10:05:00,142.8,S2,S2_HV-1,2022-07-01,2022,2022-07,-864.4000000000001,1000.0,157.2,-1258.3999999999942,PREVENTIVE_RISK_GATE
2022-07-01 12:43:00,442.80000000000285,S3,S3_D,2022-07-01,2022,2022-07,-864.4000000000001,1000.0,1407.2,-1258.3999999999942,PREVENTIVE_RISK_GATE
2022-07-01 12:49:00,442.80000000000285,S3,S3_C,2022-07-01,2022,2022-07,-864.4000000000001,1000.0,1007.2,-1258.3999999999942,PREVENTIVE_RISK_GATE
2022-07-04 10:10:00,-47.20091552734375,S3,S3_D,2022-07-04,2022,2022-07,0.0,550.0,1407.2,-2122.7999999999884,PREVENTIVE_RISK_GATE
2022-07-04 10:37:00,442.80000000000285,S3,S3_C,2022-07-04,2022,2022-07,0.0,550.0,1007.2,-2122.7999999999884,PREVENTIVE_RISK_GATE
2022-07-05 10:12:00,-1407.2000000000055,S3,S3_D,2022-07-05,2022,2022-07,99.60000000000008,609.76,1407.2,-2122.7999999999884,PREVENTIVE_RISK_GATE
2022-07-05 12:28:00,442.80000000000285,S3,S3_C,2022-07-05,2022,2022-07,99.60000000000008,609.76,1007.2,-2122.7999999999884,PREVENTIVE_RISK_GATE
2022-07-05 13:48:00,-437.2003051757813,S3,S3_D,2022-07-05,2022,2022-07,99.60000000000008,609.76,1407.2,-2122.7999999999884,PREVENTIVE_RISK_GATE
2022-07-06 10:25:00,-157.2,S2,S2_HV-2,2022-07-06,2022,2022-07,85.2000000000001,601.1200000000001,157.2,-2023.1999999999825,MAX_9_TRADES
2022-07-06 10:43:00,-157.2,S2,S2_HV-1,2022-07-06,2022,2022-07,85.2000000000001,601.1200000000001,157.2,-2023.1999999999825,MAX_9_TRADES
2022-07-06 10:43:00,-157.2,S2,S2_HV-2,2022-07-06,2022,2022-07,85.2000000000001,601.1200000000001,157.2,-2023.1999999999825,MAX_9_TRADES
2022-07-06 11:27:00,142.8,S2,S2_HV-1,2022-07-06,2022,2022-07,85.2000000000001,601.1200000000001,157.2,-2023.1999999999825,MAX_9_TRADES
2022-07-06 11:27:00,142.8,S2,S2_HV-2,2022-07-06,2022,2022-07,85.2000000000001,601.1200000000001,157.2,-2023.1999999999825,MAX_9_TRADES
2022-07-11 09:59:00,442.80000000000285,S3,S3_D,2022-07-11,2022,2022-07,128.40000000000003,1077.04,1407.2,-1552.7999999999884,PREVENTIVE_RISK_GATE
2022-07-12 09:18:00,442.80000000000285,S3,S3_D,2022-07-12,2022,2022-07,-157.2,1200.0,1407.2,-110.39999999997963,PREVENTIVE_RISK_GATE
2022-07-12 09:47:00,442.80000000000285,S3,S3_D,2022-07-12,2022,2022-07,-14.399999999999977,1200.0,1407.2,-110.39999999997963,PREVENTIVE_RISK_GATE
2022-07-12 10:02:00,442.80000000000285,S3,S3_D,2022-07-12,2022,2022-07,128.40000000000003,1277.04,1407.2,-110.39999999997963,PREVENTIVE_RISK_GATE
2022-07-12 10:52:00,442.80000000000285,S3,S3_D,2022-07-12,2022,2022-07,-593.2,1200.0,1407.2,-110.39999999997963,PREVENTIVE_RISK_GATE
2022-07-12 12:04:00,-237.1957275390625,S3,S3_D,2022-07-12,2022,2022-07,-450.40000000000003,1200.0,1407.2,-110.39999999997963,PREVENTIVE_RISK_GATE
2022-07-12 13:01:00,442.80000000000285,S3,S3_C,2022-07-12,2022,2022-07,-307.6,1200.0,1007.2,-110.39999999997963,PREVENTIVE_RISK_GATE
2022-07-18 09:02:00,442.80000000000285,S3,S3_D,2022-07-18,2022,2022-07,0.0,1200.0,1407.2,-28.80000000000291,PREVENTIVE_RISK_GATE
2022-07-19 12:20:00,442.80000000000285,S3,S3_D,2022-07-19,2022,2022-07,-450.39999999999714,1200.0,1407.2,0.0,PREVENTIVE_RISK_GATE
2022-07-19 12:44:00,-237.200000000004,S3,S3_C,2022-07-19,2022,2022-07,-450.39999999999714,1200.0,1007.2,0.0,PREVENTIVE_RISK_GATE
2022-07-20 12:30:00,142.8,S2,S2_HV-1,2022-07-20,2022,2022-07,1885.2000000000144,1400.0,157.2,-607.5999999999913,MAX_9_TRADES
2022-07-20 13:19:00,-807.1954223632813,S3,S3_D,2022-07-20,2022,2022-07,1885.2000000000144,1400.0,1407.2,-607.5999999999913,MAX_9_TRADES
2022-07-22 11:44:00,442.80000000000285,S3,S3_D,2022-07-22,2022,2022-07,-28.799999999999955,1200.0,1407.2,0.0,PREVENTIVE_RISK_GATE
2022-07-22 13:06:00,442.80000000000285,S3,S3_D,2022-07-22,2022,2022-07,-28.799999999999955,1200.0,1407.2,0.0,PREVENTIVE_RISK_GATE
2022-07-27 13:16:00,-157.2,S2,S2_HV-1,2022-07-27,2022,2022-07,685.2,1400.0,157.2,0.0,MAX_9_TRADES
2022-07-28 10:47:00,442.80000000000285,S3,S3_D,2022-07-28,2022,2022-07,-328.79999999999995,1200.0,1407.2,0.0,PREVENTIVE_RISK_GATE
2022-07-28 11:27:00,442.80000000000285,S3,S3_D,2022-07-28,2022,2022-07,-328.79999999999995,1200.0,1407.2,0.0,PREVENTIVE_RISK_GATE
2022-07-29 12:34:00,-1007.2,S3,S3_C,2022-07-29,2022,2022-07,-328.79999999999995,1200.0,1007.2,-328.8000000000029,PREVENTIVE_RISK_GATE
2022-08-01 13:38:00,-757.2,S3,S3_D,2022-08-01,2022,2022-08,-1136.0000000000055,1200.0,1407.2,-592.0,PREVENTIVE_RISK_GATE
2022-08-10 12:17:00,142.8,S2,S2_HV-1,2022-08-10,2022,2022-08,385.2000000000001,781.1200000000001,157.2,-2322.399999999994,MAX_9_TRADES
2022-08-10 12:39:00,142.8,S2,S2_HV-1,2022-08-10,2022,2022-08,385.2000000000001,781.1200000000001,157.2,-2322.399999999994,MAX_9_TRADES
2022-08-10 13:23:00,142.8,S2,S2_HV-1,2022-08-10,2022,2022-08,385.2000000000001,781.1200000000001,157.2,-2322.399999999994,MAX_9_TRADES
2022-08-11 12:01:00,442.80000000000285,S3,S3_D,2022-08-11,2022,2022-08,128.40000000000003,627.04,1407.2,-1937.199999999997,PREVENTIVE_RISK_GATE
2022-08-11 12:05:00,442.80000000000285,S3,S3_D,2022-08-11,2022,2022-08,128.40000000000003,627.04,1407.2,-1937.199999999997,PREVENTIVE_RISK_GATE
2022-08-23 09:18:00,442.80000000000285,S3,S3_D,2022-08-23,2022,2022-08,-157.2,1200.0,1407.2,-353.19999999998254,PREVENTIVE_RISK_GATE
2022-08-23 09:36:00,442.80000000000285,S3,S3_D,2022-08-23,2022,2022-08,-314.4,1200.0,1407.2,-353.19999999998254,PREVENTIVE_RISK_GATE
2022-09-01 12:41:00,-157.2,S2,S2_HV-1,2022-09-01,2022,2022-09,1035.2000000000085,1400.0,157.2,-72.0,MAX_9_TRADES
2022-09-01 12:41:00,262.8042724609375,S3,S3_D,2022-09-01,2022,2022-09,1035.2000000000085,1400.0,1407.2,-72.0,MAX_9_TRADES
2022-09-01 13:57:00,-207.20000000000283,S3,S3_C,2022-09-01,2022,2022-09,1035.2000000000085,1400.0,1007.2,-72.0,MAX_9_TRADES
2022-09-02 12:54:00,442.80000000000285,S3,S3_D,2022-09-02,2022,2022-09,-435.99999999999716,1200.0,1407.2,0.0,PREVENTIVE_RISK_GATE
2022-09-02 13:35:00,-637.1999999999955,S3,S3_C,2022-09-02,2022,2022-09,-593.1999999999971,1200.0,1007.2,0.0,PREVENTIVE_RISK_GATE
2022-09-02 13:44:00,242.8,S3,S3_D,2022-09-02,2022,2022-09,-593.1999999999971,1200.0,1407.2,0.0,PREVENTIVE_RISK_GATE
2022-09-05 12:27:00,-127.20274658203124,S3,S3_D,2022-09-05,2022,2022-09,0.0,1200.0,1407.2,-593.1999999999971,PREVENTIVE_RISK_GATE
2022-09-12 09:06:00,-997.1978637695312,S3,S3_D,2022-09-12,2022,2022-09,0.0,1200.0,1407.2,-552.8003051757696,PREVENTIVE_RISK_GATE
2022-09-12 10:00:00,442.80000000000285,S3,S3_C,2022-09-12,2022,2022-09,-314.4,1200.0,1007.2,-552.8003051757696,PREVENTIVE_RISK_GATE
2022-09-13 09:31:00,442.80000000000285,S3,S3_D,2022-09-13,2022,2022-09,-157.2,1200.0,1407.2,-724.4003051757754,PREVENTIVE_RISK_GATE
2022-09-21 11:43:00,142.8,S2,S2_HV-1,2022-09-21,2022,2022-09,85.2000000000001,1251.1200000000001,157.2,0.0,MAX_9_TRADES
2022-11-02 11:22:00,52.80000000000227,S3,S3_C,2022-11-02,2022,2022-11,0.0,1000.0,1007.2,-1007.1999999999971,PREVENTIVE_RISK_GATE
2022-11-14 10:03:00,442.80000000000285,S3,S3_C,2022-11-14,2022,2022-11,0.0,1000.0,1007.2,-1108.0000000000146,PREVENTIVE_RISK_GATE
2022-11-15 09:42:00,442.80000000000285,S3,S3_C,2022-11-15,2022,2022-11,-157.2,1000.0,1007.2,-1108.0000000000146,PREVENTIVE_RISK_GATE
2022-11-16 12:43:00,-287.2000000000011,S3,S3_C,2022-11-16,2022,2022-11,-14.399999999999977,1000.0,1007.2,-1451.2000000000116,PREVENTIVE_RISK_GATE
2022-12-05 11:56:00,-157.2,S2,S2_HV-1,2022-12-05,2022,2022-12,-1178.8,1200.0,157.2,0.0,PREVENTIVE_RISK_GATE
2022-12-05 12:28:00,142.8,S2,S2_HV-1,2022-12-05,2022,2022-12,-1178.8,1200.0,157.2,0.0,PREVENTIVE_RISK_GATE
2022-12-05 12:57:00,142.8,S2,S2_HV-1,2022-12-05,2022,2022-12,-1178.8,1200.0,157.2,0.0,PREVENTIVE_RISK_GATE
2022-12-22 09:04:00,442.80000000000285,S3,S3_C,2022-12-22,2022,2022-12,0.0,550.0,1007.2,-1885.199999999997,PREVENTIVE_RISK_GATE
2022-12-22 11:29:00,442.80000000000285,S3,S3_C,2022-12-22,2022,2022-12,285.6,721.36,1007.2,-1885.199999999997,PREVENTIVE_RISK_GATE
2023-03-03 11:03:00,242.8,S3,S3_B,2023-03-03,2023,2023-03,1135.2000000000028,1400.0,807.2,0.0,MAX_9_TRADES
2023-03-03 12:52:00,-37.198779296875,S3,S3_B,2023-03-03,2023,2023-03,1135.2000000000028,1400.0,807.2,0.0,MAX_9_TRADES
2023-03-15 13:12:00,-157.2,S2,S2_HV-1,2023-03-15,2023,2023-03,385.2000000000001,1400.0,157.2,-30.79999999998836,MAX_9_TRADES
2023-03-20 09:05:00,442.80000000000285,S3,S3_D,2023-03-20,2023,2023-03,0.0,1200.0,1407.2,-500.3999999999942,PREVENTIVE_RISK_GATE
2023-03-21 09:32:00,442.80000000000285,S3,S3_D,2023-03-21,2023,2023-03,142.8,1085.68,1407.2,-1319.199999999997,PREVENTIVE_RISK_GATE
2023-03-22 14:05:00,442.80000000000285,S3,S3_D,2023-03-22,2023,2023-03,128.40000000000003,1277.04,1407.2,-717.9999999999854,PREVENTIVE_RISK_GATE
2023-04-10 13:50:00,-87.2018310546875,S3,S3_B,2023-04-10,2023,2023-04,1515.1999999999998,1400.0,807.2,-116.0,MAX_9_TRADES
2023-04-17 10:49:00,242.8,S3,S3_B,2023-04-17,2023,2023-04,-894.3999999999972,1200.0,807.2,0.0,PREVENTIVE_RISK_GATE
2023-04-17 11:13:00,242.8,S3,S3_B,2023-04-17,2023,2023-04,-821.5999999999973,1200.0,807.2,0.0,PREVENTIVE_RISK_GATE
2023-04-17 11:22:00,242.8,S3,S3_B,2023-04-17,2023,2023-04,-908.7999999999973,1200.0,807.2,0.0,PREVENTIVE_RISK_GATE
2023-04-17 11:36:00,122.8048828125,S3,S3_B,2023-04-17,2023,2023-04,-908.7999999999973,1200.0,807.2,0.0,PREVENTIVE_RISK_GATE
2023-04-19 10:39:00,242.8,S3,S3_B,2023-04-19,2023,2023-04,-433.1999999999972,1200.0,807.2,-693.1999999999971,PREVENTIVE_RISK_GATE
2023-04-19 13:13:00,-77.19969482421875,S3,S3_B,2023-04-19,2023,2023-04,-1167.5999999999945,1200.0,807.2,-693.1999999999971,PREVENTIVE_RISK_GATE
2023-07-07 09:47:00,242.8,S3,S3_B,2023-07-07,2023,2023-07,-418.7999999999971,1200.0,807.2,0.0,PREVENTIVE_RISK_GATE
2023-07-07 09:49:00,242.8,S3,S3_B,2023-07-07,2023,2023-07,-418.7999999999971,1200.0,807.2,0.0,PREVENTIVE_RISK_GATE
2023-09-20 09:46:00,242.8,S3,S3_B,2023-09-20,2023,2023-09,-748.7999999999973,1200.0,807.2,-298.40000000000873,PREVENTIVE_RISK_GATE
2023-09-20 10:13:00,242.8,S3,S3_B,2023-09-20,2023,2023-09,-603.1999999999974,1200.0,807.2,-298.40000000000873,PREVENTIVE_RISK_GATE
2023-09-20 11:12:00,242.8,S3,S3_B,2023-09-20,2023,2023-09,-603.1999999999974,1200.0,807.2,-298.40000000000873,PREVENTIVE_RISK_GATE
2023-09-20 11:30:00,242.8,S3,S3_B,2023-09-20,2023,2023-09,-530.3999999999975,1200.0,807.2,-298.40000000000873,PREVENTIVE_RISK_GATE
2023-09-20 11:50:00,242.8,S3,S3_B,2023-09-20,2023,2023-09,-530.3999999999975,1200.0,807.2,-298.40000000000873,PREVENTIVE_RISK_GATE
2023-09-20 13:55:00,-77.19969482421875,S3,S3_B,2023-09-20,2023,2023-09,-530.3999999999975,1200.0,807.2,-298.40000000000873,PREVENTIVE_RISK_GATE
2023-10-20 09:01:00,442.80000000000285,S3,S3_C,2023-10-20,2023,2023-10,0.0,1000.0,1007.2,-1140.8000000000175,PREVENTIVE_RISK_GATE
2023-10-23 10:16:00,442.80000000000285,S3,S3_C,2023-10-23,2023,2023-10,-14.399999999999977,1000.0,1007.2,-1312.4000000000233,PREVENTIVE_RISK_GATE
2023-10-23 12:46:00,-117.19999999999943,S3,S3_C,2023-10-23,2023,2023-10,-171.59999999999997,1000.0,1007.2,-1312.4000000000233,PREVENTIVE_RISK_GATE
2024-02-20 10:38:00,242.8,S3,S3_B,2024-02-20,2024,2024-02,-661.5999999999973,1200.0,807.2,-14.39999999999418,PREVENTIVE_RISK_GATE
2024-02-20 10:41:00,242.8,S3,S3_B,2024-02-20,2024,2024-02,-661.5999999999973,1200.0,807.2,-14.39999999999418,PREVENTIVE_RISK_GATE
2024-02-20 11:21:00,-637.1972534179688,S3,S3_B,2024-02-20,2024,2024-02,-588.7999999999973,1200.0,807.2,-14.39999999999418,PREVENTIVE_RISK_GATE
2024-04-17 11:56:00,242.8,S3,S3_B,2024-04-17,2024,2024-04,-665.9999999999973,1200.0,807.2,0.0,PREVENTIVE_RISK_GATE
2024-04-17 11:58:00,242.8,S3,S3_B,2024-04-17,2024,2024-04,-665.9999999999973,1200.0,807.2,0.0,PREVENTIVE_RISK_GATE
2024-04-17 12:04:00,242.8,S3,S3_B,2024-04-17,2024,2024-04,-665.9999999999973,1200.0,807.2,0.0,PREVENTIVE_RISK_GATE
2024-04-17 12:29:00,-137.19725341796874,S3,S3_B,2024-04-17,2024,2024-04,-753.1999999999973,1200.0,807.2,0.0,PREVENTIVE_RISK_GATE
2024-05-23 09:27:00,-1407.2000000000055,S3,S3_A,2024-05-23,2024,2024-05,72.8,1243.68,1827.2,0.0,PREVENTIVE_RISK_GATE
2024-05-23 11:42:00,-627.2000000000046,S3,S3_A,2024-05-23,2024,2024-05,291.2,1374.72,1827.2,0.0,PREVENTIVE_RISK_GATE
2024-06-10 11:43:00,242.8,S3,S3_B,2024-06-10,2024,2024-06,-635.9999999999972,1200.0,807.2,0.0,PREVENTIVE_RISK_GATE
2024-06-12 10:39:00,242.8,S3,S3_B,2024-06-12,2024,2024-06,-734.3999999999972,1200.0,807.2,-490.3999999999942,PREVENTIVE_RISK_GATE
2024-06-12 11:04:00,-807.1999999999972,S3,S3_B,2024-06-12,2024,2024-06,-661.5999999999973,1200.0,807.2,-490.3999999999942,PREVENTIVE_RISK_GATE
2024-06-12 13:23:00,-117.2006103515625,S3,S3_B,2024-06-12,2024,2024-06,-661.5999999999973,1200.0,807.2,-490.3999999999942,PREVENTIVE_RISK_GATE
2024-06-25 09:16:00,-377.2000000000045,S3,S3_A,2024-06-25,2024,2024-06,0.0,1000.0,1827.2,-1062.7935913085676,PREVENTIVE_RISK_GATE
2024-06-26 09:02:00,592.7999999999943,S3,S3_A,2024-06-26,2024,2024-06,0.0,1000.0,1827.2,-1237.1935913085617,PREVENTIVE_RISK_GATE
2024-06-26 10:55:00,592.7999999999943,S3,S3_A,2024-06-26,2024,2024-06,58.39999999999999,1035.04,1827.2,-1237.1935913085617,PREVENTIVE_RISK_GATE
2024-06-26 13:21:00,-17.199999999990904,S3,S3_A,2024-06-26,2024,2024-06,58.39999999999999,1035.04,1827.2,-1237.1935913085617,PREVENTIVE_RISK_GATE
2024-07-09 09:26:00,592.7999999999943,S3,S3_A,2024-07-09,2024,2024-07,0.0,1000.0,1827.2,-1032.3935913085588,PREVENTIVE_RISK_GATE
2024-07-09 11:44:00,-157.19999999999146,S3,S3_A,2024-07-09,2024,2024-07,58.39999999999999,1035.04,1827.2,-1032.3935913085588,PREVENTIVE_RISK_GATE
2024-07-10 09:02:00,592.7999999999943,S3,S3_A,2024-07-10,2024,2024-07,0.0,1200.0,1827.2,-973.9935913085646,PREVENTIVE_RISK_GATE
2024-07-10 11:01:00,592.7999999999943,S3,S3_A,2024-07-10,2024,2024-07,145.6,1287.36,1827.2,-973.9935913085646,PREVENTIVE_RISK_GATE
2024-07-10 12:23:00,592.7999999999943,S3,S3_A,2024-07-10,2024,2024-07,58.39999999999999,1235.04,1827.2,-973.9935913085646,PREVENTIVE_RISK_GATE
2024-07-10 13:14:00,-437.1999999999926,S3,S3_A,2024-07-10,2024,2024-07,58.39999999999999,1235.04,1827.2,-973.9935913085646,PREVENTIVE_RISK_GATE
2024-07-11 09:03:00,-417.1999999999966,S3,S3_A,2024-07-11,2024,2024-07,0.0,1200.0,1827.2,-915.5935913085705,PREVENTIVE_RISK_GATE
2024-07-12 09:01:00,592.7999999999943,S3,S3_A,2024-07-12,2024,2024-07,0.0,1200.0,1827.2,-944.3935913085734,PREVENTIVE_RISK_GATE
2024-07-12 11:52:00,2.800000000005116,S3,S3_A,2024-07-12,2024,2024-07,-101.60000000000001,1200.0,1827.2,-944.3935913085734,PREVENTIVE_RISK_GATE
2024-07-15 09:33:00,202.79999999999376,S3,S3_A,2024-07-15,2024,2024-07,0.0,1200.0,1827.2,-973.1935913085763,PREVENTIVE_RISK_GATE
2024-07-16 09:05:00,592.7999999999943,S3,S3_A,2024-07-16,2024,2024-07,72.8,1243.68,1827.2,-973.1935913085763,PREVENTIVE_RISK_GATE
2024-07-16 11:18:00,-107.20000000000852,S3,S3_A,2024-07-16,2024,2024-07,-14.400000000000006,1200.0,1827.2,-973.1935913085763,PREVENTIVE_RISK_GATE
2024-07-25 10:20:00,242.8,S3,S3_B,2024-07-25,2024,2024-07,-505.9999999999972,1000.0,807.2,-1338.793591308582,PREVENTIVE_RISK_GATE
2024-07-25 10:27:00,242.8,S3,S3_B,2024-07-25,2024,2024-07,-505.9999999999972,1000.0,807.2,-1338.793591308582,PREVENTIVE_RISK_GATE
2024-07-25 11:04:00,242.8,S3,S3_B,2024-07-25,2024,2024-07,-433.1999999999972,1000.0,807.2,-1338.793591308582,PREVENTIVE_RISK_GATE
2024-07-25 11:33:00,242.8,S3,S3_B,2024-07-25,2024,2024-07,-520.3999999999972,1000.0,807.2,-1338.793591308582,PREVENTIVE_RISK_GATE
2024-07-25 12:18:00,22.798779296875,S3,S3_B,2024-07-25,2024,2024-07,-520.3999999999972,1000.0,807.2,-1338.793591308582,PREVENTIVE_RISK_GATE
2024-07-26 10:49:00,442.80000000000285,S3,S3_C,2024-07-26,2024,2024-07,285.6,721.36,1007.2,-1859.1935913085763,PREVENTIVE_RISK_GATE
2024-07-26 11:46:00,-557.1999999999972,S3,S3_C,2024-07-26,2024,2024-07,285.6,721.36,1007.2,-1859.1935913085763,PREVENTIVE_RISK_GATE
2024-08-07 09:26:00,442.80000000000285,S3,S3_C,2024-08-07,2024,2024-08,0.0,1000.0,1007.2,-1502.7935913085676,PREVENTIVE_RISK_GATE
2024-08-07 12:56:00,-177.2000000000017,S3,S3_C,2024-08-07,2024,2024-08,-157.2,1000.0,1007.2,-1502.7935913085676,PREVENTIVE_RISK_GATE
2024-09-23 11:46:00,242.8,S3,S3_B,2024-09-23,2024,2024-09,1185.1999999999998,1400.0,807.2,-171.59999999999127,MAX_9_TRADES
2024-09-23 11:57:00,72.8,S2,S2_LV-3,2024-09-23,2024,2024-09,1185.1999999999998,1400.0,87.2,-171.59999999999127,MAX_9_TRADES
2024-09-23 11:59:00,-87.2,S2,S2_LV-1,2024-09-23,2024,2024-09,1185.1999999999998,1400.0,87.2,-171.59999999999127,MAX_9_TRADES
2024-09-23 12:12:00,242.8,S3,S3_B,2024-09-23,2024,2024-09,1185.1999999999998,1400.0,807.2,-171.59999999999127,MAX_9_TRADES
2024-09-23 12:21:00,-807.1999999999972,S3,S3_B,2024-09-23,2024,2024-09,1185.1999999999998,1400.0,807.2,-171.59999999999127,MAX_9_TRADES
2024-09-30 11:36:00,142.8,S2,S2_HV-1,2024-09-30,2024,2024-09,-1164.4,1200.0,157.2,-14.39999999999418,PREVENTIVE_RISK_GATE
2024-10-01 09:01:00,442.80000000000285,S3,S3_C,2024-10-01,2024,2024-10,0.0,1000.0,1007.2,-1178.7999999999884,PREVENTIVE_RISK_GATE
2024-11-06 10:13:00,242.8,S3,S3_B,2024-11-06,2024,2024-11,1175.1999999999998,1400.0,807.2,-116.0,MAX_9_TRADES
2024-11-06 10:26:00,-87.2,S2,S2_LV-1,2024-11-06,2024,2024-11,1175.1999999999998,1400.0,87.2,-116.0,MAX_9_TRADES
2024-11-06 10:26:00,-87.2,S2,S2_LV-3,2024-11-06,2024,2024-11,1175.1999999999998,1400.0,87.2,-116.0,MAX_9_TRADES
2024-11-06 10:26:00,242.8,S3,S3_B,2024-11-06,2024,2024-11,1175.1999999999998,1400.0,807.2,-116.0,MAX_9_TRADES
2024-11-06 10:42:00,242.8,S3,S3_B,2024-11-06,2024,2024-11,1175.1999999999998,1400.0,807.2,-116.0,MAX_9_TRADES
2024-11-06 10:57:00,72.8,S2,S2_LV-1,2024-11-06,2024,2024-11,1175.1999999999998,1400.0,87.2,-116.0,MAX_9_TRADES
2024-11-06 11:00:00,-807.1999999999972,S3,S3_B,2024-11-06,2024,2024-11,1175.1999999999998,1400.0,807.2,-116.0,MAX_9_TRADES
2024-11-06 12:15:00,-427.2057983398437,S3,S3_B,2024-11-06,2024,2024-11,1175.1999999999998,1400.0,807.2,-116.0,MAX_9_TRADES
2024-12-11 11:48:00,92.79847412109376,S3,S3_B,2024-12-11,2024,2024-12,-661.5999999999973,1200.0,807.2,-28.80000000000291,PREVENTIVE_RISK_GATE
2024-12-19 09:17:00,592.7999999999943,S3,S3_A,2024-12-19,2024,2024-12,0.0,1200.0,1827.2,-632.0,PREVENTIVE_RISK_GATE
2024-12-19 10:58:00,312.8000000000074,S3,S3_A,2024-12-19,2024,2024-12,0.0,1200.0,1827.2,-632.0,PREVENTIVE_RISK_GATE
2024-12-20 09:05:00,592.7999999999943,S3,S3_A,2024-12-20,2024,2024-12,0.0,1200.0,1827.2,-632.0,PREVENTIVE_RISK_GATE
2024-12-20 12:42:00,-37.20000000000114,S3,S3_A,2024-12-20,2024,2024-12,0.0,1200.0,1827.2,-632.0,PREVENTIVE_RISK_GATE
2024-12-23 09:43:00,592.7999999999943,S3,S3_A,2024-12-23,2024,2024-12,0.0,1200.0,1827.2,-632.0,PREVENTIVE_RISK_GATE
2024-12-23 12:03:00,592.7999999999943,S3,S3_A,2024-12-23,2024,2024-12,0.0,1200.0,1827.2,-632.0,PREVENTIVE_RISK_GATE
2024-12-24 09:01:00,12.799999999996022,S3,S3_A,2024-12-24,2024,2024-12,0.0,1200.0,1827.2,-632.0,PREVENTIVE_RISK_GATE
2024-12-26 09:10:00,-857.1999999999944,S3,S3_A,2024-12-26,2024,2024-12,0.0,1200.0,1827.2,-632.0,PREVENTIVE_RISK_GATE
2024-12-27 09:16:00,192.80000000000285,S3,S3_A,2024-12-27,2024,2024-12,0.0,1200.0,1827.2,-719.1999999999971,PREVENTIVE_RISK_GATE
2025-01-31 13:47:00,32.80091552734375,S3,S3_B,2025-01-31,2025,2025-01,795.2000000000027,1400.0,807.2,-87.19999999999709,MAX_9_TRADES
2025-01-31 13:49:00,72.8,S2,S2_LV-3,2025-01-31,2025,2025-01,795.2000000000027,1400.0,87.2,-87.19999999999709,MAX_9_TRADES
2025-02-12 09:01:00,592.7999999999943,S3,S3_A,2025-02-12,2025,2025-02,0.0,1200.0,1827.2,0.0,PREVENTIVE_RISK_GATE
2025-02-12 12:34:00,-237.19999999998976,S3,S3_A,2025-02-12,2025,2025-02,0.0,1200.0,1827.2,0.0,PREVENTIVE_RISK_GATE
2025-02-13 09:11:00,-757.2,S3,S3_A,2025-02-13,2025,2025-02,0.0,1200.0,1827.2,0.0,PREVENTIVE_RISK_GATE
2025-02-14 09:19:00,-837.1999999999983,S3,S3_A,2025-02-14,2025,2025-02,72.8,1243.68,1827.2,-174.39999999999418,PREVENTIVE_RISK_GATE
2025-02-19 09:02:00,-567.2000000000023,S3,S3_A,2025-02-19,2025,2025-02,0.0,1200.0,1827.2,0.0,PREVENTIVE_RISK_GATE
2025-02-20 09:09:00,592.7999999999943,S3,S3_A,2025-02-20,2025,2025-02,0.0,1200.0,1827.2,0.0,PREVENTIVE_RISK_GATE
2025-02-20 12:44:00,2.800000000005116,S3,S3_A,2025-02-20,2025,2025-02,218.39999999999998,1331.04,1827.2,0.0,PREVENTIVE_RISK_GATE
2025-02-21 09:01:00,592.7999999999943,S3,S3_A,2025-02-21,2025,2025-02,0.0,1200.0,1827.2,0.0,PREVENTIVE_RISK_GATE
2025-02-21 09:44:00,592.7999999999943,S3,S3_A,2025-02-21,2025,2025-02,-14.400000000000006,1200.0,1827.2,0.0,PREVENTIVE_RISK_GATE
2025-02-21 11:52:00,462.7999999999989,S3,S3_A,2025-02-21,2025,2025-02,-101.60000000000001,1200.0,1827.2,0.0,PREVENTIVE_RISK_GATE
2025-03-03 13:21:00,72.8,S2,S2_LV-3,2025-03-03,2025,2025-03,1675.1999999999998,1400.0,87.2,-116.0,MAX_9_TRADES
2025-03-03 13:26:00,-57.2030517578125,S3,S3_B,2025-03-03,2025,2025-03,1675.1999999999998,1400.0,807.2,-116.0,MAX_9_TRADES
2025-03-18 09:02:00,592.7999999999943,S3,S3_A,2025-03-18,2025,2025-03,0.0,1200.0,1827.2,0.0,PREVENTIVE_RISK_GATE
2025-03-18 11:45:00,592.7999999999943,S3,S3_A,2025-03-18,2025,2025-03,218.39999999999998,1331.04,1827.2,0.0,PREVENTIVE_RISK_GATE
2025-03-18 12:57:00,-97.1999999999892,S3,S3_A,2025-03-18,2025,2025-03,291.2,1374.72,1827.2,0.0,PREVENTIVE_RISK_GATE
2025-03-19 09:04:00,592.7999999999943,S3,S3_A,2025-03-19,2025,2025-03,0.0,1200.0,1827.2,0.0,PREVENTIVE_RISK_GATE
2025-03-19 13:42:00,-227.19999999999885,S3,S3_A,2025-03-19,2025,2025-03,-14.400000000000006,1200.0,1827.2,0.0,PREVENTIVE_RISK_GATE
2025-03-20 09:07:00,-1347.2000000000037,S3,S3_A,2025-03-20,2025,2025-03,0.0,1200.0,1827.2,-14.39999999999418,PREVENTIVE_RISK_GATE
2025-03-21 09:17:00,402.7999999999966,S3,S3_A,2025-03-21,2025,2025-03,0.0,1200.0,1827.2,-116.0,PREVENTIVE_RISK_GATE
2025-03-24 09:23:00,592.7999999999943,S3,S3_A,2025-03-24,2025,2025-03,0.0,1200.0,1827.2,-130.39999999999418,PREVENTIVE_RISK_GATE
2025-03-24 10:58:00,-177.2000000000017,S3,S3_A,2025-03-24,2025,2025-03,-261.6,1200.0,1827.2,-130.39999999999418,PREVENTIVE_RISK_GATE
2025-03-26 09:17:00,-47.199999999992045,S3,S3_A,2025-03-26,2025,2025-03,0.0,1200.0,1827.2,-246.39999999999418,PREVENTIVE_RISK_GATE
2025-03-27 09:09:00,212.79999999999887,S3,S3_A,2025-03-27,2025,2025-03,0.0,1200.0,1827.2,-333.6000000000058,PREVENTIVE_RISK_GATE
2025-03-28 09:01:00,592.7999999999943,S3,S3_A,2025-03-28,2025,2025-03,0.0,1200.0,1827.2,-260.80000000001746,PREVENTIVE_RISK_GATE
2025-03-28 11:15:00,-257.2,S3,S3_A,2025-03-28,2025,2025-03,72.8,1243.68,1827.2,-260.80000000001746,PREVENTIVE_RISK_GATE
2025-03-31 09:45:00,-1407.2000000000055,S3,S3_A,2025-03-31,2025,2025-03,72.8,1243.68,1827.2,-275.20000000001164,PREVENTIVE_RISK_GATE
2025-03-31 11:08:00,592.7999999999943,S3,S3_A,2025-03-31,2025,2025-03,145.6,1287.36,1827.2,-275.20000000001164,PREVENTIVE_RISK_GATE
2025-03-31 13:01:00,172.79999999999262,S3,S3_A,2025-03-31,2025,2025-03,58.39999999999999,1235.04,1827.2,-275.20000000001164,PREVENTIVE_RISK_GATE
2025-04-14 13:35:00,22.798779296875,S3,S3_D,2025-04-14,2025,2025-04,0.0,1000.0,1407.2,-1390.3999999999942,PREVENTIVE_RISK_GATE
2025-04-28 12:40:00,-227.201220703125,S3,S3_B,2025-04-28,2025,2025-04,855.2,1400.0,807.2,0.0,MAX_9_TRADES
2025-07-02 09:26:00,592.7999999999943,S3,S3_A,2025-07-02,2025,2025-07,0.0,1200.0,1827.2,0.0,PREVENTIVE_RISK_GATE
2025-07-02 13:06:00,512.799999999996,S3,S3_A,2025-07-02,2025,2025-07,0.0,1200.0,1827.2,0.0,PREVENTIVE_RISK_GATE
2025-07-04 09:38:00,-677.2000000000018,S3,S3_A,2025-07-04,2025,2025-07,0.0,1200.0,1827.2,0.0,PREVENTIVE_RISK_GATE
2025-07-07 09:15:00,592.7999999999943,S3,S3_A,2025-07-07,2025,2025-07,0.0,1200.0,1827.2,0.0,PREVENTIVE_RISK_GATE
2025-07-07 13:08:00,82.80000000000341,S3,S3_A,2025-07-07,2025,2025-07,-174.4,1200.0,1827.2,0.0,PREVENTIVE_RISK_GATE
2025-07-16 12:52:00,242.8,S3,S3_B,2025-07-16,2025,2025-07,-491.5999999999972,1200.0,807.2,-261.6000000000058,PREVENTIVE_RISK_GATE
2025-07-16 13:47:00,82.80396728515625,S3,S3_B,2025-07-16,2025,2025-07,-418.79999999999717,1200.0,807.2,-261.6000000000058,PREVENTIVE_RISK_GATE
2025-07-17 12:32:00,-207.2045776367188,S3,S3_B,2025-07-17,2025,2025-07,-894.3999999999972,1200.0,807.2,-680.3999999999942,PREVENTIVE_RISK_GATE
2025-07-22 09:40:00,82.80000000000341,S3,S3_A,2025-07-22,2025,2025-07,0.0,1000.0,1827.2,-1536.394812011713,PREVENTIVE_RISK_GATE
2025-07-23 09:19:00,72.79999999999829,S3,S3_A,2025-07-23,2025,2025-07,-87.2,1000.0,1827.2,-1637.9948120117188,PREVENTIVE_RISK_GATE
2025-07-24 09:28:00,592.7999999999943,S3,S3_A,2025-07-24,2025,2025-07,0.0,1000.0,1827.2,-1652.394812011713,PREVENTIVE_RISK_GATE
2025-07-24 13:22:00,-97.2000000000034,S3,S3_A,2025-07-24,2025,2025-07,0.0,1000.0,1827.2,-1652.394812011713,PREVENTIVE_RISK_GATE
2025-07-25 09:04:00,592.7999999999943,S3,S3_A,2025-07-25,2025,2025-07,0.0,1000.0,1827.2,-1652.394812011713,PREVENTIVE_RISK_GATE
2025-07-25 10:32:00,392.7999999999915,S3,S3_A,2025-07-25,2025,2025-07,0.0,1000.0,1827.2,-1652.394812011713,PREVENTIVE_RISK_GATE
2025-07-28 09:52:00,-187.2000000000068,S3,S3_A,2025-07-28,2025,2025-07,0.0,1000.0,1827.2,-1652.394812011713,PREVENTIVE_RISK_GATE
2025-07-29 09:05:00,592.7999999999943,S3,S3_A,2025-07-29,2025,2025-07,0.0,1000.0,1827.2,-1579.5948120117246,PREVENTIVE_RISK_GATE
2025-07-29 12:18:00,592.7999999999943,S3,S3_A,2025-07-29,2025,2025-07,145.6,1087.36,1827.2,-1579.5948120117246,PREVENTIVE_RISK_GATE
2025-07-29 13:44:00,592.7999999999943,S3,S3_A,2025-07-29,2025,2025-07,218.39999999999998,1131.04,1827.2,-1579.5948120117246,PREVENTIVE_RISK_GATE
2025-08-05 10:14:00,442.80000000000285,S3,S3_C,2025-08-05,2025,2025-08,0.0,1000.0,1007.2,-1593.1948120117304,PREVENTIVE_RISK_GATE
2025-08-06 09:57:00,-1007.2,S3,S3_C,2025-08-06,2025,2025-08,0.0,1000.0,1007.2,-1750.394812011742,PREVENTIVE_RISK_GATE
2025-08-15 09:38:00,-17.19999999999801,S3,S3_A,2025-08-15,2025,2025-08,-87.2,1000.0,1827.2,-1562.7948120117653,PREVENTIVE_RISK_GATE
2025-08-22 09:39:00,-27.20000000000313,S3,S3_A,2025-08-22,2025,2025-08,0.0,1000.0,1827.2,-1489.1948120117595,PREVENTIVE_RISK_GATE
2025-08-25 09:20:00,592.7999999999943,S3,S3_A,2025-08-25,2025,2025-08,0.0,1000.0,1827.2,-1343.5948120117537,PREVENTIVE_RISK_GATE
2025-08-25 11:37:00,12.799999999996022,S3,S3_A,2025-08-25,2025,2025-08,0.0,1000.0,1827.2,-1343.5948120117537,PREVENTIVE_RISK_GATE
2025-08-26 09:01:00,-517.199999999998,S3,S3_A,2025-08-26,2025,2025-08,0.0,1000.0,1827.2,-1343.5948120117537,PREVENTIVE_RISK_GATE
2025-08-27 09:09:00,-487.19999999999686,S3,S3_A,2025-08-27,2025,2025-08,0.0,1000.0,1827.2,-1445.1948120117595,PREVENTIVE_RISK_GATE
2025-08-28 09:05:00,592.8000000000013,S3,S3_A,2025-08-28,2025,2025-08,0.0,1000.0,1827.2,-1386.7948120117653,PREVENTIVE_RISK_GATE
2025-08-28 12:08:00,592.8000000000013,S3,S3_A,2025-08-28,2025,2025-08,-87.2,1000.0,1827.2,-1386.7948120117653,PREVENTIVE_RISK_GATE
2025-08-28 13:56:00,62.799999999993176,S3,S3_A,2025-08-28,2025,2025-08,-87.2,1000.0,1827.2,-1386.7948120117653,PREVENTIVE_RISK_GATE
2025-08-29 09:37:00,352.79999999999944,S3,S3_A,2025-08-29,2025,2025-08,0.0,1000.0,1827.2,-1473.994812011777,PREVENTIVE_RISK_GATE
2025-09-02 09:18:00,592.7999999999943,S3,S3_A,2025-09-02,2025,2025-09,0.0,1000.0,1827.2,-1488.3948120117711,PREVENTIVE_RISK_GATE
2025-09-02 12:14:00,-37.20000000000114,S3,S3_A,2025-09-02,2025,2025-09,-188.8,1000.0,1827.2,-1488.3948120117711,PREVENTIVE_RISK_GATE
2025-09-03 09:29:00,-757.2,S3,S3_A,2025-09-03,2025,2025-09,0.0,1000.0,1827.2,-1677.1948120117595,PREVENTIVE_RISK_GATE
2025-09-04 09:38:00,272.80000000000115,S3,S3_A,2025-09-04,2025,2025-09,0.0,1000.0,1827.2,-1677.1948120117595,PREVENTIVE_RISK_GATE
2025-09-05 09:35:00,592.8000000000013,S3,S3_A,2025-09-05,2025,2025-09,-87.2,1000.0,1827.2,-1531.5948120117537,PREVENTIVE_RISK_GATE
2025-09-05 11:42:00,2.7999999999980103,S3,S3_A,2025-09-05,2025,2025-09,-87.2,1000.0,1827.2,-1531.5948120117537,PREVENTIVE_RISK_GATE
2025-09-10 11:51:00,-157.20152587890624,S3,S3_B,2025-09-10,2025,2025-09,-807.1999999999972,1000.0,807.2,-1545.994812011777,PREVENTIVE_RISK_GATE
2025-09-11 09:17:00,-87.2000000000054,S3,S3_A,2025-09-11,2025,2025-09,-87.2,550.0,1827.2,-2353.1948120117886,PREVENTIVE_RISK_GATE
2025-09-15 09:07:00,242.8,S3,S3_B,2025-09-15,2025,2025-09,0.0,550.0,807.2,-2440.3948120118002,PREVENTIVE_RISK_GATE
2025-09-15 10:54:00,-287.198779296875,S3,S3_B,2025-09-15,2025,2025-09,0.0,550.0,807.2,-2440.3948120118002,PREVENTIVE_RISK_GATE
2025-09-16 09:37:00,242.8,S3,S3_B,2025-09-16,2025,2025-09,0.0,550.0,807.2,-2440.3948120118002,PREVENTIVE_RISK_GATE
2025-09-19 09:02:00,592.8000000000013,S3,S3_A,2025-09-19,2025,2025-09,0.0,550.0,1827.2,-2294.7948120117944,PREVENTIVE_RISK_GATE
2025-09-19 11:43:00,-137.20000000000255,S3,S3_A,2025-09-19,2025,2025-09,0.0,550.0,1827.2,-2294.7948120117944,PREVENTIVE_RISK_GATE
2025-09-23 09:51:00,592.8000000000013,S3,S3_A,2025-09-23,2025,2025-09,0.0,550.0,1827.2,-2381.994812011806,PREVENTIVE_RISK_GATE
2025-09-23 11:36:00,382.8000000000006,S3,S3_A,2025-09-23,2025,2025-09,0.0,550.0,1827.2,-2381.994812011806,PREVENTIVE_RISK_GATE
2025-09-24 09:08:00,592.7999999999943,S3,S3_A,2025-09-24,2025,2025-09,0.0,550.0,1827.2,-2381.994812011806,PREVENTIVE_RISK_GATE
2025-09-24 13:26:00,-127.20000000000456,S3,S3_A,2025-09-24,2025,2025-09,72.8,593.68,1827.2,-2381.994812011806,PREVENTIVE_RISK_GATE
2025-09-29 09:16:00,242.8,S3,S3_B,2025-09-29,2025,2025-09,0.0,550.0,807.2,-2163.594812011841,PREVENTIVE_RISK_GATE
2025-09-29 09:24:00,242.8,S3,S3_B,2025-09-29,2025,2025-09,0.0,550.0,807.2,-2163.594812011841,PREVENTIVE_RISK_GATE
2025-10-06 09:04:00,-467.20289916992186,S3,S3_B,2025-10-06,2025,2025-10,0.0,550.0,807.2,-2133.994812011835,PREVENTIVE_RISK_GATE
2025-10-07 09:01:00,-427.1999999999946,S3,S3_A,2025-10-07,2025,2025-10,0.0,550.0,1827.2,-2308.3948120118293,PREVENTIVE_RISK_GATE
2025-10-08 09:16:00,-467.2000000000008,S3,S3_A,2025-10-08,2025,2025-10,0.0,550.0,1827.2,-2162.7948120118235,PREVENTIVE_RISK_GATE
2025-10-09 09:08:00,-1407.199999999999,S3,S3_A,2025-10-09,2025,2025-10,0.0,550.0,1827.2,-2162.7948120118235,PREVENTIVE_RISK_GATE
2025-10-09 13:29:00,-97.2000000000034,S3,S3_A,2025-10-09,2025,2025-10,0.0,550.0,1827.2,-2162.7948120118235,PREVENTIVE_RISK_GATE
2025-10-21 11:47:00,242.8,S3,S3_B,2025-10-21,2025,2025-10,1515.1999999999998,1400.0,807.2,-1652.3948120118293,MAX_9_TRADES
2025-10-21 12:18:00,-87.2,S2,S2_LV-2,2025-10-21,2025,2025-10,1515.1999999999998,1400.0,87.2,-1652.3948120118293,MAX_9_TRADES
2025-10-21 12:45:00,72.8,S2,S2_LV-1,2025-10-21,2025,2025-10,1515.1999999999998,1400.0,87.2,-1652.3948120118293,MAX_9_TRADES
2025-10-21 12:56:00,242.8,S3,S3_B,2025-10-21,2025,2025-10,1515.1999999999998,1400.0,807.2,-1652.3948120118293,MAX_9_TRADES
2025-10-21 13:03:00,-237.1995422363281,S3,S3_B,2025-10-21,2025,2025-10,1515.1999999999998,1400.0,807.2,-1652.3948120118293,MAX_9_TRADES
2025-10-22 09:07:00,-37.20000000000114,S3,S3_A,2025-10-22,2025,2025-10,0.0,1200.0,1827.2,-137.1948120118177,PREVENTIVE_RISK_GATE
2025-10-30 10:50:00,242.8,S3,S3_B,2025-10-30,2025,2025-10,-821.5999999999973,1200.0,807.2,-174.39999999999418,PREVENTIVE_RISK_GATE
2025-10-30 14:41:00,-57.19923706054688,S3,S3_B,2025-10-30,2025,2025-10,-908.7999999999973,1200.0,807.2,-174.39999999999418,PREVENTIVE_RISK_GATE
2025-10-31 09:07:00,-527.1999999999961,S3,S3_A,2025-10-31,2025,2025-10,0.0,1000.0,1827.2,-1083.1999999999825,PREVENTIVE_RISK_GATE
2025-11-03 09:02:00,-87.1999999999983,S3,S3_A,2025-11-03,2025,2025-11,0.0,1000.0,1827.2,-1097.5999999999767,PREVENTIVE_RISK_GATE
2025-11-04 09:01:00,592.8000000000013,S3,S3_A,2025-11-04,2025,2025-11,0.0,1000.0,1827.2,-1097.5999999999767,PREVENTIVE_RISK_GATE
2025-11-04 11:00:00,-127.20000000000456,S3,S3_A,2025-11-04,2025,2025-11,0.0,1000.0,1827.2,-1097.5999999999767,PREVENTIVE_RISK_GATE
2025-11-05 09:17:00,592.8000000000013,S3,S3_A,2025-11-05,2025,2025-11,0.0,1000.0,1827.2,-1097.5999999999767,PREVENTIVE_RISK_GATE
2025-11-05 11:09:00,592.8000000000013,S3,S3_A,2025-11-05,2025,2025-11,0.0,1000.0,1827.2,-1097.5999999999767,PREVENTIVE_RISK_GATE
2025-11-05 11:38:00,292.8000000000043,S3,S3_A,2025-11-05,2025,2025-11,0.0,1000.0,1827.2,-1097.5999999999767,PREVENTIVE_RISK_GATE
2025-11-06 09:19:00,42.79999999999716,S3,S3_A,2025-11-06,2025,2025-11,0.0,1000.0,1827.2,-1097.5999999999767,PREVENTIVE_RISK_GATE
2025-11-07 09:02:00,-287.2000000000011,S3,S3_A,2025-11-07,2025,2025-11,0.0,1000.0,1827.2,-1184.7999999999884,PREVENTIVE_RISK_GATE
2025-11-10 09:03:00,-107.20000000000142,S3,S3_A,2025-11-10,2025,2025-11,0.0,1000.0,1827.2,-1184.7999999999884,PREVENTIVE_RISK_GATE
2025-11-11 09:02:00,172.79999999999973,S3,S3_A,2025-11-11,2025,2025-11,0.0,1000.0,1827.2,-1184.7999999999884,PREVENTIVE_RISK_GATE
2025-11-12 09:20:00,592.8000000000013,S3,S3_A,2025-11-12,2025,2025-11,0.0,1000.0,1827.2,-1184.7999999999884,PREVENTIVE_RISK_GATE
2025-11-12 11:22:00,-617.1999999999995,S3,S3_A,2025-11-12,2025,2025-11,0.0,1000.0,1827.2,-1184.7999999999884,PREVENTIVE_RISK_GATE
2025-11-18 12:57:00,242.8,S3,S3_B,2025-11-18,2025,2025-11,-564.3999999999971,1000.0,807.2,-1046.4019836425723,PREVENTIVE_RISK_GATE
2025-11-18 13:05:00,242.8,S3,S3_B,2025-11-18,2025,2025-11,-564.3999999999971,1000.0,807.2,-1046.4019836425723,PREVENTIVE_RISK_GATE
2025-11-18 13:07:00,-147.1993896484375,S3,S3_B,2025-11-18,2025,2025-11,-564.3999999999971,1000.0,807.2,-1046.4019836425723,PREVENTIVE_RISK_GATE
2025-11-27 09:02:00,352.79999999999944,S3,S3_A,2025-11-27,2025,2025-11,0.0,1000.0,1827.2,-1290.001983642549,PREVENTIVE_RISK_GATE
2025-11-28 09:11:00,592.8000000000013,S3,S3_A,2025-11-28,2025,2025-11,0.0,1000.0,1827.2,-1307.2019836425607,PREVENTIVE_RISK_GATE
2025-11-28 12:02:00,432.79999999999774,S3,S3_A,2025-11-28,2025,2025-11,-14.400000000000006,1000.0,1827.2,-1307.2019836425607,PREVENTIVE_RISK_GATE
2025-12-01 09:09:00,-467.2000000000008,S3,S3_A,2025-12-01,2025,2025-12,-87.2,1000.0,1827.2,-1321.6019836425548,PREVENTIVE_RISK_GATE
2025-12-02 09:02:00,-127.19999999999744,S3,S3_A,2025-12-02,2025,2025-12,0.0,1000.0,1827.2,-1496.001983642549,PREVENTIVE_RISK_GATE
2025-12-03 09:03:00,162.80000000000172,S3,S3_A,2025-12-03,2025,2025-12,0.0,1000.0,1827.2,-1510.4019836425432,PREVENTIVE_RISK_GATE
2025-12-04 09:01:00,-627.1999999999975,S3,S3_A,2025-12-04,2025,2025-12,0.0,1000.0,1827.2,-1510.4019836425432,PREVENTIVE_RISK_GATE
2025-12-05 09:04:00,-527.2000000000032,S3,S3_A,2025-12-05,2025,2025-12,0.0,1000.0,1827.2,-1524.8019836425374,PREVENTIVE_RISK_GATE
2025-12-08 09:05:00,352.79999999999944,S3,S3_A,2025-12-08,2025,2025-12,0.0,1000.0,1827.2,-1452.001983642549,PREVENTIVE_RISK_GATE
2025-12-09 09:13:00,-557.1999999999972,S3,S3_A,2025-12-09,2025,2025-12,0.0,1000.0,1827.2,-1452.001983642549,PREVENTIVE_RISK_GATE
2025-12-10 09:10:00,-237.1999999999969,S3,S3_A,2025-12-10,2025,2025-12,0.0,1000.0,1827.2,-1626.4019836425432,PREVENTIVE_RISK_GATE
2025-12-22 09:24:00,62.799999999993176,S3,S3_A,2025-12-22,2025,2025-12,0.0,1000.0,1827.2,-1378.4019836425723,PREVENTIVE_RISK_GATE
2025-12-23 09:01:00,-237.1999999999969,S3,S3_A,2025-12-23,2025,2025-12,0.0,1000.0,1827.2,-1365.6019836425548,PREVENTIVE_RISK_GATE
2025-12-24 09:04:00,122.79999999999544,S3,S3_A,2025-12-24,2025,2025-12,0.0,1000.0,1827.2,-1380.001983642549,PREVENTIVE_RISK_GATE
2025-12-26 09:01:00,592.8000000000013,S3,S3_A,2025-12-26,2025,2025-12,0.0,1000.0,1827.2,-1307.2019836425607,PREVENTIVE_RISK_GATE
2025-12-26 12:22:00,202.8000000000009,S3,S3_A,2025-12-26,2025,2025-12,72.8,1043.68,1827.2,-1307.2019836425607,PREVENTIVE_RISK_GATE
2025-12-29 09:03:00,62.80000000000028,S3,S3_A,2025-12-29,2025,2025-12,0.0,1000.0,1827.2,-1234.4019836425723,PREVENTIVE_RISK_GATE
2025-12-30 09:18:00,332.7999999999963,S3,S3_A,2025-12-30,2025,2025-12,0.0,1000.0,1827.2,-1248.8019836425665,PREVENTIVE_RISK_GATE
2025-12-31 09:09:00,592.8000000000013,S3,S3_A,2025-12-31,2025,2025-12,0.0,1000.0,1827.2,-1176.0019836425781,PREVENTIVE_RISK_GATE
2025-12-31 13:08:00,22.800000000001138,S3,S3_A,2025-12-31,2025,2025-12,-174.4,1000.0,1827.2,-1176.0019836425781,PREVENTIVE_RISK_GATE
2026-01-05 09:17:00,342.80000000000143,S3,S3_A,2026-01-05,2026,2026-01,0.0,1000.0,1827.2,-1364.8019836425665,PREVENTIVE_RISK_GATE
2026-01-06 09:14:00,592.8000000000013,S3,S3_A,2026-01-06,2026,2026-01,0.0,1000.0,1827.2,-1364.8019836425665,PREVENTIVE_RISK_GATE
2026-01-06 10:16:00,-557.2000000000044,S3,S3_A,2026-01-06,2026,2026-01,72.8,1043.68,1827.2,-1364.8019836425665,PREVENTIVE_RISK_GATE
2026-02-03 09:35:00,442.80000000000285,S3,S3_C,2026-02-03,2026,2026-02,0.0,1000.0,1007.2,-1308.40122070309,PREVENTIVE_RISK_GATE
2026-02-03 13:09:00,142.8000000000057,S3,S3_C,2026-02-03,2026,2026-02,-174.4,1000.0,1007.2,-1308.40122070309,PREVENTIVE_RISK_GATE
2026-02-04 12:31:00,-427.2000000000017,S3,S3_C,2026-02-04,2026,2026-02,-101.60000000000001,1000.0,1007.2,-1482.8012207030843,PREVENTIVE_RISK_GATE
2026-03-05 11:32:00,142.8,S2,S2_HV-2,2026-03-05,2026,2026-03,85.2000000000001,1051.1200000000001,157.2,-1370.400762939389,MAX_9_TRADES
2026-03-05 13:21:00,-157.2,S2,S2_HV-2,2026-03-05,2026,2026-03,85.2000000000001,1051.1200000000001,157.2,-1370.400762939389,MAX_9_TRADES
2026-03-05 13:33:00,142.8,S2,S2_HV-1,2026-03-05,2026,2026-03,85.2000000000001,1051.1200000000001,157.2,-1370.400762939389,MAX_9_TRADES
2026-03-05 13:49:00,-157.2,S2,S2_HV-1,2026-03-05,2026,2026-03,85.2000000000001,1051.1200000000001,157.2,-1370.400762939389,MAX_9_TRADES
2026-03-06 11:55:00,-157.2,S2,S2_HV-1,2026-03-06,2026,2026-03,685.2,1400.0,157.2,-1285.2007629393775,MAX_9_TRADES
2026-03-06 12:27:00,142.8,S2,S2_HV-2,2026-03-06,2026,2026-03,685.2,1400.0,157.2,-1285.2007629393775,MAX_9_TRADES
2026-03-06 12:37:00,142.8,S2,S2_HV-1,2026-03-06,2026,2026-03,685.2,1400.0,157.2,-1285.2007629393775,MAX_9_TRADES
2026-03-06 12:43:00,142.8,S2,S2_HV-1,2026-03-06,2026,2026-03,685.2,1400.0,157.2,-1285.2007629393775,MAX_9_TRADES
2026-03-06 12:44:00,142.8,S2,S2_HV-2,2026-03-06,2026,2026-03,685.2,1400.0,157.2,-1285.2007629393775,MAX_9_TRADES
2026-03-06 12:48:00,-157.2,S2,S2_HV-2,2026-03-06,2026,2026-03,685.2,1400.0,157.2,-1285.2007629393775,MAX_9_TRADES
2026-03-06 13:11:00,-157.2,S2,S2_HV-1,2026-03-06,2026,2026-03,685.2,1400.0,157.2,-1285.2007629393775,MAX_9_TRADES
2026-03-06 13:29:00,-157.2,S2,S2_HV-1,2026-03-06,2026,2026-03,685.2,1400.0,157.2,-1285.2007629393775,MAX_9_TRADES
2026-03-09 10:09:00,-157.2,S2,S2_HV-2,2026-03-09,2026,2026-03,-814.8000000000002,1200.0,157.2,-600.0007629393658,MAX_9_TRADES
2026-03-09 10:14:00,-157.2,S2,S2_HV-1,2026-03-09,2026,2026-03,-814.8000000000002,1200.0,157.2,-600.0007629393658,MAX_9_TRADES
2026-03-09 10:17:00,142.8,S2,S2_HV-1,2026-03-09,2026,2026-03,-814.8000000000002,1200.0,157.2,-600.0007629393658,MAX_9_TRADES
2026-03-09 10:18:00,-157.2,S2,S2_HV-1,2026-03-09,2026,2026-03,-814.8000000000002,1200.0,157.2,-600.0007629393658,MAX_9_TRADES
2026-03-09 12:05:00,-157.2,S2,S2_HV-1,2026-03-09,2026,2026-03,-814.8000000000002,1200.0,157.2,-600.0007629393658,MAX_9_TRADES
2026-03-10 14:20:00,-157.2,S2,S2_HV-1,2026-03-10,2026,2026-03,-514.8,1000.0,157.2,-1414.8007629393542,MAX_9_TRADES
2026-03-11 12:08:00,-157.2,S2,S2_HV-2,2026-03-11,2026,2026-03,385.2000000000001,781.1200000000001,157.2,-1929.6007629393425,MAX_9_TRADES
2026-03-11 12:10:00,142.8,S2,S2_HV-2,2026-03-11,2026,2026-03,385.2000000000001,781.1200000000001,157.2,-1929.6007629393425,MAX_9_TRADES
2026-03-12 10:32:00,-157.2,S2,S2_HV-2,2026-03-12,2026,2026-03,85.2000000000001,1051.1200000000001,157.2,-1544.400762939331,MAX_9_TRADES
2026-03-12 11:22:00,-157.2,S2,S2_HV-2,2026-03-12,2026,2026-03,85.2000000000001,1051.1200000000001,157.2,-1544.400762939331,MAX_9_TRADES
2026-03-12 11:27:00,142.8,S2,S2_HV-1,2026-03-12,2026,2026-03,85.2000000000001,1051.1200000000001,157.2,-1544.400762939331,MAX_9_TRADES
2026-03-12 11:27:00,-157.2,S2,S2_HV-2,2026-03-12,2026,2026-03,85.2000000000001,1051.1200000000001,157.2,-1544.400762939331,MAX_9_TRADES
2026-03-12 11:37:00,-157.2,S2,S2_HV-1,2026-03-12,2026,2026-03,85.2000000000001,1051.1200000000001,157.2,-1544.400762939331,MAX_9_TRADES
2026-03-13 11:39:00,142.8,S2,S2_HV-2,2026-03-13,2026,2026-03,385.2000000000001,1231.1200000000001,157.2,-1459.2007629393192,MAX_9_TRADES
2026-03-13 11:44:00,142.8,S2,S2_HV-1,2026-03-13,2026,2026-03,385.2000000000001,1231.1200000000001,157.2,-1459.2007629393192,MAX_9_TRADES
2026-03-13 12:17:00,142.8,S2,S2_HV-1,2026-03-13,2026,2026-03,385.2000000000001,1231.1200000000001,157.2,-1459.2007629393192,MAX_9_TRADES
2026-03-13 12:21:00,142.8,S2,S2_HV-2,2026-03-13,2026,2026-03,385.2000000000001,1231.1200000000001,157.2,-1459.2007629393192,MAX_9_TRADES
2026-03-13 13:42:00,142.8,S2,S2_HV-1,2026-03-13,2026,2026-03,385.2000000000001,1231.1200000000001,157.2,-1459.2007629393192,MAX_9_TRADES
2026-03-13 13:48:00,142.8,S2,S2_HV-2,2026-03-13,2026,2026-03,385.2000000000001,1231.1200000000001,157.2,-1459.2007629393192,MAX_9_TRADES
2026-03-13 13:52:00,-157.2,S2,S2_HV-1,2026-03-13,2026,2026-03,385.2000000000001,1231.1200000000001,157.2,-1459.2007629393192,MAX_9_TRADES
2026-03-13 14:10:00,142.8,S2,S2_HV-2,2026-03-13,2026,2026-03,385.2000000000001,1231.1200000000001,157.2,-1459.2007629393192,MAX_9_TRADES
2026-03-13 14:30:00,-157.2,S2,S2_HV-1,2026-03-13,2026,2026-03,385.2000000000001,1231.1200000000001,157.2,-1459.2007629393192,MAX_9_TRADES
2026-03-18 10:14:00,442.80000000000285,S3,S3_D,2026-03-18,2026,2026-03,128.40000000000003,1277.04,1407.2,0.0,PREVENTIVE_RISK_GATE
2026-03-18 11:19:00,-1407.2000000000055,S3,S3_D,2026-03-18,2026,2026-03,-28.799999999999955,1200.0,1407.2,0.0,PREVENTIVE_RISK_GATE
2026-03-18 13:01:00,-1407.2000000000055,S3,S3_D,2026-03-18,2026,2026-03,-28.799999999999955,1200.0,1407.2,0.0,PREVENTIVE_RISK_GATE
2026-03-19 09:07:00,-1407.2000000000055,S3,S3_D,2026-03-19,2026,2026-03,0.0,1200.0,1407.2,0.0,PREVENTIVE_RISK_GATE
2026-03-19 09:24:00,442.80000000000285,S3,S3_D,2026-03-19,2026,2026-03,128.40000000000003,1277.04,1407.2,0.0,PREVENTIVE_RISK_GATE
2026-03-19 11:47:00,442.80000000000285,S3,S3_C,2026-03-19,2026,2026-03,1585.2000000000114,1400.0,1007.2,0.0,MAX_9_TRADES
2026-03-19 11:52:00,-157.2,S2,S2_HV-1,2026-03-19,2026,2026-03,1585.2000000000114,1400.0,157.2,0.0,MAX_9_TRADES
2026-03-19 11:53:00,-157.2,S2,S2_HV-1,2026-03-19,2026,2026-03,1585.2000000000114,1400.0,157.2,0.0,MAX_9_TRADES
2026-03-19 11:59:00,142.8,S2,S2_HV-1,2026-03-19,2026,2026-03,1585.2000000000114,1400.0,157.2,0.0,MAX_9_TRADES
2026-03-19 12:02:00,-157.2,S2,S2_HV-1,2026-03-19,2026,2026-03,1585.2000000000114,1400.0,157.2,0.0,MAX_9_TRADES
2026-03-19 14:08:00,-157.2,S2,S2_HV-1,2026-03-19,2026,2026-03,1585.2000000000114,1400.0,157.2,0.0,MAX_9_TRADES
2026-03-20 14:05:00,-1207.1969482421875,S3,S3_D,2026-03-20,2026,2026-03,-500.3999999999999,1200.0,1407.2,0.0,PREVENTIVE_RISK_GATE
2026-03-23 09:15:00,442.80000000000285,S3,S3_D,2026-03-23,2026,2026-03,-314.4,1200.0,1407.2,-357.6000000000058,PREVENTIVE_RISK_GATE
2026-03-23 09:56:00,-1407.2000000000055,S3,S3_D,2026-03-23,2026,2026-03,114.00000000000006,1268.4,1407.2,-357.6000000000058,PREVENTIVE_RISK_GATE
2026-03-23 11:20:00,442.80000000000285,S3,S3_D,2026-03-23,2026,2026-03,385.20000000000294,1400.0,1407.2,-357.6000000000058,MAX_9_TRADES
2026-03-23 11:38:00,-1007.2,S3,S3_C,2026-03-23,2026,2026-03,385.20000000000294,1400.0,1007.2,-357.6000000000058,MAX_9_TRADES
2026-03-23 11:46:00,442.80000000000285,S3,S3_D,2026-03-23,2026,2026-03,385.20000000000294,1400.0,1407.2,-357.6000000000058,MAX_9_TRADES
2026-03-23 12:19:00,142.8,S2,S2_HV-1,2026-03-23,2026,2026-03,385.20000000000294,1400.0,157.2,-357.6000000000058,MAX_9_TRADES
2026-03-23 12:30:00,-157.2,S2,S2_HV-1,2026-03-23,2026,2026-03,385.20000000000294,1400.0,157.2,-357.6000000000058,MAX_9_TRADES
2026-03-23 14:29:00,-427.2057983398437,S3,S3_D,2026-03-23,2026,2026-03,385.20000000000294,1400.0,1407.2,-357.6000000000058,MAX_9_TRADES
2026-03-26 11:41:00,442.80000000000285,S3,S3_D,2026-03-26,2026,2026-03,-878.8,1200.0,1407.2,0.0,PREVENTIVE_RISK_GATE
2026-03-26 13:04:00,-797.2009155273438,S3,S3_D,2026-03-26,2026,2026-03,-893.2,1200.0,1407.2,0.0,PREVENTIVE_RISK_GATE
2026-03-27 10:22:00,442.80000000000285,S3,S3_D,2026-03-27,2026,2026-03,-14.399999999999977,1200.0,1407.2,-893.2000000000116,PREVENTIVE_RISK_GATE
2026-03-27 12:56:00,442.80000000000285,S3,S3_D,2026-03-27,2026,2026-03,-450.39999999999435,1200.0,1407.2,-893.2000000000116,PREVENTIVE_RISK_GATE
2026-03-27 14:16:00,-557.1954223632813,S3,S3_D,2026-03-27,2026,2026-03,-450.39999999999435,1200.0,1407.2,-893.2000000000116,PREVENTIVE_RISK_GATE
2026-03-31 12:50:00,142.8,S2,S2_HV-1,2026-03-31,2026,2026-03,85.2000000000001,1251.1200000000001,157.2,-815.6000000000058,MAX_9_TRADES
2026-03-31 12:50:00,-157.2,S2,S2_HV-1,2026-03-31,2026,2026-03,85.2000000000001,1251.1200000000001,157.2,-815.6000000000058,MAX_9_TRADES
2026-03-31 13:02:00,142.8,S2,S2_HV-1,2026-03-31,2026,2026-03,85.2000000000001,1251.1200000000001,157.2,-815.6000000000058,MAX_9_TRADES
2026-03-31 13:03:00,-157.2,S2,S2_HV-1,2026-03-31,2026,2026-03,85.2000000000001,1251.1200000000001,157.2,-815.6000000000058,MAX_9_TRADES
2026-04-01 13:09:00,442.80000000000285,S3,S3_D,2026-04-01,2026,2026-04,-185.99999999999994,1200.0,1407.2,-730.3999999999942,PREVENTIVE_RISK_GATE
2026-04-02 10:39:00,-157.2,S2,S2_HV-1,2026-04-02,2026,2026-04,-514.8,1200.0,157.2,-473.6000000000058,MAX_9_TRADES
2026-04-02 10:51:00,-157.2,S2,S2_HV-1,2026-04-02,2026,2026-04,-514.8,1200.0,157.2,-473.6000000000058,MAX_9_TRADES
2026-04-02 11:26:00,142.8,S2,S2_HV-1,2026-04-02,2026,2026-04,-514.8,1200.0,157.2,-473.6000000000058,MAX_9_TRADES
2026-04-06 13:28:00,142.8,S2,S2_HV-1,2026-04-06,2026,2026-04,985.2,1400.0,157.2,-988.3999999999942,MAX_9_TRADES
2026-04-06 13:44:00,142.8,S2,S2_HV-1,2026-04-06,2026,2026-04,985.2,1400.0,157.2,-988.3999999999942,MAX_9_TRADES
2026-04-08 09:41:00,142.8,S2,S2_HV-1,2026-04-08,2026,2026-04,-1136.0000000000027,1200.0,157.2,0.0,PREVENTIVE_RISK_GATE
2026-04-08 09:50:00,-1407.2000000000055,S3,S3_D,2026-04-08,2026,2026-04,-1136.0000000000027,1200.0,1407.2,0.0,PREVENTIVE_RISK_GATE
2026-04-08 09:53:00,-157.2,S2,S2_HV-1,2026-04-08,2026,2026-04,-1136.0000000000027,1200.0,157.2,0.0,PREVENTIVE_RISK_GATE
2026-04-08 10:30:00,-157.2,S2,S2_HV-1,2026-04-08,2026,2026-04,-1136.0000000000027,1200.0,157.2,0.0,PREVENTIVE_RISK_GATE
2026-04-08 10:35:00,-157.2,S2,S2_HV-1,2026-04-08,2026,2026-04,-1136.0000000000027,1200.0,157.2,0.0,PREVENTIVE_RISK_GATE
2026-04-08 10:53:00,142.8,S2,S2_HV-1,2026-04-08,2026,2026-04,-1136.0000000000027,1200.0,157.2,0.0,PREVENTIVE_RISK_GATE
2026-04-08 11:38:00,442.80000000000285,S3,S3_D,2026-04-08,2026,2026-04,-1136.0000000000027,1200.0,1407.2,0.0,PREVENTIVE_RISK_GATE
2026-04-08 11:51:00,442.80000000000285,S3,S3_D,2026-04-08,2026,2026-04,-1136.0000000000027,1200.0,1407.2,0.0,PREVENTIVE_RISK_GATE
2026-04-08 11:57:00,142.8,S2,S2_HV-1,2026-04-08,2026,2026-04,-1136.0000000000027,1200.0,157.2,0.0,PREVENTIVE_RISK_GATE
2026-04-08 13:03:00,442.80000000000285,S3,S3_C,2026-04-08,2026,2026-04,-1136.0000000000027,1200.0,1007.2,0.0,PREVENTIVE_RISK_GATE
2026-04-09 09:31:00,442.80000000000285,S3,S3_C,2026-04-09,2026,2026-04,0.0,1000.0,1007.2,-1136.0,PREVENTIVE_RISK_GATE
2026-04-09 11:33:00,442.80000000000285,S3,S3_D,2026-04-09,2026,2026-04,0.0,1000.0,1407.2,-1136.0,PREVENTIVE_RISK_GATE
2026-04-09 11:35:00,442.80000000000285,S3,S3_C,2026-04-09,2026,2026-04,0.0,1000.0,1007.2,-1136.0,PREVENTIVE_RISK_GATE
2026-04-09 12:05:00,-1007.2,S3,S3_C,2026-04-09,2026,2026-04,0.0,1000.0,1007.2,-1136.0,PREVENTIVE_RISK_GATE
2026-04-09 12:19:00,442.80000000000285,S3,S3_D,2026-04-09,2026,2026-04,0.0,1000.0,1407.2,-1136.0,PREVENTIVE_RISK_GATE
2026-04-09 12:52:00,442.80000000000285,S3,S3_D,2026-04-09,2026,2026-04,0.0,1000.0,1407.2,-1136.0,PREVENTIVE_RISK_GATE
2026-04-09 13:09:00,442.80000000000285,S3,S3_D,2026-04-09,2026,2026-04,0.0,1000.0,1407.2,-1136.0,PREVENTIVE_RISK_GATE
2026-04-09 13:11:00,-1007.2,S3,S3_C,2026-04-09,2026,2026-04,0.0,1000.0,1007.2,-1136.0,PREVENTIVE_RISK_GATE
2026-04-09 13:40:00,442.80000000000285,S3,S3_C,2026-04-09,2026,2026-04,0.0,1000.0,1007.2,-1136.0,PREVENTIVE_RISK_GATE
2026-04-10 09:16:00,442.80000000000285,S3,S3_D,2026-04-10,2026,2026-04,-157.2,1000.0,1407.2,-1136.0,PREVENTIVE_RISK_GATE
2026-04-10 10:43:00,442.80000000000285,S3,S3_D,2026-04-10,2026,2026-04,-171.59999999999997,1000.0,1407.2,-1136.0,PREVENTIVE_RISK_GATE
2026-04-10 10:44:00,-1007.2,S3,S3_C,2026-04-10,2026,2026-04,-171.59999999999997,1000.0,1007.2,-1136.0,PREVENTIVE_RISK_GATE
2026-04-10 13:46:00,442.80000000000285,S3,S3_C,2026-04-10,2026,2026-04,-328.79999999999995,1000.0,1007.2,-1136.0,PREVENTIVE_RISK_GATE
2026-04-13 12:11:00,442.80000000000285,S3,S3_D,2026-04-13,2026,2026-04,-43.19999999999993,1000.0,1407.2,-1464.7999999999884,PREVENTIVE_RISK_GATE
2026-04-13 12:26:00,442.80000000000285,S3,S3_D,2026-04-13,2026,2026-04,-43.19999999999993,1000.0,1407.2,-1464.7999999999884,PREVENTIVE_RISK_GATE
2026-04-13 12:27:00,-1007.2,S3,S3_C,2026-04-13,2026,2026-04,-43.19999999999993,1000.0,1007.2,-1464.7999999999884,PREVENTIVE_RISK_GATE
2026-04-13 13:20:00,442.80000000000285,S3,S3_C,2026-04-13,2026,2026-04,685.200000000003,1400.0,1007.2,-1464.7999999999884,MAX_9_TRADES
2026-04-13 13:27:00,442.80000000000285,S3,S3_D,2026-04-13,2026,2026-04,685.200000000003,1400.0,1407.2,-1464.7999999999884,MAX_9_TRADES
2026-04-13 13:37:00,142.8,S2,S2_HV-1,2026-04-13,2026,2026-04,685.200000000003,1400.0,157.2,-1464.7999999999884,MAX_9_TRADES
2026-04-14 09:18:00,442.80000000000285,S3,S3_D,2026-04-14,2026,2026-04,0.0,1200.0,1407.2,-779.5999999999767,PREVENTIVE_RISK_GATE
2026-04-14 10:10:00,-1407.2000000000055,S3,S3_D,2026-04-14,2026,2026-04,0.0,1200.0,1407.2,-779.5999999999767,PREVENTIVE_RISK_GATE
2026-04-14 11:37:00,442.80000000000285,S3,S3_D,2026-04-14,2026,2026-04,0.0,1200.0,1407.2,-779.5999999999767,PREVENTIVE_RISK_GATE
2026-04-14 12:14:00,442.80000000000285,S3,S3_D,2026-04-14,2026,2026-04,0.0,1200.0,1407.2,-779.5999999999767,PREVENTIVE_RISK_GATE
2026-04-15 09:39:00,-1407.2000000000055,S3,S3_D,2026-04-15,2026,2026-04,0.0,1200.0,1407.2,-779.5999999999767,PREVENTIVE_RISK_GATE
2026-04-15 11:42:00,442.80000000000285,S3,S3_D,2026-04-15,2026,2026-04,0.0,1200.0,1407.2,-779.5999999999767,PREVENTIVE_RISK_GATE
2026-04-17 10:43:00,142.8,S2,S2_HV-1,2026-04-17,2026,2026-04,385.2000000000001,1400.0,157.2,-154.0,MAX_9_TRADES
2026-04-17 10:44:00,142.8,S2,S2_HV-2,2026-04-17,2026,2026-04,385.2000000000001,1400.0,157.2,-154.0,MAX_9_TRADES
2026-04-17 11:00:00,142.8,S2,S2_HV-2,2026-04-17,2026,2026-04,385.2000000000001,1400.0,157.2,-154.0,MAX_9_TRADES
2026-04-17 11:03:00,-157.2,S2,S2_HV-1,2026-04-17,2026,2026-04,385.2000000000001,1400.0,157.2,-154.0,MAX_9_TRADES
2026-04-21 13:34:00,442.80000000000285,S3,S3_D,2026-04-21,2026,2026-04,0.0,1200.0,1407.2,0.0,PREVENTIVE_RISK_GATE
2026-04-22 09:32:00,442.80000000000285,S3,S3_D,2026-04-22,2026,2026-04,0.0,1200.0,1407.2,0.0,PREVENTIVE_RISK_GATE
2026-04-23 09:27:00,442.80000000000285,S3,S3_D,2026-04-23,2026,2026-04,0.0,1200.0,1407.2,0.0,PREVENTIVE_RISK_GATE
2026-04-23 13:38:00,442.80000000000285,S3,S3_D,2026-04-23,2026,2026-04,-1128.7999999999943,1200.0,1407.2,0.0,PREVENTIVE_RISK_GATE
2026-04-23 13:42:00,-1407.2000000000055,S3,S3_D,2026-04-23,2026,2026-04,-1128.7999999999943,1200.0,1407.2,0.0,PREVENTIVE_RISK_GATE
2026-04-24 12:19:00,442.80000000000285,S3,S3_C,2026-04-24,2026,2026-04,0.0,1000.0,1007.2,-1128.7999999999884,PREVENTIVE_RISK_GATE
2026-04-27 09:12:00,442.80000000000285,S3,S3_C,2026-04-27,2026,2026-04,0.0,1000.0,1007.2,-1128.7999999999884,PREVENTIVE_RISK_GATE
2026-04-28 09:05:00,182.80244140625,S3,S3_D,2026-04-28,2026,2026-04,0.0,1000.0,1407.2,-1031.99755859375,PREVENTIVE_RISK_GATE
2026-04-29 13:46:00,142.8,S2,S2_HV-1,2026-04-29,2026,2026-04,-514.8,1200.0,157.2,-397.99755859375,MAX_9_TRADES
2026-05-01 09:03:00,442.80000000000285,S3,S3_D,2026-05-01,2026,2026-05,0.0,1200.0,1407.2,-213.19755859373254,PREVENTIVE_RISK_GATE
2026-05-01 09:21:00,442.80000000000285,S3,S3_D,2026-05-01,2026,2026-05,-157.2,1200.0,1407.2,-213.19755859373254,PREVENTIVE_RISK_GATE
2026-05-01 09:34:00,442.80000000000285,S3,S3_D,2026-05-01,2026,2026-05,-1164.4,1200.0,1407.2,-213.19755859373254,PREVENTIVE_RISK_GATE
2026-05-01 09:36:00,-1007.2,S3,S3_C,2026-05-01,2026,2026-05,-1164.4,1200.0,1007.2,-213.19755859373254,PREVENTIVE_RISK_GATE
2026-05-01 09:39:00,142.8,S2,S2_HV-1,2026-05-01,2026,2026-05,-1164.4,1200.0,157.2,-213.19755859373254,PREVENTIVE_RISK_GATE
2026-05-01 09:58:00,-157.2,S2,S2_HV-1,2026-05-01,2026,2026-05,-1164.4,1200.0,157.2,-213.19755859373254,PREVENTIVE_RISK_GATE
2026-05-01 10:06:00,142.8,S2,S2_HV-1,2026-05-01,2026,2026-05,-1164.4,1200.0,157.2,-213.19755859373254,PREVENTIVE_RISK_GATE
2026-05-01 10:14:00,-1407.2000000000055,S3,S3_D,2026-05-01,2026,2026-05,-1164.4,1200.0,1407.2,-213.19755859373254,PREVENTIVE_RISK_GATE
2026-05-01 10:16:00,-157.2,S2,S2_HV-1,2026-05-01,2026,2026-05,-1164.4,1200.0,157.2,-213.19755859373254,PREVENTIVE_RISK_GATE
2026-05-01 10:45:00,142.8,S2,S2_HV-1,2026-05-01,2026,2026-05,-1164.4,1200.0,157.2,-213.19755859373254,PREVENTIVE_RISK_GATE
2026-05-04 09:07:00,442.80000000000285,S3,S3_D,2026-05-04,2026,2026-05,0.0,1000.0,1407.2,-1377.5975585937267,PREVENTIVE_RISK_GATE
2026-05-04 10:21:00,442.80000000000285,S3,S3_C,2026-05-04,2026,2026-05,0.0,1000.0,1007.2,-1377.5975585937267,PREVENTIVE_RISK_GATE
2026-05-04 10:22:00,-1407.2000000000055,S3,S3_D,2026-05-04,2026,2026-05,0.0,1000.0,1407.2,-1377.5975585937267,PREVENTIVE_RISK_GATE
2026-05-05 10:49:00,442.80000000000285,S3,S3_C,2026-05-05,2026,2026-05,0.0,1000.0,1007.2,-1377.5975585937267,PREVENTIVE_RISK_GATE
2026-05-05 11:21:00,-127.20274658203124,S3,S3_D,2026-05-05,2026,2026-05,0.0,1000.0,1407.2,-1377.5975585937267,PREVENTIVE_RISK_GATE
2026-05-05 11:27:00,442.80000000000285,S3,S3_C,2026-05-05,2026,2026-05,0.0,1000.0,1007.2,-1377.5975585937267,PREVENTIVE_RISK_GATE
2026-05-05 12:29:00,442.80000000000285,S3,S3_C,2026-05-05,2026,2026-05,0.0,1000.0,1007.2,-1377.5975585937267,PREVENTIVE_RISK_GATE
2026-05-06 10:44:00,442.80000000000285,S3,S3_C,2026-05-06,2026,2026-05,-328.79999999999995,1000.0,1007.2,-1377.5975585937267,PREVENTIVE_RISK_GATE
2026-05-06 13:03:00,442.80000000000285,S3,S3_D,2026-05-06,2026,2026-05,-328.79999999999995,1000.0,1407.2,-1377.5975585937267,PREVENTIVE_RISK_GATE
2026-05-06 13:32:00,442.80000000000285,S3,S3_C,2026-05-06,2026,2026-05,-328.79999999999995,1000.0,1007.2,-1377.5975585937267,PREVENTIVE_RISK_GATE
2026-05-07 09:59:00,442.80000000000285,S3,S3_D,2026-05-07,2026,2026-05,142.8,1085.68,1407.2,-1706.397558593715,PREVENTIVE_RISK_GATE
2026-05-07 13:26:00,442.80000000000285,S3,S3_C,2026-05-07,2026,2026-05,985.2000000000055,1400.0,1007.2,-1706.397558593715,MAX_9_TRADES
2026-05-07 13:40:00,442.80000000000285,S3,S3_D,2026-05-07,2026,2026-05,985.2000000000055,1400.0,1407.2,-1706.397558593715,MAX_9_TRADES
2026-05-14 10:50:00,442.80000000000285,S3,S3_D,2026-05-14,2026,2026-05,0.0,1200.0,1407.2,0.0,PREVENTIVE_RISK_GATE
2026-05-14 10:59:00,-1407.2000000000055,S3,S3_D,2026-05-14,2026,2026-05,0.0,1200.0,1407.2,0.0,PREVENTIVE_RISK_GATE
2026-05-18 09:44:00,442.80000000000285,S3,S3_C,2026-05-18,2026,2026-05,0.0,1000.0,1007.2,-1007.2000000000116,PREVENTIVE_RISK_GATE
2026-05-18 10:32:00,-1007.2,S3,S3_C,2026-05-18,2026,2026-05,0.0,1000.0,1007.2,-1007.2000000000116,PREVENTIVE_RISK_GATE
2026-05-21 09:53:00,442.80000000000285,S3,S3_D,2026-05-21,2026,2026-05,0.0,1200.0,1407.2,-293.20000000001164,PREVENTIVE_RISK_GATE
2026-05-21 10:25:00,442.80000000000285,S3,S3_D,2026-05-21,2026,2026-05,0.0,1200.0,1407.2,-293.20000000001164,PREVENTIVE_RISK_GATE
2026-05-21 13:01:00,-1007.2,S3,S3_C,2026-05-21,2026,2026-05,-1007.2,1200.0,1007.2,-293.20000000001164,PREVENTIVE_RISK_GATE
2026-05-21 13:12:00,442.80000000000285,S3,S3_C,2026-05-21,2026,2026-05,-1007.2,1200.0,1007.2,-293.20000000001164,PREVENTIVE_RISK_GATE
2026-05-21 13:18:00,-1007.2,S3,S3_C,2026-05-21,2026,2026-05,-1007.2,1200.0,1007.2,-293.20000000001164,PREVENTIVE_RISK_GATE
2026-05-21 13:21:00,442.80000000000285,S3,S3_D,2026-05-21,2026,2026-05,-1007.2,1200.0,1407.2,-293.20000000001164,PREVENTIVE_RISK_GATE
2026-05-21 13:45:00,442.80000000000285,S3,S3_D,2026-05-21,2026,2026-05,-1007.2,1200.0,1407.2,-293.20000000001164,PREVENTIVE_RISK_GATE
2026-05-21 13:46:00,-1007.2,S3,S3_C,2026-05-21,2026,2026-05,-1007.2,1200.0,1007.2,-293.20000000001164,PREVENTIVE_RISK_GATE
2026-05-21 13:52:00,-207.1969482421875,S3,S3_D,2026-05-21,2026,2026-05,-1007.2,1200.0,1407.2,-293.20000000001164,PREVENTIVE_RISK_GATE
2026-05-21 13:53:00,-37.20000000000114,S3,S3_C,2026-05-21,2026,2026-05,-1007.2,1200.0,1007.2,-293.20000000001164,PREVENTIVE_RISK_GATE
2026-05-22 09:01:00,-1007.2,S3,S3_C,2026-05-22,2026,2026-05,0.0,1000.0,1007.2,-1300.4000000000233,PREVENTIVE_RISK_GATE
2026-05-26 10:06:00,442.80000000000285,S3,S3_D,2026-05-26,2026,2026-05,-14.399999999999977,1200.0,1407.2,0.0,PREVENTIVE_RISK_GATE
2026-05-27 09:02:00,442.80000000000285,S3,S3_D,2026-05-27,2026,2026-05,0.0,1200.0,1407.2,-171.60000000000582,PREVENTIVE_RISK_GATE
2026-05-28 12:47:00,-537.198779296875,S3,S3_D,2026-05-28,2026,2026-05,99.60000000000292,1259.7600000000018,1407.2,0.0,PREVENTIVE_RISK_GATE
2026-06-01 10:13:00,442.80000000000285,S3,S3_D,2026-06-01,2026,2026-06,-28.799999999999955,1200.0,1407.2,0.0,PREVENTIVE_RISK_GATE
2026-06-01 12:55:00,442.80000000000285,S3,S3_D,2026-06-01,2026,2026-06,-1050.4,1200.0,1407.2,0.0,PREVENTIVE_RISK_GATE
2026-06-01 12:58:00,-1007.2,S3,S3_C,2026-06-01,2026,2026-06,-1050.4,1200.0,1007.2,0.0,PREVENTIVE_RISK_GATE
2026-06-01 13:39:00,142.8,S2,S2_HV-1,2026-06-01,2026,2026-06,-1050.4,1200.0,157.2,0.0,PREVENTIVE_RISK_GATE
2026-06-02 09:30:00,442.80000000000285,S3,S3_D,2026-06-02,2026,2026-06,0.0,1000.0,1407.2,-1050.3999999999942,PREVENTIVE_RISK_GATE
2026-06-02 11:59:00,442.80000000000285,S3,S3_C,2026-06-02,2026,2026-06,-157.2,1000.0,1007.2,-1050.3999999999942,PREVENTIVE_RISK_GATE
2026-06-02 12:19:00,442.80000000000285,S3,S3_D,2026-06-02,2026,2026-06,-14.399999999999977,1000.0,1407.2,-1050.3999999999942,PREVENTIVE_RISK_GATE
2026-06-03 10:43:00,442.80000000000285,S3,S3_D,2026-06-03,2026,2026-06,142.8,1085.68,1407.2,-1064.7999999999884,PREVENTIVE_RISK_GATE
2026-06-03 13:14:00,-7.2,S3,S3_D,2026-06-03,2026,2026-06,128.40000000000003,1077.04,1407.2,-1064.7999999999884,PREVENTIVE_RISK_GATE
2026-06-04 10:25:00,442.80000000000285,S3,S3_D,2026-06-04,2026,2026-06,-14.399999999999977,1200.0,1407.2,-936.3999999999942,PREVENTIVE_RISK_GATE
2026-06-05 09:12:00,442.80000000000285,S3,S3_D,2026-06-05,2026,2026-06,0.0,1200.0,1407.2,-950.7999999999884,PREVENTIVE_RISK_GATE
2026-06-08 09:41:00,442.80000000000285,S3,S3_C,2026-06-08,2026,2026-06,-1121.6000000000054,1200.0,1007.2,-193.9969482421584,PREVENTIVE_RISK_GATE
2026-06-08 10:30:00,-157.2,S2,S2_HV-1,2026-06-08,2026,2026-06,-1121.6000000000054,1200.0,157.2,-193.9969482421584,PREVENTIVE_RISK_GATE
2026-06-08 11:23:00,442.80000000000285,S3,S3_D,2026-06-08,2026,2026-06,-1121.6000000000054,1200.0,1407.2,-193.9969482421584,PREVENTIVE_RISK_GATE
2026-06-08 12:09:00,-297.19999999999203,S3,S3_C,2026-06-08,2026,2026-06,-1121.6000000000054,1200.0,1007.2,-193.9969482421584,PREVENTIVE_RISK_GATE
2026-07-06 10:19:00,242.8,S3,S3_B,2026-07-06,2026,2026-07,-734.3999999999972,1200.0,807.2,0.0,PREVENTIVE_RISK_GATE
2026-07-06 13:29:00,42.79542236328125,S3,S3_B,2026-07-06,2026,2026-07,-908.7999999999973,1200.0,807.2,0.0,PREVENTIVE_RISK_GATE
2026-07-10 10:33:00,442.80000000000285,S3,S3_C,2026-07-10,2026,2026-07,-314.4,1200.0,1007.2,-96.8027465819905,PREVENTIVE_RISK_GATE
2026-07-14 11:34:00,442.80000000000285,S3,S3_D,2026-07-14,2026,2026-07,114.00000000000006,1268.4,1407.2,-568.4027465819963,PREVENTIVE_RISK_GATE
2026-07-22 09:44:00,442.80000000000285,S3,S3_C,2026-07-22,2026,2026-07,0.0,1000.0,1007.2,-1065.201831054641,PREVENTIVE_RISK_GATE
2026-07-24 11:47:00,442.80000000000285,S3,S3_D,2026-07-24,2026,2026-07,128.40000000000003,1277.04,1407.2,-808.4018310546526,PREVENTIVE_RISK_GATE
2026-07-27 10:07:00,442.80000000000285,S3,S3_D,2026-07-27,2026,2026-07,-14.399999999999977,1200.0,1407.2,-537.2018310546409,PREVENTIVE_RISK_GATE
2026-07-27 12:35:00,-247.2054931640625,S3,S3_D,2026-07-27,2026,2026-07,-523.1999999999955,1200.0,1407.2,-537.2018310546409,PREVENTIVE_RISK_GATE
2026-07-28 09:33:00,442.80000000000285,S3,S3_D,2026-07-28,2026,2026-07,0.0,1000.0,1407.2,-1060.4018310546235,PREVENTIVE_RISK_GATE
2026-07-28 11:21:00,442.80000000000285,S3,S3_D,2026-07-28,2026,2026-07,-14.399999999999977,1000.0,1407.2,-1060.4018310546235,PREVENTIVE_RISK_GATE
2026-07-28 11:55:00,442.80000000000285,S3,S3_D,2026-07-28,2026,2026-07,128.40000000000003,1077.04,1407.2,-1060.4018310546235,PREVENTIVE_RISK_GATE
2026-07-29 11:31:00,442.80000000000285,S3,S3_D,2026-07-29,2026,2026-07,0.0,1200.0,1407.2,-943.601831054606,PREVENTIVE_RISK_GATE
2026-07-29 12:27:00,-387.1972534179688,S3,S3_D,2026-07-29,2026,2026-07,0.0,1200.0,1407.2,-943.601831054606,PREVENTIVE_RISK_GATE
2026-07-31 09:03:00,442.80000000000285,S3,S3_D,2026-07-31,2026,2026-07,0.0,1200.0,1407.2,-943.601831054606,PREVENTIVE_RISK_GATE
2026-07-31 11:35:00,442.80000000000285,S3,S3_D,2026-07-31,2026,2026-07,0.0,1200.0,1407.2,-943.601831054606,PREVENTIVE_RISK_GATE
2026-07-31 11:49:00,442.80000000000285,S3,S3_D,2026-07-31,2026,2026-07,-297.20000000000624,1200.0,1407.2,-943.601831054606,PREVENTIVE_RISK_GATE
2026-08-03 10:32:00,442.80000000000285,S3,S3_D,2026-08-03,2026,2026-08,-544.4000000000069,1000.0,1407.2,-1240.8018310546177,PREVENTIVE_RISK_GATE
2026-08-03 13:03:00,42.8030517578125,S3,S3_D,2026-08-03,2026,2026-08,-701.600000000007,1000.0,1407.2,-1240.8018310546177,PREVENTIVE_RISK_GATE
2026-08-05 09:05:00,442.80000000000285,S3,S3_D,2026-08-05,2026,2026-08,0.0,1000.0,1407.2,-1685.601831054635,PREVENTIVE_RISK_GATE
2026-08-07 09:23:00,442.80000000000285,S3,S3_D,2026-08-07,2026,2026-08,0.0,1200.0,1407.2,-528.8018310546177,PREVENTIVE_RISK_GATE
2026-08-07 10:08:00,442.80000000000285,S3,S3_D,2026-08-07,2026,2026-08,0.0,1200.0,1407.2,-528.8018310546177,PREVENTIVE_RISK_GATE
2026-08-11 11:33:00,352.8006103515625,S3,S3_D,2026-08-11,2026,2026-08,-278.79999999999717,1200.0,1407.2,0.0,PREVENTIVE_RISK_GATE
2026-08-24 12:21:00,442.80000000000285,S3,S3_C,2026-08-24,2026,2026-08,0.0,1000.0,1007.2,-1036.0,PREVENTIVE_RISK_GATE
2026-09-15 13:28:00,-157.2,S2,S2_HV-2,2026-09-15,2026,2026-09,685.2,1400.0,157.2,0.0,MAX_9_TRADES
2026-09-15 13:29:00,142.8,S2,S2_HV-1,2026-09-15,2026,2026-09,685.2,1400.0,157.2,0.0,MAX_9_TRADES
2026-09-21 09:59:00,142.8,S2,S2_HV-1,2026-09-21,2026,2026-09,-1164.4,1200.0,157.2,0.0,PREVENTIVE_RISK_GATE
2026-09-21 10:21:00,142.8,S2,S2_HV-1,2026-09-21,2026,2026-09,-1164.4,1200.0,157.2,0.0,PREVENTIVE_RISK_GATE
2026-09-21 10:29:00,442.80000000000285,S3,S3_D,2026-09-21,2026,2026-09,-1164.4,1200.0,1407.2,0.0,PREVENTIVE_RISK_GATE
2026-09-21 12:15:00,-157.2,S2,S2_HV-1,2026-09-21,2026,2026-09,-1164.4,1200.0,157.2,0.0,PREVENTIVE_RISK_GATE
2026-09-22 09:14:00,-1407.2000000000055,S3,S3_D,2026-09-22,2026,2026-09,142.8,1085.68,1407.2,-1164.3999999999942,PREVENTIVE_RISK_GATE
2026-09-22 10:40:00,442.80000000000285,S3,S3_C,2026-09-22,2026,2026-09,-28.799999999999955,1000.0,1007.2,-1164.3999999999942,PREVENTIVE_RISK_GATE
2026-09-22 10:48:00,442.80000000000285,S3,S3_D,2026-09-22,2026,2026-09,-185.99999999999994,1000.0,1407.2,-1164.3999999999942,PREVENTIVE_RISK_GATE
2026-09-22 13:56:00,272.798779296875,S3,S3_D,2026-09-22,2026,2026-09,-185.99999999999994,1000.0,1407.2,-1164.3999999999942,PREVENTIVE_RISK_GATE
