date,pnl_net,equity,peak,drawdown
2016-02-02,-157.2,-157.2,-157.2,0.0
2016-02-03,-28.799999999999955,-185.99999999999994,-157.2,-28.799999999999955
2016-02-05,442.7999999999993,256.79999999999933,256.79999999999933,0.0
2016-02-08,-244.39999999999895,12.400000000000375,256.79999999999933,-244.39999999999895
2016-02-09,26.799999999998178,39.19999999999855,256.79999999999933,-217.60000000000076
2016-02-10,-14.399999999999977,24.799999999998576,256.79999999999933,-232.00000000000074
2016-02-11,142.8,167.5999999999986,256.79999999999933,-89.20000000000073
2016-02-16,-14.399999999999977,153.19999999999862,256.79999999999933,-103.6000000000007
2016-02-17,486.7999999999993,639.999999999998,639.999999999998,0.0
2016-02-18,58.39999999999999,698.3999999999979,698.3999999999979,0.0
2016-02-19,-174.4,523.999999999998,698.3999999999979,-174.39999999999998
2016-02-22,-87.2,436.79999999999797,698.3999999999979,-261.59999999999997
2016-02-23,-14.400000000000006,422.39999999999793,698.3999999999979,-276.0
2016-02-26,-101.60000000000001,320.7999999999979,698.3999999999979,-377.6
2016-03-01,-14.399999999999977,306.39999999999793,698.3999999999979,-392.0
2016-03-02,-28.799999999999955,277.599999999998,698.3999999999979,-420.79999999999995
2016-03-03,-171.59999999999997,105.99999999999801,698.3999999999979,-592.3999999999999
2016-03-04,291.2,397.199999999998,698.3999999999979,-301.19999999999993
2016-03-07,218.39999999999998,615.599999999998,698.3999999999979,-82.79999999999995
2016-03-08,-157.2,458.399999999998,698.3999999999979,-239.99999999999994
2016-03-09,271.20000000000005,729.5999999999981,729.5999999999981,0.0
2016-03-10,145.6,875.1999999999981,875.1999999999981,0.0
2016-03-11,142.8,1017.9999999999982,1017.9999999999982,0.0
2016-03-14,145.6,1163.599999999998,1163.599999999998,0.0
2016-03-15,218.39999999999998,1381.9999999999982,1381.9999999999982,0.0
2016-03-16,-28.80000000000001,1353.1999999999982,1381.9999999999982,-28.799999999999955
2016-03-17,58.39999999999999,1411.5999999999983,1411.5999999999983,0.0
2016-03-18,218.39999999999998,1629.9999999999982,1629.9999999999982,0.0
2016-03-21,-14.400000000000006,1615.599999999998,1629.9999999999982,-14.400000000000091
2016-03-22,218.39999999999998,1833.9999999999982,1833.9999999999982,0.0
2016-03-23,124.00000000000006,1957.9999999999982,1957.9999999999982,0.0
2016-03-24,218.39999999999998,2176.3999999999983,2176.3999999999983,0.0
2016-03-28,58.39999999999999,2234.7999999999984,2234.7999999999984,0.0
2016-03-29,58.39999999999999,2293.1999999999985,2293.1999999999985,0.0
2016-03-30,58.39999999999999,2351.5999999999985,2351.5999999999985,0.0
2016-03-31,-821.5999999999972,1530.0000000000014,2351.5999999999985,-821.5999999999972
2016-04-01,145.6,1675.6000000000013,2351.5999999999985,-675.9999999999973
2016-04-04,-101.60000000000001,1574.0000000000014,2351.5999999999985,-777.5999999999972
2016-04-05,72.8,1646.8000000000013,2351.5999999999985,-704.7999999999972
2016-04-06,58.39999999999999,1705.2000000000014,2351.5999999999985,-646.3999999999971
2016-04-07,-174.4,1530.8000000000013,2351.5999999999985,-820.7999999999972
2016-04-08,485.6,2016.4000000000015,2351.5999999999985,-335.1999999999971
2016-04-11,72.8,2089.2000000000016,2351.5999999999985,-262.3999999999969
2016-04-12,131.2,2220.4000000000015,2351.5999999999985,-131.1999999999971
2016-04-13,-174.4,2046.0000000000014,2351.5999999999985,-305.5999999999972
2016-04-14,-411.6033569335937,1634.3966430664077,2351.5999999999985,-717.2033569335908
2016-04-15,-168.8030517578125,1465.5935913085953,2351.5999999999985,-886.0064086914033
2016-04-18,131.2,1596.7935913085953,2351.5999999999985,-754.8064086914032
2016-04-19,-14.400000000000006,1582.3935913085952,2351.5999999999985,-769.2064086914033
2016-04-20,116.79999999999998,1699.1935913085952,2351.5999999999985,-652.4064086914034
2016-04-21,-174.4,1524.793591308595,2351.5999999999985,-826.8064086914035
2016-04-22,142.8,1667.593591308595,2351.5999999999985,-684.0064086914035
2016-04-26,-157.2,1510.393591308595,2351.5999999999985,-841.2064086914036
2016-04-27,58.39999999999999,1568.793591308595,2351.5999999999985,-782.8064086914035
2016-04-28,105.59999999999914,1674.3935913085943,2351.5999999999985,-677.2064086914042
2016-04-29,-101.60000000000001,1572.7935913085944,2351.5999999999985,-778.8064086914042
2016-05-02,939.6016784667969,2512.395269775391,2512.395269775391,0.0
2016-05-05,1285.200457763672,3797.595727539063,3797.595727539063,0.0
2016-05-09,278.3992370605469,4075.99496459961,4075.99496459961,0.0
2016-05-12,-157.2,3918.79496459961,4075.99496459961,-157.19999999999982
2016-05-13,145.6,4064.39496459961,4075.99496459961,-11.599999999999909
2016-05-16,-87.2,3977.19496459961,4075.99496459961,-98.79999999999973
2016-05-17,-87.2,3889.9949645996103,4075.99496459961,-185.99999999999955
2016-05-18,-87.2,3802.7949645996105,4075.99496459961,-273.19999999999936
2016-05-19,58.39999999999999,3861.1949645996106,4075.99496459961,-214.79999999999927
2016-05-20,145.6,4006.7949645996105,4075.99496459961,-69.19999999999936
2016-05-23,145.6,4152.394964599611,4152.394964599611,0.0
2016-05-24,72.8,4225.194964599611,4225.194964599611,0.0
2016-05-25,145.6,4370.794964599611,4370.794964599611,0.0
2016-05-26,-87.2,4283.594964599612,4370.794964599611,-87.19999999999982
2016-05-27,72.8,4356.394964599612,4370.794964599611,-14.399999999999636
2016-05-31,-174.4,4181.994964599612,4370.794964599611,-188.79999999999927
2016-06-07,-14.400000000000006,4167.5949645996125,4370.794964599611,-203.1999999999989
2016-06-08,145.6,4313.194964599613,4370.794964599611,-57.599999999998545
2016-06-09,72.8,4385.994964599613,4385.994964599613,0.0
2016-06-10,-87.2,4298.794964599613,4385.994964599613,-87.19999999999982
2016-06-13,-87.2,4211.594964599613,4385.994964599613,-174.39999999999964
2016-06-15,-14.400000000000006,4197.194964599614,4385.994964599613,-188.79999999999927
2016-06-16,145.6,4342.794964599614,4385.994964599613,-43.19999999999891
2016-06-17,145.6,4488.3949645996145,4488.3949645996145,0.0
2016-06-20,145.6,4633.994964599615,4633.994964599615,0.0
2016-06-21,-101.60000000000001,4532.3949645996145,4633.994964599615,-101.60000000000036
2016-06-22,-14.400000000000006,4517.994964599615,4633.994964599615,-116.0
2016-06-23,-14.400000000000006,4503.594964599615,4633.994964599615,-130.39999999999964
2016-06-27,145.6,4649.194964599616,4649.194964599616,0.0
2016-06-28,-174.4,4474.794964599616,4649.194964599616,-174.39999999999964
2016-06-29,-14.400000000000006,4460.394964599616,4649.194964599616,-188.79999999999927
2016-07-01,58.39999999999999,4518.794964599616,4649.194964599616,-130.39999999999964
2016-07-06,145.6,4664.394964599616,4664.394964599616,0.0
2016-07-08,-328.79999999999995,4335.594964599616,4664.394964599616,-328.8000000000002
2016-07-11,996.801678466797,5332.396643066413,5332.396643066413,0.0
2016-07-13,-157.2,5175.196643066413,5332.396643066413,-157.19999999999982
2016-07-14,142.8,5317.9966430664135,5332.396643066413,-14.399999999999636
2016-07-15,-61.60289916992184,5256.393743896491,5332.396643066413,-76.00289916992188
2016-07-18,72.8,5329.1937438964915,5332.396643066413,-3.202899169921693
2016-07-19,-87.2,5241.993743896492,5332.396643066413,-90.40289916992151
2016-07-20,-101.60000000000001,5140.393743896491,5332.396643066413,-192.00289916992188
2016-07-21,218.39999999999998,5358.793743896491,5358.793743896491,0.0
2016-07-22,145.6,5504.393743896491,5504.393743896491,0.0
2016-07-25,72.8,5577.1937438964915,5577.1937438964915,0.0
2016-07-26,-14.400000000000006,5562.793743896492,5577.1937438964915,-14.399999999999636
2016-07-27,204.0,5766.793743896492,5766.793743896492,0.0
2016-07-29,72.8,5839.593743896492,5839.593743896492,0.0
2016-08-01,58.39999999999999,5897.993743896492,5897.993743896492,0.0
2016-08-02,218.39999999999998,6116.393743896491,6116.393743896491,0.0
2016-08-03,218.39999999999998,6334.793743896491,6334.793743896491,0.0
2016-08-04,58.39999999999999,6393.193743896491,6393.193743896491,0.0
2016-08-05,-14.400000000000006,6378.793743896491,6393.193743896491,-14.399999999999636
2016-08-08,-28.80366210937497,6349.990081787116,6393.193743896491,-43.20366210937482
2016-08-09,-14.400000000000006,6335.590081787116,6393.193743896491,-57.603662109374454
2016-08-10,43.999999999999986,6379.590081787116,6393.193743896491,-13.603662109374454
2016-08-11,58.39999999999999,6437.990081787116,6437.990081787116,0.0
2016-08-12,218.39999999999998,6656.390081787115,6656.390081787115,0.0
2016-08-15,-14.400000000000006,6641.990081787116,6656.390081787115,-14.399999999999636
2016-08-16,-174.4,6467.590081787116,6656.390081787115,-188.79999999999927
2016-08-17,72.8,6540.390081787116,6656.390081787115,-115.99999999999909
2016-08-18,72.8,6613.1900817871165,6656.390081787115,-43.19999999999891
2016-08-19,72.8,6685.990081787117,6685.990081787117,0.0
2016-08-22,145.6,6831.590081787117,6831.590081787117,0.0
2016-08-24,-807.1999999999972,6024.39008178712,6831.590081787117,-807.1999999999971
2016-08-31,72.8,6097.19008178712,6831.590081787117,-734.3999999999969
2016-09-01,145.6,6242.7900817871205,6831.590081787117,-588.7999999999965
2016-09-02,58.39999999999999,6301.19008178712,6831.590081787117,-530.3999999999969
2016-09-06,-101.60000000000001,6199.59008178712,6831.590081787117,-631.9999999999973
2016-09-07,165.60030517578127,6365.190386962901,6831.590081787117,-466.39969482421566
2016-09-14,58.39999999999999,6423.590386962901,6831.590081787117,-407.999694824216
2016-09-15,-14.400000000000006,6409.190386962901,6831.590081787117,-422.39969482421566
2016-09-16,-68.79893188476565,6340.391455078136,6831.590081787117,-491.19862670898146
2016-09-20,-174.4,6165.991455078136,6831.590081787117,-665.5986267089811
2016-09-22,72.8,6238.791455078136,6831.590081787117,-592.7986267089809
2016-09-23,58.39999999999999,6297.191455078136,6831.590081787117,-534.3986267089813
2016-09-29,145.6,6442.791455078136,6831.590081787117,-388.7986267089809
2016-09-30,-14.400000000000006,6428.3914550781365,6831.590081787117,-403.19862670898056
2016-10-03,-14.400000000000006,6413.991455078137,6831.590081787117,-417.5986267089802
2016-10-04,145.6,6559.591455078137,6831.590081787117,-271.9986267089798
2016-10-05,-14.400000000000006,6545.191455078138,6831.590081787117,-286.39862670897946
2016-10-06,72.8,6617.991455078138,6831.590081787117,-213.59862670897928
2016-10-07,-87.2,6530.791455078138,6831.590081787117,-300.7986267089791
2016-10-10,131.2,6661.991455078138,6831.590081787117,-169.59862670897928
2016-10-11,145.6,6807.591455078138,6831.590081787117,-23.998626708978918
2016-10-12,-14.400000000000006,6793.1914550781385,6831.590081787117,-38.398626708978554
2016-10-13,131.2,6924.391455078138,6924.391455078138,0.0
2016-10-14,72.8,6997.1914550781385,6997.1914550781385,0.0
2016-10-18,-87.2,6909.991455078139,6997.1914550781385,-87.19999999999982
2016-10-19,72.8,6982.791455078139,6997.1914550781385,-14.399999999999636
2016-10-20,-14.400000000000006,6968.391455078139,6997.1914550781385,-28.799999999999272
2016-10-21,72.8,7041.191455078139,7041.191455078139,0.0
2016-10-24,-44.40000000000284,6996.791455078136,7041.191455078139,-44.400000000003274
2016-10-25,-14.400000000000006,6982.3914550781365,7041.191455078139,-58.80000000000291
2016-10-26,291.2,7273.591455078136,7273.591455078136,0.0
2016-10-27,-261.6,7011.991455078136,7273.591455078136,-261.60000000000036
2016-10-28,-174.4,6837.591455078136,7273.591455078136,-436.0
2016-10-31,-87.2,6750.3914550781365,7273.591455078136,-523.1999999999998
2016-11-01,291.2,7041.591455078136,7273.591455078136,-232.0
2016-11-02,72.8,7114.3914550781365,7273.591455078136,-159.19999999999982
2016-11-03,218.39999999999998,7332.791455078136,7332.791455078136,0.0
2016-11-04,58.39999999999999,7391.191455078136,7391.191455078136,0.0
2016-11-07,-87.2,7303.991455078136,7391.191455078136,-87.19999999999982
2016-11-08,-101.60000000000001,7202.391455078136,7391.191455078136,-188.80000000000018
2016-11-09,-101.60000000000001,7100.791455078135,7391.191455078136,-290.40000000000055
2016-11-10,-87.2,7013.591455078135,7391.191455078136,-377.60000000000036
2016-11-14,-108.80000000000001,6904.791455078135,7391.191455078136,-486.40000000000055
2016-11-15,-87.2,6817.591455078135,7391.191455078136,-573.6000000000004
2016-11-16,428.4000000000029,7245.991455078139,7391.191455078136,-145.1999999999971
2016-11-17,-14.400000000000006,7231.591455078139,7391.191455078136,-159.59999999999673
2016-11-18,-161.5993896484375,7069.992065429701,7391.191455078136,-321.1993896484346
2016-11-21,-14.400000000000006,7055.5920654297015,7391.191455078136,-335.5993896484342
2016-11-22,131.2,7186.792065429701,7391.191455078136,-204.3993896484344
2016-11-23,-14.400000000000006,7172.392065429702,7391.191455078136,-218.79938964843404
2016-11-25,-14.400000000000006,7157.992065429702,7391.191455078136,-233.19938964843368
2016-11-28,-14.400000000000006,7143.592065429702,7391.191455078136,-247.59938964843332
2016-11-29,58.39999999999999,7201.992065429702,7391.191455078136,-189.19938964843368
2016-11-30,-43.20000000000002,7158.792065429702,7391.191455078136,-232.3993896484335
2016-12-01,58.39999999999999,7217.192065429702,7391.191455078136,-173.99938964843386
2016-12-02,145.6,7362.792065429702,7391.191455078136,-28.399389648433498
2016-12-05,-174.4,7188.392065429703,7391.191455078136,-202.79938964843313
2016-12-06,145.6,7333.992065429703,7391.191455078136,-57.19938964843277
2016-12-07,-87.2,7246.792065429703,7391.191455078136,-144.3993896484326
2016-12-08,-87.2,7159.592065429703,7391.191455078136,-231.5993896484324
2016-12-09,72.8,7232.3920654297035,7391.191455078136,-158.79938964843222
2016-12-12,-101.60000000000001,7130.792065429703,7391.191455078136,-260.3993896484326
2016-12-13,145.6,7276.3920654297035,7391.191455078136,-114.79938964843222
2016-12-14,145.6,7421.992065429704,7421.992065429704,0.0
2016-12-15,145.6,7567.592065429704,7567.592065429704,0.0
2016-12-16,-14.400000000000006,7553.192065429705,7567.592065429704,-14.399999999999636
2016-12-19,145.6,7698.792065429705,7698.792065429705,0.0
2016-12-20,-311.5971008300781,7387.1949645996265,7698.792065429705,-311.5971008300785
2016-12-21,471.19816894531255,7858.393133544939,7858.393133544939,0.0
2016-12-22,-87.2,7771.193133544939,7858.393133544939,-87.19999999999982
2016-12-23,32.799999999999145,7803.993133544938,7858.393133544939,-54.400000000000546
2016-12-27,72.8,7876.793133544938,7876.793133544938,0.0
2016-12-28,72.8,7949.593133544939,7949.593133544939,0.0
2016-12-29,145.6,8095.193133544939,8095.193133544939,0.0
2017-01-03,-188.8,7906.393133544939,8095.193133544939,-188.80000000000018
2017-01-04,-261.6,7644.793133544938,8095.193133544939,-450.40000000000055
2017-01-06,145.6,7790.393133544939,8095.193133544939,-304.8000000000002
2017-01-10,145.6,7935.993133544939,8095.193133544939,-159.19999999999982
2017-01-11,204.0,8139.993133544939,8139.993133544939,0.0
2017-01-17,218.39999999999998,8358.39313354494,8358.39313354494,0.0
2017-01-26,-174.4,8183.99313354494,8358.39313354494,-174.39999999999964
2017-02-02,72.8,8256.79313354494,8358.39313354494,-101.60000000000036
2017-02-03,-87.2,8169.5931335449395,8358.39313354494,-188.80000000000018
2017-02-06,-87.2,8082.39313354494,8358.39313354494,-276.0
2017-02-07,-14.400000000000006,8067.99313354494,8358.39313354494,-290.39999999999964
2017-02-08,-14.400000000000006,8053.59313354494,8358.39313354494,-304.7999999999993
2017-02-09,72.8,8126.393133544941,8358.39313354494,-231.9999999999991
2017-02-10,145.6,8271.99313354494,8358.39313354494,-86.39999999999964
2017-02-14,-14.400000000000006,8257.59313354494,8358.39313354494,-100.79999999999927
2017-02-16,72.8,8330.39313354494,8358.39313354494,-28.0
2017-02-17,72.8,8403.193133544939,8403.193133544939,0.0
2017-02-22,145.6,8548.79313354494,8548.79313354494,0.0
2017-02-23,-14.400000000000006,8534.39313354494,8548.79313354494,-14.399999999999636
2017-02-24,72.8,8607.193133544939,8607.193133544939,0.0
2017-03-02,-174.4,8432.79313354494,8607.193133544939,-174.39999999999964
2017-03-03,-87.2,8345.593133544939,8607.193133544939,-261.60000000000036
2017-03-06,72.8,8418.393133544938,8607.193133544939,-188.8000000000011
2017-03-08,131.2,8549.593133544939,8607.193133544939,-57.600000000000364
2017-03-09,145.6,8695.193133544939,8695.193133544939,0.0
2017-03-10,-28.80000000000001,8666.39313354494,8695.193133544939,-28.799999999999272
2017-03-13,-14.400000000000006,8651.99313354494,8695.193133544939,-43.19999999999891
2017-03-14,72.8,8724.79313354494,8724.79313354494,0.0
2017-03-15,145.6,8870.39313354494,8870.39313354494,0.0
2017-03-16,72.8,8943.193133544939,8943.193133544939,0.0
2017-03-20,-174.4,8768.79313354494,8943.193133544939,-174.39999999999964
2017-03-21,-28.80000000000001,8739.99313354494,8943.193133544939,-203.1999999999989
2017-03-22,58.39999999999999,8798.39313354494,8943.193133544939,-144.79999999999927
2017-03-24,-27.20000000000313,8771.193133544937,8943.193133544939,-172.00000000000182
2017-03-28,72.8,8843.993133544936,8943.193133544939,-99.20000000000255
2017-03-29,-87.2,8756.793133544936,8943.193133544939,-186.40000000000327
2017-03-30,-87.2,8669.593133544935,8943.193133544939,-273.600000000004
2017-03-31,-14.400000000000006,8655.193133544935,8943.193133544939,-288.00000000000364
2017-04-03,-174.4,8480.793133544936,8943.193133544939,-462.4000000000033
2017-04-04,-7.2,8473.593133544935,8943.193133544939,-469.600000000004
2017-04-05,-174.4,8299.193133544935,8943.193133544939,-644.0000000000036
2017-04-06,72.8,8371.993133544935,8943.193133544939,-571.2000000000044
2017-04-07,-87.2,8284.793133544934,8943.193133544939,-658.4000000000051
2017-04-10,-87.2,8197.593133544933,8943.193133544939,-745.6000000000058
2017-04-11,-87.2,8110.393133544933,8943.193133544939,-832.8000000000056
2017-04-12,145.6,8255.993133544933,8943.193133544939,-687.2000000000062
2017-04-13,-87.2,8168.793133544933,8943.193133544939,-774.400000000006
2017-04-17,-14.400000000000006,8154.393133544933,8943.193133544939,-788.8000000000056
2017-04-18,72.8,8227.193133544934,8943.193133544939,-716.0000000000055
2017-04-19,-174.4,8052.793133544934,8943.193133544939,-890.4000000000051
2017-04-20,145.6,8198.393133544934,8943.193133544939,-744.8000000000047
2017-04-21,-14.400000000000006,8183.993133544935,8943.193133544939,-759.2000000000044
2017-04-25,145.6,8329.593133544935,8943.193133544939,-613.600000000004
2017-04-26,-28.80000000000001,8300.793133544936,8943.193133544939,-642.4000000000033
2017-04-27,58.39999999999999,8359.193133544935,8943.193133544939,-584.0000000000036
2017-04-28,145.6,8504.793133544936,8943.193133544939,-438.4000000000033
2017-05-02,72.8,8577.593133544935,8943.193133544939,-365.600000000004
2017-05-03,-14.400000000000006,8563.193133544935,8943.193133544939,-380.00000000000364
2017-05-04,-101.60000000000001,8461.593133544935,8943.193133544939,-481.600000000004
2017-05-05,58.39999999999999,8519.993133544935,8943.193133544939,-423.20000000000437
2017-05-08,-101.60000000000001,8418.393133544934,8943.193133544939,-524.8000000000047
2017-05-09,-14.400000000000006,8403.993133544935,8943.193133544939,-539.2000000000044
2017-05-10,673.9992370605469,9077.992370605481,9077.992370605481,0.0
2017-05-11,-14.400000000000006,9063.592370605482,9077.992370605481,-14.399999999999636
2017-05-12,145.6,9209.192370605482,9209.192370605482,0.0
2017-05-16,-87.2,9121.992370605481,9209.192370605482,-87.20000000000073
2017-05-17,-101.60000000000001,9020.392370605481,9209.192370605482,-188.8000000000011
2017-05-18,-174.4,8845.992370605481,9209.192370605482,-363.2000000000007
2017-05-19,72.8,8918.79237060548,9209.192370605482,-290.40000000000146
2017-05-22,72.8,8991.59237060548,9209.192370605482,-217.60000000000218
2017-05-23,72.8,9064.39237060548,9209.192370605482,-144.8000000000029
2017-05-24,145.6,9209.99237060548,9209.99237060548,0.0
2017-05-25,-101.60000000000001,9108.39237060548,9209.99237060548,-101.60000000000036
2017-05-26,-14.400000000000006,9093.99237060548,9209.99237060548,-116.0
2017-05-29,-87.2,9006.792370605479,9209.99237060548,-203.20000000000073
2017-05-31,218.39999999999998,9225.192370605479,9225.192370605479,0.0
2017-06-01,58.39999999999999,9283.592370605478,9283.592370605478,0.0
2017-06-02,-87.2,9196.392370605477,9283.592370605478,-87.20000000000073
2017-06-05,-14.400000000000006,9181.992370605478,9283.592370605478,-101.60000000000036
2017-06-06,145.6,9327.592370605478,9327.592370605478,0.0
2017-06-07,58.39999999999999,9385.992370605478,9385.992370605478,0.0
2017-06-08,-174.4,9211.592370605478,9385.992370605478,-174.39999999999964
2017-06-09,72.8,9284.392370605477,9385.992370605478,-101.60000000000036
2017-06-12,72.8,9357.192370605477,9385.992370605478,-28.80000000000109
2017-06-14,145.6,9502.792370605477,9502.792370605477,0.0
2017-06-15,-14.400000000000006,9488.392370605477,9502.792370605477,-14.399999999999636
2017-06-19,72.8,9561.192370605477,9561.192370605477,0.0
2017-06-20,72.8,9633.992370605476,9633.992370605476,0.0
2017-06-21,291.2,9925.192370605477,9925.192370605477,0.0
2017-06-22,-87.2,9837.992370605476,9925.192370605477,-87.20000000000073
2017-06-23,145.6,9983.592370605476,9983.592370605476,0.0
2017-06-26,72.8,10056.392370605476,10056.392370605476,0.0
2017-06-28,-101.60000000000001,9954.792370605475,10056.392370605476,-101.60000000000036
2017-06-29,-174.4,9780.392370605476,10056.392370605476,-276.0
2017-07-05,-14.400000000000006,9765.992370605476,10056.392370605476,-290.39999999999964
2017-07-06,145.6,9911.592370605476,10056.392370605476,-144.79999999999927
2017-07-10,-87.2,9824.392370605476,10056.392370605476,-232.0
2017-07-11,-14.400000000000006,9809.992370605476,10056.392370605476,-246.39999999999964
2017-07-13,-197.1986267089844,9612.793743896491,10056.392370605476,-443.59862670898474
2017-07-17,-87.2,9525.59374389649,10056.392370605476,-530.7986267089855
2017-07-18,-174.4,9351.19374389649,10056.392370605476,-705.1986267089851
2017-07-19,-87.2,9263.99374389649,10056.392370605476,-792.3986267089858
2017-07-20,145.6,9409.59374389649,10056.392370605476,-646.7986267089855
2017-07-21,-101.60000000000001,9307.99374389649,10056.392370605476,-748.3986267089858
2017-07-26,145.6,9453.59374389649,10056.392370605476,-602.7986267089855
2017-07-27,72.8,9526.39374389649,10056.392370605476,-529.9986267089862
2017-07-31,-174.4,9351.99374389649,10056.392370605476,-704.3986267089858
2017-08-01,72.8,9424.79374389649,10056.392370605476,-631.5986267089866
2017-08-02,-101.60000000000001,9323.193743896489,10056.392370605476,-733.1986267089869
2017-08-03,-87.2,9235.993743896488,10056.392370605476,-820.3986267089876
2017-08-04,-101.60000000000001,9134.393743896488,10056.392370605476,-921.998626708988
2017-08-08,145.6,9279.993743896488,10056.392370605476,-776.3986267089876
2017-08-09,-174.4,9105.593743896488,10056.392370605476,-950.7986267089873
2017-08-10,-87.2,9018.393743896488,10056.392370605476,-1037.998626708988
2017-08-11,72.8,9091.193743896487,10056.392370605476,-965.1986267089887
2017-08-14,72.8,9163.993743896486,10056.392370605476,-892.3986267089895
2017-08-15,-87.2,9076.793743896485,10056.392370605476,-979.5986267089902
2017-08-16,72.8,9149.593743896485,10056.392370605476,-906.7986267089909
2017-08-17,145.6,9295.193743896485,10056.392370605476,-761.1986267089906
2017-08-18,-174.4,9120.793743896485,10056.392370605476,-935.5986267089902
2017-08-21,218.39999999999998,9339.193743896485,10056.392370605476,-717.1986267089906
2017-08-22,-14.400000000000006,9324.793743896485,10056.392370605476,-731.5986267089902
2017-08-23,72.8,9397.593743896485,10056.392370605476,-658.7986267089909
2017-08-24,-87.2,9310.393743896484,10056.392370605476,-745.9986267089917
2017-08-25,72.8,9383.193743896483,10056.392370605476,-673.1986267089924
2017-08-28,-87.2,9295.993743896483,10056.392370605476,-760.3986267089931
2017-08-29,145.6,9441.593743896483,10056.392370605476,-614.7986267089927
2017-08-30,-101.60000000000001,9339.993743896483,10056.392370605476,-716.3986267089931
2017-08-31,-14.400000000000006,9325.593743896483,10056.392370605476,-730.7986267089927
2017-09-01,145.6,9471.193743896483,10056.392370605476,-585.1986267089924
2017-09-06,-14.400000000000006,9456.793743896484,10056.392370605476,-599.598626708992
2017-09-07,145.6,9602.393743896484,10056.392370605476,-453.99862670899165
2017-09-08,72.8,9675.193743896483,10056.392370605476,-381.1986267089924
2017-09-11,72.8,9747.993743896483,10056.392370605476,-308.3986267089931
2017-09-14,-87.2,9660.793743896482,10056.392370605476,-395.59862670899383
2017-09-18,-87.2,9573.593743896481,10056.392370605476,-482.79862670899456
2017-09-19,-174.4,9399.193743896481,10056.392370605476,-657.1986267089942
2017-09-20,-174.4,9224.793743896482,10056.392370605476,-831.5986267089938
2017-09-21,-87.2,9137.593743896481,10056.392370605476,-918.7986267089946
2017-09-22,72.8,9210.39374389648,10056.392370605476,-845.9986267089953
2017-09-26,72.8,9283.19374389648,10056.392370605476,-773.198626708996
2017-09-27,145.6,9428.79374389648,10056.392370605476,-627.5986267089957
2017-09-28,58.39999999999999,9487.19374389648,10056.392370605476,-569.198626708996
2017-09-29,-174.4,9312.79374389648,10056.392370605476,-743.5986267089957
2017-10-02,72.8,9385.59374389648,10056.392370605476,-670.7986267089964
2017-10-03,-87.2,9298.393743896479,10056.392370605476,-757.9986267089971
2017-10-04,-28.80000000000001,9269.59374389648,10056.392370605476,-786.7986267089964
2017-10-05,-174.4,9095.19374389648,10056.392370605476,-961.198626708996
2017-10-06,72.8,9167.993743896479,10056.392370605476,-888.3986267089967
2017-10-09,-87.2,9080.793743896478,10056.392370605476,-975.5986267089975
2017-10-11,-14.400000000000006,9066.393743896479,10056.392370605476,-989.9986267089971
2017-10-13,145.6,9211.993743896479,10056.392370605476,-844.3986267089967
2017-10-16,-14.400000000000006,9197.59374389648,10056.392370605476,-858.7986267089964
2017-10-17,-14.400000000000006,9183.19374389648,10056.392370605476,-873.198626708996
2017-10-18,-101.60000000000001,9081.59374389648,10056.392370605476,-974.7986267089964
2017-10-20,72.8,9154.393743896479,10056.392370605476,-901.9986267089971
2017-10-23,58.39999999999999,9212.793743896478,10056.392370605476,-843.5986267089975
2017-10-24,-174.4,9038.393743896479,10056.392370605476,-1017.9986267089971
2017-10-25,-34.39999999999773,9003.99374389648,10056.392370605476,-1052.398626708995
2017-10-26,72.8,9076.79374389648,10056.392370605476,-979.5986267089957
2017-10-27,145.6,9222.39374389648,10056.392370605476,-833.9986267089953
2017-10-30,58.39999999999999,9280.79374389648,10056.392370605476,-775.5986267089957
2017-10-31,291.2,9571.99374389648,10056.392370605476,-484.3986267089949
2017-11-01,-174.4,9397.593743896481,10056.392370605476,-658.7986267089946
2017-11-02,-87.2,9310.39374389648,10056.392370605476,-745.9986267089953
2017-11-03,-116.00000000000001,9194.39374389648,10056.392370605476,-861.9986267089953
2017-11-06,-14.400000000000006,9179.99374389648,10056.392370605476,-876.3986267089949
2017-11-07,-14.400000000000006,9165.593743896481,10056.392370605476,-890.7986267089946
2017-11-08,189.59999999999997,9355.193743896481,10056.392370605476,-701.1986267089942
2017-11-09,-14.400000000000006,9340.793743896482,10056.392370605476,-715.5986267089938
2017-11-10,-87.2,9253.593743896481,10056.392370605476,-802.7986267089946
2017-11-13,-174.4,9079.193743896481,10056.392370605476,-977.1986267089942
2017-11-14,-101.60000000000001,8977.593743896481,10056.392370605476,-1078.7986267089946
2017-11-15,-14.400000000000006,8963.193743896481,10056.392370605476,-1093.1986267089942
2017-11-16,-14.400000000000006,8948.793743896482,10056.392370605476,-1107.5986267089938
2017-11-17,72.8,9021.593743896481,10056.392370605476,-1034.7986267089946
2017-11-20,-14.400000000000006,9007.193743896481,10056.392370605476,-1049.1986267089942
2017-11-21,58.39999999999999,9065.593743896481,10056.392370605476,-990.7986267089946
2017-11-22,-101.60000000000001,8963.99374389648,10056.392370605476,-1092.398626708995
2017-11-23,52.80000000000227,9016.793743896484,10056.392370605476,-1039.598626708992
2017-11-24,72.8,9089.593743896483,10056.392370605476,-966.7986267089927
2017-11-27,-87.2,9002.393743896482,10056.392370605476,-1053.9986267089935
2017-11-29,-116.00000000000001,8886.393743896482,10056.392370605476,-1169.9986267089935
2017-11-30,58.39999999999999,8944.793743896482,10056.392370605476,-1111.5986267089938
2017-12-06,-14.400000000000006,8930.393743896482,10056.392370605476,-1125.9986267089935
2017-12-07,-87.2,8843.193743896481,10056.392370605476,-1213.1986267089942
2017-12-12,-14.400000000000006,8828.793743896482,10056.392370605476,-1227.5986267089938
2017-12-22,72.8,8901.593743896481,10056.392370605476,-1154.7986267089946
2017-12-27,72.8,8974.39374389648,10056.392370605476,-1081.9986267089953
2017-12-28,145.6,9119.99374389648,10056.392370605476,-936.3986267089949
2017-12-29,72.8,9192.79374389648,10056.392370605476,-863.5986267089957
2018-01-02,-87.2,9105.59374389648,10056.392370605476,-950.7986267089964
2018-01-03,72.8,9178.393743896479,10056.392370605476,-877.9986267089971
2018-01-04,58.39999999999999,9236.793743896478,10056.392370605476,-819.5986267089975
2018-01-05,145.6,9382.393743896479,10056.392370605476,-673.9986267089971
2018-01-08,-87.2,9295.193743896478,10056.392370605476,-761.1986267089978
2018-01-09,-14.400000000000006,9280.793743896478,10056.392370605476,-775.5986267089975
2018-01-10,72.8,9353.593743896477,10056.392370605476,-702.7986267089982
2018-01-11,-14.400000000000006,9339.193743896478,10056.392370605476,-717.1986267089978
2018-01-12,58.39999999999999,9397.593743896477,10056.392370605476,-658.7986267089982
2018-01-15,-174.4,9223.193743896478,10056.392370605476,-833.1986267089978
2018-01-16,145.6,9368.793743896478,10056.392370605476,-687.5986267089975
2018-01-17,145.6,9514.393743896479,10056.392370605476,-541.9986267089971
2018-01-18,-174.4,9339.993743896479,10056.392370605476,-716.3986267089967
2018-01-19,-14.400000000000006,9325.59374389648,10056.392370605476,-730.7986267089964
2018-01-22,131.2,9456.79374389648,10056.392370605476,-599.5986267089957
2018-01-23,72.8,9529.59374389648,10056.392370605476,-526.7986267089964
2018-01-24,43.999999999999986,9573.59374389648,10056.392370605476,-482.7986267089964
2018-01-25,-14.400000000000006,9559.19374389648,10056.392370605476,-497.198626708996
2018-01-26,72.8,9631.993743896479,10056.392370605476,-424.39862670899674
2018-01-29,-174.4,9457.59374389648,10056.392370605476,-598.7986267089964
2018-01-30,72.8,9530.393743896479,10056.392370605476,-525.9986267089971
2018-01-31,58.39999999999999,9588.793743896478,10056.392370605476,-467.5986267089975
2018-02-06,72.8,9661.593743896477,10056.392370605476,-394.7986267089982
2018-02-07,189.59999999999997,9851.193743896478,10056.392370605476,-205.19862670899784
2018-02-08,131.2,9982.393743896479,10056.392370605476,-73.99862670899711
2018-02-09,399.6000000000001,10381.993743896479,10381.993743896479,0.0
2018-02-12,-157.2,10224.793743896478,10381.993743896479,-157.20000000000073
2018-02-13,-314.4,9910.393743896479,10381.993743896479,-471.60000000000036
2018-02-14,-14.399999999999977,9895.993743896479,10381.993743896479,-486.0
2018-02-16,-314.4,9581.59374389648,10381.993743896479,-800.3999999999996
2018-02-19,-467.1990844726562,9114.394659423822,10381.993743896479,-1267.5990844726566
2018-02-20,145.6,9259.994659423823,10381.993743896479,-1121.9990844726562
2018-02-21,72.8,9332.794659423822,10381.993743896479,-1049.199084472657
2018-02-22,72.8,9405.594659423821,10381.993743896479,-976.3990844726577
2018-02-23,-14.400000000000006,9391.194659423822,10381.993743896479,-990.7990844726573
2018-02-26,-276.0,9115.194659423822,10381.993743896479,-1266.7990844726573
2018-02-27,58.39999999999999,9173.594659423821,10381.993743896479,-1208.3990844726577
2018-02-28,-101.60000000000001,9071.99465942382,10381.993743896479,-1309.999084472658
2018-03-02,-423.19999999999715,8648.794659423824,10381.993743896479,-1733.1990844726552
2018-03-05,358.3972534179688,9007.191912841792,10381.993743896479,-1374.8018310546868
2018-03-07,856.7977111816407,9863.989624023432,10381.993743896479,-518.0041198730469
2018-03-09,-14.400000000000006,9849.589624023432,10381.993743896479,-532.4041198730465
2018-03-14,58.39999999999999,9907.989624023432,10381.993743896479,-474.0041198730469
2018-03-15,-117.2006103515625,9790.789013671869,10381.993743896479,-591.2047302246101
2018-03-19,145.6,9936.38901367187,10381.993743896479,-445.60473022460974
2018-03-20,72.8,10009.189013671868,10381.993743896479,-372.80473022461047
2018-03-21,51.19999999999999,10060.38901367187,10381.993743896479,-321.60473022460974
2018-03-22,-14.400000000000006,10045.98901367187,10381.993743896479,-336.0047302246094
2018-03-23,131.2,10177.18901367187,10381.993743896479,-204.80473022460865
2018-03-26,-14.400000000000006,10162.78901367187,10381.993743896479,-219.20473022460828
2018-03-27,72.8,10235.58901367187,10381.993743896479,-146.404730224609
2018-03-28,43.999999999999986,10279.58901367187,10381.993743896479,-102.40473022460901
2018-03-29,-138.79664306640626,10140.792370605464,10381.993743896479,-241.20137329101453
2018-04-02,1282.3964904785157,11423.18886108398,11423.18886108398,0.0
2018-04-03,145.6,11568.78886108398,11568.78886108398,0.0
2018-04-04,218.39999999999998,11787.18886108398,11787.18886108398,0.0
2018-04-05,-665.9999999999973,11121.188861083981,11787.18886108398,-665.9999999999982
2018-04-06,364.0,11485.188861083981,11787.18886108398,-301.9999999999982
2018-04-09,72.8,11557.98886108398,11787.18886108398,-229.1999999999989
2018-04-10,72.8,11630.78886108398,11787.18886108398,-156.39999999999964
2018-04-11,58.39999999999999,11689.18886108398,11787.18886108398,-98.0
2018-04-12,145.6,11834.78886108398,11834.78886108398,0.0
2018-04-13,-174.4,11660.38886108398,11834.78886108398,-174.39999999999964
2018-04-16,-734.3999999999972,10925.988861083983,11834.78886108398,-908.7999999999975
2018-04-17,145.6,11071.588861083983,11834.78886108398,-763.1999999999971
2018-04-18,218.39999999999998,11289.988861083983,11834.78886108398,-544.7999999999975
2018-04-19,-174.4,11115.588861083983,11834.78886108398,-719.1999999999971
2018-04-20,-14.400000000000006,11101.188861083983,11834.78886108398,-733.5999999999967
2018-04-23,-706.0000000000001,10395.188861083983,11834.78886108398,-1439.5999999999967
2018-04-24,145.6,10540.788861083984,11834.78886108398,-1293.9999999999964
2018-04-25,-14.400000000000006,10526.388861083984,11834.78886108398,-1308.399999999996
2018-04-26,-261.6,10264.788861083984,11834.78886108398,-1569.9999999999964
2018-04-27,-14.400000000000006,10250.388861083984,11834.78886108398,-1584.399999999996
2018-04-30,204.0,10454.388861083984,11834.78886108398,-1380.399999999996
2018-05-02,58.39999999999999,10512.788861083984,11834.78886108398,-1321.9999999999964
2018-05-03,-188.8,10323.988861083984,11834.78886108398,-1510.7999999999956
2018-05-04,-28.80000000000001,10295.188861083985,11834.78886108398,-1539.599999999995
2018-05-07,-14.400000000000006,10280.788861083985,11834.78886108398,-1553.9999999999945
2018-05-08,58.39999999999999,10339.188861083985,11834.78886108398,-1495.599999999995
2018-05-09,72.8,10411.988861083984,11834.78886108398,-1422.7999999999956
2018-05-10,-174.4,10237.588861083985,11834.78886108398,-1597.1999999999953
2018-05-11,145.6,10383.188861083985,11834.78886108398,-1451.599999999995
2018-05-14,145.6,10528.788861083985,11834.78886108398,-1305.9999999999945
2018-05-15,145.6,10674.388861083986,11834.78886108398,-1160.3999999999942
2018-05-16,-87.2,10587.188861083985,11834.78886108398,-1247.599999999995
2018-05-17,145.6,10732.788861083985,11834.78886108398,-1101.9999999999945
2018-05-18,145.6,10878.388861083986,11834.78886108398,-956.3999999999942
2018-05-21,-87.2,10791.188861083985,11834.78886108398,-1043.599999999995
2018-05-22,145.6,10936.788861083985,11834.78886108398,-897.9999999999945
2018-05-23,145.6,11082.388861083986,11834.78886108398,-752.3999999999942
2018-05-24,-87.2,10995.188861083985,11834.78886108398,-839.5999999999949
2018-05-25,145.6,11140.788861083985,11834.78886108398,-693.9999999999945
2018-05-28,72.8,11213.588861083985,11834.78886108398,-621.1999999999953
2018-05-29,291.2,11504.788861083985,11834.78886108398,-329.99999999999454
2018-05-30,714.0,12218.788861083985,12218.788861083985,0.0
2018-05-31,-116.00000000000001,12102.788861083985,12218.788861083985,-116.0
2018-06-01,-14.400000000000006,12088.388861083986,12218.788861083985,-130.39999999999964
2018-06-04,58.39999999999999,12146.788861083985,12218.788861083985,-72.0
2018-06-05,58.39999999999999,12205.188861083985,12218.788861083985,-13.600000000000364
2018-06-06,-14.400000000000006,12190.788861083985,12218.788861083985,-28.0
2018-06-07,72.8,12263.588861083985,12263.588861083985,0.0
2018-06-08,-174.4,12089.188861083985,12263.588861083985,-174.39999999999964
2018-06-11,-87.2,12001.988861083984,12263.588861083985,-261.60000000000036
2018-06-12,58.39999999999999,12060.388861083984,12263.588861083985,-203.20000000000073
2018-06-13,-101.60000000000001,11958.788861083984,12263.588861083985,-304.8000000000011
2018-06-14,145.6,12104.388861083984,12263.588861083985,-159.20000000000073
2018-06-15,218.39999999999998,12322.788861083984,12322.788861083984,0.0
2018-06-18,-14.400000000000006,12308.388861083984,12322.788861083984,-14.399999999999636
2018-06-19,72.8,12381.188861083983,12381.188861083983,0.0
2018-06-20,-174.4,12206.788861083984,12381.188861083983,-174.39999999999964
2018-06-21,-436.0,11770.788861083984,12381.188861083983,-610.3999999999996
2018-06-22,131.2,11901.988861083984,12381.188861083983,-479.1999999999989
2018-06-25,661.2000000000029,12563.188861083987,12563.188861083987,0.0
2018-06-26,364.0,12927.188861083987,12927.188861083987,0.0
2018-06-27,-364.4000000000028,12562.788861083984,12927.188861083987,-364.4000000000033
2018-06-28,571.2,13133.988861083984,13133.988861083984,0.0
2018-07-02,271.20000000000005,13405.188861083985,13405.188861083985,0.0
2018-07-03,-171.59999999999997,13233.588861083985,13405.188861083985,-171.60000000000036
2018-07-05,319.60091552734383,13553.189776611329,13553.189776611329,0.0
2018-07-06,291.2,13844.38977661133,13844.38977661133,0.0
2018-07-09,-87.2,13757.189776611329,13844.38977661133,-87.20000000000073
2018-07-10,-314.4,13442.78977661133,13844.38977661133,-401.60000000000036
2018-07-11,-1170.3999999999974,12272.389776611331,13844.38977661133,-1571.9999999999982
2018-07-12,428.40000000000003,12700.789776611331,13844.38977661133,-1143.5999999999985
2018-07-13,-157.2,12543.58977661133,13844.38977661133,-1300.7999999999993
2018-07-16,-157.2,12386.38977661133,13844.38977661133,-1458.0
2018-07-17,585.6000000000029,12971.989776611332,13844.38977661133,-872.3999999999978
2018-07-18,-314.4,12657.589776611332,13844.38977661133,-1186.7999999999975
2018-07-19,-14.399999999999977,12643.189776611332,13844.38977661133,-1201.199999999997
2018-07-20,-157.2,12485.989776611332,13844.38977661133,-1358.3999999999978
2018-07-24,683.9993896484375,13169.98916625977,13844.38977661133,-674.4006103515603
2018-07-25,276.79999999999995,13446.789166259769,13844.38977661133,-397.60061035156104
2018-07-26,-14.400000000000006,13432.389166259769,13844.38977661133,-412.0006103515607
2018-07-27,58.39999999999999,13490.789166259769,13844.38977661133,-353.60061035156104
2018-07-30,-261.6,13229.189166259768,13844.38977661133,-615.2006103515614
2018-07-31,218.39999999999998,13447.589166259768,13844.38977661133,-396.8006103515618
2018-08-01,291.2,13738.789166259769,13844.38977661133,-105.60061035156104
2018-08-02,-14.400000000000006,13724.389166259769,13844.38977661133,-120.00061035156068
2018-08-03,58.39999999999999,13782.789166259769,13844.38977661133,-61.600610351561045
2018-08-06,-564.3999999999971,13218.38916625977,13844.38977661133,-626.0006103515589
2018-08-07,188.39725341796878,13406.78641967774,13844.38977661133,-437.6033569335905
2018-08-08,291.2,13697.98641967774,13844.38977661133,-146.40335693358975
2018-08-09,-87.2,13610.78641967774,13844.38977661133,-233.60335693359048
2018-08-10,-14.400000000000006,13596.38641967774,13844.38977661133,-248.0033569335901
2018-08-13,-188.8,13407.58641967774,13844.38977661133,-436.8033569335894
2018-08-14,505.19969482421874,13912.78611450196,13912.78611450196,0.0
2018-08-15,145.6,14058.38611450196,14058.38611450196,0.0
2018-08-16,145.6,14203.98611450196,14203.98611450196,0.0
2018-08-17,88.40000000000283,14292.386114501964,14292.386114501964,0.0
2018-08-20,3.9951171875000284,14296.381231689464,14296.381231689464,0.0
2018-08-21,145.6,14441.981231689464,14441.981231689464,0.0
2018-08-22,58.39999999999999,14500.381231689464,14500.381231689464,0.0
2018-08-23,145.6,14645.981231689464,14645.981231689464,0.0
2018-08-24,58.39999999999999,14704.381231689464,14704.381231689464,0.0
2018-08-30,-87.2,14617.181231689463,14704.381231689464,-87.20000000000073
2018-08-31,145.6,14762.781231689463,14762.781231689463,0.0
2018-09-04,-14.400000000000006,14748.381231689464,14762.781231689463,-14.399999999999636
2018-09-07,131.2,14879.581231689464,14879.581231689464,0.0
2018-09-11,1214.0,16093.581231689464,16093.581231689464,0.0
2018-09-12,-14.400000000000006,16079.181231689465,16093.581231689464,-14.399999999999636
2018-09-13,-101.60000000000001,15977.581231689464,16093.581231689464,-116.0
2018-09-17,474.00061035156256,16451.58184204103,16451.58184204103,0.0
2018-09-18,-51.597253417968716,16399.98458862306,16451.58184204103,-51.597253417967295
2018-09-20,218.39999999999998,16618.384588623063,16618.384588623063,0.0
2018-09-21,-28.80000000000001,16589.584588623064,16618.384588623063,-28.799999999999272
2018-09-24,-14.400000000000006,16575.184588623062,16618.384588623063,-43.20000000000073
2018-09-25,-101.60000000000001,16473.584588623064,16618.384588623063,-144.79999999999927
2018-09-26,145.6,16619.184588623062,16619.184588623062,0.0
2018-09-27,72.8,16691.98458862306,16691.98458862306,0.0
2018-09-28,-101.60000000000001,16590.384588623063,16691.98458862306,-101.59999999999854
2018-10-01,218.39999999999998,16808.784588623064,16808.784588623064,0.0
2018-10-02,145.6,16954.384588623063,16954.384588623063,0.0
2018-10-03,43.999999999999986,16998.384588623063,16998.384588623063,0.0
2018-10-05,271.20000000000005,17269.584588623064,17269.584588623064,0.0
2018-10-08,-157.2,17112.384588623063,17269.584588623064,-157.20000000000073
2018-10-09,-721.5999999999972,16390.784588623064,17269.584588623064,-878.7999999999993
2018-10-10,142.8,16533.584588623064,17269.584588623064,-736.0
2018-10-11,285.6,16819.184588623062,17269.584588623064,-450.40000000000146
2018-10-12,145.6,16964.78458862306,17269.584588623064,-304.8000000000029
2018-10-15,131.2,17095.98458862306,17269.584588623064,-173.60000000000218
2018-10-16,-748.7999999999972,16347.184588623064,17269.584588623064,-922.3999999999996
2018-10-17,-28.80000000000001,16318.384588623065,17269.584588623064,-951.1999999999989
2018-10-18,58.39999999999999,16376.784588623064,17269.584588623064,-892.7999999999993
2018-10-19,-14.400000000000006,16362.384588623065,17269.584588623064,-907.1999999999989
2018-10-22,145.6,16507.984588623065,17269.584588623064,-761.5999999999985
2018-10-23,1335.2,17843.184588623066,17843.184588623066,0.0
2018-10-24,145.6,17988.784588623064,17988.784588623064,0.0
2018-10-25,145.6,18134.384588623063,18134.384588623063,0.0
2018-10-26,204.0,18338.384588623063,18338.384588623063,0.0
2018-10-29,-174.4,18163.98458862306,18338.384588623063,-174.40000000000146
2018-10-30,218.39999999999998,18382.384588623063,18382.384588623063,0.0
2018-10-31,-116.00000000000001,18266.384588623063,18382.384588623063,-116.0
2018-11-01,436.79999999999995,18703.184588623062,18703.184588623062,0.0
2018-11-02,128.40000000000003,18831.584588623064,18831.584588623064,0.0
2018-11-05,-14.400000000000006,18817.184588623062,18831.584588623064,-14.400000000001455
2018-11-06,58.39999999999999,18875.584588623064,18875.584588623064,0.0
2018-11-07,128.40000000000003,19003.984588623065,19003.984588623065,0.0
2018-11-08,285.6,19289.584588623064,19289.584588623064,0.0
2018-11-09,43.999999999999986,19333.584588623064,19333.584588623064,0.0
2018-11-12,-28.80000000000001,19304.784588623064,19333.584588623064,-28.799999999999272
2018-11-13,102.39999999999998,19407.184588623066,19407.184588623066,0.0
2018-11-14,-314.4,19092.784588623064,19407.184588623066,-314.40000000000146
2018-11-15,-157.2,18935.584588623064,19407.184588623066,-471.6000000000022
2018-11-16,-28.799999999999955,18906.784588623064,19407.184588623066,-500.40000000000146
2018-11-19,-171.59999999999997,18735.184588623066,19407.184588623066,-672.0
2018-11-20,999.6000000000029,19734.784588623068,19734.784588623068,0.0
2018-11-21,128.40000000000003,19863.18458862307,19863.18458862307,0.0
2018-11-23,-14.399999999999977,19848.784588623068,19863.18458862307,-14.400000000001455
2018-11-26,-157.2,19691.584588623067,19863.18458862307,-171.60000000000218
2018-11-27,128.40000000000003,19819.98458862307,19863.18458862307,-43.20000000000073
2018-11-28,-185.99999999999994,19633.98458862307,19863.18458862307,-229.20000000000073
2018-11-29,43.999999999999986,19677.98458862307,19863.18458862307,-185.20000000000073
2018-11-30,238.4000000000009,19916.38458862307,19916.38458862307,0.0
2018-12-03,-314.4,19601.98458862307,19916.38458862307,-314.40000000000146
2018-12-04,-14.399999999999977,19587.584588623067,19916.38458862307,-328.8000000000029
2018-12-05,218.39999999999998,19805.98458862307,19916.38458862307,-110.40000000000146
2018-12-06,-187.1999999999997,19618.784588623068,19916.38458862307,-297.6000000000022
2018-12-07,-14.399999999999977,19604.384588623067,19916.38458862307,-312.00000000000364
2018-12-10,145.6,19749.984588623065,19916.38458862307,-166.4000000000051
2018-12-11,145.6,19895.584588623064,19916.38458862307,-20.80000000000655
2018-12-13,-101.60000000000001,19793.984588623065,19916.38458862307,-122.4000000000051
2018-12-18,43.999999999999986,19837.984588623065,19916.38458862307,-78.4000000000051
2018-12-19,-14.399999999999977,19823.584588623064,19916.38458862307,-92.80000000000655
2018-12-20,-171.59999999999997,19651.984588623065,19916.38458862307,-264.4000000000051
2018-12-21,-157.2,19494.784588623064,19916.38458862307,-421.6000000000058
2018-12-24,271.20000000000005,19765.984588623065,19916.38458862307,-150.4000000000051
2018-12-27,-14.399999999999977,19751.584588623064,19916.38458862307,-164.80000000000655
2018-12-28,-157.2,19594.384588623063,19916.38458862307,-322.0000000000073
2018-12-31,142.8,19737.184588623062,19916.38458862307,-179.200000000008
2019-01-02,-628.8,19108.384588623063,19916.38458862307,-808.0000000000073
2019-01-03,-14.399999999999977,19093.98458862306,19916.38458862307,-822.4000000000087
2019-01-04,428.4000000000029,19522.384588623063,19916.38458862307,-394.0000000000073
2019-01-07,-721.6,18800.784588623064,19916.38458862307,-1115.6000000000058
2019-01-10,-157.2,18643.584588623064,19916.38458862307,-1272.8000000000065
2019-01-11,-14.400000000000006,18629.184588623062,19916.38458862307,-1287.200000000008
2019-01-17,741.2004577636719,19370.385046386735,19916.38458862307,-545.9995422363354
2019-01-18,873.9998474121094,20244.384893798844,20244.384893798844,0.0
2019-01-21,72.8,20317.184893798843,20317.184893798843,0.0
2019-01-22,-174.4,20142.784893798842,20317.184893798843,-174.40000000000146
2019-01-23,291.2,20433.984893798843,20433.984893798843,0.0
2019-01-25,72.8,20506.784893798842,20506.784893798842,0.0
2019-01-29,-14.400000000000006,20492.38489379884,20506.784893798842,-14.400000000001455
2019-01-31,-28.80000000000001,20463.58489379884,20506.784893798842,-43.20000000000073
2019-02-01,615.2001525878907,21078.785046386733,21078.785046386733,0.0
2019-02-07,271.1992370605469,21349.98428344728,21349.98428344728,0.0
2019-02-08,-14.400000000000006,21335.58428344728,21349.98428344728,-14.400000000001455
2019-02-11,1209.6022888183595,22545.186572265637,22545.186572265637,0.0
2019-02-12,-337.2018310546875,22207.98474121095,22545.186572265637,-337.2018310546882
2019-02-15,-87.2,22120.784741210948,22545.186572265637,-424.40183105468896
2019-02-18,145.6,22266.384741210946,22545.186572265637,-278.8018310546904
2019-02-19,-87.2,22179.184741210946,22545.186572265637,-366.00183105469114
2019-02-20,218.39999999999998,22397.584741210947,22545.186572265637,-147.60183105468968
2019-02-21,-14.400000000000006,22383.184741210946,22545.186572265637,-162.00183105469114
2019-02-22,-14.400000000000006,22368.784741210944,22545.186572265637,-176.4018310546926
2019-02-25,145.6,22514.384741210943,22545.186572265637,-30.80183105469405
2019-02-26,-87.2,22427.184741210942,22545.186572265637,-118.00183105469478
2019-02-27,145.6,22572.78474121094,22572.78474121094,0.0
2019-02-28,58.39999999999999,22631.184741210942,22631.184741210942,0.0
2019-03-01,-28.80000000000001,22602.384741210943,22631.184741210942,-28.799999999999272
2019-03-08,145.6,22747.98474121094,22747.98474121094,0.0
2019-03-12,72.8,22820.78474121094,22820.78474121094,0.0
2019-03-13,-87.2,22733.58474121094,22820.78474121094,-87.20000000000073
2019-03-14,-87.2,22646.38474121094,22820.78474121094,-174.40000000000146
2019-03-15,72.8,22719.18474121094,22820.78474121094,-101.60000000000218
2019-03-18,72.8,22791.984741210938,22820.78474121094,-28.80000000000291
2019-03-19,-101.60000000000001,22690.38474121094,22820.78474121094,-130.40000000000146
2019-03-20,-188.8,22501.58474121094,22820.78474121094,-319.2000000000007
2019-03-21,72.8,22574.38474121094,22820.78474121094,-246.40000000000146
2019-03-22,-101.60000000000001,22472.78474121094,22820.78474121094,-348.0
2019-03-25,-101.60000000000001,22371.184741210942,22820.78474121094,-449.59999999999854
2019-03-26,58.39999999999999,22429.584741210943,22820.78474121094,-391.1999999999971
2019-03-27,-28.80000000000001,22400.784741210944,22820.78474121094,-419.99999999999636
2019-03-28,145.6,22546.384741210943,22820.78474121094,-274.3999999999978
2019-03-29,145.6,22691.98474121094,22820.78474121094,-128.79999999999927
2019-04-01,-14.400000000000006,22677.58474121094,22820.78474121094,-143.20000000000073
2019-04-02,72.8,22750.38474121094,22820.78474121094,-70.40000000000146
2019-04-03,-14.400000000000006,22735.984741210938,22820.78474121094,-84.80000000000291
2019-04-04,218.39999999999998,22954.38474121094,22954.38474121094,0.0
2019-04-05,72.8,23027.18474121094,23027.18474121094,0.0
2019-04-08,72.8,23099.984741210938,23099.984741210938,0.0
2019-04-09,145.6,23245.584741210936,23245.584741210936,0.0
2019-04-10,72.8,23318.384741210935,23318.384741210935,0.0
2019-04-11,145.6,23463.984741210934,23463.984741210934,0.0
2019-04-12,-14.400000000000006,23449.584741210932,23463.984741210934,-14.400000000001455
2019-04-15,-174.4,23275.18474121093,23463.984741210934,-188.8000000000029
2019-04-16,-14.400000000000006,23260.78474121093,23463.984741210934,-203.20000000000437
2019-04-17,-87.2,23173.58474121093,23463.984741210934,-290.4000000000051
2019-04-18,72.8,23246.384741210928,23463.984741210934,-217.60000000000582
2019-04-22,72.8,23319.184741210927,23463.984741210934,-144.80000000000655
2019-04-24,72.8,23391.984741210927,23463.984741210934,-72.00000000000728
2019-04-25,72.8,23464.784741210926,23464.784741210926,0.0
2019-04-26,-101.60000000000001,23363.184741210927,23464.784741210926,-101.59999999999854
2019-04-29,-87.2,23275.984741210927,23464.784741210926,-188.79999999999927
2019-04-30,-14.400000000000006,23261.584741210925,23464.784741210926,-203.20000000000073
2019-05-01,-273.19999999999726,22988.384741210928,23464.784741210926,-476.3999999999978
2019-05-02,796.8000000000001,23785.184741210927,23785.184741210927,0.0
2019-05-03,218.39999999999998,24003.58474121093,24003.58474121093,0.0
2019-05-06,-14.400000000000006,23989.184741210927,24003.58474121093,-14.400000000001455
2019-05-07,145.6,24134.784741210926,24134.784741210926,0.0
2019-05-08,-101.60000000000001,24033.184741210927,24134.784741210926,-101.59999999999854
2019-05-09,-14.400000000000006,24018.784741210926,24134.784741210926,-116.0
2019-05-10,145.6,24164.384741210924,24164.384741210924,0.0
2019-05-13,-840.3999999999972,23323.984741210927,24164.384741210924,-840.3999999999978
2019-05-14,58.39999999999999,23382.384741210928,24164.384741210924,-781.9999999999964
2019-05-15,-174.4,23207.984741210927,24164.384741210924,-956.3999999999978
2019-05-16,72.8,23280.784741210926,24164.384741210924,-883.5999999999985
2019-05-17,-174.4,23106.384741210924,24164.384741210924,-1058.0
2019-05-21,-14.400000000000006,23091.984741210923,24164.384741210924,-1072.4000000000015
2019-05-23,-116.00000000000001,22975.984741210923,24164.384741210924,-1188.4000000000015
2019-05-24,145.6,23121.58474121092,24164.384741210924,-1042.800000000003
2019-05-27,-188.8,22932.784741210922,24164.384741210924,-1231.6000000000022
2019-05-28,-421.59999999999724,22511.184741210924,24164.384741210924,-1653.2000000000007
2019-05-29,-314.4,22196.784741210922,24164.384741210924,-1967.6000000000022
2019-05-30,175.59999999999917,22372.38474121092,24164.384741210924,-1792.0000000000036
2019-05-31,128.40000000000003,22500.784741210922,24164.384741210924,-1663.6000000000022
2019-06-03,-14.399999999999977,22486.38474121092,24164.384741210924,-1678.0000000000036
2019-06-04,-14.399999999999977,22471.98474121092,24164.384741210924,-1692.400000000005
2019-06-05,-485.99999999999994,21985.98474121092,24164.384741210924,-2178.400000000005
2019-06-06,128.40000000000003,22114.38474121092,24164.384741210924,-2050.0000000000036
2019-06-07,43.999999999999986,22158.38474121092,24164.384741210924,-2006.0000000000036
2019-06-10,142.8,22301.18474121092,24164.384741210924,-1863.2000000000044
2019-06-11,72.8,22373.98474121092,24164.384741210924,-1790.400000000005
2019-06-12,58.39999999999999,22432.38474121092,24164.384741210924,-1732.0000000000036
2019-06-13,131.2,22563.58474121092,24164.384741210924,-1600.800000000003
2019-06-14,145.6,22709.18474121092,24164.384741210924,-1455.2000000000044
2019-06-17,-304.3990844726562,22404.785656738262,24164.384741210924,-1759.599084472662
2019-06-18,291.2,22695.985656738263,24164.384741210924,-1468.3990844726613
2019-06-19,-14.400000000000006,22681.58565673826,24164.384741210924,-1482.7990844726628
2019-06-20,-738.7999999999972,21942.785656738266,24164.384741210924,-2221.5990844726584
2019-06-21,-174.4,21768.385656738265,24164.384741210924,-2395.99908447266
2019-06-24,-14.400000000000006,21753.985656738263,24164.384741210924,-2410.3990844726613
2019-06-25,-14.400000000000006,21739.58565673826,24164.384741210924,-2424.799084472663
2019-06-26,-14.400000000000006,21725.18565673826,24164.384741210924,-2439.1990844726643
2019-06-27,-14.400000000000006,21710.78565673826,24164.384741210924,-2453.5990844726657
2019-06-28,291.2,22001.98565673826,24164.384741210924,-2162.399084472665
2019-07-01,-28.80000000000001,21973.18565673826,24164.384741210924,-2191.1990844726643
2019-07-02,-43.20000000000002,21929.98565673826,24164.384741210924,-2234.399084472665
2019-07-03,-188.8,21741.18565673826,24164.384741210924,-2423.1990844726643
2019-07-04,72.8,21813.98565673826,24164.384741210924,-2350.399084472665
2019-07-05,291.2,22105.18565673826,24164.384741210924,-2059.1990844726643
2019-07-08,-14.400000000000006,22090.78565673826,24164.384741210924,-2073.5990844726657
2019-07-09,-174.4,21916.385656738257,24164.384741210924,-2247.999084472667
2019-07-10,145.6,22061.985656738256,24164.384741210924,-2102.3990844726686
2019-07-11,145.6,22207.585656738254,24164.384741210924,-1956.79908447267
2019-07-12,-87.2,22120.385656738254,24164.384741210924,-2043.9990844726708
2019-07-15,-261.6,21858.785656738255,24164.384741210924,-2305.5990844726693
2019-07-16,58.39999999999999,21917.185656738257,24164.384741210924,-2247.199084472668
2019-07-17,58.39999999999999,21975.585656738258,24164.384741210924,-2188.7990844726664
2019-07-18,12.800000000003129,21988.38565673826,24164.384741210924,-2175.9990844726635
2019-07-23,142.8,22131.18565673826,24164.384741210924,-2033.1990844726643
2019-07-24,-101.60000000000001,22029.58565673826,24164.384741210924,-2134.799084472663
2019-07-25,-14.400000000000006,22015.18565673826,24164.384741210924,-2149.1990844726643
2019-07-26,-14.400000000000006,22000.78565673826,24164.384741210924,-2163.5990844726657
2019-07-29,-101.60000000000001,21899.18565673826,24164.384741210924,-2265.1990844726643
2019-07-30,145.6,22044.78565673826,24164.384741210924,-2119.5990844726657
2019-07-31,-174.4,21870.385656738257,24164.384741210924,-2293.999084472667
2019-08-01,-116.00000000000001,21754.385656738257,24164.384741210924,-2409.999084472667
2019-08-02,-87.2,21667.185656738257,24164.384741210924,-2497.199084472668
2019-08-05,734.0000000000028,22401.18565673826,24164.384741210924,-1763.1990844726643
2019-08-06,-14.399999999999977,22386.78565673826,24164.384741210924,-1777.5990844726657
2019-08-07,-28.799999999999955,22357.98565673826,24164.384741210924,-1806.399084472665
2019-08-08,-157.2,22200.78565673826,24164.384741210924,-1963.5990844726657
2019-08-09,72.8,22273.585656738258,24164.384741210924,-1890.7990844726664
2019-08-12,-14.400000000000006,22259.185656738257,24164.384741210924,-1905.199084472668
2019-08-13,-116.00000000000001,22143.185656738257,24164.384741210924,-2021.199084472668
2019-08-14,-14.399999999999977,22128.785656738255,24164.384741210924,-2035.5990844726693
2019-08-15,285.6,22414.385656738254,24164.384741210924,-1749.9990844726708
2019-08-20,-261.6,22152.785656738255,24164.384741210924,-2011.5990844726693
2019-08-21,58.39999999999999,22211.185656738257,24164.384741210924,-1953.199084472668
2019-08-22,-87.2,22123.985656738256,24164.384741210924,-2040.3990844726686
2019-08-23,-28.80000000000001,22095.185656738257,24164.384741210924,-2069.199084472668
2019-08-26,436.79999999999995,22531.985656738256,24164.384741210924,-1632.3990844726686
2019-08-27,-14.399999999999977,22517.585656738254,24164.384741210924,-1646.79908447267
2019-08-29,578.4022888183594,23095.987945556615,24164.384741210924,-1068.3967956543092
2019-08-30,218.39999999999998,23314.387945556617,24164.384741210924,-849.9967956543078
2019-09-03,-286.0,23028.387945556617,24164.384741210924,-1135.9967956543078
2019-09-05,145.6,23173.987945556615,24164.384741210924,-990.3967956543092
2019-09-09,-101.60000000000001,23072.387945556617,24164.384741210924,-1091.9967956543078
2019-09-10,58.39999999999999,23130.787945556618,24164.384741210924,-1033.5967956543063
2019-09-11,285.6,23416.387945556617,24164.384741210924,-747.9967956543078
2019-09-13,-57.19999999999716,23359.18794555662,24164.384741210924,-805.1967956543049
2019-09-16,335.2,23694.38794555662,24164.384741210924,-469.99679565430415
2019-09-17,114.00000000000006,23808.38794555662,24164.384741210924,-355.99679565430415
2019-09-18,285.6,24093.98794555662,24164.384741210924,-70.3967956543056
2019-09-19,-157.2,23936.787945556618,24164.384741210924,-227.59679565430633
2019-09-20,-14.399999999999977,23922.387945556617,24164.384741210924,-241.9967956543078
2019-09-23,-157.2,23765.187945556616,24164.384741210924,-399.1967956543085
2019-09-24,142.8,23907.987945556615,24164.384741210924,-256.39679565430924
2019-09-25,145.6,24053.587945556614,24164.384741210924,-110.7967956543107
2019-09-26,874.0,24927.587945556614,24927.587945556614,0.0
2019-09-27,-94.80320434570027,24832.784741210915,24927.587945556614,-94.80320434569876
2019-09-30,513.99755859375,25346.782299804665,25346.782299804665,0.0
2019-10-01,291.2,25637.982299804666,25637.982299804666,0.0
2019-10-02,291.2,25929.182299804666,25929.182299804666,0.0
2019-10-03,364.0,26293.182299804666,26293.182299804666,0.0
2019-10-04,-28.80000000000001,26264.382299804667,26293.182299804666,-28.799999999999272
2019-10-07,58.39999999999999,26322.78229980467,26322.78229980467,0.0
2019-10-08,-248.79923706054686,26073.983062744122,26322.78229980467,-248.79923706054615
2019-10-09,-433.1999999999972,25640.783062744125,26322.78229980467,-681.9992370605432
2019-10-10,248.40244140625,25889.185504150377,26322.78229980467,-433.5967956542918
2019-10-11,218.39999999999998,26107.58550415038,26322.78229980467,-215.19679565429033
2019-10-14,-14.400000000000006,26093.185504150377,26322.78229980467,-229.59679565429178
2019-10-15,72.8,26165.985504150376,26322.78229980467,-156.7967956542925
2019-10-16,58.39999999999999,26224.385504150378,26322.78229980467,-98.39679565429105
2019-10-17,-588.7999999999972,25635.585504150382,26322.78229980467,-687.1967956542867
2019-10-18,-28.80000000000001,25606.785504150383,26322.78229980467,-715.996795654286
2019-10-21,-221.60259399414065,25385.182910156243,26322.78229980467,-937.5993896484251
2019-10-22,-14.400000000000006,25370.782910156242,26322.78229980467,-951.9993896484266
2019-10-23,58.39999999999999,25429.182910156243,26322.78229980467,-893.5993896484251
2019-10-24,145.6,25574.782910156242,26322.78229980467,-747.9993896484266
2019-10-25,178.39893188476566,25753.18184204101,26322.78229980467,-569.6004577636595
2019-11-01,-14.400000000000006,25738.781842041008,26322.78229980467,-584.000457763661
2019-11-04,145.6,25884.381842041006,26322.78229980467,-438.4004577636624
2019-11-05,-87.2,25797.181842041005,26322.78229980467,-525.6004577636631
2019-11-06,-261.6,25535.581842041007,26322.78229980467,-787.2004577636617
2019-11-07,-14.400000000000006,25521.181842041005,26322.78229980467,-801.6004577636631
2019-11-08,-14.400000000000006,25506.781842041004,26322.78229980467,-816.0004577636646
2019-11-11,285.5992370605469,25792.38107910155,26322.78229980467,-530.4012207031192
2019-11-12,58.39999999999999,25850.78107910155,26322.78229980467,-472.0012207031177
2019-11-13,-14.400000000000006,25836.38107910155,26322.78229980467,-486.4012207031192
2019-11-14,-101.60000000000001,25734.78107910155,26322.78229980467,-588.0012207031177
2019-11-15,145.6,25880.38107910155,26322.78229980467,-442.4012207031192
2019-11-18,72.8,25953.18107910155,26322.78229980467,-369.6012207031199
2019-11-19,-14.400000000000006,25938.781079101547,26322.78229980467,-384.00122070312136
2019-11-20,145.6,26084.381079101546,26322.78229980467,-238.40122070312282
2019-11-22,-14.400000000000006,26069.981079101544,26322.78229980467,-252.80122070312427
2019-11-25,-644.399237060547,25425.581842040996,26322.78229980467,-897.2004577636726
2019-11-26,91.19893188476566,25516.780773925762,26322.78229980467,-806.0015258789062
2019-11-27,-14.400000000000006,25502.38077392576,26322.78229980467,-820.4015258789077
2019-11-28,-174.4,25327.98077392576,26322.78229980467,-994.8015258789092
2019-11-29,-116.00000000000001,25211.98077392576,26322.78229980467,-1110.8015258789092
2019-12-02,218.39999999999998,25430.38077392576,26322.78229980467,-892.4015258789077
2019-12-03,-14.400000000000006,25415.98077392576,26322.78229980467,-906.8015258789092
2019-12-04,356.8016784667969,25772.782452392556,26322.78229980467,-549.999847412113
2019-12-05,-14.400000000000006,25758.382452392554,26322.78229980467,-564.3998474121145
2019-12-06,-807.1999999999972,24951.182452392557,26322.78229980467,-1371.5998474121116
2019-12-09,72.8,25023.982452392556,26322.78229980467,-1298.7998474121123
2019-12-10,115.60106811523437,25139.58352050779,26322.78229980467,-1183.1987792968794
2019-12-11,-734.3999999999972,24405.18352050779,26322.78229980467,-1917.5987792968772
2019-12-12,145.6,24550.78352050779,26322.78229980467,-1771.9987792968786
2019-12-13,58.39999999999999,24609.18352050779,26322.78229980467,-1713.5987792968772
2019-12-18,-87.2,24521.98352050779,26322.78229980467,-1800.798779296878
2019-12-20,58.39999999999999,24580.383520507792,26322.78229980467,-1742.3987792968765
2019-12-23,145.6,24725.98352050779,26322.78229980467,-1596.798779296878
2019-12-26,-87.2,24638.78352050779,26322.78229980467,-1683.9987792968786
2019-12-31,-14.400000000000006,24624.38352050779,26322.78229980467,-1698.39877929688
2020-01-03,-28.80000000000001,24595.58352050779,26322.78229980467,-1727.1987792968794
2020-01-06,218.39999999999998,24813.98352050779,26322.78229980467,-1508.798779296878
2020-01-07,72.8,24886.78352050779,26322.78229980467,-1435.9987792968786
2020-01-08,-287.5999999999972,24599.18352050779,26322.78229980467,-1723.5987792968772
2020-01-09,-101.60000000000001,24497.583520507793,26322.78229980467,-1825.1987792968757
2020-01-10,-157.2,24340.383520507792,26322.78229980467,-1982.3987792968765
2020-01-14,145.6,24485.98352050779,26322.78229980467,-1836.798779296878
2020-01-16,-174.4,24311.58352050779,26322.78229980467,-2011.1987792968794
2020-01-20,72.8,24384.38352050779,26322.78229980467,-1938.39877929688
2020-01-21,-87.2,24297.183520507788,26322.78229980467,-2025.5987792968808
2020-01-22,58.39999999999999,24355.58352050779,26322.78229980467,-1967.1987792968794
2020-01-23,-14.400000000000006,24341.183520507788,26322.78229980467,-1981.5987792968808
2020-01-24,58.39999999999999,24399.58352050779,26322.78229980467,-1923.1987792968794
2020-01-27,145.6,24545.183520507788,26322.78229980467,-1777.5987792968808
2020-01-28,-87.2,24457.983520507787,26322.78229980467,-1864.7987792968815
2020-01-29,218.39999999999998,24676.38352050779,26322.78229980467,-1646.39877929688
2020-01-30,218.39999999999998,24894.78352050779,26322.78229980467,-1427.9987792968786
2020-01-31,218.39999999999998,25113.18352050779,26322.78229980467,-1209.5987792968772
2020-02-03,43.999999999999986,25157.18352050779,26322.78229980467,-1165.5987792968772
2020-02-04,145.6,25302.78352050779,26322.78229980467,-1019.9987792968786
2020-02-05,-28.80000000000001,25273.98352050779,26322.78229980467,-1048.798779296878
2020-02-06,58.39999999999999,25332.383520507792,26322.78229980467,-990.3987792968765
2020-02-07,58.39999999999999,25390.783520507794,26322.78229980467,-931.998779296875
2020-02-10,-101.60000000000001,25289.183520507795,26322.78229980467,-1033.5987792968735
2020-02-11,-87.2,25201.983520507794,26322.78229980467,-1120.7987792968743
2020-02-12,-161.6013732910156,25040.38214721678,26322.78229980467,-1282.4001525878884
2020-02-13,-14.400000000000006,25025.98214721678,26322.78229980467,-1296.80015258789
2020-02-14,-14.400000000000006,25011.582147216777,26322.78229980467,-1311.2001525878914
2020-02-17,72.8,25084.382147216777,26322.78229980467,-1238.400152587892
2020-02-18,-14.400000000000006,25069.982147216775,26322.78229980467,-1252.8001525878935
2020-02-19,-14.400000000000006,25055.582147216774,26322.78229980467,-1267.200152587895
2020-02-20,145.6,25201.182147216772,26322.78229980467,-1121.6001525878964
2020-02-21,-101.60000000000001,25099.582147216774,26322.78229980467,-1223.200152587895
2020-02-24,-14.400000000000006,25085.182147216772,26322.78229980467,-1237.6001525878964
2020-02-25,145.6,25230.78214721677,26322.78229980467,-1092.000152587898
2020-02-26,58.39999999999999,25289.182147216772,26322.78229980467,-1033.6001525878964
2020-02-27,291.2,25580.382147216773,26322.78229980467,-742.4001525878957
2020-02-28,509.59999999999997,26089.98214721677,26322.78229980467,-232.80015258789717
2020-03-02,128.40000000000003,26218.382147216773,26322.78229980467,-104.40015258789572
2020-03-03,128.40000000000003,26346.782147216774,26346.782147216774,0.0
2020-03-04,285.6,26632.382147216773,26632.382147216773,0.0
2020-03-05,-14.399999999999977,26617.98214721677,26632.382147216773,-14.400000000001455
2020-03-06,-200.39999999999992,26417.58214721677,26632.382147216773,-214.8000000000029
2020-03-09,385.2000000000001,26802.78214721677,26802.78214721677,0.0
2020-03-10,-185.99999999999994,26616.78214721677,26802.78214721677,-186.0
2020-03-11,271.20000000000005,26887.98214721677,26887.98214721677,0.0
2020-03-12,-643.1999999999999,26244.78214721677,26887.98214721677,-643.2000000000007
2020-03-13,-28.799999999999955,26215.98214721677,26887.98214721677,-672.0
2020-03-16,414.00000000000006,26629.98214721677,26887.98214721677,-258.0
2020-03-17,-28.799999999999955,26601.182147216772,26887.98214721677,-286.7999999999993
2020-03-18,385.2000000000001,26986.382147216773,26986.382147216773,0.0
2020-03-19,85.2000000000001,27071.582147216774,27071.582147216774,0.0
2020-03-20,385.2000000000001,27456.782147216774,27456.782147216774,0.0
2020-03-23,571.1999999999994,28027.982147216775,28027.982147216775,0.0
2020-03-24,318.39870300293154,28346.380850219706,28346.380850219706,0.0
2020-03-25,428.40000000000003,28774.780850219708,28774.780850219708,0.0
2020-03-26,-171.59999999999997,28603.18085021971,28774.780850219708,-171.59999999999854
2020-03-27,-471.59999999999997,28131.58085021971,28774.780850219708,-643.1999999999971
2020-03-30,141.19999999999962,28272.78085021971,28774.780850219708,-501.99999999999636
2020-03-31,-14.400000000000006,28258.38085021971,28774.780850219708,-516.3999999999978
2020-04-01,58.39999999999999,28316.78085021971,28774.780850219708,-457.99999999999636
2020-04-02,-377.6,27939.180850219713,28774.780850219708,-835.5999999999949
2020-04-03,128.40000000000003,28067.580850219714,28774.780850219708,-707.1999999999935
2020-04-06,728.3999999999993,28795.980850219712,28795.980850219712,0.0
2020-04-07,-157.2,28638.78085021971,28795.980850219712,-157.20000000000073
2020-04-08,885.5999999999985,29524.38085021971,29524.38085021971,0.0
2020-04-09,685.1999999999987,30209.580850219707,30209.580850219707,0.0
2020-04-13,-14.399999999999977,30195.180850219705,30209.580850219707,-14.400000000001455
2020-04-15,142.8,30337.980850219705,30337.980850219705,0.0
2020-04-16,-94.40000000000038,30243.580850219703,30337.980850219705,-94.40000000000146
2020-04-20,-184.4000000000018,30059.180850219702,30337.980850219705,-278.8000000000029
2020-04-21,-304.8,29754.380850219703,30337.980850219705,-583.6000000000022
2020-04-22,-328.79999999999995,29425.580850219703,30337.980850219705,-912.4000000000015
2020-04-23,571.2,29996.780850219704,30337.980850219705,-341.2000000000007
2020-04-24,-14.399999999999977,29982.380850219703,30337.980850219705,-355.6000000000022
2020-04-27,428.3999999999993,30410.7808502197,30410.7808502197,0.0
2020-04-28,-28.799999999999955,30381.9808502197,30410.7808502197,-28.799999999999272
2020-04-29,-436.0000000000008,29945.9808502197,30410.7808502197,-464.7999999999993
2020-04-30,128.40000000000003,30074.380850219703,30410.7808502197,-336.3999999999978
2020-05-01,501.2000000000011,30575.580850219703,30575.580850219703,0.0
2020-05-04,585.5999999999992,31161.180850219702,31161.180850219702,0.0
2020-05-05,-14.399999999999977,31146.7808502197,31161.180850219702,-14.400000000001455
2020-05-06,118.4000000000006,31265.180850219702,31265.180850219702,0.0
2020-05-07,-628.8,30636.380850219703,31265.180850219702,-628.7999999999993
2020-05-08,585.5999999999992,31221.9808502197,31265.180850219702,-43.20000000000073
2020-05-13,442.7999999999993,31664.7808502197,31664.7808502197,0.0
2020-05-15,291.2,31955.9808502197,31955.9808502197,0.0
2020-05-18,204.0,32159.9808502197,32159.9808502197,0.0
2020-05-19,285.6,32445.5808502197,32445.5808502197,0.0
2020-05-20,428.40000000000003,32873.9808502197,32873.9808502197,0.0
2020-05-21,58.39999999999999,32932.3808502197,32932.3808502197,0.0
2020-05-22,58.39999999999999,32990.7808502197,32990.7808502197,0.0
2020-05-25,72.8,33063.5808502197,33063.5808502197,0.0
2020-05-26,-101.60000000000001,32961.980850219705,33063.5808502197,-101.59999999999854
2020-05-27,218.39999999999998,33180.380850219706,33180.380850219706,0.0
2020-05-28,204.0,33384.380850219706,33384.380850219706,0.0
2020-05-29,218.39999999999998,33602.78085021971,33602.78085021971,0.0
2020-06-01,-14.400000000000006,33588.380850219706,33602.78085021971,-14.400000000001455
2020-06-02,-14.400000000000006,33573.980850219705,33602.78085021971,-28.80000000000291
2020-06-03,-28.80000000000001,33545.1808502197,33602.78085021971,-57.60000000000582
2020-06-04,131.2,33676.3808502197,33676.3808502197,0.0
2020-06-05,72.8,33749.1808502197,33749.1808502197,0.0
2020-06-08,58.39999999999999,33807.5808502197,33807.5808502197,0.0
2020-06-09,72.8,33880.380850219706,33880.380850219706,0.0
2020-06-10,-28.80000000000001,33851.5808502197,33880.380850219706,-28.80000000000291
2020-06-11,123.99999999999999,33975.5808502197,33975.5808502197,0.0
2020-06-12,291.2,34266.7808502197,34266.7808502197,0.0
2020-06-15,-948.8000000000001,33317.9808502197,34266.7808502197,-948.8000000000029
2020-06-16,-471.59999999999997,32846.3808502197,34266.7808502197,-1420.4000000000015
2020-06-17,142.8,32989.1808502197,34266.7808502197,-1277.5999999999985
2020-06-18,142.8,33131.980850219705,34266.7808502197,-1134.7999999999956
2020-06-19,142.8,33274.78085021971,34266.7808502197,-991.9999999999927
2020-06-23,-101.60000000000001,33173.18085021971,34266.7808502197,-1093.5999999999913
2020-06-24,29.59999999999998,33202.78085021971,34266.7808502197,-1063.9999999999927
2020-06-25,-314.4,32888.380850219706,34266.7808502197,-1378.3999999999942
2020-06-26,142.8,33031.18085021971,34266.7808502197,-1235.5999999999913
2020-06-29,142.8,33173.98085021971,34266.7808502197,-1092.7999999999884
2020-06-30,-157.2,33016.780850219715,34266.7808502197,-1249.9999999999854
2020-07-06,72.8,33089.58085021972,34266.7808502197,-1177.1999999999825
2020-07-07,72.8,33162.38085021972,34266.7808502197,-1104.3999999999796
2020-07-08,145.6,33307.98085021972,34266.7808502197,-958.7999999999811
2020-07-09,-28.80000000000001,33279.18085021972,34266.7808502197,-987.599999999984
2020-07-14,-14.400000000000006,33264.780850219715,34266.7808502197,-1001.9999999999854
2020-07-15,72.8,33337.58085021972,34266.7808502197,-929.1999999999825
2020-07-16,72.8,33410.38085021972,34266.7808502197,-856.3999999999796
2020-07-17,-174.4,33235.98085021972,34266.7808502197,-1030.799999999981
2020-07-20,-14.400000000000006,33221.58085021972,34266.7808502197,-1045.1999999999825
2020-07-21,72.8,33294.38085021972,34266.7808502197,-972.3999999999796
2020-07-22,-14.400000000000006,33279.98085021972,34266.7808502197,-986.7999999999811
2020-07-24,-14.400000000000006,33265.58085021972,34266.7808502197,-1001.1999999999825
2020-07-27,72.8,33338.38085021972,34266.7808502197,-928.3999999999796
2020-07-28,-37.20000000000114,33301.18085021972,34266.7808502197,-965.599999999984
2020-07-29,-87.2,33213.98085021972,34266.7808502197,-1052.799999999981
2020-07-30,-14.400000000000006,33199.58085021972,34266.7808502197,-1067.1999999999825
2020-07-31,-174.4,33025.18085021972,34266.7808502197,-1241.599999999984
2020-08-03,58.39999999999999,33083.58085021972,34266.7808502197,-1183.1999999999825
2020-08-04,-188.8,32894.780850219715,34266.7808502197,-1371.9999999999854
2020-08-05,131.2,33025.98085021971,34266.7808502197,-1240.7999999999884
2020-08-06,58.39999999999999,33084.38085021971,34266.7808502197,-1182.399999999987
2020-08-07,-87.2,32997.18085021972,34266.7808502197,-1269.599999999984
2020-08-10,181.19908447265624,33178.37993469237,34266.7808502197,-1088.4009155273307
2020-08-11,-101.60000000000001,33076.77993469237,34266.7808502197,-1190.0009155273292
2020-08-12,-14.400000000000006,33062.37993469237,34266.7808502197,-1204.4009155273307
2020-08-13,-174.4,32887.97993469237,34266.7808502197,-1378.800915527332
2020-08-14,72.8,32960.77993469237,34266.7808502197,-1306.0009155273292
2020-08-17,-87.2,32873.579934692374,34266.7808502197,-1393.2009155273263
2020-08-18,72.8,32946.37993469238,34266.7808502197,-1320.4009155273234
2020-08-19,-27.20000000000313,32919.17993469237,34266.7808502197,-1347.6009155273277
2020-08-20,-14.400000000000006,32904.77993469237,34266.7808502197,-1362.0009155273292
2020-08-21,58.39999999999999,32963.17993469237,34266.7808502197,-1303.6009155273277
2020-08-24,145.6,33108.77993469237,34266.7808502197,-1158.0009155273292
2020-08-25,218.39999999999998,33327.17993469237,34266.7808502197,-939.6009155273277
2020-08-26,72.8,33399.979934692376,34266.7808502197,-866.8009155273248
2020-08-27,-101.60000000000001,33298.37993469238,34266.7808502197,-968.4009155273234
2020-08-28,72.8,33371.17993469238,34266.7808502197,-895.6009155273205
2020-08-31,72.8,33443.97993469238,34266.7808502197,-822.8009155273176
2020-09-03,-174.4,33269.57993469238,34266.7808502197,-997.200915527319
2020-09-04,-116.00000000000001,33153.57993469238,34266.7808502197,-1113.200915527319
2020-09-08,-14.400000000000006,33139.17993469238,34266.7808502197,-1127.6009155273205
2020-09-09,-101.60000000000001,33037.57993469238,34266.7808502197,-1229.200915527319
2020-09-10,145.6,33183.17993469238,34266.7808502197,-1083.6009155273205
2020-09-11,-14.400000000000006,33168.77993469238,34266.7808502197,-1098.000915527322
2020-09-14,1.1987792968750455,33169.97871398925,34266.7808502197,-1096.8021362304498
2020-09-15,902.4032043457031,34072.381918334955,34266.7808502197,-194.39893188474525
2020-09-16,-101.60000000000001,33970.78191833496,34266.7808502197,-295.9989318847438
2020-09-18,-101.60000000000001,33869.18191833496,34266.7808502197,-397.59893188474234
2020-09-21,291.2,34160.381918334955,34266.7808502197,-106.39893188474525
2020-09-22,-87.2,34073.18191833496,34266.7808502197,-193.59893188474234
2020-09-23,942.4000000000001,35015.58191833496,35015.58191833496,0.0
2020-09-24,644.0004577636719,35659.58237609863,35659.58237609863,0.0
2020-09-25,-14.400000000000006,35645.18237609863,35659.58237609863,-14.400000000001455
2020-09-28,218.39999999999998,35863.58237609863,35863.58237609863,0.0
2020-09-29,43.999999999999986,35907.58237609863,35907.58237609863,0.0
2020-09-30,145.6,36053.18237609863,36053.18237609863,0.0
2020-10-02,58.39999999999999,36111.58237609863,36111.58237609863,0.0
2020-10-08,145.6,36257.18237609863,36257.18237609863,0.0
2020-10-09,291.2,36548.38237609863,36548.38237609863,0.0
2020-10-19,72.8,36621.18237609863,36621.18237609863,0.0
2020-10-20,145.6,36766.78237609863,36766.78237609863,0.0
2020-10-21,145.6,36912.38237609863,36912.38237609863,0.0
2020-10-26,145.6,37057.982376098626,37057.982376098626,0.0
2020-10-27,-348.8,36709.18237609862,37057.982376098626,-348.8000000000029
2020-10-28,72.8,36781.982376098626,37057.982376098626,-276.0
2020-10-29,-101.60000000000001,36680.38237609863,37057.982376098626,-377.59999999999854
2020-10-30,145.6,36825.982376098626,37057.982376098626,-232.0
2020-11-02,-748.7999999999972,36077.18237609863,37057.982376098626,-980.7999999999956
2020-11-03,-101.60000000000001,35975.58237609863,37057.982376098626,-1082.3999999999942
2020-11-04,646.8000000000028,36622.382376098634,37057.982376098626,-435.59999999999127
2020-11-06,58.39999999999999,36680.782376098636,37057.982376098626,-377.1999999999898
2020-11-09,-14.400000000000006,36666.382376098634,37057.982376098626,-391.59999999999127
2020-11-10,145.6,36811.98237609863,37057.982376098626,-245.99999999999272
2020-11-11,58.39999999999999,36870.382376098634,37057.982376098626,-187.59999999999127
2020-11-12,-14.400000000000006,36855.98237609863,37057.982376098626,-201.99999999999272
2020-11-13,-44.40000000000284,36811.58237609863,37057.982376098626,-246.39999999999418
2020-11-16,-174.4,36637.18237609863,37057.982376098626,-420.79999999999563
2020-11-18,145.6,36782.78237609863,37057.982376098626,-275.1999999999971
2020-11-19,72.8,36855.58237609863,37057.982376098626,-202.39999999999418
2020-11-23,-87.2,36768.382376098634,37057.982376098626,-289.59999999999127
2020-11-24,72.8,36841.18237609864,37057.982376098626,-216.79999999998836
2020-11-25,-14.400000000000006,36826.782376098636,37057.982376098626,-231.1999999999898
2020-11-26,72.8,36899.58237609864,37057.982376098626,-158.3999999999869
2020-11-27,145.6,37045.18237609864,37057.982376098626,-12.799999999988358
2020-12-01,71.20228881835939,37116.384664916994,37116.384664916994,0.0
2020-12-02,58.39999999999999,37174.784664916995,37174.784664916995,0.0
2020-12-03,-14.400000000000006,37160.384664916994,37174.784664916995,-14.400000000001455
2020-12-04,-87.2,37073.184664917,37174.784664916995,-101.59999999999854
2020-12-07,72.8,37145.984664917,37174.784664916995,-28.799999999995634
2020-12-08,-87.2,37058.784664917,37174.784664916995,-115.99999999999272
2020-12-09,-101.60000000000001,36957.184664917004,37174.784664916995,-217.59999999999127
2020-12-10,218.39999999999998,37175.584664917005,37175.584664917005,0.0
2020-12-14,58.39999999999999,37233.98466491701,37233.98466491701,0.0
2020-12-15,72.8,37306.78466491701,37306.78466491701,0.0
2020-12-16,145.6,37452.38466491701,37452.38466491701,0.0
2020-12-17,-14.400000000000006,37437.98466491701,37452.38466491701,-14.400000000001455
2020-12-18,-14.400000000000006,37423.584664917005,37452.38466491701,-28.80000000000291
2020-12-21,-14.400000000000006,37409.184664917004,37452.38466491701,-43.200000000004366
2020-12-22,-87.2,37321.98466491701,37452.38466491701,-130.40000000000146
2020-12-23,-87.2,37234.78466491701,37452.38466491701,-217.59999999999854
2020-12-28,145.6,37380.38466491701,37452.38466491701,-72.0
2020-12-29,-14.400000000000006,37365.98466491701,37452.38466491701,-86.40000000000146
2020-12-31,145.6,37511.584664917005,37511.584664917005,0.0
2021-01-04,-28.80000000000001,37482.784664917,37511.584664917005,-28.80000000000291
2021-01-06,145.6,37628.384664917,37628.384664917,0.0
2021-01-07,72.8,37701.184664917004,37701.184664917004,0.0
2021-01-08,-174.4,37526.784664917,37701.184664917004,-174.40000000000146
2021-01-12,72.8,37599.584664917005,37701.184664917004,-101.59999999999854
2021-01-13,145.6,37745.184664917004,37745.184664917004,0.0
2021-01-14,-87.2,37657.98466491701,37745.184664917004,-87.19999999999709
2021-01-15,145.6,37803.584664917005,37803.584664917005,0.0
2021-01-19,-101.60000000000001,37701.98466491701,37803.584664917005,-101.59999999999854
2021-01-20,72.8,37774.78466491701,37803.584664917005,-28.799999999995634
2021-01-21,-14.400000000000006,37760.38466491701,37803.584664917005,-43.19999999999709
2021-01-22,72.8,37833.18466491701,37833.18466491701,0.0
2021-01-25,145.6,37978.78466491701,37978.78466491701,0.0
2021-01-26,-101.60000000000001,37877.18466491701,37978.78466491701,-101.59999999999854
2021-01-27,218.39999999999998,38095.58466491701,38095.58466491701,0.0
2021-01-28,-14.400000000000006,38081.18466491701,38095.58466491701,-14.400000000001455
2021-01-29,-14.400000000000006,38066.78466491701,38095.58466491701,-28.80000000000291
2021-02-02,-101.60000000000001,37965.18466491701,38095.58466491701,-130.40000000000146
2021-02-03,-87.2,37877.984664917014,38095.58466491701,-217.59999999999854
2021-02-04,-116.00000000000001,37761.984664917014,38095.58466491701,-333.59999999999854
2021-02-05,-47.200000000006256,37714.78466491701,38095.58466491701,-380.8000000000029
2021-02-08,-14.400000000000006,37700.38466491701,38095.58466491701,-395.20000000000437
2021-02-09,145.6,37845.98466491701,38095.58466491701,-249.60000000000582
2021-02-10,-87.2,37758.78466491701,38095.58466491701,-336.8000000000029
2021-02-11,145.6,37904.38466491701,38095.58466491701,-191.20000000000437
2021-02-12,218.39999999999998,38122.78466491701,38122.78466491701,0.0
2021-02-15,-14.400000000000006,38108.38466491701,38122.78466491701,-14.400000000001455
2021-02-16,-87.2,38021.18466491701,38122.78466491701,-101.59999999999854
2021-02-18,58.39999999999999,38079.58466491701,38122.78466491701,-43.19999999999709
2021-02-19,145.6,38225.18466491701,38225.18466491701,0.0
2021-02-22,72.8,38297.984664917014,38297.984664917014,0.0
2021-02-23,-14.400000000000006,38283.58466491701,38297.984664917014,-14.400000000001455
2021-02-24,218.39999999999998,38501.984664917014,38501.984664917014,0.0
2021-02-25,218.39999999999998,38720.384664917015,38720.384664917015,0.0
2021-02-26,-174.4,38545.984664917014,38720.384664917015,-174.40000000000146
2021-03-01,-1007.2,37538.78466491702,38720.384664917015,-1181.5999999999985
2021-03-02,218.39999999999998,37757.18466491702,38720.384664917015,-963.1999999999971
2021-03-03,-101.60000000000001,37655.58466491702,38720.384664917015,-1064.7999999999956
2021-03-05,-157.2,37498.38466491702,38720.384664917015,-1221.9999999999927
2021-03-08,-157.2,37341.184664917026,38720.384664917015,-1379.1999999999898
2021-03-09,-14.399999999999977,37326.784664917024,38720.384664917015,-1393.5999999999913
2021-03-10,-14.399999999999977,37312.38466491702,38720.384664917015,-1407.9999999999927
2021-03-11,285.6,37597.98466491702,38720.384664917015,-1122.3999999999942
2021-03-12,72.8,37670.784664917024,38720.384664917015,-1049.5999999999913
2021-03-15,131.2,37801.98466491702,38720.384664917015,-918.3999999999942
2021-03-16,709.596337890625,38511.581002807645,38720.384664917015,-208.80366210937063
2021-03-17,-894.3999999999972,37617.18100280765,38720.384664917015,-1103.2036621093648
2021-03-18,465.20000000000283,38082.381002807655,38720.384664917015,-638.0036621093604
2021-03-19,271.20000000000005,38353.58100280765,38720.384664917015,-366.80366210936336
2021-03-23,-1036.0,37317.58100280765,38720.384664917015,-1402.8036621093634
2021-03-24,-14.399999999999977,37303.18100280765,38720.384664917015,-1417.2036621093648
2021-03-25,585.6000000000029,37888.78100280766,38720.384664917015,-831.603662109359
2021-03-26,-14.399999999999977,37874.381002807655,38720.384664917015,-846.0036621093604
2021-03-29,-937.1999999999998,36937.18100280766,38720.384664917015,-1783.2036621093575
2021-04-06,-14.399999999999977,36922.78100280766,38720.384664917015,-1797.603662109359
2021-04-08,-157.2,36765.58100280766,38720.384664917015,-1954.803662109356
2021-04-12,142.8,36908.38100280766,38720.384664917015,-1812.0036621093532
2021-04-13,72.8,36981.181002807665,38720.384664917015,-1739.2036621093503
2021-04-14,-14.400000000000006,36966.781002807664,38720.384664917015,-1753.6036621093517
2021-04-15,72.8,37039.58100280767,38720.384664917015,-1680.8036621093488
2021-04-16,58.39999999999999,37097.98100280767,38720.384664917015,-1622.4036621093474
2021-04-19,65.5980163574219,37163.57901916509,38720.384664917015,-1556.805645751927
2021-04-26,-807.1999999999972,36356.37901916509,38720.384664917015,-2364.005645751924
2021-04-28,145.6,36501.97901916509,38720.384664917015,-2218.4056457519255
2021-04-29,72.8,36574.77901916509,38720.384664917015,-2145.6056457519226
2021-04-30,145.6,36720.37901916509,38720.384664917015,-2000.005645751924
2021-05-03,145.6,36865.97901916509,38720.384664917015,-1854.4056457519255
2021-05-04,-14.400000000000006,36851.57901916509,38720.384664917015,-1868.805645751927
2021-05-05,-28.80000000000001,36822.779019165086,38720.384664917015,-1897.6056457519298
2021-05-06,-14.400000000000006,36808.379019165084,38720.384664917015,-1912.0056457519313
2021-05-07,145.6,36953.97901916508,38720.384664917015,-1766.4056457519328
2021-05-10,635.2000000000029,37589.17901916509,38720.384664917015,-1131.2056457519284
2021-05-11,43.999999999999986,37633.17901916509,38720.384664917015,-1087.2056457519284
2021-05-12,-157.2,37475.97901916509,38720.384664917015,-1244.4056457519255
2021-05-13,1505.2,38981.17901916509,38981.17901916509,0.0
2021-05-14,145.6,39126.779019165086,39126.779019165086,0.0
2021-05-17,145.6,39272.379019165084,39272.379019165084,0.0
2021-05-18,131.2,39403.57901916508,39403.57901916508,0.0
2021-05-19,128.40000000000003,39531.97901916508,39531.97901916508,0.0
2021-05-20,571.2000000000029,40103.17901916509,40103.17901916509,0.0
2021-05-21,-157.2,39945.97901916509,40103.17901916509,-157.1999999999971
2021-05-25,-14.399999999999977,39931.57901916509,40103.17901916509,-171.59999999999854
2021-05-26,58.39999999999999,39989.97901916509,40103.17901916509,-113.19999999999709
2021-05-27,131.2,40121.17901916509,40121.17901916509,0.0
2021-05-28,-174.4,39946.779019165086,40121.17901916509,-174.40000000000146
2021-05-31,-87.2,39859.57901916509,40121.17901916509,-261.59999999999854
2021-06-01,218.39999999999998,40077.97901916509,40121.17901916509,-43.19999999999709
2021-06-02,-101.60000000000001,39976.37901916509,40121.17901916509,-144.79999999999563
2021-06-03,58.39999999999999,40034.77901916509,40121.17901916509,-86.39999999999418
2021-06-04,72.8,40107.579019165096,40121.17901916509,-13.599999999991269
2021-06-07,291.2,40398.77901916509,40398.77901916509,0.0
2021-06-08,-174.4,40224.37901916509,40398.77901916509,-174.40000000000146
2021-06-09,-28.80000000000001,40195.57901916509,40398.77901916509,-203.20000000000437
2021-06-10,-28.80000000000001,40166.779019165086,40398.77901916509,-232.00000000000728
2021-06-11,-87.2,40079.57901916509,40398.77901916509,-319.20000000000437
2021-06-14,58.39999999999999,40137.97901916509,40398.77901916509,-260.8000000000029
2021-06-15,-87.2,40050.77901916509,40398.77901916509,-348.0
2021-06-16,-174.4,39876.37901916509,40398.77901916509,-522.4000000000015
2021-06-17,116.79999999999998,39993.179019165094,40398.77901916509,-405.59999999999854
2021-06-18,-28.80000000000001,39964.37901916509,40398.77901916509,-434.40000000000146
2021-06-21,-515.9999999999973,39448.37901916509,40398.77901916509,-950.4000000000015
2021-06-22,-157.2,39291.179019165094,40398.77901916509,-1107.5999999999985
2021-06-25,145.6,39436.77901916509,40398.77901916509,-962.0
2021-06-28,145.6,39582.37901916509,40398.77901916509,-816.4000000000015
2021-06-29,-188.8,39393.57901916509,40398.77901916509,-1005.2000000000044
2021-06-30,131.2,39524.779019165086,40398.77901916509,-874.0000000000073
2021-07-01,-101.60000000000001,39423.17901916509,40398.77901916509,-975.6000000000058
2021-07-02,-14.400000000000006,39408.779019165086,40398.77901916509,-990.0000000000073
2021-07-05,72.8,39481.57901916509,40398.77901916509,-917.2000000000044
2021-07-06,116.79999999999998,39598.37901916509,40398.77901916509,-800.4000000000015
2021-07-07,-1007.2,38591.179019165094,40398.77901916509,-1807.5999999999985
2021-07-08,128.40000000000003,38719.579019165096,40398.77901916509,-1679.199999999997
2021-07-14,-14.399999999999977,38705.179019165094,40398.77901916509,-1693.5999999999985
2021-07-16,-14.399999999999977,38690.77901916509,40398.77901916509,-1708.0
2021-07-19,-57.59999999999991,38633.179019165094,40398.77901916509,-1765.5999999999985
2021-07-20,285.6,38918.77901916509,40398.77901916509,-1480.0
2021-07-22,-157.2,38761.579019165096,40398.77901916509,-1637.199999999997
2021-07-29,145.6,38907.179019165094,40398.77901916509,-1491.5999999999985
2021-07-30,-87.2,38819.9790191651,40398.77901916509,-1578.7999999999956
2021-08-02,43.999999999999986,38863.9790191651,40398.77901916509,-1534.7999999999956
2021-08-03,131.2,38995.179019165094,40398.77901916509,-1403.5999999999985
2021-08-04,-43.20000000000002,38951.9790191651,40398.77901916509,-1446.7999999999956
2021-08-05,128.40000000000003,39080.3790191651,40398.77901916509,-1318.3999999999942
2021-08-06,99.60000000000008,39179.9790191651,40398.77901916509,-1218.7999999999956
2021-08-09,285.6,39465.579019165096,40398.77901916509,-933.1999999999971
2021-08-10,-14.399999999999977,39451.179019165094,40398.77901916509,-947.5999999999985
2021-08-11,-28.799999999999955,39422.37901916509,40398.77901916509,-976.4000000000015
2021-08-13,285.6,39707.97901916509,40398.77901916509,-690.8000000000029
2021-08-16,-436.0,39271.97901916509,40398.77901916509,-1126.800000000003
2021-08-17,-14.399999999999977,39257.57901916509,40398.77901916509,-1141.2000000000044
2021-08-18,271.20000000000005,39528.779019165086,40398.77901916509,-870.0000000000073
2021-08-19,204.0,39732.779019165086,40398.77901916509,-666.0000000000073
2021-08-20,142.8,39875.57901916509,40398.77901916509,-523.2000000000044
2021-08-23,428.4000000000029,40303.97901916509,40398.77901916509,-94.80000000000291
2021-08-24,-157.2,40146.77901916509,40398.77901916509,-252.0
2021-08-25,285.6,40432.37901916509,40432.37901916509,0.0
2021-08-26,-188.8,40243.57901916509,40432.37901916509,-188.8000000000029
2021-08-27,-87.2,40156.37901916509,40432.37901916509,-276.0
2021-08-30,58.39999999999999,40214.77901916509,40432.37901916509,-217.59999999999854
2021-08-31,-188.79511718750283,40025.98390197759,40432.37901916509,-406.39511718750146
2021-09-02,576.8045776367188,40602.78847961431,40602.78847961431,0.0
2021-09-03,-101.60000000000001,40501.18847961431,40602.78847961431,-101.59999999999854
2021-09-07,-748.7981689453097,39752.390310669005,40602.78847961431,-850.3981689453067
2021-09-10,145.6,39897.990310669,40602.78847961431,-704.7981689453081
2021-09-13,-14.400000000000006,39883.590310669,40602.78847961431,-719.1981689453096
2021-09-14,218.39999999999998,40101.990310669,40602.78847961431,-500.79816894530813
2021-09-15,58.39999999999999,40160.390310669005,40602.78847961431,-442.3981689453067
2021-09-16,-101.60000000000001,40058.79031066901,40602.78847961431,-543.9981689453052
2021-09-17,58.39999999999999,40117.19031066901,40602.78847961431,-485.59816894530377
2021-09-20,58.39999999999999,40175.59031066901,40602.78847961431,-427.1981689453023
2021-09-21,-28.80000000000001,40146.79031066901,40602.78847961431,-455.9981689453052
2021-09-22,263.99359130859375,40410.7839019776,40602.78847961431,-192.00457763671147
2021-09-24,-101.60000000000001,40309.1839019776,40602.78847961431,-293.60457763671
2021-09-27,72.8,40381.983901977605,40602.78847961431,-220.8045776367071
2021-09-28,131.2,40513.1839019776,40602.78847961431,-89.60457763671002
2021-09-29,218.39999999999998,40731.5839019776,40731.5839019776,0.0
2021-09-30,102.39999999999998,40833.983901977605,40833.983901977605,0.0
2021-10-01,278.40000000000003,41112.383901977606,41112.383901977606,0.0
2021-10-04,-171.59999999999997,40940.78390197761,41112.383901977606,-171.59999999999854
2021-10-05,142.8,41083.58390197761,41112.383901977606,-28.799999999995634
2021-10-06,285.6,41369.18390197761,41369.18390197761,0.0
2021-10-07,-28.799999999999955,41340.383901977606,41369.18390197761,-28.80000000000291
2021-10-08,291.2,41631.5839019776,41631.5839019776,0.0
2021-10-11,-14.400000000000006,41617.1839019776,41631.5839019776,-14.400000000001455
2021-10-12,29.59999999999998,41646.7839019776,41646.7839019776,0.0
2021-10-13,-314.4,41332.3839019776,41646.7839019776,-314.40000000000146
2021-10-14,-157.2,41175.1839019776,41646.7839019776,-471.59999999999854
2021-10-18,-28.80000000000001,41146.3839019776,41646.7839019776,-500.40000000000146
2021-10-19,-171.59999999999997,40974.7839019776,41646.7839019776,-672.0
2021-10-20,-28.80000000000001,40945.9839019776,41646.7839019776,-700.8000000000029
2021-10-21,-328.79999999999995,40617.183901977594,41646.7839019776,-1029.6000000000058
2021-10-22,-314.4,40302.78390197759,41646.7839019776,-1344.0000000000073
2021-10-25,285.6,40588.38390197759,41646.7839019776,-1058.4000000000087
2021-10-26,142.8,40731.183901977594,41646.7839019776,-915.6000000000058
2021-10-27,414.00000000000006,41145.183901977594,41646.7839019776,-501.6000000000058
2021-10-28,-314.4,40830.78390197759,41646.7839019776,-816.0000000000073
2021-10-29,142.8,40973.583901977596,41646.7839019776,-673.2000000000044
2021-11-03,285.6,41259.183901977594,41646.7839019776,-387.6000000000058
2021-11-04,-1007.2,40251.9839019776,41646.7839019776,-1394.800000000003
2021-11-05,428.40000000000003,40680.3839019776,41646.7839019776,-966.4000000000015
2021-11-10,714.0,41394.3839019776,41646.7839019776,-252.40000000000146
2021-11-12,-171.59999999999997,41222.7839019776,41646.7839019776,-424.0
2021-11-15,-157.2,41065.5839019776,41646.7839019776,-581.1999999999971
2021-11-17,556.8000000000001,41622.383901977606,41646.7839019776,-24.39999999999418
2021-11-18,-157.2,41465.18390197761,41646.7839019776,-181.59999999999127
2021-11-19,428.40000000000003,41893.58390197761,41893.58390197761,0.0
2021-11-22,571.2,42464.78390197761,42464.78390197761,0.0
2021-11-23,285.6,42750.383901977606,42750.383901977606,0.0
2021-11-24,142.8,42893.18390197761,42893.18390197761,0.0
2021-11-26,985.2,43878.383901977606,43878.383901977606,0.0
2021-11-29,-1164.4,42713.983901977605,43878.383901977606,-1164.4000000000015
2021-11-30,842.4000000000001,43556.383901977606,43878.383901977606,-322.0
2021-12-01,556.8000000000001,44113.18390197761,44113.18390197761,0.0
2021-12-02,85.2000000000001,44198.383901977606,44198.383901977606,0.0
2021-12-03,242.4000000000001,44440.78390197761,44440.78390197761,0.0
2021-12-06,-14.399999999999977,44426.383901977606,44440.78390197761,-14.400000000001455
2021-12-07,323.99908447266193,44750.38298645027,44750.38298645027,0.0
2021-12-08,728.4000000000028,45478.78298645027,45478.78298645027,0.0
2021-12-09,142.8,45621.582986450274,45621.582986450274,0.0
2021-12-10,255.59999999999033,45877.182986450265,45877.182986450265,0.0
2021-12-13,142.8,46019.98298645027,46019.98298645027,0.0
2021-12-14,58.39999999999999,46078.38298645027,46078.38298645027,0.0
2021-12-15,58.39999999999999,46136.78298645027,46136.78298645027,0.0
2021-12-16,-43.20000000000002,46093.582986450274,46136.78298645027,-43.19999999999709
2021-12-17,646.8000000000029,46740.38298645028,46740.38298645028,0.0
2021-12-20,131.2,46871.582986450274,46871.582986450274,0.0
2021-12-21,-14.399999999999977,46857.18298645027,46871.582986450274,-14.400000000001455
2021-12-23,142.8,46999.982986450275,46999.982986450275,0.0
2021-12-28,142.8,47142.78298645028,47142.78298645028,0.0
2021-12-29,-14.399999999999977,47128.38298645028,47142.78298645028,-14.400000000001455
2021-12-30,22.800000000001138,47151.18298645028,47151.18298645028,0.0
2022-01-03,142.8,47293.98298645028,47293.98298645028,0.0
2022-01-04,128.40000000000003,47422.382986450284,47422.382986450284,0.0
2022-01-05,142.8,47565.18298645029,47565.18298645029,0.0
2022-01-06,218.39999999999998,47783.58298645029,47783.58298645029,0.0
2022-01-07,-101.60000000000001,47681.98298645029,47783.58298645029,-101.59999999999854
2022-01-10,-101.60000000000001,47580.38298645029,47783.58298645029,-203.1999999999971
2022-01-11,102.39999999999998,47682.78298645029,47783.58298645029,-100.79999999999563
2022-01-12,128.40000000000003,47811.182986450294,47811.182986450294,0.0
2022-01-13,-14.399999999999977,47796.78298645029,47811.182986450294,-14.400000000001455
2022-01-14,-171.59999999999997,47625.182986450294,47811.182986450294,-186.0
2022-01-18,142.8,47767.9829864503,47811.182986450294,-43.19999999999709
2022-01-19,131.2,47899.182986450294,47899.182986450294,0.0
2022-01-20,131.2,48030.38298645029,48030.38298645029,0.0
2022-01-21,58.39999999999999,48088.78298645029,48088.78298645029,0.0
2022-01-24,204.0,48292.78298645029,48292.78298645029,0.0
2022-01-25,128.40000000000003,48421.182986450294,48421.182986450294,0.0
2022-01-26,128.40000000000003,48549.582986450296,48549.582986450296,0.0
2022-01-27,-14.399999999999977,48535.182986450294,48549.582986450296,-14.400000000001455
2022-01-28,-171.59999999999997,48363.582986450296,48549.582986450296,-186.0
2022-01-31,142.8,48506.3829864503,48549.582986450296,-43.19999999999709
2022-02-02,-471.59999999999997,48034.7829864503,48549.582986450296,-514.7999999999956
2022-02-04,-28.799999999999955,48005.9829864503,48549.582986450296,-543.5999999999985
2022-02-07,-14.399999999999977,47991.582986450296,48549.582986450296,-558.0
2022-02-08,128.40000000000003,48119.9829864503,48549.582986450296,-429.59999999999854
2022-02-09,128.40000000000003,48248.3829864503,48549.582986450296,-301.1999999999971
2022-02-10,271.20000000000005,48519.582986450296,48549.582986450296,-30.0
2022-02-11,-214.7999999999999,48304.78298645029,48549.582986450296,-244.8000000000029
2022-02-14,-57.59999999999991,48247.182986450294,48549.582986450296,-302.40000000000146
2022-02-15,-28.799999999999955,48218.38298645029,48549.582986450296,-331.20000000000437
2022-02-16,414.00000000000006,48632.38298645029,48632.38298645029,0.0
2022-02-17,1014.0000000000057,49646.3829864503,49646.3829864503,0.0
2022-02-18,-328.79999999999995,49317.582986450296,49646.3829864503,-328.8000000000029
2022-02-21,271.20000000000005,49588.78298645029,49646.3829864503,-57.60000000000582
2022-02-22,-28.799999999999955,49559.98298645029,49646.3829864503,-86.40000000000873
2022-02-23,128.40000000000003,49688.38298645029,49688.38298645029,0.0
2022-02-24,385.2000000000001,50073.58298645029,50073.58298645029,0.0
2022-02-25,856.8000000000058,50930.38298645029,50930.38298645029,0.0
2022-02-28,-185.99999999999994,50744.38298645029,50930.38298645029,-186.0
2022-03-01,385.2000000000001,51129.58298645029,51129.58298645029,0.0
2022-03-02,385.2000000000001,51514.782986450286,51514.782986450286,0.0
2022-03-03,-214.7999999999999,51299.98298645028,51514.782986450286,-214.8000000000029
2022-03-04,842.4000000000001,52142.382986450284,52142.382986450284,0.0
2022-03-07,-514.8,51627.58298645028,52142.382986450284,-514.8000000000029
2022-03-08,985.2,52612.78298645028,52612.78298645028,0.0
2022-03-09,-57.59999999999991,52555.18298645028,52612.78298645028,-57.599999999998545
2022-03-10,-814.8,51740.38298645028,52612.78298645028,-872.4000000000015
2022-03-11,-1150.4000000000055,50589.98298645027,52612.78298645028,-2022.8000000000102
2022-03-14,1285.200000000003,51875.18298645027,52612.78298645028,-737.6000000000058
2022-03-15,85.2000000000001,51960.38298645027,52612.78298645028,-652.4000000000087
2022-03-16,-357.5999999999999,51602.78298645027,52612.78298645028,-1010.0000000000073
2022-03-17,-643.1999999999999,50959.582986450274,52612.78298645028,-1653.2000000000044
2022-03-18,-328.79999999999995,50630.78298645027,52612.78298645028,-1982.0000000000073
2022-03-21,99.60000000000008,50730.38298645027,52612.78298645028,-1882.4000000000087
2022-03-22,856.8000000000001,51587.18298645027,52612.78298645028,-1025.6000000000058
2022-03-23,242.4000000000001,51829.582986450274,52612.78298645028,-783.2000000000044
2022-03-24,-185.99999999999994,51643.582986450274,52612.78298645028,-969.2000000000044
2022-03-25,385.2000000000001,52028.78298645027,52612.78298645028,-584.0000000000073
2022-03-28,1885.2000000000087,53913.98298645028,53913.98298645028,0.0
2022-03-29,985.200000000003,54899.18298645029,54899.18298645029,0.0
2022-03-30,256.8000000000029,55155.98298645029,55155.98298645029,0.0
2022-03-31,-407.6000000000025,54748.382986450284,55155.98298645029,-407.6000000000058
2022-04-01,-28.799999999999955,54719.58298645028,55155.98298645029,-436.40000000000873
2022-04-04,-51.600305175775475,54667.98268127451,55155.98298645029,-488.00030517578125
2022-04-06,1771.2000000000114,56439.18268127452,56439.18268127452,0.0
2022-04-07,85.2000000000001,56524.38268127452,56524.38268127452,0.0
2022-04-08,414.00000000000006,56938.38268127452,56938.38268127452,0.0
2022-04-11,271.20000000000005,57209.582681274514,57209.582681274514,0.0
2022-04-12,24.000000000002316,57233.582681274514,57233.582681274514,0.0
2022-04-13,1014.000000000003,58247.582681274514,58247.582681274514,0.0
2022-04-18,1456.8000000000086,59704.382681274525,59704.382681274525,0.0
2022-04-19,-487.19999999998976,59217.182681274535,59704.382681274525,-487.1999999999898
2022-04-20,442.80000000000285,59659.98268127454,59704.382681274525,-44.3999999999869
2022-04-22,442.80000000000285,60102.78268127454,60102.78268127454,0.0
2022-04-25,-500.3999999999999,59602.38268127454,60102.78268127454,-500.40000000000146
2022-04-26,-514.8,59087.582681274536,60102.78268127454,-1015.2000000000044
2022-04-27,-276.00000000000625,58811.58268127453,60102.78268127454,-1291.2000000000116
2022-04-29,128.40000000000003,58939.98268127453,60102.78268127454,-1162.8000000000102
2022-05-03,571.2,59511.18268127453,60102.78268127454,-591.6000000000131
2022-05-04,399.6000000000001,59910.782681274526,60102.78268127454,-192.00000000001455
2022-05-05,685.2,60595.98268127452,60595.98268127452,0.0
2022-05-06,256.80000000000007,60852.782681274526,60852.782681274526,0.0
2022-05-09,685.2,61537.98268127452,61537.98268127452,0.0
2022-05-10,1585.2000000000087,63123.182681274535,63123.182681274535,0.0
2022-05-11,414.00000000000006,63537.182681274535,63537.182681274535,0.0
2022-05-12,-1036.0,62501.182681274535,63537.182681274535,-1036.0
2022-05-13,714.000000000003,63215.182681274535,63537.182681274535,-322.0
2022-05-16,85.2000000000001,63300.38268127453,63537.182681274535,-236.8000000000029
2022-05-17,-185.99999999999994,63114.38268127453,63537.182681274535,-422.8000000000029
2022-05-18,385.2000000000001,63499.58268127453,63537.182681274535,-37.60000000000582
2022-05-20,414.00000000000006,63913.58268127453,63913.58268127453,0.0
2022-05-23,1014.000000000003,64927.58268127453,64927.58268127453,0.0
2022-05-24,571.2,65498.782681274526,65498.782681274526,0.0
2022-05-25,128.40000000000003,65627.18268127453,65627.18268127453,0.0
2022-05-26,856.8000000000029,66483.98268127453,66483.98268127453,0.0
2022-05-27,285.6,66769.58268127454,66769.58268127454,0.0
2022-05-30,-28.799999999999955,66740.78268127453,66769.58268127454,-28.80000000000291
2022-05-31,-643.1999999999999,66097.58268127454,66769.58268127454,-672.0
2022-06-01,714.0,66811.58268127454,66811.58268127454,0.0
2022-06-02,85.2000000000001,66896.78268127453,66896.78268127453,0.0
2022-06-03,-185.99999999999994,66710.78268127453,66896.78268127453,-186.0
2022-06-06,414.00000000000006,67124.78268127453,67124.78268127453,0.0
2022-06-07,542.4000000000001,67667.18268127453,67667.18268127453,0.0
2022-06-08,985.2,68652.38268127452,68652.38268127452,0.0
2022-06-09,-14.399999999999977,68637.98268127453,68652.38268127452,-14.39999999999418
2022-06-10,-57.59999999999991,68580.38268127452,68652.38268127452,-72.0
2022-06-13,-1178.8,67401.58268127452,68652.38268127452,-1250.800000000003
2022-06-14,242.4000000000001,67643.98268127452,68652.38268127452,-1008.4000000000087
2022-06-15,271.20000000000005,67915.18268127451,68652.38268127452,-737.2000000000116
2022-06-16,35.20000000000033,67950.38268127451,68652.38268127452,-702.0000000000146
2022-06-17,-864.8000000000054,67085.5826812745,68652.38268127452,-1566.8000000000175
2022-06-20,-171.59999999999997,66913.9826812745,68652.38268127452,-1738.4000000000233
2022-06-21,-185.99999999999994,66727.9826812745,68652.38268127452,-1924.4000000000233
2022-06-22,542.4000000000001,67270.3826812745,68652.38268127452,-1382.000000000029
2022-06-23,1585.2000000000114,68855.5826812745,68855.5826812745,0.0
2022-06-24,135.20000000000283,68990.7826812745,68990.7826812745,0.0
2022-06-27,-1007.2,67983.5826812745,68990.7826812745,-1007.1999999999971
2022-06-28,-185.99999999999994,67797.5826812745,68990.7826812745,-1193.199999999997
2022-06-29,399.6000000000001,68197.18268127451,68990.7826812745,-793.5999999999913
2022-06-30,-464.7999999999971,67732.38268127451,68990.7826812745,-1258.3999999999942
2022-07-01,-864.4000000000001,66867.98268127452,68990.7826812745,-2122.7999999999884
2022-07-05,99.60000000000008,66967.58268127452,68990.7826812745,-2023.1999999999825
2022-07-06,85.2000000000001,67052.78268127452,68990.7826812745,-1937.9999999999854
2022-07-07,-28.799999999999955,67023.98268127452,68990.7826812745,-1966.7999999999884
2022-07-08,414.00000000000006,67437.98268127452,68990.7826812745,-1552.7999999999884
2022-07-11,1442.4000000000087,68880.38268127452,68990.7826812745,-110.39999999997963
2022-07-12,-307.5999999999999,68572.78268127452,68990.7826812745,-417.99999999998545
2022-07-13,-185.99999999999994,68386.78268127452,68990.7826812745,-603.9999999999854
2022-07-14,685.2,69071.98268127452,69071.98268127452,0.0
2022-07-15,-28.799999999999955,69043.18268127451,69071.98268127452,-28.80000000000291
2022-07-18,911.2000000000006,69954.38268127451,69954.38268127451,0.0
2022-07-19,-607.5999999999972,69346.78268127452,69954.38268127451,-607.5999999999913
2022-07-20,1885.2000000000144,71231.98268127453,71231.98268127453,0.0
2022-07-21,1014.0000000000057,72245.98268127453,72245.98268127453,0.0
2022-07-22,-176.0000000000005,72069.98268127453,72245.98268127453,-176.0
2022-07-25,571.2,72641.18268127453,72641.18268127453,0.0
2022-07-26,542.4000000000029,73183.58268127454,73183.58268127454,0.0
2022-07-27,685.2,73868.78268127453,73868.78268127453,0.0
2022-07-28,-328.79999999999995,73539.98268127453,73868.78268127453,-328.8000000000029
2022-07-29,-263.1999999999931,73276.78268127453,73868.78268127453,-592.0
2022-08-01,-1136.0000000000055,72140.78268127453,73868.78268127453,-1728.0
2022-08-02,114.00000000000006,72254.78268127453,73868.78268127453,-1614.0
2022-08-04,399.6000000000001,72654.38268127454,73868.78268127453,-1214.3999999999942
2022-08-05,-28.799999999999955,72625.58268127454,73868.78268127453,-1243.199999999997
2022-08-08,-485.99999999999994,72139.58268127454,73868.78268127453,-1729.199999999997
2022-08-09,-593.2,71546.38268127454,73868.78268127453,-2322.399999999994
2022-08-10,385.2000000000001,71931.58268127454,73868.78268127453,-1937.199999999997
2022-08-11,271.20000000000005,72202.78268127453,73868.78268127453,-1666.0
2022-08-12,728.4000000000028,72931.18268127454,73868.78268127453,-937.5999999999913
2022-08-15,285.6,73216.78268127455,73868.78268127453,-651.9999999999854
2022-08-16,556.8000000000001,73773.58268127455,73868.78268127453,-95.19999999998254
2022-08-17,-628.8,73144.78268127455,73868.78268127453,-723.9999999999854
2022-08-18,-14.399999999999977,73130.38268127455,73868.78268127453,-738.3999999999796
2022-08-19,-185.99999999999994,72944.38268127455,73868.78268127453,-924.3999999999796
2022-08-22,571.2000000000029,73515.58268127455,73868.78268127453,-353.19999999998254
2022-08-23,-328.79999999999995,73186.78268127455,73868.78268127453,-681.9999999999854
2022-08-24,1299.6000000000058,74486.38268127455,74486.38268127455,0.0
2022-08-25,-43.19999999999709,74443.18268127456,74486.38268127455,-43.19999999999709
2022-08-26,571.2000000000029,75014.38268127455,75014.38268127455,0.0
2022-08-29,-485.99999999999994,74528.38268127455,75014.38268127455,-486.0
2022-08-30,442.80000000000285,74971.18268127456,75014.38268127455,-43.19999999999709
2022-08-31,-28.799999999999955,74942.38268127455,75014.38268127455,-72.0
2022-09-01,1035.2000000000085,75977.58268127457,75977.58268127457,0.0
2022-09-02,-593.1999999999971,75384.38268127457,75977.58268127457,-593.1999999999971
2022-09-06,-916.0003051757784,74468.38237609879,75977.58268127457,-1509.2003051757783
2022-09-07,699.6000000000001,75167.9823760988,75977.58268127457,-809.6003051757725
2022-09-08,-28.799999999999955,75139.18237609879,75977.58268127457,-838.4003051757754
2022-09-09,285.6,75424.7823760988,75977.58268127457,-552.8003051757696
2022-09-12,-171.59999999999997,75253.18237609879,75977.58268127457,-724.4003051757754
2022-09-13,1156.8000000000056,76409.9823760988,76409.9823760988,0.0
2022-09-14,414.0000000000029,76823.9823760988,76823.9823760988,0.0
2022-09-15,73.99999999999949,76897.9823760988,76897.9823760988,0.0
2022-09-16,292.4000000000085,77190.3823760988,77190.3823760988,0.0
2022-09-19,99.60000000000008,77289.98237609881,77289.98237609881,0.0
2022-09-20,128.40000000000003,77418.3823760988,77418.3823760988,0.0
2022-09-21,85.2000000000001,77503.5823760988,77503.5823760988,0.0
2022-09-22,399.6000000000001,77903.1823760988,77903.1823760988,0.0
2022-09-23,271.20000000000005,78174.3823760988,78174.3823760988,0.0
2022-09-26,85.2000000000001,78259.5823760988,78259.5823760988,0.0
2022-09-27,571.2,78830.7823760988,78830.7823760988,0.0
2022-09-28,414.00000000000006,79244.7823760988,79244.7823760988,0.0
2022-09-29,128.40000000000003,79373.18237609879,79373.18237609879,0.0
2022-09-30,-43.19999999999993,79329.9823760988,79373.18237609879,-43.19999999999709
2022-10-03,428.40000000000003,79758.38237609879,79758.38237609879,0.0
2022-10-04,-421.60000000000565,79336.78237609878,79758.38237609879,-421.6000000000058
2022-10-05,-450.39999999999714,78886.38237609879,79758.38237609879,-872.0
2022-10-06,-171.59999999999997,78714.78237609878,79758.38237609879,-1043.6000000000058
2022-10-07,-57.59999999999991,78657.18237609878,79758.38237609879,-1101.2000000000116
2022-10-10,114.00000000000006,78771.18237609878,79758.38237609879,-987.2000000000116
2022-10-11,-14.399999999999977,78756.78237609878,79758.38237609879,-1001.6000000000058
2022-10-18,271.20000000000005,79027.98237609878,79758.38237609879,-730.4000000000087
2022-10-19,571.2000000000029,79599.18237609878,79758.38237609879,-159.20000000001164
2022-10-20,414.00000000000006,80013.18237609878,80013.18237609878,0.0
2022-10-21,271.20000000000005,80284.38237609877,80284.38237609877,0.0
2022-10-24,-14.399999999999977,80269.98237609878,80284.38237609877,-14.39999999999418
2022-10-25,442.80000000000285,80712.78237609878,80712.78237609878,0.0
2022-10-27,285.6,80998.38237609879,80998.38237609879,0.0
2022-10-28,428.40000000000003,81426.78237609878,81426.78237609878,0.0
2022-11-01,-1007.2,80419.58237609878,81426.78237609878,-1007.1999999999971
2022-11-04,128.40000000000003,80547.98237609878,81426.78237609878,-878.8000000000029
2022-11-07,-328.79999999999995,80219.18237609878,81426.78237609878,-1207.6000000000058
2022-11-08,271.20000000000005,80490.38237609877,81426.78237609878,-936.4000000000087
2022-11-10,-171.59999999999997,80318.78237609877,81426.78237609878,-1108.0000000000146
2022-11-15,-343.19999999999993,79975.58237609877,81426.78237609878,-1451.2000000000116
2022-11-16,-14.399999999999977,79961.18237609878,81426.78237609878,-1465.6000000000058
2022-11-17,271.20000000000005,80232.38237609877,81426.78237609878,-1194.4000000000087
2022-11-18,-43.19999999999993,80189.18237609878,81426.78237609878,-1237.6000000000058
2022-11-21,99.60000000000008,80288.78237609878,81426.78237609878,-1138.0
2022-11-22,-171.59999999999997,80117.18237609878,81426.78237609878,-1309.6000000000058
2022-11-23,-43.19999999999993,80073.98237609878,81426.78237609878,-1352.800000000003
2022-11-25,71.20000000000287,80145.18237609878,81426.78237609878,-1281.6000000000058
2022-11-28,-171.59999999999997,79973.58237609877,81426.78237609878,-1453.2000000000116
2022-11-29,714.0,80687.58237609877,81426.78237609878,-739.2000000000116
2022-11-30,728.4000000000028,81415.98237609878,81426.78237609878,-10.80000000000291
2022-12-01,571.2,81987.18237609878,81987.18237609878,0.0
2022-12-02,1014.0000000000057,83001.18237609878,83001.18237609878,0.0
2022-12-05,-1178.8,81822.38237609877,83001.18237609878,-1178.800000000003
2022-12-06,-43.19999999999993,81779.18237609878,83001.18237609878,-1222.0
2022-12-07,985.2,82764.38237609877,83001.18237609878,-236.8000000000029
2022-12-08,1285.2,84049.58237609877,84049.58237609877,0.0
2022-12-09,114.00000000000006,84163.58237609877,84163.58237609877,0.0
2022-12-12,285.6,84449.18237609878,84449.18237609878,0.0
2022-12-13,285.6,84734.78237609878,84734.78237609878,0.0
2022-12-14,-28.799999999999955,84705.98237609878,84734.78237609878,-28.80000000000291
2022-12-15,-334.39999999999884,84371.58237609878,84734.78237609878,-363.1999999999971
2022-12-16,-14.399999999999977,84357.18237609879,84734.78237609878,-377.59999999999127
2022-12-19,-171.59999999999997,84185.58237609878,84734.78237609878,-549.1999999999971
2022-12-20,-1178.8,83006.78237609878,84734.78237609878,-1728.0
2022-12-21,-157.2,82849.58237609878,84734.78237609878,-1885.199999999997
2022-12-22,428.40000000000003,83277.98237609878,84734.78237609878,-1456.800000000003
2022-12-23,142.8,83420.78237609878,84734.78237609878,-1314.0
2022-12-27,571.2000000000029,83991.98237609878,84734.78237609878,-742.8000000000029
2022-12-28,128.40000000000003,84120.38237609877,84734.78237609878,-614.4000000000087
2022-12-29,428.4000000000029,84548.78237609878,84734.78237609878,-186.0
2022-12-30,142.8,84691.58237609878,84734.78237609878,-43.19999999999709
2023-01-04,414.00000000000006,85105.58237609878,85105.58237609878,0.0
2023-01-05,271.20000000000005,85376.78237609878,85376.78237609878,0.0
2023-01-06,128.40000000000003,85505.18237609878,85505.18237609878,0.0
2023-01-10,-507.2,84997.98237609878,85505.18237609878,-507.1999999999971
2023-01-12,-314.4,84683.58237609878,85505.18237609878,-821.5999999999913
2023-01-13,-14.399999999999977,84669.18237609879,85505.18237609878,-835.9999999999854
2023-01-16,142.8,84811.9823760988,85505.18237609878,-693.1999999999825
2023-01-17,-188.8,84623.18237609879,85505.18237609878,-881.9999999999854
2023-01-18,116.79999999999998,84739.9823760988,85505.18237609878,-765.1999999999825
2023-01-19,-14.399999999999977,84725.5823760988,85505.18237609878,-779.5999999999767
2023-01-20,428.40000000000003,85153.9823760988,85505.18237609878,-351.19999999998254
2023-01-23,142.8,85296.7823760988,85505.18237609878,-208.39999999997963
2023-01-24,-14.399999999999977,85282.3823760988,85505.18237609878,-222.7999999999738
2023-01-25,442.80000000000285,85725.1823760988,85725.1823760988,0.0
2023-01-26,-14.399999999999977,85710.78237609881,85725.1823760988,-14.39999999999418
2023-01-27,414.00000000000006,86124.78237609881,86124.78237609881,0.0
2023-01-30,-157.2,85967.58237609881,86124.78237609881,-157.1999999999971
2023-01-31,128.40000000000003,86095.98237609881,86124.78237609881,-28.80000000000291
2023-02-01,571.2000000000029,86667.1823760988,86667.1823760988,0.0
2023-02-02,-171.59999999999997,86495.5823760988,86667.1823760988,-171.60000000000582
2023-02-03,856.8000000000001,87352.3823760988,87352.3823760988,0.0
2023-02-06,-185.99999999999994,87166.3823760988,87352.3823760988,-186.0
2023-02-07,-14.399999999999977,87151.98237609881,87352.3823760988,-200.39999999999418
2023-02-08,885.6000000000057,88037.58237609881,88037.58237609881,0.0
2023-02-14,442.80000000000285,88480.38237609882,88480.38237609882,0.0
2023-02-17,-171.59999999999997,88308.78237609881,88480.38237609882,-171.60000000000582
2023-02-21,-14.399999999999977,88294.38237609882,88480.38237609882,-186.0
2023-02-22,364.0,88658.38237609882,88658.38237609882,0.0
2023-02-23,-157.2,88501.18237609882,88658.38237609882,-157.1999999999971
2023-02-24,-28.799999999999955,88472.38237609882,88658.38237609882,-186.0
2023-02-27,285.6,88757.98237609882,88757.98237609882,0.0
2023-02-28,285.6,89043.58237609883,89043.58237609883,0.0
2023-03-02,145.6,89189.18237609883,89189.18237609883,0.0
2023-03-03,1135.200000000003,90324.38237609883,90324.38237609883,0.0
2023-03-06,142.8,90467.18237609883,90467.18237609883,0.0
2023-03-07,-28.799999999999955,90438.38237609883,90467.18237609883,-28.80000000000291
2023-03-08,885.6000000000057,91323.98237609884,91323.98237609884,0.0
2023-03-09,-687.1999999999927,90636.78237609884,91323.98237609884,-687.1999999999971
2023-03-10,-314.4,90322.38237609885,91323.98237609884,-1001.5999999999913
2023-03-13,271.20000000000005,90593.58237609884,91323.98237609884,-730.3999999999942
2023-03-14,699.6000000000001,91293.18237609885,91323.98237609884,-30.79999999998836
2023-03-15,385.2000000000001,91678.38237609885,91678.38237609885,0.0
2023-03-16,242.4000000000001,91920.78237609884,91920.78237609884,0.0
2023-03-17,-500.3999999999999,91420.38237609885,91920.78237609884,-500.3999999999942
2023-03-20,-818.7999999999976,90601.58237609884,91920.78237609884,-1319.199999999997
2023-03-21,601.2000000000097,91202.78237609885,91920.78237609884,-717.9999999999854
2023-03-22,271.20000000000005,91473.98237609885,91920.78237609884,-446.79999999998836
2023-03-23,-14.399999999999977,91459.58237609886,91920.78237609884,-461.19999999998254
2023-03-24,-314.4,91145.18237609886,91920.78237609884,-775.5999999999767
2023-03-28,-221.59999999999997,90923.58237609886,91920.78237609884,-997.1999999999825
2023-03-29,428.4000000000029,91351.98237609887,91920.78237609884,-568.7999999999738
2023-03-30,-157.2,91194.78237609887,91920.78237609884,-725.9999999999709
2023-03-31,428.4000000000029,91623.18237609888,91920.78237609884,-297.59999999996217
2023-04-03,-14.399999999999977,91608.78237609888,91920.78237609884,-311.99999999995634
2023-04-04,364.0,91972.78237609888,91972.78237609888,0.0
2023-04-05,-14.399999999999977,91958.38237609889,91972.78237609888,-14.39999999999418
2023-04-06,-101.60000000000001,91856.78237609888,91972.78237609888,-116.0
2023-04-10,1515.2,93371.98237609888,93371.98237609888,0.0
2023-04-11,-101.60000000000001,93270.38237609887,93371.98237609888,-101.60000000000582
2023-04-12,271.20000000000005,93541.58237609887,93541.58237609887,0.0
2023-04-13,-14.400000000000006,93527.18237609888,93541.58237609887,-14.39999999999418
2023-04-14,116.79999999999998,93643.98237609888,93643.98237609888,0.0
2023-04-17,-835.9999999999973,92807.98237609888,93643.98237609888,-836.0
2023-04-18,142.8,92950.78237609888,93643.98237609888,-693.1999999999971
2023-04-19,-1167.5999999999945,91783.18237609889,93643.98237609888,-1860.7999999999884
2023-04-20,291.2,92074.38237609889,93643.98237609888,-1569.5999999999913
2023-04-21,218.39999999999998,92292.78237609888,93643.98237609888,-1351.199999999997
2023-04-24,131.2,92423.98237609888,93643.98237609888,-1220.0
2023-04-25,501.20000000000283,92925.18237609888,93643.98237609888,-718.8000000000029
2023-04-26,131.2,93056.38237609887,93643.98237609888,-587.6000000000058
2023-04-27,585.6000000000029,93641.98237609888,93643.98237609888,-2.0
2023-04-28,-141.5999999999903,93500.38237609889,93643.98237609888,-143.59999999999127
2023-05-01,428.4000000000029,93928.7823760989,93928.7823760989,0.0
2023-05-02,-1021.6,92907.18237609889,93928.7823760989,-1021.6000000000058
2023-05-03,128.40000000000003,93035.58237609889,93928.7823760989,-893.2000000000116
2023-05-04,-28.799999999999955,93006.78237609888,93928.7823760989,-922.0000000000146
2023-05-05,142.8,93149.58237609889,93928.7823760989,-779.2000000000116
2023-05-08,-157.2,92992.38237609889,93928.7823760989,-936.4000000000087
2023-05-09,556.8000000000058,93549.18237609889,93928.7823760989,-379.6000000000058
2023-05-10,571.2000000000029,94120.38237609889,94120.38237609889,0.0
2023-05-11,-14.399999999999977,94105.9823760989,94120.38237609889,-14.39999999999418
2023-05-12,-781.6000000000051,93324.38237609889,94120.38237609889,-796.0
2023-05-15,-157.2,93167.18237609889,94120.38237609889,-953.1999999999971
2023-05-16,142.8,93309.9823760989,94120.38237609889,-810.3999999999942
2023-05-17,258.400000000004,93568.3823760989,94120.38237609889,-551.9999999999854
2023-05-19,-408.8000000000126,93159.58237609889,94120.38237609889,-960.8000000000029
2023-05-22,128.40000000000003,93287.98237609888,94120.38237609889,-832.4000000000087
2023-05-23,142.8,93430.78237609888,94120.38237609889,-689.6000000000058
2023-05-24,285.6,93716.38237609889,94120.38237609889,-404.0
2023-05-25,276.79999999999995,93993.18237609889,94120.38237609889,-127.19999999999709
2023-05-29,-87.2,93905.9823760989,94120.38237609889,-214.39999999999418
2023-05-30,509.59999999999997,94415.5823760989,94415.5823760989,0.0
2023-05-31,-14.399999999999977,94401.1823760989,94415.5823760989,-14.39999999999418
2023-06-01,571.2,94972.3823760989,94972.3823760989,0.0
2023-06-05,142.8,95115.1823760989,95115.1823760989,0.0
2023-06-07,728.4000000000028,95843.58237609892,95843.58237609892,0.0
2023-06-08,76.79999999999313,95920.3823760989,95920.3823760989,0.0
2023-06-09,-314.4,95605.98237609891,95920.3823760989,-314.3999999999942
2023-06-12,128.40000000000003,95734.3823760989,95920.3823760989,-186.0
2023-06-13,-157.2,95577.1823760989,95920.3823760989,-343.1999999999971
2023-06-14,128.40000000000003,95705.5823760989,95920.3823760989,-214.8000000000029
2023-06-20,145.6,95851.1823760989,95920.3823760989,-69.19999999999709
2023-06-21,-14.399999999999977,95836.78237609891,95920.3823760989,-83.59999999999127
2023-06-22,428.4000000000029,96265.18237609892,96265.18237609892,0.0
2023-06-23,128.40000000000003,96393.58237609892,96393.58237609892,0.0
2023-06-26,142.8,96536.38237609892,96536.38237609892,0.0
2023-06-27,-14.399999999999977,96521.98237609892,96536.38237609892,-14.39999999999418
2023-06-28,128.40000000000003,96650.38237609892,96650.38237609892,0.0
2023-06-29,728.4000000000028,97378.78237609893,97378.78237609893,0.0
2023-06-30,442.80000000000285,97821.58237609893,97821.58237609893,0.0
2023-07-03,-14.399999999999977,97807.18237609894,97821.58237609893,-14.39999999999418
2023-07-04,142.8,97949.98237609894,97949.98237609894,0.0
2023-07-06,291.2,98241.18237609894,98241.18237609894,0.0
2023-07-07,-584.8027465820286,97656.3796295169,98241.18237609894,-584.8027465820342
2023-07-10,-471.59999999999997,97184.7796295169,98241.18237609894,-1056.40274658204
2023-07-11,218.39999999999998,97403.17962951689,98241.18237609894,-838.0027465820458
2023-07-12,-14.399999999999977,97388.7796295169,98241.18237609894,-852.40274658204
2023-07-13,128.40000000000003,97517.17962951689,98241.18237609894,-724.0027465820458
2023-07-14,-214.39999999999714,97302.7796295169,98241.18237609894,-938.40274658204
2023-07-17,-14.400000000000006,97288.3796295169,98241.18237609894,-952.8027465820342
2023-07-18,-28.80000000000001,97259.5796295169,98241.18237609894,-981.6027465820371
2023-07-19,501.2000000000029,97760.7796295169,98241.18237609894,-480.40274658204
2023-07-20,428.4000000000029,98189.1796295169,98241.18237609894,-52.00274658203125
2023-07-21,128.40000000000003,98317.5796295169,98317.5796295169,0.0
2023-07-24,116.79999999999998,98434.3796295169,98434.3796295169,0.0
2023-07-25,285.6,98719.9796295169,98719.9796295169,0.0
2023-07-26,-157.2,98562.77962951691,98719.9796295169,-157.1999999999971
2023-07-27,-171.59999999999997,98391.1796295169,98719.9796295169,-328.8000000000029
2023-07-28,58.39999999999999,98449.5796295169,98719.9796295169,-270.40000000000873
2023-07-31,-14.399999999999977,98435.1796295169,98719.9796295169,-284.8000000000029
2023-08-01,145.6,98580.77962951691,98719.9796295169,-139.1999999999971
2023-08-02,-43.20000000000002,98537.57962951691,98719.9796295169,-182.39999999999418
2023-08-04,-108.79999999999258,98428.77962951692,98719.9796295169,-291.19999999998254
2023-08-08,-14.399999999999977,98414.37962951693,98719.9796295169,-305.5999999999767
2023-08-09,271.20000000000005,98685.57962951693,98719.9796295169,-34.39999999997963
2023-08-10,285.6,98971.17962951693,98971.17962951693,0.0
2023-08-11,142.8,99113.97962951694,99113.97962951694,0.0
2023-08-14,285.6,99399.57962951694,99399.57962951694,0.0
2023-08-15,285.6,99685.17962951695,99685.17962951695,0.0
2023-08-16,-101.60000000000001,99583.57962951694,99685.17962951695,-101.60000000000582
2023-08-17,58.39999999999999,99641.97962951694,99685.17962951695,-43.20000000001164
2023-08-18,661.2000000000028,100303.17962951693,100303.17962951693,0.0
2023-08-21,58.39999999999999,100361.57962951693,100361.57962951693,0.0
2023-08-23,116.79999999999998,100478.37962951693,100478.37962951693,0.0
2023-08-24,-116.00000000000001,100362.37962951693,100478.37962951693,-116.0
2023-08-25,1385.2,101747.57962951693,101747.57962951693,0.0
2023-08-29,-171.59999999999997,101575.97962951692,101747.57962951693,-171.60000000000582
2023-08-30,-14.399999999999977,101561.57962951693,101747.57962951693,-186.0
2023-08-31,-14.399999999999977,101547.17962951693,101747.57962951693,-200.39999999999418
2023-09-01,-14.399999999999977,101532.77962951694,101747.57962951693,-214.79999999998836
2023-09-04,72.8,101605.57962951694,101747.57962951693,-141.99999999998545
2023-09-05,364.0,101969.57962951694,101969.57962951694,0.0
2023-09-06,131.2,102100.77962951694,102100.77962951694,0.0
2023-09-07,145.6,102246.37962951694,102246.37962951694,0.0
2023-09-08,58.39999999999999,102304.77962951694,102304.77962951694,0.0
2023-09-11,-157.2,102147.57962951694,102304.77962951694,-157.1999999999971
2023-09-12,-171.59999999999997,101975.97962951694,102304.77962951694,-328.8000000000029
2023-09-13,218.39999999999998,102194.37962951693,102304.77962951694,-110.40000000000873
2023-09-14,-87.2,102107.17962951693,102304.77962951694,-197.60000000000582
2023-09-15,43.999999999999986,102151.17962951693,102304.77962951694,-153.60000000000582
2023-09-18,-101.60000000000001,102049.57962951693,102304.77962951694,-255.20000000001164
2023-09-19,-43.20000000000002,102006.37962951693,102304.77962951694,-298.40000000000873
2023-09-20,-530.3999999999972,101475.97962951694,102304.77962951694,-828.8000000000029
2023-09-21,142.8,101618.77962951694,102304.77962951694,-686.0
2023-09-22,428.40000000000003,102047.17962951693,102304.77962951694,-257.6000000000058
2023-09-25,-157.2,101889.97962951694,102304.77962951694,-414.8000000000029
2023-09-26,142.8,102032.77962951694,102304.77962951694,-272.0
2023-09-27,399.6000000000001,102432.37962951694,102432.37962951694,0.0
2023-09-28,-171.59999999999997,102260.77962951694,102432.37962951694,-171.60000000000582
2023-09-29,-171.59999999999997,102089.17962951693,102432.37962951694,-343.20000000001164
2023-10-02,442.80000000000285,102531.97962951694,102531.97962951694,0.0
2023-10-03,271.20000000000005,102803.17962951693,102803.17962951693,0.0
2023-10-04,-171.59999999999997,102631.57962951693,102803.17962951693,-171.60000000000582
2023-10-05,114.00000000000006,102745.57962951693,102803.17962951693,-57.60000000000582
2023-10-06,428.40000000000003,103173.97962951692,103173.97962951692,0.0
2023-10-09,-157.2,103016.77962951692,103173.97962951692,-157.1999999999971
2023-10-10,-14.399999999999977,103002.37962951693,103173.97962951692,-171.59999999999127
2023-10-11,1014.0000000000057,104016.37962951693,104016.37962951693,0.0
2023-10-12,-154.40000000000907,103861.97962951692,104016.37962951693,-154.40000000000873
2023-10-13,-157.2,103704.77962951692,104016.37962951693,-311.6000000000058
2023-10-16,-171.59999999999997,103533.17962951692,104016.37962951693,-483.20000000001164
2023-10-17,-171.59999999999997,103361.57962951691,104016.37962951693,-654.8000000000175
2023-10-18,-14.399999999999977,103347.17962951692,104016.37962951693,-669.2000000000116
2023-10-19,-471.59999999999997,102875.57962951691,104016.37962951693,-1140.8000000000175
2023-10-20,-171.59999999999997,102703.9796295169,104016.37962951693,-1312.4000000000233
2023-10-23,-28.799999999999955,102675.1796295169,104016.37962951693,-1341.2000000000262
2023-10-24,556.8000000000001,103231.9796295169,104016.37962951693,-784.4000000000233
2023-10-25,556.8000000000001,103788.77962951691,104016.37962951693,-227.60000000002037
2023-10-26,-14.399999999999977,103774.37962951692,104016.37962951693,-242.00000000001455
2023-10-27,256.80000000000007,104031.17962951692,104031.17962951692,0.0
2023-10-30,-171.59999999999997,103859.57962951691,104031.17962951692,-171.60000000000582
2023-10-31,285.6,104145.17962951692,104145.17962951692,0.0
2023-11-01,-395.9999999999966,103749.17962951692,104145.17962951692,-396.0
2023-11-02,128.40000000000003,103877.57962951691,104145.17962951692,-267.6000000000058
2023-11-06,175.60000000000628,104053.17962951692,104145.17962951692,-92.0
2023-11-07,-14.399999999999977,104038.77962951692,104145.17962951692,-106.39999999999418
2023-11-08,128.40000000000003,104167.17962951692,104167.17962951692,0.0
2023-11-09,-314.4,103852.77962951692,104167.17962951692,-314.3999999999942
2023-11-10,142.8,103995.57962951693,104167.17962951692,-171.59999999999127
2023-11-13,142.8,104138.37962951693,104167.17962951692,-28.79999999998836
2023-11-14,871.2000000000029,105009.57962951693,105009.57962951693,0.0
2023-11-15,-14.399999999999977,104995.17962951693,105009.57962951693,-14.39999999999418
2023-11-16,792.4000000000028,105787.57962951694,105787.57962951694,0.0
2023-11-17,-171.59999999999997,105615.97962951694,105787.57962951694,-171.60000000000582
2023-11-20,-157.2,105458.77962951694,105787.57962951694,-328.8000000000029
2023-11-21,142.8,105601.57962951694,105787.57962951694,-186.0
2023-11-22,-471.59999999999997,105129.97962951694,105787.57962951694,-657.6000000000058
2023-11-24,428.40000000000003,105558.37962951693,105787.57962951694,-229.20000000001164
2023-11-27,-171.59999999999997,105386.77962951692,105787.57962951694,-400.80000000001746
2023-11-28,-157.2,105229.57962951693,105787.57962951694,-558.0000000000146
2023-11-29,285.6,105515.17962951693,105787.57962951694,-272.40000000000873
2023-11-30,1442.4000000000058,106957.57962951694,106957.57962951694,0.0
2023-12-01,-227.19999999999885,106730.37962951694,106957.57962951694,-227.1999999999971
2023-12-04,428.40000000000003,107158.77962951694,107158.77962951694,0.0
2023-12-05,285.6,107444.37962951694,107444.37962951694,0.0
2023-12-06,-14.399999999999977,107429.97962951695,107444.37962951694,-14.39999999999418
2023-12-07,-28.799999999999955,107401.17962951695,107444.37962951694,-43.19999999999709
2023-12-08,-157.2,107243.97962951695,107444.37962951694,-200.39999999999418
2023-12-11,142.8,107386.77962951695,107444.37962951694,-57.59999999999127
2023-12-12,285.6,107672.37962951696,107672.37962951696,0.0
2023-12-13,-314.4,107357.97962951697,107672.37962951696,-314.3999999999942
2023-12-14,145.6,107503.57962951697,107672.37962951696,-168.79999999998836
2023-12-15,364.0,107867.57962951697,107867.57962951697,0.0
2023-12-18,254.00000000000284,108121.57962951697,108121.57962951697,0.0
2023-12-19,218.39999999999998,108339.97962951697,108339.97962951697,0.0
2023-12-20,-28.80000000000001,108311.17962951696,108339.97962951697,-28.80000000000291
2023-12-21,-14.399999999999977,108296.77962951697,108339.97962951697,-43.19999999999709
2023-12-22,142.8,108439.57962951697,108439.57962951697,0.0
2023-12-26,-157.2,108282.37962951697,108439.57962951697,-157.1999999999971
2023-12-27,58.39999999999999,108340.77962951697,108439.57962951697,-98.80000000000291
2023-12-28,509.59999999999997,108850.37962951697,108850.37962951697,0.0
2023-12-29,-188.8,108661.57962951697,108850.37962951697,-188.8000000000029
2024-01-03,-157.2,108504.37962951697,108850.37962951697,-346.0
2024-01-08,285.6,108789.97962951698,108850.37962951697,-60.39999999999418
2024-01-12,271.2000000000029,109061.17962951698,109061.17962951698,0.0
2024-01-17,-314.4,108746.77962951698,109061.17962951698,-314.3999999999942
2024-01-19,-14.399999999999977,108732.37962951699,109061.17962951698,-328.79999999998836
2024-01-22,291.2,109023.57962951699,109061.17962951698,-37.59999999999127
2024-01-23,142.8,109166.37962951699,109166.37962951699,0.0
2024-01-24,-314.4,108851.979629517,109166.37962951699,-314.3999999999942
2024-01-25,-157.2,108694.779629517,109166.37962951699,-471.59999999999127
2024-01-26,428.40000000000003,109123.17962951699,109166.37962951699,-43.19999999999709
2024-01-29,-14.399999999999977,109108.779629517,109166.37962951699,-57.59999999999127
2024-01-30,285.60000000000286,109394.379629517,109394.379629517,0.0
2024-01-31,-157.2,109237.179629517,109394.379629517,-157.1999999999971
2024-02-01,-28.799999999999955,109208.379629517,109394.379629517,-186.0
2024-02-02,311.1999999999978,109519.579629517,109519.579629517,0.0
2024-02-05,-14.399999999999977,109505.179629517,109519.579629517,-14.39999999999418
2024-02-06,-14.399999999999977,109490.77962951701,109519.579629517,-28.79999999998836
2024-02-07,128.40000000000288,109619.17962951702,109619.17962951702,0.0
2024-02-09,291.2,109910.37962951702,109910.37962951702,0.0
2024-02-12,-14.400000000000006,109895.97962951702,109910.37962951702,-14.39999999999418
2024-02-13,-43.20000000000002,109852.77962951703,109910.37962951702,-57.59999999999127
2024-02-14,-116.00000000000001,109736.77962951703,109910.37962951702,-173.59999999999127
2024-02-15,428.40000000000003,110165.17962951702,110165.17962951702,0.0
2024-02-16,-14.399999999999977,110150.77962951703,110165.17962951702,-14.39999999999418
2024-02-20,-515.9999999999973,109634.77962951703,110165.17962951702,-530.3999999999942
2024-02-21,131.2,109765.97962951702,110165.17962951702,-399.1999999999971
2024-02-22,291.2,110057.17962951702,110165.17962951702,-108.0
2024-02-23,462.4003051757813,110519.5799346928,110519.5799346928,0.0
2024-02-26,58.39999999999999,110577.97993469279,110577.97993469279,0.0
2024-02-27,142.8,110720.7799346928,110720.7799346928,0.0
2024-02-28,145.6,110866.3799346928,110866.3799346928,0.0
2024-02-29,142.8,111009.1799346928,111009.1799346928,0.0
2024-03-01,364.0,111373.1799346928,111373.1799346928,0.0
2024-03-04,291.2,111664.3799346928,111664.3799346928,0.0
2024-03-06,142.8,111807.1799346928,111807.1799346928,0.0
2024-03-07,-244.39999999999827,111562.77993469281,111807.1799346928,-244.39999999999418
2024-03-11,-14.399999999999977,111548.37993469281,111807.1799346928,-258.79999999998836
2024-03-12,-14.399999999999977,111533.97993469282,111807.1799346928,-273.19999999998254
2024-03-13,-103.19999999999723,111430.77993469282,111807.1799346928,-376.3999999999796
2024-03-14,171.19999999999374,111601.97993469282,111807.1799346928,-205.19999999998254
2024-03-15,-14.400000000000006,111587.57993469283,111807.1799346928,-219.59999999997672
2024-03-18,-190.3999999999972,111397.17993469283,111807.1799346928,-409.9999999999709
2024-03-19,58.39999999999999,111455.57993469283,111807.1799346928,-351.5999999999767
2024-03-20,-101.60000000000001,111353.97993469282,111807.1799346928,-453.19999999998254
2024-03-21,-101.60000000000001,111252.37993469281,111807.1799346928,-554.7999999999884
2024-03-22,145.6,111397.97993469282,111807.1799346928,-409.19999999998254
2024-03-25,569.6030517578125,111967.58298645064,111967.58298645064,0.0
2024-03-26,-101.60000000000001,111865.98298645063,111967.58298645064,-101.60000000000582
2024-03-27,-14.400000000000006,111851.58298645064,111967.58298645064,-116.0
2024-03-28,218.39999999999998,112069.98298645063,112069.98298645063,0.0
2024-04-01,-28.80000000000001,112041.18298645063,112069.98298645063,-28.80000000000291
2024-04-02,145.6,112186.78298645063,112186.78298645063,0.0
2024-04-04,72.8,112259.58298645064,112259.58298645064,0.0
2024-04-05,204.0,112463.58298645064,112463.58298645064,0.0
2024-04-08,276.79999999999995,112740.38298645064,112740.38298645064,0.0
2024-04-09,-28.80000000000001,112711.58298645064,112740.38298645064,-28.80000000000291
2024-04-10,291.2,113002.78298645063,113002.78298645063,0.0
2024-04-11,131.2,113133.98298645063,113133.98298645063,0.0
2024-04-12,43.999999999999986,113177.98298645063,113177.98298645063,0.0
2024-04-15,285.6,113463.58298645064,113463.58298645064,0.0
2024-04-16,78.40305175781253,113541.98603820844,113541.98603820844,0.0
2024-04-17,-753.1999999999972,112788.78603820845,113541.98603820844,-753.1999999999971
2024-04-18,142.8,112931.58603820845,113541.98603820844,-610.3999999999942
2024-04-19,285.60000000000286,113217.18603820846,113541.98603820844,-324.79999999998836
2024-04-22,-314.4,112902.78603820846,113541.98603820844,-639.1999999999825
2024-04-23,-157.2,112745.58603820846,113541.98603820844,-796.3999999999796
2024-04-24,585.6000000000029,113331.18603820847,113541.98603820844,-210.7999999999738
2024-04-25,285.60000000000286,113616.78603820848,113616.78603820848,0.0
2024-04-26,585.6000000000029,114202.38603820848,114202.38603820848,0.0
2024-04-29,-261.6,113940.78603820848,114202.38603820848,-261.6000000000058
2024-04-30,-348.8,113591.98603820847,114202.38603820848,-610.4000000000087
2024-05-01,-43.20000000000002,113548.78603820848,114202.38603820848,-653.6000000000058
2024-05-02,-14.399999999999977,113534.38603820848,114202.38603820848,-668.0
2024-05-03,-171.59999999999997,113362.78603820848,114202.38603820848,-839.6000000000058
2024-05-06,142.8,113505.58603820848,114202.38603820848,-696.8000000000029
2024-05-07,-14.399999999999977,113491.18603820849,114202.38603820848,-711.1999999999971
2024-05-08,218.39999999999998,113709.58603820848,114202.38603820848,-492.8000000000029
2024-05-09,58.39999999999999,113767.98603820847,114202.38603820848,-434.40000000000873
2024-05-10,786.8000000000001,114554.78603820848,114554.78603820848,0.0
2024-05-13,-14.400000000000006,114540.38603820848,114554.78603820848,-14.39999999999418
2024-05-14,58.39999999999999,114598.78603820848,114598.78603820848,0.0
2024-05-15,-116.00000000000001,114482.78603820848,114598.78603820848,-116.0
2024-05-16,145.6,114628.38603820848,114628.38603820848,0.0
2024-05-17,145.6,114773.98603820849,114773.98603820849,0.0
2024-05-20,58.39999999999999,114832.38603820848,114832.38603820848,0.0
2024-05-21,1645.1954223632813,116477.58146057176,116477.58146057176,0.0
2024-05-22,145.6,116623.18146057177,116623.18146057177,0.0
2024-05-23,291.2,116914.38146057176,116914.38146057176,0.0
2024-05-24,-14.400000000000006,116899.98146057177,116914.38146057176,-14.39999999999418
2024-05-27,72.8,116972.78146057177,116972.78146057177,0.0
2024-05-28,58.39999999999999,117031.18146057177,117031.18146057177,0.0
2024-05-29,218.39999999999998,117249.58146057176,117249.58146057176,0.0
2024-05-30,43.999999999999986,117293.58146057176,117293.58146057176,0.0
2024-05-31,-101.60000000000001,117191.98146057175,117293.58146057176,-101.60000000000582
2024-06-03,204.0,117395.98146057175,117395.98146057175,0.0
2024-06-04,142.8,117538.78146057176,117538.78146057176,0.0
2024-06-05,-14.399999999999977,117524.38146057176,117538.78146057176,-14.39999999999418
2024-06-06,142.8,117667.18146057177,117667.18146057177,0.0
2024-06-10,-635.9999999999972,117031.18146057177,117667.18146057177,-636.0
2024-06-11,145.6,117176.78146057177,117667.18146057177,-490.3999999999942
2024-06-12,-661.5999999999972,116515.18146057178,117667.18146057177,-1151.9999999999854
2024-06-13,161.2064086914063,116676.38786926318,117667.18146057177,-990.7935913085821
2024-06-14,-101.60000000000001,116574.78786926318,117667.18146057177,-1092.393591308588
2024-06-18,-87.2,116487.58786926318,117667.18146057177,-1179.593591308585
2024-06-19,-87.2,116400.38786926318,117667.18146057177,-1266.793591308582
2024-06-20,-87.2,116313.18786926319,117667.18146057177,-1353.9935913085792
2024-06-21,145.6,116458.7878692632,117667.18146057177,-1208.3935913085734
2024-06-24,145.6,116604.3878692632,117667.18146057177,-1062.7935913085676
2024-06-25,-174.4,116429.9878692632,117667.18146057177,-1237.1935913085617
2024-06-26,58.39999999999999,116488.3878692632,117667.18146057177,-1178.7935913085676
2024-06-27,145.6,116633.9878692632,117667.18146057177,-1033.1935913085617
2024-06-28,72.8,116706.78786926321,117667.18146057177,-960.3935913085588
2024-07-02,-101.60000000000001,116605.1878692632,117667.18146057177,-1061.9935913085646
2024-07-03,145.6,116750.78786926321,117667.18146057177,-916.3935913085588
2024-07-05,58.39999999999999,116809.1878692632,117667.18146057177,-857.9935913085646
2024-07-08,-174.4,116634.78786926321,117667.18146057177,-1032.3935913085588
2024-07-09,58.39999999999999,116693.1878692632,117667.18146057177,-973.9935913085646
2024-07-10,58.39999999999999,116751.5878692632,117667.18146057177,-915.5935913085705
2024-07-11,-28.80000000000001,116722.7878692632,117667.18146057177,-944.3935913085734
2024-07-12,-28.80000000000001,116693.98786926319,117667.18146057177,-973.1935913085763
2024-07-16,58.39999999999999,116752.38786926318,117667.18146057177,-914.7935913085821
2024-07-17,72.8,116825.18786926319,117667.18146057177,-841.9935913085792
2024-07-18,-28.80000000000001,116796.38786926318,117667.18146057177,-870.7935913085821
2024-07-19,276.79999999999995,117073.18786926319,117667.18146057177,-593.9935913085792
2024-07-22,-14.400000000000006,117058.7878692632,117667.18146057177,-608.3935913085734
2024-07-23,-948.8000000000001,116109.98786926319,117667.18146057177,-1557.1935913085763
2024-07-24,218.39999999999998,116328.38786926318,117667.18146057177,-1338.793591308582
2024-07-25,-520.3999999999971,115807.98786926319,117667.18146057177,-1859.1935913085763
2024-07-26,285.6,116093.5878692632,117667.18146057177,-1573.5935913085705
2024-07-30,142.8,116236.3878692632,117667.18146057177,-1430.7935913085676
2024-08-01,-157.2,116079.1878692632,117667.18146057177,-1587.9935913085646
2024-08-02,-28.799999999999955,116050.3878692632,117667.18146057177,-1616.7935913085676
2024-08-05,128.40000000000003,116178.7878692632,117667.18146057177,-1488.3935913085734
2024-08-06,-14.399999999999977,116164.3878692632,117667.18146057177,-1502.7935913085676
2024-08-07,-157.2,116007.1878692632,117667.18146057177,-1659.9935913085646
2024-08-08,105.59999999999887,116112.78786926321,117667.18146057177,-1554.3935913085588
2024-08-09,142.8,116255.58786926321,117667.18146057177,-1411.593591308556
2024-08-12,-158.79999999999717,116096.78786926321,117667.18146057177,-1570.3935913085588
2024-08-13,142.8,116239.58786926321,117667.18146057177,-1427.593591308556
2024-08-15,285.6,116525.18786926322,117667.18146057177,-1141.99359130855
2024-08-19,509.59999999999997,117034.78786926322,117667.18146057177,-632.3935913085443
2024-08-20,-171.59999999999997,116863.18786926322,117667.18146057177,-803.9935913085501
2024-08-21,-43.20000000000002,116819.98786926322,117667.18146057177,-847.1935913085472
2024-08-22,-157.2,116662.78786926322,117667.18146057177,-1004.3935913085443
2024-08-23,142.8,116805.58786926323,117667.18146057177,-861.5935913085414
2024-08-27,-135.99999999999773,116669.58786926323,117667.18146057177,-997.5935913085414
2024-08-28,-14.400000000000006,116655.18786926323,117667.18146057177,-1011.9935913085355
2024-08-29,131.2,116786.38786926323,117667.18146057177,-880.7935913085385
2024-08-30,-14.400000000000006,116771.98786926323,117667.18146057177,-895.1935913085326
2024-09-03,128.40000000000003,116900.38786926323,117667.18146057177,-766.7935913085385
2024-09-04,-14.399999999999977,116885.98786926323,117667.18146057177,-781.1935913085326
2024-09-05,-14.399999999999977,116871.58786926324,117667.18146057177,-795.5935913085268
2024-09-06,-43.19999999999993,116828.38786926324,117667.18146057177,-838.7935913085239
2024-09-09,128.40000000000003,116956.78786926324,117667.18146057177,-710.3935913085297
2024-09-10,256.80000000000007,117213.58786926324,117667.18146057177,-453.5935913085268
2024-09-11,414.00000000000006,117627.58786926324,117667.18146057177,-39.59359130852681
2024-09-12,128.40000000000003,117755.98786926323,117755.98786926323,0.0
2024-09-13,142.8,117898.78786926324,117898.78786926324,0.0
2024-09-16,-14.399999999999977,117884.38786926324,117898.78786926324,-14.39999999999418
2024-09-17,142.8,118027.18786926325,118027.18786926325,0.0
2024-09-18,285.6,118312.78786926325,118312.78786926325,0.0
2024-09-19,-157.2,118155.58786926325,118312.78786926325,-157.1999999999971
2024-09-20,-14.400000000000006,118141.18786926326,118312.78786926325,-171.59999999999127
2024-09-23,1185.2,119326.38786926326,119326.38786926326,0.0
2024-09-25,43.999999999999986,119370.38786926326,119370.38786926326,0.0
2024-09-26,428.40000000000003,119798.78786926325,119798.78786926325,0.0
2024-09-27,-14.399999999999977,119784.38786926326,119798.78786926325,-14.39999999999418
2024-09-30,-1164.4,118619.98786926326,119798.78786926325,-1178.7999999999884
2024-10-01,571.2,119191.18786926326,119798.78786926325,-607.5999999999913
2024-10-02,-14.399999999999977,119176.78786926327,119798.78786926325,-621.9999999999854
2024-10-03,128.40000000000003,119305.18786926326,119798.78786926325,-493.59999999999127
2024-10-04,-171.59999999999997,119133.58786926325,119798.78786926325,-665.1999999999971
2024-10-07,271.20000000000005,119404.78786926325,119798.78786926325,-394.0
2024-10-08,271.20000000000005,119675.98786926325,119798.78786926325,-122.80000000000291
2024-10-09,-171.59999999999997,119504.38786926324,119798.78786926325,-294.40000000000873
2024-10-10,128.40000000000003,119632.78786926324,119798.78786926325,-166.00000000001455
2024-10-11,142.8,119775.58786926324,119798.78786926325,-23.20000000001164
2024-10-14,285.6,120061.18786926325,120061.18786926325,0.0
2024-10-15,1028.4000000000058,121089.58786926325,121089.58786926325,0.0
2024-10-16,285.60000000000286,121375.18786926326,121375.18786926326,0.0
2024-10-17,131.2,121506.38786926326,121506.38786926326,0.0
2024-10-18,145.6,121651.98786926326,121651.98786926326,0.0
2024-10-22,442.80000000000285,122094.78786926327,122094.78786926327,0.0
2024-10-23,-87.1999999999983,122007.58786926327,122094.78786926327,-87.19999999999709
2024-10-28,-14.400000000000006,121993.18786926327,122094.78786926327,-101.59999999999127
2024-10-29,204.0,122197.18786926327,122197.18786926327,0.0
2024-10-30,131.2,122328.38786926327,122328.38786926327,0.0
2024-10-31,-101.60000000000001,122226.78786926327,122328.38786926327,-101.60000000000582
2024-11-05,-14.400000000000006,122212.38786926327,122328.38786926327,-116.0
2024-11-06,1175.2,123387.58786926327,123387.58786926327,0.0
2024-11-07,-14.399999999999977,123373.18786926327,123387.58786926327,-14.39999999999418
2024-11-08,-157.2,123215.98786926328,123387.58786926327,-171.59999999999127
2024-11-11,-157.2,123058.78786926328,123387.58786926327,-328.79999999998836
2024-11-12,185.59999999999718,123244.38786926327,123387.58786926327,-143.1999999999971
2024-11-13,142.8,123387.18786926327,123387.58786926327,-0.39999999999417923
2024-11-15,131.2,123518.38786926327,123518.38786926327,0.0
2024-11-18,58.39999999999999,123576.78786926327,123576.78786926327,0.0
2024-11-19,285.6,123862.38786926327,123862.38786926327,0.0
2024-11-20,-328.79999999999717,123533.58786926327,123862.38786926327,-328.8000000000029
2024-11-21,-458.79847412109376,123074.78939514217,123862.38786926327,-787.5984741210996
2024-11-22,131.2,123205.98939514217,123862.38786926327,-656.3984741211025
2024-11-25,-28.80000000000001,123177.18939514217,123862.38786926327,-685.1984741211054
2024-11-28,242.8,123419.98939514217,123862.38786926327,-442.3984741211025
2024-11-29,698.4012207031251,124118.39061584529,124118.39061584529,0.0
2024-12-03,1196.7978637695312,125315.18847961482,125315.18847961482,0.0
2024-12-04,-101.60000000000001,125213.58847961482,125315.18847961482,-101.60000000000582
2024-12-06,72.8,125286.38847961482,125315.18847961482,-28.80000000000291
2024-12-11,-748.7999999999972,124537.58847961482,125315.18847961482,-777.6000000000058
2024-12-12,72.8,124610.38847961482,125315.18847961482,-704.8000000000029
2024-12-13,72.8,124683.18847961482,125315.18847961482,-632.0
2024-12-26,-87.2,124595.98847961483,125315.18847961482,-719.1999999999971
2024-12-30,72.8,124668.78847961483,125315.18847961482,-646.3999999999942
2024-12-31,-87.2,124581.58847961483,125315.18847961482,-733.5999999999913
2025-01-02,72.8,124654.38847961483,125315.18847961482,-660.7999999999884
2025-01-03,-87.2,124567.18847961484,125315.18847961482,-747.9999999999854
2025-01-06,58.39999999999999,124625.58847961483,125315.18847961482,-689.5999999999913
2025-01-07,72.8,124698.38847961483,125315.18847961482,-616.7999999999884
2025-01-08,58.39999999999999,124756.78847961483,125315.18847961482,-558.3999999999942
2025-01-09,42.79999999999716,124799.58847961483,125315.18847961482,-515.5999999999913
2025-01-10,436.79999999999995,125236.38847961483,125315.18847961482,-78.79999999998836
2025-01-13,58.39999999999999,125294.78847961483,125315.18847961482,-20.39999999999418
2025-01-14,218.39999999999998,125513.18847961482,125513.18847961482,0.0
2025-01-15,-43.19999999999993,125469.98847961483,125513.18847961482,-43.19999999999709
2025-01-16,142.8,125612.78847961483,125612.78847961483,0.0
2025-01-20,585.6000000000029,126198.38847961483,126198.38847961483,0.0
2025-01-21,-31.6000000000017,126166.78847961483,126198.38847961483,-31.60000000000582
2025-01-22,58.39999999999999,126225.18847961482,126225.18847961482,0.0
2025-01-23,58.39999999999999,126283.58847961482,126283.58847961482,0.0
2025-01-24,58.39999999999999,126341.98847961481,126341.98847961481,0.0
2025-01-27,945.2021362304689,127287.19061584528,127287.19061584528,0.0
2025-01-28,131.2,127418.39061584527,127418.39061584527,0.0
2025-01-29,-87.2,127331.19061584528,127418.39061584527,-87.19999999999709
2025-01-31,795.2000000000029,128126.39061584527,128126.39061584527,0.0
2025-02-03,-171.59999999999997,127954.79061584527,128126.39061584527,-171.60000000000582
2025-02-04,285.6,128240.39061584527,128240.39061584527,0.0
2025-02-05,68.40000000000343,128308.79061584528,128308.79061584528,0.0
2025-02-06,285.6,128594.39061584529,128594.39061584529,0.0
2025-02-10,142.8,128737.19061584529,128737.19061584529,0.0
2025-02-11,72.8,128809.9906158453,128809.9906158453,0.0
2025-02-13,-174.4,128635.5906158453,128809.9906158453,-174.39999999999418
2025-02-14,145.6,128781.1906158453,128809.9906158453,-28.79999999998836
2025-02-17,-87.2,128693.99061584531,128809.9906158453,-115.99999999998545
2025-02-18,145.6,128839.59061584531,128839.59061584531,0.0
2025-02-19,72.8,128912.39061584532,128912.39061584532,0.0
2025-02-20,218.39999999999998,129130.79061584531,129130.79061584531,0.0
2025-02-21,-101.60000000000001,129029.1906158453,129130.79061584531,-101.60000000000582
2025-02-24,-14.400000000000006,129014.79061584531,129130.79061584531,-116.0
2025-02-25,218.39999999999998,129233.1906158453,129233.1906158453,0.0
2025-02-26,-14.400000000000006,129218.79061584531,129233.1906158453,-14.39999999999418
2025-02-28,-101.60000000000001,129117.1906158453,129233.1906158453,-116.0
2025-03-03,1675.2,130792.3906158453,130792.3906158453,0.0
2025-03-04,131.2,130923.5906158453,130923.5906158453,0.0
2025-03-05,-101.60000000000001,130821.9906158453,130923.5906158453,-101.60000000000582
2025-03-06,128.40000000000003,130950.39061584529,130950.39061584529,0.0
2025-03-07,142.8,131093.1906158453,131093.1906158453,0.0
2025-03-12,145.6,131238.7906158453,131238.7906158453,0.0
2025-03-13,131.2,131369.9906158453,131369.9906158453,0.0
2025-03-14,58.39999999999999,131428.3906158453,131428.3906158453,0.0
2025-03-17,72.8,131501.1906158453,131501.1906158453,0.0
2025-03-18,291.2,131792.3906158453,131792.3906158453,0.0
2025-03-19,-14.400000000000006,131777.9906158453,131792.3906158453,-14.39999999999418
2025-03-20,-101.60000000000001,131676.3906158453,131792.3906158453,-116.0
2025-03-21,-14.400000000000006,131661.9906158453,131792.3906158453,-130.39999999999418
2025-03-24,-261.6,131400.3906158453,131792.3906158453,-392.0
2025-03-25,145.6,131545.9906158453,131792.3906158453,-246.39999999999418
2025-03-26,-87.2,131458.7906158453,131792.3906158453,-333.6000000000058
2025-03-27,72.8,131531.59061584529,131792.3906158453,-260.80000000001746
2025-03-28,-14.400000000000006,131517.1906158453,131792.3906158453,-275.20000000001164
2025-03-31,58.39999999999999,131575.59061584529,131792.3906158453,-216.80000000001746
2025-04-01,-28.80000000000001,131546.7906158453,131792.3906158453,-245.60000000000582
2025-04-02,58.39999999999999,131605.1906158453,131792.3906158453,-187.20000000001164
2025-04-03,-174.4,131430.7906158453,131792.3906158453,-361.6000000000058
2025-04-04,43.999999999999986,131474.7906158453,131792.3906158453,-317.6000000000058
2025-04-07,114.00000000000006,131588.7906158453,131792.3906158453,-203.60000000000582
2025-04-08,-500.3999999999999,131088.3906158453,131792.3906158453,-704.0
2025-04-09,-643.1999999999999,130445.1906158453,131792.3906158453,-1347.199999999997
2025-04-10,-28.799999999999955,130416.3906158453,131792.3906158453,-1376.0
2025-04-11,-14.399999999999977,130401.99061584531,131792.3906158453,-1390.3999999999942
2025-04-15,142.8,130544.79061584531,131792.3906158453,-1247.5999999999913
2025-04-16,-157.2,130387.59061584531,131792.3906158453,-1404.7999999999884
2025-04-21,142.8,130530.39061584532,131792.3906158453,-1261.9999999999854
2025-04-22,218.39999999999998,130748.79061584531,131792.3906158453,-1043.5999999999913
2025-04-23,204.0,130952.79061584531,131792.3906158453,-839.5999999999913
2025-04-24,588.4000000000028,131541.19061584532,131792.3906158453,-251.19999999998254
2025-04-25,285.6,131826.79061584533,131826.79061584533,0.0
2025-04-28,855.2,132681.99061584534,132681.99061584534,0.0
2025-04-29,-101.59999999999827,132580.39061584533,132681.99061584534,-101.60000000000582
2025-04-30,556.8000000000001,133137.19061584532,133137.19061584532,0.0
2025-05-01,-157.2,132979.9906158453,133137.19061584532,-157.20000000001164
2025-05-02,128.40000000000003,133108.3906158453,133137.19061584532,-28.800000000017462
2025-05-06,145.6,133253.9906158453,133253.9906158453,0.0
2025-05-07,355.5999999999989,133609.5906158453,133609.5906158453,0.0
2025-05-08,574.0000000000028,134183.5906158453,134183.5906158453,0.0
2025-05-12,-261.6,133921.9906158453,134183.5906158453,-261.6000000000058
2025-05-13,218.39999999999998,134140.3906158453,134183.5906158453,-43.20000000001164
2025-05-14,-108.80000000000369,134031.59061584529,134183.5906158453,-152.0000000000291
2025-05-15,-14.400000000000006,134017.1906158453,134183.5906158453,-166.40000000002328
2025-05-16,-14.400000000000006,134002.7906158453,134183.5906158453,-180.80000000001746
2025-05-20,-157.1977111816406,133845.59290466364,134183.5906158453,-337.99771118166973
2025-05-21,844.0010681152344,134689.59397277888,134689.59397277888,0.0
2025-05-22,-14.400000000000006,134675.19397277888,134689.59397277888,-14.39999999999418
2025-05-23,291.2,134966.3939727789,134966.3939727789,0.0
2025-05-27,378.39771118164066,135344.79168396053,135344.79168396053,0.0
2025-05-30,145.6,135490.39168396054,135490.39168396054,0.0
2025-06-02,131.2,135621.59168396055,135621.59168396055,0.0
2025-06-03,145.6,135767.19168396055,135767.19168396055,0.0
2025-06-04,-261.6,135505.59168396055,135767.19168396055,-261.6000000000058
2025-06-05,145.6,135651.19168396055,135767.19168396055,-116.0
2025-06-06,58.39999999999999,135709.59168396055,135767.19168396055,-57.60000000000582
2025-06-09,-14.400000000000006,135695.19168396055,135767.19168396055,-72.0
2025-06-10,-261.6,135433.59168396055,135767.19168396055,-333.6000000000058
2025-06-11,-14.400000000000006,135419.19168396055,135767.19168396055,-348.0
2025-06-12,-28.80000000000001,135390.39168396057,135767.19168396055,-376.79999999998836
2025-06-13,131.2,135521.59168396058,135767.19168396055,-245.59999999997672
2025-06-16,414.00000000000006,135935.59168396058,135935.59168396058,0.0
2025-06-17,128.40000000000003,136063.99168396057,136063.99168396057,0.0
2025-06-18,256.80000000000007,136320.79168396056,136320.79168396056,0.0
2025-06-19,-185.99999999999994,136134.79168396056,136320.79168396056,-186.0
2025-06-20,88.39999999999947,136223.19168396055,136320.79168396056,-97.60000000000582
2025-06-23,685.2,136908.39168396057,136908.39168396057,0.0
2025-06-24,414.0000000000029,137322.39168396057,137322.39168396057,0.0
2025-06-25,-14.399999999999977,137307.99168396057,137322.39168396057,-14.39999999999418
2025-06-26,142.8,137450.79168396056,137450.79168396056,0.0
2025-06-27,142.8,137593.59168396055,137593.59168396055,0.0
2025-07-01,498.3966430664063,138091.98832702695,138091.98832702695,0.0
2025-07-07,-174.4,137917.58832702696,138091.98832702695,-174.39999999999418
2025-07-08,-87.2,137830.38832702694,138091.98832702695,-261.6000000000058
2025-07-09,949.6021362304688,138779.99046325742,138779.99046325742,0.0
2025-07-10,606.7978637695313,139386.78832702694,139386.78832702694,0.0
2025-07-11,58.39999999999999,139445.18832702693,139445.18832702693,0.0
2025-07-14,-261.6,139183.58832702693,139445.18832702693,-261.6000000000058
2025-07-16,-418.79999999999717,138764.78832702694,139445.18832702693,-680.3999999999942
2025-07-17,-894.3999999999972,137870.38832702694,139445.18832702693,-1574.7999999999884
2025-07-21,38.40518798828124,137908.79351501522,139445.18832702693,-1536.394812011713
2025-07-22,-101.60000000000001,137807.1935150152,139445.18832702693,-1637.9948120117188
2025-07-23,-14.400000000000006,137792.79351501522,139445.18832702693,-1652.394812011713
2025-07-28,72.8,137865.5935150152,139445.18832702693,-1579.5948120117246
2025-07-29,43.999999999999986,137909.5935150152,139445.18832702693,-1535.5948120117246
2025-07-30,72.8,137982.3935150152,139445.18832702693,-1462.7948120117362
2025-07-31,58.39999999999999,138040.7935150152,139445.18832702693,-1404.394812011742
2025-08-01,-188.8,137851.9935150152,139445.18832702693,-1593.1948120117304
2025-08-05,-157.2,137694.7935150152,139445.18832702693,-1750.394812011742
2025-08-06,-116.00000000000001,137578.7935150152,139445.18832702693,-1866.394812011742
2025-08-07,-157.2,137421.59351501518,139445.18832702693,-2023.5948120117537
2025-08-08,271.20000000000005,137692.7935150152,139445.18832702693,-1752.394812011742
2025-08-11,72.8,137765.59351501518,139445.18832702693,-1679.5948120117537
2025-08-12,72.8,137838.39351501517,139445.18832702693,-1606.7948120117653
2025-08-13,58.39999999999999,137896.79351501516,139445.18832702693,-1548.3948120117711
2025-08-14,-14.400000000000006,137882.39351501517,139445.18832702693,-1562.7948120117653
2025-08-15,58.39999999999999,137940.79351501516,139445.18832702693,-1504.3948120117711
2025-08-18,58.39999999999999,137999.19351501515,139445.18832702693,-1445.994812011777
2025-08-19,-14.400000000000006,137984.79351501516,139445.18832702693,-1460.3948120117711
2025-08-20,-14.400000000000006,137970.39351501517,139445.18832702693,-1474.7948120117653
2025-08-21,-14.400000000000006,137955.99351501517,139445.18832702693,-1489.1948120117595
2025-08-22,145.6,138101.59351501518,139445.18832702693,-1343.5948120117537
2025-08-26,-101.60000000000001,137999.99351501517,139445.18832702693,-1445.1948120117595
2025-08-27,58.39999999999999,138058.39351501517,139445.18832702693,-1386.7948120117653
2025-08-28,-87.2,137971.19351501515,139445.18832702693,-1473.994812011777
2025-08-29,-14.400000000000006,137956.79351501516,139445.18832702693,-1488.3948120117711
2025-09-02,-188.8,137767.99351501517,139445.18832702693,-1677.1948120117595
2025-09-04,145.6,137913.59351501518,139445.18832702693,-1531.5948120117537
2025-09-05,-87.2,137826.39351501517,139445.18832702693,-1618.7948120117653
2025-09-09,72.8,137899.19351501515,139445.18832702693,-1545.994812011777
2025-09-10,-807.1999999999972,137091.99351501514,139445.18832702693,-2353.1948120117886
2025-09-11,-87.2,137004.79351501513,139445.18832702693,-2440.3948120118002
2025-09-17,145.6,137150.39351501514,139445.18832702693,-2294.7948120117944
2025-09-22,-87.2,137063.19351501513,139445.18832702693,-2381.994812011806
2025-09-24,72.8,137135.9935150151,139445.18832702693,-2309.1948120118177
2025-09-25,72.8,137208.7935150151,139445.18832702693,-2236.3948120118293
2025-09-26,72.8,137281.5935150151,139445.18832702693,-2163.594812011841
2025-09-30,72.8,137354.39351501508,139445.18832702693,-2090.7948120118526
2025-10-01,-14.400000000000006,137339.99351501508,139445.18832702693,-2105.194812011847
2025-10-02,-14.400000000000006,137325.5935150151,139445.18832702693,-2119.594812011841
2025-10-03,-14.400000000000006,137311.1935150151,139445.18832702693,-2133.994812011835
2025-10-06,-174.4,137136.7935150151,139445.18832702693,-2308.3948120118293
2025-10-07,145.6,137282.3935150151,139445.18832702693,-2162.7948120118235
2025-10-10,204.0,137486.3935150151,139445.18832702693,-1958.7948120118235
2025-10-13,-174.4,137311.9935150151,139445.18832702693,-2133.1948120118177
2025-10-14,72.8,137384.7935150151,139445.18832702693,-2060.3948120118293
2025-10-15,-14.400000000000006,137370.3935150151,139445.18832702693,-2074.7948120118235
2025-10-16,218.39999999999998,137588.7935150151,139445.18832702693,-1856.3948120118293
2025-10-17,-14.400000000000006,137574.3935150151,139445.18832702693,-1870.7948120118235
2025-10-20,218.39999999999998,137792.7935150151,139445.18832702693,-1652.3948120118293
2025-10-21,1515.2,139307.9935150151,139445.18832702693,-137.1948120118177
2025-10-22,-174.4,139133.59351501512,139445.18832702693,-311.5948120118119
2025-10-23,72.8,139206.3935150151,139445.18832702693,-238.79481201182352
2025-10-24,72.8,139279.1935150151,139445.18832702693,-165.99481201183517
2025-10-27,384.0,139663.1935150151,139663.1935150151,0.0
2025-10-28,876.8021362304688,140539.99565124555,140539.99565124555,0.0
2025-10-29,-174.4,140365.59565124556,140539.99565124555,-174.39999999999418
2025-10-30,-908.7999999999972,139456.79565124557,140539.99565124555,-1083.1999999999825
2025-10-31,-14.400000000000006,139442.39565124558,140539.99565124555,-1097.5999999999767
2025-11-06,-87.2,139355.19565124557,140539.99565124555,-1184.7999999999884
2025-11-13,72.8,139427.99565124555,140539.99565124555,-1112.0
2025-11-14,65.5980163574219,139493.59366760298,140539.99565124555,-1046.4019836425723
2025-11-18,-564.3999999999971,138929.193667603,140539.99565124555,-1610.8019836425665
2025-11-19,145.6,139074.793667603,140539.99565124555,-1465.2019836425607
2025-11-21,-14.400000000000006,139060.393667603,140539.99565124555,-1479.6019836425548
2025-11-24,-14.400000000000006,139045.993667603,140539.99565124555,-1494.001983642549
2025-11-25,218.39999999999998,139264.393667603,140539.99565124555,-1275.6019836425548
2025-11-26,-14.400000000000006,139249.993667603,140539.99565124555,-1290.001983642549
2025-11-27,-17.200000000005115,139232.793667603,140539.99565124555,-1307.2019836425607
2025-11-28,-14.400000000000006,139218.393667603,140539.99565124555,-1321.6019836425548
2025-12-01,-174.4,139043.993667603,140539.99565124555,-1496.001983642549
2025-12-02,-14.400000000000006,139029.593667603,140539.99565124555,-1510.4019836425432
2025-12-04,-14.400000000000006,139015.19366760302,140539.99565124555,-1524.8019836425374
2025-12-05,72.8,139087.993667603,140539.99565124555,-1452.001983642549
2025-12-09,-174.4,138913.593667603,140539.99565124555,-1626.4019836425432
2025-12-10,-87.2,138826.393667603,140539.99565124555,-1713.6019836425548
2025-12-11,72.8,138899.193667603,140539.99565124555,-1640.8019836425665
2025-12-12,145.6,139044.793667603,140539.99565124555,-1495.2019836425607
2025-12-15,-14.400000000000006,139030.393667603,140539.99565124555,-1509.6019836425548
2025-12-17,-87.2,138943.193667603,140539.99565124555,-1596.8019836425665
2025-12-18,145.6,139088.793667603,140539.99565124555,-1451.2019836425607
2025-12-19,72.8,139161.59366760298,140539.99565124555,-1378.4019836425723
2025-12-22,12.800000000003129,139174.393667603,140539.99565124555,-1365.6019836425548
2025-12-23,-14.400000000000006,139159.993667603,140539.99565124555,-1380.001983642549
2025-12-24,72.8,139232.793667603,140539.99565124555,-1307.2019836425607
2025-12-26,72.8,139305.59366760298,140539.99565124555,-1234.4019836425723
2025-12-29,-14.400000000000006,139291.193667603,140539.99565124555,-1248.8019836425665
2025-12-30,72.8,139363.99366760298,140539.99565124555,-1176.0019836425781
2025-12-31,-174.4,139189.59366760298,140539.99565124555,-1350.4019836425723
2026-01-02,-14.400000000000006,139175.193667603,140539.99565124555,-1364.8019836425665
2026-01-06,72.8,139247.99366760298,140539.99565124555,-1292.0019836425781
2026-01-07,-14.400000000000006,139233.59366760298,140539.99565124555,-1306.4019836425723
2026-01-08,72.8,139306.39366760297,140539.99565124555,-1233.601983642584
2026-01-12,131.2,139437.59366760298,140539.99565124555,-1102.4019836425723
2026-01-13,-14.400000000000006,139423.193667603,140539.99565124555,-1116.8019836425665
2026-01-14,145.6,139568.793667603,140539.99565124555,-971.2019836425607
2026-01-15,145.6,139714.393667603,140539.99565124555,-825.6019836425548
2026-01-16,-87.2,139627.193667603,140539.99565124555,-912.8019836425665
2026-01-21,-571.5992370605469,139055.59443054243,140539.99565124555,-1484.4012207031192
2026-01-23,-14.400000000000006,139041.19443054244,140539.99565124555,-1498.8012207031134
2026-01-26,-174.4,138866.79443054245,140539.99565124555,-1673.2012207031075
2026-01-27,145.6,139012.39443054245,140539.99565124555,-1527.6012207031017
2026-01-28,145.6,139157.99443054246,140539.99565124555,-1382.001220703096
2026-01-29,43.999999999999986,139201.99443054246,140539.99565124555,-1338.001220703096
2026-01-30,-28.80000000000001,139173.19443054247,140539.99565124555,-1366.8012207030843
2026-02-02,58.39999999999999,139231.59443054246,140539.99565124555,-1308.40122070309
2026-02-03,-174.4,139057.19443054247,140539.99565124555,-1482.8012207030843
2026-02-04,-276.0,138781.19443054247,140539.99565124555,-1758.8012207030843
2026-02-05,225.59999999999633,139006.79443054248,140539.99565124555,-1533.2012207030784
2026-02-06,-171.59999999999997,138835.19443054247,140539.99565124555,-1704.8012207030843
2026-02-10,-14.399999999999977,138820.79443054248,140539.99565124555,-1719.2012207030784
2026-02-16,-487.1995422363281,138333.59488830614,140539.99565124555,-2206.400762939418
2026-02-17,-28.80000000000001,138304.79488830615,140539.99565124555,-2235.2007629394066
2026-02-18,125.60000000000227,138430.39488830615,140539.99565124555,-2109.6007629394007
2026-02-19,58.39999999999999,138488.79488830615,140539.99565124555,-2051.2007629394066
2026-02-20,218.39999999999998,138707.19488830614,140539.99565124555,-1832.8007629394124
2026-02-23,-101.60000000000001,138605.59488830614,140539.99565124555,-1934.4007629394182
2026-02-24,-174.4,138431.19488830614,140539.99565124555,-2108.8007629394124
2026-02-25,145.6,138576.79488830615,140539.99565124555,-1963.2007629394066
2026-02-26,436.79999999999995,139013.59488830614,140539.99565124555,-1526.4007629394182
2026-02-27,-28.80000000000001,138984.79488830615,140539.99565124555,-1555.2007629394066
2026-03-02,-28.799999999999955,138955.99488830616,140539.99565124555,-1584.000762939395
2026-03-03,242.4000000000001,139198.39488830615,140539.99565124555,-1341.6007629394007
2026-03-04,-28.799999999999955,139169.59488830616,140539.99565124555,-1370.400762939389
2026-03-05,85.2000000000001,139254.79488830618,140539.99565124555,-1285.2007629393775
2026-03-06,685.2,139939.9948883062,140539.99565124555,-600.0007629393658
2026-03-09,-814.8,139125.1948883062,140539.99565124555,-1414.8007629393542
2026-03-10,-514.8,138610.3948883062,140539.99565124555,-1929.6007629393425
2026-03-11,385.2000000000001,138995.59488830622,140539.99565124555,-1544.400762939331
2026-03-12,85.2000000000001,139080.79488830623,140539.99565124555,-1459.2007629393192
2026-03-13,385.2000000000001,139465.99488830625,140539.99565124555,-1074.0007629393076
2026-03-16,1285.2000000000057,140751.19488830626,140751.19488830626,0.0
2026-03-17,1742.4000000000087,142493.59488830628,142493.59488830628,0.0
2026-03-18,99.60000000000008,142593.1948883063,142593.1948883063,0.0
2026-03-19,1585.2000000000114,144178.3948883063,144178.3948883063,0.0
2026-03-20,-357.5999999999999,143820.7948883063,144178.3948883063,-357.6000000000058
2026-03-23,385.20000000000294,144205.9948883063,144205.9948883063,0.0
2026-03-24,2485.2000000000116,146691.19488830632,146691.19488830632,0.0
2026-03-25,542.4000000000029,147233.5948883063,147233.5948883063,0.0
2026-03-26,-893.1999999999999,146340.3948883063,147233.5948883063,-893.2000000000116
2026-03-27,-464.7999999999943,145875.5948883063,147233.5948883063,-1358.0
2026-03-30,542.4000000000001,146417.9948883063,147233.5948883063,-815.6000000000058
2026-03-31,85.2000000000001,146503.19488830632,147233.5948883063,-730.3999999999942
2026-04-01,256.8000000000029,146759.9948883063,147233.5948883063,-473.6000000000058
2026-04-02,-514.8,146245.19488830632,147233.5948883063,-988.3999999999942
2026-04-06,985.2,147230.39488830633,147233.5948883063,-3.1999999999825377
2026-04-07,556.8000000000001,147787.19488830632,147787.19488830632,0.0
2026-04-08,-1136.0000000000027,146651.19488830632,147787.19488830632,-1136.0
2026-04-10,-328.79999999999995,146322.39488830633,147787.19488830632,-1464.7999999999884
2026-04-13,685.200000000003,147007.59488830634,147787.19488830632,-779.5999999999767
2026-04-15,182.7999999999977,147190.39488830633,147787.19488830632,-596.7999999999884
2026-04-16,442.80000000000285,147633.19488830632,147787.19488830632,-154.0
2026-04-17,385.2000000000001,148018.39488830633,148018.39488830633,0.0
2026-04-20,55.60274658203406,148073.99763488836,148073.99763488836,0.0
2026-04-22,1328.4000000000085,149402.39763488836,149402.39763488836,0.0
2026-04-23,-1128.7999999999943,148273.59763488837,149402.39763488836,-1128.7999999999884
2026-04-27,96.80244140625007,148370.4000762946,149402.39763488836,-1031.99755859375
2026-04-28,634.0000000000102,149004.4000762946,149402.39763488836,-397.99755859375
2026-04-29,-514.8,148489.60007629462,149402.39763488836,-912.7975585937384
2026-04-30,699.6000000000001,149189.20007629463,149402.39763488836,-213.19755859373254
2026-05-01,-1164.4,148024.80007629463,149402.39763488836,-1377.5975585937267
2026-05-06,-328.79999999999995,147696.00007629464,149402.39763488836,-1706.397558593715
2026-05-07,985.2000000000057,148681.20007629466,149402.39763488836,-721.1975585937034
2026-05-08,836.8000000000126,149518.00007629467,149518.00007629467,0.0
2026-05-11,885.6000000000057,150403.60007629468,150403.60007629468,0.0
2026-05-13,256.8000000000029,150660.40007629467,150660.40007629467,0.0
2026-05-15,-1007.2,149653.20007629466,150660.40007629467,-1007.2000000000116
2026-05-19,714.000000000003,150367.20007629466,150660.40007629467,-293.20000000001164
2026-05-21,-1007.2,149360.00007629464,150660.40007629467,-1300.4000000000233
2026-05-22,1585.2000000000087,150945.20007629466,150945.20007629466,0.0
2026-05-25,1014.0000000000057,151959.20007629466,151959.20007629466,0.0
2026-05-26,-171.59999999999997,151787.60007629465,151959.20007629466,-171.60000000000582
2026-05-27,383.9996948242188,152171.59977111887,152171.59977111887,0.0
2026-05-28,99.60000000000292,152271.19977111887,152271.19977111887,0.0
2026-05-29,414.00000000000006,152685.19977111887,152685.19977111887,0.0
2026-06-01,-1050.4,151634.79977111888,152685.19977111887,-1050.3999999999942
2026-06-02,-14.399999999999977,151620.3997711189,152685.19977111887,-1064.7999999999884
2026-06-03,128.40000000000003,151748.79977111888,152685.19977111887,-936.3999999999942
2026-06-04,-14.399999999999977,151734.3997711189,152685.19977111887,-950.7999999999884
2026-06-05,756.8030517578183,152491.20282287672,152685.19977111887,-193.9969482421584
2026-06-08,-1121.6000000000054,151369.6028228767,152685.19977111887,-1315.5969482421642
2026-06-09,-343.19999999999993,151026.4028228767,152685.19977111887,-1658.7969482421759
2026-06-10,128.40000000000003,151154.8028228767,152685.19977111887,-1530.3969482421817
2026-06-11,414.00000000000006,151568.8028228767,152685.19977111887,-1116.3969482421817
2026-06-12,699.6000000000001,152268.4028228767,152685.19977111887,-416.79694824217586
2026-06-15,-157.2,152111.2028228767,152685.19977111887,-573.9969482421875
2026-06-16,-28.799999999999955,152082.4028228767,152685.19977111887,-602.7969482421759
2026-06-17,-14.399999999999977,152068.0028228767,152685.19977111887,-617.19694824217
2026-06-18,128.40000000000003,152196.4028228767,152685.19977111887,-488.79694824217586
2026-06-19,-157.2,152039.2028228767,152685.19977111887,-645.9969482421875
2026-06-22,428.40000000000003,152467.60282287668,152685.19977111887,-217.59694824219332
2026-06-23,142.8,152610.40282287667,152685.19977111887,-74.79694824220496
2026-06-24,128.40000000000003,152738.80282287666,152738.80282287666,0.0
2026-06-25,-171.59999999999997,152567.20282287666,152738.80282287666,-171.60000000000582
2026-06-26,271.20000000000005,152838.40282287667,152838.40282287667,0.0
2026-06-29,142.8,152981.20282287666,152981.20282287666,0.0
2026-07-01,285.6,153266.80282287666,153266.80282287666,0.0
2026-07-06,-908.7999999999972,152358.00282287668,153266.80282287666,-908.7999999999884
2026-07-07,601.1972534179688,152959.20007629466,153266.80282287666,-307.60274658200797
2026-07-08,239.60000000000284,153198.80007629466,153266.80282287666,-68.00274658200215
2026-07-09,-28.80000000000001,153170.00007629467,153266.80282287666,-96.8027465819905
2026-07-10,-471.59999999999997,152698.40007629467,153266.80282287666,-568.4027465819963
2026-07-14,-410.3990844726535,152288.00099182202,153266.80282287666,-978.8018310546468
2026-07-15,128.40000000000003,152416.400991822,153266.80282287666,-850.4018310546526
2026-07-16,-328.79999999999995,152087.60099182202,153266.80282287666,-1179.201831054641
2026-07-17,-157.2,151930.400991822,153266.80282287666,-1336.4018310546526
2026-07-20,-14.399999999999977,151916.00099182202,153266.80282287666,-1350.8018310546468
2026-07-21,285.6,152201.60099182202,153266.80282287666,-1065.201831054641
2026-07-22,142.8,152344.400991822,153266.80282287666,-922.4018310546526
2026-07-23,114.00000000000006,152458.400991822,153266.80282287666,-808.4018310546526
2026-07-24,271.20000000000005,152729.60099182202,153266.80282287666,-537.2018310546409
2026-07-27,-523.1999999999955,152206.40099182204,153266.80282287666,-1060.4018310546235
2026-07-28,116.80000000000517,152323.20099182206,153266.80282287666,-943.601831054606
2026-07-31,-297.20000000000624,152026.00099182205,153266.80282287666,-1240.8018310546177
2026-08-03,-701.600000000007,151324.40099182204,153266.80282287666,-1942.4018310546235
2026-08-04,256.80000000000007,151581.20099182203,153266.80282287666,-1685.601831054635
2026-08-05,871.2000000000029,152452.40099182204,153266.80282287666,-814.4018310546235
2026-08-06,285.6,152738.00099182205,153266.80282287666,-528.8018310546177
2026-08-07,-87.1999999999983,152650.80099182203,153266.80282287666,-616.0018310546293
2026-08-10,728.4000000000028,153379.20099182203,153379.20099182203,0.0
2026-08-11,-135.99999999999716,153243.20099182203,153379.20099182203,-136.0
2026-08-12,285.6,153528.80099182203,153528.80099182203,0.0
2026-08-13,-261.5999999999977,153267.20099182203,153528.80099182203,-261.6000000000058
2026-08-14,585.6000000000029,153852.80099182203,153852.80099182203,0.0
2026-08-18,728.4000000000028,154581.20099182203,154581.20099182203,0.0
2026-08-19,-1007.2,153574.00099182202,154581.20099182203,-1007.2000000000116
2026-08-20,-14.399999999999977,153559.60099182202,154581.20099182203,-1021.6000000000058
2026-08-21,-14.399999999999977,153545.20099182203,154581.20099182203,-1036.0
2026-08-25,285.6,153830.80099182203,154581.20099182203,-750.3999999999942
2026-08-27,-111.5999999999949,153719.20099182203,154581.20099182203,-862.0
2026-08-28,142.8,153862.00099182202,154581.20099182203,-719.2000000000116
2026-08-31,-14.399999999999977,153847.60099182202,154581.20099182203,-733.6000000000058
2026-09-01,99.60000000000008,153947.20099182203,154581.20099182203,-634.0
2026-09-02,556.8000000000001,154504.00099182202,154581.20099182203,-77.20000000001164
2026-09-03,-14.399999999999977,154489.60099182202,154581.20099182203,-91.60000000000582
2026-09-04,-185.99999999999994,154303.60099182202,154581.20099182203,-277.6000000000058
2026-09-07,142.8,154446.400991822,154581.20099182203,-134.80000000001746
2026-09-08,128.40000000000003,154574.800991822,154581.20099182203,-6.400000000023283
2026-09-09,128.40000000000003,154703.200991822,154703.200991822,0.0
2026-09-10,256.80000000000007,154960.000991822,154960.000991822,0.0
2026-09-11,714.0,155674.000991822,155674.000991822,0.0
2026-09-14,256.80000000000007,155930.80099182198,155930.80099182198,0.0
2026-09-15,685.2,156616.000991822,156616.000991822,0.0
2026-09-16,-28.799999999999955,156587.200991822,156616.000991822,-28.79999999998836
2026-09-17,842.4000000000001,157429.600991822,157429.600991822,0.0
2026-09-18,728.4000000000028,158158.000991822,158158.000991822,0.0
2026-09-21,-1164.4,156993.600991822,158158.000991822,-1164.3999999999942
2026-09-22,-185.99999999999994,156807.600991822,158158.000991822,-1350.3999999999942
