entry_time_ny,pnl_net,source,setup,date,year,month
2016-02-02 09:56:00,-157.2,S2,S2_HV-1,2016-02-02,2016,2016-02
2016-02-03 09:43:00,142.8,S2,S2_HV-1,2016-02-03,2016,2016-02
2016-02-03 10:39:00,-157.2,S2,S2_HV-1,2016-02-03,2016,2016-02
2016-02-03 10:55:00,-157.2,S2,S2_HV-1,2016-02-03,2016,2016-02
2016-02-03 11:18:00,142.8,S2,S2_HV-1,2016-02-03,2016,2016-02
2016-02-05 09:01:00,442.7999999999993,S3,S3_C,2016-02-05,2016,2016-02
2016-02-08 10:22:00,142.8,S2,S2_HV-1,2016-02-08,2016,2016-02
2016-02-08 11:16:00,-387.19999999999897,S3,S3_C,2016-02-08,2016,2016-02
2016-02-09 09:06:00,72.8,S2,S2_LV-1,2016-02-09,2016,2016-02
2016-02-09 09:39:00,72.8,S2,S2_LV-2,2016-02-09,2016,2016-02
2016-02-09 11:58:00,72.8,S2,S2_LV-3,2016-02-09,2016,2016-02
2016-02-09 12:19:00,72.8,S2,S2_LV-1,2016-02-09,2016,2016-02
2016-02-09 13:07:00,-337.2000000000018,S3,S3_C,2016-02-09,2016,2016-02
2016-02-09 13:54:00,72.8,S2,S2_LV-1,2016-02-09,2016,2016-02
2016-02-10 10:37:00,142.8,S2,S2_HV-1,2016-02-10,2016,2016-02
2016-02-10 10:44:00,-157.2,S2,S2_HV-1,2016-02-10,2016,2016-02
2016-02-11 09:33:00,142.8,S2,S2_HV-1,2016-02-11,2016,2016-02
2016-02-16 09:03:00,-157.2,S2,S2_HV-1,2016-02-16,2016,2016-02
2016-02-16 10:34:00,142.8,S2,S2_HV-1,2016-02-16,2016,2016-02
2016-02-17 09:19:00,-87.2,S2,S2_LV-1,2016-02-17,2016,2016-02
2016-02-17 09:24:00,442.7999999999993,S3,S3_C,2016-02-17,2016,2016-02
2016-02-17 09:25:00,72.8,S2,S2_LV-1,2016-02-17,2016,2016-02
2016-02-17 10:41:00,72.8,S2,S2_LV-1,2016-02-17,2016,2016-02
2016-02-17 10:43:00,72.8,S2,S2_LV-3,2016-02-17,2016,2016-02
2016-02-17 12:09:00,-87.2,S2,S2_LV-1,2016-02-17,2016,2016-02
2016-02-18 09:05:00,-87.2,S2,S2_LV-1,2016-02-18,2016,2016-02
2016-02-18 10:34:00,72.8,S2,S2_LV-2,2016-02-18,2016,2016-02
2016-02-18 11:18:00,72.8,S2,S2_LV-1,2016-02-18,2016,2016-02
2016-02-19 09:33:00,-87.2,S2,S2_LV-1,2016-02-19,2016,2016-02
2016-02-19 10:23:00,-87.2,S2,S2_LV-2,2016-02-19,2016,2016-02
2016-02-22 09:02:00,-87.2,S2,S2_LV-1,2016-02-22,2016,2016-02
2016-02-23 09:50:00,72.8,S2,S2_LV-1,2016-02-23,2016,2016-02
2016-02-23 11:46:00,-87.2,S2,S2_LV-1,2016-02-23,2016,2016-02
2016-02-26 09:22:00,-87.2,S2,S2_LV-1,2016-02-26,2016,2016-02
2016-02-26 09:22:00,72.8,S2,S2_LV-3,2016-02-26,2016,2016-02
2016-02-26 10:21:00,-87.2,S2,S2_LV-1,2016-02-26,2016,2016-02
2016-03-01 11:06:00,142.8,S2,S2_HV-1,2016-03-01,2016,2016-03
2016-03-01 12:10:00,-157.2,S2,S2_HV-2,2016-03-01,2016,2016-03
2016-03-02 09:04:00,142.8,S2,S2_HV-1,2016-03-02,2016,2016-03
2016-03-02 11:07:00,142.8,S2,S2_HV-2,2016-03-02,2016,2016-03
2016-03-02 11:11:00,-157.2,S2,S2_HV-1,2016-03-02,2016,2016-03
2016-03-02 11:42:00,-157.2,S2,S2_HV-1,2016-03-02,2016,2016-03
2016-03-03 09:03:00,-157.2,S2,S2_HV-2,2016-03-03,2016,2016-03
2016-03-03 09:53:00,-157.2,S2,S2_HV-1,2016-03-03,2016,2016-03
2016-03-03 11:14:00,142.8,S2,S2_HV-1,2016-03-03,2016,2016-03
2016-03-04 09:08:00,72.8,S2,S2_LV-3,2016-03-04,2016,2016-03
2016-03-04 09:46:00,72.8,S2,S2_LV-1,2016-03-04,2016,2016-03
2016-03-04 09:52:00,72.8,S2,S2_LV-2,2016-03-04,2016,2016-03
2016-03-04 11:15:00,72.8,S2,S2_LV-3,2016-03-04,2016,2016-03
2016-03-07 10:20:00,72.8,S2,S2_LV-1,2016-03-07,2016,2016-03
2016-03-07 12:12:00,72.8,S2,S2_LV-1,2016-03-07,2016,2016-03
2016-03-07 13:08:00,72.8,S2,S2_LV-1,2016-03-07,2016,2016-03
2016-03-08 10:09:00,-157.2,S2,S2_HV-1,2016-03-08,2016,2016-03
2016-03-09 09:15:00,142.8,S2,S2_HV-2,2016-03-09,2016,2016-03
2016-03-09 10:32:00,142.8,S2,S2_HV-1,2016-03-09,2016,2016-03
2016-03-09 10:32:00,-157.2,S2,S2_HV-2,2016-03-09,2016,2016-03
2016-03-09 10:42:00,142.8,S2,S2_HV-2,2016-03-09,2016,2016-03
2016-03-10 09:31:00,72.8,S2,S2_LV-1,2016-03-10,2016,2016-03
2016-03-10 09:32:00,72.8,S2,S2_LV-2,2016-03-10,2016,2016-03
2016-03-11 09:15:00,142.8,S2,S2_HV-1,2016-03-11,2016,2016-03
2016-03-14 09:35:00,72.8,S2,S2_LV-2,2016-03-14,2016,2016-03
2016-03-14 13:15:00,72.8,S2,S2_LV-1,2016-03-14,2016,2016-03
2016-03-15 09:03:00,72.8,S2,S2_LV-1,2016-03-15,2016,2016-03
2016-03-15 10:25:00,72.8,S2,S2_LV-2,2016-03-15,2016,2016-03
2016-03-15 12:08:00,72.8,S2,S2_LV-1,2016-03-15,2016,2016-03
2016-03-16 09:15:00,72.8,S2,S2_LV-3,2016-03-16,2016,2016-03
2016-03-16 10:02:00,-87.2,S2,S2_LV-1,2016-03-16,2016,2016-03
2016-03-16 14:02:00,72.8,S2,S2_LV-1,2016-03-16,2016,2016-03
2016-03-16 14:30:00,-87.2,S2,S2_LV-1,2016-03-16,2016,2016-03
2016-03-17 09:09:00,72.8,S2,S2_LV-3,2016-03-17,2016,2016-03
2016-03-17 09:43:00,72.8,S2,S2_LV-1,2016-03-17,2016,2016-03
2016-03-17 12:31:00,-87.2,S2,S2_LV-1,2016-03-17,2016,2016-03
2016-03-18 10:36:00,72.8,S2,S2_LV-1,2016-03-18,2016,2016-03
2016-03-18 11:25:00,72.8,S2,S2_LV-2,2016-03-18,2016,2016-03
2016-03-18 12:16:00,72.8,S2,S2_LV-1,2016-03-18,2016,2016-03
2016-03-21 10:32:00,72.8,S2,S2_LV-1,2016-03-21,2016,2016-03
2016-03-21 11:42:00,-87.2,S2,S2_LV-1,2016-03-21,2016,2016-03
2016-03-22 09:45:00,72.8,S2,S2_LV-1,2016-03-22,2016,2016-03
2016-03-22 11:03:00,72.8,S2,S2_LV-1,2016-03-22,2016,2016-03
2016-03-22 11:03:00,72.8,S2,S2_LV-3,2016-03-22,2016,2016-03
2016-03-23 09:05:00,242.8,S3,S3_B,2016-03-23,2016,2016-03
2016-03-23 09:55:00,72.8,S2,S2_LV-2,2016-03-23,2016,2016-03
2016-03-23 10:02:00,242.8,S3,S3_B,2016-03-23,2016,2016-03
2016-03-23 10:32:00,72.8,S2,S2_LV-1,2016-03-23,2016,2016-03
2016-03-23 11:40:00,-507.2,S3,S3_B,2016-03-23,2016,2016-03
2016-03-24 09:46:00,72.8,S2,S2_LV-1,2016-03-24,2016,2016-03
2016-03-24 12:09:00,72.8,S2,S2_LV-3,2016-03-24,2016,2016-03
2016-03-24 13:13:00,72.8,S2,S2_LV-1,2016-03-24,2016,2016-03
2016-03-28 09:33:00,-87.2,S2,S2_LV-1,2016-03-28,2016,2016-03
2016-03-28 10:01:00,72.8,S2,S2_LV-2,2016-03-28,2016,2016-03
2016-03-28 11:13:00,72.8,S2,S2_LV-1,2016-03-28,2016,2016-03
2016-03-29 09:50:00,72.8,S2,S2_LV-1,2016-03-29,2016,2016-03
2016-03-29 10:20:00,-87.2,S2,S2_LV-2,2016-03-29,2016,2016-03
2016-03-29 12:42:00,72.8,S2,S2_LV-1,2016-03-29,2016,2016-03
2016-03-30 09:32:00,72.8,S2,S2_LV-3,2016-03-30,2016,2016-03
2016-03-30 10:03:00,-87.2,S2,S2_LV-1,2016-03-30,2016,2016-03
2016-03-30 12:05:00,72.8,S2,S2_LV-1,2016-03-30,2016,2016-03
2016-03-31 09:02:00,-807.1999999999972,S3,S3_B,2016-03-31,2016,2016-03
2016-03-31 09:11:00,-87.2,S2,S2_LV-1,2016-03-31,2016,2016-03
2016-03-31 11:00:00,72.8,S2,S2_LV-1,2016-03-31,2016,2016-03
2016-04-01 09:12:00,72.8,S2,S2_LV-1,2016-04-01,2016,2016-04
2016-04-01 10:23:00,72.8,S2,S2_LV-2,2016-04-01,2016,2016-04
2016-04-04 09:48:00,-87.2,S2,S2_LV-1,2016-04-04,2016,2016-04
2016-04-04 10:07:00,72.8,S2,S2_LV-2,2016-04-04,2016,2016-04
2016-04-04 11:31:00,-87.2,S2,S2_LV-1,2016-04-04,2016,2016-04
2016-04-05 10:19:00,72.8,S2,S2_LV-2,2016-04-05,2016,2016-04
2016-04-06 10:02:00,72.8,S2,S2_LV-2,2016-04-06,2016,2016-04
2016-04-06 10:34:00,72.8,S2,S2_LV-1,2016-04-06,2016,2016-04
2016-04-06 11:21:00,-87.2,S2,S2_LV-1,2016-04-06,2016,2016-04
2016-04-07 09:01:00,-87.2,S2,S2_LV-1,2016-04-07,2016,2016-04
2016-04-07 10:35:00,-87.2,S2,S2_LV-1,2016-04-07,2016,2016-04
2016-04-08 09:03:00,242.8,S3,S3_B,2016-04-08,2016,2016-04
2016-04-08 11:38:00,242.8,S3,S3_B,2016-04-08,2016,2016-04
2016-04-11 09:52:00,72.8,S2,S2_LV-1,2016-04-11,2016,2016-04
2016-04-12 09:43:00,72.8,S2,S2_LV-3,2016-04-12,2016,2016-04
2016-04-12 10:09:00,72.8,S2,S2_LV-1,2016-04-12,2016,2016-04
2016-04-12 10:34:00,72.8,S2,S2_LV-1,2016-04-12,2016,2016-04
2016-04-12 13:46:00,-87.2,S2,S2_LV-1,2016-04-12,2016,2016-04
2016-04-13 09:37:00,-87.2,S2,S2_LV-1,2016-04-13,2016,2016-04
2016-04-13 10:48:00,-87.2,S2,S2_LV-1,2016-04-13,2016,2016-04
2016-04-14 09:18:00,-237.2033569335937,S3,S3_B,2016-04-14,2016,2016-04
2016-04-14 09:50:00,-87.2,S2,S2_LV-2,2016-04-14,2016,2016-04
2016-04-14 11:09:00,-87.2,S2,S2_LV-1,2016-04-14,2016,2016-04
2016-04-15 09:03:00,72.8,S2,S2_LV-1,2016-04-15,2016,2016-04
2016-04-15 09:10:00,242.8,S3,S3_B,2016-04-15,2016,2016-04
2016-04-15 10:15:00,72.8,S2,S2_LV-2,2016-04-15,2016,2016-04
2016-04-15 10:53:00,-557.2030517578125,S3,S3_B,2016-04-15,2016,2016-04
2016-04-18 09:01:00,72.8,S2,S2_LV-1,2016-04-18,2016,2016-04
2016-04-18 09:53:00,72.8,S2,S2_LV-1,2016-04-18,2016,2016-04
2016-04-18 10:53:00,-87.2,S2,S2_LV-2,2016-04-18,2016,2016-04
2016-04-18 11:23:00,72.8,S2,S2_LV-1,2016-04-18,2016,2016-04
2016-04-19 10:01:00,72.8,S2,S2_LV-3,2016-04-19,2016,2016-04
2016-04-19 10:09:00,-87.2,S2,S2_LV-1,2016-04-19,2016,2016-04
2016-04-20 09:34:00,-87.2,S2,S2_LV-3,2016-04-20,2016,2016-04
2016-04-20 10:33:00,72.8,S2,S2_LV-1,2016-04-20,2016,2016-04
2016-04-20 11:26:00,72.8,S2,S2_LV-3,2016-04-20,2016,2016-04
2016-04-20 12:39:00,72.8,S2,S2_LV-1,2016-04-20,2016,2016-04
2016-04-20 12:46:00,-87.2,S2,S2_LV-3,2016-04-20,2016,2016-04
2016-04-20 12:51:00,72.8,S2,S2_LV-3,2016-04-20,2016,2016-04
2016-04-21 09:35:00,-87.2,S2,S2_LV-2,2016-04-21,2016,2016-04
2016-04-21 09:52:00,-87.2,S2,S2_LV-1,2016-04-21,2016,2016-04
2016-04-22 09:46:00,142.8,S2,S2_HV-1,2016-04-22,2016,2016-04
2016-04-26 10:13:00,-157.2,S2,S2_HV-1,2016-04-26,2016,2016-04
2016-04-27 09:10:00,72.8,S2,S2_LV-3,2016-04-27,2016,2016-04
2016-04-27 10:34:00,-87.2,S2,S2_LV-1,2016-04-27,2016,2016-04
2016-04-27 10:46:00,72.8,S2,S2_LV-1,2016-04-27,2016,2016-04
2016-04-28 09:51:00,72.8,S2,S2_LV-1,2016-04-28,2016,2016-04
2016-04-28 13:49:00,32.799999999999145,S2,S2_LV-1,2016-04-28,2016,2016-04
2016-04-29 09:55:00,-87.2,S2,S2_LV-1,2016-04-29,2016,2016-04
2016-04-29 11:18:00,72.8,S2,S2_LV-2,2016-04-29,2016,2016-04
2016-04-29 11:19:00,-87.2,S2,S2_LV-1,2016-04-29,2016,2016-04
2016-05-02 09:01:00,-87.2,S2,S2_LV-1,2016-05-02,2016,2016-05
2016-05-02 09:27:00,242.8,S3,S3_B,2016-05-02,2016,2016-05
2016-05-02 09:36:00,242.8,S3,S3_B,2016-05-02,2016,2016-05
2016-05-02 09:45:00,242.8,S3,S3_B,2016-05-02,2016,2016-05
2016-05-02 10:03:00,72.8,S2,S2_LV-2,2016-05-02,2016,2016-05
2016-05-02 11:34:00,242.8,S3,S3_B,2016-05-02,2016,2016-05
2016-05-02 12:01:00,-17.198321533203124,S3,S3_B,2016-05-02,2016,2016-05
2016-05-05 09:04:00,242.8,S3,S3_B,2016-05-05,2016,2016-05
2016-05-05 09:32:00,-87.2,S2,S2_LV-1,2016-05-05,2016,2016-05
2016-05-05 09:34:00,242.8,S3,S3_B,2016-05-05,2016,2016-05
2016-05-05 10:27:00,72.8,S2,S2_LV-2,2016-05-05,2016,2016-05
2016-05-05 10:40:00,242.8,S3,S3_B,2016-05-05,2016,2016-05
2016-05-05 11:14:00,242.8,S3,S3_B,2016-05-05,2016,2016-05
2016-05-05 11:33:00,72.8,S2,S2_LV-1,2016-05-05,2016,2016-05
2016-05-05 13:08:00,242.8,S3,S3_B,2016-05-05,2016,2016-05
2016-05-05 13:27:00,12.800457763671876,S3,S3_B,2016-05-05,2016,2016-05
2016-05-09 09:21:00,242.8,S3,S3_B,2016-05-09,2016,2016-05
2016-05-09 11:14:00,242.8,S3,S3_B,2016-05-09,2016,2016-05
2016-05-09 12:11:00,-207.2007629394531,S3,S3_B,2016-05-09,2016,2016-05
2016-05-12 09:45:00,-157.2,S2,S2_HV-1,2016-05-12,2016,2016-05
2016-05-13 10:06:00,72.8,S2,S2_LV-1,2016-05-13,2016,2016-05
2016-05-13 10:20:00,72.8,S2,S2_LV-2,2016-05-13,2016,2016-05
2016-05-16 10:40:00,-87.2,S2,S2_LV-1,2016-05-16,2016,2016-05
2016-05-17 09:20:00,-87.2,S2,S2_LV-1,2016-05-17,2016,2016-05
2016-05-18 10:30:00,-87.2,S2,S2_LV-1,2016-05-18,2016,2016-05
2016-05-19 10:51:00,-87.2,S2,S2_LV-1,2016-05-19,2016,2016-05
2016-05-19 12:06:00,72.8,S2,S2_LV-3,2016-05-19,2016,2016-05
2016-05-19 12:43:00,72.8,S2,S2_LV-3,2016-05-19,2016,2016-05
2016-05-20 10:34:00,72.8,S2,S2_LV-1,2016-05-20,2016,2016-05
2016-05-20 12:44:00,72.8,S2,S2_LV-1,2016-05-20,2016,2016-05
2016-05-23 10:01:00,72.8,S2,S2_LV-3,2016-05-23,2016,2016-05
2016-05-23 10:14:00,72.8,S2,S2_LV-1,2016-05-23,2016,2016-05
2016-05-24 10:16:00,72.8,S2,S2_LV-1,2016-05-24,2016,2016-05
2016-05-25 10:41:00,72.8,S2,S2_LV-1,2016-05-25,2016,2016-05
2016-05-25 10:41:00,72.8,S2,S2_LV-2,2016-05-25,2016,2016-05
2016-05-26 10:45:00,-87.2,S2,S2_LV-1,2016-05-26,2016,2016-05
2016-05-27 10:20:00,72.8,S2,S2_LV-3,2016-05-27,2016,2016-05
2016-05-31 10:33:00,-87.2,S2,S2_LV-1,2016-05-31,2016,2016-05
2016-05-31 10:34:00,-87.2,S2,S2_LV-3,2016-05-31,2016,2016-05
2016-06-07 09:48:00,72.8,S2,S2_LV-1,2016-06-07,2016,2016-06
2016-06-07 10:47:00,-87.2,S2,S2_LV-2,2016-06-07,2016,2016-06
2016-06-08 10:53:00,72.8,S2,S2_LV-1,2016-06-08,2016,2016-06
2016-06-08 10:56:00,72.8,S2,S2_LV-2,2016-06-08,2016,2016-06
2016-06-09 09:45:00,72.8,S2,S2_LV-1,2016-06-09,2016,2016-06
2016-06-10 11:40:00,-87.2,S2,S2_LV-1,2016-06-10,2016,2016-06
2016-06-13 09:47:00,-87.2,S2,S2_LV-1,2016-06-13,2016,2016-06
2016-06-15 10:00:00,72.8,S2,S2_LV-2,2016-06-15,2016,2016-06
2016-06-15 11:10:00,-87.2,S2,S2_LV-1,2016-06-15,2016,2016-06
2016-06-16 10:42:00,72.8,S2,S2_LV-3,2016-06-16,2016,2016-06
2016-06-16 11:23:00,72.8,S2,S2_LV-1,2016-06-16,2016,2016-06
2016-06-17 09:35:00,72.8,S2,S2_LV-2,2016-06-17,2016,2016-06
2016-06-17 10:25:00,72.8,S2,S2_LV-1,2016-06-17,2016,2016-06
2016-06-20 09:01:00,72.8,S2,S2_LV-1,2016-06-20,2016,2016-06
2016-06-20 10:12:00,72.8,S2,S2_LV-2,2016-06-20,2016,2016-06
2016-06-21 09:05:00,-87.2,S2,S2_LV-1,2016-06-21,2016,2016-06
2016-06-21 10:38:00,72.8,S2,S2_LV-2,2016-06-21,2016,2016-06
2016-06-21 11:23:00,-87.2,S2,S2_LV-3,2016-06-21,2016,2016-06
2016-06-22 11:05:00,-87.2,S2,S2_LV-1,2016-06-22,2016,2016-06
2016-06-22 13:38:00,72.8,S2,S2_LV-1,2016-06-22,2016,2016-06
2016-06-23 09:57:00,72.8,S2,S2_LV-2,2016-06-23,2016,2016-06
2016-06-23 10:35:00,-87.2,S2,S2_LV-1,2016-06-23,2016,2016-06
2016-06-27 10:54:00,72.8,S2,S2_LV-1,2016-06-27,2016,2016-06
2016-06-27 13:38:00,72.8,S2,S2_LV-1,2016-06-27,2016,2016-06
2016-06-28 09:24:00,-87.2,S2,S2_LV-1,2016-06-28,2016,2016-06
2016-06-28 11:21:00,-87.2,S2,S2_LV-1,2016-06-28,2016,2016-06
2016-06-29 10:00:00,-87.2,S2,S2_LV-2,2016-06-29,2016,2016-06
2016-06-29 10:45:00,72.8,S2,S2_LV-1,2016-06-29,2016,2016-06
2016-07-01 09:01:00,-87.2,S2,S2_LV-1,2016-07-01,2016,2016-07
2016-07-01 10:05:00,72.8,S2,S2_LV-1,2016-07-01,2016,2016-07
2016-07-01 11:53:00,72.8,S2,S2_LV-2,2016-07-01,2016,2016-07
2016-07-06 09:35:00,72.8,S2,S2_LV-2,2016-07-06,2016,2016-07
2016-07-06 09:40:00,72.8,S2,S2_LV-1,2016-07-06,2016,2016-07
2016-07-08 09:08:00,-157.2,S2,S2_HV-1,2016-07-08,2016,2016-07
2016-07-08 09:11:00,-157.2,S2,S2_HV-2,2016-07-08,2016,2016-07
2016-07-08 10:26:00,-157.2,S2,S2_HV-1,2016-07-08,2016,2016-07
2016-07-08 10:40:00,142.8,S2,S2_HV-2,2016-07-08,2016,2016-07
2016-07-11 09:29:00,242.8,S3,S3_B,2016-07-11,2016,2016-07
2016-07-11 09:43:00,142.8,S2,S2_HV-1,2016-07-11,2016,2016-07
2016-07-11 10:05:00,242.8,S3,S3_B,2016-07-11,2016,2016-07
2016-07-11 11:07:00,242.8,S3,S3_B,2016-07-11,2016,2016-07
2016-07-11 12:06:00,-17.198321533203124,S3,S3_B,2016-07-11,2016,2016-07
2016-07-11 12:10:00,142.8,S2,S2_HV-1,2016-07-11,2016,2016-07
2016-07-13 10:30:00,-157.2,S2,S2_HV-1,2016-07-13,2016,2016-07
2016-07-14 09:31:00,142.8,S2,S2_HV-1,2016-07-14,2016,2016-07
2016-07-15 09:18:00,242.8,S3,S3_B,2016-07-15,2016,2016-07
2016-07-15 09:46:00,-87.2,S2,S2_LV-1,2016-07-15,2016,2016-07
2016-07-15 11:08:00,-217.20289916992184,S3,S3_B,2016-07-15,2016,2016-07
2016-07-18 09:54:00,72.8,S2,S2_LV-3,2016-07-18,2016,2016-07
2016-07-19 10:05:00,-87.2,S2,S2_LV-3,2016-07-19,2016,2016-07
2016-07-20 09:12:00,72.8,S2,S2_LV-3,2016-07-20,2016,2016-07
2016-07-20 10:29:00,-87.2,S2,S2_LV-1,2016-07-20,2016,2016-07
2016-07-20 10:30:00,-87.2,S2,S2_LV-2,2016-07-20,2016,2016-07
2016-07-21 10:57:00,72.8,S2,S2_LV-1,2016-07-21,2016,2016-07
2016-07-21 11:35:00,72.8,S2,S2_LV-3,2016-07-21,2016,2016-07
2016-07-21 12:11:00,72.8,S2,S2_LV-1,2016-07-21,2016,2016-07
2016-07-22 10:07:00,72.8,S2,S2_LV-3,2016-07-22,2016,2016-07
2016-07-22 12:19:00,72.8,S2,S2_LV-1,2016-07-22,2016,2016-07
2016-07-25 09:16:00,72.8,S2,S2_LV-1,2016-07-25,2016,2016-07
2016-07-26 09:38:00,72.8,S2,S2_LV-2,2016-07-26,2016,2016-07
2016-07-26 09:46:00,-87.2,S2,S2_LV-1,2016-07-26,2016,2016-07
2016-07-27 09:32:00,72.8,S2,S2_LV-1,2016-07-27,2016,2016-07
2016-07-27 10:08:00,72.8,S2,S2_LV-2,2016-07-27,2016,2016-07
2016-07-27 10:32:00,72.8,S2,S2_LV-1,2016-07-27,2016,2016-07
2016-07-27 10:32:00,72.8,S2,S2_LV-3,2016-07-27,2016,2016-07
2016-07-27 10:45:00,-87.2,S2,S2_LV-1,2016-07-27,2016,2016-07
2016-07-29 11:23:00,72.8,S2,S2_LV-1,2016-07-29,2016,2016-07
2016-08-01 09:25:00,72.8,S2,S2_LV-1,2016-08-01,2016,2016-08
2016-08-01 11:32:00,72.8,S2,S2_LV-3,2016-08-01,2016,2016-08
2016-08-01 12:33:00,-87.2,S2,S2_LV-1,2016-08-01,2016,2016-08
2016-08-02 09:16:00,72.8,S2,S2_LV-1,2016-08-02,2016,2016-08
2016-08-02 09:51:00,72.8,S2,S2_LV-2,2016-08-02,2016,2016-08
2016-08-02 11:41:00,72.8,S2,S2_LV-1,2016-08-02,2016,2016-08
2016-08-03 09:59:00,72.8,S2,S2_LV-1,2016-08-03,2016,2016-08
2016-08-03 10:33:00,72.8,S2,S2_LV-2,2016-08-03,2016,2016-08
2016-08-03 11:47:00,72.8,S2,S2_LV-1,2016-08-03,2016,2016-08
2016-08-04 10:28:00,72.8,S2,S2_LV-2,2016-08-04,2016,2016-08
2016-08-04 11:10:00,72.8,S2,S2_LV-1,2016-08-04,2016,2016-08
2016-08-04 11:45:00,-87.2,S2,S2_LV-1,2016-08-04,2016,2016-08
2016-08-05 09:56:00,72.8,S2,S2_LV-1,2016-08-05,2016,2016-08
2016-08-05 10:40:00,-87.2,S2,S2_LV-3,2016-08-05,2016,2016-08
2016-08-08 09:03:00,72.8,S2,S2_LV-1,2016-08-08,2016,2016-08
2016-08-08 09:35:00,242.8,S3,S3_B,2016-08-08,2016,2016-08
2016-08-08 10:53:00,-417.203662109375,S3,S3_B,2016-08-08,2016,2016-08
2016-08-08 11:22:00,72.8,S2,S2_LV-1,2016-08-08,2016,2016-08
2016-08-09 10:14:00,-87.2,S2,S2_LV-2,2016-08-09,2016,2016-08
2016-08-09 10:47:00,72.8,S2,S2_LV-1,2016-08-09,2016,2016-08
2016-08-10 10:05:00,72.8,S2,S2_LV-1,2016-08-10,2016,2016-08
2016-08-10 10:18:00,-87.2,S2,S2_LV-2,2016-08-10,2016,2016-08
2016-08-10 10:42:00,-87.2,S2,S2_LV-1,2016-08-10,2016,2016-08
2016-08-10 11:16:00,72.8,S2,S2_LV-3,2016-08-10,2016,2016-08
2016-08-10 11:54:00,72.8,S2,S2_LV-1,2016-08-10,2016,2016-08
2016-08-11 09:36:00,-87.2,S2,S2_LV-2,2016-08-11,2016,2016-08
2016-08-11 10:53:00,72.8,S2,S2_LV-1,2016-08-11,2016,2016-08
2016-08-11 12:43:00,72.8,S2,S2_LV-1,2016-08-11,2016,2016-08
2016-08-12 09:33:00,72.8,S2,S2_LV-2,2016-08-12,2016,2016-08
2016-08-12 09:58:00,72.8,S2,S2_LV-1,2016-08-12,2016,2016-08
2016-08-12 11:23:00,72.8,S2,S2_LV-1,2016-08-12,2016,2016-08
2016-08-15 09:47:00,72.8,S2,S2_LV-1,2016-08-15,2016,2016-08
2016-08-15 11:04:00,-87.2,S2,S2_LV-1,2016-08-15,2016,2016-08
2016-08-16 10:14:00,-87.2,S2,S2_LV-1,2016-08-16,2016,2016-08
2016-08-16 10:32:00,-87.2,S2,S2_LV-2,2016-08-16,2016,2016-08
2016-08-17 09:02:00,72.8,S2,S2_LV-1,2016-08-17,2016,2016-08
2016-08-18 10:57:00,72.8,S2,S2_LV-1,2016-08-18,2016,2016-08
2016-08-19 09:58:00,72.8,S2,S2_LV-2,2016-08-19,2016,2016-08
2016-08-22 09:01:00,72.8,S2,S2_LV-1,2016-08-22,2016,2016-08
2016-08-22 10:20:00,72.8,S2,S2_LV-2,2016-08-22,2016,2016-08
2016-08-24 09:42:00,-807.1999999999972,S3,S3_B,2016-08-24,2016,2016-08
2016-08-31 10:27:00,72.8,S2,S2_LV-2,2016-08-31,2016,2016-08
2016-09-01 09:32:00,72.8,S2,S2_LV-1,2016-09-01,2016,2016-09
2016-09-01 12:32:00,72.8,S2,S2_LV-1,2016-09-01,2016,2016-09
2016-09-02 09:27:00,-87.2,S2,S2_LV-1,2016-09-02,2016,2016-09
2016-09-02 09:38:00,72.8,S2,S2_LV-2,2016-09-02,2016,2016-09
2016-09-02 11:42:00,72.8,S2,S2_LV-1,2016-09-02,2016,2016-09
2016-09-06 09:26:00,-87.2,S2,S2_LV-1,2016-09-06,2016,2016-09
2016-09-06 10:17:00,-87.2,S2,S2_LV-2,2016-09-06,2016,2016-09
2016-09-06 11:40:00,72.8,S2,S2_LV-1,2016-09-06,2016,2016-09
2016-09-07 11:28:00,242.8,S3,S3_B,2016-09-07,2016,2016-09
2016-09-07 11:40:00,-77.19969482421875,S3,S3_B,2016-09-07,2016,2016-09
2016-09-14 09:04:00,72.8,S2,S2_LV-1,2016-09-14,2016,2016-09
2016-09-14 10:36:00,-87.2,S2,S2_LV-1,2016-09-14,2016,2016-09
2016-09-14 11:00:00,72.8,S2,S2_LV-1,2016-09-14,2016,2016-09
2016-09-15 09:51:00,72.8,S2,S2_LV-3,2016-09-15,2016,2016-09
2016-09-15 09:51:00,-87.2,S2,S2_LV-1,2016-09-15,2016,2016-09
2016-09-16 09:06:00,72.8,S2,S2_LV-1,2016-09-16,2016,2016-09
2016-09-16 10:07:00,-127.19893188476564,S3,S3_B,2016-09-16,2016,2016-09
2016-09-16 10:32:00,-87.2,S2,S2_LV-2,2016-09-16,2016,2016-09
2016-09-16 11:09:00,72.8,S2,S2_LV-1,2016-09-16,2016,2016-09
2016-09-20 10:05:00,-87.2,S2,S2_LV-2,2016-09-20,2016,2016-09
2016-09-20 10:06:00,-87.2,S2,S2_LV-1,2016-09-20,2016,2016-09
2016-09-22 10:53:00,72.8,S2,S2_LV-2,2016-09-22,2016,2016-09
2016-09-23 12:02:00,-87.2,S2,S2_LV-1,2016-09-23,2016,2016-09
2016-09-23 12:21:00,72.8,S2,S2_LV-2,2016-09-23,2016,2016-09
2016-09-23 12:55:00,72.8,S2,S2_LV-1,2016-09-23,2016,2016-09
2016-09-29 10:17:00,72.8,S2,S2_LV-1,2016-09-29,2016,2016-09
2016-09-29 12:07:00,72.8,S2,S2_LV-1,2016-09-29,2016,2016-09
2016-09-30 09:02:00,-87.2,S2,S2_LV-1,2016-09-30,2016,2016-09
2016-09-30 09:47:00,72.8,S2,S2_LV-2,2016-09-30,2016,2016-09
2016-10-03 11:11:00,72.8,S2,S2_LV-2,2016-10-03,2016,2016-10
2016-10-03 12:18:00,-87.2,S2,S2_LV-1,2016-10-03,2016,2016-10
2016-10-04 09:10:00,72.8,S2,S2_LV-3,2016-10-04,2016,2016-10
2016-10-04 09:32:00,72.8,S2,S2_LV-1,2016-10-04,2016,2016-10
2016-10-05 10:15:00,72.8,S2,S2_LV-1,2016-10-05,2016,2016-10
2016-10-05 10:30:00,-87.2,S2,S2_LV-2,2016-10-05,2016,2016-10
2016-10-06 10:15:00,72.8,S2,S2_LV-2,2016-10-06,2016,2016-10
2016-10-07 09:35:00,-87.2,S2,S2_LV-2,2016-10-07,2016,2016-10
2016-10-10 09:11:00,72.8,S2,S2_LV-1,2016-10-10,2016,2016-10
2016-10-10 09:37:00,72.8,S2,S2_LV-1,2016-10-10,2016,2016-10
2016-10-10 09:39:00,72.8,S2,S2_LV-3,2016-10-10,2016,2016-10
2016-10-10 10:23:00,-87.2,S2,S2_LV-1,2016-10-10,2016,2016-10
2016-10-11 09:50:00,72.8,S2,S2_LV-1,2016-10-11,2016,2016-10
2016-10-11 12:15:00,72.8,S2,S2_LV-1,2016-10-11,2016,2016-10
2016-10-12 10:35:00,-87.2,S2,S2_LV-2,2016-10-12,2016,2016-10
2016-10-12 11:00:00,72.8,S2,S2_LV-1,2016-10-12,2016,2016-10
2016-10-13 09:34:00,72.8,S2,S2_LV-2,2016-10-13,2016,2016-10
2016-10-13 11:00:00,-87.2,S2,S2_LV-1,2016-10-13,2016,2016-10
2016-10-13 11:09:00,72.8,S2,S2_LV-1,2016-10-13,2016,2016-10
2016-10-13 11:47:00,72.8,S2,S2_LV-1,2016-10-13,2016,2016-10
2016-10-14 09:32:00,72.8,S2,S2_LV-2,2016-10-14,2016,2016-10
2016-10-18 09:54:00,-87.2,S2,S2_LV-1,2016-10-18,2016,2016-10
2016-10-19 10:34:00,72.8,S2,S2_LV-3,2016-10-19,2016,2016-10
2016-10-20 09:37:00,72.8,S2,S2_LV-1,2016-10-20,2016,2016-10
2016-10-20 11:38:00,-87.2,S2,S2_LV-2,2016-10-20,2016,2016-10
2016-10-21 09:30:00,72.8,S2,S2_LV-1,2016-10-21,2016,2016-10
2016-10-24 09:11:00,-87.2,S2,S2_LV-3,2016-10-24,2016,2016-10
2016-10-24 13:46:00,42.79999999999716,S2,S2_LV-1,2016-10-24,2016,2016-10
2016-10-25 10:52:00,-87.2,S2,S2_LV-1,2016-10-25,2016,2016-10
2016-10-25 11:55:00,72.8,S2,S2_LV-2,2016-10-25,2016,2016-10
2016-10-26 09:29:00,72.8,S2,S2_LV-1,2016-10-26,2016,2016-10
2016-10-26 10:36:00,72.8,S2,S2_LV-1,2016-10-26,2016,2016-10
2016-10-26 11:37:00,72.8,S2,S2_LV-1,2016-10-26,2016,2016-10
2016-10-26 11:45:00,72.8,S2,S2_LV-3,2016-10-26,2016,2016-10
2016-10-27 09:31:00,-87.2,S2,S2_LV-3,2016-10-27,2016,2016-10
2016-10-27 09:37:00,-87.2,S2,S2_LV-1,2016-10-27,2016,2016-10
2016-10-27 12:32:00,-87.2,S2,S2_LV-1,2016-10-27,2016,2016-10
2016-10-28 11:09:00,-87.2,S2,S2_LV-3,2016-10-28,2016,2016-10
2016-10-28 13:52:00,-87.2,S2,S2_LV-1,2016-10-28,2016,2016-10
2016-10-31 09:46:00,-87.2,S2,S2_LV-2,2016-10-31,2016,2016-10
2016-11-01 09:52:00,72.8,S2,S2_LV-3,2016-11-01,2016,2016-11
2016-11-01 10:08:00,72.8,S2,S2_LV-1,2016-11-01,2016,2016-11
2016-11-01 12:30:00,72.8,S2,S2_LV-1,2016-11-01,2016,2016-11
2016-11-01 13:25:00,72.8,S2,S2_LV-3,2016-11-01,2016,2016-11
2016-11-02 09:03:00,72.8,S2,S2_LV-1,2016-11-02,2016,2016-11
2016-11-03 09:45:00,72.8,S2,S2_LV-1,2016-11-03,2016,2016-11
2016-11-03 11:26:00,72.8,S2,S2_LV-1,2016-11-03,2016,2016-11
2016-11-03 12:48:00,72.8,S2,S2_LV-1,2016-11-03,2016,2016-11
2016-11-04 09:47:00,72.8,S2,S2_LV-1,2016-11-04,2016,2016-11
2016-11-04 10:35:00,72.8,S2,S2_LV-2,2016-11-04,2016,2016-11
2016-11-04 10:44:00,-87.2,S2,S2_LV-1,2016-11-04,2016,2016-11
2016-11-07 09:34:00,-87.2,S2,S2_LV-1,2016-11-07,2016,2016-11
2016-11-08 09:53:00,-87.2,S2,S2_LV-1,2016-11-08,2016,2016-11
2016-11-08 10:44:00,72.8,S2,S2_LV-2,2016-11-08,2016,2016-11
2016-11-08 10:57:00,-87.2,S2,S2_LV-1,2016-11-08,2016,2016-11
2016-11-09 10:30:00,-87.2,S2,S2_LV-1,2016-11-09,2016,2016-11
2016-11-09 10:30:00,-87.2,S2,S2_LV-2,2016-11-09,2016,2016-11
2016-11-09 13:33:00,72.8,S2,S2_LV-1,2016-11-09,2016,2016-11
2016-11-10 10:15:00,-87.2,S2,S2_LV-2,2016-11-10,2016,2016-11
2016-11-14 12:19:00,72.8,S2,S2_LV-3,2016-11-14,2016,2016-11
2016-11-14 12:39:00,-7.2,S2,S2_LV-1,2016-11-14,2016,2016-11
2016-11-14 13:45:00,-87.2,S2,S2_LV-2,2016-11-14,2016,2016-11
2016-11-14 13:49:00,-87.2,S2,S2_LV-1,2016-11-14,2016,2016-11
2016-11-15 09:07:00,-87.2,S2,S2_LV-1,2016-11-15,2016,2016-11
2016-11-16 10:34:00,72.8,S2,S2_LV-1,2016-11-16,2016,2016-11
2016-11-16 10:39:00,442.80000000000285,S3,S3_C,2016-11-16,2016,2016-11
2016-11-16 10:58:00,-87.2,S2,S2_LV-1,2016-11-16,2016,2016-11
2016-11-17 09:41:00,-87.2,S2,S2_LV-1,2016-11-17,2016,2016-11
2016-11-17 11:06:00,72.8,S2,S2_LV-1,2016-11-17,2016,2016-11
2016-11-18 09:07:00,-147.1993896484375,S3,S3_B,2016-11-18,2016,2016-11
2016-11-18 09:46:00,-87.2,S2,S2_LV-2,2016-11-18,2016,2016-11
2016-11-18 10:10:00,72.8,S2,S2_LV-1,2016-11-18,2016,2016-11
2016-11-21 10:55:00,72.8,S2,S2_LV-1,2016-11-21,2016,2016-11
2016-11-21 12:15:00,-87.2,S2,S2_LV-2,2016-11-21,2016,2016-11
2016-11-22 09:42:00,72.8,S2,S2_LV-2,2016-11-22,2016,2016-11
2016-11-22 10:28:00,-87.2,S2,S2_LV-1,2016-11-22,2016,2016-11
2016-11-22 11:16:00,72.8,S2,S2_LV-3,2016-11-22,2016,2016-11
2016-11-22 11:58:00,72.8,S2,S2_LV-1,2016-11-22,2016,2016-11
2016-11-23 09:35:00,-87.2,S2,S2_LV-2,2016-11-23,2016,2016-11
2016-11-23 10:26:00,72.8,S2,S2_LV-1,2016-11-23,2016,2016-11
2016-11-25 11:52:00,-87.2,S2,S2_LV-3,2016-11-25,2016,2016-11
2016-11-25 13:36:00,72.8,S2,S2_LV-1,2016-11-25,2016,2016-11
2016-11-28 09:39:00,72.8,S2,S2_LV-1,2016-11-28,2016,2016-11
2016-11-28 11:00:00,-87.2,S2,S2_LV-3,2016-11-28,2016,2016-11
2016-11-29 10:19:00,72.8,S2,S2_LV-1,2016-11-29,2016,2016-11
2016-11-29 10:19:00,72.8,S2,S2_LV-2,2016-11-29,2016,2016-11
2016-11-29 11:23:00,-87.2,S2,S2_LV-1,2016-11-29,2016,2016-11
2016-11-30 09:23:00,72.8,S2,S2_LV-3,2016-11-30,2016,2016-11
2016-11-30 09:23:00,-87.2,S2,S2_LV-1,2016-11-30,2016,2016-11
2016-11-30 09:29:00,-87.2,S2,S2_LV-1,2016-11-30,2016,2016-11
2016-11-30 09:30:00,72.8,S2,S2_LV-3,2016-11-30,2016,2016-11
2016-11-30 11:52:00,72.8,S2,S2_LV-2,2016-11-30,2016,2016-11
2016-11-30 13:42:00,-87.2,S2,S2_LV-1,2016-11-30,2016,2016-11
2016-12-01 09:54:00,72.8,S2,S2_LV-2,2016-12-01,2016,2016-12
2016-12-01 11:09:00,72.8,S2,S2_LV-1,2016-12-01,2016,2016-12
2016-12-01 11:20:00,-87.2,S2,S2_LV-3,2016-12-01,2016,2016-12
2016-12-02 09:03:00,72.8,S2,S2_LV-1,2016-12-02,2016,2016-12
2016-12-02 13:34:00,72.8,S2,S2_LV-1,2016-12-02,2016,2016-12
2016-12-05 09:40:00,-87.2,S2,S2_LV-1,2016-12-05,2016,2016-12
2016-12-05 10:19:00,-87.2,S2,S2_LV-2,2016-12-05,2016,2016-12
2016-12-06 10:03:00,72.8,S2,S2_LV-1,2016-12-06,2016,2016-12
2016-12-06 10:25:00,72.8,S2,S2_LV-2,2016-12-06,2016,2016-12
2016-12-07 10:35:00,-87.2,S2,S2_LV-2,2016-12-07,2016,2016-12
2016-12-08 09:51:00,-87.2,S2,S2_LV-1,2016-12-08,2016,2016-12
2016-12-09 09:24:00,72.8,S2,S2_LV-1,2016-12-09,2016,2016-12
2016-12-12 10:04:00,72.8,S2,S2_LV-1,2016-12-12,2016,2016-12
2016-12-12 10:42:00,-87.2,S2,S2_LV-2,2016-12-12,2016,2016-12
2016-12-12 11:37:00,-87.2,S2,S2_LV-1,2016-12-12,2016,2016-12
2016-12-13 10:33:00,72.8,S2,S2_LV-2,2016-12-13,2016,2016-12
2016-12-13 12:20:00,72.8,S2,S2_LV-1,2016-12-13,2016,2016-12
2016-12-14 09:44:00,72.8,S2,S2_LV-2,2016-12-14,2016,2016-12
2016-12-14 10:35:00,72.8,S2,S2_LV-1,2016-12-14,2016,2016-12
2016-12-15 10:32:00,72.8,S2,S2_LV-1,2016-12-15,2016,2016-12
2016-12-15 13:54:00,72.8,S2,S2_LV-1,2016-12-15,2016,2016-12
2016-12-16 09:24:00,72.8,S2,S2_LV-1,2016-12-16,2016,2016-12
2016-12-16 12:02:00,-87.2,S2,S2_LV-1,2016-12-16,2016,2016-12
2016-12-19 09:47:00,72.8,S2,S2_LV-2,2016-12-19,2016,2016-12
2016-12-19 12:23:00,72.8,S2,S2_LV-1,2016-12-19,2016,2016-12
2016-12-20 09:37:00,72.8,S2,S2_LV-1,2016-12-20,2016,2016-12
2016-12-20 10:31:00,-297.1971008300781,S3,S3_B,2016-12-20,2016,2016-12
2016-12-20 11:45:00,-87.2,S2,S2_LV-2,2016-12-20,2016,2016-12
2016-12-21 09:54:00,72.8,S2,S2_LV-2,2016-12-21,2016,2016-12
2016-12-21 10:35:00,242.8,S3,S3_B,2016-12-21,2016,2016-12
2016-12-21 12:22:00,242.8,S3,S3_B,2016-12-21,2016,2016-12
2016-12-21 13:21:00,-87.2018310546875,S3,S3_B,2016-12-21,2016,2016-12
2016-12-22 11:19:00,-87.2,S2,S2_LV-1,2016-12-22,2016,2016-12
2016-12-23 13:58:00,32.799999999999145,S2,S2_LV-1,2016-12-23,2016,2016-12
2016-12-27 09:17:00,72.8,S2,S2_LV-1,2016-12-27,2016,2016-12
2016-12-28 10:02:00,72.8,S2,S2_LV-1,2016-12-28,2016,2016-12
2016-12-29 11:04:00,72.8,S2,S2_LV-1,2016-12-29,2016,2016-12
2016-12-29 11:29:00,72.8,S2,S2_LV-2,2016-12-29,2016,2016-12
2017-01-03 10:06:00,72.8,S2,S2_LV-1,2017-01-03,2017,2017-01
2017-01-03 10:52:00,-87.2,S2,S2_LV-1,2017-01-03,2017,2017-01
2017-01-03 11:53:00,-87.2,S2,S2_LV-1,2017-01-03,2017,2017-01
2017-01-03 12:10:00,-87.2,S2,S2_LV-1,2017-01-03,2017,2017-01
2017-01-04 09:12:00,-87.2,S2,S2_LV-1,2017-01-04,2017,2017-01
2017-01-04 11:08:00,-87.2,S2,S2_LV-2,2017-01-04,2017,2017-01
2017-01-04 12:21:00,-87.2,S2,S2_LV-1,2017-01-04,2017,2017-01
2017-01-06 09:10:00,72.8,S2,S2_LV-1,2017-01-06,2017,2017-01
2017-01-06 10:33:00,72.8,S2,S2_LV-2,2017-01-06,2017,2017-01
2017-01-10 10:16:00,72.8,S2,S2_LV-3,2017-01-10,2017,2017-01
2017-01-10 10:49:00,72.8,S2,S2_LV-1,2017-01-10,2017,2017-01
2017-01-11 10:10:00,72.8,S2,S2_LV-1,2017-01-11,2017,2017-01
2017-01-11 10:31:00,72.8,S2,S2_LV-1,2017-01-11,2017,2017-01
2017-01-11 10:40:00,-87.2,S2,S2_LV-2,2017-01-11,2017,2017-01
2017-01-11 11:13:00,72.8,S2,S2_LV-1,2017-01-11,2017,2017-01
2017-01-11 12:36:00,72.8,S2,S2_LV-1,2017-01-11,2017,2017-01
2017-01-17 10:12:00,72.8,S2,S2_LV-1,2017-01-17,2017,2017-01
2017-01-17 10:15:00,72.8,S2,S2_LV-2,2017-01-17,2017,2017-01
2017-01-17 11:18:00,72.8,S2,S2_LV-1,2017-01-17,2017,2017-01
2017-01-26 09:37:00,-87.2,S2,S2_LV-3,2017-01-26,2017,2017-01
2017-01-26 10:42:00,-87.2,S2,S2_LV-1,2017-01-26,2017,2017-01
2017-02-02 09:34:00,72.8,S2,S2_LV-1,2017-02-02,2017,2017-02
2017-02-03 10:53:00,-87.2,S2,S2_LV-1,2017-02-03,2017,2017-02
2017-02-06 10:30:00,-87.2,S2,S2_LV-2,2017-02-06,2017,2017-02
2017-02-07 09:22:00,-87.2,S2,S2_LV-3,2017-02-07,2017,2017-02
2017-02-07 11:37:00,72.8,S2,S2_LV-1,2017-02-07,2017,2017-02
2017-02-08 11:13:00,-87.2,S2,S2_LV-1,2017-02-08,2017,2017-02
2017-02-08 11:52:00,72.8,S2,S2_LV-2,2017-02-08,2017,2017-02
2017-02-09 09:56:00,72.8,S2,S2_LV-1,2017-02-09,2017,2017-02
2017-02-10 11:15:00,72.8,S2,S2_LV-2,2017-02-10,2017,2017-02
2017-02-10 11:33:00,72.8,S2,S2_LV-1,2017-02-10,2017,2017-02
2017-02-14 09:42:00,72.8,S2,S2_LV-1,2017-02-14,2017,2017-02
2017-02-14 10:18:00,-87.2,S2,S2_LV-2,2017-02-14,2017,2017-02
2017-02-16 09:18:00,72.8,S2,S2_LV-3,2017-02-16,2017,2017-02
2017-02-17 09:36:00,72.8,S2,S2_LV-1,2017-02-17,2017,2017-02
2017-02-22 11:15:00,72.8,S2,S2_LV-1,2017-02-22,2017,2017-02
2017-02-22 12:34:00,72.8,S2,S2_LV-2,2017-02-22,2017,2017-02
2017-02-23 11:03:00,72.8,S2,S2_LV-2,2017-02-23,2017,2017-02
2017-02-23 11:11:00,-87.2,S2,S2_LV-1,2017-02-23,2017,2017-02
2017-02-24 09:32:00,72.8,S2,S2_LV-1,2017-02-24,2017,2017-02
2017-03-02 09:43:00,-87.2,S2,S2_LV-1,2017-03-02,2017,2017-03
2017-03-02 10:18:00,-87.2,S2,S2_LV-2,2017-03-02,2017,2017-03
2017-03-03 09:56:00,-87.2,S2,S2_LV-1,2017-03-03,2017,2017-03
2017-03-06 10:25:00,72.8,S2,S2_LV-1,2017-03-06,2017,2017-03
2017-03-08 09:50:00,72.8,S2,S2_LV-1,2017-03-08,2017,2017-03
2017-03-08 11:12:00,72.8,S2,S2_LV-3,2017-03-08,2017,2017-03
2017-03-08 12:07:00,-87.2,S2,S2_LV-1,2017-03-08,2017,2017-03
2017-03-08 12:08:00,72.8,S2,S2_LV-3,2017-03-08,2017,2017-03
2017-03-09 12:19:00,72.8,S2,S2_LV-1,2017-03-09,2017,2017-03
2017-03-09 12:54:00,72.8,S2,S2_LV-3,2017-03-09,2017,2017-03
2017-03-10 09:24:00,-87.2,S2,S2_LV-1,2017-03-10,2017,2017-03
2017-03-10 10:48:00,72.8,S2,S2_LV-1,2017-03-10,2017,2017-03
2017-03-10 12:54:00,72.8,S2,S2_LV-1,2017-03-10,2017,2017-03
2017-03-10 13:51:00,-87.2,S2,S2_LV-3,2017-03-10,2017,2017-03
2017-03-13 09:37:00,-87.2,S2,S2_LV-1,2017-03-13,2017,2017-03
2017-03-13 09:55:00,72.8,S2,S2_LV-2,2017-03-13,2017,2017-03
2017-03-14 09:46:00,72.8,S2,S2_LV-1,2017-03-14,2017,2017-03
2017-03-15 09:06:00,72.8,S2,S2_LV-1,2017-03-15,2017,2017-03
2017-03-15 10:38:00,72.8,S2,S2_LV-2,2017-03-15,2017,2017-03
2017-03-16 09:15:00,72.8,S2,S2_LV-1,2017-03-16,2017,2017-03
2017-03-20 10:05:00,-87.2,S2,S2_LV-2,2017-03-20,2017,2017-03
2017-03-20 10:50:00,-87.2,S2,S2_LV-1,2017-03-20,2017,2017-03
2017-03-21 09:01:00,-87.2,S2,S2_LV-1,2017-03-21,2017,2017-03
2017-03-21 10:16:00,-87.2,S2,S2_LV-2,2017-03-21,2017,2017-03
2017-03-21 11:09:00,72.8,S2,S2_LV-3,2017-03-21,2017,2017-03
2017-03-21 11:11:00,72.8,S2,S2_LV-1,2017-03-21,2017,2017-03
2017-03-22 10:37:00,-87.2,S2,S2_LV-3,2017-03-22,2017,2017-03
2017-03-22 10:44:00,72.8,S2,S2_LV-1,2017-03-22,2017,2017-03
2017-03-22 11:28:00,72.8,S2,S2_LV-2,2017-03-22,2017,2017-03
2017-03-24 14:29:00,-27.20000000000313,S2,S2_LV-2,2017-03-24,2017,2017-03
2017-03-28 11:45:00,72.8,S2,S2_LV-2,2017-03-28,2017,2017-03
2017-03-29 10:44:00,-87.2,S2,S2_LV-1,2017-03-29,2017,2017-03
2017-03-30 10:24:00,-87.2,S2,S2_LV-2,2017-03-30,2017,2017-03
2017-03-31 10:05:00,-87.2,S2,S2_LV-2,2017-03-31,2017,2017-03
2017-03-31 12:32:00,72.8,S2,S2_LV-1,2017-03-31,2017,2017-03
2017-04-03 09:41:00,-87.2,S2,S2_LV-2,2017-04-03,2017,2017-04
2017-04-03 10:49:00,-87.2,S2,S2_LV-1,2017-04-03,2017,2017-04
2017-04-04 13:27:00,-7.2,S2,S2_LV-1,2017-04-04,2017,2017-04
2017-04-05 11:15:00,-87.2,S2,S2_LV-2,2017-04-05,2017,2017-04
2017-04-05 11:16:00,-87.2,S2,S2_LV-1,2017-04-05,2017,2017-04
2017-04-06 09:12:00,72.8,S2,S2_LV-1,2017-04-06,2017,2017-04
2017-04-07 11:07:00,-87.2,S2,S2_LV-1,2017-04-07,2017,2017-04
2017-04-10 10:15:00,-87.2,S2,S2_LV-2,2017-04-10,2017,2017-04
2017-04-11 10:13:00,-87.2,S2,S2_LV-2,2017-04-11,2017,2017-04
2017-04-12 10:31:00,72.8,S2,S2_LV-1,2017-04-12,2017,2017-04
2017-04-12 10:31:00,72.8,S2,S2_LV-2,2017-04-12,2017,2017-04
2017-04-13 10:57:00,-87.2,S2,S2_LV-2,2017-04-13,2017,2017-04
2017-04-17 10:08:00,-87.2,S2,S2_LV-2,2017-04-17,2017,2017-04
2017-04-17 11:02:00,72.8,S2,S2_LV-1,2017-04-17,2017,2017-04
2017-04-18 10:36:00,72.8,S2,S2_LV-1,2017-04-18,2017,2017-04
2017-04-19 10:36:00,-87.2,S2,S2_LV-2,2017-04-19,2017,2017-04
2017-04-19 11:55:00,-87.2,S2,S2_LV-1,2017-04-19,2017,2017-04
2017-04-20 09:41:00,72.8,S2,S2_LV-2,2017-04-20,2017,2017-04
2017-04-20 10:18:00,72.8,S2,S2_LV-1,2017-04-20,2017,2017-04
2017-04-21 09:47:00,-87.2,S2,S2_LV-1,2017-04-21,2017,2017-04
2017-04-21 11:30:00,72.8,S2,S2_LV-1,2017-04-21,2017,2017-04
2017-04-25 09:52:00,72.8,S2,S2_LV-1,2017-04-25,2017,2017-04
2017-04-25 13:39:00,72.8,S2,S2_LV-2,2017-04-25,2017,2017-04
2017-04-26 09:03:00,-87.2,S2,S2_LV-1,2017-04-26,2017,2017-04
2017-04-26 09:03:00,-87.2,S2,S2_LV-3,2017-04-26,2017,2017-04
2017-04-26 09:52:00,72.8,S2,S2_LV-2,2017-04-26,2017,2017-04
2017-04-26 11:00:00,72.8,S2,S2_LV-1,2017-04-26,2017,2017-04
2017-04-27 11:11:00,72.8,S2,S2_LV-1,2017-04-27,2017,2017-04
2017-04-27 13:11:00,72.8,S2,S2_LV-2,2017-04-27,2017,2017-04
2017-04-27 13:49:00,-87.2,S2,S2_LV-1,2017-04-27,2017,2017-04
2017-04-28 10:15:00,72.8,S2,S2_LV-2,2017-04-28,2017,2017-04
2017-04-28 11:52:00,72.8,S2,S2_LV-1,2017-04-28,2017,2017-04
2017-05-02 13:53:00,72.8,S2,S2_LV-3,2017-05-02,2017,2017-05
2017-05-03 10:31:00,-87.2,S2,S2_LV-1,2017-05-03,2017,2017-05
2017-05-03 11:00:00,72.8,S2,S2_LV-2,2017-05-03,2017,2017-05
2017-05-04 09:50:00,-87.2,S2,S2_LV-1,2017-05-04,2017,2017-05
2017-05-04 11:46:00,72.8,S2,S2_LV-1,2017-05-04,2017,2017-05
2017-05-04 13:32:00,-87.2,S2,S2_LV-1,2017-05-04,2017,2017-05
2017-05-05 09:15:00,72.8,S2,S2_LV-1,2017-05-05,2017,2017-05
2017-05-05 10:45:00,72.8,S2,S2_LV-1,2017-05-05,2017,2017-05
2017-05-05 12:46:00,-87.2,S2,S2_LV-1,2017-05-05,2017,2017-05
2017-05-08 09:04:00,-87.2,S2,S2_LV-1,2017-05-08,2017,2017-05
2017-05-08 09:54:00,72.8,S2,S2_LV-1,2017-05-08,2017,2017-05
2017-05-08 10:34:00,-87.2,S2,S2_LV-2,2017-05-08,2017,2017-05
2017-05-09 11:13:00,72.8,S2,S2_LV-1,2017-05-09,2017,2017-05
2017-05-09 13:23:00,-87.2,S2,S2_LV-3,2017-05-09,2017,2017-05
2017-05-10 10:25:00,72.8,S2,S2_LV-2,2017-05-10,2017,2017-05
2017-05-10 10:34:00,72.8,S2,S2_LV-1,2017-05-10,2017,2017-05
2017-05-10 10:35:00,242.8,S3,S3_B,2017-05-10,2017,2017-05
2017-05-10 10:51:00,242.8,S3,S3_B,2017-05-10,2017,2017-05
2017-05-10 11:46:00,42.79923706054687,S3,S3_B,2017-05-10,2017,2017-05
2017-05-11 09:01:00,72.8,S2,S2_LV-1,2017-05-11,2017,2017-05
2017-05-11 11:31:00,-87.2,S2,S2_LV-2,2017-05-11,2017,2017-05
2017-05-12 10:26:00,72.8,S2,S2_LV-1,2017-05-12,2017,2017-05
2017-05-12 11:10:00,72.8,S2,S2_LV-3,2017-05-12,2017,2017-05
2017-05-16 11:05:00,-87.2,S2,S2_LV-3,2017-05-16,2017,2017-05
2017-05-17 09:19:00,-87.2,S2,S2_LV-1,2017-05-17,2017,2017-05
2017-05-17 10:22:00,72.8,S2,S2_LV-3,2017-05-17,2017,2017-05
2017-05-17 11:01:00,-87.2,S2,S2_LV-2,2017-05-17,2017,2017-05
2017-05-18 09:35:00,-87.2,S2,S2_LV-1,2017-05-18,2017,2017-05
2017-05-18 09:35:00,-87.2,S2,S2_LV-2,2017-05-18,2017,2017-05
2017-05-19 09:57:00,72.8,S2,S2_LV-1,2017-05-19,2017,2017-05
2017-05-22 09:02:00,72.8,S2,S2_LV-1,2017-05-22,2017,2017-05
2017-05-23 10:44:00,72.8,S2,S2_LV-2,2017-05-23,2017,2017-05
2017-05-24 10:29:00,72.8,S2,S2_LV-1,2017-05-24,2017,2017-05
2017-05-24 11:41:00,72.8,S2,S2_LV-2,2017-05-24,2017,2017-05
2017-05-25 09:41:00,72.8,S2,S2_LV-1,2017-05-25,2017,2017-05
2017-05-25 12:09:00,-87.2,S2,S2_LV-1,2017-05-25,2017,2017-05
2017-05-25 12:14:00,-87.2,S2,S2_LV-1,2017-05-25,2017,2017-05
2017-05-26 09:19:00,72.8,S2,S2_LV-1,2017-05-26,2017,2017-05
2017-05-26 10:11:00,-87.2,S2,S2_LV-2,2017-05-26,2017,2017-05
2017-05-29 10:07:00,-87.2,S2,S2_LV-2,2017-05-29,2017,2017-05
2017-05-31 09:04:00,72.8,S2,S2_LV-3,2017-05-31,2017,2017-05
2017-05-31 10:15:00,72.8,S2,S2_LV-3,2017-05-31,2017,2017-05
2017-05-31 10:16:00,72.8,S2,S2_LV-1,2017-05-31,2017,2017-05
2017-06-01 10:53:00,-87.2,S2,S2_LV-2,2017-06-01,2017,2017-06
2017-06-01 11:03:00,72.8,S2,S2_LV-1,2017-06-01,2017,2017-06
2017-06-01 11:15:00,72.8,S2,S2_LV-1,2017-06-01,2017,2017-06
2017-06-02 09:45:00,-87.2,S2,S2_LV-1,2017-06-02,2017,2017-06
2017-06-05 09:38:00,-87.2,S2,S2_LV-1,2017-06-05,2017,2017-06
2017-06-05 10:26:00,72.8,S2,S2_LV-2,2017-06-05,2017,2017-06
2017-06-06 13:06:00,72.8,S2,S2_LV-1,2017-06-06,2017,2017-06
2017-06-06 13:06:00,72.8,S2,S2_LV-2,2017-06-06,2017,2017-06
2017-06-07 10:29:00,72.8,S2,S2_LV-2,2017-06-07,2017,2017-06
2017-06-07 10:32:00,-87.2,S2,S2_LV-1,2017-06-07,2017,2017-06
2017-06-07 10:37:00,72.8,S2,S2_LV-3,2017-06-07,2017,2017-06
2017-06-08 09:39:00,-87.2,S2,S2_LV-1,2017-06-08,2017,2017-06
2017-06-08 10:19:00,-87.2,S2,S2_LV-1,2017-06-08,2017,2017-06
2017-06-09 09:49:00,72.8,S2,S2_LV-2,2017-06-09,2017,2017-06
2017-06-12 11:10:00,72.8,S2,S2_LV-1,2017-06-12,2017,2017-06
2017-06-14 10:43:00,72.8,S2,S2_LV-3,2017-06-14,2017,2017-06
2017-06-14 10:50:00,72.8,S2,S2_LV-1,2017-06-14,2017,2017-06
2017-06-15 09:07:00,-87.2,S2,S2_LV-1,2017-06-15,2017,2017-06
2017-06-15 09:56:00,72.8,S2,S2_LV-2,2017-06-15,2017,2017-06
2017-06-19 11:16:00,72.8,S2,S2_LV-2,2017-06-19,2017,2017-06
2017-06-20 09:40:00,72.8,S2,S2_LV-3,2017-06-20,2017,2017-06
2017-06-21 10:12:00,72.8,S2,S2_LV-2,2017-06-21,2017,2017-06
2017-06-21 11:03:00,72.8,S2,S2_LV-3,2017-06-21,2017,2017-06
2017-06-21 11:20:00,72.8,S2,S2_LV-1,2017-06-21,2017,2017-06
2017-06-21 12:50:00,72.8,S2,S2_LV-1,2017-06-21,2017,2017-06
2017-06-22 10:24:00,-87.2,S2,S2_LV-2,2017-06-22,2017,2017-06
2017-06-23 10:25:00,72.8,S2,S2_LV-2,2017-06-23,2017,2017-06
2017-06-23 10:30:00,72.8,S2,S2_LV-1,2017-06-23,2017,2017-06
2017-06-26 10:12:00,72.8,S2,S2_LV-3,2017-06-26,2017,2017-06
2017-06-28 10:06:00,72.8,S2,S2_LV-2,2017-06-28,2017,2017-06
2017-06-28 10:30:00,-87.2,S2,S2_LV-1,2017-06-28,2017,2017-06
2017-06-28 10:36:00,-87.2,S2,S2_LV-1,2017-06-28,2017,2017-06
2017-06-29 09:27:00,-87.2,S2,S2_LV-1,2017-06-29,2017,2017-06
2017-06-29 10:55:00,-87.2,S2,S2_LV-2,2017-06-29,2017,2017-06
2017-07-05 10:19:00,-87.2,S2,S2_LV-1,2017-07-05,2017,2017-07
2017-07-05 10:59:00,72.8,S2,S2_LV-2,2017-07-05,2017,2017-07
2017-07-06 11:02:00,72.8,S2,S2_LV-3,2017-07-06,2017,2017-07
2017-07-06 13:34:00,72.8,S2,S2_LV-1,2017-07-06,2017,2017-07
2017-07-10 09:33:00,-87.2,S2,S2_LV-1,2017-07-10,2017,2017-07
2017-07-11 09:44:00,-87.2,S2,S2_LV-2,2017-07-11,2017,2017-07
2017-07-11 09:57:00,72.8,S2,S2_LV-1,2017-07-11,2017,2017-07
2017-07-13 11:18:00,-197.1986267089844,S3,S3_B,2017-07-13,2017,2017-07
2017-07-17 09:59:00,-87.2,S2,S2_LV-1,2017-07-17,2017,2017-07
2017-07-18 09:11:00,-87.2,S2,S2_LV-1,2017-07-18,2017,2017-07
2017-07-18 11:16:00,-87.2,S2,S2_LV-1,2017-07-18,2017,2017-07
2017-07-19 10:39:00,-87.2,S2,S2_LV-1,2017-07-19,2017,2017-07
2017-07-20 10:02:00,72.8,S2,S2_LV-2,2017-07-20,2017,2017-07
2017-07-20 11:31:00,72.8,S2,S2_LV-1,2017-07-20,2017,2017-07
2017-07-21 09:02:00,72.8,S2,S2_LV-1,2017-07-21,2017,2017-07
2017-07-21 10:26:00,-87.2,S2,S2_LV-2,2017-07-21,2017,2017-07
2017-07-21 12:11:00,-87.2,S2,S2_LV-1,2017-07-21,2017,2017-07
2017-07-26 10:09:00,72.8,S2,S2_LV-2,2017-07-26,2017,2017-07
2017-07-26 10:50:00,72.8,S2,S2_LV-1,2017-07-26,2017,2017-07
2017-07-27 12:45:00,72.8,S2,S2_LV-1,2017-07-27,2017,2017-07
2017-07-31 09:35:00,-87.2,S2,S2_LV-1,2017-07-31,2017,2017-07
2017-07-31 10:21:00,-87.2,S2,S2_LV-2,2017-07-31,2017,2017-07
2017-08-01 10:41:00,72.8,S2,S2_LV-1,2017-08-01,2017,2017-08
2017-08-02 10:19:00,-87.2,S2,S2_LV-2,2017-08-02,2017,2017-08
2017-08-02 10:28:00,72.8,S2,S2_LV-1,2017-08-02,2017,2017-08
2017-08-02 13:23:00,-87.2,S2,S2_LV-1,2017-08-02,2017,2017-08
2017-08-03 11:03:00,-87.2,S2,S2_LV-2,2017-08-03,2017,2017-08
2017-08-04 09:19:00,72.8,S2,S2_LV-1,2017-08-04,2017,2017-08
2017-08-04 10:08:00,-87.2,S2,S2_LV-2,2017-08-04,2017,2017-08
2017-08-04 12:05:00,-87.2,S2,S2_LV-1,2017-08-04,2017,2017-08
2017-08-08 09:46:00,72.8,S2,S2_LV-1,2017-08-08,2017,2017-08
2017-08-08 11:23:00,72.8,S2,S2_LV-1,2017-08-08,2017,2017-08
2017-08-09 09:41:00,-87.2,S2,S2_LV-2,2017-08-09,2017,2017-08
2017-08-09 10:32:00,-87.2,S2,S2_LV-1,2017-08-09,2017,2017-08
2017-08-10 10:11:00,-87.2,S2,S2_LV-1,2017-08-10,2017,2017-08
2017-08-11 11:16:00,72.8,S2,S2_LV-2,2017-08-11,2017,2017-08
2017-08-14 09:44:00,72.8,S2,S2_LV-1,2017-08-14,2017,2017-08
2017-08-15 12:07:00,-87.2,S2,S2_LV-2,2017-08-15,2017,2017-08
2017-08-16 10:49:00,72.8,S2,S2_LV-2,2017-08-16,2017,2017-08
2017-08-17 10:51:00,72.8,S2,S2_LV-2,2017-08-17,2017,2017-08
2017-08-17 11:33:00,72.8,S2,S2_LV-1,2017-08-17,2017,2017-08
2017-08-18 10:41:00,-87.2,S2,S2_LV-1,2017-08-18,2017,2017-08
2017-08-18 12:20:00,-87.2,S2,S2_LV-1,2017-08-18,2017,2017-08
2017-08-21 09:08:00,72.8,S2,S2_LV-1,2017-08-21,2017,2017-08
2017-08-21 09:53:00,72.8,S2,S2_LV-2,2017-08-21,2017,2017-08
2017-08-21 11:21:00,72.8,S2,S2_LV-1,2017-08-21,2017,2017-08
2017-08-22 10:03:00,-87.2,S2,S2_LV-3,2017-08-22,2017,2017-08
2017-08-22 10:03:00,72.8,S2,S2_LV-1,2017-08-22,2017,2017-08
2017-08-23 10:48:00,72.8,S2,S2_LV-1,2017-08-23,2017,2017-08
2017-08-24 10:01:00,-87.2,S2,S2_LV-2,2017-08-24,2017,2017-08
2017-08-25 09:48:00,72.8,S2,S2_LV-1,2017-08-25,2017,2017-08
2017-08-28 11:08:00,-87.2,S2,S2_LV-2,2017-08-28,2017,2017-08
2017-08-29 10:17:00,72.8,S2,S2_LV-3,2017-08-29,2017,2017-08
2017-08-29 11:51:00,72.8,S2,S2_LV-1,2017-08-29,2017,2017-08
2017-08-30 10:09:00,-87.2,S2,S2_LV-2,2017-08-30,2017,2017-08
2017-08-30 10:44:00,-87.2,S2,S2_LV-1,2017-08-30,2017,2017-08
2017-08-30 12:26:00,72.8,S2,S2_LV-1,2017-08-30,2017,2017-08
2017-08-31 09:58:00,-87.2,S2,S2_LV-2,2017-08-31,2017,2017-08
2017-08-31 10:03:00,72.8,S2,S2_LV-1,2017-08-31,2017,2017-08
2017-09-01 10:34:00,72.8,S2,S2_LV-1,2017-09-01,2017,2017-09
2017-09-01 11:21:00,72.8,S2,S2_LV-2,2017-09-01,2017,2017-09
2017-09-06 09:50:00,72.8,S2,S2_LV-2,2017-09-06,2017,2017-09
2017-09-06 10:41:00,-87.2,S2,S2_LV-1,2017-09-06,2017,2017-09
2017-09-07 09:59:00,72.8,S2,S2_LV-2,2017-09-07,2017,2017-09
2017-09-07 11:04:00,72.8,S2,S2_LV-1,2017-09-07,2017,2017-09
2017-09-08 09:36:00,72.8,S2,S2_LV-2,2017-09-08,2017,2017-09
2017-09-11 11:25:00,72.8,S2,S2_LV-2,2017-09-11,2017,2017-09
2017-09-14 09:27:00,-87.2,S2,S2_LV-1,2017-09-14,2017,2017-09
2017-09-18 11:17:00,-87.2,S2,S2_LV-2,2017-09-18,2017,2017-09
2017-09-19 10:28:00,-87.2,S2,S2_LV-2,2017-09-19,2017,2017-09
2017-09-19 13:22:00,-87.2,S2,S2_LV-1,2017-09-19,2017,2017-09
2017-09-20 10:30:00,-87.2,S2,S2_LV-1,2017-09-20,2017,2017-09
2017-09-20 12:32:00,-87.2,S2,S2_LV-1,2017-09-20,2017,2017-09
2017-09-21 10:15:00,-87.2,S2,S2_LV-1,2017-09-21,2017,2017-09
2017-09-22 09:03:00,72.8,S2,S2_LV-1,2017-09-22,2017,2017-09
2017-09-26 10:17:00,72.8,S2,S2_LV-2,2017-09-26,2017,2017-09
2017-09-27 09:48:00,72.8,S2,S2_LV-1,2017-09-27,2017,2017-09
2017-09-27 10:44:00,72.8,S2,S2_LV-2,2017-09-27,2017,2017-09
2017-09-28 09:55:00,72.8,S2,S2_LV-1,2017-09-28,2017,2017-09
2017-09-28 10:01:00,-87.2,S2,S2_LV-2,2017-09-28,2017,2017-09
2017-09-28 12:00:00,72.8,S2,S2_LV-1,2017-09-28,2017,2017-09
2017-09-29 09:26:00,-87.2,S2,S2_LV-1,2017-09-29,2017,2017-09
2017-09-29 10:10:00,-87.2,S2,S2_LV-2,2017-09-29,2017,2017-09
2017-10-02 10:16:00,72.8,S2,S2_LV-1,2017-10-02,2017,2017-10
2017-10-03 09:50:00,-87.2,S2,S2_LV-1,2017-10-03,2017,2017-10
2017-10-04 10:54:00,72.8,S2,S2_LV-2,2017-10-04,2017,2017-10
2017-10-04 10:57:00,72.8,S2,S2_LV-1,2017-10-04,2017,2017-10
2017-10-04 12:48:00,-87.2,S2,S2_LV-3,2017-10-04,2017,2017-10
2017-10-04 13:19:00,-87.2,S2,S2_LV-1,2017-10-04,2017,2017-10
2017-10-05 10:07:00,-87.2,S2,S2_LV-1,2017-10-05,2017,2017-10
2017-10-05 11:25:00,-87.2,S2,S2_LV-1,2017-10-05,2017,2017-10
2017-10-06 09:55:00,72.8,S2,S2_LV-1,2017-10-06,2017,2017-10
2017-10-09 09:22:00,-87.2,S2,S2_LV-1,2017-10-09,2017,2017-10
2017-10-11 09:42:00,72.8,S2,S2_LV-2,2017-10-11,2017,2017-10
2017-10-11 12:03:00,-87.2,S2,S2_LV-1,2017-10-11,2017,2017-10
2017-10-13 09:45:00,72.8,S2,S2_LV-2,2017-10-13,2017,2017-10
2017-10-13 13:17:00,72.8,S2,S2_LV-1,2017-10-13,2017,2017-10
2017-10-16 09:42:00,72.8,S2,S2_LV-1,2017-10-16,2017,2017-10
2017-10-16 09:49:00,-87.2,S2,S2_LV-2,2017-10-16,2017,2017-10
2017-10-17 10:37:00,-87.2,S2,S2_LV-1,2017-10-17,2017,2017-10
2017-10-17 12:57:00,72.8,S2,S2_LV-1,2017-10-17,2017,2017-10
2017-10-18 10:13:00,-87.2,S2,S2_LV-1,2017-10-18,2017,2017-10
2017-10-18 10:30:00,-87.2,S2,S2_LV-2,2017-10-18,2017,2017-10
2017-10-18 11:16:00,72.8,S2,S2_LV-1,2017-10-18,2017,2017-10
2017-10-20 10:32:00,72.8,S2,S2_LV-3,2017-10-20,2017,2017-10
2017-10-23 09:04:00,72.8,S2,S2_LV-1,2017-10-23,2017,2017-10
2017-10-23 09:26:00,-87.2,S2,S2_LV-3,2017-10-23,2017,2017-10
2017-10-23 13:05:00,72.8,S2,S2_LV-2,2017-10-23,2017,2017-10
2017-10-24 10:34:00,-87.2,S2,S2_LV-2,2017-10-24,2017,2017-10
2017-10-24 10:51:00,-87.2,S2,S2_LV-1,2017-10-24,2017,2017-10
2017-10-25 11:55:00,-87.2,S2,S2_LV-2,2017-10-25,2017,2017-10
2017-10-25 13:01:00,52.80000000000227,S2,S2_LV-1,2017-10-25,2017,2017-10
2017-10-26 09:57:00,72.8,S2,S2_LV-2,2017-10-26,2017,2017-10
2017-10-27 10:24:00,72.8,S2,S2_LV-3,2017-10-27,2017,2017-10
2017-10-27 11:18:00,72.8,S2,S2_LV-3,2017-10-27,2017,2017-10
2017-10-30 10:09:00,72.8,S2,S2_LV-3,2017-10-30,2017,2017-10
2017-10-30 12:11:00,-87.2,S2,S2_LV-2,2017-10-30,2017,2017-10
2017-10-30 12:29:00,72.8,S2,S2_LV-1,2017-10-30,2017,2017-10
2017-10-31 10:36:00,72.8,S2,S2_LV-1,2017-10-31,2017,2017-10
2017-10-31 10:36:00,72.8,S2,S2_LV-2,2017-10-31,2017,2017-10
2017-10-31 13:27:00,72.8,S2,S2_LV-3,2017-10-31,2017,2017-10
2017-10-31 13:56:00,72.8,S2,S2_LV-1,2017-10-31,2017,2017-10
2017-11-01 10:33:00,-87.2,S2,S2_LV-2,2017-11-01,2017,2017-11
2017-11-01 12:55:00,-87.2,S2,S2_LV-1,2017-11-01,2017,2017-11
2017-11-02 13:33:00,-87.2,S2,S2_LV-1,2017-11-02,2017,2017-11
2017-11-03 11:18:00,-87.2,S2,S2_LV-2,2017-11-03,2017,2017-11
2017-11-03 11:24:00,-87.2,S2,S2_LV-1,2017-11-03,2017,2017-11
2017-11-03 12:35:00,-87.2,S2,S2_LV-3,2017-11-03,2017,2017-11
2017-11-03 12:37:00,72.8,S2,S2_LV-1,2017-11-03,2017,2017-11
2017-11-03 14:11:00,72.8,S2,S2_LV-1,2017-11-03,2017,2017-11
2017-11-06 11:55:00,-87.2,S2,S2_LV-3,2017-11-06,2017,2017-11
2017-11-06 12:36:00,72.8,S2,S2_LV-1,2017-11-06,2017,2017-11
2017-11-07 09:54:00,72.8,S2,S2_LV-1,2017-11-07,2017,2017-11
2017-11-07 10:27:00,-87.2,S2,S2_LV-2,2017-11-07,2017,2017-11
2017-11-08 10:41:00,72.8,S2,S2_LV-1,2017-11-08,2017,2017-11
2017-11-08 11:23:00,-87.2,S2,S2_LV-1,2017-11-08,2017,2017-11
2017-11-08 11:28:00,72.8,S2,S2_LV-2,2017-11-08,2017,2017-11
2017-11-08 12:28:00,72.8,S2,S2_LV-3,2017-11-08,2017,2017-11
2017-11-08 12:38:00,72.8,S2,S2_LV-1,2017-11-08,2017,2017-11
2017-11-08 12:40:00,-87.2,S2,S2_LV-3,2017-11-08,2017,2017-11
2017-11-08 12:55:00,72.8,S2,S2_LV-3,2017-11-08,2017,2017-11
2017-11-09 10:05:00,72.8,S2,S2_LV-3,2017-11-09,2017,2017-11
2017-11-09 11:10:00,-87.2,S2,S2_LV-1,2017-11-09,2017,2017-11
2017-11-10 09:53:00,-87.2,S2,S2_LV-2,2017-11-10,2017,2017-11
2017-11-13 10:16:00,-87.2,S2,S2_LV-3,2017-11-13,2017,2017-11
2017-11-13 10:16:00,-87.2,S2,S2_LV-1,2017-11-13,2017,2017-11
2017-11-14 09:06:00,72.8,S2,S2_LV-1,2017-11-14,2017,2017-11
2017-11-14 10:24:00,-87.2,S2,S2_LV-2,2017-11-14,2017,2017-11
2017-11-14 10:53:00,-87.2,S2,S2_LV-1,2017-11-14,2017,2017-11
2017-11-15 10:31:00,-87.2,S2,S2_LV-2,2017-11-15,2017,2017-11
2017-11-15 10:39:00,72.8,S2,S2_LV-1,2017-11-15,2017,2017-11
2017-11-16 10:22:00,72.8,S2,S2_LV-1,2017-11-16,2017,2017-11
2017-11-16 11:09:00,-87.2,S2,S2_LV-3,2017-11-16,2017,2017-11
2017-11-17 11:10:00,72.8,S2,S2_LV-1,2017-11-17,2017,2017-11
2017-11-20 10:16:00,-87.2,S2,S2_LV-2,2017-11-20,2017,2017-11
2017-11-20 11:19:00,72.8,S2,S2_LV-1,2017-11-20,2017,2017-11
2017-11-21 09:27:00,72.8,S2,S2_LV-1,2017-11-21,2017,2017-11
2017-11-21 10:31:00,72.8,S2,S2_LV-1,2017-11-21,2017,2017-11
2017-11-21 11:00:00,-87.2,S2,S2_LV-3,2017-11-21,2017,2017-11
2017-11-22 10:47:00,72.8,S2,S2_LV-1,2017-11-22,2017,2017-11
2017-11-22 11:25:00,-87.2,S2,S2_LV-2,2017-11-22,2017,2017-11
2017-11-22 12:09:00,-87.2,S2,S2_LV-1,2017-11-22,2017,2017-11
2017-11-23 12:56:00,52.80000000000227,S2,S2_LV-1,2017-11-23,2017,2017-11
2017-11-24 11:35:00,72.8,S2,S2_LV-2,2017-11-24,2017,2017-11
2017-11-27 10:02:00,-87.2,S2,S2_LV-1,2017-11-27,2017,2017-11
2017-11-29 11:08:00,72.8,S2,S2_LV-3,2017-11-29,2017,2017-11
2017-11-29 11:11:00,-87.2,S2,S2_LV-1,2017-11-29,2017,2017-11
2017-11-29 11:22:00,-87.2,S2,S2_LV-2,2017-11-29,2017,2017-11
2017-11-29 11:30:00,72.8,S2,S2_LV-1,2017-11-29,2017,2017-11
2017-11-29 12:56:00,-87.2,S2,S2_LV-1,2017-11-29,2017,2017-11
2017-11-30 10:12:00,72.8,S2,S2_LV-2,2017-11-30,2017,2017-11
2017-11-30 10:20:00,-87.2,S2,S2_LV-1,2017-11-30,2017,2017-11
2017-11-30 10:32:00,72.8,S2,S2_LV-1,2017-11-30,2017,2017-11
2017-12-06 09:56:00,-87.2,S2,S2_LV-3,2017-12-06,2017,2017-12
2017-12-06 10:30:00,72.8,S2,S2_LV-2,2017-12-06,2017,2017-12
2017-12-07 09:52:00,-87.2,S2,S2_LV-2,2017-12-07,2017,2017-12
2017-12-12 10:40:00,72.8,S2,S2_LV-2,2017-12-12,2017,2017-12
2017-12-12 11:29:00,-87.2,S2,S2_LV-1,2017-12-12,2017,2017-12
2017-12-22 09:35:00,72.8,S2,S2_LV-2,2017-12-22,2017,2017-12
2017-12-27 11:41:00,72.8,S2,S2_LV-2,2017-12-27,2017,2017-12
2017-12-28 09:47:00,72.8,S2,S2_LV-2,2017-12-28,2017,2017-12
2017-12-28 11:17:00,72.8,S2,S2_LV-1,2017-12-28,2017,2017-12
2017-12-29 11:06:00,72.8,S2,S2_LV-2,2017-12-29,2017,2017-12
2018-01-02 09:57:00,-87.2,S2,S2_LV-2,2018-01-02,2018,2018-01
2018-01-03 09:48:00,72.8,S2,S2_LV-1,2018-01-03,2018,2018-01
2018-01-04 11:00:00,72.8,S2,S2_LV-2,2018-01-04,2018,2018-01
2018-01-04 11:43:00,-87.2,S2,S2_LV-1,2018-01-04,2018,2018-01
2018-01-04 11:43:00,72.8,S2,S2_LV-3,2018-01-04,2018,2018-01
2018-01-05 09:01:00,72.8,S2,S2_LV-1,2018-01-05,2018,2018-01
2018-01-05 09:35:00,72.8,S2,S2_LV-2,2018-01-05,2018,2018-01
2018-01-08 10:19:00,-87.2,S2,S2_LV-2,2018-01-08,2018,2018-01
2018-01-09 09:51:00,-87.2,S2,S2_LV-1,2018-01-09,2018,2018-01
2018-01-09 10:26:00,72.8,S2,S2_LV-2,2018-01-09,2018,2018-01
2018-01-10 09:46:00,72.8,S2,S2_LV-2,2018-01-10,2018,2018-01
2018-01-11 10:06:00,-87.2,S2,S2_LV-1,2018-01-11,2018,2018-01
2018-01-11 10:16:00,72.8,S2,S2_LV-3,2018-01-11,2018,2018-01
2018-01-12 09:04:00,72.8,S2,S2_LV-3,2018-01-12,2018,2018-01
2018-01-12 09:33:00,72.8,S2,S2_LV-1,2018-01-12,2018,2018-01
2018-01-12 12:44:00,-87.2,S2,S2_LV-1,2018-01-12,2018,2018-01
2018-01-15 10:12:00,-87.2,S2,S2_LV-3,2018-01-15,2018,2018-01
2018-01-15 10:39:00,-87.2,S2,S2_LV-1,2018-01-15,2018,2018-01
2018-01-16 09:45:00,72.8,S2,S2_LV-1,2018-01-16,2018,2018-01
2018-01-16 09:45:00,72.8,S2,S2_LV-2,2018-01-16,2018,2018-01
2018-01-17 09:48:00,72.8,S2,S2_LV-2,2018-01-17,2018,2018-01
2018-01-17 11:42:00,72.8,S2,S2_LV-1,2018-01-17,2018,2018-01
2018-01-18 10:08:00,-87.2,S2,S2_LV-2,2018-01-18,2018,2018-01
2018-01-18 11:22:00,-87.2,S2,S2_LV-1,2018-01-18,2018,2018-01
2018-01-19 09:06:00,72.8,S2,S2_LV-3,2018-01-19,2018,2018-01
2018-01-19 10:30:00,-87.2,S2,S2_LV-3,2018-01-19,2018,2018-01
2018-01-22 11:25:00,72.8,S2,S2_LV-1,2018-01-22,2018,2018-01
2018-01-22 11:44:00,72.8,S2,S2_LV-3,2018-01-22,2018,2018-01
2018-01-22 12:06:00,-87.2,S2,S2_LV-3,2018-01-22,2018,2018-01
2018-01-22 13:10:00,72.8,S2,S2_LV-2,2018-01-22,2018,2018-01
2018-01-23 09:24:00,72.8,S2,S2_LV-1,2018-01-23,2018,2018-01
2018-01-24 09:39:00,-87.2,S2,S2_LV-2,2018-01-24,2018,2018-01
2018-01-24 10:30:00,72.8,S2,S2_LV-1,2018-01-24,2018,2018-01
2018-01-24 10:37:00,72.8,S2,S2_LV-1,2018-01-24,2018,2018-01
2018-01-24 11:06:00,-87.2,S2,S2_LV-3,2018-01-24,2018,2018-01
2018-01-24 11:29:00,72.8,S2,S2_LV-3,2018-01-24,2018,2018-01
2018-01-25 09:36:00,72.8,S2,S2_LV-2,2018-01-25,2018,2018-01
2018-01-25 11:17:00,-87.2,S2,S2_LV-1,2018-01-25,2018,2018-01
2018-01-26 11:02:00,72.8,S2,S2_LV-1,2018-01-26,2018,2018-01
2018-01-29 09:23:00,-87.2,S2,S2_LV-1,2018-01-29,2018,2018-01
2018-01-29 10:40:00,-87.2,S2,S2_LV-2,2018-01-29,2018,2018-01
2018-01-30 10:18:00,72.8,S2,S2_LV-2,2018-01-30,2018,2018-01
2018-01-31 10:35:00,72.8,S2,S2_LV-1,2018-01-31,2018,2018-01
2018-01-31 10:41:00,72.8,S2,S2_LV-2,2018-01-31,2018,2018-01
2018-01-31 12:14:00,-87.2,S2,S2_LV-1,2018-01-31,2018,2018-01
2018-02-06 10:25:00,72.8,S2,S2_LV-1,2018-02-06,2018,2018-02
2018-02-07 09:35:00,-87.2,S2,S2_LV-2,2018-02-07,2018,2018-02
2018-02-07 10:34:00,-87.2,S2,S2_LV-1,2018-02-07,2018,2018-02
2018-02-07 10:44:00,72.8,S2,S2_LV-1,2018-02-07,2018,2018-02
2018-02-07 10:47:00,72.8,S2,S2_LV-3,2018-02-07,2018,2018-02
2018-02-07 11:07:00,72.8,S2,S2_LV-1,2018-02-07,2018,2018-02
2018-02-07 11:09:00,72.8,S2,S2_LV-3,2018-02-07,2018,2018-02
2018-02-07 12:55:00,72.8,S2,S2_LV-1,2018-02-07,2018,2018-02
2018-02-08 09:29:00,-87.2,S2,S2_LV-1,2018-02-08,2018,2018-02
2018-02-08 10:04:00,72.8,S2,S2_LV-1,2018-02-08,2018,2018-02
2018-02-08 11:21:00,72.8,S2,S2_LV-1,2018-02-08,2018,2018-02
2018-02-08 11:28:00,72.8,S2,S2_LV-3,2018-02-08,2018,2018-02
2018-02-09 09:41:00,142.8,S2,S2_HV-2,2018-02-09,2018,2018-02
2018-02-09 10:42:00,142.8,S2,S2_HV-1,2018-02-09,2018,2018-02
2018-02-09 10:51:00,-157.2,S2,S2_HV-2,2018-02-09,2018,2018-02
2018-02-09 12:02:00,142.8,S2,S2_HV-1,2018-02-09,2018,2018-02
2018-02-09 13:05:00,142.8,S2,S2_HV-1,2018-02-09,2018,2018-02
2018-02-09 13:36:00,142.8,S2,S2_HV-1,2018-02-09,2018,2018-02
2018-02-09 13:52:00,-157.2,S2,S2_HV-2,2018-02-09,2018,2018-02
2018-02-12 09:32:00,-157.2,S2,S2_HV-2,2018-02-12,2018,2018-02
2018-02-13 09:51:00,-157.2,S2,S2_HV-1,2018-02-13,2018,2018-02
2018-02-13 11:42:00,-157.2,S2,S2_HV-1,2018-02-13,2018,2018-02
2018-02-14 10:57:00,142.8,S2,S2_HV-1,2018-02-14,2018,2018-02
2018-02-14 13:27:00,-157.2,S2,S2_HV-1,2018-02-14,2018,2018-02
2018-02-16 09:17:00,-157.2,S2,S2_HV-1,2018-02-16,2018,2018-02
2018-02-16 11:33:00,-157.2,S2,S2_HV-1,2018-02-16,2018,2018-02
2018-02-19 09:37:00,-467.1990844726562,S3,S3_B,2018-02-19,2018,2018-02
2018-02-20 10:22:00,72.8,S2,S2_LV-2,2018-02-20,2018,2018-02
2018-02-20 13:49:00,72.8,S2,S2_LV-1,2018-02-20,2018,2018-02
2018-02-21 09:38:00,72.8,S2,S2_LV-1,2018-02-21,2018,2018-02
2018-02-22 10:08:00,72.8,S2,S2_LV-1,2018-02-22,2018,2018-02
2018-02-23 10:00:00,72.8,S2,S2_LV-2,2018-02-23,2018,2018-02
2018-02-23 11:40:00,-87.2,S2,S2_LV-1,2018-02-23,2018,2018-02
2018-02-26 09:54:00,-87.2,S2,S2_LV-2,2018-02-26,2018,2018-02
2018-02-26 10:22:00,-87.2,S2,S2_LV-1,2018-02-26,2018,2018-02
2018-02-26 10:22:00,-87.2,S2,S2_LV-3,2018-02-26,2018,2018-02
2018-02-26 11:15:00,72.8,S2,S2_LV-3,2018-02-26,2018,2018-02
2018-02-26 11:34:00,-87.2,S2,S2_LV-1,2018-02-26,2018,2018-02
2018-02-27 10:33:00,-87.2,S2,S2_LV-2,2018-02-27,2018,2018-02
2018-02-27 11:17:00,72.8,S2,S2_LV-1,2018-02-27,2018,2018-02
2018-02-27 12:34:00,72.8,S2,S2_LV-1,2018-02-27,2018,2018-02
2018-02-28 09:34:00,-87.2,S2,S2_LV-3,2018-02-28,2018,2018-02
2018-02-28 10:33:00,-87.2,S2,S2_LV-1,2018-02-28,2018,2018-02
2018-02-28 11:58:00,72.8,S2,S2_LV-1,2018-02-28,2018,2018-02
2018-03-02 09:15:00,242.8,S3,S3_B,2018-03-02,2018,2018-03
2018-03-02 09:41:00,242.8,S3,S3_B,2018-03-02,2018,2018-03
2018-03-02 09:59:00,-87.2,S2,S2_LV-1,2018-03-02,2018,2018-03
2018-03-02 10:31:00,-87.2,S2,S2_LV-3,2018-03-02,2018,2018-03
2018-03-02 10:31:00,-807.1999999999972,S3,S3_B,2018-03-02,2018,2018-03
2018-03-02 13:47:00,72.8,S2,S2_LV-2,2018-03-02,2018,2018-03
2018-03-05 10:08:00,242.8,S3,S3_B,2018-03-05,2018,2018-03
2018-03-05 10:47:00,242.8,S3,S3_B,2018-03-05,2018,2018-03
2018-03-05 11:25:00,-127.20274658203124,S3,S3_B,2018-03-05,2018,2018-03
2018-03-07 09:28:00,242.8,S3,S3_B,2018-03-07,2018,2018-03
2018-03-07 10:00:00,242.8,S3,S3_B,2018-03-07,2018,2018-03
2018-03-07 11:51:00,242.8,S3,S3_B,2018-03-07,2018,2018-03
2018-03-07 11:55:00,242.8,S3,S3_B,2018-03-07,2018,2018-03
2018-03-07 12:15:00,242.8,S3,S3_B,2018-03-07,2018,2018-03
2018-03-07 12:50:00,-357.20228881835936,S3,S3_B,2018-03-07,2018,2018-03
2018-03-09 09:22:00,72.8,S2,S2_LV-1,2018-03-09,2018,2018-03
2018-03-09 10:39:00,-87.2,S2,S2_LV-2,2018-03-09,2018,2018-03
2018-03-14 09:44:00,72.8,S2,S2_LV-1,2018-03-14,2018,2018-03
2018-03-14 09:44:00,-87.2,S2,S2_LV-3,2018-03-14,2018,2018-03
2018-03-14 11:07:00,72.8,S2,S2_LV-1,2018-03-14,2018,2018-03
2018-03-15 09:54:00,-117.2006103515625,S3,S3_B,2018-03-15,2018,2018-03
2018-03-19 10:09:00,72.8,S2,S2_LV-2,2018-03-19,2018,2018-03
2018-03-19 12:12:00,72.8,S2,S2_LV-1,2018-03-19,2018,2018-03
2018-03-20 10:35:00,72.8,S2,S2_LV-1,2018-03-20,2018,2018-03
2018-03-21 09:30:00,72.8,S2,S2_LV-3,2018-03-21,2018,2018-03
2018-03-21 10:32:00,-87.2,S2,S2_LV-1,2018-03-21,2018,2018-03
2018-03-21 11:41:00,72.8,S2,S2_LV-3,2018-03-21,2018,2018-03
2018-03-21 13:02:00,-7.2,S2,S2_LV-1,2018-03-21,2018,2018-03
2018-03-22 09:54:00,72.8,S2,S2_LV-1,2018-03-22,2018,2018-03
2018-03-22 10:01:00,-87.2,S2,S2_LV-2,2018-03-22,2018,2018-03
2018-03-23 09:34:00,72.8,S2,S2_LV-1,2018-03-23,2018,2018-03
2018-03-23 09:35:00,72.8,S2,S2_LV-3,2018-03-23,2018,2018-03
2018-03-23 10:35:00,-87.2,S2,S2_LV-1,2018-03-23,2018,2018-03
2018-03-23 10:35:00,72.8,S2,S2_LV-3,2018-03-23,2018,2018-03
2018-03-26 10:01:00,72.8,S2,S2_LV-1,2018-03-26,2018,2018-03
2018-03-26 10:15:00,-87.2,S2,S2_LV-2,2018-03-26,2018,2018-03
2018-03-27 10:12:00,72.8,S2,S2_LV-1,2018-03-27,2018,2018-03
2018-03-28 10:05:00,72.8,S2,S2_LV-2,2018-03-28,2018,2018-03
2018-03-28 10:08:00,72.8,S2,S2_LV-1,2018-03-28,2018,2018-03
2018-03-28 10:39:00,-87.2,S2,S2_LV-1,2018-03-28,2018,2018-03
2018-03-28 10:39:00,-87.2,S2,S2_LV-3,2018-03-28,2018,2018-03
2018-03-28 13:00:00,72.8,S2,S2_LV-1,2018-03-28,2018,2018-03
2018-03-29 09:31:00,242.8,S3,S3_B,2018-03-29,2018,2018-03
2018-03-29 09:43:00,72.8,S2,S2_LV-1,2018-03-29,2018,2018-03
2018-03-29 11:21:00,-527.1966430664063,S3,S3_B,2018-03-29,2018,2018-03
2018-03-29 13:35:00,72.8,S2,S2_LV-1,2018-03-29,2018,2018-03
2018-04-02 09:02:00,242.8,S3,S3_B,2018-04-02,2018,2018-04
2018-04-02 09:35:00,242.8,S3,S3_B,2018-04-02,2018,2018-04
2018-04-02 10:03:00,242.8,S3,S3_B,2018-04-02,2018,2018-04
2018-04-02 10:48:00,242.8,S3,S3_B,2018-04-02,2018,2018-04
2018-04-02 11:00:00,72.8,S2,S2_LV-1,2018-04-02,2018,2018-04
2018-04-02 11:36:00,242.8,S3,S3_B,2018-04-02,2018,2018-04
2018-04-02 11:54:00,72.8,S2,S2_LV-1,2018-04-02,2018,2018-04
2018-04-02 13:49:00,-77.20350952148438,S3,S3_B,2018-04-02,2018,2018-04
2018-04-03 09:47:00,72.8,S2,S2_LV-1,2018-04-03,2018,2018-04
2018-04-03 09:47:00,72.8,S2,S2_LV-2,2018-04-03,2018,2018-04
2018-04-04 10:37:00,72.8,S2,S2_LV-1,2018-04-04,2018,2018-04
2018-04-04 10:38:00,72.8,S2,S2_LV-2,2018-04-04,2018,2018-04
2018-04-04 11:13:00,72.8,S2,S2_LV-1,2018-04-04,2018,2018-04
2018-04-05 09:22:00,242.8,S3,S3_B,2018-04-05,2018,2018-04
2018-04-05 09:31:00,-87.2,S2,S2_LV-1,2018-04-05,2018,2018-04
2018-04-05 09:33:00,-87.2,S2,S2_LV-2,2018-04-05,2018,2018-04
2018-04-05 09:45:00,-807.1999999999972,S3,S3_B,2018-04-05,2018,2018-04
2018-04-05 09:49:00,72.8,S2,S2_LV-1,2018-04-05,2018,2018-04
2018-04-06 09:48:00,72.8,S2,S2_LV-2,2018-04-06,2018,2018-04
2018-04-06 09:48:00,72.8,S2,S2_LV-1,2018-04-06,2018,2018-04
2018-04-06 10:39:00,72.8,S2,S2_LV-3,2018-04-06,2018,2018-04
2018-04-06 10:43:00,72.8,S2,S2_LV-1,2018-04-06,2018,2018-04
2018-04-06 11:58:00,72.8,S2,S2_LV-1,2018-04-06,2018,2018-04
2018-04-09 09:49:00,72.8,S2,S2_LV-1,2018-04-09,2018,2018-04
2018-04-10 10:50:00,72.8,S2,S2_LV-1,2018-04-10,2018,2018-04
2018-04-11 09:16:00,-87.2,S2,S2_LV-1,2018-04-11,2018,2018-04
2018-04-11 10:58:00,72.8,S2,S2_LV-1,2018-04-11,2018,2018-04
2018-04-11 11:17:00,72.8,S2,S2_LV-3,2018-04-11,2018,2018-04
2018-04-12 09:17:00,72.8,S2,S2_LV-1,2018-04-12,2018,2018-04
2018-04-12 09:47:00,72.8,S2,S2_LV-2,2018-04-12,2018,2018-04
2018-04-13 09:35:00,-87.2,S2,S2_LV-2,2018-04-13,2018,2018-04
2018-04-13 11:47:00,-87.2,S2,S2_LV-1,2018-04-13,2018,2018-04
2018-04-16 09:08:00,-807.1999999999972,S3,S3_B,2018-04-16,2018,2018-04
2018-04-16 09:48:00,72.8,S2,S2_LV-1,2018-04-16,2018,2018-04
2018-04-17 09:47:00,72.8,S2,S2_LV-1,2018-04-17,2018,2018-04
2018-04-17 11:19:00,72.8,S2,S2_LV-3,2018-04-17,2018,2018-04
2018-04-18 10:19:00,72.8,S2,S2_LV-2,2018-04-18,2018,2018-04
2018-04-18 10:39:00,72.8,S2,S2_LV-3,2018-04-18,2018,2018-04
2018-04-18 10:43:00,72.8,S2,S2_LV-1,2018-04-18,2018,2018-04
2018-04-19 09:39:00,-87.2,S2,S2_LV-1,2018-04-19,2018,2018-04
2018-04-19 09:58:00,-87.2,S2,S2_LV-2,2018-04-19,2018,2018-04
2018-04-20 09:14:00,-87.2,S2,S2_LV-1,2018-04-20,2018,2018-04
2018-04-20 09:35:00,72.8,S2,S2_LV-2,2018-04-20,2018,2018-04
2018-04-23 09:36:00,-87.2,S2,S2_LV-1,2018-04-23,2018,2018-04
2018-04-23 09:49:00,-807.1999999999972,S3,S3_B,2018-04-23,2018,2018-04
2018-04-23 12:05:00,72.8,S2,S2_LV-1,2018-04-23,2018,2018-04
2018-04-23 12:15:00,72.8,S2,S2_LV-3,2018-04-23,2018,2018-04
2018-04-23 13:53:00,42.79999999999716,S2,S2_LV-1,2018-04-23,2018,2018-04
2018-04-24 10:39:00,72.8,S2,S2_LV-1,2018-04-24,2018,2018-04
2018-04-24 11:41:00,72.8,S2,S2_LV-2,2018-04-24,2018,2018-04
2018-04-25 11:19:00,72.8,S2,S2_LV-2,2018-04-25,2018,2018-04
2018-04-25 13:44:00,-87.2,S2,S2_LV-1,2018-04-25,2018,2018-04
2018-04-26 09:30:00,-87.2,S2,S2_LV-1,2018-04-26,2018,2018-04
2018-04-26 10:21:00,-87.2,S2,S2_LV-1,2018-04-26,2018,2018-04
2018-04-26 11:11:00,-87.2,S2,S2_LV-2,2018-04-26,2018,2018-04
2018-04-27 10:23:00,72.8,S2,S2_LV-3,2018-04-27,2018,2018-04
2018-04-27 10:50:00,-87.2,S2,S2_LV-1,2018-04-27,2018,2018-04
2018-04-30 10:15:00,-87.2,S2,S2_LV-3,2018-04-30,2018,2018-04
2018-04-30 10:19:00,72.8,S2,S2_LV-1,2018-04-30,2018,2018-04
2018-04-30 12:33:00,72.8,S2,S2_LV-1,2018-04-30,2018,2018-04
2018-04-30 13:26:00,72.8,S2,S2_LV-1,2018-04-30,2018,2018-04
2018-04-30 13:30:00,72.8,S2,S2_LV-3,2018-04-30,2018,2018-04
2018-05-02 10:04:00,72.8,S2,S2_LV-2,2018-05-02,2018,2018-05
2018-05-02 10:55:00,72.8,S2,S2_LV-1,2018-05-02,2018,2018-05
2018-05-02 11:38:00,-87.2,S2,S2_LV-1,2018-05-02,2018,2018-05
2018-05-03 09:46:00,72.8,S2,S2_LV-1,2018-05-03,2018,2018-05
2018-05-03 11:34:00,-87.2,S2,S2_LV-2,2018-05-03,2018,2018-05
2018-05-03 12:48:00,-87.2,S2,S2_LV-1,2018-05-03,2018,2018-05
2018-05-03 13:37:00,-87.2,S2,S2_LV-1,2018-05-03,2018,2018-05
2018-05-04 09:18:00,-87.2,S2,S2_LV-1,2018-05-04,2018,2018-05
2018-05-04 11:05:00,-87.2,S2,S2_LV-1,2018-05-04,2018,2018-05
2018-05-04 11:47:00,72.8,S2,S2_LV-1,2018-05-04,2018,2018-05
2018-05-04 11:47:00,72.8,S2,S2_LV-3,2018-05-04,2018,2018-05
2018-05-07 10:41:00,72.8,S2,S2_LV-2,2018-05-07,2018,2018-05
2018-05-07 11:06:00,-87.2,S2,S2_LV-1,2018-05-07,2018,2018-05
2018-05-08 09:48:00,-87.2,S2,S2_LV-1,2018-05-08,2018,2018-05
2018-05-08 11:51:00,72.8,S2,S2_LV-1,2018-05-08,2018,2018-05
2018-05-08 12:47:00,72.8,S2,S2_LV-1,2018-05-08,2018,2018-05
2018-05-09 10:33:00,72.8,S2,S2_LV-1,2018-05-09,2018,2018-05
2018-05-10 09:44:00,-87.2,S2,S2_LV-1,2018-05-10,2018,2018-05
2018-05-10 10:47:00,-87.2,S2,S2_LV-2,2018-05-10,2018,2018-05
2018-05-11 10:30:00,72.8,S2,S2_LV-1,2018-05-11,2018,2018-05
2018-05-11 10:30:00,72.8,S2,S2_LV-2,2018-05-11,2018,2018-05
2018-05-14 09:55:00,72.8,S2,S2_LV-3,2018-05-14,2018,2018-05
2018-05-14 10:00:00,72.8,S2,S2_LV-1,2018-05-14,2018,2018-05
2018-05-15 09:24:00,72.8,S2,S2_LV-1,2018-05-15,2018,2018-05
2018-05-15 09:59:00,72.8,S2,S2_LV-1,2018-05-15,2018,2018-05
2018-05-16 10:32:00,-87.2,S2,S2_LV-1,2018-05-16,2018,2018-05
2018-05-17 10:06:00,72.8,S2,S2_LV-1,2018-05-17,2018,2018-05
2018-05-17 10:14:00,72.8,S2,S2_LV-2,2018-05-17,2018,2018-05
2018-05-18 09:32:00,72.8,S2,S2_LV-1,2018-05-18,2018,2018-05
2018-05-18 10:49:00,72.8,S2,S2_LV-2,2018-05-18,2018,2018-05
2018-05-21 11:18:00,-87.2,S2,S2_LV-1,2018-05-21,2018,2018-05
2018-05-22 10:17:00,72.8,S2,S2_LV-2,2018-05-22,2018,2018-05
2018-05-22 10:23:00,72.8,S2,S2_LV-1,2018-05-22,2018,2018-05
2018-05-23 10:16:00,72.8,S2,S2_LV-1,2018-05-23,2018,2018-05
2018-05-23 11:10:00,72.8,S2,S2_LV-1,2018-05-23,2018,2018-05
2018-05-24 10:25:00,-87.2,S2,S2_LV-1,2018-05-24,2018,2018-05
2018-05-25 09:04:00,72.8,S2,S2_LV-3,2018-05-25,2018,2018-05
2018-05-25 10:19:00,72.8,S2,S2_LV-1,2018-05-25,2018,2018-05
2018-05-28 09:15:00,72.8,S2,S2_LV-1,2018-05-28,2018,2018-05
2018-05-29 09:05:00,72.8,S2,S2_LV-3,2018-05-29,2018,2018-05
2018-05-29 10:14:00,72.8,S2,S2_LV-1,2018-05-29,2018,2018-05
2018-05-29 11:41:00,72.8,S2,S2_LV-1,2018-05-29,2018,2018-05
2018-05-29 11:41:00,72.8,S2,S2_LV-3,2018-05-29,2018,2018-05
2018-05-30 09:02:00,-87.2,S2,S2_LV-1,2018-05-30,2018,2018-05
2018-05-30 10:32:00,72.8,S2,S2_LV-1,2018-05-30,2018,2018-05
2018-05-30 10:43:00,242.8,S3,S3_B,2018-05-30,2018,2018-05
2018-05-30 10:46:00,242.8,S3,S3_B,2018-05-30,2018,2018-05
2018-05-30 11:00:00,242.8,S3,S3_B,2018-05-30,2018,2018-05
2018-05-31 09:14:00,-87.2,S2,S2_LV-1,2018-05-31,2018,2018-05
2018-05-31 09:14:00,-87.2,S2,S2_LV-3,2018-05-31,2018,2018-05
2018-05-31 11:11:00,-87.2,S2,S2_LV-1,2018-05-31,2018,2018-05
2018-05-31 11:32:00,72.8,S2,S2_LV-2,2018-05-31,2018,2018-05
2018-05-31 11:41:00,72.8,S2,S2_LV-1,2018-05-31,2018,2018-05
2018-06-01 09:19:00,72.8,S2,S2_LV-1,2018-06-01,2018,2018-06
2018-06-01 13:52:00,-87.2,S2,S2_LV-1,2018-06-01,2018,2018-06
2018-06-04 10:09:00,72.8,S2,S2_LV-1,2018-06-04,2018,2018-06
2018-06-04 10:25:00,72.8,S2,S2_LV-3,2018-06-04,2018,2018-06
2018-06-04 10:31:00,-87.2,S2,S2_LV-1,2018-06-04,2018,2018-06
2018-06-05 09:53:00,72.8,S2,S2_LV-1,2018-06-05,2018,2018-06
2018-06-05 10:29:00,-87.2,S2,S2_LV-2,2018-06-05,2018,2018-06
2018-06-05 11:33:00,72.8,S2,S2_LV-1,2018-06-05,2018,2018-06
2018-06-06 09:46:00,-87.2,S2,S2_LV-2,2018-06-06,2018,2018-06
2018-06-06 10:48:00,72.8,S2,S2_LV-1,2018-06-06,2018,2018-06
2018-06-07 11:15:00,72.8,S2,S2_LV-1,2018-06-07,2018,2018-06
2018-06-08 10:00:00,-87.2,S2,S2_LV-2,2018-06-08,2018,2018-06
2018-06-08 11:24:00,-87.2,S2,S2_LV-1,2018-06-08,2018,2018-06
2018-06-11 11:20:00,-87.2,S2,S2_LV-2,2018-06-11,2018,2018-06
2018-06-12 09:11:00,-87.2,S2,S2_LV-1,2018-06-12,2018,2018-06
2018-06-12 10:01:00,72.8,S2,S2_LV-2,2018-06-12,2018,2018-06
2018-06-12 11:23:00,72.8,S2,S2_LV-1,2018-06-12,2018,2018-06
2018-06-13 09:38:00,-87.2,S2,S2_LV-1,2018-06-13,2018,2018-06
2018-06-13 10:42:00,-87.2,S2,S2_LV-1,2018-06-13,2018,2018-06
2018-06-13 13:18:00,72.8,S2,S2_LV-2,2018-06-13,2018,2018-06
2018-06-14 09:36:00,72.8,S2,S2_LV-1,2018-06-14,2018,2018-06
2018-06-14 10:42:00,72.8,S2,S2_LV-1,2018-06-14,2018,2018-06
2018-06-15 09:50:00,72.8,S2,S2_LV-1,2018-06-15,2018,2018-06
2018-06-15 10:21:00,72.8,S2,S2_LV-3,2018-06-15,2018,2018-06
2018-06-15 11:15:00,72.8,S2,S2_LV-1,2018-06-15,2018,2018-06
2018-06-18 09:37:00,-87.2,S2,S2_LV-1,2018-06-18,2018,2018-06
2018-06-18 10:40:00,72.8,S2,S2_LV-2,2018-06-18,2018,2018-06
2018-06-19 11:05:00,72.8,S2,S2_LV-1,2018-06-19,2018,2018-06
2018-06-20 09:39:00,-87.2,S2,S2_LV-2,2018-06-20,2018,2018-06
2018-06-20 10:41:00,-87.2,S2,S2_LV-1,2018-06-20,2018,2018-06
2018-06-21 09:05:00,-87.2,S2,S2_LV-3,2018-06-21,2018,2018-06
2018-06-21 09:08:00,-87.2,S2,S2_LV-1,2018-06-21,2018,2018-06
2018-06-21 11:44:00,-87.2,S2,S2_LV-1,2018-06-21,2018,2018-06
2018-06-21 13:34:00,-87.2,S2,S2_LV-1,2018-06-21,2018,2018-06
2018-06-21 13:36:00,-87.2,S2,S2_LV-2,2018-06-21,2018,2018-06
2018-06-22 09:32:00,72.8,S2,S2_LV-1,2018-06-22,2018,2018-06
2018-06-22 10:57:00,-87.2,S2,S2_LV-2,2018-06-22,2018,2018-06
2018-06-22 11:01:00,72.8,S2,S2_LV-1,2018-06-22,2018,2018-06
2018-06-22 12:09:00,72.8,S2,S2_LV-1,2018-06-22,2018,2018-06
2018-06-25 09:04:00,72.8,S2,S2_LV-1,2018-06-25,2018,2018-06
2018-06-25 09:15:00,442.80000000000285,S3,S3_C,2018-06-25,2018,2018-06
2018-06-25 09:56:00,72.8,S2,S2_LV-2,2018-06-25,2018,2018-06
2018-06-25 10:47:00,72.8,S2,S2_LV-1,2018-06-25,2018,2018-06
2018-06-26 09:05:00,72.8,S2,S2_LV-3,2018-06-26,2018,2018-06
2018-06-26 09:40:00,72.8,S2,S2_LV-1,2018-06-26,2018,2018-06
2018-06-26 11:46:00,72.8,S2,S2_LV-3,2018-06-26,2018,2018-06
2018-06-26 11:52:00,72.8,S2,S2_LV-1,2018-06-26,2018,2018-06
2018-06-26 12:35:00,72.8,S2,S2_LV-1,2018-06-26,2018,2018-06
2018-06-27 10:32:00,-157.2,S2,S2_HV-1,2018-06-27,2018,2018-06
2018-06-27 11:03:00,-207.20000000000283,S3,S3_C,2018-06-27,2018,2018-06
2018-06-28 09:04:00,142.8,S2,S2_HV-1,2018-06-28,2018,2018-06
2018-06-28 09:40:00,142.8,S2,S2_HV-2,2018-06-28,2018,2018-06
2018-06-28 10:04:00,142.8,S2,S2_HV-2,2018-06-28,2018,2018-06
2018-06-28 11:07:00,142.8,S2,S2_HV-1,2018-06-28,2018,2018-06
2018-07-02 09:27:00,-157.2,S2,S2_HV-1,2018-07-02,2018,2018-07
2018-07-02 09:36:00,142.8,S2,S2_HV-2,2018-07-02,2018,2018-07
2018-07-02 09:40:00,142.8,S2,S2_HV-2,2018-07-02,2018,2018-07
2018-07-02 10:05:00,142.8,S2,S2_HV-1,2018-07-02,2018,2018-07
2018-07-03 10:12:00,-157.2,S2,S2_HV-1,2018-07-03,2018,2018-07
2018-07-03 10:16:00,-157.2,S2,S2_HV-1,2018-07-03,2018,2018-07
2018-07-03 10:59:00,142.8,S2,S2_HV-1,2018-07-03,2018,2018-07
2018-07-05 09:19:00,72.8,S2,S2_LV-1,2018-07-05,2018,2018-07
2018-07-05 09:36:00,-87.2,S2,S2_LV-2,2018-07-05,2018,2018-07
2018-07-05 11:00:00,242.8,S3,S3_B,2018-07-05,2018,2018-07
2018-07-05 11:01:00,242.8,S3,S3_B,2018-07-05,2018,2018-07
2018-07-05 11:16:00,242.8,S3,S3_B,2018-07-05,2018,2018-07
2018-07-05 11:25:00,72.8,S2,S2_LV-1,2018-07-05,2018,2018-07
2018-07-05 11:25:00,-467.1990844726562,S3,S3_B,2018-07-05,2018,2018-07
2018-07-06 09:32:00,72.8,S2,S2_LV-1,2018-07-06,2018,2018-07
2018-07-06 09:32:00,72.8,S2,S2_LV-3,2018-07-06,2018,2018-07
2018-07-06 10:09:00,72.8,S2,S2_LV-1,2018-07-06,2018,2018-07
2018-07-06 10:51:00,72.8,S2,S2_LV-1,2018-07-06,2018,2018-07
2018-07-09 10:53:00,-87.2,S2,S2_LV-1,2018-07-09,2018,2018-07
2018-07-10 09:57:00,-157.2,S2,S2_HV-1,2018-07-10,2018,2018-07
2018-07-10 10:33:00,-157.2,S2,S2_HV-1,2018-07-10,2018,2018-07
2018-07-11 10:30:00,-87.2,S2,S2_LV-2,2018-07-11,2018,2018-07
2018-07-11 10:34:00,-807.1999999999972,S3,S3_B,2018-07-11,2018,2018-07
2018-07-11 10:35:00,-87.2,S2,S2_LV-1,2018-07-11,2018,2018-07
2018-07-11 10:50:00,-87.2,S2,S2_LV-1,2018-07-11,2018,2018-07
2018-07-11 11:30:00,72.8,S2,S2_LV-1,2018-07-11,2018,2018-07
2018-07-11 12:59:00,-87.2,S2,S2_LV-1,2018-07-11,2018,2018-07
2018-07-11 13:28:00,-87.2,S2,S2_LV-1,2018-07-11,2018,2018-07
2018-07-12 09:42:00,142.8,S2,S2_HV-1,2018-07-12,2018,2018-07
2018-07-12 09:55:00,142.8,S2,S2_HV-1,2018-07-12,2018,2018-07
2018-07-12 12:01:00,142.8,S2,S2_HV-1,2018-07-12,2018,2018-07
2018-07-13 09:51:00,-157.2,S2,S2_HV-1,2018-07-13,2018,2018-07
2018-07-16 10:00:00,-157.2,S2,S2_HV-1,2018-07-16,2018,2018-07
2018-07-17 10:15:00,142.8,S2,S2_HV-1,2018-07-17,2018,2018-07
2018-07-17 10:30:00,442.80000000000285,S3,S3_C,2018-07-17,2018,2018-07
2018-07-18 10:31:00,-157.2,S2,S2_HV-1,2018-07-18,2018,2018-07
2018-07-18 10:56:00,-157.2,S2,S2_HV-1,2018-07-18,2018,2018-07
2018-07-19 10:17:00,-157.2,S2,S2_HV-1,2018-07-19,2018,2018-07
2018-07-19 11:52:00,142.8,S2,S2_HV-1,2018-07-19,2018,2018-07
2018-07-20 10:07:00,-157.2,S2,S2_HV-1,2018-07-20,2018,2018-07
2018-07-24 09:32:00,242.8,S3,S3_B,2018-07-24,2018,2018-07
2018-07-24 09:52:00,242.8,S3,S3_B,2018-07-24,2018,2018-07
2018-07-24 10:01:00,242.8,S3,S3_B,2018-07-24,2018,2018-07
2018-07-24 10:02:00,72.8,S2,S2_LV-1,2018-07-24,2018,2018-07
2018-07-24 10:18:00,-117.2006103515625,S3,S3_B,2018-07-24,2018,2018-07
2018-07-25 10:15:00,72.8,S2,S2_LV-2,2018-07-25,2018,2018-07
2018-07-25 10:39:00,72.8,S2,S2_LV-3,2018-07-25,2018,2018-07
2018-07-25 10:47:00,-87.2,S2,S2_LV-1,2018-07-25,2018,2018-07
2018-07-25 11:15:00,72.8,S2,S2_LV-1,2018-07-25,2018,2018-07
2018-07-25 12:04:00,72.8,S2,S2_LV-1,2018-07-25,2018,2018-07
2018-07-25 12:05:00,72.8,S2,S2_LV-3,2018-07-25,2018,2018-07
2018-07-26 09:18:00,-87.2,S2,S2_LV-3,2018-07-26,2018,2018-07
2018-07-26 10:44:00,72.8,S2,S2_LV-1,2018-07-26,2018,2018-07
2018-07-27 09:13:00,72.8,S2,S2_LV-1,2018-07-27,2018,2018-07
2018-07-27 10:27:00,-87.2,S2,S2_LV-2,2018-07-27,2018,2018-07
2018-07-27 13:06:00,72.8,S2,S2_LV-1,2018-07-27,2018,2018-07
2018-07-30 09:17:00,-87.2,S2,S2_LV-3,2018-07-30,2018,2018-07
2018-07-30 10:22:00,-87.2,S2,S2_LV-2,2018-07-30,2018,2018-07
2018-07-30 11:29:00,-87.2,S2,S2_LV-1,2018-07-30,2018,2018-07
2018-07-31 09:38:00,72.8,S2,S2_LV-1,2018-07-31,2018,2018-07
2018-07-31 10:00:00,72.8,S2,S2_LV-2,2018-07-31,2018,2018-07
2018-07-31 10:39:00,72.8,S2,S2_LV-1,2018-07-31,2018,2018-07
2018-08-01 09:07:00,72.8,S2,S2_LV-3,2018-08-01,2018,2018-08
2018-08-01 09:54:00,72.8,S2,S2_LV-2,2018-08-01,2018,2018-08
2018-08-01 11:14:00,72.8,S2,S2_LV-1,2018-08-01,2018,2018-08
2018-08-01 11:27:00,72.8,S2,S2_LV-1,2018-08-01,2018,2018-08
2018-08-02 09:50:00,-87.2,S2,S2_LV-1,2018-08-02,2018,2018-08
2018-08-02 11:43:00,72.8,S2,S2_LV-1,2018-08-02,2018,2018-08
2018-08-03 10:08:00,72.8,S2,S2_LV-1,2018-08-03,2018,2018-08
2018-08-03 11:49:00,72.8,S2,S2_LV-3,2018-08-03,2018,2018-08
2018-08-03 12:22:00,-87.2,S2,S2_LV-3,2018-08-03,2018,2018-08
2018-08-06 09:28:00,242.8,S3,S3_B,2018-08-06,2018,2018-08
2018-08-06 09:36:00,-807.1999999999972,S3,S3_B,2018-08-06,2018,2018-08
2018-08-07 09:10:00,242.8,S3,S3_B,2018-08-07,2018,2018-08
2018-08-07 09:57:00,-127.20274658203124,S3,S3_B,2018-08-07,2018,2018-08
2018-08-07 10:06:00,72.8,S2,S2_LV-2,2018-08-07,2018,2018-08
2018-08-08 10:29:00,72.8,S2,S2_LV-1,2018-08-08,2018,2018-08
2018-08-08 10:57:00,72.8,S2,S2_LV-3,2018-08-08,2018,2018-08
2018-08-08 11:43:00,72.8,S2,S2_LV-1,2018-08-08,2018,2018-08
2018-08-08 11:46:00,72.8,S2,S2_LV-3,2018-08-08,2018,2018-08
2018-08-09 09:04:00,-87.2,S2,S2_LV-1,2018-08-09,2018,2018-08
2018-08-10 09:33:00,-87.2,S2,S2_LV-2,2018-08-10,2018,2018-08
2018-08-10 09:53:00,72.8,S2,S2_LV-1,2018-08-10,2018,2018-08
2018-08-13 10:03:00,-87.2,S2,S2_LV-1,2018-08-13,2018,2018-08
2018-08-13 11:01:00,-87.2,S2,S2_LV-2,2018-08-13,2018,2018-08
2018-08-13 12:02:00,72.8,S2,S2_LV-3,2018-08-13,2018,2018-08
2018-08-13 12:06:00,-87.2,S2,S2_LV-1,2018-08-13,2018,2018-08
2018-08-14 09:36:00,242.8,S3,S3_B,2018-08-14,2018,2018-08
2018-08-14 09:53:00,72.8,S2,S2_LV-1,2018-08-14,2018,2018-08
2018-08-14 09:56:00,242.8,S3,S3_B,2018-08-14,2018,2018-08
2018-08-14 11:18:00,242.8,S3,S3_B,2018-08-14,2018,2018-08
2018-08-14 11:19:00,-87.2,S2,S2_LV-1,2018-08-14,2018,2018-08
2018-08-14 11:19:00,-87.2,S2,S2_LV-3,2018-08-14,2018,2018-08
2018-08-14 11:28:00,242.8,S3,S3_B,2018-08-14,2018,2018-08
2018-08-14 12:13:00,-437.2003051757813,S3,S3_B,2018-08-14,2018,2018-08
2018-08-14 12:18:00,72.8,S2,S2_LV-3,2018-08-14,2018,2018-08
2018-08-15 09:58:00,72.8,S2,S2_LV-3,2018-08-15,2018,2018-08
2018-08-15 10:39:00,72.8,S2,S2_LV-1,2018-08-15,2018,2018-08
2018-08-16 10:00:00,72.8,S2,S2_LV-2,2018-08-16,2018,2018-08
2018-08-16 10:34:00,72.8,S2,S2_LV-1,2018-08-16,2018,2018-08
2018-08-17 10:04:00,72.8,S2,S2_LV-1,2018-08-17,2018,2018-08
2018-08-17 10:47:00,72.8,S2,S2_LV-3,2018-08-17,2018,2018-08
2018-08-17 13:39:00,-57.19999999999716,S2,S2_LV-1,2018-08-17,2018,2018-08
2018-08-20 09:32:00,-87.2,S2,S2_LV-1,2018-08-20,2018,2018-08
2018-08-20 09:40:00,242.8,S3,S3_B,2018-08-20,2018,2018-08
2018-08-20 10:04:00,-137.2048828125,S3,S3_B,2018-08-20,2018,2018-08
2018-08-20 10:26:00,-87.2,S2,S2_LV-1,2018-08-20,2018,2018-08
2018-08-20 11:28:00,72.8,S2,S2_LV-2,2018-08-20,2018,2018-08
2018-08-21 09:40:00,72.8,S2,S2_LV-2,2018-08-21,2018,2018-08
2018-08-21 11:18:00,72.8,S2,S2_LV-1,2018-08-21,2018,2018-08
2018-08-22 10:23:00,72.8,S2,S2_LV-2,2018-08-22,2018,2018-08
2018-08-22 10:31:00,-87.2,S2,S2_LV-1,2018-08-22,2018,2018-08
2018-08-22 10:53:00,72.8,S2,S2_LV-1,2018-08-22,2018,2018-08
2018-08-23 09:16:00,72.8,S2,S2_LV-1,2018-08-23,2018,2018-08
2018-08-23 10:12:00,72.8,S2,S2_LV-2,2018-08-23,2018,2018-08
2018-08-24 09:38:00,-87.2,S2,S2_LV-1,2018-08-24,2018,2018-08
2018-08-24 09:44:00,72.8,S2,S2_LV-2,2018-08-24,2018,2018-08
2018-08-24 13:49:00,72.8,S2,S2_LV-1,2018-08-24,2018,2018-08
2018-08-30 09:46:00,-87.2,S2,S2_LV-2,2018-08-30,2018,2018-08
2018-08-31 10:27:00,72.8,S2,S2_LV-1,2018-08-31,2018,2018-08
2018-08-31 11:19:00,72.8,S2,S2_LV-2,2018-08-31,2018,2018-08
2018-09-04 10:00:00,72.8,S2,S2_LV-1,2018-09-04,2018,2018-09
2018-09-04 11:14:00,-87.2,S2,S2_LV-1,2018-09-04,2018,2018-09
2018-09-07 09:06:00,72.8,S2,S2_LV-3,2018-09-07,2018,2018-09
2018-09-07 09:40:00,-87.2,S2,S2_LV-1,2018-09-07,2018,2018-09
2018-09-07 09:40:00,72.8,S2,S2_LV-3,2018-09-07,2018,2018-09
2018-09-07 12:02:00,72.8,S2,S2_LV-1,2018-09-07,2018,2018-09
2018-09-11 09:08:00,242.8,S3,S3_B,2018-09-11,2018,2018-09
2018-09-11 10:11:00,242.8,S3,S3_B,2018-09-11,2018,2018-09
2018-09-11 10:18:00,242.8,S3,S3_B,2018-09-11,2018,2018-09
2018-09-11 11:18:00,242.8,S3,S3_B,2018-09-11,2018,2018-09
2018-09-11 12:04:00,242.8,S3,S3_B,2018-09-11,2018,2018-09
2018-09-12 10:32:00,-87.2,S2,S2_LV-1,2018-09-12,2018,2018-09
2018-09-12 11:20:00,72.8,S2,S2_LV-1,2018-09-12,2018,2018-09
2018-09-13 09:28:00,-87.2,S2,S2_LV-1,2018-09-13,2018,2018-09
2018-09-13 09:57:00,72.8,S2,S2_LV-2,2018-09-13,2018,2018-09
2018-09-13 10:36:00,-87.2,S2,S2_LV-1,2018-09-13,2018,2018-09
2018-09-17 09:06:00,242.8,S3,S3_B,2018-09-17,2018,2018-09
2018-09-17 10:04:00,142.8,S2,S2_HV-1,2018-09-17,2018,2018-09
2018-09-17 10:51:00,242.8,S3,S3_B,2018-09-17,2018,2018-09
2018-09-17 11:01:00,242.8,S3,S3_B,2018-09-17,2018,2018-09
2018-09-17 12:33:00,-397.1993896484375,S3,S3_B,2018-09-17,2018,2018-09
2018-09-18 09:13:00,242.8,S3,S3_B,2018-09-18,2018,2018-09
2018-09-18 11:52:00,-157.2,S2,S2_HV-1,2018-09-18,2018,2018-09
2018-09-18 13:34:00,-137.19725341796874,S3,S3_B,2018-09-18,2018,2018-09
2018-09-20 09:19:00,72.8,S2,S2_LV-3,2018-09-20,2018,2018-09
2018-09-20 09:53:00,72.8,S2,S2_LV-2,2018-09-20,2018,2018-09
2018-09-20 11:02:00,72.8,S2,S2_LV-1,2018-09-20,2018,2018-09
2018-09-21 10:53:00,-87.2,S2,S2_LV-1,2018-09-21,2018,2018-09
2018-09-21 11:05:00,-87.2,S2,S2_LV-2,2018-09-21,2018,2018-09
2018-09-21 11:12:00,72.8,S2,S2_LV-1,2018-09-21,2018,2018-09
2018-09-21 12:35:00,72.8,S2,S2_LV-1,2018-09-21,2018,2018-09
2018-09-24 09:25:00,-87.2,S2,S2_LV-1,2018-09-24,2018,2018-09
2018-09-24 11:42:00,72.8,S2,S2_LV-3,2018-09-24,2018,2018-09
2018-09-25 09:04:00,-87.2,S2,S2_LV-1,2018-09-25,2018,2018-09
2018-09-25 10:59:00,-87.2,S2,S2_LV-2,2018-09-25,2018,2018-09
2018-09-25 12:38:00,72.8,S2,S2_LV-1,2018-09-25,2018,2018-09
2018-09-26 10:16:00,72.8,S2,S2_LV-2,2018-09-26,2018,2018-09
2018-09-26 10:46:00,72.8,S2,S2_LV-1,2018-09-26,2018,2018-09
2018-09-27 10:21:00,72.8,S2,S2_LV-1,2018-09-27,2018,2018-09
2018-09-28 10:33:00,72.8,S2,S2_LV-1,2018-09-28,2018,2018-09
2018-09-28 13:00:00,-87.2,S2,S2_LV-3,2018-09-28,2018,2018-09
2018-09-28 13:21:00,-87.2,S2,S2_LV-1,2018-09-28,2018,2018-09
2018-10-01 09:46:00,72.8,S2,S2_LV-1,2018-10-01,2018,2018-10
2018-10-01 11:30:00,72.8,S2,S2_LV-3,2018-10-01,2018,2018-10
2018-10-01 11:46:00,72.8,S2,S2_LV-1,2018-10-01,2018,2018-10
2018-10-02 09:55:00,72.8,S2,S2_LV-2,2018-10-02,2018,2018-10
2018-10-02 10:36:00,72.8,S2,S2_LV-1,2018-10-02,2018,2018-10
2018-10-03 10:33:00,72.8,S2,S2_LV-1,2018-10-03,2018,2018-10
2018-10-03 10:37:00,-87.2,S2,S2_LV-2,2018-10-03,2018,2018-10
2018-10-03 11:22:00,-87.2,S2,S2_LV-1,2018-10-03,2018,2018-10
2018-10-03 11:32:00,72.8,S2,S2_LV-1,2018-10-03,2018,2018-10
2018-10-03 13:22:00,72.8,S2,S2_LV-1,2018-10-03,2018,2018-10
2018-10-05 09:55:00,142.8,S2,S2_HV-1,2018-10-05,2018,2018-10
2018-10-05 10:02:00,142.8,S2,S2_HV-2,2018-10-05,2018,2018-10
2018-10-05 10:28:00,142.8,S2,S2_HV-1,2018-10-05,2018,2018-10
2018-10-05 12:57:00,-157.2,S2,S2_HV-1,2018-10-05,2018,2018-10
2018-10-08 10:21:00,-157.2,S2,S2_HV-1,2018-10-08,2018,2018-10
2018-10-09 09:07:00,242.8,S3,S3_B,2018-10-09,2018,2018-10
2018-10-09 10:12:00,-807.1999999999972,S3,S3_B,2018-10-09,2018,2018-10
2018-10-09 11:21:00,-157.2,S2,S2_HV-1,2018-10-09,2018,2018-10
2018-10-10 10:45:00,142.8,S2,S2_HV-1,2018-10-10,2018,2018-10
2018-10-11 09:31:00,142.8,S2,S2_HV-1,2018-10-11,2018,2018-10
2018-10-11 11:24:00,142.8,S2,S2_HV-1,2018-10-11,2018,2018-10
2018-10-12 09:47:00,72.8,S2,S2_LV-1,2018-10-12,2018,2018-10
2018-10-12 12:04:00,72.8,S2,S2_LV-1,2018-10-12,2018,2018-10
2018-10-15 09:37:00,72.8,S2,S2_LV-3,2018-10-15,2018,2018-10
2018-10-15 10:02:00,72.8,S2,S2_LV-1,2018-10-15,2018,2018-10
2018-10-15 10:02:00,72.8,S2,S2_LV-3,2018-10-15,2018,2018-10
2018-10-15 10:42:00,-87.2,S2,S2_LV-1,2018-10-15,2018,2018-10
2018-10-16 09:18:00,-807.1999999999972,S3,S3_B,2018-10-16,2018,2018-10
2018-10-16 09:43:00,72.8,S2,S2_LV-1,2018-10-16,2018,2018-10
2018-10-16 09:47:00,-87.2,S2,S2_LV-2,2018-10-16,2018,2018-10
2018-10-16 13:06:00,72.8,S2,S2_LV-1,2018-10-16,2018,2018-10
2018-10-17 09:42:00,-87.2,S2,S2_LV-3,2018-10-17,2018,2018-10
2018-10-17 09:44:00,-87.2,S2,S2_LV-1,2018-10-17,2018,2018-10
2018-10-17 10:34:00,72.8,S2,S2_LV-3,2018-10-17,2018,2018-10
2018-10-17 10:52:00,72.8,S2,S2_LV-1,2018-10-17,2018,2018-10
2018-10-18 10:00:00,-87.2,S2,S2_LV-1,2018-10-18,2018,2018-10
2018-10-18 10:58:00,72.8,S2,S2_LV-1,2018-10-18,2018,2018-10
2018-10-18 13:38:00,72.8,S2,S2_LV-2,2018-10-18,2018,2018-10
2018-10-19 09:36:00,72.8,S2,S2_LV-1,2018-10-19,2018,2018-10
2018-10-19 09:39:00,-87.2,S2,S2_LV-2,2018-10-19,2018,2018-10
2018-10-22 09:30:00,72.8,S2,S2_LV-1,2018-10-22,2018,2018-10
2018-10-22 10:03:00,72.8,S2,S2_LV-3,2018-10-22,2018,2018-10
2018-10-23 09:02:00,242.8,S3,S3_B,2018-10-23,2018,2018-10
2018-10-23 10:02:00,242.8,S3,S3_B,2018-10-23,2018,2018-10
2018-10-23 10:17:00,72.8,S2,S2_LV-1,2018-10-23,2018,2018-10
2018-10-23 11:39:00,242.8,S3,S3_B,2018-10-23,2018,2018-10
2018-10-23 11:41:00,72.8,S2,S2_LV-1,2018-10-23,2018,2018-10
2018-10-23 11:41:00,72.8,S2,S2_LV-3,2018-10-23,2018,2018-10
2018-10-23 11:53:00,72.8,S2,S2_LV-3,2018-10-23,2018,2018-10
2018-10-23 11:53:00,242.8,S3,S3_B,2018-10-23,2018,2018-10
2018-10-23 11:56:00,72.8,S2,S2_LV-1,2018-10-23,2018,2018-10
2018-10-24 09:42:00,72.8,S2,S2_LV-2,2018-10-24,2018,2018-10
2018-10-24 09:57:00,72.8,S2,S2_LV-1,2018-10-24,2018,2018-10
2018-10-25 09:27:00,72.8,S2,S2_LV-1,2018-10-25,2018,2018-10
2018-10-25 11:31:00,72.8,S2,S2_LV-1,2018-10-25,2018,2018-10
2018-10-26 09:35:00,72.8,S2,S2_LV-1,2018-10-26,2018,2018-10
2018-10-26 09:35:00,72.8,S2,S2_LV-3,2018-10-26,2018,2018-10
2018-10-26 09:54:00,72.8,S2,S2_LV-1,2018-10-26,2018,2018-10
2018-10-26 10:04:00,72.8,S2,S2_LV-2,2018-10-26,2018,2018-10
2018-10-26 11:45:00,-87.2,S2,S2_LV-1,2018-10-26,2018,2018-10
2018-10-29 10:32:00,-87.2,S2,S2_LV-2,2018-10-29,2018,2018-10
2018-10-29 11:17:00,-87.2,S2,S2_LV-1,2018-10-29,2018,2018-10
2018-10-30 09:16:00,72.8,S2,S2_LV-1,2018-10-30,2018,2018-10
2018-10-30 12:25:00,72.8,S2,S2_LV-1,2018-10-30,2018,2018-10
2018-10-30 13:42:00,72.8,S2,S2_LV-2,2018-10-30,2018,2018-10
2018-10-31 10:30:00,-87.2,S2,S2_LV-1,2018-10-31,2018,2018-10
2018-10-31 10:44:00,72.8,S2,S2_LV-1,2018-10-31,2018,2018-10
2018-10-31 11:20:00,-87.2,S2,S2_LV-2,2018-10-31,2018,2018-10
2018-10-31 14:26:00,-87.2,S2,S2_LV-1,2018-10-31,2018,2018-10
2018-10-31 14:41:00,72.8,S2,S2_LV-3,2018-10-31,2018,2018-10
2018-11-01 10:11:00,72.8,S2,S2_LV-1,2018-11-01,2018,2018-11
2018-11-01 11:14:00,72.8,S2,S2_LV-3,2018-11-01,2018,2018-11
2018-11-01 11:31:00,72.8,S2,S2_LV-1,2018-11-01,2018,2018-11
2018-11-01 11:32:00,72.8,S2,S2_LV-3,2018-11-01,2018,2018-11
2018-11-01 11:44:00,72.8,S2,S2_LV-1,2018-11-01,2018,2018-11
2018-11-01 12:05:00,72.8,S2,S2_LV-3,2018-11-01,2018,2018-11
2018-11-02 09:07:00,142.8,S2,S2_HV-2,2018-11-02,2018,2018-11
2018-11-02 09:36:00,142.8,S2,S2_HV-1,2018-11-02,2018,2018-11
2018-11-02 11:11:00,-157.2,S2,S2_HV-1,2018-11-02,2018,2018-11
2018-11-05 10:09:00,72.8,S2,S2_LV-1,2018-11-05,2018,2018-11
2018-11-05 11:04:00,-87.2,S2,S2_LV-2,2018-11-05,2018,2018-11
2018-11-06 09:49:00,72.8,S2,S2_LV-2,2018-11-06,2018,2018-11
2018-11-06 09:58:00,72.8,S2,S2_LV-1,2018-11-06,2018,2018-11
2018-11-06 11:42:00,-87.2,S2,S2_LV-1,2018-11-06,2018,2018-11
2018-11-07 10:33:00,-157.2,S2,S2_HV-1,2018-11-07,2018,2018-11
2018-11-07 10:48:00,142.8,S2,S2_HV-2,2018-11-07,2018,2018-11
2018-11-07 11:01:00,142.8,S2,S2_HV-1,2018-11-07,2018,2018-11
2018-11-08 09:07:00,142.8,S2,S2_HV-1,2018-11-08,2018,2018-11
2018-11-08 09:26:00,142.8,S2,S2_HV-2,2018-11-08,2018,2018-11
2018-11-09 09:40:00,72.8,S2,S2_LV-3,2018-11-09,2018,2018-11
2018-11-09 09:49:00,-87.2,S2,S2_LV-1,2018-11-09,2018,2018-11
2018-11-09 10:18:00,-87.2,S2,S2_LV-1,2018-11-09,2018,2018-11
2018-11-09 10:27:00,72.8,S2,S2_LV-2,2018-11-09,2018,2018-11
2018-11-09 10:41:00,72.8,S2,S2_LV-1,2018-11-09,2018,2018-11
2018-11-12 09:31:00,72.8,S2,S2_LV-3,2018-11-12,2018,2018-11
2018-11-12 10:12:00,-87.2,S2,S2_LV-1,2018-11-12,2018,2018-11
2018-11-12 10:24:00,72.8,S2,S2_LV-2,2018-11-12,2018,2018-11
2018-11-12 13:22:00,-87.2,S2,S2_LV-1,2018-11-12,2018,2018-11
2018-11-13 09:57:00,72.8,S2,S2_LV-1,2018-11-13,2018,2018-11
2018-11-13 10:05:00,-87.2,S2,S2_LV-3,2018-11-13,2018,2018-11
2018-11-13 10:23:00,72.8,S2,S2_LV-1,2018-11-13,2018,2018-11
2018-11-13 10:32:00,-87.2,S2,S2_LV-3,2018-11-13,2018,2018-11
2018-11-13 10:45:00,-87.2,S2,S2_LV-1,2018-11-13,2018,2018-11
2018-11-13 13:07:00,72.8,S2,S2_LV-3,2018-11-13,2018,2018-11
2018-11-13 13:10:00,72.8,S2,S2_LV-1,2018-11-13,2018,2018-11
2018-11-13 13:31:00,72.8,S2,S2_LV-1,2018-11-13,2018,2018-11
2018-11-14 10:04:00,-157.2,S2,S2_HV-1,2018-11-14,2018,2018-11
2018-11-14 11:27:00,-157.2,S2,S2_HV-1,2018-11-14,2018,2018-11
2018-11-15 10:02:00,-157.2,S2,S2_HV-1,2018-11-15,2018,2018-11
2018-11-16 10:45:00,142.8,S2,S2_HV-1,2018-11-16,2018,2018-11
2018-11-16 11:44:00,-157.2,S2,S2_HV-1,2018-11-16,2018,2018-11
2018-11-16 12:35:00,142.8,S2,S2_HV-1,2018-11-16,2018,2018-11
2018-11-16 12:37:00,-157.2,S2,S2_HV-2,2018-11-16,2018,2018-11
2018-11-19 09:55:00,142.8,S2,S2_HV-1,2018-11-19,2018,2018-11
2018-11-19 10:19:00,-157.2,S2,S2_HV-1,2018-11-19,2018,2018-11
2018-11-19 11:06:00,-157.2,S2,S2_HV-1,2018-11-19,2018,2018-11
2018-11-20 09:43:00,442.80000000000285,S3,S3_C,2018-11-20,2018,2018-11
2018-11-20 09:55:00,142.8,S2,S2_HV-1,2018-11-20,2018,2018-11
2018-11-20 10:01:00,142.8,S2,S2_HV-1,2018-11-20,2018,2018-11
2018-11-20 10:09:00,142.8,S2,S2_HV-1,2018-11-20,2018,2018-11
2018-11-20 10:15:00,142.8,S2,S2_HV-1,2018-11-20,2018,2018-11
2018-11-20 13:13:00,142.8,S2,S2_HV-1,2018-11-20,2018,2018-11
2018-11-20 13:20:00,-157.2,S2,S2_HV-1,2018-11-20,2018,2018-11
2018-11-21 09:19:00,-157.2,S2,S2_HV-2,2018-11-21,2018,2018-11
2018-11-21 09:30:00,142.8,S2,S2_HV-1,2018-11-21,2018,2018-11
2018-11-21 11:42:00,142.8,S2,S2_HV-1,2018-11-21,2018,2018-11
2018-11-23 09:54:00,-157.2,S2,S2_HV-1,2018-11-23,2018,2018-11
2018-11-23 13:30:00,142.8,S2,S2_HV-1,2018-11-23,2018,2018-11
2018-11-26 11:06:00,-157.2,S2,S2_HV-1,2018-11-26,2018,2018-11
2018-11-27 10:04:00,142.8,S2,S2_HV-1,2018-11-27,2018,2018-11
2018-11-27 12:13:00,142.8,S2,S2_HV-2,2018-11-27,2018,2018-11
2018-11-27 13:08:00,-157.2,S2,S2_HV-1,2018-11-27,2018,2018-11
2018-11-28 09:47:00,-157.2,S2,S2_HV-2,2018-11-28,2018,2018-11
2018-11-28 09:48:00,142.8,S2,S2_HV-1,2018-11-28,2018,2018-11
2018-11-28 10:34:00,-157.2,S2,S2_HV-2,2018-11-28,2018,2018-11
2018-11-28 12:09:00,142.8,S2,S2_HV-1,2018-11-28,2018,2018-11
2018-11-28 13:47:00,-157.2,S2,S2_HV-1,2018-11-28,2018,2018-11
2018-11-29 09:03:00,72.8,S2,S2_LV-3,2018-11-29,2018,2018-11
2018-11-29 09:05:00,-87.2,S2,S2_LV-1,2018-11-29,2018,2018-11
2018-11-29 09:32:00,72.8,S2,S2_LV-2,2018-11-29,2018,2018-11
2018-11-29 09:42:00,72.8,S2,S2_LV-1,2018-11-29,2018,2018-11
2018-11-29 13:24:00,-87.2,S2,S2_LV-1,2018-11-29,2018,2018-11
2018-11-30 09:44:00,142.8,S2,S2_HV-1,2018-11-30,2018,2018-11
2018-11-30 10:34:00,-47.19999999999915,S2,S2_HV-2,2018-11-30,2018,2018-11
2018-11-30 12:01:00,142.8,S2,S2_HV-1,2018-11-30,2018,2018-11
2018-12-03 09:46:00,-157.2,S2,S2_HV-1,2018-12-03,2018,2018-12
2018-12-03 11:14:00,-157.2,S2,S2_HV-1,2018-12-03,2018,2018-12
2018-12-04 09:42:00,142.8,S2,S2_HV-1,2018-12-04,2018,2018-12
2018-12-04 10:33:00,-157.2,S2,S2_HV-1,2018-12-04,2018,2018-12
2018-12-05 09:38:00,72.8,S2,S2_LV-3,2018-12-05,2018,2018-12
2018-12-05 09:44:00,72.8,S2,S2_LV-1,2018-12-05,2018,2018-12
2018-12-05 11:09:00,72.8,S2,S2_LV-1,2018-12-05,2018,2018-12
2018-12-06 12:24:00,-187.1999999999997,S3,S3_C,2018-12-06,2018,2018-12
2018-12-07 09:22:00,142.8,S2,S2_HV-1,2018-12-07,2018,2018-12
2018-12-07 09:49:00,-157.2,S2,S2_HV-1,2018-12-07,2018,2018-12
2018-12-10 09:17:00,72.8,S2,S2_LV-1,2018-12-10,2018,2018-12
2018-12-10 10:05:00,72.8,S2,S2_LV-2,2018-12-10,2018,2018-12
2018-12-11 10:01:00,72.8,S2,S2_LV-2,2018-12-11,2018,2018-12
2018-12-11 11:37:00,72.8,S2,S2_LV-1,2018-12-11,2018,2018-12
2018-12-13 10:56:00,-87.2,S2,S2_LV-1,2018-12-13,2018,2018-12
2018-12-13 11:31:00,72.8,S2,S2_LV-2,2018-12-13,2018,2018-12
2018-12-13 11:47:00,-87.2,S2,S2_LV-1,2018-12-13,2018,2018-12
2018-12-18 09:36:00,-87.2,S2,S2_LV-3,2018-12-18,2018,2018-12
2018-12-18 09:46:00,72.8,S2,S2_LV-1,2018-12-18,2018,2018-12
2018-12-18 10:57:00,-87.2,S2,S2_LV-1,2018-12-18,2018,2018-12
2018-12-18 11:25:00,72.8,S2,S2_LV-3,2018-12-18,2018,2018-12
2018-12-18 11:27:00,72.8,S2,S2_LV-1,2018-12-18,2018,2018-12
2018-12-19 10:01:00,142.8,S2,S2_HV-1,2018-12-19,2018,2018-12
2018-12-19 10:52:00,-157.2,S2,S2_HV-1,2018-12-19,2018,2018-12
2018-12-20 10:15:00,142.8,S2,S2_HV-1,2018-12-20,2018,2018-12
2018-12-20 10:41:00,-157.2,S2,S2_HV-1,2018-12-20,2018,2018-12
2018-12-20 11:39:00,-157.2,S2,S2_HV-2,2018-12-20,2018,2018-12
2018-12-21 11:20:00,-157.2,S2,S2_HV-1,2018-12-21,2018,2018-12
2018-12-24 13:10:00,142.8,S2,S2_HV-1,2018-12-24,2018,2018-12
2018-12-24 13:10:00,142.8,S2,S2_HV-2,2018-12-24,2018,2018-12
2018-12-24 13:26:00,142.8,S2,S2_HV-1,2018-12-24,2018,2018-12
2018-12-24 13:29:00,-157.2,S2,S2_HV-1,2018-12-24,2018,2018-12
2018-12-27 09:30:00,142.8,S2,S2_HV-1,2018-12-27,2018,2018-12
2018-12-27 11:18:00,-157.2,S2,S2_HV-1,2018-12-27,2018,2018-12
2018-12-28 09:29:00,-157.2,S2,S2_HV-1,2018-12-28,2018,2018-12
2018-12-31 10:45:00,142.8,S2,S2_HV-1,2018-12-31,2018,2018-12
2019-01-02 09:47:00,-157.2,S2,S2_HV-1,2019-01-02,2019,2019-01
2019-01-02 10:25:00,-157.2,S2,S2_HV-1,2019-01-02,2019,2019-01
2019-01-02 11:17:00,-157.2,S2,S2_HV-1,2019-01-02,2019,2019-01
2019-01-02 11:45:00,-157.2,S2,S2_HV-1,2019-01-02,2019,2019-01
2019-01-03 09:45:00,-157.2,S2,S2_HV-1,2019-01-03,2019,2019-01
2019-01-03 10:52:00,142.8,S2,S2_HV-1,2019-01-03,2019,2019-01
2019-01-04 09:28:00,442.80000000000285,S3,S3_C,2019-01-04,2019,2019-01
2019-01-04 09:41:00,142.8,S2,S2_HV-1,2019-01-04,2019,2019-01
2019-01-04 10:40:00,-157.2,S2,S2_HV-1,2019-01-04,2019,2019-01
2019-01-07 09:35:00,-1007.2,S3,S3_C,2019-01-07,2019,2019-01
2019-01-07 09:36:00,142.8,S2,S2_HV-1,2019-01-07,2019,2019-01
2019-01-07 10:46:00,142.8,S2,S2_HV-1,2019-01-07,2019,2019-01
2019-01-10 11:19:00,-157.2,S2,S2_HV-1,2019-01-10,2019,2019-01
2019-01-11 09:17:00,72.8,S2,S2_LV-1,2019-01-11,2019,2019-01
2019-01-11 09:42:00,-87.2,S2,S2_LV-2,2019-01-11,2019,2019-01
2019-01-17 10:03:00,242.8,S3,S3_B,2019-01-17,2019,2019-01
2019-01-17 10:09:00,242.8,S3,S3_B,2019-01-17,2019,2019-01
2019-01-17 11:16:00,242.8,S3,S3_B,2019-01-17,2019,2019-01
2019-01-17 12:16:00,12.800457763671876,S3,S3_B,2019-01-17,2019,2019-01
2019-01-18 09:07:00,242.8,S3,S3_B,2019-01-18,2019,2019-01
2019-01-18 10:07:00,242.8,S3,S3_B,2019-01-18,2019,2019-01
2019-01-18 10:11:00,242.8,S3,S3_B,2019-01-18,2019,2019-01
2019-01-18 10:20:00,242.8,S3,S3_B,2019-01-18,2019,2019-01
2019-01-18 10:46:00,-97.20015258789064,S3,S3_B,2019-01-18,2019,2019-01
2019-01-21 10:22:00,72.8,S2,S2_LV-2,2019-01-21,2019,2019-01
2019-01-22 12:30:00,-87.2,S2,S2_LV-2,2019-01-22,2019,2019-01
2019-01-22 13:00:00,-87.2,S2,S2_LV-1,2019-01-22,2019,2019-01
2019-01-23 10:22:00,72.8,S2,S2_LV-2,2019-01-23,2019,2019-01
2019-01-23 11:14:00,72.8,S2,S2_LV-1,2019-01-23,2019,2019-01
2019-01-23 11:30:00,72.8,S2,S2_LV-1,2019-01-23,2019,2019-01
2019-01-23 11:58:00,72.8,S2,S2_LV-1,2019-01-23,2019,2019-01
2019-01-25 09:49:00,72.8,S2,S2_LV-1,2019-01-25,2019,2019-01
2019-01-29 09:30:00,-87.2,S2,S2_LV-1,2019-01-29,2019,2019-01
2019-01-29 09:51:00,72.8,S2,S2_LV-1,2019-01-29,2019,2019-01
2019-01-31 09:10:00,72.8,S2,S2_LV-1,2019-01-31,2019,2019-01
2019-01-31 09:36:00,-87.2,S2,S2_LV-3,2019-01-31,2019,2019-01
2019-01-31 10:26:00,72.8,S2,S2_LV-1,2019-01-31,2019,2019-01
2019-01-31 13:11:00,-87.2,S2,S2_LV-2,2019-01-31,2019,2019-01
2019-02-01 09:11:00,242.8,S3,S3_B,2019-02-01,2019,2019-02
2019-02-01 09:36:00,242.8,S3,S3_B,2019-02-01,2019,2019-02
2019-02-01 09:41:00,-87.2,S2,S2_LV-1,2019-02-01,2019,2019-02
2019-02-01 11:07:00,242.8,S3,S3_B,2019-02-01,2019,2019-02
2019-02-01 12:36:00,-87.2,S2,S2_LV-1,2019-02-01,2019,2019-02
2019-02-01 13:05:00,242.8,S3,S3_B,2019-02-01,2019,2019-02
2019-02-01 13:10:00,-87.2,S2,S2_LV-1,2019-02-01,2019,2019-02
2019-02-01 13:15:00,-167.19984741210936,S3,S3_B,2019-02-01,2019,2019-02
2019-02-01 13:37:00,72.8,S2,S2_LV-3,2019-02-01,2019,2019-02
2019-02-07 09:50:00,242.8,S3,S3_B,2019-02-07,2019,2019-02
2019-02-07 10:57:00,242.8,S3,S3_B,2019-02-07,2019,2019-02
2019-02-07 11:37:00,242.8,S3,S3_B,2019-02-07,2019,2019-02
2019-02-07 12:00:00,-457.2007629394531,S3,S3_B,2019-02-07,2019,2019-02
2019-02-08 09:40:00,72.8,S2,S2_LV-3,2019-02-08,2019,2019-02
2019-02-08 10:19:00,-87.2,S2,S2_LV-1,2019-02-08,2019,2019-02
2019-02-11 09:08:00,242.8,S3,S3_B,2019-02-11,2019,2019-02
2019-02-11 09:21:00,242.8,S3,S3_B,2019-02-11,2019,2019-02
2019-02-11 10:02:00,72.8,S2,S2_LV-3,2019-02-11,2019,2019-02
2019-02-11 10:03:00,242.8,S3,S3_B,2019-02-11,2019,2019-02
2019-02-11 10:09:00,242.8,S3,S3_B,2019-02-11,2019,2019-02
2019-02-11 11:24:00,72.8,S2,S2_LV-1,2019-02-11,2019,2019-02
2019-02-11 13:27:00,92.80228881835936,S3,S3_B,2019-02-11,2019,2019-02
2019-02-12 09:04:00,-337.2018310546875,S3,S3_B,2019-02-12,2019,2019-02
2019-02-15 12:45:00,-87.2,S2,S2_LV-1,2019-02-15,2019,2019-02
2019-02-18 09:16:00,72.8,S2,S2_LV-1,2019-02-18,2019,2019-02
2019-02-18 11:23:00,72.8,S2,S2_LV-2,2019-02-18,2019,2019-02
2019-02-19 10:54:00,-87.2,S2,S2_LV-1,2019-02-19,2019,2019-02
2019-02-20 09:08:00,72.8,S2,S2_LV-1,2019-02-20,2019,2019-02
2019-02-20 09:12:00,72.8,S2,S2_LV-3,2019-02-20,2019,2019-02
2019-02-20 10:00:00,72.8,S2,S2_LV-3,2019-02-20,2019,2019-02
2019-02-21 09:03:00,-87.2,S2,S2_LV-1,2019-02-21,2019,2019-02
2019-02-21 10:47:00,72.8,S2,S2_LV-2,2019-02-21,2019,2019-02
2019-02-22 09:29:00,-87.2,S2,S2_LV-1,2019-02-22,2019,2019-02
2019-02-22 09:40:00,72.8,S2,S2_LV-2,2019-02-22,2019,2019-02
2019-02-25 09:03:00,72.8,S2,S2_LV-1,2019-02-25,2019,2019-02
2019-02-25 11:09:00,72.8,S2,S2_LV-1,2019-02-25,2019,2019-02
2019-02-26 10:09:00,-87.2,S2,S2_LV-1,2019-02-26,2019,2019-02
2019-02-27 10:39:00,72.8,S2,S2_LV-1,2019-02-27,2019,2019-02
2019-02-27 10:39:00,72.8,S2,S2_LV-3,2019-02-27,2019,2019-02
2019-02-28 09:01:00,72.8,S2,S2_LV-1,2019-02-28,2019,2019-02
2019-02-28 10:00:00,72.8,S2,S2_LV-2,2019-02-28,2019,2019-02
2019-02-28 10:37:00,-87.2,S2,S2_LV-3,2019-02-28,2019,2019-02
2019-03-01 09:10:00,-87.2,S2,S2_LV-1,2019-03-01,2019,2019-03
2019-03-01 09:53:00,72.8,S2,S2_LV-1,2019-03-01,2019,2019-03
2019-03-01 10:45:00,72.8,S2,S2_LV-1,2019-03-01,2019,2019-03
2019-03-01 11:22:00,-87.2,S2,S2_LV-2,2019-03-01,2019,2019-03
2019-03-08 09:20:00,72.8,S2,S2_LV-1,2019-03-08,2019,2019-03
2019-03-08 10:54:00,72.8,S2,S2_LV-2,2019-03-08,2019,2019-03
2019-03-12 09:59:00,72.8,S2,S2_LV-2,2019-03-12,2019,2019-03
2019-03-13 10:35:00,-87.2,S2,S2_LV-1,2019-03-13,2019,2019-03
2019-03-14 09:06:00,-87.2,S2,S2_LV-1,2019-03-14,2019,2019-03
2019-03-15 12:40:00,72.8,S2,S2_LV-1,2019-03-15,2019,2019-03
2019-03-18 09:50:00,72.8,S2,S2_LV-2,2019-03-18,2019,2019-03
2019-03-19 09:47:00,72.8,S2,S2_LV-1,2019-03-19,2019,2019-03
2019-03-19 10:06:00,-87.2,S2,S2_LV-2,2019-03-19,2019,2019-03
2019-03-19 12:48:00,-87.2,S2,S2_LV-1,2019-03-19,2019,2019-03
2019-03-20 09:36:00,72.8,S2,S2_LV-1,2019-03-20,2019,2019-03
2019-03-20 10:35:00,-87.2,S2,S2_LV-1,2019-03-20,2019,2019-03
2019-03-20 11:38:00,-87.2,S2,S2_LV-3,2019-03-20,2019,2019-03
2019-03-20 12:29:00,-87.2,S2,S2_LV-1,2019-03-20,2019,2019-03
2019-03-21 09:22:00,72.8,S2,S2_LV-1,2019-03-21,2019,2019-03
2019-03-22 09:53:00,-87.2,S2,S2_LV-1,2019-03-22,2019,2019-03
2019-03-22 10:01:00,-87.2,S2,S2_LV-2,2019-03-22,2019,2019-03
2019-03-22 11:28:00,72.8,S2,S2_LV-1,2019-03-22,2019,2019-03
2019-03-25 10:00:00,-87.2,S2,S2_LV-2,2019-03-25,2019,2019-03
2019-03-25 11:30:00,72.8,S2,S2_LV-3,2019-03-25,2019,2019-03
2019-03-25 12:02:00,-87.2,S2,S2_LV-1,2019-03-25,2019,2019-03
2019-03-26 09:28:00,72.8,S2,S2_LV-3,2019-03-26,2019,2019-03
2019-03-26 10:20:00,-87.2,S2,S2_LV-1,2019-03-26,2019,2019-03
2019-03-26 13:35:00,72.8,S2,S2_LV-2,2019-03-26,2019,2019-03
2019-03-27 10:30:00,72.8,S2,S2_LV-2,2019-03-27,2019,2019-03
2019-03-27 10:31:00,-87.2,S2,S2_LV-1,2019-03-27,2019,2019-03
2019-03-27 11:33:00,-87.2,S2,S2_LV-1,2019-03-27,2019,2019-03
2019-03-27 11:51:00,72.8,S2,S2_LV-1,2019-03-27,2019,2019-03
2019-03-28 09:27:00,72.8,S2,S2_LV-1,2019-03-28,2019,2019-03
2019-03-28 10:29:00,72.8,S2,S2_LV-1,2019-03-28,2019,2019-03
2019-03-29 11:37:00,72.8,S2,S2_LV-2,2019-03-29,2019,2019-03
2019-03-29 12:01:00,72.8,S2,S2_LV-1,2019-03-29,2019,2019-03
2019-04-01 10:06:00,-87.2,S2,S2_LV-1,2019-04-01,2019,2019-04
2019-04-01 13:19:00,72.8,S2,S2_LV-1,2019-04-01,2019,2019-04
2019-04-02 11:04:00,72.8,S2,S2_LV-1,2019-04-02,2019,2019-04
2019-04-03 09:10:00,-87.2,S2,S2_LV-1,2019-04-03,2019,2019-04
2019-04-03 10:36:00,72.8,S2,S2_LV-2,2019-04-03,2019,2019-04
2019-04-04 09:56:00,72.8,S2,S2_LV-2,2019-04-04,2019,2019-04
2019-04-04 10:39:00,72.8,S2,S2_LV-1,2019-04-04,2019,2019-04
2019-04-04 11:30:00,72.8,S2,S2_LV-1,2019-04-04,2019,2019-04
2019-04-05 09:33:00,72.8,S2,S2_LV-1,2019-04-05,2019,2019-04
2019-04-08 10:56:00,72.8,S2,S2_LV-1,2019-04-08,2019,2019-04
2019-04-09 09:49:00,72.8,S2,S2_LV-1,2019-04-09,2019,2019-04
2019-04-09 09:49:00,72.8,S2,S2_LV-2,2019-04-09,2019,2019-04
2019-04-10 10:13:00,72.8,S2,S2_LV-2,2019-04-10,2019,2019-04
2019-04-11 09:31:00,72.8,S2,S2_LV-1,2019-04-11,2019,2019-04
2019-04-11 11:30:00,72.8,S2,S2_LV-2,2019-04-11,2019,2019-04
2019-04-12 09:48:00,-87.2,S2,S2_LV-2,2019-04-12,2019,2019-04
2019-04-12 10:12:00,72.8,S2,S2_LV-1,2019-04-12,2019,2019-04
2019-04-15 09:36:00,-87.2,S2,S2_LV-1,2019-04-15,2019,2019-04
2019-04-15 10:57:00,-87.2,S2,S2_LV-2,2019-04-15,2019,2019-04
2019-04-16 09:22:00,-87.2,S2,S2_LV-1,2019-04-16,2019,2019-04
2019-04-16 09:45:00,72.8,S2,S2_LV-2,2019-04-16,2019,2019-04
2019-04-17 09:04:00,-87.2,S2,S2_LV-1,2019-04-17,2019,2019-04
2019-04-18 09:36:00,72.8,S2,S2_LV-2,2019-04-18,2019,2019-04
2019-04-22 10:42:00,72.8,S2,S2_LV-1,2019-04-22,2019,2019-04
2019-04-24 10:39:00,72.8,S2,S2_LV-2,2019-04-24,2019,2019-04
2019-04-25 10:45:00,72.8,S2,S2_LV-2,2019-04-25,2019,2019-04
2019-04-26 09:46:00,72.8,S2,S2_LV-2,2019-04-26,2019,2019-04
2019-04-26 09:48:00,-87.2,S2,S2_LV-1,2019-04-26,2019,2019-04
2019-04-26 10:34:00,-87.2,S2,S2_LV-1,2019-04-26,2019,2019-04
2019-04-29 10:11:00,-87.2,S2,S2_LV-1,2019-04-29,2019,2019-04
2019-04-30 09:33:00,-87.2,S2,S2_LV-2,2019-04-30,2019,2019-04
2019-04-30 11:02:00,72.8,S2,S2_LV-1,2019-04-30,2019,2019-04
2019-05-01 09:05:00,242.8,S3,S3_B,2019-05-01,2019,2019-05
2019-05-01 09:18:00,-807.1999999999972,S3,S3_B,2019-05-01,2019,2019-05
2019-05-01 09:49:00,72.8,S2,S2_LV-2,2019-05-01,2019,2019-05
2019-05-01 10:31:00,72.8,S2,S2_LV-1,2019-05-01,2019,2019-05
2019-05-01 10:57:00,72.8,S2,S2_LV-1,2019-05-01,2019,2019-05
2019-05-01 10:57:00,72.8,S2,S2_LV-3,2019-05-01,2019,2019-05
2019-05-02 09:10:00,242.8,S3,S3_B,2019-05-02,2019,2019-05
2019-05-02 09:23:00,-87.2,S2,S2_LV-1,2019-05-02,2019,2019-05
2019-05-02 10:08:00,242.8,S3,S3_B,2019-05-02,2019,2019-05
2019-05-02 10:28:00,242.8,S3,S3_B,2019-05-02,2019,2019-05
2019-05-02 10:30:00,-87.2,S2,S2_LV-1,2019-05-02,2019,2019-05
2019-05-02 11:32:00,242.8,S3,S3_B,2019-05-02,2019,2019-05
2019-05-03 09:56:00,72.8,S2,S2_LV-1,2019-05-03,2019,2019-05
2019-05-03 11:19:00,72.8,S2,S2_LV-2,2019-05-03,2019,2019-05
2019-05-03 12:05:00,72.8,S2,S2_LV-1,2019-05-03,2019,2019-05
2019-05-06 09:29:00,-87.2,S2,S2_LV-1,2019-05-06,2019,2019-05
2019-05-06 11:15:00,72.8,S2,S2_LV-2,2019-05-06,2019,2019-05
2019-05-07 10:22:00,72.8,S2,S2_LV-1,2019-05-07,2019,2019-05
2019-05-07 12:44:00,72.8,S2,S2_LV-2,2019-05-07,2019,2019-05
2019-05-08 09:48:00,-87.2,S2,S2_LV-1,2019-05-08,2019,2019-05
2019-05-08 10:30:00,-87.2,S2,S2_LV-2,2019-05-08,2019,2019-05
2019-05-08 10:59:00,72.8,S2,S2_LV-1,2019-05-08,2019,2019-05
2019-05-09 09:09:00,-87.2,S2,S2_LV-1,2019-05-09,2019,2019-05
2019-05-09 10:41:00,72.8,S2,S2_LV-1,2019-05-09,2019,2019-05
2019-05-10 10:42:00,72.8,S2,S2_LV-1,2019-05-10,2019,2019-05
2019-05-10 11:55:00,72.8,S2,S2_LV-1,2019-05-10,2019,2019-05
2019-05-13 09:06:00,242.8,S3,S3_B,2019-05-13,2019,2019-05
2019-05-13 09:09:00,-807.1999999999972,S3,S3_B,2019-05-13,2019,2019-05
2019-05-13 09:53:00,-87.2,S2,S2_LV-1,2019-05-13,2019,2019-05
2019-05-13 10:26:00,-87.2,S2,S2_LV-3,2019-05-13,2019,2019-05
2019-05-13 11:03:00,-87.2,S2,S2_LV-2,2019-05-13,2019,2019-05
2019-05-13 11:10:00,72.8,S2,S2_LV-1,2019-05-13,2019,2019-05
2019-05-13 12:26:00,-87.2,S2,S2_LV-1,2019-05-13,2019,2019-05
2019-05-14 09:18:00,72.8,S2,S2_LV-1,2019-05-14,2019,2019-05
2019-05-14 09:44:00,-87.2,S2,S2_LV-2,2019-05-14,2019,2019-05
2019-05-14 11:36:00,72.8,S2,S2_LV-1,2019-05-14,2019,2019-05
2019-05-15 09:43:00,-87.2,S2,S2_LV-2,2019-05-15,2019,2019-05
2019-05-15 10:36:00,-87.2,S2,S2_LV-1,2019-05-15,2019,2019-05
2019-05-16 11:04:00,72.8,S2,S2_LV-3,2019-05-16,2019,2019-05
2019-05-17 11:15:00,-87.2,S2,S2_LV-1,2019-05-17,2019,2019-05
2019-05-17 12:04:00,-87.2,S2,S2_LV-1,2019-05-17,2019,2019-05
2019-05-21 09:40:00,72.8,S2,S2_LV-2,2019-05-21,2019,2019-05
2019-05-21 09:44:00,-87.2,S2,S2_LV-1,2019-05-21,2019,2019-05
2019-05-23 09:15:00,-87.2,S2,S2_LV-1,2019-05-23,2019,2019-05
2019-05-23 10:12:00,-87.2,S2,S2_LV-3,2019-05-23,2019,2019-05
2019-05-23 11:03:00,-87.2,S2,S2_LV-1,2019-05-23,2019,2019-05
2019-05-23 13:14:00,72.8,S2,S2_LV-1,2019-05-23,2019,2019-05
2019-05-23 13:14:00,72.8,S2,S2_LV-3,2019-05-23,2019,2019-05
2019-05-24 10:43:00,72.8,S2,S2_LV-1,2019-05-24,2019,2019-05
2019-05-24 10:55:00,72.8,S2,S2_LV-3,2019-05-24,2019,2019-05
2019-05-27 09:05:00,72.8,S2,S2_LV-3,2019-05-27,2019,2019-05
2019-05-27 10:39:00,-87.2,S2,S2_LV-2,2019-05-27,2019,2019-05
2019-05-27 10:39:00,-87.2,S2,S2_LV-1,2019-05-27,2019,2019-05
2019-05-27 12:33:00,-87.2,S2,S2_LV-1,2019-05-27,2019,2019-05
2019-05-28 09:06:00,242.8,S3,S3_B,2019-05-28,2019,2019-05
2019-05-28 09:14:00,-807.1999999999972,S3,S3_B,2019-05-28,2019,2019-05
2019-05-28 10:47:00,142.8,S2,S2_HV-1,2019-05-28,2019,2019-05
2019-05-29 10:25:00,-157.2,S2,S2_HV-1,2019-05-29,2019,2019-05
2019-05-29 11:44:00,-157.2,S2,S2_HV-2,2019-05-29,2019,2019-05
2019-05-30 11:04:00,142.8,S2,S2_HV-1,2019-05-30,2019,2019-05
2019-05-30 13:50:00,32.799999999999145,S2,S2_HV-1,2019-05-30,2019,2019-05
2019-05-31 11:23:00,-157.2,S2,S2_HV-1,2019-05-31,2019,2019-05
2019-05-31 13:23:00,142.8,S2,S2_HV-2,2019-05-31,2019,2019-05
2019-05-31 13:24:00,142.8,S2,S2_HV-1,2019-05-31,2019,2019-05
2019-06-03 09:49:00,142.8,S2,S2_HV-1,2019-06-03,2019,2019-06
2019-06-03 12:26:00,-157.2,S2,S2_HV-1,2019-06-03,2019,2019-06
2019-06-04 10:33:00,-157.2,S2,S2_HV-1,2019-06-04,2019,2019-06
2019-06-04 12:14:00,142.8,S2,S2_HV-1,2019-06-04,2019,2019-06
2019-06-05 10:31:00,142.8,S2,S2_HV-1,2019-06-05,2019,2019-06
2019-06-05 11:01:00,-157.2,S2,S2_HV-1,2019-06-05,2019,2019-06
2019-06-05 11:01:00,-157.2,S2,S2_HV-2,2019-06-05,2019,2019-06
2019-06-05 11:53:00,-157.2,S2,S2_HV-2,2019-06-05,2019,2019-06
2019-06-05 11:56:00,-157.2,S2,S2_HV-1,2019-06-05,2019,2019-06
2019-06-06 09:05:00,142.8,S2,S2_HV-2,2019-06-06,2019,2019-06
2019-06-06 10:07:00,142.8,S2,S2_HV-1,2019-06-06,2019,2019-06
2019-06-06 10:35:00,-157.2,S2,S2_HV-1,2019-06-06,2019,2019-06
2019-06-07 09:38:00,72.8,S2,S2_LV-1,2019-06-07,2019,2019-06
2019-06-07 09:39:00,-87.2,S2,S2_LV-3,2019-06-07,2019,2019-06
2019-06-07 10:10:00,72.8,S2,S2_LV-1,2019-06-07,2019,2019-06
2019-06-07 10:28:00,72.8,S2,S2_LV-2,2019-06-07,2019,2019-06
2019-06-07 11:44:00,-87.2,S2,S2_LV-1,2019-06-07,2019,2019-06
2019-06-10 11:52:00,142.8,S2,S2_HV-1,2019-06-10,2019,2019-06
2019-06-11 10:56:00,72.8,S2,S2_LV-1,2019-06-11,2019,2019-06
2019-06-12 09:38:00,72.8,S2,S2_LV-2,2019-06-12,2019,2019-06
2019-06-12 10:34:00,72.8,S2,S2_LV-3,2019-06-12,2019,2019-06
2019-06-12 10:36:00,-87.2,S2,S2_LV-1,2019-06-12,2019,2019-06
2019-06-13 09:08:00,72.8,S2,S2_LV-3,2019-06-13,2019,2019-06
2019-06-13 09:27:00,72.8,S2,S2_LV-1,2019-06-13,2019,2019-06
2019-06-13 11:59:00,-87.2,S2,S2_LV-1,2019-06-13,2019,2019-06
2019-06-13 12:07:00,72.8,S2,S2_LV-3,2019-06-13,2019,2019-06
2019-06-14 09:05:00,72.8,S2,S2_LV-1,2019-06-14,2019,2019-06
2019-06-14 10:46:00,72.8,S2,S2_LV-2,2019-06-14,2019,2019-06
2019-06-17 09:34:00,-87.2,S2,S2_LV-1,2019-06-17,2019,2019-06
2019-06-17 10:34:00,-217.19908447265624,S3,S3_B,2019-06-17,2019,2019-06
2019-06-18 09:33:00,72.8,S2,S2_LV-2,2019-06-18,2019,2019-06
2019-06-18 09:39:00,72.8,S2,S2_LV-1,2019-06-18,2019,2019-06
2019-06-18 10:09:00,72.8,S2,S2_LV-1,2019-06-18,2019,2019-06
2019-06-18 10:44:00,72.8,S2,S2_LV-1,2019-06-18,2019,2019-06
2019-06-19 09:59:00,-87.2,S2,S2_LV-3,2019-06-19,2019,2019-06
2019-06-19 10:34:00,72.8,S2,S2_LV-1,2019-06-19,2019,2019-06
2019-06-20 09:03:00,242.8,S3,S3_B,2019-06-20,2019,2019-06
2019-06-20 09:59:00,-807.1999999999972,S3,S3_B,2019-06-20,2019,2019-06
2019-06-20 10:22:00,-87.2,S2,S2_LV-1,2019-06-20,2019,2019-06
2019-06-20 10:45:00,-87.2,S2,S2_LV-1,2019-06-20,2019,2019-06
2019-06-21 09:55:00,-87.2,S2,S2_LV-2,2019-06-21,2019,2019-06
2019-06-21 10:14:00,-87.2,S2,S2_LV-1,2019-06-21,2019,2019-06
2019-06-24 09:40:00,72.8,S2,S2_LV-1,2019-06-24,2019,2019-06
2019-06-24 11:20:00,-87.2,S2,S2_LV-1,2019-06-24,2019,2019-06
2019-06-25 09:54:00,72.8,S2,S2_LV-2,2019-06-25,2019,2019-06
2019-06-25 11:13:00,-87.2,S2,S2_LV-1,2019-06-25,2019,2019-06
2019-06-26 10:30:00,-87.2,S2,S2_LV-2,2019-06-26,2019,2019-06
2019-06-26 11:21:00,72.8,S2,S2_LV-1,2019-06-26,2019,2019-06
2019-06-27 09:42:00,72.8,S2,S2_LV-1,2019-06-27,2019,2019-06
2019-06-27 11:00:00,-87.2,S2,S2_LV-2,2019-06-27,2019,2019-06
2019-06-28 09:05:00,72.8,S2,S2_LV-1,2019-06-28,2019,2019-06
2019-06-28 09:09:00,72.8,S2,S2_LV-3,2019-06-28,2019,2019-06
2019-06-28 10:27:00,72.8,S2,S2_LV-1,2019-06-28,2019,2019-06
2019-06-28 10:54:00,72.8,S2,S2_LV-2,2019-06-28,2019,2019-06
2019-07-01 10:06:00,-87.2,S2,S2_LV-2,2019-07-01,2019,2019-07
2019-07-01 10:32:00,72.8,S2,S2_LV-1,2019-07-01,2019,2019-07
2019-07-01 12:13:00,72.8,S2,S2_LV-1,2019-07-01,2019,2019-07
2019-07-01 13:11:00,-87.2,S2,S2_LV-1,2019-07-01,2019,2019-07
2019-07-02 09:07:00,72.8,S2,S2_LV-1,2019-07-02,2019,2019-07
2019-07-02 09:40:00,72.8,S2,S2_LV-3,2019-07-02,2019,2019-07
2019-07-02 09:56:00,-87.2,S2,S2_LV-2,2019-07-02,2019,2019-07
2019-07-02 10:09:00,-87.2,S2,S2_LV-1,2019-07-02,2019,2019-07
2019-07-02 10:20:00,-87.2,S2,S2_LV-1,2019-07-02,2019,2019-07
2019-07-02 10:59:00,72.8,S2,S2_LV-1,2019-07-02,2019,2019-07
2019-07-03 09:12:00,72.8,S2,S2_LV-3,2019-07-03,2019,2019-07
2019-07-03 09:21:00,-87.2,S2,S2_LV-1,2019-07-03,2019,2019-07
2019-07-03 10:32:00,-87.2,S2,S2_LV-2,2019-07-03,2019,2019-07
2019-07-03 10:47:00,-87.2,S2,S2_LV-1,2019-07-03,2019,2019-07
2019-07-04 09:39:00,72.8,S2,S2_LV-1,2019-07-04,2019,2019-07
2019-07-05 09:27:00,72.8,S2,S2_LV-1,2019-07-05,2019,2019-07
2019-07-05 09:32:00,72.8,S2,S2_LV-3,2019-07-05,2019,2019-07
2019-07-05 09:52:00,72.8,S2,S2_LV-1,2019-07-05,2019,2019-07
2019-07-05 10:01:00,72.8,S2,S2_LV-3,2019-07-05,2019,2019-07
2019-07-08 09:48:00,72.8,S2,S2_LV-3,2019-07-08,2019,2019-07
2019-07-08 10:44:00,-87.2,S2,S2_LV-1,2019-07-08,2019,2019-07
2019-07-09 09:40:00,-87.2,S2,S2_LV-1,2019-07-09,2019,2019-07
2019-07-09 10:51:00,-87.2,S2,S2_LV-2,2019-07-09,2019,2019-07
2019-07-10 09:20:00,72.8,S2,S2_LV-3,2019-07-10,2019,2019-07
2019-07-10 10:31:00,72.8,S2,S2_LV-1,2019-07-10,2019,2019-07
2019-07-11 09:24:00,72.8,S2,S2_LV-1,2019-07-11,2019,2019-07
2019-07-11 10:19:00,72.8,S2,S2_LV-2,2019-07-11,2019,2019-07
2019-07-12 12:45:00,-87.2,S2,S2_LV-1,2019-07-12,2019,2019-07
2019-07-15 09:32:00,-87.2,S2,S2_LV-3,2019-07-15,2019,2019-07
2019-07-15 12:48:00,-87.2,S2,S2_LV-2,2019-07-15,2019,2019-07
2019-07-15 12:53:00,-87.2,S2,S2_LV-1,2019-07-15,2019,2019-07
2019-07-16 11:24:00,72.8,S2,S2_LV-1,2019-07-16,2019,2019-07
2019-07-16 13:04:00,-87.2,S2,S2_LV-1,2019-07-16,2019,2019-07
2019-07-16 13:42:00,72.8,S2,S2_LV-1,2019-07-16,2019,2019-07
2019-07-17 10:36:00,72.8,S2,S2_LV-1,2019-07-17,2019,2019-07
2019-07-17 10:45:00,-87.2,S2,S2_LV-1,2019-07-17,2019,2019-07
2019-07-17 11:14:00,72.8,S2,S2_LV-1,2019-07-17,2019,2019-07
2019-07-18 13:51:00,12.800000000003129,S2,S2_HV-1,2019-07-18,2019,2019-07
2019-07-23 13:25:00,142.8,S2,S2_HV-1,2019-07-23,2019,2019-07
2019-07-24 09:10:00,-87.2,S2,S2_LV-1,2019-07-24,2019,2019-07
2019-07-24 10:32:00,-87.2,S2,S2_LV-1,2019-07-24,2019,2019-07
2019-07-24 12:12:00,72.8,S2,S2_LV-1,2019-07-24,2019,2019-07
2019-07-25 09:27:00,72.8,S2,S2_LV-1,2019-07-25,2019,2019-07
2019-07-25 09:57:00,-87.2,S2,S2_LV-2,2019-07-25,2019,2019-07
2019-07-26 09:37:00,-87.2,S2,S2_LV-2,2019-07-26,2019,2019-07
2019-07-26 12:47:00,72.8,S2,S2_LV-1,2019-07-26,2019,2019-07
2019-07-29 09:49:00,-87.2,S2,S2_LV-1,2019-07-29,2019,2019-07
2019-07-29 10:42:00,72.8,S2,S2_LV-1,2019-07-29,2019,2019-07
2019-07-29 11:33:00,-87.2,S2,S2_LV-2,2019-07-29,2019,2019-07
2019-07-30 10:46:00,72.8,S2,S2_LV-2,2019-07-30,2019,2019-07
2019-07-30 10:47:00,72.8,S2,S2_LV-1,2019-07-30,2019,2019-07
2019-07-31 10:51:00,-87.2,S2,S2_LV-1,2019-07-31,2019,2019-07
2019-07-31 10:51:00,-87.2,S2,S2_LV-2,2019-07-31,2019,2019-07
2019-08-01 09:06:00,-87.2,S2,S2_LV-1,2019-08-01,2019,2019-08
2019-08-01 09:43:00,-87.2,S2,S2_LV-2,2019-08-01,2019,2019-08
2019-08-01 10:11:00,-87.2,S2,S2_LV-1,2019-08-01,2019,2019-08
2019-08-01 12:40:00,72.8,S2,S2_LV-1,2019-08-01,2019,2019-08
2019-08-01 13:45:00,72.8,S2,S2_LV-1,2019-08-01,2019,2019-08
2019-08-02 09:09:00,-87.2,S2,S2_LV-1,2019-08-02,2019,2019-08
2019-08-05 09:09:00,72.8,S2,S2_LV-1,2019-08-05,2019,2019-08
2019-08-05 10:21:00,72.8,S2,S2_LV-1,2019-08-05,2019,2019-08
2019-08-05 11:11:00,72.8,S2,S2_LV-2,2019-08-05,2019,2019-08
2019-08-05 12:19:00,72.8,S2,S2_LV-1,2019-08-05,2019,2019-08
2019-08-05 12:42:00,442.80000000000285,S3,S3_C,2019-08-05,2019,2019-08
2019-08-06 11:11:00,142.8,S2,S2_HV-1,2019-08-06,2019,2019-08
2019-08-06 11:16:00,-157.2,S2,S2_HV-2,2019-08-06,2019,2019-08
2019-08-07 10:06:00,-157.2,S2,S2_HV-1,2019-08-07,2019,2019-08
2019-08-07 10:38:00,-157.2,S2,S2_HV-1,2019-08-07,2019,2019-08
2019-08-07 11:25:00,142.8,S2,S2_HV-2,2019-08-07,2019,2019-08
2019-08-07 12:15:00,142.8,S2,S2_HV-1,2019-08-07,2019,2019-08
2019-08-08 09:52:00,-157.2,S2,S2_HV-2,2019-08-08,2019,2019-08
2019-08-09 09:37:00,72.8,S2,S2_LV-1,2019-08-09,2019,2019-08
2019-08-12 10:01:00,72.8,S2,S2_LV-1,2019-08-12,2019,2019-08
2019-08-12 10:38:00,-87.2,S2,S2_LV-1,2019-08-12,2019,2019-08
2019-08-13 09:03:00,-87.2,S2,S2_LV-1,2019-08-13,2019,2019-08
2019-08-13 09:44:00,-87.2,S2,S2_LV-1,2019-08-13,2019,2019-08
2019-08-13 09:55:00,-87.2,S2,S2_LV-1,2019-08-13,2019,2019-08
2019-08-13 10:30:00,72.8,S2,S2_LV-1,2019-08-13,2019,2019-08
2019-08-13 11:36:00,72.8,S2,S2_LV-2,2019-08-13,2019,2019-08
2019-08-14 10:22:00,-157.2,S2,S2_HV-1,2019-08-14,2019,2019-08
2019-08-14 11:17:00,142.8,S2,S2_HV-1,2019-08-14,2019,2019-08
2019-08-15 09:01:00,142.8,S2,S2_HV-1,2019-08-15,2019,2019-08
2019-08-15 09:30:00,142.8,S2,S2_HV-1,2019-08-15,2019,2019-08
2019-08-20 09:01:00,-87.2,S2,S2_LV-1,2019-08-20,2019,2019-08
2019-08-20 09:07:00,-87.2,S2,S2_LV-3,2019-08-20,2019,2019-08
2019-08-20 10:09:00,-87.2,S2,S2_LV-1,2019-08-20,2019,2019-08
2019-08-21 09:01:00,72.8,S2,S2_LV-1,2019-08-21,2019,2019-08
2019-08-21 09:22:00,72.8,S2,S2_LV-3,2019-08-21,2019,2019-08
2019-08-21 11:19:00,-87.2,S2,S2_LV-2,2019-08-21,2019,2019-08
2019-08-22 10:19:00,-87.2,S2,S2_LV-2,2019-08-22,2019,2019-08
2019-08-23 09:04:00,-87.2,S2,S2_LV-3,2019-08-23,2019,2019-08
2019-08-23 09:13:00,72.8,S2,S2_LV-1,2019-08-23,2019,2019-08
2019-08-23 10:14:00,72.8,S2,S2_LV-2,2019-08-23,2019,2019-08
2019-08-23 10:49:00,-87.2,S2,S2_LV-1,2019-08-23,2019,2019-08
2019-08-26 09:01:00,72.8,S2,S2_LV-1,2019-08-26,2019,2019-08
2019-08-26 09:35:00,72.8,S2,S2_LV-2,2019-08-26,2019,2019-08
2019-08-26 10:42:00,72.8,S2,S2_LV-1,2019-08-26,2019,2019-08
2019-08-26 10:43:00,72.8,S2,S2_LV-3,2019-08-26,2019,2019-08
2019-08-26 11:02:00,72.8,S2,S2_LV-3,2019-08-26,2019,2019-08
2019-08-26 12:17:00,72.8,S2,S2_LV-1,2019-08-26,2019,2019-08
2019-08-27 10:04:00,142.8,S2,S2_HV-2,2019-08-27,2019,2019-08
2019-08-27 11:30:00,-157.2,S2,S2_HV-2,2019-08-27,2019,2019-08
2019-08-29 09:38:00,242.8,S3,S3_B,2019-08-29,2019,2019-08
2019-08-29 09:55:00,242.8,S3,S3_B,2019-08-29,2019,2019-08
2019-08-29 13:34:00,92.80228881835936,S3,S3_B,2019-08-29,2019,2019-08
2019-08-30 09:05:00,72.8,S2,S2_LV-1,2019-08-30,2019,2019-08
2019-08-30 09:58:00,72.8,S2,S2_LV-2,2019-08-30,2019,2019-08
2019-08-30 10:54:00,72.8,S2,S2_LV-1,2019-08-30,2019,2019-08
2019-09-03 09:02:00,242.8,S3,S3_B,2019-09-03,2019,2019-09
2019-09-03 09:04:00,242.8,S3,S3_B,2019-09-03,2019,2019-09
2019-09-03 09:17:00,-757.2,S3,S3_B,2019-09-03,2019,2019-09
2019-09-03 10:16:00,72.8,S2,S2_LV-1,2019-09-03,2019,2019-09
2019-09-03 13:57:00,-87.2,S2,S2_LV-2,2019-09-03,2019,2019-09
2019-09-05 09:16:00,72.8,S2,S2_LV-3,2019-09-05,2019,2019-09
2019-09-05 11:04:00,72.8,S2,S2_LV-1,2019-09-05,2019,2019-09
2019-09-09 09:02:00,-87.2,S2,S2_LV-1,2019-09-09,2019,2019-09
2019-09-09 09:17:00,-87.2,S2,S2_LV-1,2019-09-09,2019,2019-09
2019-09-09 11:42:00,72.8,S2,S2_LV-1,2019-09-09,2019,2019-09
2019-09-10 09:12:00,-87.2,S2,S2_LV-1,2019-09-10,2019,2019-09
2019-09-10 09:38:00,72.8,S2,S2_LV-1,2019-09-10,2019,2019-09
2019-09-10 09:47:00,72.8,S2,S2_LV-2,2019-09-10,2019,2019-09
2019-09-11 09:16:00,142.8,S2,S2_HV-1,2019-09-11,2019,2019-09
2019-09-11 11:50:00,142.8,S2,S2_HV-1,2019-09-11,2019,2019-09
2019-09-13 13:37:00,-57.19999999999716,S3,S3_C,2019-09-13,2019,2019-09
2019-09-16 09:06:00,72.8,S2,S2_LV-1,2019-09-16,2019,2019-09
2019-09-16 09:34:00,72.8,S2,S2_LV-1,2019-09-16,2019,2019-09
2019-09-16 09:36:00,72.8,S2,S2_LV-2,2019-09-16,2019,2019-09
2019-09-16 11:03:00,72.8,S2,S2_LV-3,2019-09-16,2019,2019-09
2019-09-16 11:33:00,72.8,S2,S2_LV-1,2019-09-16,2019,2019-09
2019-09-16 12:44:00,72.8,S2,S2_LV-3,2019-09-16,2019,2019-09
2019-09-16 13:00:00,-87.2,S2,S2_LV-1,2019-09-16,2019,2019-09
2019-09-16 13:05:00,-87.2,S2,S2_LV-3,2019-09-16,2019,2019-09
2019-09-16 13:23:00,72.8,S2,S2_LV-3,2019-09-16,2019,2019-09
2019-09-17 09:37:00,-157.2,S2,S2_HV-1,2019-09-17,2019,2019-09
2019-09-17 09:59:00,142.8,S2,S2_HV-1,2019-09-17,2019,2019-09
2019-09-17 10:10:00,142.8,S2,S2_HV-1,2019-09-17,2019,2019-09
2019-09-17 10:42:00,142.8,S2,S2_HV-1,2019-09-17,2019,2019-09
2019-09-17 12:16:00,-157.2,S2,S2_HV-1,2019-09-17,2019,2019-09
2019-09-18 09:30:00,142.8,S2,S2_HV-1,2019-09-18,2019,2019-09
2019-09-18 11:00:00,142.8,S2,S2_HV-1,2019-09-18,2019,2019-09
2019-09-19 10:00:00,-157.2,S2,S2_HV-1,2019-09-19,2019,2019-09
2019-09-20 09:07:00,-157.2,S2,S2_HV-2,2019-09-20,2019,2019-09
2019-09-20 09:55:00,142.8,S2,S2_HV-1,2019-09-20,2019,2019-09
2019-09-23 09:49:00,-157.2,S2,S2_HV-1,2019-09-23,2019,2019-09
2019-09-24 09:04:00,142.8,S2,S2_HV-1,2019-09-24,2019,2019-09
2019-09-25 09:09:00,72.8,S2,S2_LV-1,2019-09-25,2019,2019-09
2019-09-25 11:17:00,72.8,S2,S2_LV-2,2019-09-25,2019,2019-09
2019-09-26 09:02:00,72.8,S2,S2_LV-1,2019-09-26,2019,2019-09
2019-09-26 09:03:00,242.8,S3,S3_B,2019-09-26,2019,2019-09
2019-09-26 10:01:00,72.8,S2,S2_LV-2,2019-09-26,2019,2019-09
2019-09-26 11:35:00,242.8,S3,S3_B,2019-09-26,2019,2019-09
2019-09-26 13:14:00,242.8,S3,S3_B,2019-09-26,2019,2019-09
2019-09-27 09:25:00,72.8,S2,S2_LV-1,2019-09-27,2019,2019-09
2019-09-27 09:43:00,-87.2,S2,S2_LV-2,2019-09-27,2019,2019-09
2019-09-27 09:48:00,242.8,S3,S3_B,2019-09-27,2019,2019-09
2019-09-27 10:13:00,242.8,S3,S3_B,2019-09-27,2019,2019-09
2019-09-27 11:09:00,-807.1999999999972,S3,S3_B,2019-09-27,2019,2019-09
2019-09-27 11:24:00,72.8,S2,S2_LV-1,2019-09-27,2019,2019-09
2019-09-27 11:39:00,72.8,S2,S2_LV-1,2019-09-27,2019,2019-09
2019-09-27 11:42:00,242.8,S3,S3_B,2019-09-27,2019,2019-09
2019-09-27 13:36:00,-147.2032043457031,S3,S3_B,2019-09-27,2019,2019-09
2019-09-30 09:33:00,242.8,S3,S3_B,2019-09-30,2019,2019-09
2019-09-30 10:00:00,72.8,S2,S2_LV-2,2019-09-30,2019,2019-09
2019-09-30 10:59:00,72.8,S2,S2_LV-1,2019-09-30,2019,2019-09
2019-09-30 13:06:00,72.8,S2,S2_LV-1,2019-09-30,2019,2019-09
2019-09-30 13:23:00,52.79755859375,S3,S3_B,2019-09-30,2019,2019-09
2019-10-01 10:01:00,72.8,S2,S2_LV-1,2019-10-01,2019,2019-10
2019-10-01 11:30:00,72.8,S2,S2_LV-1,2019-10-01,2019,2019-10
2019-10-01 12:06:00,72.8,S2,S2_LV-3,2019-10-01,2019,2019-10
2019-10-01 13:21:00,72.8,S2,S2_LV-1,2019-10-01,2019,2019-10
2019-10-02 09:36:00,72.8,S2,S2_LV-1,2019-10-02,2019,2019-10
2019-10-02 09:47:00,72.8,S2,S2_LV-3,2019-10-02,2019,2019-10
2019-10-02 10:41:00,72.8,S2,S2_LV-3,2019-10-02,2019,2019-10
2019-10-02 12:02:00,72.8,S2,S2_LV-1,2019-10-02,2019,2019-10
2019-10-03 09:07:00,72.8,S2,S2_LV-1,2019-10-03,2019,2019-10
2019-10-03 10:09:00,72.8,S2,S2_LV-3,2019-10-03,2019,2019-10
2019-10-03 10:26:00,72.8,S2,S2_LV-1,2019-10-03,2019,2019-10
2019-10-03 10:26:00,72.8,S2,S2_LV-3,2019-10-03,2019,2019-10
2019-10-03 13:44:00,72.8,S2,S2_LV-1,2019-10-03,2019,2019-10
2019-10-04 09:23:00,72.8,S2,S2_LV-1,2019-10-04,2019,2019-10
2019-10-04 09:30:00,-87.2,S2,S2_LV-3,2019-10-04,2019,2019-10
2019-10-04 12:16:00,-87.2,S2,S2_LV-3,2019-10-04,2019,2019-10
2019-10-04 12:17:00,72.8,S2,S2_LV-1,2019-10-04,2019,2019-10
2019-10-07 09:01:00,72.8,S2,S2_LV-1,2019-10-07,2019,2019-10
2019-10-07 10:16:00,-87.2,S2,S2_LV-2,2019-10-07,2019,2019-10
2019-10-07 11:04:00,72.8,S2,S2_LV-1,2019-10-07,2019,2019-10
2019-10-08 09:41:00,-87.2,S2,S2_LV-1,2019-10-08,2019,2019-10
2019-10-08 09:55:00,-307.19923706054686,S3,S3_B,2019-10-08,2019,2019-10
2019-10-08 10:17:00,72.8,S2,S2_LV-2,2019-10-08,2019,2019-10
2019-10-08 11:09:00,72.8,S2,S2_LV-1,2019-10-08,2019,2019-10
2019-10-09 09:07:00,242.8,S3,S3_B,2019-10-09,2019,2019-10
2019-10-09 09:22:00,-87.2,S2,S2_LV-1,2019-10-09,2019,2019-10
2019-10-09 10:12:00,72.8,S2,S2_LV-3,2019-10-09,2019,2019-10
2019-10-09 10:39:00,72.8,S2,S2_LV-1,2019-10-09,2019,2019-10
2019-10-09 11:28:00,72.8,S2,S2_LV-2,2019-10-09,2019,2019-10
2019-10-09 11:31:00,-807.1999999999972,S3,S3_B,2019-10-09,2019,2019-10
2019-10-10 09:11:00,242.8,S3,S3_B,2019-10-10,2019,2019-10
2019-10-10 09:49:00,72.8,S2,S2_LV-2,2019-10-10,2019,2019-10
2019-10-10 12:36:00,-67.19755859375,S3,S3_B,2019-10-10,2019,2019-10
2019-10-11 09:07:00,72.8,S2,S2_LV-1,2019-10-11,2019,2019-10
2019-10-11 10:16:00,72.8,S2,S2_LV-2,2019-10-11,2019,2019-10
2019-10-11 11:47:00,72.8,S2,S2_LV-1,2019-10-11,2019,2019-10
2019-10-14 10:00:00,-87.2,S2,S2_LV-3,2019-10-14,2019,2019-10
2019-10-14 13:32:00,72.8,S2,S2_LV-2,2019-10-14,2019,2019-10
2019-10-15 10:32:00,72.8,S2,S2_LV-1,2019-10-15,2019,2019-10
2019-10-16 10:06:00,72.8,S2,S2_LV-1,2019-10-16,2019,2019-10
2019-10-16 10:10:00,72.8,S2,S2_LV-2,2019-10-16,2019,2019-10
2019-10-16 11:34:00,-87.2,S2,S2_LV-1,2019-10-16,2019,2019-10
2019-10-17 09:15:00,72.8,S2,S2_LV-1,2019-10-17,2019,2019-10
2019-10-17 09:35:00,-807.1999999999972,S3,S3_B,2019-10-17,2019,2019-10
2019-10-17 09:38:00,72.8,S2,S2_LV-3,2019-10-17,2019,2019-10
2019-10-17 10:38:00,72.8,S2,S2_LV-2,2019-10-17,2019,2019-10
2019-10-18 10:02:00,-87.2,S2,S2_LV-1,2019-10-18,2019,2019-10
2019-10-18 10:20:00,-87.2,S2,S2_LV-2,2019-10-18,2019,2019-10
2019-10-18 11:08:00,72.8,S2,S2_LV-1,2019-10-18,2019,2019-10
2019-10-18 12:41:00,72.8,S2,S2_LV-1,2019-10-18,2019,2019-10
2019-10-21 09:02:00,242.8,S3,S3_B,2019-10-21,2019,2019-10
2019-10-21 09:10:00,-537.2025939941407,S3,S3_B,2019-10-21,2019,2019-10
2019-10-21 09:21:00,72.8,S2,S2_LV-3,2019-10-21,2019,2019-10
2019-10-22 10:32:00,-87.2,S2,S2_LV-1,2019-10-22,2019,2019-10
2019-10-22 11:21:00,72.8,S2,S2_LV-1,2019-10-22,2019,2019-10
2019-10-23 09:35:00,-87.2,S2,S2_LV-2,2019-10-23,2019,2019-10
2019-10-23 10:32:00,72.8,S2,S2_LV-1,2019-10-23,2019,2019-10
2019-10-23 13:03:00,72.8,S2,S2_LV-1,2019-10-23,2019,2019-10
2019-10-24 09:42:00,72.8,S2,S2_LV-1,2019-10-24,2019,2019-10
2019-10-24 11:00:00,72.8,S2,S2_LV-2,2019-10-24,2019,2019-10
2019-10-25 09:06:00,242.8,S3,S3_B,2019-10-25,2019,2019-10
2019-10-25 10:45:00,72.8,S2,S2_LV-1,2019-10-25,2019,2019-10
2019-10-25 13:09:00,-137.20106811523436,S3,S3_B,2019-10-25,2019,2019-10
2019-11-01 09:21:00,-87.2,S2,S2_LV-1,2019-11-01,2019,2019-11
2019-11-01 14:26:00,72.8,S2,S2_LV-1,2019-11-01,2019,2019-11
2019-11-04 09:22:00,72.8,S2,S2_LV-3,2019-11-04,2019,2019-11
2019-11-04 10:28:00,72.8,S2,S2_LV-1,2019-11-04,2019,2019-11
2019-11-05 09:02:00,-87.2,S2,S2_LV-1,2019-11-05,2019,2019-11
2019-11-06 10:30:00,-87.2,S2,S2_LV-1,2019-11-06,2019,2019-11
2019-11-06 10:30:00,-87.2,S2,S2_LV-3,2019-11-06,2019,2019-11
2019-11-06 11:45:00,-87.2,S2,S2_LV-2,2019-11-06,2019,2019-11
2019-11-07 10:38:00,72.8,S2,S2_LV-1,2019-11-07,2019,2019-11
2019-11-07 11:28:00,-87.2,S2,S2_LV-1,2019-11-07,2019,2019-11
2019-11-08 09:58:00,-87.2,S2,S2_LV-2,2019-11-08,2019,2019-11
2019-11-08 11:05:00,72.8,S2,S2_LV-1,2019-11-08,2019,2019-11
2019-11-11 09:47:00,242.8,S3,S3_B,2019-11-11,2019,2019-11
2019-11-11 10:03:00,42.79923706054687,S3,S3_B,2019-11-11,2019,2019-11
2019-11-12 09:04:00,72.8,S2,S2_LV-3,2019-11-12,2019,2019-11
2019-11-12 11:00:00,32.799999999999145,S2,S2_LV-2,2019-11-12,2019,2019-11
2019-11-12 13:55:00,-47.19999999999915,S2,S2_LV-1,2019-11-12,2019,2019-11
2019-11-13 09:01:00,-87.2,S2,S2_LV-1,2019-11-13,2019,2019-11
2019-11-13 09:42:00,72.8,S2,S2_LV-1,2019-11-13,2019,2019-11
2019-11-14 09:30:00,72.8,S2,S2_LV-1,2019-11-14,2019,2019-11
2019-11-14 11:00:00,-87.2,S2,S2_LV-2,2019-11-14,2019,2019-11
2019-11-14 11:36:00,-87.2,S2,S2_LV-1,2019-11-14,2019,2019-11
2019-11-15 09:34:00,72.8,S2,S2_LV-2,2019-11-15,2019,2019-11
2019-11-15 11:58:00,72.8,S2,S2_LV-3,2019-11-15,2019,2019-11
2019-11-18 10:05:00,72.8,S2,S2_LV-2,2019-11-18,2019,2019-11
2019-11-19 09:39:00,-87.2,S2,S2_LV-2,2019-11-19,2019,2019-11
2019-11-19 09:40:00,72.8,S2,S2_LV-1,2019-11-19,2019,2019-11
2019-11-20 10:04:00,72.8,S2,S2_LV-2,2019-11-20,2019,2019-11
2019-11-20 11:32:00,72.8,S2,S2_LV-1,2019-11-20,2019,2019-11
2019-11-22 10:14:00,-87.2,S2,S2_LV-2,2019-11-22,2019,2019-11
2019-11-22 13:29:00,72.8,S2,S2_LV-1,2019-11-22,2019,2019-11
2019-11-25 09:04:00,-557.1992370605469,S3,S3_B,2019-11-25,2019,2019-11
2019-11-25 10:13:00,-87.2,S2,S2_LV-1,2019-11-25,2019,2019-11
2019-11-26 10:18:00,242.8,S3,S3_B,2019-11-26,2019,2019-11
2019-11-26 10:37:00,-87.2,S2,S2_LV-2,2019-11-26,2019,2019-11
2019-11-26 11:08:00,-137.20106811523436,S3,S3_B,2019-11-26,2019,2019-11
2019-11-26 11:20:00,72.8,S2,S2_LV-1,2019-11-26,2019,2019-11
2019-11-27 10:30:00,-87.2,S2,S2_LV-2,2019-11-27,2019,2019-11
2019-11-27 10:59:00,72.8,S2,S2_LV-1,2019-11-27,2019,2019-11
2019-11-28 10:22:00,-87.2,S2,S2_LV-1,2019-11-28,2019,2019-11
2019-11-28 10:22:00,-87.2,S2,S2_LV-3,2019-11-28,2019,2019-11
2019-11-29 09:32:00,-87.2,S2,S2_LV-1,2019-11-29,2019,2019-11
2019-11-29 09:46:00,-87.2,S2,S2_LV-1,2019-11-29,2019,2019-11
2019-11-29 10:23:00,-87.2,S2,S2_LV-2,2019-11-29,2019,2019-11
2019-11-29 11:00:00,72.8,S2,S2_LV-1,2019-11-29,2019,2019-11
2019-11-29 12:35:00,72.8,S2,S2_LV-1,2019-11-29,2019,2019-11
2019-12-02 09:42:00,72.8,S2,S2_LV-2,2019-12-02,2019,2019-12
2019-12-02 10:06:00,72.8,S2,S2_LV-1,2019-12-02,2019,2019-12
2019-12-02 10:06:00,72.8,S2,S2_LV-3,2019-12-02,2019,2019-12
2019-12-03 09:34:00,72.8,S2,S2_LV-1,2019-12-03,2019,2019-12
2019-12-03 13:19:00,-87.2,S2,S2_LV-2,2019-12-03,2019,2019-12
2019-12-04 09:02:00,242.8,S3,S3_B,2019-12-04,2019,2019-12
2019-12-04 09:14:00,242.8,S3,S3_B,2019-12-04,2019,2019-12
2019-12-04 10:02:00,242.8,S3,S3_B,2019-12-04,2019,2019-12
2019-12-04 11:10:00,72.8,S2,S2_LV-1,2019-12-04,2019,2019-12
2019-12-04 11:26:00,-517.1983215332032,S3,S3_B,2019-12-04,2019,2019-12
2019-12-04 11:29:00,72.8,S2,S2_LV-1,2019-12-04,2019,2019-12
2019-12-05 09:35:00,72.8,S2,S2_LV-1,2019-12-05,2019,2019-12
2019-12-05 10:06:00,-87.2,S2,S2_LV-1,2019-12-05,2019,2019-12
2019-12-06 09:28:00,-807.1999999999972,S3,S3_B,2019-12-06,2019,2019-12
2019-12-09 10:39:00,72.8,S2,S2_LV-1,2019-12-09,2019,2019-12
2019-12-10 09:11:00,242.8,S3,S3_B,2019-12-10,2019,2019-12
2019-12-10 11:11:00,-127.19893188476564,S3,S3_B,2019-12-10,2019,2019-12
2019-12-11 09:10:00,-807.1999999999972,S3,S3_B,2019-12-11,2019,2019-12
2019-12-11 11:06:00,72.8,S2,S2_LV-1,2019-12-11,2019,2019-12
2019-12-12 09:43:00,72.8,S2,S2_LV-1,2019-12-12,2019,2019-12
2019-12-12 09:47:00,72.8,S2,S2_LV-3,2019-12-12,2019,2019-12
2019-12-13 09:47:00,72.8,S2,S2_LV-2,2019-12-13,2019,2019-12
2019-12-13 09:57:00,72.8,S2,S2_LV-1,2019-12-13,2019,2019-12
2019-12-13 10:14:00,-87.2,S2,S2_LV-1,2019-12-13,2019,2019-12
2019-12-18 09:11:00,-87.2,S2,S2_LV-1,2019-12-18,2019,2019-12
2019-12-20 09:14:00,-87.2,S2,S2_LV-1,2019-12-20,2019,2019-12
2019-12-20 09:35:00,72.8,S2,S2_LV-2,2019-12-20,2019,2019-12
2019-12-20 10:14:00,72.8,S2,S2_LV-1,2019-12-20,2019,2019-12
2019-12-23 09:35:00,72.8,S2,S2_LV-2,2019-12-23,2019,2019-12
2019-12-23 11:30:00,72.8,S2,S2_LV-1,2019-12-23,2019,2019-12
2019-12-26 09:12:00,-87.2,S2,S2_LV-1,2019-12-26,2019,2019-12
2019-12-31 12:17:00,-87.2,S2,S2_LV-3,2019-12-31,2019,2019-12
2019-12-31 12:36:00,72.8,S2,S2_LV-1,2019-12-31,2019,2019-12
2020-01-03 09:35:00,-87.2,S2,S2_LV-2,2020-01-03,2020,2020-01
2020-01-03 10:08:00,72.8,S2,S2_LV-1,2020-01-03,2020,2020-01
2020-01-03 11:32:00,-87.2,S2,S2_LV-1,2020-01-03,2020,2020-01
2020-01-03 13:40:00,72.8,S2,S2_LV-1,2020-01-03,2020,2020-01
2020-01-06 09:48:00,72.8,S2,S2_LV-1,2020-01-06,2020,2020-01
2020-01-06 10:05:00,72.8,S2,S2_LV-2,2020-01-06,2020,2020-01
2020-01-06 11:11:00,72.8,S2,S2_LV-1,2020-01-06,2020,2020-01
2020-01-07 12:01:00,72.8,S2,S2_LV-2,2020-01-07,2020,2020-01
2020-01-08 09:03:00,242.8,S3,S3_B,2020-01-08,2020,2020-01
2020-01-08 09:06:00,72.8,S2,S2_LV-1,2020-01-08,2020,2020-01
2020-01-08 09:13:00,-807.1999999999972,S3,S3_B,2020-01-08,2020,2020-01
2020-01-08 10:03:00,72.8,S2,S2_LV-3,2020-01-08,2020,2020-01
2020-01-08 10:22:00,72.8,S2,S2_LV-2,2020-01-08,2020,2020-01
2020-01-08 11:15:00,72.8,S2,S2_LV-1,2020-01-08,2020,2020-01
2020-01-08 11:46:00,72.8,S2,S2_LV-1,2020-01-08,2020,2020-01
2020-01-08 13:20:00,-87.2,S2,S2_LV-1,2020-01-08,2020,2020-01
2020-01-09 09:09:00,-87.2,S2,S2_LV-1,2020-01-09,2020,2020-01
2020-01-09 10:45:00,72.8,S2,S2_LV-1,2020-01-09,2020,2020-01
2020-01-09 13:00:00,-87.2,S2,S2_LV-2,2020-01-09,2020,2020-01
2020-01-10 10:38:00,-157.2,S2,S2_HV-1,2020-01-10,2020,2020-01
2020-01-14 09:15:00,72.8,S2,S2_LV-1,2020-01-14,2020,2020-01
2020-01-14 09:48:00,72.8,S2,S2_LV-3,2020-01-14,2020,2020-01
2020-01-16 09:09:00,-87.2,S2,S2_LV-1,2020-01-16,2020,2020-01
2020-01-16 09:56:00,-87.2,S2,S2_LV-2,2020-01-16,2020,2020-01
2020-01-20 12:58:00,72.8,S2,S2_LV-2,2020-01-20,2020,2020-01
2020-01-21 10:31:00,-87.2,S2,S2_LV-1,2020-01-21,2020,2020-01
2020-01-22 09:11:00,72.8,S2,S2_LV-3,2020-01-22,2020,2020-01
2020-01-22 09:22:00,72.8,S2,S2_LV-1,2020-01-22,2020,2020-01
2020-01-22 11:31:00,-87.2,S2,S2_LV-1,2020-01-22,2020,2020-01
2020-01-23 09:58:00,72.8,S2,S2_LV-1,2020-01-23,2020,2020-01
2020-01-23 11:27:00,-87.2,S2,S2_LV-2,2020-01-23,2020,2020-01
2020-01-24 09:37:00,72.8,S2,S2_LV-1,2020-01-24,2020,2020-01
2020-01-24 09:39:00,72.8,S2,S2_LV-3,2020-01-24,2020,2020-01
2020-01-24 11:32:00,-87.2,S2,S2_LV-1,2020-01-24,2020,2020-01
2020-01-27 09:15:00,72.8,S2,S2_LV-1,2020-01-27,2020,2020-01
2020-01-27 10:15:00,72.8,S2,S2_LV-2,2020-01-27,2020,2020-01
2020-01-28 10:21:00,-87.2,S2,S2_LV-1,2020-01-28,2020,2020-01
2020-01-29 09:51:00,72.8,S2,S2_LV-3,2020-01-29,2020,2020-01
2020-01-29 10:34:00,72.8,S2,S2_LV-1,2020-01-29,2020,2020-01
2020-01-29 11:02:00,72.8,S2,S2_LV-1,2020-01-29,2020,2020-01
2020-01-30 09:38:00,72.8,S2,S2_LV-1,2020-01-30,2020,2020-01
2020-01-30 10:17:00,72.8,S2,S2_LV-2,2020-01-30,2020,2020-01
2020-01-30 12:31:00,72.8,S2,S2_LV-1,2020-01-30,2020,2020-01
2020-01-31 09:12:00,72.8,S2,S2_LV-1,2020-01-31,2020,2020-01
2020-01-31 11:08:00,72.8,S2,S2_LV-3,2020-01-31,2020,2020-01
2020-01-31 11:44:00,72.8,S2,S2_LV-2,2020-01-31,2020,2020-01
2020-02-03 09:35:00,72.8,S2,S2_LV-1,2020-02-03,2020,2020-02
2020-02-03 11:30:00,72.8,S2,S2_LV-1,2020-02-03,2020,2020-02
2020-02-03 11:30:00,-87.2,S2,S2_LV-3,2020-02-03,2020,2020-02
2020-02-03 11:50:00,-87.2,S2,S2_LV-1,2020-02-03,2020,2020-02
2020-02-03 11:50:00,72.8,S2,S2_LV-3,2020-02-03,2020,2020-02
2020-02-04 09:20:00,72.8,S2,S2_LV-1,2020-02-04,2020,2020-02
2020-02-04 10:01:00,72.8,S2,S2_LV-1,2020-02-04,2020,2020-02
2020-02-05 09:05:00,72.8,S2,S2_LV-3,2020-02-05,2020,2020-02
2020-02-05 09:20:00,-87.2,S2,S2_LV-1,2020-02-05,2020,2020-02
2020-02-05 09:42:00,-87.2,S2,S2_LV-2,2020-02-05,2020,2020-02
2020-02-05 09:53:00,72.8,S2,S2_LV-1,2020-02-05,2020,2020-02
2020-02-06 09:48:00,72.8,S2,S2_LV-1,2020-02-06,2020,2020-02
2020-02-06 10:05:00,-87.2,S2,S2_LV-2,2020-02-06,2020,2020-02
2020-02-06 10:39:00,72.8,S2,S2_LV-1,2020-02-06,2020,2020-02
2020-02-07 10:14:00,-87.2,S2,S2_LV-1,2020-02-07,2020,2020-02
2020-02-07 10:37:00,72.8,S2,S2_LV-2,2020-02-07,2020,2020-02
2020-02-07 11:23:00,72.8,S2,S2_LV-1,2020-02-07,2020,2020-02
2020-02-10 09:31:00,72.8,S2,S2_LV-1,2020-02-10,2020,2020-02
2020-02-10 10:50:00,-87.2,S2,S2_LV-2,2020-02-10,2020,2020-02
2020-02-10 13:25:00,-87.2,S2,S2_LV-1,2020-02-10,2020,2020-02
2020-02-11 09:01:00,-87.2,S2,S2_LV-1,2020-02-11,2020,2020-02
2020-02-12 09:12:00,242.8,S3,S3_B,2020-02-12,2020,2020-02
2020-02-12 09:19:00,-317.2013732910156,S3,S3_B,2020-02-12,2020,2020-02
2020-02-12 10:00:00,-87.2,S2,S2_LV-1,2020-02-12,2020,2020-02
2020-02-13 10:00:00,72.8,S2,S2_LV-2,2020-02-13,2020,2020-02
2020-02-13 10:10:00,-87.2,S2,S2_LV-1,2020-02-13,2020,2020-02
2020-02-14 09:39:00,-87.2,S2,S2_LV-2,2020-02-14,2020,2020-02
2020-02-14 10:39:00,72.8,S2,S2_LV-1,2020-02-14,2020,2020-02
2020-02-17 11:09:00,72.8,S2,S2_LV-2,2020-02-17,2020,2020-02
2020-02-18 10:37:00,-87.2,S2,S2_LV-2,2020-02-18,2020,2020-02
2020-02-18 10:57:00,72.8,S2,S2_LV-1,2020-02-18,2020,2020-02
2020-02-19 09:13:00,72.8,S2,S2_LV-1,2020-02-19,2020,2020-02
2020-02-19 11:38:00,-87.2,S2,S2_LV-1,2020-02-19,2020,2020-02
2020-02-20 11:05:00,72.8,S2,S2_LV-1,2020-02-20,2020,2020-02
2020-02-20 11:46:00,72.8,S2,S2_LV-1,2020-02-20,2020,2020-02
2020-02-21 09:23:00,-87.2,S2,S2_LV-1,2020-02-21,2020,2020-02
2020-02-21 09:37:00,72.8,S2,S2_LV-3,2020-02-21,2020,2020-02
2020-02-21 12:31:00,-87.2,S2,S2_LV-2,2020-02-21,2020,2020-02
2020-02-24 09:36:00,72.8,S2,S2_LV-1,2020-02-24,2020,2020-02
2020-02-24 09:36:00,-87.2,S2,S2_LV-2,2020-02-24,2020,2020-02
2020-02-25 10:54:00,72.8,S2,S2_LV-1,2020-02-25,2020,2020-02
2020-02-25 10:54:00,72.8,S2,S2_LV-3,2020-02-25,2020,2020-02
2020-02-26 09:18:00,72.8,S2,S2_LV-1,2020-02-26,2020,2020-02
2020-02-26 09:31:00,72.8,S2,S2_LV-2,2020-02-26,2020,2020-02
2020-02-26 10:32:00,-87.2,S2,S2_LV-1,2020-02-26,2020,2020-02
2020-02-27 09:15:00,72.8,S2,S2_LV-1,2020-02-27,2020,2020-02
2020-02-27 10:36:00,72.8,S2,S2_LV-1,2020-02-27,2020,2020-02
2020-02-27 11:58:00,72.8,S2,S2_LV-2,2020-02-27,2020,2020-02
2020-02-27 12:33:00,72.8,S2,S2_LV-1,2020-02-27,2020,2020-02
2020-02-28 09:03:00,72.8,S2,S2_LV-1,2020-02-28,2020,2020-02
2020-02-28 09:28:00,72.8,S2,S2_LV-1,2020-02-28,2020,2020-02
2020-02-28 10:15:00,72.8,S2,S2_LV-3,2020-02-28,2020,2020-02
2020-02-28 10:34:00,72.8,S2,S2_LV-3,2020-02-28,2020,2020-02
2020-02-28 10:53:00,72.8,S2,S2_LV-1,2020-02-28,2020,2020-02
2020-02-28 11:10:00,72.8,S2,S2_LV-1,2020-02-28,2020,2020-02
2020-02-28 11:12:00,72.8,S2,S2_LV-3,2020-02-28,2020,2020-02
2020-03-02 09:02:00,142.8,S2,S2_HV-1,2020-03-02,2020,2020-03
2020-03-02 09:40:00,142.8,S2,S2_HV-2,2020-03-02,2020,2020-03
2020-03-02 12:25:00,-157.2,S2,S2_HV-1,2020-03-02,2020,2020-03
2020-03-03 09:55:00,-157.2,S2,S2_HV-1,2020-03-03,2020,2020-03
2020-03-03 10:04:00,142.8,S2,S2_HV-1,2020-03-03,2020,2020-03
2020-03-03 11:27:00,142.8,S2,S2_HV-1,2020-03-03,2020,2020-03
2020-03-04 10:35:00,142.8,S2,S2_HV-1,2020-03-04,2020,2020-03
2020-03-04 11:51:00,142.8,S2,S2_HV-1,2020-03-04,2020,2020-03
2020-03-05 13:11:00,-157.2,S2,S2_HV-1,2020-03-05,2020,2020-03
2020-03-05 13:53:00,142.8,S2,S2_HV-2,2020-03-05,2020,2020-03
2020-03-06 09:04:00,142.8,S2,S2_HV-1,2020-03-06,2020,2020-03
2020-03-06 09:52:00,-157.2,S2,S2_HV-2,2020-03-06,2020,2020-03
2020-03-06 09:53:00,-157.2,S2,S2_HV-1,2020-03-06,2020,2020-03
2020-03-06 09:58:00,142.8,S2,S2_HV-2,2020-03-06,2020,2020-03
2020-03-06 10:11:00,-157.2,S2,S2_HV-1,2020-03-06,2020,2020-03
2020-03-06 10:13:00,142.8,S2,S2_HV-2,2020-03-06,2020,2020-03
2020-03-06 11:05:00,-157.2,S2,S2_HV-1,2020-03-06,2020,2020-03
2020-03-09 09:17:00,-157.2,S2,S2_HV-1,2020-03-09,2020,2020-03
2020-03-09 09:53:00,-157.2,S2,S2_HV-1,2020-03-09,2020,2020-03
2020-03-09 10:21:00,142.8,S2,S2_HV-1,2020-03-09,2020,2020-03
2020-03-09 10:44:00,142.8,S2,S2_HV-1,2020-03-09,2020,2020-03
2020-03-09 11:00:00,-157.2,S2,S2_HV-1,2020-03-09,2020,2020-03
2020-03-09 14:11:00,142.8,S2,S2_HV-1,2020-03-09,2020,2020-03
2020-03-09 14:22:00,142.8,S2,S2_HV-1,2020-03-09,2020,2020-03
2020-03-09 14:22:00,142.8,S2,S2_HV-2,2020-03-09,2020,2020-03
2020-03-09 14:32:00,142.8,S2,S2_HV-2,2020-03-09,2020,2020-03
2020-03-10 09:01:00,142.8,S2,S2_HV-1,2020-03-10,2020,2020-03
2020-03-10 09:53:00,-157.2,S2,S2_HV-1,2020-03-10,2020,2020-03
2020-03-10 10:53:00,142.8,S2,S2_HV-2,2020-03-10,2020,2020-03
2020-03-10 10:54:00,-157.2,S2,S2_HV-1,2020-03-10,2020,2020-03
2020-03-10 14:40:00,-157.2,S2,S2_HV-1,2020-03-10,2020,2020-03
2020-03-11 09:46:00,142.8,S2,S2_HV-1,2020-03-11,2020,2020-03
2020-03-11 14:24:00,142.8,S2,S2_HV-2,2020-03-11,2020,2020-03
2020-03-11 14:24:00,-157.2,S2,S2_HV-2,2020-03-11,2020,2020-03
2020-03-11 14:28:00,142.8,S2,S2_HV-1,2020-03-11,2020,2020-03
2020-03-12 09:44:00,-157.2,S2,S2_HV-2,2020-03-12,2020,2020-03
2020-03-12 09:45:00,-157.2,S2,S2_HV-2,2020-03-12,2020,2020-03
2020-03-12 09:48:00,-157.2,S2,S2_HV-1,2020-03-12,2020,2020-03
2020-03-12 10:16:00,-157.2,S2,S2_HV-1,2020-03-12,2020,2020-03
2020-03-12 11:06:00,142.8,S2,S2_HV-1,2020-03-12,2020,2020-03
2020-03-12 13:00:00,-157.2,S2,S2_HV-1,2020-03-12,2020,2020-03
2020-03-13 09:09:00,-157.2,S2,S2_HV-2,2020-03-13,2020,2020-03
2020-03-13 09:21:00,142.8,S2,S2_HV-1,2020-03-13,2020,2020-03
2020-03-13 11:22:00,142.8,S2,S2_HV-2,2020-03-13,2020,2020-03
2020-03-13 11:54:00,-157.2,S2,S2_HV-1,2020-03-13,2020,2020-03
2020-03-16 09:33:00,142.8,S2,S2_HV-1,2020-03-16,2020,2020-03
2020-03-16 09:38:00,142.8,S2,S2_HV-2,2020-03-16,2020,2020-03
2020-03-16 09:49:00,-157.2,S2,S2_HV-1,2020-03-16,2020,2020-03
2020-03-16 10:53:00,142.8,S2,S2_HV-1,2020-03-16,2020,2020-03
2020-03-16 12:16:00,142.8,S2,S2_HV-1,2020-03-16,2020,2020-03
2020-03-17 09:45:00,142.8,S2,S2_HV-1,2020-03-17,2020,2020-03
2020-03-17 13:16:00,-157.2,S2,S2_HV-2,2020-03-17,2020,2020-03
2020-03-17 13:19:00,-157.2,S2,S2_HV-1,2020-03-17,2020,2020-03
2020-03-17 14:32:00,142.8,S2,S2_HV-2,2020-03-17,2020,2020-03
2020-03-18 09:08:00,142.8,S2,S2_HV-1,2020-03-18,2020,2020-03
2020-03-18 09:08:00,142.8,S2,S2_HV-2,2020-03-18,2020,2020-03
2020-03-18 10:56:00,142.8,S2,S2_HV-2,2020-03-18,2020,2020-03
2020-03-18 11:12:00,-157.2,S2,S2_HV-2,2020-03-18,2020,2020-03
2020-03-18 11:20:00,142.8,S2,S2_HV-1,2020-03-18,2020,2020-03
2020-03-18 12:21:00,-157.2,S2,S2_HV-2,2020-03-18,2020,2020-03
2020-03-18 12:34:00,142.8,S2,S2_HV-1,2020-03-18,2020,2020-03
2020-03-18 13:11:00,-157.2,S2,S2_HV-1,2020-03-18,2020,2020-03
2020-03-18 13:35:00,142.8,S2,S2_HV-2,2020-03-18,2020,2020-03
2020-03-19 09:02:00,-157.2,S2,S2_HV-1,2020-03-19,2020,2020-03
2020-03-19 09:24:00,142.8,S2,S2_HV-1,2020-03-19,2020,2020-03
2020-03-19 09:45:00,-157.2,S2,S2_HV-2,2020-03-19,2020,2020-03
2020-03-19 10:32:00,142.8,S2,S2_HV-1,2020-03-19,2020,2020-03
2020-03-19 11:35:00,142.8,S2,S2_HV-1,2020-03-19,2020,2020-03
2020-03-19 11:40:00,142.8,S2,S2_HV-1,2020-03-19,2020,2020-03
2020-03-19 11:52:00,-157.2,S2,S2_HV-1,2020-03-19,2020,2020-03
2020-03-19 14:26:00,142.8,S2,S2_HV-1,2020-03-19,2020,2020-03
2020-03-19 14:41:00,-157.2,S2,S2_HV-1,2020-03-19,2020,2020-03
2020-03-20 09:11:00,142.8,S2,S2_HV-1,2020-03-20,2020,2020-03
2020-03-20 09:41:00,-157.2,S2,S2_HV-1,2020-03-20,2020,2020-03
2020-03-20 09:41:00,142.8,S2,S2_HV-2,2020-03-20,2020,2020-03
2020-03-20 10:01:00,-157.2,S2,S2_HV-2,2020-03-20,2020,2020-03
2020-03-20 10:05:00,142.8,S2,S2_HV-1,2020-03-20,2020,2020-03
2020-03-20 11:46:00,-157.2,S2,S2_HV-1,2020-03-20,2020,2020-03
2020-03-20 11:59:00,142.8,S2,S2_HV-1,2020-03-20,2020,2020-03
2020-03-20 14:30:00,142.8,S2,S2_HV-1,2020-03-20,2020,2020-03
2020-03-20 14:31:00,142.8,S2,S2_HV-2,2020-03-20,2020,2020-03
2020-03-23 09:48:00,142.8,S2,S2_HV-1,2020-03-23,2020,2020-03
2020-03-23 10:00:00,142.8,S2,S2_HV-1,2020-03-23,2020,2020-03
2020-03-23 11:45:00,-157.2,S2,S2_HV-1,2020-03-23,2020,2020-03
2020-03-23 14:04:00,442.7999999999993,S3,S3_C,2020-03-23,2020,2020-03
2020-03-24 10:01:00,142.8,S2,S2_HV-1,2020-03-24,2020,2020-03
2020-03-24 11:11:00,102.79870300292968,S3,S3_D,2020-03-24,2020,2020-03
2020-03-24 14:27:00,72.80000000000184,S3,S3_C,2020-03-24,2020,2020-03
2020-03-25 09:08:00,142.8,S2,S2_HV-1,2020-03-25,2020,2020-03
2020-03-25 11:43:00,142.8,S2,S2_HV-1,2020-03-25,2020,2020-03
2020-03-25 12:45:00,142.8,S2,S2_HV-1,2020-03-25,2020,2020-03
2020-03-26 09:36:00,-157.2,S2,S2_HV-1,2020-03-26,2020,2020-03
2020-03-26 13:16:00,142.8,S2,S2_HV-1,2020-03-26,2020,2020-03
2020-03-26 13:47:00,-157.2,S2,S2_HV-1,2020-03-26,2020,2020-03
2020-03-27 09:58:00,-157.2,S2,S2_HV-1,2020-03-27,2020,2020-03
2020-03-27 09:58:00,-157.2,S2,S2_HV-2,2020-03-27,2020,2020-03
2020-03-27 14:08:00,-157.2,S2,S2_HV-1,2020-03-27,2020,2020-03
2020-03-30 09:06:00,142.8,S2,S2_HV-2,2020-03-30,2020,2020-03
2020-03-30 10:03:00,-157.2,S2,S2_HV-1,2020-03-30,2020,2020-03
2020-03-30 11:27:00,142.8,S2,S2_HV-1,2020-03-30,2020,2020-03
2020-03-30 13:57:00,12.799999999999574,S2,S2_HV-1,2020-03-30,2020,2020-03
2020-03-31 09:08:00,72.8,S2,S2_LV-1,2020-03-31,2020,2020-03
2020-03-31 09:54:00,-87.2,S2,S2_LV-1,2020-03-31,2020,2020-03
2020-04-01 09:23:00,72.8,S2,S2_LV-1,2020-04-01,2020,2020-04
2020-04-01 10:44:00,-87.2,S2,S2_LV-1,2020-04-01,2020,2020-04
2020-04-01 11:32:00,72.8,S2,S2_LV-2,2020-04-01,2020,2020-04
2020-04-02 09:15:00,72.8,S2,S2_LV-1,2020-04-02,2020,2020-04
2020-04-02 10:29:00,-87.2,S2,S2_LV-2,2020-04-02,2020,2020-04
2020-04-02 10:34:00,-87.2,S2,S2_LV-1,2020-04-02,2020,2020-04
2020-04-02 10:38:00,-87.2,S2,S2_LV-1,2020-04-02,2020,2020-04
2020-04-02 10:38:00,-87.2,S2,S2_LV-1,2020-04-02,2020,2020-04
2020-04-02 10:42:00,-87.2,S2,S2_LV-1,2020-04-02,2020,2020-04
2020-04-02 11:05:00,72.8,S2,S2_LV-1,2020-04-02,2020,2020-04
2020-04-02 11:26:00,-87.2,S2,S2_LV-1,2020-04-02,2020,2020-04
2020-04-03 09:22:00,-157.2,S2,S2_HV-1,2020-04-03,2020,2020-04
2020-04-03 10:25:00,142.8,S2,S2_HV-1,2020-04-03,2020,2020-04
2020-04-03 10:54:00,142.8,S2,S2_HV-1,2020-04-03,2020,2020-04
2020-04-06 09:45:00,442.7999999999993,S3,S3_C,2020-04-06,2020,2020-04
2020-04-06 10:20:00,142.8,S2,S2_HV-1,2020-04-06,2020,2020-04
2020-04-06 11:46:00,142.8,S2,S2_HV-1,2020-04-06,2020,2020-04
2020-04-07 12:53:00,-157.2,S2,S2_HV-1,2020-04-07,2020,2020-04
2020-04-08 10:31:00,442.7999999999993,S3,S3_C,2020-04-08,2020,2020-04
2020-04-08 10:42:00,442.7999999999993,S3,S3_D,2020-04-08,2020,2020-04
2020-04-09 09:46:00,442.7999999999993,S3,S3_C,2020-04-09,2020,2020-04
2020-04-09 10:04:00,-157.2,S2,S2_HV-1,2020-04-09,2020,2020-04
2020-04-09 10:33:00,442.7999999999993,S3,S3_D,2020-04-09,2020,2020-04
2020-04-09 10:35:00,-157.2,S2,S2_HV-1,2020-04-09,2020,2020-04
2020-04-09 10:36:00,142.8,S2,S2_HV-1,2020-04-09,2020,2020-04
2020-04-09 10:41:00,142.8,S2,S2_HV-1,2020-04-09,2020,2020-04
2020-04-09 11:04:00,-157.2,S2,S2_HV-1,2020-04-09,2020,2020-04
2020-04-09 11:11:00,-157.2,S2,S2_HV-1,2020-04-09,2020,2020-04
2020-04-09 13:38:00,142.8,S2,S2_HV-1,2020-04-09,2020,2020-04
2020-04-13 09:03:00,-157.2,S2,S2_HV-1,2020-04-13,2020,2020-04
2020-04-13 09:31:00,142.8,S2,S2_HV-1,2020-04-13,2020,2020-04
2020-04-15 10:42:00,142.8,S2,S2_HV-1,2020-04-15,2020,2020-04
2020-04-16 10:01:00,-237.2000000000004,S3,S3_C,2020-04-16,2020,2020-04
2020-04-16 10:09:00,142.8,S2,S2_HV-1,2020-04-16,2020,2020-04
2020-04-20 09:02:00,442.7999999999993,S3,S3_C,2020-04-20,2020,2020-04
2020-04-20 11:16:00,-627.2000000000011,S3,S3_C,2020-04-20,2020,2020-04
2020-04-21 09:03:00,72.8,S2,S2_LV-1,2020-04-21,2020,2020-04
2020-04-21 09:03:00,-87.2,S2,S2_LV-3,2020-04-21,2020,2020-04
2020-04-21 09:06:00,-87.2,S2,S2_LV-1,2020-04-21,2020,2020-04
2020-04-21 09:20:00,-87.2,S2,S2_LV-1,2020-04-21,2020,2020-04
2020-04-21 09:20:00,-87.2,S2,S2_LV-3,2020-04-21,2020,2020-04
2020-04-21 09:55:00,-87.2,S2,S2_LV-2,2020-04-21,2020,2020-04
2020-04-21 10:25:00,72.8,S2,S2_LV-1,2020-04-21,2020,2020-04
2020-04-21 11:46:00,-87.2,S2,S2_LV-3,2020-04-21,2020,2020-04
2020-04-21 11:52:00,72.8,S2,S2_LV-1,2020-04-21,2020,2020-04
2020-04-22 09:05:00,-157.2,S2,S2_HV-1,2020-04-22,2020,2020-04
2020-04-22 09:23:00,142.8,S2,S2_HV-1,2020-04-22,2020,2020-04
2020-04-22 09:48:00,-157.2,S2,S2_HV-1,2020-04-22,2020,2020-04
2020-04-22 09:52:00,-157.2,S2,S2_HV-1,2020-04-22,2020,2020-04
2020-04-23 09:12:00,142.8,S2,S2_HV-2,2020-04-23,2020,2020-04
2020-04-23 09:15:00,142.8,S2,S2_HV-1,2020-04-23,2020,2020-04
2020-04-23 09:37:00,142.8,S2,S2_HV-1,2020-04-23,2020,2020-04
2020-04-23 10:37:00,142.8,S2,S2_HV-1,2020-04-23,2020,2020-04
2020-04-24 10:30:00,142.8,S2,S2_HV-1,2020-04-24,2020,2020-04
2020-04-24 11:12:00,-157.2,S2,S2_HV-1,2020-04-24,2020,2020-04
2020-04-27 09:16:00,142.8,S2,S2_HV-1,2020-04-27,2020,2020-04
2020-04-27 13:34:00,-157.2,S2,S2_HV-1,2020-04-27,2020,2020-04
2020-04-27 13:39:00,442.7999999999993,S3,S3_C,2020-04-27,2020,2020-04
2020-04-28 09:13:00,-157.2,S2,S2_HV-1,2020-04-28,2020,2020-04
2020-04-28 10:07:00,142.8,S2,S2_HV-1,2020-04-28,2020,2020-04
2020-04-28 10:39:00,142.8,S2,S2_HV-1,2020-04-28,2020,2020-04
2020-04-28 10:57:00,-157.2,S2,S2_HV-1,2020-04-28,2020,2020-04
2020-04-29 09:06:00,142.8,S2,S2_HV-1,2020-04-29,2020,2020-04
2020-04-29 09:12:00,442.7999999999993,S3,S3_C,2020-04-29,2020,2020-04
2020-04-29 10:31:00,-1007.2,S3,S3_C,2020-04-29,2020,2020-04
2020-04-29 10:44:00,142.8,S2,S2_HV-1,2020-04-29,2020,2020-04
2020-04-29 11:47:00,-157.2,S2,S2_HV-1,2020-04-29,2020,2020-04
2020-04-30 10:29:00,-157.2,S2,S2_HV-1,2020-04-30,2020,2020-04
2020-04-30 11:26:00,142.8,S2,S2_HV-1,2020-04-30,2020,2020-04
2020-04-30 12:29:00,142.8,S2,S2_HV-1,2020-04-30,2020,2020-04
2020-05-01 09:38:00,-157.2,S2,S2_HV-1,2020-05-01,2020,2020-05
2020-05-01 10:20:00,142.8,S2,S2_HV-1,2020-05-01,2020,2020-05
2020-05-01 11:30:00,442.7999999999993,S3,S3_C,2020-05-01,2020,2020-05
2020-05-01 13:50:00,72.80000000000184,S3,S3_C,2020-05-01,2020,2020-05
2020-05-04 10:04:00,442.7999999999993,S3,S3_C,2020-05-04,2020,2020-05
2020-05-04 10:31:00,142.8,S2,S2_HV-1,2020-05-04,2020,2020-05
2020-05-05 09:45:00,-157.2,S2,S2_HV-1,2020-05-05,2020,2020-05
2020-05-05 12:32:00,142.8,S2,S2_HV-1,2020-05-05,2020,2020-05
2020-05-06 09:40:00,-157.2,S2,S2_HV-1,2020-05-06,2020,2020-05
2020-05-06 10:32:00,142.8,S2,S2_HV-1,2020-05-06,2020,2020-05
2020-05-06 12:26:00,132.80000000000058,S3,S3_C,2020-05-06,2020,2020-05
2020-05-07 10:11:00,-157.2,S2,S2_HV-1,2020-05-07,2020,2020-05
2020-05-07 11:59:00,-157.2,S2,S2_HV-1,2020-05-07,2020,2020-05
2020-05-07 13:18:00,-157.2,S2,S2_HV-1,2020-05-07,2020,2020-05
2020-05-07 13:30:00,-157.2,S2,S2_HV-1,2020-05-07,2020,2020-05
2020-05-08 09:35:00,142.8,S2,S2_HV-1,2020-05-08,2020,2020-05
2020-05-08 10:46:00,442.7999999999993,S3,S3_C,2020-05-08,2020,2020-05
2020-05-13 11:24:00,442.7999999999993,S3,S3_C,2020-05-13,2020,2020-05
2020-05-15 09:48:00,72.8,S2,S2_LV-2,2020-05-15,2020,2020-05
2020-05-15 10:14:00,72.8,S2,S2_LV-1,2020-05-15,2020,2020-05
2020-05-15 10:54:00,72.8,S2,S2_LV-1,2020-05-15,2020,2020-05
2020-05-15 13:43:00,72.8,S2,S2_LV-1,2020-05-15,2020,2020-05
2020-05-18 09:17:00,-87.2,S2,S2_LV-1,2020-05-18,2020,2020-05
2020-05-18 10:46:00,72.8,S2,S2_LV-1,2020-05-18,2020,2020-05
2020-05-18 10:59:00,72.8,S2,S2_LV-3,2020-05-18,2020,2020-05
2020-05-18 11:07:00,72.8,S2,S2_LV-3,2020-05-18,2020,2020-05
2020-05-18 12:45:00,72.8,S2,S2_LV-1,2020-05-18,2020,2020-05
2020-05-19 09:03:00,142.8,S2,S2_HV-1,2020-05-19,2020,2020-05
2020-05-19 13:09:00,142.8,S2,S2_HV-1,2020-05-19,2020,2020-05
2020-05-20 10:08:00,142.8,S2,S2_HV-2,2020-05-20,2020,2020-05
2020-05-20 10:08:00,142.8,S2,S2_HV-1,2020-05-20,2020,2020-05
2020-05-20 10:34:00,142.8,S2,S2_HV-1,2020-05-20,2020,2020-05
2020-05-21 09:30:00,-87.2,S2,S2_LV-1,2020-05-21,2020,2020-05
2020-05-21 10:06:00,72.8,S2,S2_LV-2,2020-05-21,2020,2020-05
2020-05-21 10:50:00,72.8,S2,S2_LV-1,2020-05-21,2020,2020-05
2020-05-22 09:11:00,-87.2,S2,S2_LV-1,2020-05-22,2020,2020-05
2020-05-22 09:33:00,72.8,S2,S2_LV-3,2020-05-22,2020,2020-05
2020-05-22 10:00:00,72.8,S2,S2_LV-2,2020-05-22,2020,2020-05
2020-05-25 12:22:00,72.8,S2,S2_LV-1,2020-05-25,2020,2020-05
2020-05-26 09:13:00,-87.2,S2,S2_LV-1,2020-05-26,2020,2020-05
2020-05-26 10:06:00,72.8,S2,S2_LV-1,2020-05-26,2020,2020-05
2020-05-26 11:25:00,-87.2,S2,S2_LV-2,2020-05-26,2020,2020-05
2020-05-27 09:09:00,72.8,S2,S2_LV-1,2020-05-27,2020,2020-05
2020-05-27 10:05:00,72.8,S2,S2_LV-2,2020-05-27,2020,2020-05
2020-05-27 11:09:00,72.8,S2,S2_LV-1,2020-05-27,2020,2020-05
2020-05-28 09:06:00,-87.2,S2,S2_LV-3,2020-05-28,2020,2020-05
2020-05-28 10:18:00,72.8,S2,S2_LV-2,2020-05-28,2020,2020-05
2020-05-28 11:00:00,72.8,S2,S2_LV-1,2020-05-28,2020,2020-05
2020-05-28 12:20:00,72.8,S2,S2_LV-3,2020-05-28,2020,2020-05
2020-05-28 13:04:00,72.8,S2,S2_LV-1,2020-05-28,2020,2020-05
2020-05-29 09:11:00,72.8,S2,S2_LV-1,2020-05-29,2020,2020-05
2020-05-29 09:11:00,72.8,S2,S2_LV-3,2020-05-29,2020,2020-05
2020-05-29 10:19:00,72.8,S2,S2_LV-1,2020-05-29,2020,2020-05
2020-06-01 09:06:00,-87.2,S2,S2_LV-1,2020-06-01,2020,2020-06
2020-06-01 09:18:00,72.8,S2,S2_LV-1,2020-06-01,2020,2020-06
2020-06-02 09:02:00,-87.2,S2,S2_LV-1,2020-06-02,2020,2020-06
2020-06-02 13:06:00,72.8,S2,S2_LV-1,2020-06-02,2020,2020-06
2020-06-03 09:08:00,-87.2,S2,S2_LV-1,2020-06-03,2020,2020-06
2020-06-03 10:42:00,72.8,S2,S2_LV-2,2020-06-03,2020,2020-06
2020-06-03 11:17:00,-87.2,S2,S2_LV-3,2020-06-03,2020,2020-06
2020-06-03 11:19:00,72.8,S2,S2_LV-1,2020-06-03,2020,2020-06
2020-06-04 09:32:00,72.8,S2,S2_LV-2,2020-06-04,2020,2020-06
2020-06-04 11:15:00,72.8,S2,S2_LV-1,2020-06-04,2020,2020-06
2020-06-04 12:52:00,72.8,S2,S2_LV-1,2020-06-04,2020,2020-06
2020-06-04 13:31:00,-87.2,S2,S2_LV-3,2020-06-04,2020,2020-06
2020-06-05 09:06:00,72.8,S2,S2_LV-1,2020-06-05,2020,2020-06
2020-06-08 10:10:00,-87.2,S2,S2_LV-1,2020-06-08,2020,2020-06
2020-06-08 10:31:00,72.8,S2,S2_LV-2,2020-06-08,2020,2020-06
2020-06-08 11:09:00,72.8,S2,S2_LV-1,2020-06-08,2020,2020-06
2020-06-09 09:14:00,72.8,S2,S2_LV-1,2020-06-09,2020,2020-06
2020-06-10 09:34:00,-87.2,S2,S2_LV-2,2020-06-10,2020,2020-06
2020-06-10 10:31:00,72.8,S2,S2_LV-1,2020-06-10,2020,2020-06
2020-06-10 11:29:00,72.8,S2,S2_LV-1,2020-06-10,2020,2020-06
2020-06-10 13:21:00,-87.2,S2,S2_LV-1,2020-06-10,2020,2020-06
2020-06-11 09:03:00,72.8,S2,S2_LV-1,2020-06-11,2020,2020-06
2020-06-11 09:30:00,72.8,S2,S2_LV-1,2020-06-11,2020,2020-06
2020-06-11 09:44:00,72.8,S2,S2_LV-2,2020-06-11,2020,2020-06
2020-06-11 12:57:00,-87.2,S2,S2_LV-1,2020-06-11,2020,2020-06
2020-06-11 13:45:00,-7.2,S3,S3_C,2020-06-11,2020,2020-06
2020-06-12 09:07:00,72.8,S2,S2_LV-1,2020-06-12,2020,2020-06
2020-06-12 10:30:00,72.8,S2,S2_LV-2,2020-06-12,2020,2020-06
2020-06-12 10:51:00,72.8,S2,S2_LV-1,2020-06-12,2020,2020-06
2020-06-12 11:24:00,72.8,S2,S2_LV-1,2020-06-12,2020,2020-06
2020-06-15 09:09:00,72.8,S2,S2_LV-1,2020-06-15,2020,2020-06
2020-06-15 10:03:00,72.8,S2,S2_LV-2,2020-06-15,2020,2020-06
2020-06-15 10:59:00,-1007.2,S3,S3_C,2020-06-15,2020,2020-06
2020-06-15 11:28:00,-87.2,S2,S2_LV-1,2020-06-15,2020,2020-06
2020-06-16 09:07:00,-157.2,S2,S2_HV-1,2020-06-16,2020,2020-06
2020-06-16 10:57:00,-157.2,S2,S2_HV-1,2020-06-16,2020,2020-06
2020-06-16 11:20:00,-157.2,S2,S2_HV-1,2020-06-16,2020,2020-06
2020-06-17 10:46:00,142.8,S2,S2_HV-1,2020-06-17,2020,2020-06
2020-06-18 09:42:00,142.8,S2,S2_HV-1,2020-06-18,2020,2020-06
2020-06-19 12:38:00,142.8,S2,S2_HV-1,2020-06-19,2020,2020-06
2020-06-23 10:43:00,-87.2,S2,S2_LV-1,2020-06-23,2020,2020-06
2020-06-23 13:25:00,-87.2,S2,S2_LV-2,2020-06-23,2020,2020-06
2020-06-23 13:47:00,72.8,S2,S2_LV-1,2020-06-23,2020,2020-06
2020-06-24 09:14:00,-87.2,S2,S2_LV-1,2020-06-24,2020,2020-06
2020-06-24 09:52:00,-87.2,S2,S2_LV-2,2020-06-24,2020,2020-06
2020-06-24 10:15:00,72.8,S2,S2_LV-1,2020-06-24,2020,2020-06
2020-06-24 10:41:00,-87.2,S2,S2_LV-1,2020-06-24,2020,2020-06
2020-06-24 10:58:00,72.8,S2,S2_LV-1,2020-06-24,2020,2020-06
2020-06-24 11:47:00,72.8,S2,S2_LV-1,2020-06-24,2020,2020-06
2020-06-24 12:10:00,72.8,S2,S2_LV-1,2020-06-24,2020,2020-06
2020-06-25 10:30:00,-157.2,S2,S2_HV-1,2020-06-25,2020,2020-06
2020-06-25 13:17:00,-157.2,S2,S2_HV-1,2020-06-25,2020,2020-06
2020-06-26 11:20:00,142.8,S2,S2_HV-1,2020-06-26,2020,2020-06
2020-06-29 10:41:00,142.8,S2,S2_HV-1,2020-06-29,2020,2020-06
2020-06-30 09:07:00,-157.2,S2,S2_HV-1,2020-06-30,2020,2020-06
2020-07-06 10:12:00,72.8,S2,S2_LV-1,2020-07-06,2020,2020-07
2020-07-07 10:03:00,72.8,S2,S2_LV-1,2020-07-07,2020,2020-07
2020-07-08 10:34:00,72.8,S2,S2_LV-2,2020-07-08,2020,2020-07
2020-07-08 10:38:00,72.8,S2,S2_LV-1,2020-07-08,2020,2020-07
2020-07-09 09:39:00,-87.2,S2,S2_LV-1,2020-07-09,2020,2020-07
2020-07-09 09:58:00,72.8,S2,S2_LV-2,2020-07-09,2020,2020-07
2020-07-09 10:55:00,72.8,S2,S2_LV-1,2020-07-09,2020,2020-07
2020-07-09 12:07:00,-87.2,S2,S2_LV-1,2020-07-09,2020,2020-07
2020-07-14 10:23:00,-87.2,S2,S2_LV-1,2020-07-14,2020,2020-07
2020-07-14 12:00:00,72.8,S2,S2_LV-1,2020-07-14,2020,2020-07
2020-07-15 09:30:00,72.8,S2,S2_LV-1,2020-07-15,2020,2020-07
2020-07-16 09:40:00,72.8,S2,S2_LV-2,2020-07-16,2020,2020-07
2020-07-17 09:54:00,-87.2,S2,S2_LV-3,2020-07-17,2020,2020-07
2020-07-17 10:17:00,-87.2,S2,S2_LV-2,2020-07-17,2020,2020-07
2020-07-20 09:43:00,-87.2,S2,S2_LV-2,2020-07-20,2020,2020-07
2020-07-20 10:02:00,72.8,S2,S2_LV-1,2020-07-20,2020,2020-07
2020-07-21 12:57:00,72.8,S2,S2_LV-2,2020-07-21,2020,2020-07
2020-07-22 09:06:00,72.8,S2,S2_LV-3,2020-07-22,2020,2020-07
2020-07-22 10:08:00,-87.2,S2,S2_LV-1,2020-07-22,2020,2020-07
2020-07-24 09:35:00,-87.2,S2,S2_LV-2,2020-07-24,2020,2020-07
2020-07-24 09:41:00,72.8,S2,S2_LV-1,2020-07-24,2020,2020-07
2020-07-27 09:24:00,72.8,S2,S2_LV-1,2020-07-27,2020,2020-07
2020-07-28 12:18:00,-37.20000000000114,S2,S2_LV-2,2020-07-28,2020,2020-07
2020-07-29 11:32:00,-87.2,S2,S2_LV-1,2020-07-29,2020,2020-07
2020-07-30 10:20:00,-87.2,S2,S2_LV-1,2020-07-30,2020,2020-07
2020-07-30 13:00:00,72.8,S2,S2_LV-1,2020-07-30,2020,2020-07
2020-07-31 09:49:00,-87.2,S2,S2_LV-2,2020-07-31,2020,2020-07
2020-07-31 10:41:00,-87.2,S2,S2_LV-1,2020-07-31,2020,2020-07
2020-08-03 09:05:00,72.8,S2,S2_LV-1,2020-08-03,2020,2020-08
2020-08-03 11:16:00,72.8,S2,S2_LV-1,2020-08-03,2020,2020-08
2020-08-03 12:45:00,-87.2,S2,S2_LV-2,2020-08-03,2020,2020-08
2020-08-04 09:39:00,72.8,S2,S2_LV-2,2020-08-04,2020,2020-08
2020-08-04 10:18:00,-87.2,S2,S2_LV-1,2020-08-04,2020,2020-08
2020-08-04 13:13:00,-87.2,S2,S2_LV-1,2020-08-04,2020,2020-08
2020-08-04 13:46:00,-87.2,S2,S2_LV-1,2020-08-04,2020,2020-08
2020-08-05 09:06:00,72.8,S2,S2_LV-3,2020-08-05,2020,2020-08
2020-08-05 10:41:00,72.8,S2,S2_LV-1,2020-08-05,2020,2020-08
2020-08-05 11:50:00,72.8,S2,S2_LV-2,2020-08-05,2020,2020-08
2020-08-05 13:02:00,-87.2,S2,S2_LV-1,2020-08-05,2020,2020-08
2020-08-06 09:06:00,72.8,S2,S2_LV-1,2020-08-06,2020,2020-08
2020-08-06 10:14:00,-87.2,S2,S2_LV-2,2020-08-06,2020,2020-08
2020-08-06 11:40:00,72.8,S2,S2_LV-1,2020-08-06,2020,2020-08
2020-08-07 10:54:00,-87.2,S2,S2_LV-2,2020-08-07,2020,2020-08
2020-08-10 09:15:00,242.8,S3,S3_B,2020-08-10,2020,2020-08
2020-08-10 09:36:00,-47.20091552734375,S3,S3_B,2020-08-10,2020,2020-08
2020-08-10 09:52:00,-87.2,S2,S2_LV-3,2020-08-10,2020,2020-08
2020-08-10 10:22:00,72.8,S2,S2_LV-1,2020-08-10,2020,2020-08
2020-08-11 09:04:00,-87.2,S2,S2_LV-3,2020-08-11,2020,2020-08
2020-08-11 09:41:00,72.8,S2,S2_LV-2,2020-08-11,2020,2020-08
2020-08-11 13:34:00,-87.2,S2,S2_LV-1,2020-08-11,2020,2020-08
2020-08-12 10:30:00,72.8,S2,S2_LV-2,2020-08-12,2020,2020-08
2020-08-12 10:31:00,-87.2,S2,S2_LV-1,2020-08-12,2020,2020-08
2020-08-13 10:41:00,-87.2,S2,S2_LV-1,2020-08-13,2020,2020-08
2020-08-13 10:43:00,-87.2,S2,S2_LV-2,2020-08-13,2020,2020-08
2020-08-14 09:33:00,72.8,S2,S2_LV-1,2020-08-14,2020,2020-08
2020-08-17 09:14:00,-87.2,S2,S2_LV-1,2020-08-17,2020,2020-08
2020-08-18 09:29:00,72.8,S2,S2_LV-1,2020-08-18,2020,2020-08
2020-08-19 12:13:00,-27.20000000000313,S2,S2_LV-1,2020-08-19,2020,2020-08
2020-08-20 09:05:00,-87.2,S2,S2_LV-1,2020-08-20,2020,2020-08
2020-08-20 10:08:00,72.8,S2,S2_LV-1,2020-08-20,2020,2020-08
2020-08-21 09:50:00,72.8,S2,S2_LV-1,2020-08-21,2020,2020-08
2020-08-21 09:51:00,-87.2,S2,S2_LV-2,2020-08-21,2020,2020-08
2020-08-21 12:33:00,72.8,S2,S2_LV-1,2020-08-21,2020,2020-08
2020-08-24 09:20:00,72.8,S2,S2_LV-1,2020-08-24,2020,2020-08
2020-08-24 09:35:00,72.8,S2,S2_LV-2,2020-08-24,2020,2020-08
2020-08-25 09:55:00,72.8,S2,S2_LV-3,2020-08-25,2020,2020-08
2020-08-25 10:21:00,72.8,S2,S2_LV-1,2020-08-25,2020,2020-08
2020-08-25 10:34:00,72.8,S2,S2_LV-2,2020-08-25,2020,2020-08
2020-08-26 09:36:00,72.8,S2,S2_LV-1,2020-08-26,2020,2020-08
2020-08-27 11:04:00,72.8,S2,S2_LV-1,2020-08-27,2020,2020-08
2020-08-27 12:16:00,-87.2,S2,S2_LV-1,2020-08-27,2020,2020-08
2020-08-27 12:41:00,-87.2,S2,S2_LV-2,2020-08-27,2020,2020-08
2020-08-28 09:31:00,72.8,S2,S2_LV-2,2020-08-28,2020,2020-08
2020-08-31 09:40:00,72.8,S2,S2_LV-1,2020-08-31,2020,2020-08
2020-09-03 09:04:00,-87.2,S2,S2_LV-1,2020-09-03,2020,2020-09
2020-09-03 09:54:00,-87.2,S2,S2_LV-1,2020-09-03,2020,2020-09
2020-09-04 09:32:00,72.8,S2,S2_LV-1,2020-09-04,2020,2020-09
2020-09-04 09:42:00,72.8,S2,S2_LV-3,2020-09-04,2020,2020-09
2020-09-04 10:16:00,-87.2,S2,S2_LV-3,2020-09-04,2020,2020-09
2020-09-04 10:38:00,-87.2,S2,S2_LV-1,2020-09-04,2020,2020-09
2020-09-04 13:42:00,-87.2,S2,S2_LV-1,2020-09-04,2020,2020-09
2020-09-08 09:31:00,-87.2,S2,S2_LV-1,2020-09-08,2020,2020-09
2020-09-08 11:12:00,72.8,S2,S2_LV-1,2020-09-08,2020,2020-09
2020-09-09 09:58:00,72.8,S2,S2_LV-2,2020-09-09,2020,2020-09
2020-09-09 10:27:00,-87.2,S2,S2_LV-1,2020-09-09,2020,2020-09
2020-09-09 12:01:00,-87.2,S2,S2_LV-1,2020-09-09,2020,2020-09
2020-09-10 09:38:00,72.8,S2,S2_LV-1,2020-09-10,2020,2020-09
2020-09-10 10:01:00,72.8,S2,S2_LV-2,2020-09-10,2020,2020-09
2020-09-11 10:16:00,-87.2,S2,S2_LV-2,2020-09-11,2020,2020-09
2020-09-11 11:50:00,72.8,S2,S2_LV-1,2020-09-11,2020,2020-09
2020-09-14 09:04:00,72.8,S2,S2_LV-1,2020-09-14,2020,2020-09
2020-09-14 09:45:00,242.8,S3,S3_B,2020-09-14,2020,2020-09
2020-09-14 10:30:00,-87.2,S2,S2_LV-2,2020-09-14,2020,2020-09
2020-09-14 10:38:00,-227.201220703125,S3,S3_B,2020-09-14,2020,2020-09
2020-09-15 09:42:00,242.8,S3,S3_B,2020-09-15,2020,2020-09
2020-09-15 10:10:00,72.8,S2,S2_LV-1,2020-09-15,2020,2020-09
2020-09-15 10:35:00,72.8,S2,S2_LV-2,2020-09-15,2020,2020-09
2020-09-15 11:33:00,242.8,S3,S3_B,2020-09-15,2020,2020-09
2020-09-15 12:06:00,72.8,S2,S2_LV-1,2020-09-15,2020,2020-09
2020-09-15 12:52:00,242.8,S3,S3_B,2020-09-15,2020,2020-09
2020-09-15 13:17:00,72.8,S2,S2_LV-1,2020-09-15,2020,2020-09
2020-09-15 13:48:00,-117.19679565429688,S3,S3_B,2020-09-15,2020,2020-09
2020-09-16 10:39:00,-87.2,S2,S2_LV-1,2020-09-16,2020,2020-09
2020-09-16 10:39:00,-87.2,S2,S2_LV-2,2020-09-16,2020,2020-09
2020-09-16 13:31:00,72.8,S2,S2_LV-1,2020-09-16,2020,2020-09
2020-09-18 09:40:00,72.8,S2,S2_LV-2,2020-09-18,2020,2020-09
2020-09-18 10:35:00,-87.2,S2,S2_LV-1,2020-09-18,2020,2020-09
2020-09-18 13:50:00,-87.2,S2,S2_LV-3,2020-09-18,2020,2020-09
2020-09-21 09:31:00,72.8,S2,S2_LV-1,2020-09-21,2020,2020-09
2020-09-21 09:54:00,72.8,S2,S2_LV-1,2020-09-21,2020,2020-09
2020-09-21 10:49:00,72.8,S2,S2_LV-1,2020-09-21,2020,2020-09
2020-09-21 11:36:00,72.8,S2,S2_LV-1,2020-09-21,2020,2020-09
2020-09-22 09:08:00,-87.2,S2,S2_LV-1,2020-09-22,2020,2020-09
2020-09-23 09:34:00,-87.2,S2,S2_LV-1,2020-09-23,2020,2020-09
2020-09-23 10:01:00,72.8,S2,S2_LV-2,2020-09-23,2020,2020-09
2020-09-23 10:02:00,242.8,S3,S3_B,2020-09-23,2020,2020-09
2020-09-23 10:18:00,-87.2,S2,S2_LV-3,2020-09-23,2020,2020-09
2020-09-23 10:43:00,242.8,S3,S3_B,2020-09-23,2020,2020-09
2020-09-23 12:39:00,242.8,S3,S3_B,2020-09-23,2020,2020-09
2020-09-23 12:41:00,72.8,S2,S2_LV-1,2020-09-23,2020,2020-09
2020-09-23 12:47:00,242.8,S3,S3_B,2020-09-23,2020,2020-09
2020-09-24 09:08:00,242.8,S3,S3_B,2020-09-24,2020,2020-09
2020-09-24 09:48:00,72.8,S2,S2_LV-2,2020-09-24,2020,2020-09
2020-09-24 09:50:00,72.8,S2,S2_LV-1,2020-09-24,2020,2020-09
2020-09-24 10:42:00,242.8,S3,S3_B,2020-09-24,2020,2020-09
2020-09-24 13:28:00,12.800457763671876,S3,S3_B,2020-09-24,2020,2020-09
2020-09-25 09:40:00,-87.2,S2,S2_LV-1,2020-09-25,2020,2020-09
2020-09-25 10:45:00,72.8,S2,S2_LV-2,2020-09-25,2020,2020-09
2020-09-28 09:45:00,72.8,S2,S2_LV-3,2020-09-28,2020,2020-09
2020-09-28 10:27:00,72.8,S2,S2_LV-1,2020-09-28,2020,2020-09
2020-09-28 10:27:00,72.8,S2,S2_LV-3,2020-09-28,2020,2020-09
2020-09-29 09:06:00,72.8,S2,S2_LV-1,2020-09-29,2020,2020-09
2020-09-29 10:38:00,-87.2,S2,S2_LV-3,2020-09-29,2020,2020-09
2020-09-29 10:43:00,72.8,S2,S2_LV-3,2020-09-29,2020,2020-09
2020-09-29 10:44:00,72.8,S2,S2_LV-1,2020-09-29,2020,2020-09
2020-09-29 12:18:00,-87.2,S2,S2_LV-1,2020-09-29,2020,2020-09
2020-09-30 09:23:00,72.8,S2,S2_LV-1,2020-09-30,2020,2020-09
2020-09-30 10:05:00,72.8,S2,S2_LV-2,2020-09-30,2020,2020-09
2020-10-02 09:37:00,-87.2,S2,S2_LV-1,2020-10-02,2020,2020-10
2020-10-02 10:22:00,72.8,S2,S2_LV-2,2020-10-02,2020,2020-10
2020-10-02 10:32:00,72.8,S2,S2_LV-1,2020-10-02,2020,2020-10
2020-10-08 09:17:00,72.8,S2,S2_LV-1,2020-10-08,2020,2020-10
2020-10-08 11:27:00,72.8,S2,S2_LV-2,2020-10-08,2020,2020-10
2020-10-09 09:06:00,72.8,S2,S2_LV-3,2020-10-09,2020,2020-10
2020-10-09 10:00:00,72.8,S2,S2_LV-1,2020-10-09,2020,2020-10
2020-10-09 10:22:00,72.8,S2,S2_LV-2,2020-10-09,2020,2020-10
2020-10-09 11:52:00,72.8,S2,S2_LV-3,2020-10-09,2020,2020-10
2020-10-19 09:07:00,72.8,S2,S2_LV-1,2020-10-19,2020,2020-10
2020-10-20 09:16:00,72.8,S2,S2_LV-1,2020-10-20,2020,2020-10
2020-10-20 11:46:00,72.8,S2,S2_LV-1,2020-10-20,2020,2020-10
2020-10-21 10:06:00,72.8,S2,S2_LV-1,2020-10-21,2020,2020-10
2020-10-21 12:11:00,72.8,S2,S2_LV-2,2020-10-21,2020,2020-10
2020-10-26 09:31:00,72.8,S2,S2_LV-1,2020-10-26,2020,2020-10
2020-10-26 10:37:00,72.8,S2,S2_LV-1,2020-10-26,2020,2020-10
2020-10-27 09:03:00,-87.2,S2,S2_LV-3,2020-10-27,2020,2020-10
2020-10-27 09:45:00,-87.2,S2,S2_LV-2,2020-10-27,2020,2020-10
2020-10-27 10:58:00,-87.2,S2,S2_LV-1,2020-10-27,2020,2020-10
2020-10-27 14:27:00,-87.2,S2,S2_LV-1,2020-10-27,2020,2020-10
2020-10-28 09:27:00,72.8,S2,S2_LV-1,2020-10-28,2020,2020-10
2020-10-29 09:42:00,-87.2,S2,S2_LV-1,2020-10-29,2020,2020-10
2020-10-29 09:57:00,72.8,S2,S2_LV-1,2020-10-29,2020,2020-10
2020-10-29 10:43:00,-87.2,S2,S2_LV-1,2020-10-29,2020,2020-10
2020-10-30 09:06:00,72.8,S2,S2_LV-1,2020-10-30,2020,2020-10
2020-10-30 10:22:00,72.8,S2,S2_LV-1,2020-10-30,2020,2020-10
2020-11-02 09:04:00,-807.1999999999972,S3,S3_B,2020-11-02,2020,2020-11
2020-11-02 09:30:00,72.8,S2,S2_LV-1,2020-11-02,2020,2020-11
2020-11-02 09:35:00,72.8,S2,S2_LV-2,2020-11-02,2020,2020-11
2020-11-02 09:54:00,-87.2,S2,S2_LV-1,2020-11-02,2020,2020-11
2020-11-03 10:24:00,72.8,S2,S2_LV-1,2020-11-03,2020,2020-11
2020-11-03 11:30:00,-87.2,S2,S2_LV-1,2020-11-03,2020,2020-11
2020-11-03 11:30:00,-87.2,S2,S2_LV-3,2020-11-03,2020,2020-11
2020-11-04 09:39:00,72.8,S2,S2_LV-1,2020-11-04,2020,2020-11
2020-11-04 09:39:00,72.8,S2,S2_LV-3,2020-11-04,2020,2020-11
2020-11-04 10:23:00,72.8,S2,S2_LV-1,2020-11-04,2020,2020-11
2020-11-04 11:02:00,442.80000000000285,S3,S3_C,2020-11-04,2020,2020-11
2020-11-04 11:36:00,-87.2,S2,S2_LV-2,2020-11-04,2020,2020-11
2020-11-04 11:58:00,72.8,S2,S2_LV-1,2020-11-04,2020,2020-11
2020-11-06 09:34:00,-87.2,S2,S2_LV-3,2020-11-06,2020,2020-11
2020-11-06 09:51:00,72.8,S2,S2_LV-1,2020-11-06,2020,2020-11
2020-11-06 11:18:00,72.8,S2,S2_LV-1,2020-11-06,2020,2020-11
2020-11-09 09:25:00,-87.2,S2,S2_LV-1,2020-11-09,2020,2020-11
2020-11-09 11:18:00,72.8,S2,S2_LV-2,2020-11-09,2020,2020-11
2020-11-10 10:17:00,72.8,S2,S2_LV-1,2020-11-10,2020,2020-11
2020-11-10 10:57:00,72.8,S2,S2_LV-2,2020-11-10,2020,2020-11
2020-11-11 09:32:00,72.8,S2,S2_LV-1,2020-11-11,2020,2020-11
2020-11-11 09:50:00,72.8,S2,S2_LV-3,2020-11-11,2020,2020-11
2020-11-11 10:59:00,-87.2,S2,S2_LV-2,2020-11-11,2020,2020-11
2020-11-12 10:02:00,-87.2,S2,S2_LV-1,2020-11-12,2020,2020-11
2020-11-12 11:06:00,72.8,S2,S2_LV-1,2020-11-12,2020,2020-11
2020-11-13 09:46:00,-87.2,S2,S2_LV-2,2020-11-13,2020,2020-11
2020-11-13 11:08:00,42.79999999999716,S3,S3_C,2020-11-13,2020,2020-11
2020-11-16 09:16:00,-87.2,S2,S2_LV-1,2020-11-16,2020,2020-11
2020-11-16 11:13:00,-87.2,S2,S2_LV-1,2020-11-16,2020,2020-11
2020-11-18 10:32:00,72.8,S2,S2_LV-1,2020-11-18,2020,2020-11
2020-11-18 10:34:00,72.8,S2,S2_LV-2,2020-11-18,2020,2020-11
2020-11-19 10:04:00,72.8,S2,S2_LV-2,2020-11-19,2020,2020-11
2020-11-23 11:10:00,-87.2,S2,S2_LV-2,2020-11-23,2020,2020-11
2020-11-24 11:14:00,72.8,S2,S2_LV-1,2020-11-24,2020,2020-11
2020-11-25 09:24:00,72.8,S2,S2_LV-1,2020-11-25,2020,2020-11
2020-11-25 10:31:00,-87.2,S2,S2_LV-2,2020-11-25,2020,2020-11
2020-11-26 10:03:00,72.8,S2,S2_LV-2,2020-11-26,2020,2020-11
2020-11-27 10:45:00,72.8,S2,S2_LV-2,2020-11-27,2020,2020-11
2020-11-27 13:34:00,72.8,S2,S2_LV-1,2020-11-27,2020,2020-11
2020-12-01 09:07:00,72.8,S2,S2_LV-1,2020-12-01,2020,2020-12
2020-12-01 09:34:00,-87.2,S2,S2_LV-2,2020-12-01,2020,2020-12
2020-12-01 10:06:00,242.8,S3,S3_B,2020-12-01,2020,2020-12
2020-12-01 10:35:00,-157.1977111816406,S3,S3_B,2020-12-01,2020,2020-12
2020-12-02 10:05:00,72.8,S2,S2_LV-1,2020-12-02,2020,2020-12
2020-12-02 11:35:00,72.8,S2,S2_LV-1,2020-12-02,2020,2020-12
2020-12-02 11:35:00,-87.2,S2,S2_LV-3,2020-12-02,2020,2020-12
2020-12-03 11:29:00,72.8,S2,S2_LV-3,2020-12-03,2020,2020-12
2020-12-03 11:37:00,-87.2,S2,S2_LV-1,2020-12-03,2020,2020-12
2020-12-04 09:03:00,-87.2,S2,S2_LV-1,2020-12-04,2020,2020-12
2020-12-07 11:32:00,72.8,S2,S2_LV-1,2020-12-07,2020,2020-12
2020-12-08 09:53:00,-87.2,S2,S2_LV-1,2020-12-08,2020,2020-12
2020-12-09 10:12:00,72.8,S2,S2_LV-1,2020-12-09,2020,2020-12
2020-12-09 10:30:00,-87.2,S2,S2_LV-2,2020-12-09,2020,2020-12
2020-12-09 10:33:00,-87.2,S2,S2_LV-1,2020-12-09,2020,2020-12
2020-12-10 10:01:00,72.8,S2,S2_LV-1,2020-12-10,2020,2020-12
2020-12-10 10:46:00,72.8,S2,S2_LV-1,2020-12-10,2020,2020-12
2020-12-10 10:48:00,72.8,S2,S2_LV-3,2020-12-10,2020,2020-12
2020-12-14 09:33:00,-87.2,S2,S2_LV-2,2020-12-14,2020,2020-12
2020-12-14 09:55:00,72.8,S2,S2_LV-1,2020-12-14,2020,2020-12
2020-12-14 11:22:00,72.8,S2,S2_LV-1,2020-12-14,2020,2020-12
2020-12-15 09:38:00,72.8,S2,S2_LV-2,2020-12-15,2020,2020-12
2020-12-16 09:18:00,72.8,S2,S2_LV-1,2020-12-16,2020,2020-12
2020-12-16 10:54:00,72.8,S2,S2_LV-2,2020-12-16,2020,2020-12
2020-12-17 11:21:00,72.8,S2,S2_LV-2,2020-12-17,2020,2020-12
2020-12-17 11:29:00,-87.2,S2,S2_LV-1,2020-12-17,2020,2020-12
2020-12-18 09:03:00,72.8,S2,S2_LV-3,2020-12-18,2020,2020-12
2020-12-18 09:48:00,-87.2,S2,S2_LV-1,2020-12-18,2020,2020-12
2020-12-21 09:16:00,72.8,S2,S2_LV-1,2020-12-21,2020,2020-12
2020-12-21 09:48:00,-87.2,S2,S2_LV-1,2020-12-21,2020,2020-12
2020-12-22 11:07:00,-87.2,S2,S2_LV-1,2020-12-22,2020,2020-12
2020-12-23 10:52:00,-87.2,S2,S2_LV-1,2020-12-23,2020,2020-12
2020-12-28 10:46:00,72.8,S2,S2_LV-2,2020-12-28,2020,2020-12
2020-12-28 10:56:00,72.8,S2,S2_LV-1,2020-12-28,2020,2020-12
2020-12-29 09:53:00,72.8,S2,S2_LV-2,2020-12-29,2020,2020-12
2020-12-29 10:08:00,-87.2,S2,S2_LV-1,2020-12-29,2020,2020-12
2020-12-31 09:06:00,72.8,S2,S2_LV-1,2020-12-31,2020,2020-12
2020-12-31 10:24:00,72.8,S2,S2_LV-2,2020-12-31,2020,2020-12
2021-01-04 09:53:00,72.8,S2,S2_LV-1,2021-01-04,2021,2021-01
2021-01-04 10:31:00,-87.2,S2,S2_LV-2,2021-01-04,2021,2021-01
2021-01-04 10:45:00,-87.2,S2,S2_LV-1,2021-01-04,2021,2021-01
2021-01-04 11:01:00,72.8,S2,S2_LV-1,2021-01-04,2021,2021-01
2021-01-06 09:04:00,72.8,S2,S2_LV-3,2021-01-06,2021,2021-01
2021-01-06 09:05:00,72.8,S2,S2_LV-1,2021-01-06,2021,2021-01
2021-01-07 09:07:00,72.8,S2,S2_LV-1,2021-01-07,2021,2021-01
2021-01-08 09:49:00,-87.2,S2,S2_LV-1,2021-01-08,2021,2021-01
2021-01-08 09:49:00,-87.2,S2,S2_LV-2,2021-01-08,2021,2021-01
2021-01-12 10:59:00,72.8,S2,S2_LV-1,2021-01-12,2021,2021-01
2021-01-13 09:55:00,72.8,S2,S2_LV-2,2021-01-13,2021,2021-01
2021-01-13 10:15:00,72.8,S2,S2_LV-1,2021-01-13,2021,2021-01
2021-01-14 09:05:00,-87.2,S2,S2_LV-1,2021-01-14,2021,2021-01
2021-01-15 10:28:00,72.8,S2,S2_LV-1,2021-01-15,2021,2021-01
2021-01-15 11:03:00,72.8,S2,S2_LV-2,2021-01-15,2021,2021-01
2021-01-19 09:15:00,-87.2,S2,S2_LV-3,2021-01-19,2021,2021-01
2021-01-19 09:49:00,-87.2,S2,S2_LV-3,2021-01-19,2021,2021-01
2021-01-19 10:58:00,72.8,S2,S2_LV-1,2021-01-19,2021,2021-01
2021-01-20 09:51:00,72.8,S2,S2_LV-1,2021-01-20,2021,2021-01
2021-01-21 09:33:00,72.8,S2,S2_LV-3,2021-01-21,2021,2021-01
2021-01-21 09:42:00,-87.2,S2,S2_LV-1,2021-01-21,2021,2021-01
2021-01-22 11:07:00,72.8,S2,S2_LV-1,2021-01-22,2021,2021-01
2021-01-25 09:38:00,72.8,S2,S2_LV-2,2021-01-25,2021,2021-01
2021-01-25 13:12:00,72.8,S2,S2_LV-1,2021-01-25,2021,2021-01
2021-01-26 09:08:00,-87.2,S2,S2_LV-1,2021-01-26,2021,2021-01
2021-01-26 10:31:00,-87.2,S2,S2_LV-2,2021-01-26,2021,2021-01
2021-01-26 10:58:00,72.8,S2,S2_LV-1,2021-01-26,2021,2021-01
2021-01-27 09:06:00,72.8,S2,S2_LV-1,2021-01-27,2021,2021-01
2021-01-27 10:43:00,72.8,S2,S2_LV-1,2021-01-27,2021,2021-01
2021-01-27 10:43:00,72.8,S2,S2_LV-3,2021-01-27,2021,2021-01
2021-01-28 09:02:00,72.8,S2,S2_LV-1,2021-01-28,2021,2021-01
2021-01-28 10:20:00,-87.2,S2,S2_LV-2,2021-01-28,2021,2021-01
2021-01-29 09:19:00,-87.2,S2,S2_LV-3,2021-01-29,2021,2021-01
2021-01-29 10:05:00,72.8,S2,S2_LV-2,2021-01-29,2021,2021-01
2021-02-02 09:15:00,-87.2,S2,S2_LV-1,2021-02-02,2021,2021-02
2021-02-02 09:30:00,-87.2,S2,S2_LV-3,2021-02-02,2021,2021-02
2021-02-02 09:50:00,72.8,S2,S2_LV-2,2021-02-02,2021,2021-02
2021-02-03 11:11:00,-87.2,S2,S2_LV-1,2021-02-03,2021,2021-02
2021-02-04 09:01:00,-87.2,S2,S2_LV-1,2021-02-04,2021,2021-02
2021-02-04 09:38:00,-87.2,S2,S2_LV-2,2021-02-04,2021,2021-02
2021-02-04 10:18:00,72.8,S2,S2_LV-1,2021-02-04,2021,2021-02
2021-02-04 13:39:00,-87.2,S2,S2_LV-3,2021-02-04,2021,2021-02
2021-02-04 13:42:00,72.8,S2,S2_LV-3,2021-02-04,2021,2021-02
2021-02-05 11:46:00,-47.200000000006256,S2,S2_LV-2,2021-02-05,2021,2021-02
2021-02-08 09:06:00,72.8,S2,S2_LV-1,2021-02-08,2021,2021-02
2021-02-08 12:39:00,-87.2,S2,S2_LV-1,2021-02-08,2021,2021-02
2021-02-09 09:11:00,72.8,S2,S2_LV-1,2021-02-09,2021,2021-02
2021-02-09 11:42:00,72.8,S2,S2_LV-1,2021-02-09,2021,2021-02
2021-02-10 10:41:00,-87.2,S2,S2_LV-1,2021-02-10,2021,2021-02
2021-02-11 09:52:00,72.8,S2,S2_LV-1,2021-02-11,2021,2021-02
2021-02-11 10:03:00,72.8,S2,S2_LV-2,2021-02-11,2021,2021-02
2021-02-12 11:34:00,72.8,S2,S2_LV-3,2021-02-12,2021,2021-02
2021-02-12 11:52:00,72.8,S2,S2_LV-1,2021-02-12,2021,2021-02
2021-02-12 11:55:00,72.8,S2,S2_LV-3,2021-02-12,2021,2021-02
2021-02-15 10:07:00,72.8,S2,S2_LV-2,2021-02-15,2021,2021-02
2021-02-15 11:20:00,-87.2,S2,S2_LV-1,2021-02-15,2021,2021-02
2021-02-16 10:07:00,-87.2,S2,S2_LV-1,2021-02-16,2021,2021-02
2021-02-18 09:09:00,72.8,S2,S2_LV-1,2021-02-18,2021,2021-02
2021-02-18 09:57:00,-87.2,S2,S2_LV-2,2021-02-18,2021,2021-02
2021-02-18 11:05:00,72.8,S2,S2_LV-1,2021-02-18,2021,2021-02
2021-02-19 09:14:00,72.8,S2,S2_LV-1,2021-02-19,2021,2021-02
2021-02-19 11:31:00,72.8,S2,S2_LV-2,2021-02-19,2021,2021-02
2021-02-22 10:41:00,72.8,S2,S2_LV-1,2021-02-22,2021,2021-02
2021-02-23 10:00:00,72.8,S2,S2_LV-2,2021-02-23,2021,2021-02
2021-02-23 10:04:00,-87.2,S2,S2_LV-1,2021-02-23,2021,2021-02
2021-02-24 09:25:00,72.8,S2,S2_LV-3,2021-02-24,2021,2021-02
2021-02-24 09:51:00,72.8,S2,S2_LV-1,2021-02-24,2021,2021-02
2021-02-24 10:46:00,72.8,S2,S2_LV-1,2021-02-24,2021,2021-02
2021-02-25 09:45:00,72.8,S2,S2_LV-1,2021-02-25,2021,2021-02
2021-02-25 11:26:00,72.8,S2,S2_LV-1,2021-02-25,2021,2021-02
2021-02-25 11:43:00,72.8,S2,S2_LV-3,2021-02-25,2021,2021-02
2021-02-26 09:05:00,-87.2,S2,S2_LV-1,2021-02-26,2021,2021-02
2021-02-26 10:11:00,-87.2,S2,S2_LV-2,2021-02-26,2021,2021-02
2021-03-01 09:18:00,-1007.2,S3,S3_C,2021-03-01,2021,2021-03
2021-03-02 09:19:00,72.8,S2,S2_LV-1,2021-03-02,2021,2021-03
2021-03-02 10:01:00,72.8,S2,S2_LV-1,2021-03-02,2021,2021-03
2021-03-02 10:03:00,72.8,S2,S2_LV-3,2021-03-02,2021,2021-03
2021-03-03 09:04:00,-87.2,S2,S2_LV-1,2021-03-03,2021,2021-03
2021-03-03 11:03:00,72.8,S2,S2_LV-1,2021-03-03,2021,2021-03
2021-03-03 12:10:00,-87.2,S2,S2_LV-2,2021-03-03,2021,2021-03
2021-03-05 10:10:00,-157.2,S2,S2_HV-1,2021-03-05,2021,2021-03
2021-03-08 09:52:00,-157.2,S2,S2_HV-1,2021-03-08,2021,2021-03
2021-03-09 09:54:00,-157.2,S2,S2_HV-1,2021-03-09,2021,2021-03
2021-03-09 12:18:00,142.8,S2,S2_HV-1,2021-03-09,2021,2021-03
2021-03-10 10:15:00,-157.2,S2,S2_HV-1,2021-03-10,2021,2021-03
2021-03-10 11:24:00,142.8,S2,S2_HV-1,2021-03-10,2021,2021-03
2021-03-11 09:34:00,142.8,S2,S2_HV-1,2021-03-11,2021,2021-03
2021-03-11 10:33:00,142.8,S2,S2_HV-2,2021-03-11,2021,2021-03
2021-03-12 10:51:00,72.8,S2,S2_LV-2,2021-03-12,2021,2021-03
2021-03-15 09:04:00,72.8,S2,S2_LV-3,2021-03-15,2021,2021-03
2021-03-15 09:11:00,72.8,S2,S2_LV-1,2021-03-15,2021,2021-03
2021-03-15 09:47:00,-87.2,S2,S2_LV-1,2021-03-15,2021,2021-03
2021-03-15 10:30:00,72.8,S2,S2_LV-2,2021-03-15,2021,2021-03
2021-03-16 09:02:00,242.8,S3,S3_B,2021-03-16,2021,2021-03
2021-03-16 09:19:00,242.8,S3,S3_B,2021-03-16,2021,2021-03
2021-03-16 09:40:00,242.8,S3,S3_B,2021-03-16,2021,2021-03
2021-03-16 09:46:00,-87.2,S2,S2_LV-1,2021-03-16,2021,2021-03
2021-03-16 10:04:00,72.8,S2,S2_LV-1,2021-03-16,2021,2021-03
2021-03-16 14:06:00,-87.2,S2,S2_LV-1,2021-03-16,2021,2021-03
2021-03-16 14:17:00,82.796337890625,S3,S3_B,2021-03-16,2021,2021-03
2021-03-17 09:03:00,-807.1999999999972,S3,S3_B,2021-03-17,2021,2021-03
2021-03-17 10:05:00,-87.2,S2,S2_LV-1,2021-03-17,2021,2021-03
2021-03-18 09:03:00,242.8,S3,S3_B,2021-03-18,2021,2021-03
2021-03-18 09:14:00,72.8,S2,S2_LV-1,2021-03-18,2021,2021-03
2021-03-18 09:20:00,242.8,S3,S3_B,2021-03-18,2021,2021-03
2021-03-18 09:33:00,242.8,S3,S3_B,2021-03-18,2021,2021-03
2021-03-18 09:45:00,72.8,S2,S2_LV-1,2021-03-18,2021,2021-03
2021-03-18 09:57:00,-807.1999999999972,S3,S3_B,2021-03-18,2021,2021-03
2021-03-18 10:01:00,-87.2,S2,S2_LV-2,2021-03-18,2021,2021-03
2021-03-18 10:23:00,242.8,S3,S3_B,2021-03-18,2021,2021-03
2021-03-18 10:30:00,242.8,S3,S3_B,2021-03-18,2021,2021-03
2021-03-19 09:23:00,142.8,S2,S2_HV-1,2021-03-19,2021,2021-03
2021-03-19 09:53:00,142.8,S2,S2_HV-1,2021-03-19,2021,2021-03
2021-03-19 11:20:00,142.8,S2,S2_HV-1,2021-03-19,2021,2021-03
2021-03-19 13:02:00,-157.2,S2,S2_HV-1,2021-03-19,2021,2021-03
2021-03-23 09:32:00,-157.2,S2,S2_HV-1,2021-03-23,2021,2021-03
2021-03-23 09:52:00,142.8,S2,S2_HV-1,2021-03-23,2021,2021-03
2021-03-23 10:42:00,-1007.2,S3,S3_C,2021-03-23,2021,2021-03
2021-03-23 13:36:00,142.8,S2,S2_HV-1,2021-03-23,2021,2021-03
2021-03-23 13:44:00,-157.2,S2,S2_HV-1,2021-03-23,2021,2021-03
2021-03-24 10:36:00,-157.2,S2,S2_HV-1,2021-03-24,2021,2021-03
2021-03-24 12:30:00,142.8,S2,S2_HV-1,2021-03-24,2021,2021-03
2021-03-25 10:59:00,142.8,S2,S2_HV-1,2021-03-25,2021,2021-03
2021-03-25 11:34:00,442.80000000000285,S3,S3_C,2021-03-25,2021,2021-03
2021-03-26 09:24:00,-157.2,S2,S2_HV-1,2021-03-26,2021,2021-03
2021-03-26 11:15:00,142.8,S2,S2_HV-1,2021-03-26,2021,2021-03
2021-03-29 10:29:00,-937.1999999999998,S3,S3_C,2021-03-29,2021,2021-03
2021-04-06 10:34:00,-157.2,S2,S2_HV-1,2021-04-06,2021,2021-04
2021-04-06 13:31:00,142.8,S2,S2_HV-1,2021-04-06,2021,2021-04
2021-04-08 09:46:00,-157.2,S2,S2_HV-1,2021-04-08,2021,2021-04
2021-04-12 09:07:00,142.8,S2,S2_HV-1,2021-04-12,2021,2021-04
2021-04-13 09:40:00,72.8,S2,S2_LV-2,2021-04-13,2021,2021-04
2021-04-14 10:09:00,-87.2,S2,S2_LV-1,2021-04-14,2021,2021-04
2021-04-14 12:09:00,72.8,S2,S2_LV-1,2021-04-14,2021,2021-04
2021-04-15 11:28:00,72.8,S2,S2_LV-1,2021-04-15,2021,2021-04
2021-04-16 09:11:00,72.8,S2,S2_LV-1,2021-04-16,2021,2021-04
2021-04-16 09:36:00,-87.2,S2,S2_LV-2,2021-04-16,2021,2021-04
2021-04-16 10:01:00,72.8,S2,S2_LV-1,2021-04-16,2021,2021-04
2021-04-19 09:04:00,242.8,S3,S3_B,2021-04-19,2021,2021-04
2021-04-19 09:39:00,-177.2019836425781,S3,S3_B,2021-04-19,2021,2021-04
2021-04-26 09:05:00,-807.1999999999972,S3,S3_B,2021-04-26,2021,2021-04
2021-04-28 09:15:00,72.8,S2,S2_LV-1,2021-04-28,2021,2021-04
2021-04-28 10:36:00,72.8,S2,S2_LV-1,2021-04-28,2021,2021-04
2021-04-29 09:59:00,72.8,S2,S2_LV-2,2021-04-29,2021,2021-04
2021-04-30 09:06:00,72.8,S2,S2_LV-1,2021-04-30,2021,2021-04
2021-04-30 11:15:00,72.8,S2,S2_LV-2,2021-04-30,2021,2021-04
2021-05-03 09:04:00,72.8,S2,S2_LV-3,2021-05-03,2021,2021-05
2021-05-03 09:27:00,72.8,S2,S2_LV-3,2021-05-03,2021,2021-05
2021-05-04 09:40:00,-87.2,S2,S2_LV-1,2021-05-04,2021,2021-05
2021-05-04 09:58:00,72.8,S2,S2_LV-2,2021-05-04,2021,2021-05
2021-05-05 10:33:00,72.8,S2,S2_LV-1,2021-05-05,2021,2021-05
2021-05-05 11:33:00,72.8,S2,S2_LV-2,2021-05-05,2021,2021-05
2021-05-05 11:48:00,-87.2,S2,S2_LV-1,2021-05-05,2021,2021-05
2021-05-05 13:15:00,-87.2,S2,S2_LV-1,2021-05-05,2021,2021-05
2021-05-06 09:41:00,72.8,S2,S2_LV-2,2021-05-06,2021,2021-05
2021-05-06 10:07:00,-87.2,S2,S2_LV-1,2021-05-06,2021,2021-05
2021-05-07 10:01:00,72.8,S2,S2_LV-1,2021-05-07,2021,2021-05
2021-05-07 10:23:00,72.8,S2,S2_LV-1,2021-05-07,2021,2021-05
2021-05-10 09:37:00,242.8,S3,S3_B,2021-05-10,2021,2021-05
2021-05-10 09:45:00,242.8,S3,S3_B,2021-05-10,2021,2021-05
2021-05-10 09:52:00,242.8,S3,S3_B,2021-05-10,2021,2021-05
2021-05-10 10:04:00,242.8,S3,S3_B,2021-05-10,2021,2021-05
2021-05-10 10:07:00,72.8,S2,S2_LV-1,2021-05-10,2021,2021-05
2021-05-10 10:52:00,242.8,S3,S3_B,2021-05-10,2021,2021-05
2021-05-10 10:54:00,-807.1999999999972,S3,S3_B,2021-05-10,2021,2021-05
2021-05-10 11:42:00,242.8,S3,S3_B,2021-05-10,2021,2021-05
2021-05-10 13:17:00,-87.2,S2,S2_LV-1,2021-05-10,2021,2021-05
2021-05-11 09:03:00,-87.2,S2,S2_LV-1,2021-05-11,2021,2021-05
2021-05-11 09:45:00,72.8,S2,S2_LV-1,2021-05-11,2021,2021-05
2021-05-11 10:26:00,72.8,S2,S2_LV-1,2021-05-11,2021,2021-05
2021-05-11 10:28:00,72.8,S2,S2_LV-3,2021-05-11,2021,2021-05
2021-05-11 10:39:00,-87.2,S2,S2_LV-3,2021-05-11,2021,2021-05
2021-05-12 09:07:00,-157.2,S2,S2_HV-2,2021-05-12,2021,2021-05
2021-05-13 09:03:00,242.8,S3,S3_B,2021-05-13,2021,2021-05
2021-05-13 09:30:00,72.8,S2,S2_LV-1,2021-05-13,2021,2021-05
2021-05-13 09:34:00,242.8,S3,S3_B,2021-05-13,2021,2021-05
2021-05-13 09:39:00,72.8,S2,S2_LV-1,2021-05-13,2021,2021-05
2021-05-13 10:19:00,242.8,S3,S3_B,2021-05-13,2021,2021-05
2021-05-13 11:07:00,242.8,S3,S3_B,2021-05-13,2021,2021-05
2021-05-13 11:15:00,72.8,S2,S2_LV-2,2021-05-13,2021,2021-05
2021-05-13 12:19:00,242.8,S3,S3_B,2021-05-13,2021,2021-05
2021-05-13 12:31:00,72.8,S2,S2_LV-1,2021-05-13,2021,2021-05
2021-05-14 09:09:00,72.8,S2,S2_LV-1,2021-05-14,2021,2021-05
2021-05-14 10:07:00,72.8,S2,S2_LV-1,2021-05-14,2021,2021-05
2021-05-17 09:01:00,72.8,S2,S2_LV-1,2021-05-17,2021,2021-05
2021-05-17 10:20:00,72.8,S2,S2_LV-1,2021-05-17,2021,2021-05
2021-05-18 09:31:00,72.8,S2,S2_LV-1,2021-05-18,2021,2021-05
2021-05-18 10:30:00,72.8,S2,S2_LV-2,2021-05-18,2021,2021-05
2021-05-18 12:15:00,-87.2,S2,S2_LV-1,2021-05-18,2021,2021-05
2021-05-18 12:43:00,72.8,S2,S2_LV-1,2021-05-18,2021,2021-05
2021-05-19 09:04:00,142.8,S2,S2_HV-1,2021-05-19,2021,2021-05
2021-05-19 10:15:00,-157.2,S2,S2_HV-1,2021-05-19,2021,2021-05
2021-05-19 10:55:00,142.8,S2,S2_HV-1,2021-05-19,2021,2021-05
2021-05-20 09:23:00,142.8,S2,S2_HV-1,2021-05-20,2021,2021-05
2021-05-20 10:11:00,442.80000000000285,S3,S3_C,2021-05-20,2021,2021-05
2021-05-20 10:35:00,142.8,S2,S2_HV-1,2021-05-20,2021,2021-05
2021-05-20 13:44:00,-157.2,S2,S2_HV-1,2021-05-20,2021,2021-05
2021-05-21 09:44:00,-157.2,S2,S2_HV-1,2021-05-21,2021,2021-05
2021-05-25 09:32:00,142.8,S2,S2_HV-2,2021-05-25,2021,2021-05
2021-05-25 09:56:00,-157.2,S2,S2_HV-1,2021-05-25,2021,2021-05
2021-05-26 09:09:00,-87.2,S2,S2_LV-1,2021-05-26,2021,2021-05
2021-05-26 10:33:00,72.8,S2,S2_LV-3,2021-05-26,2021,2021-05
2021-05-26 10:49:00,72.8,S2,S2_LV-1,2021-05-26,2021,2021-05
2021-05-27 09:36:00,-87.2,S2,S2_LV-3,2021-05-27,2021,2021-05
2021-05-27 09:47:00,72.8,S2,S2_LV-1,2021-05-27,2021,2021-05
2021-05-27 09:52:00,72.8,S2,S2_LV-3,2021-05-27,2021,2021-05
2021-05-27 11:17:00,72.8,S2,S2_LV-1,2021-05-27,2021,2021-05
2021-05-28 09:42:00,-87.2,S2,S2_LV-2,2021-05-28,2021,2021-05
2021-05-28 09:51:00,-87.2,S2,S2_LV-1,2021-05-28,2021,2021-05
2021-05-31 10:39:00,-87.2,S2,S2_LV-1,2021-05-31,2021,2021-05
2021-06-01 09:35:00,72.8,S2,S2_LV-1,2021-06-01,2021,2021-06
2021-06-01 11:24:00,72.8,S2,S2_LV-1,2021-06-01,2021,2021-06
2021-06-01 11:30:00,72.8,S2,S2_LV-2,2021-06-01,2021,2021-06
2021-06-02 09:52:00,-87.2,S2,S2_LV-1,2021-06-02,2021,2021-06
2021-06-02 10:13:00,72.8,S2,S2_LV-2,2021-06-02,2021,2021-06
2021-06-02 10:32:00,-87.2,S2,S2_LV-1,2021-06-02,2021,2021-06
2021-06-03 09:30:00,72.8,S2,S2_LV-1,2021-06-03,2021,2021-06
2021-06-03 11:26:00,72.8,S2,S2_LV-2,2021-06-03,2021,2021-06
2021-06-03 11:44:00,-87.2,S2,S2_LV-1,2021-06-03,2021,2021-06
2021-06-04 10:53:00,72.8,S2,S2_LV-1,2021-06-04,2021,2021-06
2021-06-07 09:01:00,72.8,S2,S2_LV-1,2021-06-07,2021,2021-06
2021-06-07 09:35:00,72.8,S2,S2_LV-3,2021-06-07,2021,2021-06
2021-06-07 10:19:00,72.8,S2,S2_LV-2,2021-06-07,2021,2021-06
2021-06-07 11:32:00,72.8,S2,S2_LV-1,2021-06-07,2021,2021-06
2021-06-08 09:26:00,-87.2,S2,S2_LV-1,2021-06-08,2021,2021-06
2021-06-08 11:01:00,-87.2,S2,S2_LV-1,2021-06-08,2021,2021-06
2021-06-09 10:14:00,-87.2,S2,S2_LV-1,2021-06-09,2021,2021-06
2021-06-09 10:55:00,-87.2,S2,S2_LV-2,2021-06-09,2021,2021-06
2021-06-09 11:15:00,72.8,S2,S2_LV-1,2021-06-09,2021,2021-06
2021-06-09 12:15:00,72.8,S2,S2_LV-1,2021-06-09,2021,2021-06
2021-06-10 09:44:00,72.8,S2,S2_LV-1,2021-06-10,2021,2021-06
2021-06-10 10:32:00,-87.2,S2,S2_LV-2,2021-06-10,2021,2021-06
2021-06-10 12:16:00,-87.2,S2,S2_LV-1,2021-06-10,2021,2021-06
2021-06-10 13:05:00,72.8,S2,S2_LV-1,2021-06-10,2021,2021-06
2021-06-11 11:15:00,-87.2,S2,S2_LV-3,2021-06-11,2021,2021-06
2021-06-14 10:53:00,72.8,S2,S2_LV-1,2021-06-14,2021,2021-06
2021-06-14 11:20:00,72.8,S2,S2_LV-2,2021-06-14,2021,2021-06
2021-06-14 13:32:00,-87.2,S2,S2_LV-1,2021-06-14,2021,2021-06
2021-06-15 13:38:00,-87.2,S2,S2_LV-1,2021-06-15,2021,2021-06
2021-06-16 09:27:00,-87.2,S2,S2_LV-1,2021-06-16,2021,2021-06
2021-06-16 12:13:00,-87.2,S2,S2_LV-1,2021-06-16,2021,2021-06
2021-06-17 09:37:00,72.8,S2,S2_LV-3,2021-06-17,2021,2021-06
2021-06-17 10:07:00,72.8,S2,S2_LV-1,2021-06-17,2021,2021-06
2021-06-17 11:30:00,72.8,S2,S2_LV-1,2021-06-17,2021,2021-06
2021-06-17 11:54:00,-87.2,S2,S2_LV-1,2021-06-17,2021,2021-06
2021-06-17 12:07:00,72.8,S2,S2_LV-2,2021-06-17,2021,2021-06
2021-06-17 12:29:00,-87.2,S2,S2_LV-1,2021-06-17,2021,2021-06
2021-06-18 09:22:00,72.8,S2,S2_LV-1,2021-06-18,2021,2021-06
2021-06-18 09:34:00,-87.2,S2,S2_LV-3,2021-06-18,2021,2021-06
2021-06-18 09:50:00,-87.2,S2,S2_LV-1,2021-06-18,2021,2021-06
2021-06-18 10:32:00,72.8,S2,S2_LV-1,2021-06-18,2021,2021-06
2021-06-21 09:02:00,-807.1999999999972,S3,S3_B,2021-06-21,2021,2021-06
2021-06-21 09:23:00,72.8,S2,S2_LV-3,2021-06-21,2021,2021-06
2021-06-21 10:19:00,72.8,S2,S2_LV-1,2021-06-21,2021,2021-06
2021-06-21 10:19:00,72.8,S2,S2_LV-3,2021-06-21,2021,2021-06
2021-06-21 13:47:00,72.8,S2,S2_LV-1,2021-06-21,2021,2021-06
2021-06-22 11:00:00,-157.2,S2,S2_HV-1,2021-06-22,2021,2021-06
2021-06-25 09:17:00,72.8,S2,S2_LV-1,2021-06-25,2021,2021-06
2021-06-25 10:20:00,72.8,S2,S2_LV-2,2021-06-25,2021,2021-06
2021-06-28 10:10:00,72.8,S2,S2_LV-1,2021-06-28,2021,2021-06
2021-06-28 10:10:00,72.8,S2,S2_LV-2,2021-06-28,2021,2021-06
2021-06-29 09:12:00,72.8,S2,S2_LV-1,2021-06-29,2021,2021-06
2021-06-29 09:13:00,-87.2,S2,S2_LV-3,2021-06-29,2021,2021-06
2021-06-29 12:17:00,-87.2,S2,S2_LV-2,2021-06-29,2021,2021-06
2021-06-29 13:43:00,-87.2,S2,S2_LV-1,2021-06-29,2021,2021-06
2021-06-30 09:29:00,72.8,S2,S2_LV-1,2021-06-30,2021,2021-06
2021-06-30 09:46:00,72.8,S2,S2_LV-2,2021-06-30,2021,2021-06
2021-06-30 10:37:00,72.8,S2,S2_LV-1,2021-06-30,2021,2021-06
2021-06-30 10:38:00,-87.2,S2,S2_LV-3,2021-06-30,2021,2021-06
2021-07-01 09:08:00,-87.2,S2,S2_LV-1,2021-07-01,2021,2021-07
2021-07-01 10:07:00,-87.2,S2,S2_LV-1,2021-07-01,2021,2021-07
2021-07-01 10:19:00,72.8,S2,S2_LV-1,2021-07-01,2021,2021-07
2021-07-02 09:34:00,72.8,S2,S2_LV-2,2021-07-02,2021,2021-07
2021-07-02 09:38:00,-87.2,S2,S2_LV-1,2021-07-02,2021,2021-07
2021-07-05 11:23:00,72.8,S2,S2_LV-3,2021-07-05,2021,2021-07
2021-07-06 09:08:00,-87.2,S2,S2_LV-1,2021-07-06,2021,2021-07
2021-07-06 09:12:00,72.8,S2,S2_LV-1,2021-07-06,2021,2021-07
2021-07-06 09:46:00,72.8,S2,S2_LV-2,2021-07-06,2021,2021-07
2021-07-06 11:04:00,-87.2,S2,S2_LV-1,2021-07-06,2021,2021-07
2021-07-06 11:09:00,72.8,S2,S2_LV-1,2021-07-06,2021,2021-07
2021-07-06 12:21:00,72.8,S2,S2_LV-1,2021-07-06,2021,2021-07
2021-07-07 09:46:00,-1007.2,S3,S3_C,2021-07-07,2021,2021-07
2021-07-08 09:39:00,142.8,S2,S2_HV-1,2021-07-08,2021,2021-07
2021-07-08 11:00:00,142.8,S2,S2_HV-1,2021-07-08,2021,2021-07
2021-07-08 12:25:00,-157.2,S2,S2_HV-1,2021-07-08,2021,2021-07
2021-07-14 11:50:00,-157.2,S2,S2_HV-1,2021-07-14,2021,2021-07
2021-07-14 12:00:00,142.8,S2,S2_HV-1,2021-07-14,2021,2021-07
2021-07-16 10:14:00,142.8,S2,S2_HV-1,2021-07-16,2021,2021-07
2021-07-16 11:07:00,-157.2,S2,S2_HV-1,2021-07-16,2021,2021-07
2021-07-19 09:02:00,142.8,S2,S2_HV-1,2021-07-19,2021,2021-07
2021-07-19 09:35:00,142.8,S2,S2_HV-1,2021-07-19,2021,2021-07
2021-07-19 09:36:00,142.8,S2,S2_HV-2,2021-07-19,2021,2021-07
2021-07-19 09:52:00,142.8,S2,S2_HV-1,2021-07-19,2021,2021-07
2021-07-19 10:20:00,-157.2,S2,S2_HV-2,2021-07-19,2021,2021-07
2021-07-19 11:08:00,-157.2,S2,S2_HV-1,2021-07-19,2021,2021-07
2021-07-19 12:51:00,-157.2,S2,S2_HV-2,2021-07-19,2021,2021-07
2021-07-19 13:16:00,-157.2,S2,S2_HV-1,2021-07-19,2021,2021-07
2021-07-20 09:41:00,142.8,S2,S2_HV-1,2021-07-20,2021,2021-07
2021-07-20 13:32:00,142.8,S2,S2_HV-1,2021-07-20,2021,2021-07
2021-07-22 09:39:00,-157.2,S2,S2_HV-1,2021-07-22,2021,2021-07
2021-07-29 09:29:00,72.8,S2,S2_LV-3,2021-07-29,2021,2021-07
2021-07-29 11:31:00,72.8,S2,S2_LV-1,2021-07-29,2021,2021-07
2021-07-30 10:38:00,-87.2,S2,S2_LV-1,2021-07-30,2021,2021-07
2021-08-02 09:55:00,-87.2,S2,S2_LV-2,2021-08-02,2021,2021-08
2021-08-02 09:57:00,72.8,S2,S2_LV-1,2021-08-02,2021,2021-08
2021-08-02 10:39:00,72.8,S2,S2_LV-1,2021-08-02,2021,2021-08
2021-08-02 11:02:00,72.8,S2,S2_LV-1,2021-08-02,2021,2021-08
2021-08-02 11:42:00,-87.2,S2,S2_LV-1,2021-08-02,2021,2021-08
2021-08-03 09:07:00,72.8,S2,S2_LV-1,2021-08-03,2021,2021-08
2021-08-03 09:41:00,72.8,S2,S2_LV-2,2021-08-03,2021,2021-08
2021-08-03 10:11:00,72.8,S2,S2_LV-1,2021-08-03,2021,2021-08
2021-08-03 11:43:00,-87.2,S2,S2_LV-1,2021-08-03,2021,2021-08
2021-08-04 09:05:00,-87.2,S2,S2_LV-1,2021-08-04,2021,2021-08
2021-08-04 09:05:00,-87.2,S2,S2_LV-3,2021-08-04,2021,2021-08
2021-08-04 09:19:00,72.8,S2,S2_LV-3,2021-08-04,2021,2021-08
2021-08-04 09:30:00,-87.2,S2,S2_LV-1,2021-08-04,2021,2021-08
2021-08-04 10:16:00,72.8,S2,S2_LV-2,2021-08-04,2021,2021-08
2021-08-04 12:57:00,72.8,S2,S2_LV-1,2021-08-04,2021,2021-08
2021-08-05 09:06:00,142.8,S2,S2_HV-2,2021-08-05,2021,2021-08
2021-08-05 09:13:00,-157.2,S2,S2_HV-1,2021-08-05,2021,2021-08
2021-08-05 09:45:00,142.8,S2,S2_HV-1,2021-08-05,2021,2021-08
2021-08-06 09:04:00,142.8,S2,S2_HV-1,2021-08-06,2021,2021-08
2021-08-06 09:16:00,142.8,S2,S2_HV-2,2021-08-06,2021,2021-08
2021-08-06 09:51:00,-157.2,S2,S2_HV-2,2021-08-06,2021,2021-08
2021-08-06 09:52:00,-157.2,S2,S2_HV-2,2021-08-06,2021,2021-08
2021-08-06 10:11:00,142.8,S2,S2_HV-1,2021-08-06,2021,2021-08
2021-08-06 11:00:00,-157.2,S2,S2_HV-1,2021-08-06,2021,2021-08
2021-08-06 11:20:00,142.8,S2,S2_HV-1,2021-08-06,2021,2021-08
2021-08-09 09:22:00,142.8,S2,S2_HV-1,2021-08-09,2021,2021-08
2021-08-09 10:55:00,142.8,S2,S2_HV-1,2021-08-09,2021,2021-08
2021-08-10 09:32:00,142.8,S2,S2_HV-1,2021-08-10,2021,2021-08
2021-08-10 10:44:00,-157.2,S2,S2_HV-1,2021-08-10,2021,2021-08
2021-08-11 09:03:00,142.8,S2,S2_HV-1,2021-08-11,2021,2021-08
2021-08-11 09:13:00,-157.2,S2,S2_HV-2,2021-08-11,2021,2021-08
2021-08-11 10:49:00,-157.2,S2,S2_HV-1,2021-08-11,2021,2021-08
2021-08-11 13:03:00,142.8,S2,S2_HV-1,2021-08-11,2021,2021-08
2021-08-13 09:35:00,142.8,S2,S2_HV-1,2021-08-13,2021,2021-08
2021-08-13 12:15:00,142.8,S2,S2_HV-1,2021-08-13,2021,2021-08
2021-08-16 09:02:00,-87.2,S2,S2_LV-1,2021-08-16,2021,2021-08
2021-08-16 09:48:00,-87.2,S2,S2_LV-1,2021-08-16,2021,2021-08
2021-08-16 10:31:00,-87.2,S2,S2_LV-2,2021-08-16,2021,2021-08
2021-08-16 11:15:00,-87.2,S2,S2_LV-1,2021-08-16,2021,2021-08
2021-08-16 11:38:00,-87.2,S2,S2_LV-1,2021-08-16,2021,2021-08
2021-08-17 10:41:00,-157.2,S2,S2_HV-1,2021-08-17,2021,2021-08
2021-08-17 12:20:00,142.8,S2,S2_HV-2,2021-08-17,2021,2021-08
2021-08-18 09:10:00,142.8,S2,S2_HV-1,2021-08-18,2021,2021-08
2021-08-18 09:33:00,142.8,S2,S2_HV-2,2021-08-18,2021,2021-08
2021-08-18 09:54:00,-157.2,S2,S2_HV-2,2021-08-18,2021,2021-08
2021-08-18 10:30:00,142.8,S2,S2_HV-1,2021-08-18,2021,2021-08
2021-08-19 09:16:00,72.8,S2,S2_LV-1,2021-08-19,2021,2021-08
2021-08-19 09:48:00,72.8,S2,S2_LV-2,2021-08-19,2021,2021-08
2021-08-19 10:36:00,72.8,S2,S2_LV-3,2021-08-19,2021,2021-08
2021-08-19 10:46:00,-87.2,S2,S2_LV-1,2021-08-19,2021,2021-08
2021-08-19 10:59:00,72.8,S2,S2_LV-1,2021-08-19,2021,2021-08
2021-08-20 10:06:00,142.8,S2,S2_HV-1,2021-08-20,2021,2021-08
2021-08-23 09:01:00,442.80000000000285,S3,S3_C,2021-08-23,2021,2021-08
2021-08-23 09:03:00,-157.2,S2,S2_HV-1,2021-08-23,2021,2021-08
2021-08-23 11:10:00,142.8,S2,S2_HV-1,2021-08-23,2021,2021-08
2021-08-24 09:52:00,-157.2,S2,S2_HV-1,2021-08-24,2021,2021-08
2021-08-25 09:10:00,142.8,S2,S2_HV-1,2021-08-25,2021,2021-08
2021-08-25 09:46:00,142.8,S2,S2_HV-1,2021-08-25,2021,2021-08
2021-08-26 09:24:00,-87.2,S2,S2_LV-3,2021-08-26,2021,2021-08
2021-08-26 09:25:00,72.8,S2,S2_LV-3,2021-08-26,2021,2021-08
2021-08-26 09:46:00,-87.2,S2,S2_LV-1,2021-08-26,2021,2021-08
2021-08-26 10:28:00,-87.2,S2,S2_LV-2,2021-08-26,2021,2021-08
2021-08-27 10:18:00,-87.2,S2,S2_LV-1,2021-08-27,2021,2021-08
2021-08-30 09:37:00,72.8,S2,S2_LV-1,2021-08-30,2021,2021-08
2021-08-30 09:41:00,72.8,S2,S2_LV-3,2021-08-30,2021,2021-08
2021-08-30 13:00:00,-87.2,S2,S2_LV-2,2021-08-30,2021,2021-08
2021-08-31 09:04:00,72.8,S2,S2_LV-1,2021-08-31,2021,2021-08
2021-08-31 09:46:00,72.8,S2,S2_LV-2,2021-08-31,2021,2021-08
2021-08-31 09:56:00,-377.1951171875,S3,S3_B,2021-08-31,2021,2021-08
2021-08-31 12:41:00,42.79999999999716,S2,S2_LV-1,2021-08-31,2021,2021-08
2021-09-02 09:02:00,242.8,S3,S3_B,2021-09-02,2021,2021-09
2021-09-02 09:23:00,242.8,S3,S3_B,2021-09-02,2021,2021-09
2021-09-02 09:30:00,242.8,S3,S3_B,2021-09-02,2021,2021-09
2021-09-02 09:46:00,242.8,S3,S3_B,2021-09-02,2021,2021-09
2021-09-02 10:58:00,-307.19542236328124,S3,S3_B,2021-09-02,2021,2021-09
2021-09-02 10:59:00,-87.2,S2,S2_LV-1,2021-09-02,2021,2021-09
2021-09-03 09:37:00,72.8,S2,S2_LV-1,2021-09-03,2021,2021-09
2021-09-03 10:27:00,-87.2,S2,S2_LV-2,2021-09-03,2021,2021-09
2021-09-03 12:56:00,-87.2,S2,S2_LV-1,2021-09-03,2021,2021-09
2021-09-07 09:14:00,242.8,S3,S3_B,2021-09-07,2021,2021-09
2021-09-07 09:32:00,242.8,S3,S3_B,2021-09-07,2021,2021-09
2021-09-07 09:37:00,-807.1999999999972,S3,S3_B,2021-09-07,2021,2021-09
2021-09-07 12:37:00,-427.1981689453125,S3,S3_B,2021-09-07,2021,2021-09
2021-09-10 09:58:00,72.8,S2,S2_LV-1,2021-09-10,2021,2021-09
2021-09-10 10:10:00,72.8,S2,S2_LV-2,2021-09-10,2021,2021-09
2021-09-13 09:08:00,-87.2,S2,S2_LV-1,2021-09-13,2021,2021-09
2021-09-13 11:13:00,72.8,S2,S2_LV-2,2021-09-13,2021,2021-09
2021-09-14 09:08:00,72.8,S2,S2_LV-1,2021-09-14,2021,2021-09
2021-09-14 09:36:00,72.8,S2,S2_LV-2,2021-09-14,2021,2021-09
2021-09-14 11:08:00,72.8,S2,S2_LV-1,2021-09-14,2021,2021-09
2021-09-15 09:41:00,72.8,S2,S2_LV-1,2021-09-15,2021,2021-09
2021-09-15 10:07:00,72.8,S2,S2_LV-3,2021-09-15,2021,2021-09
2021-09-15 10:52:00,-87.2,S2,S2_LV-1,2021-09-15,2021,2021-09
2021-09-16 09:18:00,-87.2,S2,S2_LV-3,2021-09-16,2021,2021-09
2021-09-16 09:52:00,72.8,S2,S2_LV-2,2021-09-16,2021,2021-09
2021-09-16 09:53:00,-87.2,S2,S2_LV-1,2021-09-16,2021,2021-09
2021-09-17 09:07:00,-87.2,S2,S2_LV-1,2021-09-17,2021,2021-09
2021-09-17 09:16:00,72.8,S2,S2_LV-1,2021-09-17,2021,2021-09
2021-09-17 10:05:00,72.8,S2,S2_LV-2,2021-09-17,2021,2021-09
2021-09-20 09:46:00,-87.2,S2,S2_LV-1,2021-09-20,2021,2021-09
2021-09-20 10:21:00,72.8,S2,S2_LV-1,2021-09-20,2021,2021-09
2021-09-20 12:58:00,72.8,S2,S2_LV-2,2021-09-20,2021,2021-09
2021-09-21 09:08:00,72.8,S2,S2_LV-1,2021-09-21,2021,2021-09
2021-09-21 10:04:00,-87.2,S2,S2_LV-2,2021-09-21,2021,2021-09
2021-09-21 10:15:00,72.8,S2,S2_LV-1,2021-09-21,2021,2021-09
2021-09-21 10:48:00,-87.2,S2,S2_LV-1,2021-09-21,2021,2021-09
2021-09-22 09:03:00,72.8,S2,S2_LV-1,2021-09-22,2021,2021-09
2021-09-22 09:08:00,242.8,S3,S3_B,2021-09-22,2021,2021-09
2021-09-22 09:13:00,72.8,S2,S2_LV-3,2021-09-22,2021,2021-09
2021-09-22 12:37:00,-37.20640869140625,S3,S3_B,2021-09-22,2021,2021-09
2021-09-22 12:54:00,-87.2,S2,S2_LV-3,2021-09-22,2021,2021-09
2021-09-24 09:03:00,72.8,S2,S2_LV-1,2021-09-24,2021,2021-09
2021-09-24 11:25:00,-87.2,S2,S2_LV-3,2021-09-24,2021,2021-09
2021-09-24 13:44:00,-87.2,S2,S2_LV-1,2021-09-24,2021,2021-09
2021-09-27 09:32:00,72.8,S2,S2_LV-1,2021-09-27,2021,2021-09
2021-09-28 09:49:00,72.8,S2,S2_LV-1,2021-09-28,2021,2021-09
2021-09-28 10:01:00,72.8,S2,S2_LV-1,2021-09-28,2021,2021-09
2021-09-28 10:26:00,-87.2,S2,S2_LV-2,2021-09-28,2021,2021-09
2021-09-28 11:30:00,72.8,S2,S2_LV-1,2021-09-28,2021,2021-09
2021-09-29 09:04:00,72.8,S2,S2_LV-1,2021-09-29,2021,2021-09
2021-09-29 10:51:00,72.8,S2,S2_LV-1,2021-09-29,2021,2021-09
2021-09-29 11:12:00,72.8,S2,S2_LV-3,2021-09-29,2021,2021-09
2021-09-30 09:34:00,72.8,S2,S2_LV-1,2021-09-30,2021,2021-09
2021-09-30 09:39:00,-87.2,S2,S2_LV-2,2021-09-30,2021,2021-09
2021-09-30 10:28:00,-87.2,S2,S2_LV-1,2021-09-30,2021,2021-09
2021-09-30 11:08:00,72.8,S2,S2_LV-1,2021-09-30,2021,2021-09
2021-09-30 11:08:00,72.8,S2,S2_LV-3,2021-09-30,2021,2021-09
2021-09-30 11:11:00,72.8,S2,S2_LV-3,2021-09-30,2021,2021-09
2021-09-30 11:51:00,72.8,S2,S2_LV-1,2021-09-30,2021,2021-09
2021-09-30 13:16:00,-87.2,S2,S2_LV-1,2021-09-30,2021,2021-09
2021-10-01 09:06:00,142.8,S2,S2_HV-2,2021-10-01,2021,2021-10
2021-10-01 09:07:00,142.8,S2,S2_HV-1,2021-10-01,2021,2021-10
2021-10-01 10:33:00,-7.2,S2,S2_HV-2,2021-10-01,2021,2021-10
2021-10-04 09:07:00,-157.2,S2,S2_HV-1,2021-10-04,2021,2021-10
2021-10-04 09:50:00,-157.2,S2,S2_HV-1,2021-10-04,2021,2021-10
2021-10-04 10:01:00,142.8,S2,S2_HV-2,2021-10-04,2021,2021-10
2021-10-05 10:18:00,142.8,S2,S2_HV-1,2021-10-05,2021,2021-10
2021-10-06 09:02:00,142.8,S2,S2_HV-1,2021-10-06,2021,2021-10
2021-10-06 09:46:00,142.8,S2,S2_HV-1,2021-10-06,2021,2021-10
2021-10-07 09:16:00,-157.2,S2,S2_HV-1,2021-10-07,2021,2021-10
2021-10-07 10:31:00,-157.2,S2,S2_HV-1,2021-10-07,2021,2021-10
2021-10-07 10:31:00,142.8,S2,S2_HV-2,2021-10-07,2021,2021-10
2021-10-07 10:44:00,142.8,S2,S2_HV-2,2021-10-07,2021,2021-10
2021-10-08 09:34:00,72.8,S2,S2_LV-3,2021-10-08,2021,2021-10
2021-10-08 09:34:00,72.8,S2,S2_LV-1,2021-10-08,2021,2021-10
2021-10-08 10:09:00,72.8,S2,S2_LV-1,2021-10-08,2021,2021-10
2021-10-08 13:33:00,72.8,S2,S2_LV-2,2021-10-08,2021,2021-10
2021-10-11 09:25:00,72.8,S2,S2_LV-1,2021-10-11,2021,2021-10
2021-10-11 10:04:00,-87.2,S2,S2_LV-1,2021-10-11,2021,2021-10
2021-10-12 09:12:00,72.8,S2,S2_LV-1,2021-10-12,2021,2021-10
2021-10-12 09:32:00,72.8,S2,S2_LV-3,2021-10-12,2021,2021-10
2021-10-12 09:53:00,72.8,S2,S2_LV-3,2021-10-12,2021,2021-10
2021-10-12 09:53:00,-87.2,S2,S2_LV-1,2021-10-12,2021,2021-10
2021-10-12 10:03:00,-87.2,S2,S2_LV-1,2021-10-12,2021,2021-10
2021-10-12 10:18:00,72.8,S2,S2_LV-1,2021-10-12,2021,2021-10
2021-10-12 10:24:00,-87.2,S2,S2_LV-3,2021-10-12,2021,2021-10
2021-10-13 11:23:00,-157.2,S2,S2_HV-2,2021-10-13,2021,2021-10
2021-10-13 12:48:00,-157.2,S2,S2_HV-2,2021-10-13,2021,2021-10
2021-10-14 11:00:00,-157.2,S2,S2_HV-1,2021-10-14,2021,2021-10
2021-10-18 09:49:00,-87.2,S2,S2_LV-1,2021-10-18,2021,2021-10
2021-10-18 09:57:00,72.8,S2,S2_LV-2,2021-10-18,2021,2021-10
2021-10-18 10:59:00,-87.2,S2,S2_LV-1,2021-10-18,2021,2021-10
2021-10-18 12:04:00,72.8,S2,S2_LV-1,2021-10-18,2021,2021-10
2021-10-19 09:08:00,-157.2,S2,S2_HV-1,2021-10-19,2021,2021-10
2021-10-19 09:26:00,-157.2,S2,S2_HV-1,2021-10-19,2021,2021-10
2021-10-19 11:43:00,142.8,S2,S2_HV-2,2021-10-19,2021,2021-10
2021-10-20 09:24:00,72.8,S2,S2_LV-3,2021-10-20,2021,2021-10
2021-10-20 09:32:00,72.8,S2,S2_LV-1,2021-10-20,2021,2021-10
2021-10-20 10:31:00,-87.2,S2,S2_LV-1,2021-10-20,2021,2021-10
2021-10-20 12:16:00,-87.2,S2,S2_LV-1,2021-10-20,2021,2021-10
2021-10-21 09:13:00,-157.2,S2,S2_HV-1,2021-10-21,2021,2021-10
2021-10-21 10:12:00,-157.2,S2,S2_HV-1,2021-10-21,2021,2021-10
2021-10-21 11:31:00,-157.2,S2,S2_HV-1,2021-10-21,2021,2021-10
2021-10-21 12:58:00,142.8,S2,S2_HV-1,2021-10-21,2021,2021-10
2021-10-22 09:37:00,-157.2,S2,S2_HV-1,2021-10-22,2021,2021-10
2021-10-22 09:37:00,-157.2,S2,S2_HV-2,2021-10-22,2021,2021-10
2021-10-25 09:06:00,142.8,S2,S2_HV-1,2021-10-25,2021,2021-10
2021-10-25 11:06:00,142.8,S2,S2_HV-1,2021-10-25,2021,2021-10
2021-10-26 10:21:00,142.8,S2,S2_HV-1,2021-10-26,2021,2021-10
2021-10-27 09:39:00,142.8,S2,S2_HV-2,2021-10-27,2021,2021-10
2021-10-27 10:04:00,142.8,S2,S2_HV-1,2021-10-27,2021,2021-10
2021-10-27 10:30:00,142.8,S2,S2_HV-1,2021-10-27,2021,2021-10
2021-10-27 10:46:00,-157.2,S2,S2_HV-1,2021-10-27,2021,2021-10
2021-10-27 12:39:00,142.8,S2,S2_HV-1,2021-10-27,2021,2021-10
2021-10-28 09:03:00,-157.2,S2,S2_HV-1,2021-10-28,2021,2021-10
2021-10-28 10:32:00,-157.2,S2,S2_HV-1,2021-10-28,2021,2021-10
2021-10-29 10:12:00,142.8,S2,S2_HV-1,2021-10-29,2021,2021-10
2021-11-03 09:16:00,142.8,S2,S2_HV-1,2021-11-03,2021,2021-11
2021-11-03 11:19:00,142.8,S2,S2_HV-1,2021-11-03,2021,2021-11
2021-11-04 14:02:00,-1007.2,S3,S3_C,2021-11-04,2021,2021-11
2021-11-05 09:01:00,142.8,S2,S2_HV-1,2021-11-05,2021,2021-11
2021-11-05 09:27:00,142.8,S2,S2_HV-1,2021-11-05,2021,2021-11
2021-11-05 14:27:00,142.8,S2,S2_HV-1,2021-11-05,2021,2021-11
2021-11-10 09:20:00,142.8,S2,S2_HV-1,2021-11-10,2021,2021-11
2021-11-10 10:42:00,142.8,S2,S2_HV-1,2021-11-10,2021,2021-11
2021-11-10 11:00:00,142.8,S2,S2_HV-1,2021-11-10,2021,2021-11
2021-11-10 12:12:00,142.8,S2,S2_HV-1,2021-11-10,2021,2021-11
2021-11-10 13:17:00,142.8,S2,S2_HV-1,2021-11-10,2021,2021-11
2021-11-12 09:04:00,-157.2,S2,S2_HV-1,2021-11-12,2021,2021-11
2021-11-12 09:23:00,-157.2,S2,S2_HV-1,2021-11-12,2021,2021-11
2021-11-12 12:00:00,142.8,S2,S2_HV-1,2021-11-12,2021,2021-11
2021-11-15 10:27:00,-157.2,S2,S2_HV-1,2021-11-15,2021,2021-11
2021-11-17 10:36:00,142.8,S2,S2_HV-1,2021-11-17,2021,2021-11
2021-11-17 11:12:00,142.8,S2,S2_HV-1,2021-11-17,2021,2021-11
2021-11-17 11:12:00,142.8,S2,S2_HV-2,2021-11-17,2021,2021-11
2021-11-17 13:19:00,142.8,S2,S2_HV-1,2021-11-17,2021,2021-11
2021-11-17 13:20:00,-157.2,S2,S2_HV-2,2021-11-17,2021,2021-11
2021-11-17 13:39:00,142.8,S2,S2_HV-2,2021-11-17,2021,2021-11
2021-11-18 10:25:00,-157.2,S2,S2_HV-2,2021-11-18,2021,2021-11
2021-11-19 09:03:00,142.8,S2,S2_HV-1,2021-11-19,2021,2021-11
2021-11-19 09:59:00,142.8,S2,S2_HV-1,2021-11-19,2021,2021-11
2021-11-19 11:23:00,142.8,S2,S2_HV-2,2021-11-19,2021,2021-11
2021-11-22 09:09:00,142.8,S2,S2_HV-1,2021-11-22,2021,2021-11
2021-11-22 09:27:00,142.8,S2,S2_HV-2,2021-11-22,2021,2021-11
2021-11-22 09:52:00,142.8,S2,S2_HV-1,2021-11-22,2021,2021-11
2021-11-22 11:44:00,142.8,S2,S2_HV-1,2021-11-22,2021,2021-11
2021-11-23 09:50:00,142.8,S2,S2_HV-1,2021-11-23,2021,2021-11
2021-11-23 10:25:00,142.8,S2,S2_HV-1,2021-11-23,2021,2021-11
2021-11-24 09:52:00,142.8,S2,S2_HV-1,2021-11-24,2021,2021-11
2021-11-26 09:03:00,142.8,S2,S2_HV-1,2021-11-26,2021,2021-11
2021-11-26 09:43:00,142.8,S2,S2_HV-1,2021-11-26,2021,2021-11
2021-11-26 10:04:00,142.8,S2,S2_HV-1,2021-11-26,2021,2021-11
2021-11-26 10:04:00,142.8,S2,S2_HV-2,2021-11-26,2021,2021-11
2021-11-26 10:15:00,142.8,S2,S2_HV-2,2021-11-26,2021,2021-11
2021-11-26 10:17:00,142.8,S2,S2_HV-2,2021-11-26,2021,2021-11
2021-11-26 10:33:00,142.8,S2,S2_HV-1,2021-11-26,2021,2021-11
2021-11-26 10:40:00,-157.2,S2,S2_HV-1,2021-11-26,2021,2021-11
2021-11-26 10:52:00,142.8,S2,S2_HV-1,2021-11-26,2021,2021-11
2021-11-29 09:01:00,-157.2,S2,S2_HV-1,2021-11-29,2021,2021-11
2021-11-29 09:52:00,-1007.2,S3,S3_C,2021-11-29,2021,2021-11
2021-11-30 09:24:00,142.8,S2,S2_HV-1,2021-11-30,2021,2021-11
2021-11-30 10:19:00,142.8,S2,S2_HV-1,2021-11-30,2021,2021-11
2021-11-30 10:58:00,142.8,S2,S2_HV-1,2021-11-30,2021,2021-11
2021-11-30 11:49:00,142.8,S2,S2_HV-1,2021-11-30,2021,2021-11
2021-11-30 11:56:00,-157.2,S2,S2_HV-1,2021-11-30,2021,2021-11
2021-11-30 11:56:00,142.8,S2,S2_HV-2,2021-11-30,2021,2021-11
2021-11-30 12:08:00,142.8,S2,S2_HV-1,2021-11-30,2021,2021-11
2021-11-30 13:05:00,142.8,S2,S2_HV-1,2021-11-30,2021,2021-11
2021-12-01 09:39:00,142.8,S2,S2_HV-1,2021-12-01,2021,2021-12
2021-12-01 09:51:00,142.8,S2,S2_HV-1,2021-12-01,2021,2021-12
2021-12-01 13:08:00,142.8,S2,S2_HV-1,2021-12-01,2021,2021-12
2021-12-01 13:08:00,-157.2,S2,S2_HV-2,2021-12-01,2021,2021-12
2021-12-01 13:43:00,142.8,S2,S2_HV-2,2021-12-01,2021,2021-12
2021-12-01 13:52:00,142.8,S2,S2_HV-1,2021-12-01,2021,2021-12
2021-12-02 09:03:00,-157.2,S2,S2_HV-1,2021-12-02,2021,2021-12
2021-12-02 09:06:00,142.8,S2,S2_HV-1,2021-12-02,2021,2021-12
2021-12-02 09:07:00,142.8,S2,S2_HV-2,2021-12-02,2021,2021-12
2021-12-02 09:10:00,142.8,S2,S2_HV-1,2021-12-02,2021,2021-12
2021-12-02 09:11:00,-157.2,S2,S2_HV-1,2021-12-02,2021,2021-12
2021-12-02 10:02:00,-157.2,S2,S2_HV-1,2021-12-02,2021,2021-12
2021-12-02 10:40:00,142.8,S2,S2_HV-1,2021-12-02,2021,2021-12
2021-12-02 10:49:00,142.8,S2,S2_HV-1,2021-12-02,2021,2021-12
2021-12-02 11:07:00,-157.2,S2,S2_HV-1,2021-12-02,2021,2021-12
2021-12-03 09:07:00,-157.2,S2,S2_HV-1,2021-12-03,2021,2021-12
2021-12-03 09:47:00,142.8,S2,S2_HV-1,2021-12-03,2021,2021-12
2021-12-03 10:57:00,142.8,S2,S2_HV-2,2021-12-03,2021,2021-12
2021-12-03 11:12:00,-157.2,S2,S2_HV-1,2021-12-03,2021,2021-12
2021-12-03 12:10:00,142.8,S2,S2_HV-2,2021-12-03,2021,2021-12
2021-12-03 12:38:00,-157.2,S2,S2_HV-1,2021-12-03,2021,2021-12
2021-12-03 13:40:00,142.8,S2,S2_HV-2,2021-12-03,2021,2021-12
2021-12-03 13:52:00,142.8,S2,S2_HV-1,2021-12-03,2021,2021-12
2021-12-06 09:38:00,-157.2,S2,S2_HV-1,2021-12-06,2021,2021-12
2021-12-06 10:00:00,142.8,S2,S2_HV-1,2021-12-06,2021,2021-12
2021-12-07 09:31:00,142.8,S2,S2_HV-1,2021-12-07,2021,2021-12
2021-12-07 09:35:00,442.80000000000285,S3,S3_D,2021-12-07,2021,2021-12
2021-12-07 10:31:00,-157.2,S2,S2_HV-1,2021-12-07,2021,2021-12
2021-12-07 11:03:00,-547.2009155273438,S3,S3_D,2021-12-07,2021,2021-12
2021-12-07 11:04:00,442.80000000000285,S3,S3_C,2021-12-07,2021,2021-12
2021-12-08 10:02:00,142.8,S2,S2_HV-1,2021-12-08,2021,2021-12
2021-12-08 10:45:00,442.80000000000285,S3,S3_D,2021-12-08,2021,2021-12
2021-12-08 12:11:00,142.8,S2,S2_HV-1,2021-12-08,2021,2021-12
2021-12-09 09:57:00,142.8,S2,S2_HV-1,2021-12-09,2021,2021-12
2021-12-10 09:29:00,142.8,S2,S2_HV-1,2021-12-10,2021,2021-12
2021-12-10 10:59:00,112.79999999999032,S3,S3_C,2021-12-10,2021,2021-12
2021-12-13 11:33:00,142.8,S2,S2_HV-1,2021-12-13,2021,2021-12
2021-12-14 09:02:00,-87.2,S2,S2_LV-1,2021-12-14,2021,2021-12
2021-12-14 09:33:00,72.8,S2,S2_LV-1,2021-12-14,2021,2021-12
2021-12-14 09:40:00,72.8,S2,S2_LV-2,2021-12-14,2021,2021-12
2021-12-15 10:30:00,-87.2,S2,S2_LV-1,2021-12-15,2021,2021-12
2021-12-15 12:02:00,72.8,S2,S2_LV-2,2021-12-15,2021,2021-12
2021-12-15 12:33:00,72.8,S2,S2_LV-1,2021-12-15,2021,2021-12
2021-12-16 09:04:00,72.8,S2,S2_LV-1,2021-12-16,2021,2021-12
2021-12-16 10:08:00,-87.2,S2,S2_LV-1,2021-12-16,2021,2021-12
2021-12-16 10:08:00,-87.2,S2,S2_LV-3,2021-12-16,2021,2021-12
2021-12-16 11:10:00,72.8,S2,S2_LV-1,2021-12-16,2021,2021-12
2021-12-16 11:24:00,-87.2,S2,S2_LV-2,2021-12-16,2021,2021-12
2021-12-16 11:30:00,72.8,S2,S2_LV-1,2021-12-16,2021,2021-12
2021-12-17 09:07:00,-87.2,S2,S2_LV-1,2021-12-17,2021,2021-12
2021-12-17 09:33:00,72.8,S2,S2_LV-2,2021-12-17,2021,2021-12
2021-12-17 10:30:00,72.8,S2,S2_LV-1,2021-12-17,2021,2021-12
2021-12-17 10:45:00,72.8,S2,S2_LV-1,2021-12-17,2021,2021-12
2021-12-17 10:47:00,72.8,S2,S2_LV-3,2021-12-17,2021,2021-12
2021-12-17 11:33:00,442.80000000000285,S3,S3_C,2021-12-17,2021,2021-12
2021-12-20 09:53:00,72.8,S2,S2_LV-1,2021-12-20,2021,2021-12
2021-12-20 10:02:00,72.8,S2,S2_LV-1,2021-12-20,2021,2021-12
2021-12-20 10:49:00,-87.2,S2,S2_LV-1,2021-12-20,2021,2021-12
2021-12-20 10:49:00,72.8,S2,S2_LV-3,2021-12-20,2021,2021-12
2021-12-21 09:02:00,-157.2,S2,S2_HV-1,2021-12-21,2021,2021-12
2021-12-21 09:39:00,142.8,S2,S2_HV-1,2021-12-21,2021,2021-12
2021-12-23 09:29:00,142.8,S2,S2_HV-1,2021-12-23,2021,2021-12
2021-12-28 11:06:00,142.8,S2,S2_HV-1,2021-12-28,2021,2021-12
2021-12-29 11:15:00,142.8,S2,S2_HV-1,2021-12-29,2021,2021-12
2021-12-29 12:37:00,-157.2,S2,S2_HV-1,2021-12-29,2021,2021-12
2021-12-30 12:08:00,22.800000000001138,S2,S2_HV-1,2021-12-30,2021,2021-12
2022-01-03 11:51:00,142.8,S2,S2_HV-1,2022-01-03,2022,2022-01
2022-01-04 09:52:00,142.8,S2,S2_HV-2,2022-01-04,2022,2022-01
2022-01-04 09:57:00,-157.2,S2,S2_HV-1,2022-01-04,2022,2022-01
2022-01-04 11:01:00,142.8,S2,S2_HV-1,2022-01-04,2022,2022-01
2022-01-05 09:48:00,142.8,S2,S2_HV-1,2022-01-05,2022,2022-01
2022-01-06 09:05:00,72.8,S2,S2_LV-1,2022-01-06,2022,2022-01
2022-01-06 09:35:00,72.8,S2,S2_LV-2,2022-01-06,2022,2022-01
2022-01-06 10:56:00,72.8,S2,S2_LV-1,2022-01-06,2022,2022-01
2022-01-07 09:46:00,-87.2,S2,S2_LV-2,2022-01-07,2022,2022-01
2022-01-07 09:57:00,72.8,S2,S2_LV-1,2022-01-07,2022,2022-01
2022-01-07 10:52:00,-87.2,S2,S2_LV-1,2022-01-07,2022,2022-01
2022-01-10 09:33:00,-87.2,S2,S2_LV-3,2022-01-10,2022,2022-01
2022-01-10 10:11:00,-87.2,S2,S2_LV-1,2022-01-10,2022,2022-01
2022-01-10 10:38:00,72.8,S2,S2_LV-1,2022-01-10,2022,2022-01
2022-01-11 09:03:00,72.8,S2,S2_LV-3,2022-01-11,2022,2022-01
2022-01-11 09:06:00,-87.2,S2,S2_LV-1,2022-01-11,2022,2022-01
2022-01-11 09:29:00,72.8,S2,S2_LV-1,2022-01-11,2022,2022-01
2022-01-11 09:37:00,-87.2,S2,S2_LV-2,2022-01-11,2022,2022-01
2022-01-11 09:43:00,-87.2,S2,S2_LV-1,2022-01-11,2022,2022-01
2022-01-11 11:31:00,72.8,S2,S2_LV-3,2022-01-11,2022,2022-01
2022-01-11 11:33:00,72.8,S2,S2_LV-1,2022-01-11,2022,2022-01
2022-01-11 12:53:00,72.8,S2,S2_LV-1,2022-01-11,2022,2022-01
2022-01-12 10:05:00,142.8,S2,S2_HV-1,2022-01-12,2022,2022-01
2022-01-12 10:37:00,-157.2,S2,S2_HV-1,2022-01-12,2022,2022-01
2022-01-12 11:39:00,142.8,S2,S2_HV-2,2022-01-12,2022,2022-01
2022-01-13 09:12:00,-157.2,S2,S2_HV-1,2022-01-13,2022,2022-01
2022-01-13 11:04:00,142.8,S2,S2_HV-1,2022-01-13,2022,2022-01
2022-01-14 09:49:00,-157.2,S2,S2_HV-2,2022-01-14,2022,2022-01
2022-01-14 11:31:00,-157.2,S2,S2_HV-2,2022-01-14,2022,2022-01
2022-01-14 13:12:00,142.8,S2,S2_HV-2,2022-01-14,2022,2022-01
2022-01-18 10:13:00,142.8,S2,S2_HV-1,2022-01-18,2022,2022-01
2022-01-19 09:02:00,72.8,S2,S2_LV-1,2022-01-19,2022,2022-01
2022-01-19 09:31:00,72.8,S2,S2_LV-3,2022-01-19,2022,2022-01
2022-01-19 09:34:00,72.8,S2,S2_LV-3,2022-01-19,2022,2022-01
2022-01-19 12:02:00,-87.2,S2,S2_LV-1,2022-01-19,2022,2022-01
2022-01-20 10:26:00,72.8,S2,S2_LV-1,2022-01-20,2022,2022-01
2022-01-20 11:06:00,72.8,S2,S2_LV-1,2022-01-20,2022,2022-01
2022-01-20 11:39:00,-87.2,S2,S2_LV-1,2022-01-20,2022,2022-01
2022-01-20 11:39:00,72.8,S2,S2_LV-3,2022-01-20,2022,2022-01
2022-01-21 09:27:00,-87.2,S2,S2_LV-1,2022-01-21,2022,2022-01
2022-01-21 09:41:00,72.8,S2,S2_LV-2,2022-01-21,2022,2022-01
2022-01-21 10:12:00,72.8,S2,S2_LV-1,2022-01-21,2022,2022-01
2022-01-24 09:20:00,72.8,S2,S2_LV-1,2022-01-24,2022,2022-01
2022-01-24 09:54:00,-87.2,S2,S2_LV-2,2022-01-24,2022,2022-01
2022-01-24 09:58:00,72.8,S2,S2_LV-1,2022-01-24,2022,2022-01
2022-01-24 10:06:00,72.8,S2,S2_LV-1,2022-01-24,2022,2022-01
2022-01-24 12:17:00,72.8,S2,S2_LV-1,2022-01-24,2022,2022-01
2022-01-25 09:16:00,142.8,S2,S2_HV-1,2022-01-25,2022,2022-01
2022-01-25 10:00:00,-157.2,S2,S2_HV-1,2022-01-25,2022,2022-01
2022-01-25 10:54:00,142.8,S2,S2_HV-1,2022-01-25,2022,2022-01
2022-01-26 09:44:00,142.8,S2,S2_HV-1,2022-01-26,2022,2022-01
2022-01-26 10:32:00,142.8,S2,S2_HV-1,2022-01-26,2022,2022-01
2022-01-26 13:35:00,-157.2,S2,S2_HV-1,2022-01-26,2022,2022-01
2022-01-27 09:06:00,142.8,S2,S2_HV-2,2022-01-27,2022,2022-01
2022-01-27 10:29:00,-157.2,S2,S2_HV-1,2022-01-27,2022,2022-01
2022-01-28 09:06:00,-157.2,S2,S2_HV-1,2022-01-28,2022,2022-01
2022-01-28 10:33:00,-157.2,S2,S2_HV-1,2022-01-28,2022,2022-01
2022-01-28 11:43:00,142.8,S2,S2_HV-1,2022-01-28,2022,2022-01
2022-01-31 10:03:00,142.8,S2,S2_HV-1,2022-01-31,2022,2022-01
2022-02-02 09:06:00,-157.2,S2,S2_HV-1,2022-02-02,2022,2022-02
2022-02-02 10:13:00,-157.2,S2,S2_HV-1,2022-02-02,2022,2022-02
2022-02-02 11:04:00,-157.2,S2,S2_HV-1,2022-02-02,2022,2022-02
2022-02-04 09:03:00,142.8,S2,S2_HV-1,2022-02-04,2022,2022-02
2022-02-04 09:44:00,-157.2,S2,S2_HV-2,2022-02-04,2022,2022-02
2022-02-04 09:50:00,142.8,S2,S2_HV-2,2022-02-04,2022,2022-02
2022-02-04 10:38:00,-157.2,S2,S2_HV-1,2022-02-04,2022,2022-02
2022-02-07 10:02:00,142.8,S2,S2_HV-1,2022-02-07,2022,2022-02
2022-02-07 11:31:00,-157.2,S2,S2_HV-1,2022-02-07,2022,2022-02
2022-02-08 09:04:00,142.8,S2,S2_HV-2,2022-02-08,2022,2022-02
2022-02-08 10:51:00,-157.2,S2,S2_HV-1,2022-02-08,2022,2022-02
2022-02-08 13:07:00,142.8,S2,S2_HV-1,2022-02-08,2022,2022-02
2022-02-09 09:36:00,142.8,S2,S2_HV-1,2022-02-09,2022,2022-02
2022-02-09 10:48:00,-157.2,S2,S2_HV-1,2022-02-09,2022,2022-02
2022-02-09 12:04:00,142.8,S2,S2_HV-1,2022-02-09,2022,2022-02
2022-02-10 09:18:00,-157.2,S2,S2_HV-1,2022-02-10,2022,2022-02
2022-02-10 09:46:00,142.8,S2,S2_HV-2,2022-02-10,2022,2022-02
2022-02-10 11:18:00,142.8,S2,S2_HV-1,2022-02-10,2022,2022-02
2022-02-10 11:54:00,142.8,S2,S2_HV-1,2022-02-10,2022,2022-02
2022-02-11 09:38:00,-157.2,S2,S2_HV-1,2022-02-11,2022,2022-02
2022-02-11 11:10:00,-157.2,S2,S2_HV-2,2022-02-11,2022,2022-02
2022-02-11 12:28:00,142.8,S2,S2_HV-2,2022-02-11,2022,2022-02
2022-02-11 13:33:00,142.8,S2,S2_HV-1,2022-02-11,2022,2022-02
2022-02-11 13:35:00,-157.2,S2,S2_HV-2,2022-02-11,2022,2022-02
2022-02-11 13:35:00,-157.2,S2,S2_HV-2,2022-02-11,2022,2022-02
2022-02-11 13:39:00,-157.2,S2,S2_HV-2,2022-02-11,2022,2022-02
2022-02-11 13:40:00,142.8,S2,S2_HV-1,2022-02-11,2022,2022-02
2022-02-11 13:43:00,142.8,S2,S2_HV-1,2022-02-11,2022,2022-02
2022-02-14 09:13:00,142.8,S2,S2_HV-1,2022-02-14,2022,2022-02
2022-02-14 09:44:00,-157.2,S2,S2_HV-2,2022-02-14,2022,2022-02
2022-02-14 10:13:00,-157.2,S2,S2_HV-1,2022-02-14,2022,2022-02
2022-02-14 10:14:00,-157.2,S2,S2_HV-2,2022-02-14,2022,2022-02
2022-02-14 10:22:00,142.8,S2,S2_HV-1,2022-02-14,2022,2022-02
2022-02-14 13:16:00,-157.2,S2,S2_HV-1,2022-02-14,2022,2022-02
2022-02-14 13:55:00,142.8,S2,S2_HV-1,2022-02-14,2022,2022-02
2022-02-14 13:57:00,142.8,S2,S2_HV-2,2022-02-14,2022,2022-02
2022-02-15 09:06:00,-157.2,S2,S2_HV-1,2022-02-15,2022,2022-02
2022-02-15 09:59:00,142.8,S2,S2_HV-1,2022-02-15,2022,2022-02
2022-02-15 11:42:00,-157.2,S2,S2_HV-1,2022-02-15,2022,2022-02
2022-02-15 12:07:00,142.8,S2,S2_HV-1,2022-02-15,2022,2022-02
2022-02-16 09:03:00,-157.2,S2,S2_HV-1,2022-02-16,2022,2022-02
2022-02-16 10:31:00,142.8,S2,S2_HV-1,2022-02-16,2022,2022-02
2022-02-16 10:54:00,142.8,S2,S2_HV-2,2022-02-16,2022,2022-02
2022-02-16 11:03:00,142.8,S2,S2_HV-2,2022-02-16,2022,2022-02
2022-02-16 11:47:00,142.8,S2,S2_HV-1,2022-02-16,2022,2022-02
2022-02-17 09:22:00,-157.2,S2,S2_HV-1,2022-02-17,2022,2022-02
2022-02-17 09:35:00,142.8,S2,S2_HV-1,2022-02-17,2022,2022-02
2022-02-17 09:46:00,142.8,S2,S2_HV-1,2022-02-17,2022,2022-02
2022-02-17 10:32:00,442.80000000000285,S3,S3_C,2022-02-17,2022,2022-02
2022-02-17 12:47:00,442.80000000000285,S3,S3_D,2022-02-17,2022,2022-02
2022-02-18 09:23:00,-157.2,S2,S2_HV-1,2022-02-18,2022,2022-02
2022-02-18 09:56:00,-157.2,S2,S2_HV-1,2022-02-18,2022,2022-02
2022-02-18 11:24:00,142.8,S2,S2_HV-1,2022-02-18,2022,2022-02
2022-02-18 12:31:00,-157.2,S2,S2_HV-1,2022-02-18,2022,2022-02
2022-02-21 10:33:00,142.8,S2,S2_HV-1,2022-02-21,2022,2022-02
2022-02-21 13:00:00,142.8,S2,S2_HV-1,2022-02-21,2022,2022-02
2022-02-21 13:04:00,-157.2,S2,S2_HV-1,2022-02-21,2022,2022-02
2022-02-21 13:22:00,142.8,S2,S2_HV-1,2022-02-21,2022,2022-02
2022-02-22 09:32:00,142.8,S2,S2_HV-1,2022-02-22,2022,2022-02
2022-02-22 09:55:00,-157.2,S2,S2_HV-1,2022-02-22,2022,2022-02
2022-02-22 10:40:00,-157.2,S2,S2_HV-1,2022-02-22,2022,2022-02
2022-02-22 11:10:00,142.8,S2,S2_HV-1,2022-02-22,2022,2022-02
2022-02-23 09:05:00,142.8,S2,S2_HV-1,2022-02-23,2022,2022-02
2022-02-23 10:12:00,142.8,S2,S2_HV-1,2022-02-23,2022,2022-02
2022-02-23 10:57:00,-157.2,S2,S2_HV-1,2022-02-23,2022,2022-02
2022-02-24 09:01:00,142.8,S2,S2_HV-1,2022-02-24,2022,2022-02
2022-02-24 09:07:00,-157.2,S2,S2_HV-1,2022-02-24,2022,2022-02
2022-02-24 09:39:00,-157.2,S2,S2_HV-1,2022-02-24,2022,2022-02
2022-02-24 09:56:00,142.8,S2,S2_HV-1,2022-02-24,2022,2022-02
2022-02-24 10:03:00,142.8,S2,S2_HV-1,2022-02-24,2022,2022-02
2022-02-24 10:44:00,142.8,S2,S2_HV-1,2022-02-24,2022,2022-02
2022-02-24 12:05:00,-157.2,S2,S2_HV-1,2022-02-24,2022,2022-02
2022-02-24 12:40:00,142.8,S2,S2_HV-1,2022-02-24,2022,2022-02
2022-02-24 13:15:00,142.8,S2,S2_HV-1,2022-02-24,2022,2022-02
2022-02-25 09:35:00,-157.2,S2,S2_HV-1,2022-02-25,2022,2022-02
2022-02-25 09:37:00,142.8,S2,S2_HV-1,2022-02-25,2022,2022-02
2022-02-25 09:52:00,142.8,S2,S2_HV-1,2022-02-25,2022,2022-02
2022-02-25 11:03:00,442.80000000000285,S3,S3_C,2022-02-25,2022,2022-02
2022-02-25 12:08:00,442.80000000000285,S3,S3_C,2022-02-25,2022,2022-02
2022-02-25 12:11:00,-157.2,S2,S2_HV-1,2022-02-25,2022,2022-02
2022-02-28 09:30:00,142.8,S2,S2_HV-1,2022-02-28,2022,2022-02
2022-02-28 10:17:00,-157.2,S2,S2_HV-1,2022-02-28,2022,2022-02
2022-02-28 12:32:00,-157.2,S2,S2_HV-2,2022-02-28,2022,2022-02
2022-02-28 12:45:00,-157.2,S2,S2_HV-1,2022-02-28,2022,2022-02
2022-02-28 13:32:00,142.8,S2,S2_HV-1,2022-02-28,2022,2022-02
2022-03-01 09:12:00,142.8,S2,S2_HV-1,2022-03-01,2022,2022-03
2022-03-01 09:19:00,-157.2,S2,S2_HV-1,2022-03-01,2022,2022-03
2022-03-01 09:35:00,142.8,S2,S2_HV-1,2022-03-01,2022,2022-03
2022-03-01 09:35:00,142.8,S2,S2_HV-2,2022-03-01,2022,2022-03
2022-03-01 09:44:00,142.8,S2,S2_HV-2,2022-03-01,2022,2022-03
2022-03-01 09:46:00,-157.2,S2,S2_HV-1,2022-03-01,2022,2022-03
2022-03-01 10:14:00,-157.2,S2,S2_HV-2,2022-03-01,2022,2022-03
2022-03-01 10:16:00,142.8,S2,S2_HV-1,2022-03-01,2022,2022-03
2022-03-01 10:32:00,142.8,S2,S2_HV-1,2022-03-01,2022,2022-03
2022-03-02 09:14:00,142.8,S2,S2_HV-1,2022-03-02,2022,2022-03
2022-03-02 09:38:00,-157.2,S2,S2_HV-1,2022-03-02,2022,2022-03
2022-03-02 09:55:00,142.8,S2,S2_HV-1,2022-03-02,2022,2022-03
2022-03-02 10:05:00,142.8,S2,S2_HV-1,2022-03-02,2022,2022-03
2022-03-02 10:24:00,142.8,S2,S2_HV-1,2022-03-02,2022,2022-03
2022-03-02 10:43:00,142.8,S2,S2_HV-1,2022-03-02,2022,2022-03
2022-03-02 10:55:00,-157.2,S2,S2_HV-1,2022-03-02,2022,2022-03
2022-03-02 10:59:00,-157.2,S2,S2_HV-1,2022-03-02,2022,2022-03
2022-03-02 11:02:00,142.8,S2,S2_HV-1,2022-03-02,2022,2022-03
2022-03-03 09:01:00,142.8,S2,S2_HV-1,2022-03-03,2022,2022-03
2022-03-03 09:03:00,142.8,S2,S2_HV-1,2022-03-03,2022,2022-03
2022-03-03 09:04:00,142.8,S2,S2_HV-2,2022-03-03,2022,2022-03
2022-03-03 09:06:00,-157.2,S2,S2_HV-1,2022-03-03,2022,2022-03
2022-03-03 09:08:00,-157.2,S2,S2_HV-1,2022-03-03,2022,2022-03
2022-03-03 09:08:00,-157.2,S2,S2_HV-2,2022-03-03,2022,2022-03
2022-03-03 09:18:00,142.8,S2,S2_HV-1,2022-03-03,2022,2022-03
2022-03-03 09:19:00,-157.2,S2,S2_HV-2,2022-03-03,2022,2022-03
2022-03-03 10:09:00,-157.2,S2,S2_HV-2,2022-03-03,2022,2022-03
2022-03-04 09:10:00,142.8,S2,S2_HV-1,2022-03-04,2022,2022-03
2022-03-04 09:33:00,142.8,S2,S2_HV-1,2022-03-04,2022,2022-03
2022-03-04 09:33:00,142.8,S2,S2_HV-2,2022-03-04,2022,2022-03
2022-03-04 09:47:00,142.8,S2,S2_HV-1,2022-03-04,2022,2022-03
2022-03-04 10:00:00,142.8,S2,S2_HV-2,2022-03-04,2022,2022-03
2022-03-04 10:01:00,-157.2,S2,S2_HV-1,2022-03-04,2022,2022-03
2022-03-04 10:48:00,142.8,S2,S2_HV-2,2022-03-04,2022,2022-03
2022-03-04 12:22:00,142.8,S2,S2_HV-1,2022-03-04,2022,2022-03
2022-03-07 09:02:00,-157.2,S2,S2_HV-1,2022-03-07,2022,2022-03
2022-03-07 09:09:00,-157.2,S2,S2_HV-1,2022-03-07,2022,2022-03
2022-03-07 09:17:00,-157.2,S2,S2_HV-1,2022-03-07,2022,2022-03
2022-03-07 09:29:00,142.8,S2,S2_HV-1,2022-03-07,2022,2022-03
2022-03-07 09:38:00,142.8,S2,S2_HV-1,2022-03-07,2022,2022-03
2022-03-07 10:05:00,142.8,S2,S2_HV-1,2022-03-07,2022,2022-03
2022-03-07 10:16:00,-157.2,S2,S2_HV-1,2022-03-07,2022,2022-03
2022-03-07 10:23:00,-157.2,S2,S2_HV-1,2022-03-07,2022,2022-03
2022-03-07 10:23:00,-157.2,S2,S2_HV-2,2022-03-07,2022,2022-03
2022-03-08 09:07:00,142.8,S2,S2_HV-1,2022-03-08,2022,2022-03
2022-03-08 09:16:00,142.8,S2,S2_HV-1,2022-03-08,2022,2022-03
2022-03-08 09:30:00,142.8,S2,S2_HV-1,2022-03-08,2022,2022-03
2022-03-08 09:37:00,142.8,S2,S2_HV-1,2022-03-08,2022,2022-03
2022-03-08 09:46:00,142.8,S2,S2_HV-2,2022-03-08,2022,2022-03
2022-03-08 09:46:00,142.8,S2,S2_HV-1,2022-03-08,2022,2022-03
2022-03-08 09:50:00,142.8,S2,S2_HV-1,2022-03-08,2022,2022-03
2022-03-08 09:52:00,142.8,S2,S2_HV-2,2022-03-08,2022,2022-03
2022-03-08 09:56:00,-157.2,S2,S2_HV-1,2022-03-08,2022,2022-03
2022-03-09 09:02:00,142.8,S2,S2_HV-1,2022-03-09,2022,2022-03
2022-03-09 09:08:00,-157.2,S2,S2_HV-1,2022-03-09,2022,2022-03
2022-03-09 09:43:00,-157.2,S2,S2_HV-2,2022-03-09,2022,2022-03
2022-03-09 09:43:00,142.8,S2,S2_HV-1,2022-03-09,2022,2022-03
2022-03-09 09:55:00,-157.2,S2,S2_HV-1,2022-03-09,2022,2022-03
2022-03-09 11:13:00,142.8,S2,S2_HV-1,2022-03-09,2022,2022-03
2022-03-09 12:14:00,142.8,S2,S2_HV-1,2022-03-09,2022,2022-03
2022-03-09 13:05:00,-157.2,S2,S2_HV-1,2022-03-09,2022,2022-03
2022-03-10 09:04:00,-157.2,S2,S2_HV-1,2022-03-10,2022,2022-03
2022-03-10 09:09:00,-157.2,S2,S2_HV-1,2022-03-10,2022,2022-03
2022-03-10 09:13:00,-157.2,S2,S2_HV-1,2022-03-10,2022,2022-03
2022-03-10 09:25:00,-157.2,S2,S2_HV-1,2022-03-10,2022,2022-03
2022-03-10 09:46:00,142.8,S2,S2_HV-1,2022-03-10,2022,2022-03
2022-03-10 09:53:00,142.8,S2,S2_HV-1,2022-03-10,2022,2022-03
2022-03-10 10:02:00,-157.2,S2,S2_HV-1,2022-03-10,2022,2022-03
2022-03-10 10:05:00,-157.2,S2,S2_HV-1,2022-03-10,2022,2022-03
2022-03-10 10:24:00,-157.2,S2,S2_HV-1,2022-03-10,2022,2022-03
2022-03-11 09:08:00,142.8,S2,S2_HV-1,2022-03-11,2022,2022-03
2022-03-11 09:25:00,142.8,S2,S2_HV-1,2022-03-11,2022,2022-03
2022-03-11 09:38:00,142.8,S2,S2_HV-1,2022-03-11,2022,2022-03
2022-03-11 10:12:00,142.8,S2,S2_HV-1,2022-03-11,2022,2022-03
2022-03-11 10:22:00,-1407.2000000000055,S3,S3_D,2022-03-11,2022,2022-03
2022-03-11 10:36:00,-157.2,S2,S2_HV-1,2022-03-11,2022,2022-03
2022-03-11 11:02:00,-157.2,S2,S2_HV-1,2022-03-11,2022,2022-03
2022-03-14 09:13:00,142.8,S2,S2_HV-1,2022-03-14,2022,2022-03
2022-03-14 09:17:00,-157.2,S2,S2_HV-1,2022-03-14,2022,2022-03
2022-03-14 09:44:00,142.8,S2,S2_HV-1,2022-03-14,2022,2022-03
2022-03-14 10:00:00,142.8,S2,S2_HV-1,2022-03-14,2022,2022-03
2022-03-14 10:11:00,142.8,S2,S2_HV-1,2022-03-14,2022,2022-03
2022-03-14 10:18:00,142.8,S2,S2_HV-1,2022-03-14,2022,2022-03
2022-03-14 10:33:00,142.8,S2,S2_HV-1,2022-03-14,2022,2022-03
2022-03-14 11:06:00,142.8,S2,S2_HV-1,2022-03-14,2022,2022-03
2022-03-14 11:10:00,442.80000000000285,S3,S3_D,2022-03-14,2022,2022-03
2022-03-15 09:07:00,142.8,S2,S2_HV-1,2022-03-15,2022,2022-03
2022-03-15 09:14:00,-157.2,S2,S2_HV-1,2022-03-15,2022,2022-03
2022-03-15 09:30:00,142.8,S2,S2_HV-1,2022-03-15,2022,2022-03
2022-03-15 10:07:00,-157.2,S2,S2_HV-1,2022-03-15,2022,2022-03
2022-03-15 10:10:00,-157.2,S2,S2_HV-1,2022-03-15,2022,2022-03
2022-03-15 10:32:00,142.8,S2,S2_HV-1,2022-03-15,2022,2022-03
2022-03-15 12:22:00,142.8,S2,S2_HV-1,2022-03-15,2022,2022-03
2022-03-15 13:04:00,142.8,S2,S2_HV-1,2022-03-15,2022,2022-03
2022-03-15 13:08:00,-157.2,S2,S2_HV-1,2022-03-15,2022,2022-03
2022-03-16 09:22:00,-157.2,S2,S2_HV-1,2022-03-16,2022,2022-03
2022-03-16 09:30:00,-157.2,S2,S2_HV-1,2022-03-16,2022,2022-03
2022-03-16 10:01:00,-157.2,S2,S2_HV-1,2022-03-16,2022,2022-03
2022-03-16 10:12:00,-157.2,S2,S2_HV-1,2022-03-16,2022,2022-03
2022-03-16 10:26:00,142.8,S2,S2_HV-1,2022-03-16,2022,2022-03
2022-03-16 10:30:00,-157.2,S2,S2_HV-1,2022-03-16,2022,2022-03
2022-03-16 11:24:00,142.8,S2,S2_HV-1,2022-03-16,2022,2022-03
2022-03-16 14:37:00,142.8,S2,S2_HV-1,2022-03-16,2022,2022-03
2022-03-17 09:04:00,142.8,S2,S2_HV-1,2022-03-17,2022,2022-03
2022-03-17 09:18:00,-157.2,S2,S2_HV-1,2022-03-17,2022,2022-03
2022-03-17 09:36:00,-157.2,S2,S2_HV-1,2022-03-17,2022,2022-03
2022-03-17 09:45:00,-157.2,S2,S2_HV-1,2022-03-17,2022,2022-03
2022-03-17 12:01:00,-157.2,S2,S2_HV-1,2022-03-17,2022,2022-03
2022-03-17 14:32:00,-157.2,S2,S2_HV-1,2022-03-17,2022,2022-03
2022-03-18 09:01:00,-157.2,S2,S2_HV-1,2022-03-18,2022,2022-03
2022-03-18 09:10:00,-157.2,S2,S2_HV-1,2022-03-18,2022,2022-03
2022-03-18 09:29:00,142.8,S2,S2_HV-1,2022-03-18,2022,2022-03
2022-03-18 09:40:00,-157.2,S2,S2_HV-1,2022-03-18,2022,2022-03
2022-03-21 09:41:00,-157.2,S2,S2_HV-2,2022-03-21,2022,2022-03
2022-03-21 09:53:00,142.8,S2,S2_HV-2,2022-03-21,2022,2022-03
2022-03-21 09:57:00,142.8,S2,S2_HV-2,2022-03-21,2022,2022-03
2022-03-21 10:02:00,-157.2,S2,S2_HV-1,2022-03-21,2022,2022-03
2022-03-21 11:21:00,-157.2,S2,S2_HV-1,2022-03-21,2022,2022-03
2022-03-21 12:39:00,142.8,S2,S2_HV-1,2022-03-21,2022,2022-03
2022-03-21 14:34:00,142.8,S2,S2_HV-1,2022-03-21,2022,2022-03
2022-03-22 09:06:00,142.8,S2,S2_HV-1,2022-03-22,2022,2022-03
2022-03-22 09:36:00,142.8,S2,S2_HV-1,2022-03-22,2022,2022-03
2022-03-22 09:49:00,142.8,S2,S2_HV-1,2022-03-22,2022,2022-03
2022-03-22 10:08:00,142.8,S2,S2_HV-1,2022-03-22,2022,2022-03
2022-03-22 10:36:00,142.8,S2,S2_HV-1,2022-03-22,2022,2022-03
2022-03-22 13:31:00,142.8,S2,S2_HV-1,2022-03-22,2022,2022-03
2022-03-23 09:16:00,142.8,S2,S2_HV-2,2022-03-23,2022,2022-03
2022-03-23 09:21:00,-157.2,S2,S2_HV-1,2022-03-23,2022,2022-03
2022-03-23 09:37:00,142.8,S2,S2_HV-1,2022-03-23,2022,2022-03
2022-03-23 09:41:00,142.8,S2,S2_HV-2,2022-03-23,2022,2022-03
2022-03-23 10:55:00,-157.2,S2,S2_HV-1,2022-03-23,2022,2022-03
2022-03-23 11:23:00,-157.2,S2,S2_HV-2,2022-03-23,2022,2022-03
2022-03-23 11:44:00,142.8,S2,S2_HV-1,2022-03-23,2022,2022-03
2022-03-23 11:44:00,142.8,S2,S2_HV-2,2022-03-23,2022,2022-03
2022-03-24 09:15:00,-157.2,S2,S2_HV-1,2022-03-24,2022,2022-03
2022-03-24 09:39:00,142.8,S2,S2_HV-1,2022-03-24,2022,2022-03
2022-03-24 10:01:00,-157.2,S2,S2_HV-1,2022-03-24,2022,2022-03
2022-03-24 10:16:00,142.8,S2,S2_HV-1,2022-03-24,2022,2022-03
2022-03-24 12:12:00,-157.2,S2,S2_HV-1,2022-03-24,2022,2022-03
2022-03-25 09:08:00,-157.2,S2,S2_HV-1,2022-03-25,2022,2022-03
2022-03-25 09:30:00,142.8,S2,S2_HV-1,2022-03-25,2022,2022-03
2022-03-25 09:30:00,-157.2,S2,S2_HV-2,2022-03-25,2022,2022-03
2022-03-25 09:42:00,142.8,S2,S2_HV-2,2022-03-25,2022,2022-03
2022-03-25 09:48:00,142.8,S2,S2_HV-1,2022-03-25,2022,2022-03
2022-03-25 10:47:00,-157.2,S2,S2_HV-1,2022-03-25,2022,2022-03
2022-03-25 11:05:00,142.8,S2,S2_HV-2,2022-03-25,2022,2022-03
2022-03-25 11:07:00,142.8,S2,S2_HV-1,2022-03-25,2022,2022-03
2022-03-25 11:29:00,142.8,S2,S2_HV-1,2022-03-25,2022,2022-03
2022-03-28 09:02:00,142.8,S2,S2_HV-1,2022-03-28,2022,2022-03
2022-03-28 09:11:00,142.8,S2,S2_HV-1,2022-03-28,2022,2022-03
2022-03-28 09:37:00,142.8,S2,S2_HV-1,2022-03-28,2022,2022-03
2022-03-28 09:48:00,142.8,S2,S2_HV-1,2022-03-28,2022,2022-03
2022-03-28 09:54:00,-157.2,S2,S2_HV-1,2022-03-28,2022,2022-03
2022-03-28 11:22:00,442.80000000000285,S3,S3_D,2022-03-28,2022,2022-03
2022-03-28 11:49:00,442.80000000000285,S3,S3_D,2022-03-28,2022,2022-03
2022-03-28 12:06:00,142.8,S2,S2_HV-1,2022-03-28,2022,2022-03
2022-03-28 12:35:00,442.80000000000285,S3,S3_C,2022-03-28,2022,2022-03
2022-03-29 09:03:00,-157.2,S2,S2_HV-1,2022-03-29,2022,2022-03
2022-03-29 09:14:00,142.8,S2,S2_HV-1,2022-03-29,2022,2022-03
2022-03-29 09:54:00,142.8,S2,S2_HV-1,2022-03-29,2022,2022-03
2022-03-29 10:00:00,-157.2,S2,S2_HV-1,2022-03-29,2022,2022-03
2022-03-29 10:24:00,142.8,S2,S2_HV-1,2022-03-29,2022,2022-03
2022-03-29 10:45:00,142.8,S2,S2_HV-1,2022-03-29,2022,2022-03
2022-03-29 10:53:00,142.8,S2,S2_HV-1,2022-03-29,2022,2022-03
2022-03-29 12:41:00,142.8,S2,S2_HV-1,2022-03-29,2022,2022-03
2022-03-29 13:00:00,442.80000000000285,S3,S3_C,2022-03-29,2022,2022-03
2022-03-30 09:01:00,-157.2,S2,S2_HV-1,2022-03-30,2022,2022-03
2022-03-30 09:02:00,442.80000000000285,S3,S3_C,2022-03-30,2022,2022-03
2022-03-30 09:38:00,-157.2,S2,S2_HV-1,2022-03-30,2022,2022-03
2022-03-30 10:33:00,142.8,S2,S2_HV-1,2022-03-30,2022,2022-03
2022-03-30 13:03:00,142.8,S2,S2_HV-1,2022-03-30,2022,2022-03
2022-03-30 13:49:00,-157.2,S2,S2_HV-1,2022-03-30,2022,2022-03
2022-03-31 09:01:00,142.8,S2,S2_HV-1,2022-03-31,2022,2022-03
2022-03-31 09:06:00,142.8,S2,S2_HV-1,2022-03-31,2022,2022-03
2022-03-31 09:08:00,442.80000000000285,S3,S3_D,2022-03-31,2022,2022-03
2022-03-31 09:14:00,-157.2,S2,S2_HV-1,2022-03-31,2022,2022-03
2022-03-31 09:30:00,142.8,S2,S2_HV-1,2022-03-31,2022,2022-03
2022-03-31 09:50:00,-1407.2000000000055,S3,S3_D,2022-03-31,2022,2022-03
2022-03-31 09:52:00,142.8,S2,S2_HV-1,2022-03-31,2022,2022-03
2022-03-31 10:00:00,142.8,S2,S2_HV-1,2022-03-31,2022,2022-03
2022-04-01 09:02:00,-157.2,S2,S2_HV-1,2022-04-01,2022,2022-04
2022-04-01 09:33:00,-157.2,S2,S2_HV-1,2022-04-01,2022,2022-04
2022-04-01 09:36:00,142.8,S2,S2_HV-1,2022-04-01,2022,2022-04
2022-04-01 09:59:00,142.8,S2,S2_HV-1,2022-04-01,2022,2022-04
2022-04-04 11:13:00,442.80000000000285,S3,S3_C,2022-04-04,2022,2022-04
2022-04-04 11:44:00,442.80000000000285,S3,S3_D,2022-04-04,2022,2022-04
2022-04-04 12:55:00,-937.2003051757812,S3,S3_D,2022-04-04,2022,2022-04
2022-04-06 09:28:00,442.80000000000285,S3,S3_C,2022-04-06,2022,2022-04
2022-04-06 11:13:00,442.80000000000285,S3,S3_D,2022-04-06,2022,2022-04
2022-04-06 11:21:00,442.80000000000285,S3,S3_D,2022-04-06,2022,2022-04
2022-04-06 11:32:00,442.80000000000285,S3,S3_D,2022-04-06,2022,2022-04
2022-04-07 09:01:00,-157.2,S2,S2_HV-1,2022-04-07,2022,2022-04
2022-04-07 09:03:00,142.8,S2,S2_HV-1,2022-04-07,2022,2022-04
2022-04-07 10:09:00,142.8,S2,S2_HV-1,2022-04-07,2022,2022-04
2022-04-07 10:09:00,-157.2,S2,S2_HV-2,2022-04-07,2022,2022-04
2022-04-07 11:07:00,-157.2,S2,S2_HV-1,2022-04-07,2022,2022-04
2022-04-07 11:08:00,-157.2,S2,S2_HV-2,2022-04-07,2022,2022-04
2022-04-07 11:24:00,142.8,S2,S2_HV-1,2022-04-07,2022,2022-04
2022-04-07 11:27:00,142.8,S2,S2_HV-2,2022-04-07,2022,2022-04
2022-04-07 11:28:00,142.8,S2,S2_HV-1,2022-04-07,2022,2022-04
2022-04-08 09:05:00,142.8,S2,S2_HV-2,2022-04-08,2022,2022-04
2022-04-08 09:10:00,142.8,S2,S2_HV-2,2022-04-08,2022,2022-04
2022-04-08 09:15:00,142.8,S2,S2_HV-1,2022-04-08,2022,2022-04
2022-04-08 10:13:00,142.8,S2,S2_HV-1,2022-04-08,2022,2022-04
2022-04-08 11:06:00,-157.2,S2,S2_HV-1,2022-04-08,2022,2022-04
2022-04-11 09:15:00,142.8,S2,S2_HV-1,2022-04-11,2022,2022-04
2022-04-11 09:41:00,142.8,S2,S2_HV-1,2022-04-11,2022,2022-04
2022-04-11 09:48:00,-157.2,S2,S2_HV-2,2022-04-11,2022,2022-04
2022-04-11 11:16:00,142.8,S2,S2_HV-1,2022-04-11,2022,2022-04
2022-04-12 09:02:00,142.8,S2,S2_HV-1,2022-04-12,2022,2022-04
2022-04-12 09:44:00,-157.2,S2,S2_HV-1,2022-04-12,2022,2022-04
2022-04-12 11:06:00,142.8,S2,S2_HV-1,2022-04-12,2022,2022-04
2022-04-12 11:48:00,-157.2,S2,S2_HV-1,2022-04-12,2022,2022-04
2022-04-12 13:52:00,52.80000000000227,S3,S3_C,2022-04-12,2022,2022-04
2022-04-13 09:08:00,142.8,S2,S2_HV-1,2022-04-13,2022,2022-04
2022-04-13 09:33:00,142.8,S2,S2_HV-1,2022-04-13,2022,2022-04
2022-04-13 10:55:00,442.80000000000285,S3,S3_C,2022-04-13,2022,2022-04
2022-04-13 11:59:00,142.8,S2,S2_HV-1,2022-04-13,2022,2022-04
2022-04-13 13:25:00,142.8,S2,S2_HV-1,2022-04-13,2022,2022-04
2022-04-18 09:06:00,442.80000000000285,S3,S3_C,2022-04-18,2022,2022-04
2022-04-18 09:11:00,142.8,S2,S2_HV-1,2022-04-18,2022,2022-04
2022-04-18 12:28:00,442.80000000000285,S3,S3_D,2022-04-18,2022,2022-04
2022-04-18 13:08:00,142.8,S2,S2_HV-1,2022-04-18,2022,2022-04
2022-04-18 13:08:00,442.80000000000285,S3,S3_C,2022-04-18,2022,2022-04
2022-04-18 13:19:00,-157.2,S2,S2_HV-1,2022-04-18,2022,2022-04
2022-04-19 13:17:00,-487.19999999998976,S3,S3_C,2022-04-19,2022,2022-04
2022-04-20 10:13:00,442.80000000000285,S3,S3_C,2022-04-20,2022,2022-04
2022-04-22 12:27:00,442.80000000000285,S3,S3_C,2022-04-22,2022,2022-04
2022-04-25 09:08:00,-157.2,S2,S2_HV-1,2022-04-25,2022,2022-04
2022-04-25 09:08:00,-157.2,S2,S2_HV-2,2022-04-25,2022,2022-04
2022-04-25 09:23:00,142.8,S2,S2_HV-2,2022-04-25,2022,2022-04
2022-04-25 09:34:00,-157.2,S2,S2_HV-1,2022-04-25,2022,2022-04
2022-04-25 09:36:00,-157.2,S2,S2_HV-2,2022-04-25,2022,2022-04
2022-04-25 09:42:00,142.8,S2,S2_HV-1,2022-04-25,2022,2022-04
2022-04-25 11:35:00,-157.2,S2,S2_HV-1,2022-04-25,2022,2022-04
2022-04-26 09:02:00,-157.2,S2,S2_HV-1,2022-04-26,2022,2022-04
2022-04-26 09:15:00,-157.2,S2,S2_HV-1,2022-04-26,2022,2022-04
2022-04-26 10:23:00,-157.2,S2,S2_HV-1,2022-04-26,2022,2022-04
2022-04-26 10:23:00,142.8,S2,S2_HV-2,2022-04-26,2022,2022-04
2022-04-26 11:26:00,142.8,S2,S2_HV-1,2022-04-26,2022,2022-04
2022-04-26 11:56:00,142.8,S2,S2_HV-1,2022-04-26,2022,2022-04
2022-04-26 12:30:00,-157.2,S2,S2_HV-1,2022-04-26,2022,2022-04
2022-04-26 13:02:00,-157.2,S2,S2_HV-1,2022-04-26,2022,2022-04
2022-04-26 13:36:00,-157.2,S2,S2_HV-1,2022-04-26,2022,2022-04
2022-04-27 09:05:00,142.8,S2,S2_HV-1,2022-04-27,2022,2022-04
2022-04-27 09:41:00,-157.2,S2,S2_HV-1,2022-04-27,2022,2022-04
2022-04-27 09:50:00,142.8,S2,S2_HV-1,2022-04-27,2022,2022-04
2022-04-27 11:13:00,142.8,S2,S2_HV-1,2022-04-27,2022,2022-04
2022-04-27 13:51:00,-547.2000000000063,S3,S3_C,2022-04-27,2022,2022-04
2022-04-29 09:34:00,142.8,S2,S2_HV-1,2022-04-29,2022,2022-04
2022-04-29 10:28:00,142.8,S2,S2_HV-1,2022-04-29,2022,2022-04
2022-04-29 11:19:00,-157.2,S2,S2_HV-1,2022-04-29,2022,2022-04
2022-05-03 09:35:00,142.8,S2,S2_HV-1,2022-05-03,2022,2022-05
2022-05-03 09:42:00,142.8,S2,S2_HV-1,2022-05-03,2022,2022-05
2022-05-03 10:22:00,142.8,S2,S2_HV-1,2022-05-03,2022,2022-05
2022-05-03 12:47:00,142.8,S2,S2_HV-1,2022-05-03,2022,2022-05
2022-05-04 09:33:00,142.8,S2,S2_HV-1,2022-05-04,2022,2022-05
2022-05-04 09:33:00,-157.2,S2,S2_HV-2,2022-05-04,2022,2022-05
2022-05-04 09:36:00,142.8,S2,S2_HV-1,2022-05-04,2022,2022-05
2022-05-04 10:09:00,142.8,S2,S2_HV-1,2022-05-04,2022,2022-05
2022-05-04 13:35:00,-157.2,S2,S2_HV-1,2022-05-04,2022,2022-05
2022-05-04 13:39:00,142.8,S2,S2_HV-1,2022-05-04,2022,2022-05
2022-05-04 13:40:00,142.8,S2,S2_HV-2,2022-05-04,2022,2022-05
2022-05-05 09:06:00,142.8,S2,S2_HV-2,2022-05-05,2022,2022-05
2022-05-05 09:09:00,142.8,S2,S2_HV-2,2022-05-05,2022,2022-05
2022-05-05 09:12:00,142.8,S2,S2_HV-1,2022-05-05,2022,2022-05
2022-05-05 09:20:00,142.8,S2,S2_HV-1,2022-05-05,2022,2022-05
2022-05-05 10:11:00,-157.2,S2,S2_HV-1,2022-05-05,2022,2022-05
2022-05-05 10:12:00,-157.2,S2,S2_HV-1,2022-05-05,2022,2022-05
2022-05-05 10:45:00,142.8,S2,S2_HV-1,2022-05-05,2022,2022-05
2022-05-05 11:12:00,142.8,S2,S2_HV-1,2022-05-05,2022,2022-05
2022-05-05 11:58:00,142.8,S2,S2_HV-1,2022-05-05,2022,2022-05
2022-05-06 09:02:00,-157.2,S2,S2_HV-1,2022-05-06,2022,2022-05
2022-05-06 09:13:00,142.8,S2,S2_HV-1,2022-05-06,2022,2022-05
2022-05-06 10:00:00,-157.2,S2,S2_HV-1,2022-05-06,2022,2022-05
2022-05-06 10:52:00,142.8,S2,S2_HV-2,2022-05-06,2022,2022-05
2022-05-06 10:59:00,142.8,S2,S2_HV-1,2022-05-06,2022,2022-05
2022-05-06 11:16:00,142.8,S2,S2_HV-2,2022-05-06,2022,2022-05
2022-05-09 09:15:00,142.8,S2,S2_HV-1,2022-05-09,2022,2022-05
2022-05-09 09:21:00,-157.2,S2,S2_HV-1,2022-05-09,2022,2022-05
2022-05-09 09:30:00,142.8,S2,S2_HV-1,2022-05-09,2022,2022-05
2022-05-09 09:46:00,-157.2,S2,S2_HV-1,2022-05-09,2022,2022-05
2022-05-09 10:25:00,142.8,S2,S2_HV-1,2022-05-09,2022,2022-05
2022-05-09 10:43:00,142.8,S2,S2_HV-1,2022-05-09,2022,2022-05
2022-05-09 11:02:00,142.8,S2,S2_HV-1,2022-05-09,2022,2022-05
2022-05-09 11:32:00,142.8,S2,S2_HV-1,2022-05-09,2022,2022-05
2022-05-09 12:03:00,142.8,S2,S2_HV-1,2022-05-09,2022,2022-05
2022-05-10 09:03:00,142.8,S2,S2_HV-1,2022-05-10,2022,2022-05
2022-05-10 09:07:00,142.8,S2,S2_HV-1,2022-05-10,2022,2022-05
2022-05-10 10:40:00,442.80000000000285,S3,S3_D,2022-05-10,2022,2022-05
2022-05-10 10:50:00,442.80000000000285,S3,S3_D,2022-05-10,2022,2022-05
2022-05-10 10:53:00,142.8,S2,S2_HV-1,2022-05-10,2022,2022-05
2022-05-10 11:11:00,142.8,S2,S2_HV-1,2022-05-10,2022,2022-05
2022-05-10 11:15:00,-157.2,S2,S2_HV-1,2022-05-10,2022,2022-05
2022-05-10 11:48:00,442.80000000000285,S3,S3_D,2022-05-10,2022,2022-05
2022-05-10 11:56:00,-157.2,S2,S2_HV-1,2022-05-10,2022,2022-05
2022-05-11 09:12:00,142.8,S2,S2_HV-1,2022-05-11,2022,2022-05
2022-05-11 09:35:00,-157.2,S2,S2_HV-1,2022-05-11,2022,2022-05
2022-05-11 09:41:00,142.8,S2,S2_HV-1,2022-05-11,2022,2022-05
2022-05-11 10:46:00,142.8,S2,S2_HV-1,2022-05-11,2022,2022-05
2022-05-11 12:39:00,142.8,S2,S2_HV-1,2022-05-11,2022,2022-05
2022-05-12 09:35:00,142.8,S2,S2_HV-1,2022-05-12,2022,2022-05
2022-05-12 10:12:00,-157.2,S2,S2_HV-1,2022-05-12,2022,2022-05
2022-05-12 10:18:00,-1007.2,S3,S3_C,2022-05-12,2022,2022-05
2022-05-12 10:22:00,142.8,S2,S2_HV-1,2022-05-12,2022,2022-05
2022-05-12 10:30:00,-157.2,S2,S2_HV-1,2022-05-12,2022,2022-05
2022-05-13 09:39:00,142.8,S2,S2_HV-1,2022-05-13,2022,2022-05
2022-05-13 09:59:00,-157.2,S2,S2_HV-1,2022-05-13,2022,2022-05
2022-05-13 10:25:00,142.8,S2,S2_HV-1,2022-05-13,2022,2022-05
2022-05-13 11:01:00,142.8,S2,S2_HV-1,2022-05-13,2022,2022-05
2022-05-13 12:29:00,442.80000000000285,S3,S3_C,2022-05-13,2022,2022-05
2022-05-16 09:22:00,-157.2,S2,S2_HV-1,2022-05-16,2022,2022-05
2022-05-16 10:30:00,142.8,S2,S2_HV-1,2022-05-16,2022,2022-05
2022-05-16 10:32:00,142.8,S2,S2_HV-2,2022-05-16,2022,2022-05
2022-05-16 12:08:00,-157.2,S2,S2_HV-2,2022-05-16,2022,2022-05
2022-05-16 12:51:00,142.8,S2,S2_HV-1,2022-05-16,2022,2022-05
2022-05-16 13:01:00,142.8,S2,S2_HV-2,2022-05-16,2022,2022-05
2022-05-16 13:03:00,142.8,S2,S2_HV-1,2022-05-16,2022,2022-05
2022-05-16 13:46:00,-157.2,S2,S2_HV-1,2022-05-16,2022,2022-05
2022-05-16 13:47:00,-157.2,S2,S2_HV-2,2022-05-16,2022,2022-05
2022-05-17 09:11:00,-157.2,S2,S2_HV-1,2022-05-17,2022,2022-05
2022-05-17 09:41:00,142.8,S2,S2_HV-1,2022-05-17,2022,2022-05
2022-05-17 09:47:00,142.8,S2,S2_HV-2,2022-05-17,2022,2022-05
2022-05-17 11:44:00,-157.2,S2,S2_HV-1,2022-05-17,2022,2022-05
2022-05-17 12:06:00,-157.2,S2,S2_HV-1,2022-05-17,2022,2022-05
2022-05-18 09:12:00,142.8,S2,S2_HV-1,2022-05-18,2022,2022-05
2022-05-18 09:33:00,-157.2,S2,S2_HV-1,2022-05-18,2022,2022-05
2022-05-18 09:50:00,142.8,S2,S2_HV-1,2022-05-18,2022,2022-05
2022-05-18 09:58:00,142.8,S2,S2_HV-1,2022-05-18,2022,2022-05
2022-05-18 10:39:00,142.8,S2,S2_HV-1,2022-05-18,2022,2022-05
2022-05-18 10:54:00,142.8,S2,S2_HV-1,2022-05-18,2022,2022-05
2022-05-18 11:16:00,-157.2,S2,S2_HV-1,2022-05-18,2022,2022-05
2022-05-18 11:25:00,-157.2,S2,S2_HV-1,2022-05-18,2022,2022-05
2022-05-18 12:10:00,142.8,S2,S2_HV-1,2022-05-18,2022,2022-05
2022-05-20 09:05:00,142.8,S2,S2_HV-2,2022-05-20,2022,2022-05
2022-05-20 09:07:00,-157.2,S2,S2_HV-1,2022-05-20,2022,2022-05
2022-05-20 09:31:00,142.8,S2,S2_HV-1,2022-05-20,2022,2022-05
2022-05-20 09:45:00,142.8,S2,S2_HV-1,2022-05-20,2022,2022-05
2022-05-20 09:47:00,142.8,S2,S2_HV-2,2022-05-20,2022,2022-05
2022-05-23 09:01:00,142.8,S2,S2_HV-1,2022-05-23,2022,2022-05
2022-05-23 09:23:00,142.8,S2,S2_HV-1,2022-05-23,2022,2022-05
2022-05-23 09:57:00,142.8,S2,S2_HV-1,2022-05-23,2022,2022-05
2022-05-23 10:30:00,142.8,S2,S2_HV-1,2022-05-23,2022,2022-05
2022-05-23 11:16:00,442.80000000000285,S3,S3_C,2022-05-23,2022,2022-05
2022-05-24 09:09:00,142.8,S2,S2_HV-1,2022-05-24,2022,2022-05
2022-05-24 09:44:00,142.8,S2,S2_HV-1,2022-05-24,2022,2022-05
2022-05-24 10:57:00,142.8,S2,S2_HV-1,2022-05-24,2022,2022-05
2022-05-24 12:01:00,142.8,S2,S2_HV-1,2022-05-24,2022,2022-05
2022-05-25 09:32:00,-157.2,S2,S2_HV-1,2022-05-25,2022,2022-05
2022-05-25 11:07:00,142.8,S2,S2_HV-1,2022-05-25,2022,2022-05
2022-05-25 11:17:00,142.8,S2,S2_HV-1,2022-05-25,2022,2022-05
2022-05-26 09:25:00,142.8,S2,S2_HV-1,2022-05-26,2022,2022-05
2022-05-26 09:33:00,142.8,S2,S2_HV-1,2022-05-26,2022,2022-05
2022-05-26 10:11:00,142.8,S2,S2_HV-1,2022-05-26,2022,2022-05
2022-05-26 11:00:00,142.8,S2,S2_HV-1,2022-05-26,2022,2022-05
2022-05-26 12:22:00,442.80000000000285,S3,S3_C,2022-05-26,2022,2022-05
2022-05-26 12:34:00,-157.2,S2,S2_HV-1,2022-05-26,2022,2022-05
2022-05-27 10:15:00,142.8,S2,S2_HV-1,2022-05-27,2022,2022-05
2022-05-27 12:58:00,142.8,S2,S2_HV-1,2022-05-27,2022,2022-05
2022-05-30 10:09:00,-157.2,S2,S2_HV-1,2022-05-30,2022,2022-05
2022-05-30 10:10:00,-157.2,S2,S2_HV-2,2022-05-30,2022,2022-05
2022-05-30 13:01:00,142.8,S2,S2_HV-1,2022-05-30,2022,2022-05
2022-05-30 13:05:00,142.8,S2,S2_HV-2,2022-05-30,2022,2022-05
2022-05-31 09:18:00,-157.2,S2,S2_HV-1,2022-05-31,2022,2022-05
2022-05-31 09:29:00,-157.2,S2,S2_HV-1,2022-05-31,2022,2022-05
2022-05-31 10:02:00,-157.2,S2,S2_HV-1,2022-05-31,2022,2022-05
2022-05-31 10:25:00,-157.2,S2,S2_HV-1,2022-05-31,2022,2022-05
2022-05-31 11:00:00,142.8,S2,S2_HV-1,2022-05-31,2022,2022-05
2022-05-31 11:57:00,-157.2,S2,S2_HV-1,2022-05-31,2022,2022-05
2022-06-01 09:09:00,142.8,S2,S2_HV-1,2022-06-01,2022,2022-06
2022-06-01 09:22:00,142.8,S2,S2_HV-2,2022-06-01,2022,2022-06
2022-06-01 09:35:00,142.8,S2,S2_HV-1,2022-06-01,2022,2022-06
2022-06-01 10:36:00,142.8,S2,S2_HV-1,2022-06-01,2022,2022-06
2022-06-01 13:12:00,142.8,S2,S2_HV-1,2022-06-01,2022,2022-06
2022-06-02 09:19:00,-157.2,S2,S2_HV-1,2022-06-02,2022,2022-06
2022-06-02 09:27:00,142.8,S2,S2_HV-1,2022-06-02,2022,2022-06
2022-06-02 09:27:00,142.8,S2,S2_HV-2,2022-06-02,2022,2022-06
2022-06-02 09:35:00,-157.2,S2,S2_HV-2,2022-06-02,2022,2022-06
2022-06-02 09:50:00,142.8,S2,S2_HV-1,2022-06-02,2022,2022-06
2022-06-02 10:42:00,-157.2,S2,S2_HV-1,2022-06-02,2022,2022-06
2022-06-02 10:42:00,-157.2,S2,S2_HV-2,2022-06-02,2022,2022-06
2022-06-02 11:34:00,142.8,S2,S2_HV-2,2022-06-02,2022,2022-06
2022-06-02 12:13:00,142.8,S2,S2_HV-1,2022-06-02,2022,2022-06
2022-06-03 09:45:00,-157.2,S2,S2_HV-1,2022-06-03,2022,2022-06
2022-06-03 10:14:00,142.8,S2,S2_HV-1,2022-06-03,2022,2022-06
2022-06-03 10:34:00,-157.2,S2,S2_HV-2,2022-06-03,2022,2022-06
2022-06-03 10:35:00,-157.2,S2,S2_HV-1,2022-06-03,2022,2022-06
2022-06-03 11:07:00,142.8,S2,S2_HV-1,2022-06-03,2022,2022-06
2022-06-06 09:05:00,142.8,S2,S2_HV-1,2022-06-06,2022,2022-06
2022-06-06 09:35:00,142.8,S2,S2_HV-1,2022-06-06,2022,2022-06
2022-06-06 09:40:00,-157.2,S2,S2_HV-2,2022-06-06,2022,2022-06
2022-06-06 10:05:00,142.8,S2,S2_HV-1,2022-06-06,2022,2022-06
2022-06-06 11:24:00,142.8,S2,S2_HV-1,2022-06-06,2022,2022-06
2022-06-07 09:01:00,142.8,S2,S2_HV-1,2022-06-07,2022,2022-06
2022-06-07 09:15:00,142.8,S2,S2_HV-1,2022-06-07,2022,2022-06
2022-06-07 09:47:00,142.8,S2,S2_HV-2,2022-06-07,2022,2022-06
2022-06-07 09:54:00,142.8,S2,S2_HV-2,2022-06-07,2022,2022-06
2022-06-07 10:25:00,-157.2,S2,S2_HV-1,2022-06-07,2022,2022-06
2022-06-07 10:55:00,142.8,S2,S2_HV-1,2022-06-07,2022,2022-06
2022-06-07 11:33:00,142.8,S2,S2_HV-1,2022-06-07,2022,2022-06
2022-06-07 13:17:00,-157.2,S2,S2_HV-1,2022-06-07,2022,2022-06
2022-06-08 09:38:00,142.8,S2,S2_HV-1,2022-06-08,2022,2022-06
2022-06-08 10:14:00,142.8,S2,S2_HV-1,2022-06-08,2022,2022-06
2022-06-08 10:47:00,142.8,S2,S2_HV-1,2022-06-08,2022,2022-06
2022-06-08 11:27:00,142.8,S2,S2_HV-1,2022-06-08,2022,2022-06
2022-06-08 12:05:00,-157.2,S2,S2_HV-2,2022-06-08,2022,2022-06
2022-06-08 12:15:00,142.8,S2,S2_HV-1,2022-06-08,2022,2022-06
2022-06-08 13:04:00,142.8,S2,S2_HV-2,2022-06-08,2022,2022-06
2022-06-08 13:08:00,142.8,S2,S2_HV-1,2022-06-08,2022,2022-06
2022-06-08 13:31:00,142.8,S2,S2_HV-1,2022-06-08,2022,2022-06
2022-06-09 09:47:00,142.8,S2,S2_HV-1,2022-06-09,2022,2022-06
2022-06-09 12:37:00,-157.2,S2,S2_HV-1,2022-06-09,2022,2022-06
2022-06-10 09:05:00,142.8,S2,S2_HV-2,2022-06-10,2022,2022-06
2022-06-10 09:06:00,-157.2,S2,S2_HV-1,2022-06-10,2022,2022-06
2022-06-10 09:22:00,-157.2,S2,S2_HV-1,2022-06-10,2022,2022-06
2022-06-10 09:37:00,142.8,S2,S2_HV-1,2022-06-10,2022,2022-06
2022-06-10 10:57:00,-157.2,S2,S2_HV-1,2022-06-10,2022,2022-06
2022-06-10 11:01:00,142.8,S2,S2_HV-1,2022-06-10,2022,2022-06
2022-06-10 11:06:00,-157.2,S2,S2_HV-1,2022-06-10,2022,2022-06
2022-06-10 11:31:00,142.8,S2,S2_HV-1,2022-06-10,2022,2022-06
2022-06-13 09:10:00,-157.2,S2,S2_HV-1,2022-06-13,2022,2022-06
2022-06-13 09:34:00,-157.2,S2,S2_HV-1,2022-06-13,2022,2022-06
2022-06-13 10:32:00,142.8,S2,S2_HV-1,2022-06-13,2022,2022-06
2022-06-13 10:32:00,-1007.2,S3,S3_C,2022-06-13,2022,2022-06
2022-06-14 09:04:00,142.8,S2,S2_HV-1,2022-06-14,2022,2022-06
2022-06-14 09:04:00,-157.2,S2,S2_HV-2,2022-06-14,2022,2022-06
2022-06-14 09:40:00,142.8,S2,S2_HV-1,2022-06-14,2022,2022-06
2022-06-14 09:50:00,-157.2,S2,S2_HV-2,2022-06-14,2022,2022-06
2022-06-14 10:33:00,-157.2,S2,S2_HV-1,2022-06-14,2022,2022-06
2022-06-14 12:06:00,142.8,S2,S2_HV-1,2022-06-14,2022,2022-06
2022-06-14 13:22:00,142.8,S2,S2_HV-1,2022-06-14,2022,2022-06
2022-06-14 13:27:00,142.8,S2,S2_HV-1,2022-06-14,2022,2022-06
2022-06-15 09:29:00,142.8,S2,S2_HV-1,2022-06-15,2022,2022-06
2022-06-15 10:04:00,-157.2,S2,S2_HV-1,2022-06-15,2022,2022-06
2022-06-15 10:49:00,142.8,S2,S2_HV-1,2022-06-15,2022,2022-06
2022-06-15 13:17:00,142.8,S2,S2_HV-1,2022-06-15,2022,2022-06
2022-06-16 09:12:00,142.8,S2,S2_HV-1,2022-06-16,2022,2022-06
2022-06-16 09:24:00,142.8,S2,S2_HV-1,2022-06-16,2022,2022-06
2022-06-16 09:37:00,442.80000000000285,S3,S3_D,2022-06-16,2022,2022-06
2022-06-16 09:40:00,442.80000000000285,S3,S3_D,2022-06-16,2022,2022-06
2022-06-16 09:52:00,142.8,S2,S2_HV-1,2022-06-16,2022,2022-06
2022-06-16 10:42:00,142.8,S2,S2_HV-1,2022-06-16,2022,2022-06
2022-06-16 10:52:00,-157.2,S2,S2_HV-1,2022-06-16,2022,2022-06
2022-06-16 10:53:00,-1407.2000000000055,S3,S3_D,2022-06-16,2022,2022-06
2022-06-16 13:11:00,142.8,S2,S2_HV-1,2022-06-16,2022,2022-06
2022-06-17 09:01:00,-157.2,S2,S2_HV-1,2022-06-17,2022,2022-06
2022-06-17 09:10:00,142.8,S2,S2_HV-1,2022-06-17,2022,2022-06
2022-06-17 09:29:00,142.8,S2,S2_HV-1,2022-06-17,2022,2022-06
2022-06-17 09:45:00,142.8,S2,S2_HV-1,2022-06-17,2022,2022-06
2022-06-17 09:52:00,142.8,S2,S2_HV-1,2022-06-17,2022,2022-06
2022-06-17 10:15:00,-157.2,S2,S2_HV-1,2022-06-17,2022,2022-06
2022-06-17 10:55:00,142.8,S2,S2_HV-1,2022-06-17,2022,2022-06
2022-06-17 10:57:00,-1407.2000000000055,S3,S3_D,2022-06-17,2022,2022-06
2022-06-17 11:44:00,142.8,S2,S2_HV-1,2022-06-17,2022,2022-06
2022-06-20 09:54:00,-157.2,S2,S2_HV-1,2022-06-20,2022,2022-06
2022-06-20 10:47:00,-157.2,S2,S2_HV-1,2022-06-20,2022,2022-06
2022-06-20 13:00:00,142.8,S2,S2_HV-1,2022-06-20,2022,2022-06
2022-06-21 09:01:00,-157.2,S2,S2_HV-1,2022-06-21,2022,2022-06
2022-06-21 10:02:00,142.8,S2,S2_HV-1,2022-06-21,2022,2022-06
2022-06-21 10:48:00,142.8,S2,S2_HV-1,2022-06-21,2022,2022-06
2022-06-21 11:30:00,-157.2,S2,S2_HV-1,2022-06-21,2022,2022-06
2022-06-21 11:48:00,-157.2,S2,S2_HV-1,2022-06-21,2022,2022-06
2022-06-22 09:02:00,142.8,S2,S2_HV-1,2022-06-22,2022,2022-06
2022-06-22 09:55:00,142.8,S2,S2_HV-1,2022-06-22,2022,2022-06
2022-06-22 10:26:00,-157.2,S2,S2_HV-1,2022-06-22,2022,2022-06
2022-06-22 10:41:00,142.8,S2,S2_HV-1,2022-06-22,2022,2022-06
2022-06-22 11:30:00,-157.2,S2,S2_HV-1,2022-06-22,2022,2022-06
2022-06-22 11:45:00,142.8,S2,S2_HV-1,2022-06-22,2022,2022-06
2022-06-22 12:10:00,142.8,S2,S2_HV-1,2022-06-22,2022,2022-06
2022-06-22 13:55:00,142.8,S2,S2_HV-1,2022-06-22,2022,2022-06
2022-06-23 09:04:00,142.8,S2,S2_HV-1,2022-06-23,2022,2022-06
2022-06-23 09:13:00,142.8,S2,S2_HV-1,2022-06-23,2022,2022-06
2022-06-23 09:49:00,442.80000000000285,S3,S3_D,2022-06-23,2022,2022-06
2022-06-23 09:53:00,442.80000000000285,S3,S3_D,2022-06-23,2022,2022-06
2022-06-23 09:55:00,-157.2,S2,S2_HV-1,2022-06-23,2022,2022-06
2022-06-23 10:09:00,442.80000000000285,S3,S3_D,2022-06-23,2022,2022-06
2022-06-23 10:10:00,-157.2,S2,S2_HV-1,2022-06-23,2022,2022-06
2022-06-23 10:51:00,442.80000000000285,S3,S3_C,2022-06-23,2022,2022-06
2022-06-23 12:20:00,-157.2,S2,S2_HV-1,2022-06-23,2022,2022-06
2022-06-24 09:01:00,142.8,S2,S2_HV-1,2022-06-24,2022,2022-06
2022-06-24 09:33:00,442.80000000000285,S3,S3_C,2022-06-24,2022,2022-06
2022-06-24 09:53:00,142.8,S2,S2_HV-1,2022-06-24,2022,2022-06
2022-06-24 10:06:00,142.8,S2,S2_HV-1,2022-06-24,2022,2022-06
2022-06-24 10:29:00,142.8,S2,S2_HV-1,2022-06-24,2022,2022-06
2022-06-24 10:40:00,-157.2,S2,S2_HV-1,2022-06-24,2022,2022-06
2022-06-24 10:59:00,142.8,S2,S2_HV-1,2022-06-24,2022,2022-06
2022-06-24 11:57:00,-1007.2,S3,S3_C,2022-06-24,2022,2022-06
2022-06-24 12:30:00,142.8,S2,S2_HV-1,2022-06-24,2022,2022-06
2022-06-27 10:18:00,-1007.2,S3,S3_C,2022-06-27,2022,2022-06
2022-06-28 09:32:00,142.8,S2,S2_HV-1,2022-06-28,2022,2022-06
2022-06-28 10:17:00,-157.2,S2,S2_HV-1,2022-06-28,2022,2022-06
2022-06-28 10:41:00,-157.2,S2,S2_HV-1,2022-06-28,2022,2022-06
2022-06-28 13:02:00,-157.2,S2,S2_HV-1,2022-06-28,2022,2022-06
2022-06-28 13:12:00,142.8,S2,S2_HV-1,2022-06-28,2022,2022-06
2022-06-29 09:48:00,142.8,S2,S2_HV-1,2022-06-29,2022,2022-06
2022-06-29 10:03:00,142.8,S2,S2_HV-2,2022-06-29,2022,2022-06
2022-06-29 10:06:00,142.8,S2,S2_HV-1,2022-06-29,2022,2022-06
2022-06-29 11:02:00,-157.2,S2,S2_HV-1,2022-06-29,2022,2022-06
2022-06-29 11:27:00,142.8,S2,S2_HV-1,2022-06-29,2022,2022-06
2022-06-29 13:02:00,142.8,S2,S2_HV-1,2022-06-29,2022,2022-06
2022-06-29 13:25:00,-157.2,S2,S2_HV-1,2022-06-29,2022,2022-06
2022-06-30 09:12:00,142.8,S2,S2_HV-1,2022-06-30,2022,2022-06
2022-06-30 09:28:00,442.80000000000285,S3,S3_D,2022-06-30,2022,2022-06
2022-06-30 09:52:00,142.8,S2,S2_HV-1,2022-06-30,2022,2022-06
2022-06-30 10:00:00,-157.2,S2,S2_HV-1,2022-06-30,2022,2022-06
2022-06-30 10:08:00,-1007.2,S3,S3_C,2022-06-30,2022,2022-06
2022-06-30 10:18:00,-157.2,S2,S2_HV-1,2022-06-30,2022,2022-06
2022-06-30 10:28:00,-157.2,S2,S2_HV-1,2022-06-30,2022,2022-06
2022-06-30 10:34:00,142.8,S2,S2_HV-1,2022-06-30,2022,2022-06
2022-06-30 10:41:00,142.8,S2,S2_HV-1,2022-06-30,2022,2022-06
2022-07-01 09:17:00,142.8,S2,S2_HV-1,2022-07-01,2022,2022-07
2022-07-01 09:37:00,-1007.2,S3,S3_C,2022-07-01,2022,2022-07
2022-07-05 09:08:00,142.8,S2,S2_HV-1,2022-07-05,2022,2022-07
2022-07-05 09:11:00,-157.2,S2,S2_HV-1,2022-07-05,2022,2022-07
2022-07-05 09:18:00,142.8,S2,S2_HV-1,2022-07-05,2022,2022-07
2022-07-05 09:23:00,-157.2,S2,S2_HV-1,2022-07-05,2022,2022-07
2022-07-05 09:35:00,142.8,S2,S2_HV-1,2022-07-05,2022,2022-07
2022-07-05 09:40:00,-157.2,S2,S2_HV-1,2022-07-05,2022,2022-07
2022-07-05 10:11:00,142.8,S2,S2_HV-1,2022-07-05,2022,2022-07
2022-07-06 09:02:00,-157.2,S2,S2_HV-1,2022-07-06,2022,2022-07
2022-07-06 09:07:00,-157.2,S2,S2_HV-1,2022-07-06,2022,2022-07
2022-07-06 09:18:00,142.8,S2,S2_HV-2,2022-07-06,2022,2022-07
2022-07-06 09:23:00,142.8,S2,S2_HV-1,2022-07-06,2022,2022-07
2022-07-06 09:30:00,142.8,S2,S2_HV-1,2022-07-06,2022,2022-07
2022-07-06 09:31:00,-157.2,S2,S2_HV-2,2022-07-06,2022,2022-07
2022-07-06 10:20:00,142.8,S2,S2_HV-1,2022-07-06,2022,2022-07
2022-07-06 10:25:00,142.8,S2,S2_HV-1,2022-07-06,2022,2022-07
2022-07-06 10:25:00,-157.2,S2,S2_HV-2,2022-07-06,2022,2022-07
2022-07-07 09:16:00,-157.2,S2,S2_HV-1,2022-07-07,2022,2022-07
2022-07-07 09:30:00,-157.2,S2,S2_HV-1,2022-07-07,2022,2022-07
2022-07-07 10:03:00,142.8,S2,S2_HV-1,2022-07-07,2022,2022-07
2022-07-07 10:43:00,142.8,S2,S2_HV-1,2022-07-07,2022,2022-07
2022-07-08 09:07:00,142.8,S2,S2_HV-1,2022-07-08,2022,2022-07
2022-07-08 09:19:00,-157.2,S2,S2_HV-1,2022-07-08,2022,2022-07
2022-07-08 09:52:00,142.8,S2,S2_HV-1,2022-07-08,2022,2022-07
2022-07-08 09:59:00,142.8,S2,S2_HV-1,2022-07-08,2022,2022-07
2022-07-08 10:06:00,142.8,S2,S2_HV-2,2022-07-08,2022,2022-07
2022-07-11 09:13:00,-157.2,S2,S2_HV-1,2022-07-11,2022,2022-07
2022-07-11 09:42:00,142.8,S2,S2_HV-1,2022-07-11,2022,2022-07
2022-07-11 09:51:00,142.8,S2,S2_HV-1,2022-07-11,2022,2022-07
2022-07-11 10:49:00,442.80000000000285,S3,S3_C,2022-07-11,2022,2022-07
2022-07-11 11:28:00,442.80000000000285,S3,S3_D,2022-07-11,2022,2022-07
2022-07-11 11:53:00,142.8,S2,S2_HV-1,2022-07-11,2022,2022-07
2022-07-11 12:15:00,-157.2,S2,S2_HV-1,2022-07-11,2022,2022-07
2022-07-11 12:36:00,442.80000000000285,S3,S3_D,2022-07-11,2022,2022-07
2022-07-12 09:06:00,-157.2,S2,S2_HV-1,2022-07-12,2022,2022-07
2022-07-12 09:20:00,142.8,S2,S2_HV-1,2022-07-12,2022,2022-07
2022-07-12 09:54:00,142.8,S2,S2_HV-1,2022-07-12,2022,2022-07
2022-07-12 10:03:00,-1007.2,S3,S3_C,2022-07-12,2022,2022-07
2022-07-12 10:19:00,142.8,S2,S2_HV-1,2022-07-12,2022,2022-07
2022-07-12 10:26:00,142.8,S2,S2_HV-1,2022-07-12,2022,2022-07
2022-07-12 11:05:00,142.8,S2,S2_HV-1,2022-07-12,2022,2022-07
2022-07-12 13:00:00,142.8,S2,S2_HV-1,2022-07-12,2022,2022-07
2022-07-13 09:28:00,-157.2,S2,S2_HV-1,2022-07-13,2022,2022-07
2022-07-13 09:30:00,142.8,S2,S2_HV-1,2022-07-13,2022,2022-07
2022-07-13 09:40:00,142.8,S2,S2_HV-1,2022-07-13,2022,2022-07
2022-07-13 10:31:00,-157.2,S2,S2_HV-1,2022-07-13,2022,2022-07
2022-07-13 11:02:00,-157.2,S2,S2_HV-1,2022-07-13,2022,2022-07
2022-07-14 09:07:00,142.8,S2,S2_HV-2,2022-07-14,2022,2022-07
2022-07-14 09:39:00,142.8,S2,S2_HV-1,2022-07-14,2022,2022-07
2022-07-14 09:42:00,142.8,S2,S2_HV-2,2022-07-14,2022,2022-07
2022-07-14 09:48:00,-157.2,S2,S2_HV-1,2022-07-14,2022,2022-07
2022-07-14 09:53:00,142.8,S2,S2_HV-1,2022-07-14,2022,2022-07
2022-07-14 09:53:00,142.8,S2,S2_HV-2,2022-07-14,2022,2022-07
2022-07-14 10:18:00,142.8,S2,S2_HV-1,2022-07-14,2022,2022-07
2022-07-14 10:18:00,-157.2,S2,S2_HV-2,2022-07-14,2022,2022-07
2022-07-14 11:18:00,142.8,S2,S2_HV-1,2022-07-14,2022,2022-07
2022-07-15 09:05:00,-157.2,S2,S2_HV-1,2022-07-15,2022,2022-07
2022-07-15 09:24:00,142.8,S2,S2_HV-1,2022-07-15,2022,2022-07
2022-07-15 09:52:00,142.8,S2,S2_HV-1,2022-07-15,2022,2022-07
2022-07-15 10:00:00,-157.2,S2,S2_HV-1,2022-07-15,2022,2022-07
2022-07-18 09:19:00,142.8,S2,S2_HV-1,2022-07-18,2022,2022-07
2022-07-18 09:26:00,182.7999999999977,S3,S3_C,2022-07-18,2022,2022-07
2022-07-18 09:36:00,142.8,S2,S2_HV-1,2022-07-18,2022,2022-07
2022-07-18 11:16:00,442.80000000000285,S3,S3_D,2022-07-18,2022,2022-07
2022-07-19 09:13:00,142.8,S2,S2_HV-1,2022-07-19,2022,2022-07
2022-07-19 09:17:00,142.8,S2,S2_HV-1,2022-07-19,2022,2022-07
2022-07-19 09:30:00,142.8,S2,S2_HV-1,2022-07-19,2022,2022-07
2022-07-19 09:40:00,-157.2,S2,S2_HV-1,2022-07-19,2022,2022-07
2022-07-19 10:28:00,442.80000000000285,S3,S3_C,2022-07-19,2022,2022-07
2022-07-19 10:37:00,-157.2,S2,S2_HV-1,2022-07-19,2022,2022-07
2022-07-19 11:39:00,-1007.2,S3,S3_C,2022-07-19,2022,2022-07
2022-07-19 12:47:00,-157.2,S2,S2_HV-1,2022-07-19,2022,2022-07
2022-07-20 09:04:00,-157.2,S2,S2_HV-1,2022-07-20,2022,2022-07
2022-07-20 09:32:00,442.80000000000285,S3,S3_C,2022-07-20,2022,2022-07
2022-07-20 09:56:00,442.80000000000285,S3,S3_D,2022-07-20,2022,2022-07
2022-07-20 10:34:00,-157.2,S2,S2_HV-1,2022-07-20,2022,2022-07
2022-07-20 10:52:00,-157.2,S2,S2_HV-1,2022-07-20,2022,2022-07
2022-07-20 10:56:00,442.80000000000285,S3,S3_C,2022-07-20,2022,2022-07
2022-07-20 11:01:00,142.8,S2,S2_HV-1,2022-07-20,2022,2022-07
2022-07-20 12:11:00,442.80000000000285,S3,S3_D,2022-07-20,2022,2022-07
2022-07-20 12:14:00,442.80000000000285,S3,S3_C,2022-07-20,2022,2022-07
2022-07-21 09:07:00,142.8,S2,S2_HV-1,2022-07-21,2022,2022-07
2022-07-21 09:12:00,142.8,S2,S2_HV-1,2022-07-21,2022,2022-07
2022-07-21 09:12:00,442.80000000000285,S3,S3_C,2022-07-21,2022,2022-07
2022-07-21 10:27:00,-157.2,S2,S2_HV-1,2022-07-21,2022,2022-07
2022-07-21 12:37:00,442.80000000000285,S3,S3_C,2022-07-21,2022,2022-07
2022-07-22 09:09:00,142.8,S2,S2_HV-1,2022-07-22,2022,2022-07
2022-07-22 09:37:00,-157.2,S2,S2_HV-1,2022-07-22,2022,2022-07
2022-07-22 09:49:00,-157.2,S2,S2_HV-1,2022-07-22,2022,2022-07
2022-07-22 10:46:00,142.8,S2,S2_HV-1,2022-07-22,2022,2022-07
2022-07-22 13:26:00,-147.20000000000056,S3,S3_C,2022-07-22,2022,2022-07
2022-07-25 09:05:00,142.8,S2,S2_HV-1,2022-07-25,2022,2022-07
2022-07-25 09:24:00,142.8,S2,S2_HV-1,2022-07-25,2022,2022-07
2022-07-25 09:34:00,142.8,S2,S2_HV-2,2022-07-25,2022,2022-07
2022-07-25 09:40:00,142.8,S2,S2_HV-1,2022-07-25,2022,2022-07
2022-07-26 09:39:00,-157.2,S2,S2_HV-1,2022-07-26,2022,2022-07
2022-07-26 10:04:00,142.8,S2,S2_HV-1,2022-07-26,2022,2022-07
2022-07-26 10:31:00,442.80000000000285,S3,S3_C,2022-07-26,2022,2022-07
2022-07-26 10:58:00,-157.2,S2,S2_HV-1,2022-07-26,2022,2022-07
2022-07-26 11:07:00,142.8,S2,S2_HV-1,2022-07-26,2022,2022-07
2022-07-26 11:33:00,142.8,S2,S2_HV-1,2022-07-26,2022,2022-07
2022-07-26 11:53:00,-157.2,S2,S2_HV-1,2022-07-26,2022,2022-07
2022-07-26 12:15:00,142.8,S2,S2_HV-1,2022-07-26,2022,2022-07
2022-07-27 09:05:00,142.8,S2,S2_HV-1,2022-07-27,2022,2022-07
2022-07-27 09:05:00,142.8,S2,S2_HV-2,2022-07-27,2022,2022-07
2022-07-27 09:11:00,142.8,S2,S2_HV-2,2022-07-27,2022,2022-07
2022-07-27 09:11:00,-157.2,S2,S2_HV-1,2022-07-27,2022,2022-07
2022-07-27 09:17:00,142.8,S2,S2_HV-1,2022-07-27,2022,2022-07
2022-07-27 09:18:00,-157.2,S2,S2_HV-2,2022-07-27,2022,2022-07
2022-07-27 09:23:00,142.8,S2,S2_HV-1,2022-07-27,2022,2022-07
2022-07-27 09:36:00,142.8,S2,S2_HV-1,2022-07-27,2022,2022-07
2022-07-27 11:22:00,142.8,S2,S2_HV-1,2022-07-27,2022,2022-07
2022-07-28 09:01:00,142.8,S2,S2_HV-1,2022-07-28,2022,2022-07
2022-07-28 09:55:00,-157.2,S2,S2_HV-1,2022-07-28,2022,2022-07
2022-07-28 10:08:00,-157.2,S2,S2_HV-1,2022-07-28,2022,2022-07
2022-07-28 10:28:00,-157.2,S2,S2_HV-1,2022-07-28,2022,2022-07
2022-07-29 09:10:00,-157.2,S2,S2_HV-1,2022-07-29,2022,2022-07
2022-07-29 09:37:00,-157.2,S2,S2_HV-1,2022-07-29,2022,2022-07
2022-07-29 10:54:00,-157.2,S2,S2_HV-1,2022-07-29,2022,2022-07
2022-07-29 11:44:00,142.8,S2,S2_HV-1,2022-07-29,2022,2022-07
2022-07-29 13:21:00,142.8,S2,S2_HV-1,2022-07-29,2022,2022-07
2022-07-29 13:51:00,-77.19999999999318,S2,S2_HV-1,2022-07-29,2022,2022-07
2022-08-01 09:08:00,-157.2,S2,S2_HV-1,2022-08-01,2022,2022-08
2022-08-01 09:34:00,142.8,S2,S2_HV-1,2022-08-01,2022,2022-08
2022-08-01 09:43:00,142.8,S2,S2_HV-1,2022-08-01,2022,2022-08
2022-08-01 10:23:00,142.8,S2,S2_HV-1,2022-08-01,2022,2022-08
2022-08-01 11:02:00,-1407.2000000000055,S3,S3_D,2022-08-01,2022,2022-08
2022-08-02 09:02:00,142.8,S2,S2_HV-1,2022-08-02,2022,2022-08
2022-08-02 09:09:00,-157.2,S2,S2_HV-1,2022-08-02,2022,2022-08
2022-08-02 09:29:00,142.8,S2,S2_HV-1,2022-08-02,2022,2022-08
2022-08-02 12:24:00,-157.2,S2,S2_HV-1,2022-08-02,2022,2022-08
2022-08-02 13:27:00,142.8,S2,S2_HV-1,2022-08-02,2022,2022-08
2022-08-04 09:13:00,142.8,S2,S2_HV-2,2022-08-04,2022,2022-08
2022-08-04 09:13:00,142.8,S2,S2_HV-1,2022-08-04,2022,2022-08
2022-08-04 10:24:00,-157.2,S2,S2_HV-1,2022-08-04,2022,2022-08
2022-08-04 10:51:00,-157.2,S2,S2_HV-1,2022-08-04,2022,2022-08
2022-08-04 11:17:00,142.8,S2,S2_HV-2,2022-08-04,2022,2022-08
2022-08-04 11:23:00,142.8,S2,S2_HV-1,2022-08-04,2022,2022-08
2022-08-04 11:47:00,142.8,S2,S2_HV-1,2022-08-04,2022,2022-08
2022-08-05 09:11:00,142.8,S2,S2_HV-1,2022-08-05,2022,2022-08
2022-08-05 10:01:00,-157.2,S2,S2_HV-1,2022-08-05,2022,2022-08
2022-08-05 10:29:00,-157.2,S2,S2_HV-1,2022-08-05,2022,2022-08
2022-08-05 11:14:00,142.8,S2,S2_HV-1,2022-08-05,2022,2022-08
2022-08-08 09:19:00,-157.2,S2,S2_HV-1,2022-08-08,2022,2022-08
2022-08-08 09:43:00,-157.2,S2,S2_HV-1,2022-08-08,2022,2022-08
2022-08-08 09:50:00,-157.2,S2,S2_HV-1,2022-08-08,2022,2022-08
2022-08-08 11:23:00,-157.2,S2,S2_HV-1,2022-08-08,2022,2022-08
2022-08-08 12:10:00,142.8,S2,S2_HV-1,2022-08-08,2022,2022-08
2022-08-09 09:13:00,142.8,S2,S2_HV-1,2022-08-09,2022,2022-08
2022-08-09 09:29:00,142.8,S2,S2_HV-1,2022-08-09,2022,2022-08
2022-08-09 09:55:00,142.8,S2,S2_HV-1,2022-08-09,2022,2022-08
2022-08-09 11:32:00,142.8,S2,S2_HV-1,2022-08-09,2022,2022-08
2022-08-09 12:11:00,-157.2,S2,S2_HV-1,2022-08-09,2022,2022-08
2022-08-09 13:01:00,-1007.2,S3,S3_C,2022-08-09,2022,2022-08
2022-08-10 09:02:00,142.8,S2,S2_HV-1,2022-08-10,2022,2022-08
2022-08-10 09:22:00,142.8,S2,S2_HV-2,2022-08-10,2022,2022-08
2022-08-10 09:26:00,-157.2,S2,S2_HV-1,2022-08-10,2022,2022-08
2022-08-10 09:55:00,142.8,S2,S2_HV-2,2022-08-10,2022,2022-08
2022-08-10 09:59:00,-157.2,S2,S2_HV-2,2022-08-10,2022,2022-08
2022-08-10 10:15:00,142.8,S2,S2_HV-1,2022-08-10,2022,2022-08
2022-08-10 10:20:00,142.8,S2,S2_HV-2,2022-08-10,2022,2022-08
2022-08-10 10:28:00,142.8,S2,S2_HV-1,2022-08-10,2022,2022-08
2022-08-10 10:34:00,-157.2,S2,S2_HV-1,2022-08-10,2022,2022-08
2022-08-11 09:44:00,142.8,S2,S2_HV-1,2022-08-11,2022,2022-08
2022-08-11 10:01:00,142.8,S2,S2_HV-1,2022-08-11,2022,2022-08
2022-08-11 10:27:00,-157.2,S2,S2_HV-1,2022-08-11,2022,2022-08
2022-08-11 13:00:00,142.8,S2,S2_HV-1,2022-08-11,2022,2022-08
2022-08-12 09:52:00,142.8,S2,S2_HV-1,2022-08-12,2022,2022-08
2022-08-12 10:07:00,142.8,S2,S2_HV-1,2022-08-12,2022,2022-08
2022-08-12 11:13:00,442.80000000000285,S3,S3_C,2022-08-12,2022,2022-08
2022-08-15 09:02:00,142.8,S2,S2_HV-1,2022-08-15,2022,2022-08
2022-08-15 10:28:00,142.8,S2,S2_HV-1,2022-08-15,2022,2022-08
2022-08-16 09:14:00,142.8,S2,S2_HV-1,2022-08-16,2022,2022-08
2022-08-16 09:31:00,142.8,S2,S2_HV-1,2022-08-16,2022,2022-08
2022-08-16 10:49:00,142.8,S2,S2_HV-1,2022-08-16,2022,2022-08
2022-08-16 11:08:00,142.8,S2,S2_HV-1,2022-08-16,2022,2022-08
2022-08-16 12:10:00,-157.2,S2,S2_HV-1,2022-08-16,2022,2022-08
2022-08-16 13:38:00,142.8,S2,S2_HV-1,2022-08-16,2022,2022-08
2022-08-17 09:02:00,-157.2,S2,S2_HV-1,2022-08-17,2022,2022-08
2022-08-17 09:15:00,-157.2,S2,S2_HV-1,2022-08-17,2022,2022-08
2022-08-17 10:35:00,-157.2,S2,S2_HV-1,2022-08-17,2022,2022-08
2022-08-17 10:44:00,-157.2,S2,S2_HV-1,2022-08-17,2022,2022-08
2022-08-18 09:38:00,-157.2,S2,S2_HV-1,2022-08-18,2022,2022-08
2022-08-18 10:40:00,142.8,S2,S2_HV-1,2022-08-18,2022,2022-08
2022-08-19 09:06:00,-157.2,S2,S2_HV-1,2022-08-19,2022,2022-08
2022-08-19 09:41:00,142.8,S2,S2_HV-1,2022-08-19,2022,2022-08
2022-08-19 09:55:00,142.8,S2,S2_HV-1,2022-08-19,2022,2022-08
2022-08-19 12:00:00,-157.2,S2,S2_HV-1,2022-08-19,2022,2022-08
2022-08-19 12:47:00,-157.2,S2,S2_HV-1,2022-08-19,2022,2022-08
2022-08-22 09:19:00,142.8,S2,S2_HV-1,2022-08-22,2022,2022-08
2022-08-22 09:28:00,-157.2,S2,S2_HV-1,2022-08-22,2022,2022-08
2022-08-22 09:42:00,142.8,S2,S2_HV-1,2022-08-22,2022,2022-08
2022-08-22 11:25:00,442.80000000000285,S3,S3_C,2022-08-22,2022,2022-08
2022-08-23 09:10:00,-157.2,S2,S2_HV-1,2022-08-23,2022,2022-08
2022-08-23 09:33:00,-157.2,S2,S2_HV-1,2022-08-23,2022,2022-08
2022-08-23 10:12:00,-157.2,S2,S2_HV-1,2022-08-23,2022,2022-08
2022-08-23 10:41:00,142.8,S2,S2_HV-1,2022-08-23,2022,2022-08
2022-08-24 09:20:00,142.8,S2,S2_HV-1,2022-08-24,2022,2022-08
2022-08-24 10:30:00,142.8,S2,S2_HV-1,2022-08-24,2022,2022-08
2022-08-24 11:04:00,442.80000000000285,S3,S3_C,2022-08-24,2022,2022-08
2022-08-24 11:31:00,-157.2,S2,S2_HV-1,2022-08-24,2022,2022-08
2022-08-24 12:22:00,142.8,S2,S2_HV-1,2022-08-24,2022,2022-08
2022-08-24 12:31:00,442.80000000000285,S3,S3_C,2022-08-24,2022,2022-08
2022-08-24 12:33:00,142.8,S2,S2_HV-1,2022-08-24,2022,2022-08
2022-08-25 09:04:00,142.8,S2,S2_HV-1,2022-08-25,2022,2022-08
2022-08-25 09:28:00,-157.2,S2,S2_HV-1,2022-08-25,2022,2022-08
2022-08-25 09:28:00,442.80000000000285,S3,S3_C,2022-08-25,2022,2022-08
2022-08-25 10:21:00,-157.2,S2,S2_HV-1,2022-08-25,2022,2022-08
2022-08-25 11:01:00,-157.2,S2,S2_HV-1,2022-08-25,2022,2022-08
2022-08-25 13:35:00,-157.2,S2,S2_HV-1,2022-08-25,2022,2022-08
2022-08-26 09:31:00,442.80000000000285,S3,S3_C,2022-08-26,2022,2022-08
2022-08-26 09:40:00,142.8,S2,S2_HV-1,2022-08-26,2022,2022-08
2022-08-26 10:08:00,-157.2,S2,S2_HV-1,2022-08-26,2022,2022-08
2022-08-26 10:51:00,142.8,S2,S2_HV-1,2022-08-26,2022,2022-08
2022-08-29 09:33:00,142.8,S2,S2_HV-1,2022-08-29,2022,2022-08
2022-08-29 09:40:00,-157.2,S2,S2_HV-1,2022-08-29,2022,2022-08
2022-08-29 09:56:00,-157.2,S2,S2_HV-1,2022-08-29,2022,2022-08
2022-08-29 10:11:00,-157.2,S2,S2_HV-1,2022-08-29,2022,2022-08
2022-08-29 13:26:00,-157.2,S2,S2_HV-1,2022-08-29,2022,2022-08
2022-08-30 11:02:00,442.80000000000285,S3,S3_C,2022-08-30,2022,2022-08
2022-08-31 09:07:00,-157.2,S2,S2_HV-1,2022-08-31,2022,2022-08
2022-08-31 09:20:00,-157.2,S2,S2_HV-1,2022-08-31,2022,2022-08
2022-08-31 09:34:00,142.8,S2,S2_HV-1,2022-08-31,2022,2022-08
2022-08-31 11:55:00,142.8,S2,S2_HV-1,2022-08-31,2022,2022-08
2022-09-01 09:06:00,142.8,S2,S2_HV-2,2022-09-01,2022,2022-09
2022-09-01 09:08:00,442.80000000000285,S3,S3_D,2022-09-01,2022,2022-09
2022-09-01 09:31:00,142.8,S2,S2_HV-1,2022-09-01,2022,2022-09
2022-09-01 09:38:00,142.8,S2,S2_HV-1,2022-09-01,2022,2022-09
2022-09-01 09:39:00,442.80000000000285,S3,S3_C,2022-09-01,2022,2022-09
2022-09-01 09:57:00,142.8,S2,S2_HV-1,2022-09-01,2022,2022-09
2022-09-01 10:47:00,-1007.2,S3,S3_C,2022-09-01,2022,2022-09
2022-09-01 11:23:00,142.8,S2,S2_HV-2,2022-09-01,2022,2022-09
2022-09-01 11:57:00,442.80000000000285,S3,S3_D,2022-09-01,2022,2022-09
2022-09-02 09:02:00,142.8,S2,S2_HV-1,2022-09-02,2022,2022-09
2022-09-02 09:15:00,442.80000000000285,S3,S3_D,2022-09-02,2022,2022-09
2022-09-02 09:44:00,-1007.2,S3,S3_C,2022-09-02,2022,2022-09
2022-09-02 09:50:00,142.8,S2,S2_HV-1,2022-09-02,2022,2022-09
2022-09-02 11:13:00,-157.2,S2,S2_HV-1,2022-09-02,2022,2022-09
2022-09-02 13:11:00,-157.2,S2,S2_HV-1,2022-09-02,2022,2022-09
2022-09-06 09:02:00,-157.2,S2,S2_HV-1,2022-09-06,2022,2022-09
2022-09-06 09:14:00,-157.2,S2,S2_HV-1,2022-09-06,2022,2022-09
2022-09-06 09:26:00,142.8,S2,S2_HV-1,2022-09-06,2022,2022-09
2022-09-06 10:59:00,442.80000000000285,S3,S3_C,2022-09-06,2022,2022-09
2022-09-06 11:34:00,-1187.2003051757813,S3,S3_D,2022-09-06,2022,2022-09
2022-09-07 09:01:00,142.8,S2,S2_HV-1,2022-09-07,2022,2022-09
2022-09-07 09:06:00,142.8,S2,S2_HV-2,2022-09-07,2022,2022-09
2022-09-07 09:16:00,142.8,S2,S2_HV-1,2022-09-07,2022,2022-09
2022-09-07 09:37:00,142.8,S2,S2_HV-1,2022-09-07,2022,2022-09
2022-09-07 12:21:00,-157.2,S2,S2_HV-2,2022-09-07,2022,2022-09
2022-09-07 12:40:00,142.8,S2,S2_HV-2,2022-09-07,2022,2022-09
2022-09-07 12:45:00,142.8,S2,S2_HV-1,2022-09-07,2022,2022-09
2022-09-08 09:12:00,142.8,S2,S2_HV-1,2022-09-08,2022,2022-09
2022-09-08 09:27:00,142.8,S2,S2_HV-1,2022-09-08,2022,2022-09
2022-09-08 11:01:00,-157.2,S2,S2_HV-1,2022-09-08,2022,2022-09
2022-09-08 13:18:00,-157.2,S2,S2_HV-1,2022-09-08,2022,2022-09
2022-09-09 09:37:00,142.8,S2,S2_HV-1,2022-09-09,2022,2022-09
2022-09-09 10:08:00,142.8,S2,S2_HV-1,2022-09-09,2022,2022-09
2022-09-12 09:45:00,-157.2,S2,S2_HV-1,2022-09-12,2022,2022-09
2022-09-12 09:56:00,-157.2,S2,S2_HV-1,2022-09-12,2022,2022-09
2022-09-12 10:37:00,142.8,S2,S2_HV-1,2022-09-12,2022,2022-09
2022-09-13 09:11:00,-157.2,S2,S2_HV-1,2022-09-13,2022,2022-09
2022-09-13 10:50:00,142.8,S2,S2_HV-1,2022-09-13,2022,2022-09
2022-09-13 10:56:00,142.8,S2,S2_HV-1,2022-09-13,2022,2022-09
2022-09-13 11:16:00,142.8,S2,S2_HV-1,2022-09-13,2022,2022-09
2022-09-13 13:30:00,442.80000000000285,S3,S3_D,2022-09-13,2022,2022-09
2022-09-13 13:31:00,442.80000000000285,S3,S3_D,2022-09-13,2022,2022-09
2022-09-14 09:06:00,-157.2,S2,S2_HV-1,2022-09-14,2022,2022-09
2022-09-14 09:15:00,-157.2,S2,S2_HV-1,2022-09-14,2022,2022-09
2022-09-14 10:42:00,142.8,S2,S2_HV-1,2022-09-14,2022,2022-09
2022-09-14 11:20:00,142.8,S2,S2_HV-1,2022-09-14,2022,2022-09
2022-09-14 11:31:00,442.80000000000285,S3,S3_C,2022-09-14,2022,2022-09
2022-09-15 09:09:00,-157.2,S2,S2_HV-1,2022-09-15,2022,2022-09
2022-09-15 10:16:00,-157.2,S2,S2_HV-1,2022-09-15,2022,2022-09
2022-09-15 10:38:00,142.8,S2,S2_HV-1,2022-09-15,2022,2022-09
2022-09-15 10:48:00,142.8,S2,S2_HV-1,2022-09-15,2022,2022-09
2022-09-15 12:42:00,102.79999999999944,S3,S3_C,2022-09-15,2022,2022-09
2022-09-16 09:05:00,-157.2,S2,S2_HV-1,2022-09-16,2022,2022-09
2022-09-16 09:13:00,142.8,S2,S2_HV-1,2022-09-16,2022,2022-09
2022-09-16 09:30:00,142.8,S2,S2_HV-1,2022-09-16,2022,2022-09
2022-09-16 09:37:00,442.80000000000285,S3,S3_C,2022-09-16,2022,2022-09
2022-09-16 10:49:00,442.80000000000285,S3,S3_C,2022-09-16,2022,2022-09
2022-09-16 11:00:00,-157.2,S2,S2_HV-1,2022-09-16,2022,2022-09
2022-09-16 11:10:00,442.80000000000285,S3,S3_D,2022-09-16,2022,2022-09
2022-09-16 11:45:00,-1007.2,S3,S3_C,2022-09-16,2022,2022-09
2022-09-19 09:11:00,142.8,S2,S2_HV-1,2022-09-19,2022,2022-09
2022-09-19 09:31:00,142.8,S2,S2_HV-2,2022-09-19,2022,2022-09
2022-09-19 09:34:00,-157.2,S2,S2_HV-1,2022-09-19,2022,2022-09
2022-09-19 10:02:00,-157.2,S2,S2_HV-1,2022-09-19,2022,2022-09
2022-09-19 10:15:00,142.8,S2,S2_HV-1,2022-09-19,2022,2022-09
2022-09-19 10:44:00,142.8,S2,S2_HV-1,2022-09-19,2022,2022-09
2022-09-19 12:07:00,-157.2,S2,S2_HV-1,2022-09-19,2022,2022-09
2022-09-20 09:24:00,-157.2,S2,S2_HV-1,2022-09-20,2022,2022-09
2022-09-20 10:17:00,142.8,S2,S2_HV-1,2022-09-20,2022,2022-09
2022-09-20 10:49:00,142.8,S2,S2_HV-1,2022-09-20,2022,2022-09
2022-09-21 09:09:00,-157.2,S2,S2_HV-1,2022-09-21,2022,2022-09
2022-09-21 09:48:00,142.8,S2,S2_HV-2,2022-09-21,2022,2022-09
2022-09-21 10:01:00,142.8,S2,S2_HV-2,2022-09-21,2022,2022-09
2022-09-21 10:16:00,-157.2,S2,S2_HV-1,2022-09-21,2022,2022-09
2022-09-21 10:24:00,-157.2,S2,S2_HV-2,2022-09-21,2022,2022-09
2022-09-21 10:26:00,142.8,S2,S2_HV-1,2022-09-21,2022,2022-09
2022-09-21 10:46:00,142.8,S2,S2_HV-2,2022-09-21,2022,2022-09
2022-09-21 11:10:00,142.8,S2,S2_HV-2,2022-09-21,2022,2022-09
2022-09-21 11:16:00,-157.2,S2,S2_HV-1,2022-09-21,2022,2022-09
2022-09-22 09:07:00,142.8,S2,S2_HV-1,2022-09-22,2022,2022-09
2022-09-22 09:30:00,-157.2,S2,S2_HV-1,2022-09-22,2022,2022-09
2022-09-22 10:05:00,142.8,S2,S2_HV-2,2022-09-22,2022,2022-09
2022-09-22 10:07:00,142.8,S2,S2_HV-1,2022-09-22,2022,2022-09
2022-09-22 10:13:00,142.8,S2,S2_HV-1,2022-09-22,2022,2022-09
2022-09-22 10:14:00,-157.2,S2,S2_HV-2,2022-09-22,2022,2022-09
2022-09-22 10:15:00,142.8,S2,S2_HV-1,2022-09-22,2022,2022-09
2022-09-23 09:06:00,142.8,S2,S2_HV-1,2022-09-23,2022,2022-09
2022-09-23 09:07:00,142.8,S2,S2_HV-2,2022-09-23,2022,2022-09
2022-09-23 09:53:00,142.8,S2,S2_HV-1,2022-09-23,2022,2022-09
2022-09-23 10:42:00,-157.2,S2,S2_HV-1,2022-09-23,2022,2022-09
2022-09-26 09:07:00,142.8,S2,S2_HV-2,2022-09-26,2022,2022-09
2022-09-26 09:12:00,142.8,S2,S2_HV-1,2022-09-26,2022,2022-09
2022-09-26 09:33:00,-157.2,S2,S2_HV-1,2022-09-26,2022,2022-09
2022-09-26 10:07:00,-157.2,S2,S2_HV-1,2022-09-26,2022,2022-09
2022-09-26 11:13:00,-157.2,S2,S2_HV-1,2022-09-26,2022,2022-09
2022-09-26 11:33:00,142.8,S2,S2_HV-2,2022-09-26,2022,2022-09
2022-09-26 12:10:00,-157.2,S2,S2_HV-2,2022-09-26,2022,2022-09
2022-09-26 12:57:00,142.8,S2,S2_HV-1,2022-09-26,2022,2022-09
2022-09-26 13:35:00,142.8,S2,S2_HV-1,2022-09-26,2022,2022-09
2022-09-27 09:05:00,142.8,S2,S2_HV-1,2022-09-27,2022,2022-09
2022-09-27 09:53:00,142.8,S2,S2_HV-1,2022-09-27,2022,2022-09
2022-09-27 09:57:00,142.8,S2,S2_HV-1,2022-09-27,2022,2022-09
2022-09-27 12:09:00,142.8,S2,S2_HV-1,2022-09-27,2022,2022-09
2022-09-28 09:06:00,142.8,S2,S2_HV-1,2022-09-28,2022,2022-09
2022-09-28 09:15:00,142.8,S2,S2_HV-1,2022-09-28,2022,2022-09
2022-09-28 09:15:00,142.8,S2,S2_HV-2,2022-09-28,2022,2022-09
2022-09-28 10:35:00,-157.2,S2,S2_HV-1,2022-09-28,2022,2022-09
2022-09-28 12:52:00,142.8,S2,S2_HV-1,2022-09-28,2022,2022-09
2022-09-29 09:30:00,142.8,S2,S2_HV-1,2022-09-29,2022,2022-09
2022-09-29 09:36:00,142.8,S2,S2_HV-1,2022-09-29,2022,2022-09
2022-09-29 09:43:00,-157.2,S2,S2_HV-1,2022-09-29,2022,2022-09
2022-09-30 09:14:00,142.8,S2,S2_HV-1,2022-09-30,2022,2022-09
2022-09-30 09:21:00,142.8,S2,S2_HV-2,2022-09-30,2022,2022-09
2022-09-30 09:41:00,-157.2,S2,S2_HV-2,2022-09-30,2022,2022-09
2022-09-30 09:42:00,-157.2,S2,S2_HV-1,2022-09-30,2022,2022-09
2022-09-30 09:49:00,-157.2,S2,S2_HV-2,2022-09-30,2022,2022-09
2022-09-30 09:51:00,142.8,S2,S2_HV-1,2022-09-30,2022,2022-09
2022-10-03 09:14:00,142.8,S2,S2_HV-1,2022-10-03,2022,2022-10
2022-10-03 10:25:00,142.8,S2,S2_HV-1,2022-10-03,2022,2022-10
2022-10-03 11:08:00,142.8,S2,S2_HV-1,2022-10-03,2022,2022-10
2022-10-04 09:02:00,142.8,S2,S2_HV-1,2022-10-04,2022,2022-10
2022-10-04 10:49:00,-157.2,S2,S2_HV-1,2022-10-04,2022,2022-10
2022-10-04 10:50:00,-407.2000000000057,S3,S3_C,2022-10-04,2022,2022-10
2022-10-05 09:08:00,-157.2,S2,S2_HV-1,2022-10-05,2022,2022-10
2022-10-05 09:08:00,442.80000000000285,S3,S3_C,2022-10-05,2022,2022-10
2022-10-05 10:07:00,142.8,S2,S2_HV-1,2022-10-05,2022,2022-10
2022-10-05 10:18:00,142.8,S2,S2_HV-1,2022-10-05,2022,2022-10
2022-10-05 10:47:00,-1007.2,S3,S3_C,2022-10-05,2022,2022-10
2022-10-05 10:58:00,-157.2,S2,S2_HV-1,2022-10-05,2022,2022-10
2022-10-05 12:10:00,142.8,S2,S2_HV-1,2022-10-05,2022,2022-10
2022-10-06 09:24:00,142.8,S2,S2_HV-1,2022-10-06,2022,2022-10
2022-10-06 09:45:00,-157.2,S2,S2_HV-1,2022-10-06,2022,2022-10
2022-10-06 10:35:00,-157.2,S2,S2_HV-1,2022-10-06,2022,2022-10
2022-10-07 09:43:00,-157.2,S2,S2_HV-1,2022-10-07,2022,2022-10
2022-10-07 09:44:00,142.8,S2,S2_HV-2,2022-10-07,2022,2022-10
2022-10-07 09:59:00,-157.2,S2,S2_HV-1,2022-10-07,2022,2022-10
2022-10-07 10:43:00,-157.2,S2,S2_HV-2,2022-10-07,2022,2022-10
2022-10-07 11:03:00,142.8,S2,S2_HV-1,2022-10-07,2022,2022-10
2022-10-07 11:43:00,-157.2,S2,S2_HV-2,2022-10-07,2022,2022-10
2022-10-07 11:46:00,142.8,S2,S2_HV-2,2022-10-07,2022,2022-10
2022-10-07 12:20:00,142.8,S2,S2_HV-1,2022-10-07,2022,2022-10
2022-10-10 09:01:00,142.8,S2,S2_HV-1,2022-10-10,2022,2022-10
2022-10-10 09:42:00,-157.2,S2,S2_HV-1,2022-10-10,2022,2022-10
2022-10-10 09:42:00,142.8,S2,S2_HV-2,2022-10-10,2022,2022-10
2022-10-10 09:46:00,-157.2,S2,S2_HV-2,2022-10-10,2022,2022-10
2022-10-10 09:47:00,142.8,S2,S2_HV-1,2022-10-10,2022,2022-10
2022-10-11 09:16:00,-157.2,S2,S2_HV-1,2022-10-11,2022,2022-10
2022-10-11 10:20:00,142.8,S2,S2_HV-1,2022-10-11,2022,2022-10
2022-10-18 09:11:00,142.8,S2,S2_HV-1,2022-10-18,2022,2022-10
2022-10-18 09:20:00,142.8,S2,S2_HV-1,2022-10-18,2022,2022-10
2022-10-18 10:04:00,142.8,S2,S2_HV-1,2022-10-18,2022,2022-10
2022-10-18 10:38:00,-157.2,S2,S2_HV-1,2022-10-18,2022,2022-10
2022-10-19 09:41:00,142.8,S2,S2_HV-1,2022-10-19,2022,2022-10
2022-10-19 09:51:00,-157.2,S2,S2_HV-1,2022-10-19,2022,2022-10
2022-10-19 10:30:00,142.8,S2,S2_HV-1,2022-10-19,2022,2022-10
2022-10-19 10:36:00,442.80000000000285,S3,S3_C,2022-10-19,2022,2022-10
2022-10-20 09:01:00,142.8,S2,S2_HV-1,2022-10-20,2022,2022-10
2022-10-20 09:33:00,-157.2,S2,S2_HV-1,2022-10-20,2022,2022-10
2022-10-20 09:47:00,142.8,S2,S2_HV-1,2022-10-20,2022,2022-10
2022-10-20 11:51:00,142.8,S2,S2_HV-1,2022-10-20,2022,2022-10
2022-10-20 12:04:00,142.8,S2,S2_HV-1,2022-10-20,2022,2022-10
2022-10-21 09:15:00,142.8,S2,S2_HV-1,2022-10-21,2022,2022-10
2022-10-21 09:39:00,-157.2,S2,S2_HV-1,2022-10-21,2022,2022-10
2022-10-21 10:53:00,142.8,S2,S2_HV-1,2022-10-21,2022,2022-10
2022-10-21 11:03:00,142.8,S2,S2_HV-1,2022-10-21,2022,2022-10
2022-10-24 09:54:00,142.8,S2,S2_HV-1,2022-10-24,2022,2022-10
2022-10-24 11:28:00,-157.2,S2,S2_HV-1,2022-10-24,2022,2022-10
2022-10-25 11:31:00,442.80000000000285,S3,S3_C,2022-10-25,2022,2022-10
2022-10-27 09:53:00,142.8,S2,S2_HV-1,2022-10-27,2022,2022-10
2022-10-27 11:17:00,142.8,S2,S2_HV-1,2022-10-27,2022,2022-10
2022-10-28 09:09:00,142.8,S2,S2_HV-1,2022-10-28,2022,2022-10
2022-10-28 09:56:00,142.8,S2,S2_HV-1,2022-10-28,2022,2022-10
2022-10-28 11:28:00,142.8,S2,S2_HV-1,2022-10-28,2022,2022-10
2022-11-01 09:39:00,-1007.2,S3,S3_C,2022-11-01,2022,2022-11
2022-11-04 09:29:00,142.8,S2,S2_HV-1,2022-11-04,2022,2022-11
2022-11-04 11:35:00,-157.2,S2,S2_HV-1,2022-11-04,2022,2022-11
2022-11-04 14:32:00,142.8,S2,S2_HV-2,2022-11-04,2022,2022-11
2022-11-07 09:05:00,-157.2,S2,S2_HV-1,2022-11-07,2022,2022-11
2022-11-07 09:06:00,142.8,S2,S2_HV-2,2022-11-07,2022,2022-11
2022-11-07 10:34:00,-157.2,S2,S2_HV-1,2022-11-07,2022,2022-11
2022-11-07 11:26:00,-157.2,S2,S2_HV-1,2022-11-07,2022,2022-11
2022-11-08 09:30:00,142.8,S2,S2_HV-2,2022-11-08,2022,2022-11
2022-11-08 11:16:00,-157.2,S2,S2_HV-1,2022-11-08,2022,2022-11
2022-11-08 11:22:00,142.8,S2,S2_HV-1,2022-11-08,2022,2022-11
2022-11-08 12:23:00,142.8,S2,S2_HV-1,2022-11-08,2022,2022-11
2022-11-10 09:06:00,142.8,S2,S2_HV-1,2022-11-10,2022,2022-11
2022-11-10 09:22:00,-157.2,S2,S2_HV-1,2022-11-10,2022,2022-11
2022-11-10 11:55:00,-157.2,S2,S2_HV-1,2022-11-10,2022,2022-11
2022-11-15 09:09:00,-157.2,S2,S2_HV-1,2022-11-15,2022,2022-11
2022-11-15 11:27:00,142.8,S2,S2_HV-1,2022-11-15,2022,2022-11
2022-11-15 12:49:00,-157.2,S2,S2_HV-1,2022-11-15,2022,2022-11
2022-11-15 13:02:00,-157.2,S2,S2_HV-1,2022-11-15,2022,2022-11
2022-11-15 13:36:00,-157.2,S2,S2_HV-1,2022-11-15,2022,2022-11
2022-11-15 13:45:00,142.8,S2,S2_HV-1,2022-11-15,2022,2022-11
2022-11-16 09:11:00,142.8,S2,S2_HV-1,2022-11-16,2022,2022-11
2022-11-16 11:19:00,-157.2,S2,S2_HV-1,2022-11-16,2022,2022-11
2022-11-17 09:27:00,142.8,S2,S2_HV-1,2022-11-17,2022,2022-11
2022-11-17 10:52:00,142.8,S2,S2_HV-1,2022-11-17,2022,2022-11
2022-11-17 11:32:00,142.8,S2,S2_HV-2,2022-11-17,2022,2022-11
2022-11-17 12:36:00,-157.2,S2,S2_HV-1,2022-11-17,2022,2022-11
2022-11-18 09:11:00,142.8,S2,S2_HV-1,2022-11-18,2022,2022-11
2022-11-18 09:16:00,142.8,S2,S2_HV-2,2022-11-18,2022,2022-11
2022-11-18 09:20:00,142.8,S2,S2_HV-1,2022-11-18,2022,2022-11
2022-11-18 09:26:00,-157.2,S2,S2_HV-2,2022-11-18,2022,2022-11
2022-11-18 10:34:00,-157.2,S2,S2_HV-1,2022-11-18,2022,2022-11
2022-11-18 10:47:00,-157.2,S2,S2_HV-1,2022-11-18,2022,2022-11
2022-11-21 09:16:00,142.8,S2,S2_HV-1,2022-11-21,2022,2022-11
2022-11-21 09:39:00,142.8,S2,S2_HV-2,2022-11-21,2022,2022-11
2022-11-21 09:48:00,-157.2,S2,S2_HV-1,2022-11-21,2022,2022-11
2022-11-21 09:48:00,-157.2,S2,S2_HV-2,2022-11-21,2022,2022-11
2022-11-21 09:49:00,142.8,S2,S2_HV-1,2022-11-21,2022,2022-11
2022-11-21 11:07:00,142.8,S2,S2_HV-1,2022-11-21,2022,2022-11
2022-11-21 13:05:00,-157.2,S2,S2_HV-1,2022-11-21,2022,2022-11
2022-11-22 09:35:00,-157.2,S2,S2_HV-2,2022-11-22,2022,2022-11
2022-11-22 09:40:00,142.8,S2,S2_HV-1,2022-11-22,2022,2022-11
2022-11-22 10:53:00,-157.2,S2,S2_HV-1,2022-11-22,2022,2022-11
2022-11-23 09:20:00,142.8,S2,S2_HV-1,2022-11-23,2022,2022-11
2022-11-23 09:44:00,-157.2,S2,S2_HV-1,2022-11-23,2022,2022-11
2022-11-23 09:59:00,142.8,S2,S2_HV-2,2022-11-23,2022,2022-11
2022-11-23 10:37:00,-157.2,S2,S2_HV-1,2022-11-23,2022,2022-11
2022-11-23 10:37:00,-157.2,S2,S2_HV-2,2022-11-23,2022,2022-11
2022-11-23 11:03:00,142.8,S2,S2_HV-1,2022-11-23,2022,2022-11
2022-11-25 11:27:00,-157.2,S2,S2_HV-1,2022-11-25,2022,2022-11
2022-11-25 12:19:00,142.8,S2,S2_HV-2,2022-11-25,2022,2022-11
2022-11-25 13:30:00,142.8,S2,S2_HV-2,2022-11-25,2022,2022-11
2022-11-25 13:42:00,-57.19999999999716,S2,S2_HV-1,2022-11-25,2022,2022-11
2022-11-28 09:27:00,-157.2,S2,S2_HV-1,2022-11-28,2022,2022-11
2022-11-28 10:15:00,-157.2,S2,S2_HV-1,2022-11-28,2022,2022-11
2022-11-28 12:33:00,142.8,S2,S2_HV-1,2022-11-28,2022,2022-11
2022-11-29 09:02:00,142.8,S2,S2_HV-1,2022-11-29,2022,2022-11
2022-11-29 09:53:00,142.8,S2,S2_HV-1,2022-11-29,2022,2022-11
2022-11-29 10:34:00,142.8,S2,S2_HV-1,2022-11-29,2022,2022-11
2022-11-29 11:13:00,142.8,S2,S2_HV-1,2022-11-29,2022,2022-11
2022-11-29 11:26:00,142.8,S2,S2_HV-1,2022-11-29,2022,2022-11
2022-11-30 09:04:00,442.80000000000285,S3,S3_C,2022-11-30,2022,2022-11
2022-11-30 09:31:00,142.8,S2,S2_HV-1,2022-11-30,2022,2022-11
2022-11-30 10:44:00,142.8,S2,S2_HV-1,2022-11-30,2022,2022-11
2022-12-01 10:10:00,142.8,S2,S2_HV-1,2022-12-01,2022,2022-12
2022-12-01 11:29:00,142.8,S2,S2_HV-1,2022-12-01,2022,2022-12
2022-12-01 12:04:00,142.8,S2,S2_HV-1,2022-12-01,2022,2022-12
2022-12-01 13:49:00,142.8,S2,S2_HV-1,2022-12-01,2022,2022-12
2022-12-02 09:31:00,142.8,S2,S2_HV-1,2022-12-02,2022,2022-12
2022-12-02 09:58:00,442.80000000000285,S3,S3_C,2022-12-02,2022,2022-12
2022-12-02 11:28:00,142.8,S2,S2_HV-1,2022-12-02,2022,2022-12
2022-12-02 11:43:00,442.80000000000285,S3,S3_C,2022-12-02,2022,2022-12
2022-12-02 13:48:00,-157.2,S2,S2_HV-1,2022-12-02,2022,2022-12
2022-12-05 10:05:00,142.8,S2,S2_HV-1,2022-12-05,2022,2022-12
2022-12-05 11:11:00,-157.2,S2,S2_HV-1,2022-12-05,2022,2022-12
2022-12-05 11:26:00,-1007.2,S3,S3_C,2022-12-05,2022,2022-12
2022-12-05 11:40:00,-157.2,S2,S2_HV-1,2022-12-05,2022,2022-12
2022-12-06 09:07:00,-157.2,S2,S2_HV-1,2022-12-06,2022,2022-12
2022-12-06 09:32:00,-157.2,S2,S2_HV-1,2022-12-06,2022,2022-12
2022-12-06 11:20:00,142.8,S2,S2_HV-1,2022-12-06,2022,2022-12
2022-12-06 12:16:00,142.8,S2,S2_HV-1,2022-12-06,2022,2022-12
2022-12-06 13:13:00,-157.2,S2,S2_HV-2,2022-12-06,2022,2022-12
2022-12-06 13:49:00,142.8,S2,S2_HV-1,2022-12-06,2022,2022-12
2022-12-07 09:12:00,-157.2,S2,S2_HV-2,2022-12-07,2022,2022-12
2022-12-07 09:20:00,142.8,S2,S2_HV-1,2022-12-07,2022,2022-12
2022-12-07 09:39:00,142.8,S2,S2_HV-1,2022-12-07,2022,2022-12
2022-12-07 10:36:00,142.8,S2,S2_HV-1,2022-12-07,2022,2022-12
2022-12-07 10:59:00,142.8,S2,S2_HV-2,2022-12-07,2022,2022-12
2022-12-07 11:15:00,142.8,S2,S2_HV-2,2022-12-07,2022,2022-12
2022-12-07 11:17:00,142.8,S2,S2_HV-2,2022-12-07,2022,2022-12
2022-12-07 11:27:00,142.8,S2,S2_HV-1,2022-12-07,2022,2022-12
2022-12-07 12:59:00,142.8,S2,S2_HV-1,2022-12-07,2022,2022-12
2022-12-08 09:10:00,142.8,S2,S2_HV-1,2022-12-08,2022,2022-12
2022-12-08 09:33:00,142.8,S2,S2_HV-1,2022-12-08,2022,2022-12
2022-12-08 09:35:00,142.8,S2,S2_HV-2,2022-12-08,2022,2022-12
2022-12-08 10:24:00,142.8,S2,S2_HV-2,2022-12-08,2022,2022-12
2022-12-08 10:26:00,142.8,S2,S2_HV-1,2022-12-08,2022,2022-12
2022-12-08 10:54:00,142.8,S2,S2_HV-1,2022-12-08,2022,2022-12
2022-12-08 11:05:00,142.8,S2,S2_HV-1,2022-12-08,2022,2022-12
2022-12-08 11:39:00,142.8,S2,S2_HV-1,2022-12-08,2022,2022-12
2022-12-08 11:48:00,142.8,S2,S2_HV-2,2022-12-08,2022,2022-12
2022-12-09 09:33:00,-157.2,S2,S2_HV-1,2022-12-09,2022,2022-12
2022-12-09 09:38:00,142.8,S2,S2_HV-1,2022-12-09,2022,2022-12
2022-12-09 12:21:00,142.8,S2,S2_HV-1,2022-12-09,2022,2022-12
2022-12-09 12:33:00,-157.2,S2,S2_HV-1,2022-12-09,2022,2022-12
2022-12-09 13:25:00,142.8,S2,S2_HV-1,2022-12-09,2022,2022-12
2022-12-12 12:15:00,142.8,S2,S2_HV-1,2022-12-12,2022,2022-12
2022-12-12 12:51:00,142.8,S2,S2_HV-1,2022-12-12,2022,2022-12
2022-12-13 09:15:00,142.8,S2,S2_HV-1,2022-12-13,2022,2022-12
2022-12-13 09:30:00,142.8,S2,S2_HV-1,2022-12-13,2022,2022-12
2022-12-14 10:33:00,142.8,S2,S2_HV-1,2022-12-14,2022,2022-12
2022-12-14 10:41:00,-157.2,S2,S2_HV-1,2022-12-14,2022,2022-12
2022-12-14 11:01:00,142.8,S2,S2_HV-1,2022-12-14,2022,2022-12
2022-12-14 12:16:00,-157.2,S2,S2_HV-1,2022-12-14,2022,2022-12
2022-12-15 09:13:00,142.8,S2,S2_HV-1,2022-12-15,2022,2022-12
2022-12-15 12:08:00,-477.19999999999885,S3,S3_C,2022-12-15,2022,2022-12
2022-12-16 09:10:00,-157.2,S2,S2_HV-1,2022-12-16,2022,2022-12
2022-12-16 10:05:00,142.8,S2,S2_HV-1,2022-12-16,2022,2022-12
2022-12-19 10:04:00,142.8,S2,S2_HV-1,2022-12-19,2022,2022-12
2022-12-19 10:41:00,-157.2,S2,S2_HV-1,2022-12-19,2022,2022-12
2022-12-19 11:08:00,-157.2,S2,S2_HV-1,2022-12-19,2022,2022-12
2022-12-20 09:08:00,142.8,S2,S2_HV-1,2022-12-20,2022,2022-12
2022-12-20 11:13:00,-157.2,S2,S2_HV-1,2022-12-20,2022,2022-12
2022-12-20 12:40:00,-157.2,S2,S2_HV-1,2022-12-20,2022,2022-12
2022-12-20 12:49:00,-1007.2,S3,S3_C,2022-12-20,2022,2022-12
2022-12-21 10:50:00,-157.2,S2,S2_HV-1,2022-12-21,2022,2022-12
2022-12-22 10:09:00,142.8,S2,S2_HV-1,2022-12-22,2022,2022-12
2022-12-22 11:11:00,142.8,S2,S2_HV-1,2022-12-22,2022,2022-12
2022-12-22 13:16:00,142.8,S2,S2_HV-1,2022-12-22,2022,2022-12
2022-12-23 09:34:00,142.8,S2,S2_HV-1,2022-12-23,2022,2022-12
2022-12-27 09:31:00,142.8,S2,S2_HV-1,2022-12-27,2022,2022-12
2022-12-27 10:42:00,142.8,S2,S2_HV-1,2022-12-27,2022,2022-12
2022-12-27 11:12:00,442.80000000000285,S3,S3_C,2022-12-27,2022,2022-12
2022-12-27 11:56:00,-157.2,S2,S2_HV-1,2022-12-27,2022,2022-12
2022-12-28 09:48:00,142.8,S2,S2_HV-1,2022-12-28,2022,2022-12
2022-12-28 09:59:00,-157.2,S2,S2_HV-1,2022-12-28,2022,2022-12
2022-12-28 11:12:00,142.8,S2,S2_HV-1,2022-12-28,2022,2022-12
2022-12-29 09:27:00,142.8,S2,S2_HV-1,2022-12-29,2022,2022-12
2022-12-29 11:01:00,442.80000000000285,S3,S3_C,2022-12-29,2022,2022-12
2022-12-29 11:14:00,-157.2,S2,S2_HV-1,2022-12-29,2022,2022-12
2022-12-30 11:06:00,142.8,S2,S2_HV-1,2022-12-30,2022,2022-12
2023-01-04 09:01:00,142.8,S2,S2_HV-1,2023-01-04,2023,2023-01
2023-01-04 09:36:00,142.8,S2,S2_HV-1,2023-01-04,2023,2023-01
2023-01-04 09:58:00,142.8,S2,S2_HV-1,2023-01-04,2023,2023-01
2023-01-04 11:06:00,-157.2,S2,S2_HV-1,2023-01-04,2023,2023-01
2023-01-04 11:09:00,142.8,S2,S2_HV-1,2023-01-04,2023,2023-01
2023-01-05 09:26:00,142.8,S2,S2_HV-2,2023-01-05,2023,2023-01
2023-01-05 09:46:00,142.8,S2,S2_HV-1,2023-01-05,2023,2023-01
2023-01-05 10:37:00,-157.2,S2,S2_HV-1,2023-01-05,2023,2023-01
2023-01-05 11:28:00,142.8,S2,S2_HV-1,2023-01-05,2023,2023-01
2023-01-06 09:27:00,142.8,S2,S2_HV-1,2023-01-06,2023,2023-01
2023-01-06 09:59:00,-157.2,S2,S2_HV-1,2023-01-06,2023,2023-01
2023-01-06 13:03:00,142.8,S2,S2_HV-1,2023-01-06,2023,2023-01
2023-01-10 11:39:00,-507.2,S3,S3_C,2023-01-10,2023,2023-01
2023-01-12 11:49:00,-157.2,S2,S2_HV-1,2023-01-12,2023,2023-01
2023-01-12 13:25:00,-157.2,S2,S2_HV-1,2023-01-12,2023,2023-01
2023-01-13 09:25:00,142.8,S2,S2_HV-1,2023-01-13,2023,2023-01
2023-01-13 10:36:00,-157.2,S2,S2_HV-1,2023-01-13,2023,2023-01
2023-01-16 09:39:00,142.8,S2,S2_HV-1,2023-01-16,2023,2023-01
2023-01-17 09:01:00,-87.2,S2,S2_LV-1,2023-01-17,2023,2023-01
2023-01-17 09:55:00,-87.2,S2,S2_LV-1,2023-01-17,2023,2023-01
2023-01-17 11:22:00,72.8,S2,S2_LV-1,2023-01-17,2023,2023-01
2023-01-17 13:43:00,-87.2,S2,S2_LV-1,2023-01-17,2023,2023-01
2023-01-18 09:06:00,72.8,S2,S2_LV-3,2023-01-18,2023,2023-01
2023-01-18 09:22:00,72.8,S2,S2_LV-1,2023-01-18,2023,2023-01
2023-01-18 10:30:00,-87.2,S2,S2_LV-1,2023-01-18,2023,2023-01
2023-01-18 12:01:00,72.8,S2,S2_LV-2,2023-01-18,2023,2023-01
2023-01-18 12:52:00,-87.2,S2,S2_LV-1,2023-01-18,2023,2023-01
2023-01-18 13:20:00,72.8,S2,S2_LV-1,2023-01-18,2023,2023-01
2023-01-19 09:13:00,142.8,S2,S2_HV-1,2023-01-19,2023,2023-01
2023-01-19 10:56:00,-157.2,S2,S2_HV-1,2023-01-19,2023,2023-01
2023-01-20 09:40:00,142.8,S2,S2_HV-1,2023-01-20,2023,2023-01
2023-01-20 10:44:00,142.8,S2,S2_HV-1,2023-01-20,2023,2023-01
2023-01-20 12:37:00,142.8,S2,S2_HV-2,2023-01-20,2023,2023-01
2023-01-23 09:22:00,142.8,S2,S2_HV-1,2023-01-23,2023,2023-01
2023-01-24 09:35:00,142.8,S2,S2_HV-1,2023-01-24,2023,2023-01
2023-01-24 10:05:00,-157.2,S2,S2_HV-1,2023-01-24,2023,2023-01
2023-01-25 09:34:00,442.80000000000285,S3,S3_C,2023-01-25,2023,2023-01
2023-01-26 10:55:00,142.8,S2,S2_HV-1,2023-01-26,2023,2023-01
2023-01-26 11:33:00,-157.2,S2,S2_HV-1,2023-01-26,2023,2023-01
2023-01-27 09:30:00,142.8,S2,S2_HV-1,2023-01-27,2023,2023-01
2023-01-27 10:00:00,142.8,S2,S2_HV-1,2023-01-27,2023,2023-01
2023-01-27 11:00:00,-157.2,S2,S2_HV-1,2023-01-27,2023,2023-01
2023-01-27 11:08:00,142.8,S2,S2_HV-1,2023-01-27,2023,2023-01
2023-01-27 13:36:00,142.8,S2,S2_HV-1,2023-01-27,2023,2023-01
2023-01-30 09:33:00,-157.2,S2,S2_HV-1,2023-01-30,2023,2023-01
2023-01-31 09:34:00,142.8,S2,S2_HV-1,2023-01-31,2023,2023-01
2023-01-31 10:24:00,-157.2,S2,S2_HV-1,2023-01-31,2023,2023-01
2023-01-31 10:45:00,142.8,S2,S2_HV-1,2023-01-31,2023,2023-01
2023-02-01 09:15:00,142.8,S2,S2_HV-1,2023-02-01,2023,2023-02
2023-02-01 10:08:00,-157.2,S2,S2_HV-1,2023-02-01,2023,2023-02
2023-02-01 10:38:00,442.80000000000285,S3,S3_C,2023-02-01,2023,2023-02
2023-02-01 12:14:00,142.8,S2,S2_HV-1,2023-02-01,2023,2023-02
2023-02-02 09:06:00,-157.2,S2,S2_HV-1,2023-02-02,2023,2023-02
2023-02-02 10:10:00,142.8,S2,S2_HV-2,2023-02-02,2023,2023-02
2023-02-02 10:34:00,-157.2,S2,S2_HV-1,2023-02-02,2023,2023-02
2023-02-03 09:04:00,142.8,S2,S2_HV-1,2023-02-03,2023,2023-02
2023-02-03 09:51:00,142.8,S2,S2_HV-1,2023-02-03,2023,2023-02
2023-02-03 11:21:00,142.8,S2,S2_HV-1,2023-02-03,2023,2023-02
2023-02-03 11:33:00,142.8,S2,S2_HV-2,2023-02-03,2023,2023-02
2023-02-03 11:37:00,142.8,S2,S2_HV-1,2023-02-03,2023,2023-02
2023-02-03 12:52:00,142.8,S2,S2_HV-1,2023-02-03,2023,2023-02
2023-02-06 09:06:00,142.8,S2,S2_HV-1,2023-02-06,2023,2023-02
2023-02-06 09:39:00,-157.2,S2,S2_HV-2,2023-02-06,2023,2023-02
2023-02-06 10:37:00,142.8,S2,S2_HV-2,2023-02-06,2023,2023-02
2023-02-06 11:19:00,-157.2,S2,S2_HV-1,2023-02-06,2023,2023-02
2023-02-06 12:06:00,-157.2,S2,S2_HV-1,2023-02-06,2023,2023-02
2023-02-07 09:18:00,-157.2,S2,S2_HV-2,2023-02-07,2023,2023-02
2023-02-07 10:20:00,142.8,S2,S2_HV-1,2023-02-07,2023,2023-02
2023-02-08 09:01:00,442.80000000000285,S3,S3_C,2023-02-08,2023,2023-02
2023-02-08 10:57:00,442.80000000000285,S3,S3_C,2023-02-08,2023,2023-02
2023-02-14 10:41:00,442.80000000000285,S3,S3_C,2023-02-14,2023,2023-02
2023-02-17 09:34:00,142.8,S2,S2_HV-1,2023-02-17,2023,2023-02
2023-02-17 09:57:00,-157.2,S2,S2_HV-1,2023-02-17,2023,2023-02
2023-02-17 11:37:00,-157.2,S2,S2_HV-1,2023-02-17,2023,2023-02
2023-02-21 09:03:00,142.8,S2,S2_HV-1,2023-02-21,2023,2023-02
2023-02-21 11:14:00,-157.2,S2,S2_HV-1,2023-02-21,2023,2023-02
2023-02-22 09:06:00,72.8,S2,S2_LV-1,2023-02-22,2023,2023-02
2023-02-22 10:03:00,72.8,S2,S2_LV-1,2023-02-22,2023,2023-02
2023-02-22 10:40:00,72.8,S2,S2_LV-1,2023-02-22,2023,2023-02
2023-02-22 10:40:00,72.8,S2,S2_LV-3,2023-02-22,2023,2023-02
2023-02-22 11:20:00,72.8,S2,S2_LV-1,2023-02-22,2023,2023-02
2023-02-23 09:47:00,-157.2,S2,S2_HV-1,2023-02-23,2023,2023-02
2023-02-24 09:32:00,142.8,S2,S2_HV-1,2023-02-24,2023,2023-02
2023-02-24 09:39:00,142.8,S2,S2_HV-2,2023-02-24,2023,2023-02
2023-02-24 10:34:00,-157.2,S2,S2_HV-1,2023-02-24,2023,2023-02
2023-02-24 11:31:00,-157.2,S2,S2_HV-1,2023-02-24,2023,2023-02
2023-02-27 09:29:00,142.8,S2,S2_HV-1,2023-02-27,2023,2023-02
2023-02-27 11:24:00,142.8,S2,S2_HV-1,2023-02-27,2023,2023-02
2023-02-28 09:02:00,142.8,S2,S2_HV-1,2023-02-28,2023,2023-02
2023-02-28 09:41:00,142.8,S2,S2_HV-1,2023-02-28,2023,2023-02
2023-03-02 09:07:00,72.8,S2,S2_LV-1,2023-03-02,2023,2023-03
2023-03-02 09:44:00,72.8,S2,S2_LV-2,2023-03-02,2023,2023-03
2023-03-03 09:01:00,242.8,S3,S3_B,2023-03-03,2023,2023-03
2023-03-03 09:05:00,242.8,S3,S3_B,2023-03-03,2023,2023-03
2023-03-03 09:06:00,-807.1999999999972,S3,S3_B,2023-03-03,2023,2023-03
2023-03-03 09:18:00,242.8,S3,S3_B,2023-03-03,2023,2023-03
2023-03-03 09:38:00,242.8,S3,S3_B,2023-03-03,2023,2023-03
2023-03-03 09:53:00,242.8,S3,S3_B,2023-03-03,2023,2023-03
2023-03-03 10:37:00,242.8,S3,S3_B,2023-03-03,2023,2023-03
2023-03-03 10:40:00,242.8,S3,S3_B,2023-03-03,2023,2023-03
2023-03-03 10:56:00,242.8,S3,S3_B,2023-03-03,2023,2023-03
2023-03-06 09:44:00,142.8,S2,S2_HV-1,2023-03-06,2023,2023-03
2023-03-07 09:38:00,-157.2,S2,S2_HV-1,2023-03-07,2023,2023-03
2023-03-07 10:04:00,142.8,S2,S2_HV-1,2023-03-07,2023,2023-03
2023-03-07 11:00:00,142.8,S2,S2_HV-1,2023-03-07,2023,2023-03
2023-03-07 11:52:00,-157.2,S2,S2_HV-1,2023-03-07,2023,2023-03
2023-03-08 11:05:00,442.80000000000285,S3,S3_C,2023-03-08,2023,2023-03
2023-03-08 12:01:00,442.80000000000285,S3,S3_C,2023-03-08,2023,2023-03
2023-03-09 13:21:00,-687.1999999999927,S3,S3_C,2023-03-09,2023,2023-03
2023-03-10 09:16:00,-157.2,S2,S2_HV-1,2023-03-10,2023,2023-03
2023-03-10 10:01:00,-157.2,S2,S2_HV-1,2023-03-10,2023,2023-03
2023-03-13 09:06:00,142.8,S2,S2_HV-1,2023-03-13,2023,2023-03
2023-03-13 09:40:00,-157.2,S2,S2_HV-1,2023-03-13,2023,2023-03
2023-03-13 10:37:00,142.8,S2,S2_HV-1,2023-03-13,2023,2023-03
2023-03-13 11:49:00,142.8,S2,S2_HV-1,2023-03-13,2023,2023-03
2023-03-14 09:19:00,142.8,S2,S2_HV-1,2023-03-14,2023,2023-03
2023-03-14 09:52:00,-157.2,S2,S2_HV-1,2023-03-14,2023,2023-03
2023-03-14 10:14:00,142.8,S2,S2_HV-1,2023-03-14,2023,2023-03
2023-03-14 14:10:00,142.8,S2,S2_HV-2,2023-03-14,2023,2023-03
2023-03-14 14:10:00,142.8,S2,S2_HV-1,2023-03-14,2023,2023-03
2023-03-14 14:22:00,142.8,S2,S2_HV-2,2023-03-14,2023,2023-03
2023-03-14 14:41:00,142.8,S2,S2_HV-2,2023-03-14,2023,2023-03
2023-03-15 09:04:00,-157.2,S2,S2_HV-2,2023-03-15,2023,2023-03
2023-03-15 09:36:00,-157.2,S2,S2_HV-1,2023-03-15,2023,2023-03
2023-03-15 10:10:00,-157.2,S2,S2_HV-1,2023-03-15,2023,2023-03
2023-03-15 11:07:00,142.8,S2,S2_HV-1,2023-03-15,2023,2023-03
2023-03-15 11:07:00,142.8,S2,S2_HV-2,2023-03-15,2023,2023-03
2023-03-15 11:46:00,142.8,S2,S2_HV-1,2023-03-15,2023,2023-03
2023-03-15 12:12:00,142.8,S2,S2_HV-2,2023-03-15,2023,2023-03
2023-03-15 12:56:00,142.8,S2,S2_HV-2,2023-03-15,2023,2023-03
2023-03-15 13:00:00,142.8,S2,S2_HV-1,2023-03-15,2023,2023-03
2023-03-16 09:03:00,-157.2,S2,S2_HV-2,2023-03-16,2023,2023-03
2023-03-16 09:34:00,-157.2,S2,S2_HV-2,2023-03-16,2023,2023-03
2023-03-16 09:38:00,-157.2,S2,S2_HV-1,2023-03-16,2023,2023-03
2023-03-16 09:45:00,142.8,S2,S2_HV-1,2023-03-16,2023,2023-03
2023-03-16 10:20:00,142.8,S2,S2_HV-1,2023-03-16,2023,2023-03
2023-03-16 10:23:00,142.8,S2,S2_HV-2,2023-03-16,2023,2023-03
2023-03-16 11:02:00,142.8,S2,S2_HV-1,2023-03-16,2023,2023-03
2023-03-16 13:54:00,142.8,S2,S2_HV-1,2023-03-16,2023,2023-03
2023-03-17 09:09:00,142.8,S2,S2_HV-1,2023-03-17,2023,2023-03
2023-03-17 09:48:00,-157.2,S2,S2_HV-2,2023-03-17,2023,2023-03
2023-03-17 10:00:00,142.8,S2,S2_HV-1,2023-03-17,2023,2023-03
2023-03-17 10:12:00,-157.2,S2,S2_HV-2,2023-03-17,2023,2023-03
2023-03-17 10:24:00,-157.2,S2,S2_HV-1,2023-03-17,2023,2023-03
2023-03-17 11:46:00,-157.2,S2,S2_HV-2,2023-03-17,2023,2023-03
2023-03-17 11:48:00,-157.2,S2,S2_HV-2,2023-03-17,2023,2023-03
2023-03-20 09:56:00,442.80000000000285,S3,S3_C,2023-03-20,2023,2023-03
2023-03-20 10:12:00,142.8,S2,S2_HV-1,2023-03-20,2023,2023-03
2023-03-20 11:05:00,2.800000000005116,S2,S2_HV-1,2023-03-20,2023,2023-03
2023-03-20 12:13:00,-1407.2000000000055,S3,S3_D,2023-03-20,2023,2023-03
2023-03-21 09:01:00,142.8,S2,S2_HV-1,2023-03-21,2023,2023-03
2023-03-21 09:52:00,442.80000000000285,S3,S3_C,2023-03-21,2023,2023-03
2023-03-21 11:10:00,-157.2,S2,S2_HV-1,2023-03-21,2023,2023-03
2023-03-21 14:28:00,172.80000000000683,S3,S3_C,2023-03-21,2023,2023-03
2023-03-22 09:01:00,-157.2,S2,S2_HV-1,2023-03-22,2023,2023-03
2023-03-22 09:43:00,142.8,S2,S2_HV-1,2023-03-22,2023,2023-03
2023-03-22 13:14:00,142.8,S2,S2_HV-1,2023-03-22,2023,2023-03
2023-03-22 14:57:00,142.8,S2,S2_HV-1,2023-03-22,2023,2023-03
2023-03-23 10:24:00,-157.2,S2,S2_HV-1,2023-03-23,2023,2023-03
2023-03-23 11:00:00,142.8,S2,S2_HV-1,2023-03-23,2023,2023-03
2023-03-24 09:43:00,-157.2,S2,S2_HV-1,2023-03-24,2023,2023-03
2023-03-24 10:02:00,-157.2,S2,S2_HV-1,2023-03-24,2023,2023-03
2023-03-28 09:15:00,142.8,S2,S2_HV-1,2023-03-28,2023,2023-03
2023-03-28 09:29:00,142.8,S2,S2_HV-1,2023-03-28,2023,2023-03
2023-03-28 11:00:00,-507.2,S3,S3_C,2023-03-28,2023,2023-03
2023-03-29 10:45:00,-157.2,S2,S2_HV-1,2023-03-29,2023,2023-03
2023-03-29 12:00:00,142.8,S2,S2_HV-1,2023-03-29,2023,2023-03
2023-03-29 12:50:00,442.80000000000285,S3,S3_C,2023-03-29,2023,2023-03
2023-03-30 10:34:00,-157.2,S2,S2_HV-1,2023-03-30,2023,2023-03
2023-03-31 09:07:00,442.80000000000285,S3,S3_C,2023-03-31,2023,2023-03
2023-03-31 11:08:00,-157.2,S2,S2_HV-1,2023-03-31,2023,2023-03
2023-03-31 11:29:00,142.8,S2,S2_HV-1,2023-03-31,2023,2023-03
2023-04-03 09:07:00,-157.2,S2,S2_HV-1,2023-04-03,2023,2023-04
2023-04-03 09:55:00,142.8,S2,S2_HV-1,2023-04-03,2023,2023-04
2023-04-04 09:05:00,72.8,S2,S2_LV-1,2023-04-04,2023,2023-04
2023-04-04 09:05:00,72.8,S2,S2_LV-3,2023-04-04,2023,2023-04
2023-04-04 10:10:00,72.8,S2,S2_LV-2,2023-04-04,2023,2023-04
2023-04-04 10:30:00,72.8,S2,S2_LV-1,2023-04-04,2023,2023-04
2023-04-04 11:28:00,72.8,S2,S2_LV-1,2023-04-04,2023,2023-04
2023-04-05 09:31:00,-157.2,S2,S2_HV-1,2023-04-05,2023,2023-04
2023-04-05 10:42:00,142.8,S2,S2_HV-1,2023-04-05,2023,2023-04
2023-04-06 09:09:00,-87.2,S2,S2_LV-1,2023-04-06,2023,2023-04
2023-04-06 09:46:00,72.8,S2,S2_LV-1,2023-04-06,2023,2023-04
2023-04-06 09:54:00,-87.2,S2,S2_LV-2,2023-04-06,2023,2023-04
2023-04-10 09:05:00,242.8,S3,S3_B,2023-04-10,2023,2023-04
2023-04-10 09:19:00,72.8,S2,S2_LV-1,2023-04-10,2023,2023-04
2023-04-10 09:32:00,72.8,S2,S2_LV-2,2023-04-10,2023,2023-04
2023-04-10 09:42:00,242.8,S3,S3_B,2023-04-10,2023,2023-04
2023-04-10 10:42:00,242.8,S3,S3_B,2023-04-10,2023,2023-04
2023-04-10 10:43:00,242.8,S3,S3_B,2023-04-10,2023,2023-04
2023-04-10 11:33:00,242.8,S3,S3_B,2023-04-10,2023,2023-04
2023-04-10 11:44:00,242.8,S3,S3_B,2023-04-10,2023,2023-04
2023-04-10 12:10:00,-87.2,S2,S2_LV-1,2023-04-10,2023,2023-04
2023-04-11 10:17:00,-87.2,S2,S2_LV-1,2023-04-11,2023,2023-04
2023-04-11 11:12:00,-87.2,S2,S2_LV-1,2023-04-11,2023,2023-04
2023-04-11 13:55:00,72.8,S2,S2_LV-1,2023-04-11,2023,2023-04
2023-04-12 09:39:00,142.8,S2,S2_HV-2,2023-04-12,2023,2023-04
2023-04-12 10:36:00,-157.2,S2,S2_HV-1,2023-04-12,2023,2023-04
2023-04-12 12:02:00,142.8,S2,S2_HV-1,2023-04-12,2023,2023-04
2023-04-12 12:35:00,142.8,S2,S2_HV-2,2023-04-12,2023,2023-04
2023-04-13 09:35:00,-87.2,S2,S2_LV-1,2023-04-13,2023,2023-04
2023-04-13 12:12:00,72.8,S2,S2_LV-1,2023-04-13,2023,2023-04
2023-04-14 09:23:00,72.8,S2,S2_LV-1,2023-04-14,2023,2023-04
2023-04-14 09:34:00,72.8,S2,S2_LV-3,2023-04-14,2023,2023-04
2023-04-14 09:51:00,72.8,S2,S2_LV-1,2023-04-14,2023,2023-04
2023-04-14 10:24:00,-87.2,S2,S2_LV-3,2023-04-14,2023,2023-04
2023-04-14 10:36:00,-87.2,S2,S2_LV-1,2023-04-14,2023,2023-04
2023-04-14 10:42:00,72.8,S2,S2_LV-2,2023-04-14,2023,2023-04
2023-04-17 09:47:00,-87.2,S2,S2_LV-1,2023-04-17,2023,2023-04
2023-04-17 10:14:00,-807.1999999999972,S3,S3_B,2023-04-17,2023,2023-04
2023-04-17 10:55:00,72.8,S2,S2_LV-2,2023-04-17,2023,2023-04
2023-04-17 11:13:00,-87.2,S2,S2_LV-1,2023-04-17,2023,2023-04
2023-04-17 11:56:00,72.8,S2,S2_LV-1,2023-04-17,2023,2023-04
2023-04-18 10:33:00,142.8,S2,S2_HV-1,2023-04-18,2023,2023-04
2023-04-19 09:38:00,242.8,S3,S3_B,2023-04-19,2023,2023-04
2023-04-19 10:00:00,-807.1999999999972,S3,S3_B,2023-04-19,2023,2023-04
2023-04-19 10:02:00,-87.2,S2,S2_LV-3,2023-04-19,2023,2023-04
2023-04-19 10:03:00,72.8,S2,S2_LV-1,2023-04-19,2023,2023-04
2023-04-19 10:06:00,72.8,S2,S2_LV-3,2023-04-19,2023,2023-04
2023-04-19 10:25:00,72.8,S2,S2_LV-1,2023-04-19,2023,2023-04
2023-04-19 11:23:00,72.8,S2,S2_LV-2,2023-04-19,2023,2023-04
2023-04-19 12:07:00,-807.1999999999972,S3,S3_B,2023-04-19,2023,2023-04
2023-04-20 09:05:00,72.8,S2,S2_LV-1,2023-04-20,2023,2023-04
2023-04-20 09:09:00,72.8,S2,S2_LV-3,2023-04-20,2023,2023-04
2023-04-20 09:20:00,72.8,S2,S2_LV-3,2023-04-20,2023,2023-04
2023-04-20 09:26:00,72.8,S2,S2_LV-1,2023-04-20,2023,2023-04
2023-04-21 09:59:00,72.8,S2,S2_LV-1,2023-04-21,2023,2023-04
2023-04-21 10:46:00,72.8,S2,S2_LV-3,2023-04-21,2023,2023-04
2023-04-21 10:50:00,72.8,S2,S2_LV-1,2023-04-21,2023,2023-04
2023-04-24 09:37:00,-87.2,S2,S2_LV-1,2023-04-24,2023,2023-04
2023-04-24 10:07:00,72.8,S2,S2_LV-2,2023-04-24,2023,2023-04
2023-04-24 10:23:00,72.8,S2,S2_LV-1,2023-04-24,2023,2023-04
2023-04-24 12:42:00,72.8,S2,S2_LV-1,2023-04-24,2023,2023-04
2023-04-25 09:08:00,-87.2,S2,S2_LV-3,2023-04-25,2023,2023-04
2023-04-25 09:11:00,72.8,S2,S2_LV-1,2023-04-25,2023,2023-04
2023-04-25 10:23:00,72.8,S2,S2_LV-1,2023-04-25,2023,2023-04
2023-04-25 12:34:00,442.80000000000285,S3,S3_C,2023-04-25,2023,2023-04
2023-04-26 09:10:00,-87.2,S2,S2_LV-1,2023-04-26,2023,2023-04
2023-04-26 09:47:00,72.8,S2,S2_LV-1,2023-04-26,2023,2023-04
2023-04-26 11:16:00,72.8,S2,S2_LV-1,2023-04-26,2023,2023-04
2023-04-26 12:01:00,72.8,S2,S2_LV-2,2023-04-26,2023,2023-04
2023-04-27 09:01:00,142.8,S2,S2_HV-1,2023-04-27,2023,2023-04
2023-04-27 11:12:00,442.80000000000285,S3,S3_C,2023-04-27,2023,2023-04
2023-04-28 10:25:00,-157.2,S2,S2_HV-1,2023-04-28,2023,2023-04
2023-04-28 11:39:00,142.8,S2,S2_HV-1,2023-04-28,2023,2023-04
2023-04-28 12:07:00,-127.19999999999034,S3,S3_C,2023-04-28,2023,2023-04
2023-05-01 09:01:00,142.8,S2,S2_HV-1,2023-05-01,2023,2023-05
2023-05-01 09:34:00,442.80000000000285,S3,S3_C,2023-05-01,2023,2023-05
2023-05-01 09:36:00,-157.2,S2,S2_HV-1,2023-05-01,2023,2023-05
2023-05-02 09:44:00,-1007.2,S3,S3_C,2023-05-02,2023,2023-05
2023-05-02 10:15:00,142.8,S2,S2_HV-1,2023-05-02,2023,2023-05
2023-05-02 12:12:00,-157.2,S2,S2_HV-1,2023-05-02,2023,2023-05
2023-05-03 09:47:00,-157.2,S2,S2_HV-1,2023-05-03,2023,2023-05
2023-05-03 11:16:00,142.8,S2,S2_HV-1,2023-05-03,2023,2023-05
2023-05-03 11:18:00,142.8,S2,S2_HV-2,2023-05-03,2023,2023-05
2023-05-04 09:28:00,-157.2,S2,S2_HV-2,2023-05-04,2023,2023-05
2023-05-04 09:49:00,142.8,S2,S2_HV-2,2023-05-04,2023,2023-05
2023-05-04 10:19:00,142.8,S2,S2_HV-1,2023-05-04,2023,2023-05
2023-05-04 11:07:00,-157.2,S2,S2_HV-1,2023-05-04,2023,2023-05
2023-05-05 09:52:00,142.8,S2,S2_HV-1,2023-05-05,2023,2023-05
2023-05-08 09:01:00,-157.2,S2,S2_HV-1,2023-05-08,2023,2023-05
2023-05-09 09:05:00,142.8,S2,S2_HV-1,2023-05-09,2023,2023-05
2023-05-09 09:44:00,442.80000000000285,S3,S3_C,2023-05-09,2023,2023-05
2023-05-09 10:34:00,-157.2,S2,S2_HV-1,2023-05-09,2023,2023-05
2023-05-09 11:30:00,-157.2,S2,S2_HV-1,2023-05-09,2023,2023-05
2023-05-09 13:29:00,442.80000000000285,S3,S3_D,2023-05-09,2023,2023-05
2023-05-09 13:42:00,-157.2,S2,S2_HV-1,2023-05-09,2023,2023-05
2023-05-10 09:33:00,142.8,S2,S2_HV-1,2023-05-10,2023,2023-05
2023-05-10 09:49:00,142.8,S2,S2_HV-1,2023-05-10,2023,2023-05
2023-05-10 10:09:00,442.80000000000285,S3,S3_C,2023-05-10,2023,2023-05
2023-05-10 13:42:00,-157.2,S2,S2_HV-1,2023-05-10,2023,2023-05
2023-05-11 09:05:00,142.8,S2,S2_HV-1,2023-05-11,2023,2023-05
2023-05-11 10:13:00,-157.2,S2,S2_HV-1,2023-05-11,2023,2023-05
2023-05-12 10:10:00,-157.2,S2,S2_HV-1,2023-05-12,2023,2023-05
2023-05-12 10:52:00,-767.2000000000052,S3,S3_C,2023-05-12,2023,2023-05
2023-05-12 10:59:00,142.8,S2,S2_HV-1,2023-05-12,2023,2023-05
2023-05-15 09:12:00,-157.2,S2,S2_HV-1,2023-05-15,2023,2023-05
2023-05-16 11:47:00,142.8,S2,S2_HV-1,2023-05-16,2023,2023-05
2023-05-17 09:32:00,142.8,S2,S2_HV-1,2023-05-17,2023,2023-05
2023-05-17 11:48:00,142.8,S2,S2_HV-1,2023-05-17,2023,2023-05
2023-05-17 13:34:00,-27.19999999999602,S2,S2_HV-1,2023-05-17,2023,2023-05
2023-05-19 09:46:00,142.8,S2,S2_HV-1,2023-05-19,2023,2023-05
2023-05-19 10:49:00,-837.2000000000126,S3,S3_C,2023-05-19,2023,2023-05
2023-05-19 11:19:00,142.8,S2,S2_HV-1,2023-05-19,2023,2023-05
2023-05-19 11:33:00,142.8,S2,S2_HV-1,2023-05-19,2023,2023-05
2023-05-22 09:11:00,142.8,S2,S2_HV-1,2023-05-22,2023,2023-05
2023-05-22 09:33:00,-157.2,S2,S2_HV-1,2023-05-22,2023,2023-05
2023-05-22 13:27:00,142.8,S2,S2_HV-1,2023-05-22,2023,2023-05
2023-05-23 09:05:00,142.8,S2,S2_HV-1,2023-05-23,2023,2023-05
2023-05-24 10:30:00,142.8,S2,S2_HV-1,2023-05-24,2023,2023-05
2023-05-24 12:31:00,142.8,S2,S2_HV-1,2023-05-24,2023,2023-05
2023-05-25 09:15:00,72.8,S2,S2_LV-1,2023-05-25,2023,2023-05
2023-05-25 09:18:00,-87.2,S2,S2_LV-3,2023-05-25,2023,2023-05
2023-05-25 09:19:00,72.8,S2,S2_LV-1,2023-05-25,2023,2023-05
2023-05-25 10:12:00,72.8,S2,S2_LV-1,2023-05-25,2023,2023-05
2023-05-25 12:30:00,72.8,S2,S2_LV-1,2023-05-25,2023,2023-05
2023-05-25 12:31:00,72.8,S2,S2_LV-3,2023-05-25,2023,2023-05
2023-05-29 10:43:00,-87.2,S2,S2_LV-2,2023-05-29,2023,2023-05
2023-05-30 09:07:00,72.8,S2,S2_LV-3,2023-05-30,2023,2023-05
2023-05-30 09:37:00,72.8,S2,S2_LV-1,2023-05-30,2023,2023-05
2023-05-30 09:37:00,72.8,S2,S2_LV-3,2023-05-30,2023,2023-05
2023-05-30 09:44:00,72.8,S2,S2_LV-1,2023-05-30,2023,2023-05
2023-05-30 12:54:00,72.8,S2,S2_LV-1,2023-05-30,2023,2023-05
2023-05-30 13:16:00,72.8,S2,S2_LV-3,2023-05-30,2023,2023-05
2023-05-30 13:17:00,72.8,S2,S2_LV-3,2023-05-30,2023,2023-05
2023-05-31 09:20:00,-157.2,S2,S2_HV-1,2023-05-31,2023,2023-05
2023-05-31 09:35:00,142.8,S2,S2_HV-1,2023-05-31,2023,2023-05
2023-06-01 09:04:00,142.8,S2,S2_HV-2,2023-06-01,2023,2023-06
2023-06-01 09:06:00,142.8,S2,S2_HV-1,2023-06-01,2023,2023-06
2023-06-01 11:02:00,142.8,S2,S2_HV-1,2023-06-01,2023,2023-06
2023-06-01 12:29:00,142.8,S2,S2_HV-1,2023-06-01,2023,2023-06
2023-06-05 10:42:00,142.8,S2,S2_HV-1,2023-06-05,2023,2023-06
2023-06-07 09:38:00,442.80000000000285,S3,S3_C,2023-06-07,2023,2023-06
2023-06-07 09:55:00,142.8,S2,S2_HV-1,2023-06-07,2023,2023-06
2023-06-07 11:38:00,142.8,S2,S2_HV-1,2023-06-07,2023,2023-06
2023-06-08 10:08:00,142.8,S2,S2_HV-1,2023-06-08,2023,2023-06
2023-06-08 11:51:00,142.8,S2,S2_HV-1,2023-06-08,2023,2023-06
2023-06-08 12:06:00,-157.2,S2,S2_HV-1,2023-06-08,2023,2023-06
2023-06-08 12:29:00,142.8,S2,S2_HV-1,2023-06-08,2023,2023-06
2023-06-08 12:30:00,442.80000000000285,S3,S3_C,2023-06-08,2023,2023-06
2023-06-08 12:57:00,-637.2000000000097,S3,S3_C,2023-06-08,2023,2023-06
2023-06-09 09:34:00,-157.2,S2,S2_HV-1,2023-06-09,2023,2023-06
2023-06-09 10:34:00,-157.2,S2,S2_HV-1,2023-06-09,2023,2023-06
2023-06-12 10:05:00,142.8,S2,S2_HV-2,2023-06-12,2023,2023-06
2023-06-12 10:17:00,142.8,S2,S2_HV-1,2023-06-12,2023,2023-06
2023-06-12 11:12:00,-157.2,S2,S2_HV-1,2023-06-12,2023,2023-06
2023-06-13 09:49:00,-157.2,S2,S2_HV-1,2023-06-13,2023,2023-06
2023-06-14 10:05:00,-157.2,S2,S2_HV-1,2023-06-14,2023,2023-06
2023-06-14 10:33:00,142.8,S2,S2_HV-1,2023-06-14,2023,2023-06
2023-06-14 11:46:00,142.8,S2,S2_HV-1,2023-06-14,2023,2023-06
2023-06-20 10:02:00,72.8,S2,S2_LV-1,2023-06-20,2023,2023-06
2023-06-20 10:25:00,72.8,S2,S2_LV-1,2023-06-20,2023,2023-06
2023-06-21 09:42:00,142.8,S2,S2_HV-1,2023-06-21,2023,2023-06
2023-06-21 11:46:00,-157.2,S2,S2_HV-1,2023-06-21,2023,2023-06
2023-06-22 09:07:00,-157.2,S2,S2_HV-1,2023-06-22,2023,2023-06
2023-06-22 10:13:00,442.80000000000285,S3,S3_C,2023-06-22,2023,2023-06
2023-06-22 11:31:00,142.8,S2,S2_HV-1,2023-06-22,2023,2023-06
2023-06-23 09:22:00,-157.2,S2,S2_HV-1,2023-06-23,2023,2023-06
2023-06-23 09:56:00,142.8,S2,S2_HV-1,2023-06-23,2023,2023-06
2023-06-23 12:22:00,142.8,S2,S2_HV-1,2023-06-23,2023,2023-06
2023-06-26 11:11:00,142.8,S2,S2_HV-1,2023-06-26,2023,2023-06
2023-06-27 09:44:00,142.8,S2,S2_HV-1,2023-06-27,2023,2023-06
2023-06-27 12:36:00,-157.2,S2,S2_HV-1,2023-06-27,2023,2023-06
2023-06-28 09:51:00,142.8,S2,S2_HV-1,2023-06-28,2023,2023-06
2023-06-28 10:48:00,-157.2,S2,S2_HV-1,2023-06-28,2023,2023-06
2023-06-28 11:23:00,142.8,S2,S2_HV-1,2023-06-28,2023,2023-06
2023-06-29 09:02:00,142.8,S2,S2_HV-1,2023-06-29,2023,2023-06
2023-06-29 09:08:00,442.80000000000285,S3,S3_C,2023-06-29,2023,2023-06
2023-06-29 10:33:00,142.8,S2,S2_HV-1,2023-06-29,2023,2023-06
2023-06-30 10:27:00,442.80000000000285,S3,S3_C,2023-06-30,2023,2023-06
2023-07-03 09:13:00,-157.2,S2,S2_HV-1,2023-07-03,2023,2023-07
2023-07-03 10:22:00,142.8,S2,S2_HV-1,2023-07-03,2023,2023-07
2023-07-04 10:29:00,142.8,S2,S2_HV-1,2023-07-04,2023,2023-07
2023-07-06 09:03:00,72.8,S2,S2_LV-1,2023-07-06,2023,2023-07
2023-07-06 09:47:00,72.8,S2,S2_LV-2,2023-07-06,2023,2023-07
2023-07-06 10:05:00,72.8,S2,S2_LV-1,2023-07-06,2023,2023-07
2023-07-06 11:01:00,72.8,S2,S2_LV-1,2023-07-06,2023,2023-07
2023-07-07 09:04:00,242.8,S3,S3_B,2023-07-07,2023,2023-07
2023-07-07 09:08:00,-807.1999999999972,S3,S3_B,2023-07-07,2023,2023-07
2023-07-07 09:14:00,72.8,S2,S2_LV-1,2023-07-07,2023,2023-07
2023-07-07 09:42:00,72.8,S2,S2_LV-1,2023-07-07,2023,2023-07
2023-07-07 09:53:00,72.8,S2,S2_LV-1,2023-07-07,2023,2023-07
2023-07-07 10:01:00,242.8,S3,S3_B,2023-07-07,2023,2023-07
2023-07-07 11:01:00,72.8,S2,S2_LV-1,2023-07-07,2023,2023-07
2023-07-07 11:11:00,-627.2027465820313,S3,S3_B,2023-07-07,2023,2023-07
2023-07-07 12:50:00,72.8,S2,S2_LV-3,2023-07-07,2023,2023-07
2023-07-10 10:56:00,-157.2,S2,S2_HV-1,2023-07-10,2023,2023-07
2023-07-10 10:57:00,-157.2,S2,S2_HV-2,2023-07-10,2023,2023-07
2023-07-10 13:23:00,-157.2,S2,S2_HV-1,2023-07-10,2023,2023-07
2023-07-11 09:38:00,72.8,S2,S2_LV-1,2023-07-11,2023,2023-07
2023-07-11 10:31:00,72.8,S2,S2_LV-1,2023-07-11,2023,2023-07
2023-07-11 10:58:00,72.8,S2,S2_LV-1,2023-07-11,2023,2023-07
2023-07-12 10:05:00,-157.2,S2,S2_HV-2,2023-07-12,2023,2023-07
2023-07-12 11:39:00,142.8,S2,S2_HV-1,2023-07-12,2023,2023-07
2023-07-13 09:04:00,142.8,S2,S2_HV-1,2023-07-13,2023,2023-07
2023-07-13 10:08:00,142.8,S2,S2_HV-1,2023-07-13,2023,2023-07
2023-07-13 12:00:00,-157.2,S2,S2_HV-1,2023-07-13,2023,2023-07
2023-07-14 09:53:00,-157.2,S2,S2_HV-1,2023-07-14,2023,2023-07
2023-07-14 12:56:00,-57.19999999999716,S2,S2_HV-1,2023-07-14,2023,2023-07
2023-07-17 09:06:00,72.8,S2,S2_LV-1,2023-07-17,2023,2023-07
2023-07-17 11:02:00,-87.2,S2,S2_LV-1,2023-07-17,2023,2023-07
2023-07-18 10:00:00,72.8,S2,S2_LV-3,2023-07-18,2023,2023-07
2023-07-18 10:14:00,-87.2,S2,S2_LV-1,2023-07-18,2023,2023-07
2023-07-18 12:44:00,-87.2,S2,S2_LV-3,2023-07-18,2023,2023-07
2023-07-18 13:02:00,72.8,S2,S2_LV-1,2023-07-18,2023,2023-07
2023-07-19 09:39:00,-87.2,S2,S2_LV-3,2023-07-19,2023,2023-07
2023-07-19 09:40:00,72.8,S2,S2_LV-1,2023-07-19,2023,2023-07
2023-07-19 11:24:00,442.80000000000285,S3,S3_C,2023-07-19,2023,2023-07
2023-07-19 12:00:00,72.8,S2,S2_LV-2,2023-07-19,2023,2023-07
2023-07-20 10:11:00,-157.2,S2,S2_HV-1,2023-07-20,2023,2023-07
2023-07-20 11:49:00,442.80000000000285,S3,S3_C,2023-07-20,2023,2023-07
2023-07-20 12:04:00,142.8,S2,S2_HV-1,2023-07-20,2023,2023-07
2023-07-21 09:51:00,142.8,S2,S2_HV-1,2023-07-21,2023,2023-07
2023-07-21 10:43:00,142.8,S2,S2_HV-1,2023-07-21,2023,2023-07
2023-07-21 13:12:00,-157.2,S2,S2_HV-2,2023-07-21,2023,2023-07
2023-07-24 09:41:00,72.8,S2,S2_LV-2,2023-07-24,2023,2023-07
2023-07-24 09:42:00,72.8,S2,S2_LV-1,2023-07-24,2023,2023-07
2023-07-24 09:56:00,72.8,S2,S2_LV-1,2023-07-24,2023,2023-07
2023-07-24 10:09:00,72.8,S2,S2_LV-3,2023-07-24,2023,2023-07
2023-07-24 11:13:00,-87.2,S2,S2_LV-3,2023-07-24,2023,2023-07
2023-07-24 11:13:00,-87.2,S2,S2_LV-1,2023-07-24,2023,2023-07
2023-07-25 09:49:00,142.8,S2,S2_HV-1,2023-07-25,2023,2023-07
2023-07-25 11:40:00,142.8,S2,S2_HV-2,2023-07-25,2023,2023-07
2023-07-26 11:30:00,-157.2,S2,S2_HV-1,2023-07-26,2023,2023-07
2023-07-27 09:15:00,-157.2,S2,S2_HV-2,2023-07-27,2023,2023-07
2023-07-27 11:21:00,142.8,S2,S2_HV-1,2023-07-27,2023,2023-07
2023-07-27 13:15:00,-157.2,S2,S2_HV-2,2023-07-27,2023,2023-07
2023-07-28 09:12:00,-87.2,S2,S2_LV-1,2023-07-28,2023,2023-07
2023-07-28 10:21:00,72.8,S2,S2_LV-3,2023-07-28,2023,2023-07
2023-07-28 10:40:00,72.8,S2,S2_LV-2,2023-07-28,2023,2023-07
2023-07-31 09:09:00,142.8,S2,S2_HV-1,2023-07-31,2023,2023-07
2023-07-31 09:19:00,-157.2,S2,S2_HV-2,2023-07-31,2023,2023-07
2023-08-01 09:04:00,72.8,S2,S2_LV-1,2023-08-01,2023,2023-08
2023-08-01 09:38:00,72.8,S2,S2_LV-2,2023-08-01,2023,2023-08
2023-08-02 09:12:00,72.8,S2,S2_LV-1,2023-08-02,2023,2023-08
2023-08-02 09:40:00,-87.2,S2,S2_LV-1,2023-08-02,2023,2023-08
2023-08-02 09:48:00,-87.2,S2,S2_LV-2,2023-08-02,2023,2023-08
2023-08-02 10:34:00,-87.2,S2,S2_LV-1,2023-08-02,2023,2023-08
2023-08-02 10:47:00,72.8,S2,S2_LV-1,2023-08-02,2023,2023-08
2023-08-02 11:01:00,72.8,S2,S2_LV-1,2023-08-02,2023,2023-08
2023-08-04 09:06:00,-157.2,S2,S2_HV-2,2023-08-04,2023,2023-08
2023-08-04 09:07:00,-157.2,S2,S2_HV-1,2023-08-04,2023,2023-08
2023-08-04 11:35:00,142.8,S2,S2_HV-2,2023-08-04,2023,2023-08
2023-08-04 13:39:00,62.80000000000739,S2,S2_HV-2,2023-08-04,2023,2023-08
2023-08-08 09:35:00,-157.2,S2,S2_HV-1,2023-08-08,2023,2023-08
2023-08-08 10:21:00,142.8,S2,S2_HV-1,2023-08-08,2023,2023-08
2023-08-09 09:47:00,-157.2,S2,S2_HV-2,2023-08-09,2023,2023-08
2023-08-09 09:48:00,142.8,S2,S2_HV-1,2023-08-09,2023,2023-08
2023-08-09 10:38:00,142.8,S2,S2_HV-2,2023-08-09,2023,2023-08
2023-08-09 11:26:00,142.8,S2,S2_HV-1,2023-08-09,2023,2023-08
2023-08-10 10:18:00,142.8,S2,S2_HV-1,2023-08-10,2023,2023-08
2023-08-10 11:43:00,142.8,S2,S2_HV-1,2023-08-10,2023,2023-08
2023-08-11 10:01:00,142.8,S2,S2_HV-1,2023-08-11,2023,2023-08
2023-08-14 09:07:00,142.8,S2,S2_HV-1,2023-08-14,2023,2023-08
2023-08-14 09:31:00,142.8,S2,S2_HV-1,2023-08-14,2023,2023-08
2023-08-15 09:32:00,142.8,S2,S2_HV-1,2023-08-15,2023,2023-08
2023-08-15 11:52:00,142.8,S2,S2_HV-1,2023-08-15,2023,2023-08
2023-08-16 09:39:00,72.8,S2,S2_LV-1,2023-08-16,2023,2023-08
2023-08-16 10:31:00,-87.2,S2,S2_LV-2,2023-08-16,2023,2023-08
2023-08-16 12:51:00,-87.2,S2,S2_LV-1,2023-08-16,2023,2023-08
2023-08-17 09:14:00,72.8,S2,S2_LV-1,2023-08-17,2023,2023-08
2023-08-17 09:14:00,72.8,S2,S2_LV-3,2023-08-17,2023,2023-08
2023-08-17 10:55:00,-87.2,S2,S2_LV-1,2023-08-17,2023,2023-08
2023-08-18 09:16:00,72.8,S2,S2_LV-1,2023-08-18,2023,2023-08
2023-08-18 09:30:00,72.8,S2,S2_LV-1,2023-08-18,2023,2023-08
2023-08-18 09:30:00,72.8,S2,S2_LV-2,2023-08-18,2023,2023-08
2023-08-18 09:40:00,442.80000000000285,S3,S3_C,2023-08-18,2023,2023-08
2023-08-21 09:50:00,72.8,S2,S2_LV-1,2023-08-21,2023,2023-08
2023-08-21 10:07:00,-87.2,S2,S2_LV-2,2023-08-21,2023,2023-08
2023-08-21 10:33:00,72.8,S2,S2_LV-1,2023-08-21,2023,2023-08
2023-08-23 09:07:00,72.8,S2,S2_LV-3,2023-08-23,2023,2023-08
2023-08-23 09:15:00,72.8,S2,S2_LV-1,2023-08-23,2023,2023-08
2023-08-23 10:01:00,72.8,S2,S2_LV-3,2023-08-23,2023,2023-08
2023-08-23 10:06:00,72.8,S2,S2_LV-1,2023-08-23,2023,2023-08
2023-08-23 10:30:00,-87.2,S2,S2_LV-2,2023-08-23,2023,2023-08
2023-08-23 11:30:00,-87.2,S2,S2_LV-1,2023-08-23,2023,2023-08
2023-08-24 09:16:00,-87.2,S2,S2_LV-1,2023-08-24,2023,2023-08
2023-08-24 09:39:00,72.8,S2,S2_LV-3,2023-08-24,2023,2023-08
2023-08-24 10:04:00,-87.2,S2,S2_LV-2,2023-08-24,2023,2023-08
2023-08-24 10:30:00,-87.2,S2,S2_LV-1,2023-08-24,2023,2023-08
2023-08-24 10:40:00,72.8,S2,S2_LV-1,2023-08-24,2023,2023-08
2023-08-25 09:10:00,242.8,S3,S3_B,2023-08-25,2023,2023-08
2023-08-25 09:55:00,-157.2,S2,S2_HV-1,2023-08-25,2023,2023-08
2023-08-25 10:09:00,242.8,S3,S3_B,2023-08-25,2023,2023-08
2023-08-25 13:09:00,-157.2,S2,S2_HV-1,2023-08-25,2023,2023-08
2023-08-25 13:18:00,242.8,S3,S3_B,2023-08-25,2023,2023-08
2023-08-25 13:21:00,242.8,S3,S3_B,2023-08-25,2023,2023-08
2023-08-25 13:28:00,242.8,S3,S3_B,2023-08-25,2023,2023-08
2023-08-25 13:42:00,242.8,S3,S3_B,2023-08-25,2023,2023-08
2023-08-25 13:56:00,242.8,S3,S3_B,2023-08-25,2023,2023-08
2023-08-29 10:19:00,-157.2,S2,S2_HV-1,2023-08-29,2023,2023-08
2023-08-29 11:04:00,-157.2,S2,S2_HV-2,2023-08-29,2023,2023-08
2023-08-29 13:24:00,142.8,S2,S2_HV-2,2023-08-29,2023,2023-08
2023-08-30 09:49:00,-157.2,S2,S2_HV-2,2023-08-30,2023,2023-08
2023-08-30 12:09:00,142.8,S2,S2_HV-1,2023-08-30,2023,2023-08
2023-08-31 09:47:00,142.8,S2,S2_HV-1,2023-08-31,2023,2023-08
2023-08-31 10:50:00,-157.2,S2,S2_HV-1,2023-08-31,2023,2023-08
2023-09-01 09:07:00,-157.2,S2,S2_HV-2,2023-09-01,2023,2023-09
2023-09-01 09:50:00,142.8,S2,S2_HV-1,2023-09-01,2023,2023-09
2023-09-04 09:05:00,72.8,S2,S2_LV-1,2023-09-04,2023,2023-09
2023-09-05 09:02:00,72.8,S2,S2_LV-1,2023-09-05,2023,2023-09
2023-09-05 09:09:00,72.8,S2,S2_LV-1,2023-09-05,2023,2023-09
2023-09-05 09:22:00,72.8,S2,S2_LV-3,2023-09-05,2023,2023-09
2023-09-05 11:29:00,72.8,S2,S2_LV-1,2023-09-05,2023,2023-09
2023-09-05 11:45:00,72.8,S2,S2_LV-3,2023-09-05,2023,2023-09
2023-09-06 09:12:00,72.8,S2,S2_LV-1,2023-09-06,2023,2023-09
2023-09-06 09:35:00,72.8,S2,S2_LV-3,2023-09-06,2023,2023-09
2023-09-06 10:00:00,-87.2,S2,S2_LV-1,2023-09-06,2023,2023-09
2023-09-06 12:34:00,72.8,S2,S2_LV-3,2023-09-06,2023,2023-09
2023-09-07 09:40:00,72.8,S2,S2_LV-1,2023-09-07,2023,2023-09
2023-09-07 13:03:00,72.8,S2,S2_LV-1,2023-09-07,2023,2023-09
2023-09-08 09:42:00,-87.2,S2,S2_LV-2,2023-09-08,2023,2023-09
2023-09-08 09:54:00,72.8,S2,S2_LV-1,2023-09-08,2023,2023-09
2023-09-08 10:08:00,72.8,S2,S2_LV-1,2023-09-08,2023,2023-09
2023-09-11 09:32:00,-157.2,S2,S2_HV-1,2023-09-11,2023,2023-09
2023-09-12 09:04:00,142.8,S2,S2_HV-1,2023-09-12,2023,2023-09
2023-09-12 09:48:00,-157.2,S2,S2_HV-1,2023-09-12,2023,2023-09
2023-09-12 09:52:00,-157.2,S2,S2_HV-2,2023-09-12,2023,2023-09
2023-09-13 09:27:00,72.8,S2,S2_LV-1,2023-09-13,2023,2023-09
2023-09-13 10:06:00,72.8,S2,S2_LV-2,2023-09-13,2023,2023-09
2023-09-13 10:32:00,72.8,S2,S2_LV-1,2023-09-13,2023,2023-09
2023-09-14 10:56:00,-87.2,S2,S2_LV-1,2023-09-14,2023,2023-09
2023-09-15 09:29:00,-87.2,S2,S2_LV-1,2023-09-15,2023,2023-09
2023-09-15 09:47:00,72.8,S2,S2_LV-1,2023-09-15,2023,2023-09
2023-09-15 10:44:00,-87.2,S2,S2_LV-1,2023-09-15,2023,2023-09
2023-09-15 10:48:00,72.8,S2,S2_LV-3,2023-09-15,2023,2023-09
2023-09-15 11:32:00,72.8,S2,S2_LV-1,2023-09-15,2023,2023-09
2023-09-18 09:05:00,72.8,S2,S2_LV-1,2023-09-18,2023,2023-09
2023-09-18 09:43:00,-87.2,S2,S2_LV-2,2023-09-18,2023,2023-09
2023-09-18 13:26:00,-87.2,S2,S2_LV-1,2023-09-18,2023,2023-09
2023-09-19 09:05:00,72.8,S2,S2_LV-1,2023-09-19,2023,2023-09
2023-09-19 09:19:00,-87.2,S2,S2_LV-3,2023-09-19,2023,2023-09
2023-09-19 09:39:00,72.8,S2,S2_LV-1,2023-09-19,2023,2023-09
2023-09-19 12:31:00,72.8,S2,S2_LV-1,2023-09-19,2023,2023-09
2023-09-19 12:33:00,-87.2,S2,S2_LV-2,2023-09-19,2023,2023-09
2023-09-19 13:50:00,-87.2,S2,S2_LV-1,2023-09-19,2023,2023-09
2023-09-20 09:06:00,-807.1999999999972,S3,S3_B,2023-09-20,2023,2023-09
2023-09-20 09:17:00,72.8,S2,S2_LV-1,2023-09-20,2023,2023-09
2023-09-20 09:34:00,72.8,S2,S2_LV-3,2023-09-20,2023,2023-09
2023-09-20 09:35:00,-87.2,S2,S2_LV-1,2023-09-20,2023,2023-09
2023-09-20 10:04:00,72.8,S2,S2_LV-3,2023-09-20,2023,2023-09
2023-09-20 10:13:00,72.8,S2,S2_LV-1,2023-09-20,2023,2023-09
2023-09-20 11:15:00,72.8,S2,S2_LV-3,2023-09-20,2023,2023-09
2023-09-21 09:26:00,142.8,S2,S2_HV-1,2023-09-21,2023,2023-09
2023-09-22 09:42:00,142.8,S2,S2_HV-1,2023-09-22,2023,2023-09
2023-09-22 10:31:00,142.8,S2,S2_HV-1,2023-09-22,2023,2023-09
2023-09-22 11:45:00,142.8,S2,S2_HV-1,2023-09-22,2023,2023-09
2023-09-25 10:41:00,-157.2,S2,S2_HV-1,2023-09-25,2023,2023-09
2023-09-26 12:02:00,142.8,S2,S2_HV-1,2023-09-26,2023,2023-09
2023-09-27 09:13:00,142.8,S2,S2_HV-1,2023-09-27,2023,2023-09
2023-09-27 09:20:00,-157.2,S2,S2_HV-1,2023-09-27,2023,2023-09
2023-09-27 09:20:00,142.8,S2,S2_HV-2,2023-09-27,2023,2023-09
2023-09-27 10:51:00,142.8,S2,S2_HV-2,2023-09-27,2023,2023-09
2023-09-27 10:52:00,142.8,S2,S2_HV-1,2023-09-27,2023,2023-09
2023-09-27 11:19:00,142.8,S2,S2_HV-2,2023-09-27,2023,2023-09
2023-09-27 11:33:00,-157.2,S2,S2_HV-1,2023-09-27,2023,2023-09
2023-09-28 09:09:00,-157.2,S2,S2_HV-1,2023-09-28,2023,2023-09
2023-09-28 10:17:00,-157.2,S2,S2_HV-1,2023-09-28,2023,2023-09
2023-09-28 13:30:00,142.8,S2,S2_HV-1,2023-09-28,2023,2023-09
2023-09-29 09:08:00,142.8,S2,S2_HV-1,2023-09-29,2023,2023-09
2023-09-29 09:41:00,-157.2,S2,S2_HV-1,2023-09-29,2023,2023-09
2023-09-29 11:47:00,-157.2,S2,S2_HV-1,2023-09-29,2023,2023-09
2023-10-02 10:52:00,442.80000000000285,S3,S3_C,2023-10-02,2023,2023-10
2023-10-03 09:11:00,-157.2,S2,S2_HV-1,2023-10-03,2023,2023-10
2023-10-03 09:49:00,142.8,S2,S2_HV-1,2023-10-03,2023,2023-10
2023-10-03 10:37:00,142.8,S2,S2_HV-1,2023-10-03,2023,2023-10
2023-10-03 11:44:00,142.8,S2,S2_HV-1,2023-10-03,2023,2023-10
2023-10-04 09:48:00,-157.2,S2,S2_HV-1,2023-10-04,2023,2023-10
2023-10-04 10:33:00,142.8,S2,S2_HV-2,2023-10-04,2023,2023-10
2023-10-04 11:02:00,-157.2,S2,S2_HV-1,2023-10-04,2023,2023-10
2023-10-05 09:14:00,142.8,S2,S2_HV-2,2023-10-05,2023,2023-10
2023-10-05 09:36:00,142.8,S2,S2_HV-1,2023-10-05,2023,2023-10
2023-10-05 09:52:00,-157.2,S2,S2_HV-1,2023-10-05,2023,2023-10
2023-10-05 10:55:00,142.8,S2,S2_HV-1,2023-10-05,2023,2023-10
2023-10-05 11:53:00,-157.2,S2,S2_HV-1,2023-10-05,2023,2023-10
2023-10-06 09:12:00,142.8,S2,S2_HV-1,2023-10-06,2023,2023-10
2023-10-06 09:48:00,142.8,S2,S2_HV-2,2023-10-06,2023,2023-10
2023-10-06 09:50:00,142.8,S2,S2_HV-1,2023-10-06,2023,2023-10
2023-10-09 10:08:00,-157.2,S2,S2_HV-1,2023-10-09,2023,2023-10
2023-10-10 09:01:00,-157.2,S2,S2_HV-1,2023-10-10,2023,2023-10
2023-10-10 10:30:00,142.8,S2,S2_HV-1,2023-10-10,2023,2023-10
2023-10-11 09:01:00,442.80000000000285,S3,S3_C,2023-10-11,2023,2023-10
2023-10-11 09:04:00,-157.2,S2,S2_HV-1,2023-10-11,2023,2023-10
2023-10-11 10:38:00,442.80000000000285,S3,S3_C,2023-10-11,2023,2023-10
2023-10-11 10:39:00,142.8,S2,S2_HV-1,2023-10-11,2023,2023-10
2023-10-11 11:36:00,142.8,S2,S2_HV-1,2023-10-11,2023,2023-10
2023-10-12 10:15:00,-157.2,S2,S2_HV-1,2023-10-12,2023,2023-10
2023-10-12 13:53:00,2.799999999990905,S3,S3_C,2023-10-12,2023,2023-10
2023-10-13 10:25:00,-157.2,S2,S2_HV-1,2023-10-13,2023,2023-10
2023-10-16 09:03:00,142.8,S2,S2_HV-1,2023-10-16,2023,2023-10
2023-10-16 10:21:00,-157.2,S2,S2_HV-1,2023-10-16,2023,2023-10
2023-10-16 10:24:00,-157.2,S2,S2_HV-1,2023-10-16,2023,2023-10
2023-10-17 09:31:00,-157.2,S2,S2_HV-1,2023-10-17,2023,2023-10
2023-10-17 09:50:00,-157.2,S2,S2_HV-1,2023-10-17,2023,2023-10
2023-10-17 11:30:00,142.8,S2,S2_HV-1,2023-10-17,2023,2023-10
2023-10-18 09:13:00,-157.2,S2,S2_HV-1,2023-10-18,2023,2023-10
2023-10-18 09:41:00,142.8,S2,S2_HV-1,2023-10-18,2023,2023-10
2023-10-19 09:01:00,-157.2,S2,S2_HV-1,2023-10-19,2023,2023-10
2023-10-19 11:40:00,-157.2,S2,S2_HV-1,2023-10-19,2023,2023-10
2023-10-19 13:03:00,-157.2,S2,S2_HV-1,2023-10-19,2023,2023-10
2023-10-20 09:49:00,142.8,S2,S2_HV-1,2023-10-20,2023,2023-10
2023-10-20 10:04:00,-157.2,S2,S2_HV-1,2023-10-20,2023,2023-10
2023-10-20 13:16:00,-157.2,S2,S2_HV-1,2023-10-20,2023,2023-10
2023-10-23 09:24:00,142.8,S2,S2_HV-1,2023-10-23,2023,2023-10
2023-10-23 09:36:00,-157.2,S2,S2_HV-1,2023-10-23,2023,2023-10
2023-10-23 11:42:00,-157.2,S2,S2_HV-1,2023-10-23,2023,2023-10
2023-10-23 13:15:00,142.8,S2,S2_HV-1,2023-10-23,2023,2023-10
2023-10-24 09:28:00,142.8,S2,S2_HV-2,2023-10-24,2023,2023-10
2023-10-24 10:01:00,142.8,S2,S2_HV-1,2023-10-24,2023,2023-10
2023-10-24 10:57:00,142.8,S2,S2_HV-1,2023-10-24,2023,2023-10
2023-10-24 10:57:00,142.8,S2,S2_HV-2,2023-10-24,2023,2023-10
2023-10-24 11:16:00,142.8,S2,S2_HV-1,2023-10-24,2023,2023-10
2023-10-24 11:33:00,-157.2,S2,S2_HV-2,2023-10-24,2023,2023-10
2023-10-25 10:32:00,142.8,S2,S2_HV-1,2023-10-25,2023,2023-10
2023-10-25 10:44:00,142.8,S2,S2_HV-1,2023-10-25,2023,2023-10
2023-10-25 11:05:00,142.8,S2,S2_HV-1,2023-10-25,2023,2023-10
2023-10-25 11:07:00,-157.2,S2,S2_HV-2,2023-10-25,2023,2023-10
2023-10-25 11:49:00,142.8,S2,S2_HV-1,2023-10-25,2023,2023-10
2023-10-25 13:25:00,142.8,S2,S2_HV-1,2023-10-25,2023,2023-10
2023-10-26 09:06:00,-157.2,S2,S2_HV-1,2023-10-26,2023,2023-10
2023-10-26 10:11:00,142.8,S2,S2_HV-1,2023-10-26,2023,2023-10
2023-10-27 09:04:00,-157.2,S2,S2_HV-2,2023-10-27,2023,2023-10
2023-10-27 09:04:00,142.8,S2,S2_HV-1,2023-10-27,2023,2023-10
2023-10-27 09:16:00,142.8,S2,S2_HV-2,2023-10-27,2023,2023-10
2023-10-27 09:52:00,-157.2,S2,S2_HV-2,2023-10-27,2023,2023-10
2023-10-27 09:56:00,142.8,S2,S2_HV-1,2023-10-27,2023,2023-10
2023-10-27 11:13:00,142.8,S2,S2_HV-1,2023-10-27,2023,2023-10
2023-10-30 09:40:00,-157.2,S2,S2_HV-1,2023-10-30,2023,2023-10
2023-10-30 11:34:00,-157.2,S2,S2_HV-1,2023-10-30,2023,2023-10
2023-10-30 13:22:00,142.8,S2,S2_HV-1,2023-10-30,2023,2023-10
2023-10-31 09:34:00,142.8,S2,S2_HV-1,2023-10-31,2023,2023-10
2023-10-31 10:31:00,142.8,S2,S2_HV-1,2023-10-31,2023,2023-10
2023-11-01 09:35:00,142.8,S2,S2_HV-1,2023-11-01,2023,2023-11
2023-11-01 12:47:00,142.8,S2,S2_HV-1,2023-11-01,2023,2023-11
2023-11-01 12:51:00,142.8,S2,S2_HV-2,2023-11-01,2023,2023-11
2023-11-01 13:26:00,-667.1999999999966,S3,S3_C,2023-11-01,2023,2023-11
2023-11-01 14:15:00,-157.2,S2,S2_HV-1,2023-11-01,2023,2023-11
2023-11-02 09:15:00,-157.2,S2,S2_HV-2,2023-11-02,2023,2023-11
2023-11-02 09:27:00,142.8,S2,S2_HV-1,2023-11-02,2023,2023-11
2023-11-02 10:24:00,142.8,S2,S2_HV-1,2023-11-02,2023,2023-11
2023-11-06 09:46:00,142.8,S2,S2_HV-1,2023-11-06,2023,2023-11
2023-11-06 13:44:00,32.80000000000625,S3,S3_C,2023-11-06,2023,2023-11
2023-11-07 09:16:00,142.8,S2,S2_HV-2,2023-11-07,2023,2023-11
2023-11-07 10:03:00,-157.2,S2,S2_HV-1,2023-11-07,2023,2023-11
2023-11-08 09:16:00,142.8,S2,S2_HV-1,2023-11-08,2023,2023-11
2023-11-08 10:14:00,142.8,S2,S2_HV-1,2023-11-08,2023,2023-11
2023-11-08 11:14:00,-157.2,S2,S2_HV-1,2023-11-08,2023,2023-11
2023-11-09 10:36:00,-157.2,S2,S2_HV-1,2023-11-09,2023,2023-11
2023-11-09 12:52:00,-157.2,S2,S2_HV-1,2023-11-09,2023,2023-11
2023-11-10 10:32:00,142.8,S2,S2_HV-1,2023-11-10,2023,2023-11
2023-11-13 09:50:00,142.8,S2,S2_HV-1,2023-11-13,2023,2023-11
2023-11-14 09:44:00,442.80000000000285,S3,S3_C,2023-11-14,2023,2023-11
2023-11-14 11:05:00,142.8,S2,S2_HV-1,2023-11-14,2023,2023-11
2023-11-14 11:46:00,142.8,S2,S2_HV-1,2023-11-14,2023,2023-11
2023-11-14 13:01:00,142.8,S2,S2_HV-1,2023-11-14,2023,2023-11
2023-11-15 09:03:00,142.8,S2,S2_HV-1,2023-11-15,2023,2023-11
2023-11-15 11:21:00,-157.2,S2,S2_HV-1,2023-11-15,2023,2023-11
2023-11-16 09:35:00,72.8,S2,S2_LV-1,2023-11-16,2023,2023-11
2023-11-16 09:38:00,72.8,S2,S2_LV-3,2023-11-16,2023,2023-11
2023-11-16 10:04:00,442.80000000000285,S3,S3_C,2023-11-16,2023,2023-11
2023-11-16 10:24:00,-87.2,S2,S2_LV-1,2023-11-16,2023,2023-11
2023-11-16 10:24:00,72.8,S2,S2_LV-3,2023-11-16,2023,2023-11
2023-11-16 11:30:00,72.8,S2,S2_LV-1,2023-11-16,2023,2023-11
2023-11-16 12:44:00,72.8,S2,S2_LV-1,2023-11-16,2023,2023-11
2023-11-16 13:05:00,72.8,S2,S2_LV-1,2023-11-16,2023,2023-11
2023-11-17 09:05:00,-157.2,S2,S2_HV-2,2023-11-17,2023,2023-11
2023-11-17 09:12:00,-157.2,S2,S2_HV-1,2023-11-17,2023,2023-11
2023-11-17 09:54:00,142.8,S2,S2_HV-1,2023-11-17,2023,2023-11
2023-11-20 10:40:00,-157.2,S2,S2_HV-1,2023-11-20,2023,2023-11
2023-11-21 10:01:00,142.8,S2,S2_HV-1,2023-11-21,2023,2023-11
2023-11-22 09:03:00,-157.2,S2,S2_HV-1,2023-11-22,2023,2023-11
2023-11-22 10:12:00,-157.2,S2,S2_HV-1,2023-11-22,2023,2023-11
2023-11-22 12:47:00,-157.2,S2,S2_HV-1,2023-11-22,2023,2023-11
2023-11-24 10:58:00,142.8,S2,S2_HV-1,2023-11-24,2023,2023-11
2023-11-24 12:13:00,142.8,S2,S2_HV-1,2023-11-24,2023,2023-11
2023-11-24 12:46:00,142.8,S2,S2_HV-1,2023-11-24,2023,2023-11
2023-11-27 09:45:00,-157.2,S2,S2_HV-1,2023-11-27,2023,2023-11
2023-11-27 10:12:00,-157.2,S2,S2_HV-1,2023-11-27,2023,2023-11
2023-11-27 10:40:00,142.8,S2,S2_HV-1,2023-11-27,2023,2023-11
2023-11-28 09:02:00,-157.2,S2,S2_HV-1,2023-11-28,2023,2023-11
2023-11-29 09:48:00,142.8,S2,S2_HV-1,2023-11-29,2023,2023-11
2023-11-29 10:31:00,142.8,S2,S2_HV-1,2023-11-29,2023,2023-11
2023-11-30 09:04:00,142.8,S2,S2_HV-1,2023-11-30,2023,2023-11
2023-11-30 09:31:00,442.80000000000285,S3,S3_C,2023-11-30,2023,2023-11
2023-11-30 10:47:00,-157.2,S2,S2_HV-1,2023-11-30,2023,2023-11
2023-11-30 11:03:00,142.8,S2,S2_HV-1,2023-11-30,2023,2023-11
2023-11-30 11:15:00,142.8,S2,S2_HV-1,2023-11-30,2023,2023-11
2023-11-30 11:33:00,142.8,S2,S2_HV-1,2023-11-30,2023,2023-11
2023-11-30 12:11:00,142.8,S2,S2_HV-1,2023-11-30,2023,2023-11
2023-11-30 12:41:00,442.80000000000285,S3,S3_C,2023-11-30,2023,2023-11
2023-12-01 13:33:00,-227.19999999999885,S3,S3_C,2023-12-01,2023,2023-12
2023-12-04 09:17:00,142.8,S2,S2_HV-1,2023-12-04,2023,2023-12
2023-12-04 09:55:00,142.8,S2,S2_HV-2,2023-12-04,2023,2023-12
2023-12-04 11:13:00,142.8,S2,S2_HV-1,2023-12-04,2023,2023-12
2023-12-05 09:10:00,142.8,S2,S2_HV-1,2023-12-05,2023,2023-12
2023-12-05 10:06:00,142.8,S2,S2_HV-1,2023-12-05,2023,2023-12
2023-12-06 09:44:00,142.8,S2,S2_HV-1,2023-12-06,2023,2023-12
2023-12-06 10:26:00,-157.2,S2,S2_HV-1,2023-12-06,2023,2023-12
2023-12-07 09:50:00,-157.2,S2,S2_HV-1,2023-12-07,2023,2023-12
2023-12-07 11:26:00,142.8,S2,S2_HV-1,2023-12-07,2023,2023-12
2023-12-07 11:26:00,142.8,S2,S2_HV-2,2023-12-07,2023,2023-12
2023-12-07 12:49:00,-157.2,S2,S2_HV-1,2023-12-07,2023,2023-12
2023-12-08 10:04:00,-157.2,S2,S2_HV-1,2023-12-08,2023,2023-12
2023-12-11 09:01:00,142.8,S2,S2_HV-1,2023-12-11,2023,2023-12
2023-12-12 11:15:00,142.8,S2,S2_HV-1,2023-12-12,2023,2023-12
2023-12-12 12:42:00,142.8,S2,S2_HV-1,2023-12-12,2023,2023-12
2023-12-13 09:40:00,-157.2,S2,S2_HV-1,2023-12-13,2023,2023-12
2023-12-13 11:33:00,-157.2,S2,S2_HV-1,2023-12-13,2023,2023-12
2023-12-14 10:00:00,72.8,S2,S2_LV-1,2023-12-14,2023,2023-12
2023-12-14 10:27:00,72.8,S2,S2_LV-2,2023-12-14,2023,2023-12
2023-12-15 09:06:00,72.8,S2,S2_LV-3,2023-12-15,2023,2023-12
2023-12-15 09:33:00,72.8,S2,S2_LV-3,2023-12-15,2023,2023-12
2023-12-15 09:40:00,72.8,S2,S2_LV-1,2023-12-15,2023,2023-12
2023-12-15 10:25:00,72.8,S2,S2_LV-3,2023-12-15,2023,2023-12
2023-12-15 10:26:00,72.8,S2,S2_LV-1,2023-12-15,2023,2023-12
2023-12-18 09:58:00,-87.2,S2,S2_LV-1,2023-12-18,2023,2023-12
2023-12-18 10:07:00,-87.2,S2,S2_LV-2,2023-12-18,2023,2023-12
2023-12-18 11:10:00,72.8,S2,S2_LV-1,2023-12-18,2023,2023-12
2023-12-18 12:25:00,442.80000000000285,S3,S3_C,2023-12-18,2023,2023-12
2023-12-18 13:16:00,-87.2,S2,S2_LV-1,2023-12-18,2023,2023-12
2023-12-19 10:10:00,72.8,S2,S2_LV-1,2023-12-19,2023,2023-12
2023-12-19 11:05:00,72.8,S2,S2_LV-1,2023-12-19,2023,2023-12
2023-12-19 13:25:00,72.8,S2,S2_LV-2,2023-12-19,2023,2023-12
2023-12-20 09:03:00,72.8,S2,S2_LV-1,2023-12-20,2023,2023-12
2023-12-20 09:03:00,-87.2,S2,S2_LV-3,2023-12-20,2023,2023-12
2023-12-20 10:44:00,72.8,S2,S2_LV-1,2023-12-20,2023,2023-12
2023-12-20 13:05:00,-87.2,S2,S2_LV-1,2023-12-20,2023,2023-12
2023-12-21 09:13:00,-157.2,S2,S2_HV-1,2023-12-21,2023,2023-12
2023-12-21 11:35:00,142.8,S2,S2_HV-1,2023-12-21,2023,2023-12
2023-12-22 09:31:00,142.8,S2,S2_HV-1,2023-12-22,2023,2023-12
2023-12-26 10:19:00,-157.2,S2,S2_HV-1,2023-12-26,2023,2023-12
2023-12-27 09:35:00,72.8,S2,S2_LV-2,2023-12-27,2023,2023-12
2023-12-27 09:51:00,72.8,S2,S2_LV-1,2023-12-27,2023,2023-12
2023-12-27 11:34:00,-87.2,S2,S2_LV-1,2023-12-27,2023,2023-12
2023-12-28 09:09:00,72.8,S2,S2_LV-3,2023-12-28,2023,2023-12
2023-12-28 09:52:00,72.8,S2,S2_LV-1,2023-12-28,2023,2023-12
2023-12-28 10:21:00,72.8,S2,S2_LV-2,2023-12-28,2023,2023-12
2023-12-28 11:43:00,72.8,S2,S2_LV-1,2023-12-28,2023,2023-12
2023-12-28 11:43:00,72.8,S2,S2_LV-3,2023-12-28,2023,2023-12
2023-12-28 13:13:00,72.8,S2,S2_LV-1,2023-12-28,2023,2023-12
2023-12-28 13:50:00,72.8,S2,S2_LV-1,2023-12-28,2023,2023-12
2023-12-29 09:21:00,-87.2,S2,S2_LV-1,2023-12-29,2023,2023-12
2023-12-29 10:21:00,-87.2,S2,S2_LV-1,2023-12-29,2023,2023-12
2023-12-29 10:55:00,-87.2,S2,S2_LV-1,2023-12-29,2023,2023-12
2023-12-29 10:56:00,72.8,S2,S2_LV-3,2023-12-29,2023,2023-12
2024-01-03 10:25:00,-157.2,S2,S2_HV-1,2024-01-03,2024,2024-01
2024-01-08 09:01:00,142.8,S2,S2_HV-1,2024-01-08,2024,2024-01
2024-01-08 09:35:00,142.8,S2,S2_HV-1,2024-01-08,2024,2024-01
2024-01-12 09:46:00,442.80000000000285,S3,S3_C,2024-01-12,2024,2024-01
2024-01-12 10:25:00,-157.2,S2,S2_HV-1,2024-01-12,2024,2024-01
2024-01-12 11:01:00,142.8,S2,S2_HV-1,2024-01-12,2024,2024-01
2024-01-12 11:35:00,-157.2,S2,S2_HV-1,2024-01-12,2024,2024-01
2024-01-17 10:31:00,-157.2,S2,S2_HV-1,2024-01-17,2024,2024-01
2024-01-17 13:17:00,-157.2,S2,S2_HV-1,2024-01-17,2024,2024-01
2024-01-19 09:15:00,142.8,S2,S2_HV-1,2024-01-19,2024,2024-01
2024-01-19 12:35:00,-157.2,S2,S2_HV-1,2024-01-19,2024,2024-01
2024-01-22 09:52:00,72.8,S2,S2_LV-1,2024-01-22,2024,2024-01
2024-01-22 10:27:00,72.8,S2,S2_LV-3,2024-01-22,2024,2024-01
2024-01-22 11:40:00,72.8,S2,S2_LV-1,2024-01-22,2024,2024-01
2024-01-22 12:44:00,72.8,S2,S2_LV-1,2024-01-22,2024,2024-01
2024-01-23 10:51:00,142.8,S2,S2_HV-1,2024-01-23,2024,2024-01
2024-01-24 09:03:00,-157.2,S2,S2_HV-1,2024-01-24,2024,2024-01
2024-01-24 12:17:00,-157.2,S2,S2_HV-1,2024-01-24,2024,2024-01
2024-01-25 10:06:00,-157.2,S2,S2_HV-1,2024-01-25,2024,2024-01
2024-01-26 10:29:00,142.8,S2,S2_HV-2,2024-01-26,2024,2024-01
2024-01-26 13:41:00,142.8,S2,S2_HV-2,2024-01-26,2024,2024-01
2024-01-26 13:43:00,142.8,S2,S2_HV-1,2024-01-26,2024,2024-01
2024-01-29 09:02:00,-157.2,S2,S2_HV-1,2024-01-29,2024,2024-01
2024-01-29 11:17:00,142.8,S2,S2_HV-1,2024-01-29,2024,2024-01
2024-01-30 10:14:00,-157.2,S2,S2_HV-1,2024-01-30,2024,2024-01
2024-01-30 10:19:00,442.80000000000285,S3,S3_C,2024-01-30,2024,2024-01
2024-01-31 10:36:00,-157.2,S2,S2_HV-1,2024-01-31,2024,2024-01
2024-02-01 09:51:00,-157.2,S2,S2_HV-1,2024-02-01,2024,2024-02
2024-02-01 12:49:00,142.8,S2,S2_HV-1,2024-02-01,2024,2024-02
2024-02-01 13:33:00,-157.2,S2,S2_HV-1,2024-02-01,2024,2024-02
2024-02-01 13:36:00,142.8,S2,S2_HV-1,2024-02-01,2024,2024-02
2024-02-02 09:25:00,142.8,S2,S2_HV-1,2024-02-02,2024,2024-02
2024-02-02 09:40:00,142.8,S2,S2_HV-1,2024-02-02,2024,2024-02
2024-02-02 10:04:00,-157.2,S2,S2_HV-1,2024-02-02,2024,2024-02
2024-02-02 11:02:00,182.7999999999977,S3,S3_C,2024-02-02,2024,2024-02
2024-02-05 09:04:00,142.8,S2,S2_HV-1,2024-02-05,2024,2024-02
2024-02-05 11:28:00,-157.2,S2,S2_HV-1,2024-02-05,2024,2024-02
2024-02-06 11:31:00,-157.2,S2,S2_HV-1,2024-02-06,2024,2024-02
2024-02-06 12:26:00,142.8,S2,S2_HV-1,2024-02-06,2024,2024-02
2024-02-07 09:36:00,442.80000000000285,S3,S3_C,2024-02-07,2024,2024-02
2024-02-07 10:35:00,-157.2,S2,S2_HV-1,2024-02-07,2024,2024-02
2024-02-07 10:52:00,-157.2,S2,S2_HV-1,2024-02-07,2024,2024-02
2024-02-09 09:10:00,72.8,S2,S2_LV-1,2024-02-09,2024,2024-02
2024-02-09 09:18:00,72.8,S2,S2_LV-3,2024-02-09,2024,2024-02
2024-02-09 10:16:00,72.8,S2,S2_LV-1,2024-02-09,2024,2024-02
2024-02-09 11:19:00,72.8,S2,S2_LV-2,2024-02-09,2024,2024-02
2024-02-12 09:42:00,72.8,S2,S2_LV-3,2024-02-12,2024,2024-02
2024-02-12 10:07:00,-87.2,S2,S2_LV-1,2024-02-12,2024,2024-02
2024-02-13 09:02:00,-87.2,S2,S2_LV-1,2024-02-13,2024,2024-02
2024-02-13 10:00:00,72.8,S2,S2_LV-2,2024-02-13,2024,2024-02
2024-02-13 10:33:00,72.8,S2,S2_LV-1,2024-02-13,2024,2024-02
2024-02-13 11:11:00,72.8,S2,S2_LV-3,2024-02-13,2024,2024-02
2024-02-13 11:36:00,-87.2,S2,S2_LV-1,2024-02-13,2024,2024-02
2024-02-13 12:53:00,-87.2,S2,S2_LV-3,2024-02-13,2024,2024-02
2024-02-14 09:05:00,-87.2,S2,S2_LV-3,2024-02-14,2024,2024-02
2024-02-14 09:58:00,72.8,S2,S2_LV-1,2024-02-14,2024,2024-02
2024-02-14 10:36:00,72.8,S2,S2_LV-1,2024-02-14,2024,2024-02
2024-02-14 12:22:00,-87.2,S2,S2_LV-2,2024-02-14,2024,2024-02
2024-02-14 12:33:00,-87.2,S2,S2_LV-1,2024-02-14,2024,2024-02
2024-02-15 09:16:00,142.8,S2,S2_HV-1,2024-02-15,2024,2024-02
2024-02-15 10:35:00,142.8,S2,S2_HV-2,2024-02-15,2024,2024-02
2024-02-15 12:18:00,142.8,S2,S2_HV-2,2024-02-15,2024,2024-02
2024-02-16 09:22:00,-157.2,S2,S2_HV-1,2024-02-16,2024,2024-02
2024-02-16 09:55:00,142.8,S2,S2_HV-1,2024-02-16,2024,2024-02
2024-02-20 09:01:00,72.8,S2,S2_LV-1,2024-02-20,2024,2024-02
2024-02-20 09:04:00,-807.1999999999972,S3,S3_B,2024-02-20,2024,2024-02
2024-02-20 09:45:00,72.8,S2,S2_LV-2,2024-02-20,2024,2024-02
2024-02-20 10:51:00,72.8,S2,S2_LV-1,2024-02-20,2024,2024-02
2024-02-20 13:33:00,72.8,S2,S2_LV-1,2024-02-20,2024,2024-02
2024-02-21 09:02:00,72.8,S2,S2_LV-1,2024-02-21,2024,2024-02
2024-02-21 09:52:00,72.8,S2,S2_LV-3,2024-02-21,2024,2024-02
2024-02-21 10:33:00,-87.2,S2,S2_LV-1,2024-02-21,2024,2024-02
2024-02-21 12:06:00,72.8,S2,S2_LV-3,2024-02-21,2024,2024-02
2024-02-22 09:30:00,72.8,S2,S2_LV-3,2024-02-22,2024,2024-02
2024-02-22 09:37:00,72.8,S2,S2_LV-3,2024-02-22,2024,2024-02
2024-02-22 09:43:00,72.8,S2,S2_LV-1,2024-02-22,2024,2024-02
2024-02-22 11:06:00,72.8,S2,S2_LV-1,2024-02-22,2024,2024-02
2024-02-23 09:03:00,-87.2,S2,S2_LV-1,2024-02-23,2024,2024-02
2024-02-23 09:09:00,242.8,S3,S3_B,2024-02-23,2024,2024-02
2024-02-23 09:26:00,242.8,S3,S3_B,2024-02-23,2024,2024-02
2024-02-23 09:40:00,-87.2,S2,S2_LV-2,2024-02-23,2024,2024-02
2024-02-23 09:45:00,242.8,S3,S3_B,2024-02-23,2024,2024-02
2024-02-23 09:56:00,72.8,S2,S2_LV-1,2024-02-23,2024,2024-02
2024-02-23 12:39:00,-77.19969482421875,S3,S3_B,2024-02-23,2024,2024-02
2024-02-23 12:56:00,-87.2,S2,S2_LV-1,2024-02-23,2024,2024-02
2024-02-26 09:12:00,-87.2,S2,S2_LV-1,2024-02-26,2024,2024-02
2024-02-26 10:29:00,72.8,S2,S2_LV-1,2024-02-26,2024,2024-02
2024-02-26 12:52:00,72.8,S2,S2_LV-3,2024-02-26,2024,2024-02
2024-02-27 09:09:00,142.8,S2,S2_HV-1,2024-02-27,2024,2024-02
2024-02-28 09:49:00,72.8,S2,S2_LV-1,2024-02-28,2024,2024-02
2024-02-28 10:45:00,72.8,S2,S2_LV-2,2024-02-28,2024,2024-02
2024-02-29 09:55:00,142.8,S2,S2_HV-1,2024-02-29,2024,2024-02
2024-03-01 09:30:00,72.8,S2,S2_LV-1,2024-03-01,2024,2024-03
2024-03-01 10:13:00,72.8,S2,S2_LV-2,2024-03-01,2024,2024-03
2024-03-01 10:43:00,72.8,S2,S2_LV-1,2024-03-01,2024,2024-03
2024-03-01 10:56:00,72.8,S2,S2_LV-3,2024-03-01,2024,2024-03
2024-03-01 12:30:00,72.8,S2,S2_LV-1,2024-03-01,2024,2024-03
2024-03-04 09:57:00,72.8,S2,S2_LV-1,2024-03-04,2024,2024-03
2024-03-04 10:06:00,72.8,S2,S2_LV-2,2024-03-04,2024,2024-03
2024-03-04 10:17:00,72.8,S2,S2_LV-1,2024-03-04,2024,2024-03
2024-03-04 12:01:00,72.8,S2,S2_LV-1,2024-03-04,2024,2024-03
2024-03-06 10:32:00,142.8,S2,S2_HV-1,2024-03-06,2024,2024-03
2024-03-07 09:17:00,-157.2,S2,S2_HV-1,2024-03-07,2024,2024-03
2024-03-07 11:26:00,-87.1999999999983,S3,S3_C,2024-03-07,2024,2024-03
2024-03-11 09:28:00,142.8,S2,S2_HV-1,2024-03-11,2024,2024-03
2024-03-11 09:48:00,-157.2,S2,S2_HV-1,2024-03-11,2024,2024-03
2024-03-12 09:55:00,-157.2,S2,S2_HV-1,2024-03-12,2024,2024-03
2024-03-12 11:55:00,142.8,S2,S2_HV-1,2024-03-12,2024,2024-03
2024-03-13 09:02:00,242.8,S3,S3_B,2024-03-13,2024,2024-03
2024-03-13 09:49:00,72.8,S2,S2_LV-1,2024-03-13,2024,2024-03
2024-03-13 10:14:00,242.8,S3,S3_B,2024-03-13,2024,2024-03
2024-03-13 10:44:00,-807.1999999999972,S3,S3_B,2024-03-13,2024,2024-03
2024-03-13 10:47:00,72.8,S2,S2_LV-2,2024-03-13,2024,2024-03
2024-03-13 11:00:00,72.8,S2,S2_LV-1,2024-03-13,2024,2024-03
2024-03-14 09:16:00,72.8,S2,S2_LV-3,2024-03-14,2024,2024-03
2024-03-14 09:52:00,72.8,S2,S2_LV-1,2024-03-14,2024,2024-03
2024-03-14 10:10:00,72.8,S2,S2_LV-1,2024-03-14,2024,2024-03
2024-03-14 11:27:00,-47.200000000006256,S2,S2_LV-3,2024-03-14,2024,2024-03
2024-03-15 09:15:00,72.8,S2,S2_LV-1,2024-03-15,2024,2024-03
2024-03-15 09:33:00,-87.2,S2,S2_LV-2,2024-03-15,2024,2024-03
2024-03-18 09:01:00,72.8,S2,S2_LV-1,2024-03-18,2024,2024-03
2024-03-18 09:12:00,242.8,S3,S3_B,2024-03-18,2024,2024-03
2024-03-18 09:26:00,-87.2,S2,S2_LV-3,2024-03-18,2024,2024-03
2024-03-18 11:23:00,72.8,S2,S2_LV-1,2024-03-18,2024,2024-03
2024-03-18 11:44:00,242.8,S3,S3_B,2024-03-18,2024,2024-03
2024-03-18 12:35:00,-807.1999999999972,S3,S3_B,2024-03-18,2024,2024-03
2024-03-18 13:15:00,72.8,S2,S2_LV-1,2024-03-18,2024,2024-03
2024-03-19 09:35:00,72.8,S2,S2_LV-1,2024-03-19,2024,2024-03
2024-03-19 11:47:00,72.8,S2,S2_LV-1,2024-03-19,2024,2024-03
2024-03-19 11:48:00,-87.2,S2,S2_LV-3,2024-03-19,2024,2024-03
2024-03-20 09:17:00,-87.2,S2,S2_LV-1,2024-03-20,2024,2024-03
2024-03-20 10:48:00,72.8,S2,S2_LV-1,2024-03-20,2024,2024-03
2024-03-20 11:12:00,-87.2,S2,S2_LV-2,2024-03-20,2024,2024-03
2024-03-21 09:30:00,72.8,S2,S2_LV-1,2024-03-21,2024,2024-03
2024-03-21 09:34:00,-87.2,S2,S2_LV-2,2024-03-21,2024,2024-03
2024-03-21 10:47:00,-87.2,S2,S2_LV-1,2024-03-21,2024,2024-03
2024-03-22 09:43:00,72.8,S2,S2_LV-1,2024-03-22,2024,2024-03
2024-03-22 13:23:00,72.8,S2,S2_LV-1,2024-03-22,2024,2024-03
2024-03-25 09:05:00,242.8,S3,S3_B,2024-03-25,2024,2024-03
2024-03-25 09:10:00,72.8,S2,S2_LV-1,2024-03-25,2024,2024-03
2024-03-25 09:32:00,242.8,S3,S3_B,2024-03-25,2024,2024-03
2024-03-25 09:38:00,72.8,S2,S2_LV-1,2024-03-25,2024,2024-03
2024-03-25 10:31:00,72.8,S2,S2_LV-1,2024-03-25,2024,2024-03
2024-03-25 10:51:00,-207.1969482421875,S3,S3_B,2024-03-25,2024,2024-03
2024-03-25 10:57:00,72.8,S2,S2_LV-3,2024-03-25,2024,2024-03
2024-03-26 09:59:00,-87.2,S2,S2_LV-2,2024-03-26,2024,2024-03
2024-03-26 10:00:00,-87.2,S2,S2_LV-1,2024-03-26,2024,2024-03
2024-03-26 10:36:00,72.8,S2,S2_LV-1,2024-03-26,2024,2024-03
2024-03-27 09:50:00,72.8,S2,S2_LV-1,2024-03-27,2024,2024-03
2024-03-27 11:21:00,-87.2,S2,S2_LV-1,2024-03-27,2024,2024-03
2024-03-28 09:10:00,72.8,S2,S2_LV-1,2024-03-28,2024,2024-03
2024-03-28 10:00:00,72.8,S2,S2_LV-2,2024-03-28,2024,2024-03
2024-03-28 14:00:00,72.8,S2,S2_LV-1,2024-03-28,2024,2024-03
2024-04-01 09:05:00,-87.2,S2,S2_LV-1,2024-04-01,2024,2024-04
2024-04-01 09:42:00,72.8,S2,S2_LV-2,2024-04-01,2024,2024-04
2024-04-01 11:03:00,72.8,S2,S2_LV-1,2024-04-01,2024,2024-04
2024-04-01 11:21:00,-87.2,S2,S2_LV-3,2024-04-01,2024,2024-04
2024-04-02 09:27:00,72.8,S2,S2_LV-1,2024-04-02,2024,2024-04
2024-04-02 10:23:00,72.8,S2,S2_LV-1,2024-04-02,2024,2024-04
2024-04-04 11:00:00,72.8,S2,S2_LV-2,2024-04-04,2024,2024-04
2024-04-05 10:04:00,72.8,S2,S2_LV-1,2024-04-05,2024,2024-04
2024-04-05 10:26:00,72.8,S2,S2_LV-2,2024-04-05,2024,2024-04
2024-04-05 10:58:00,72.8,S2,S2_LV-1,2024-04-05,2024,2024-04
2024-04-05 11:09:00,72.8,S2,S2_LV-3,2024-04-05,2024,2024-04
2024-04-05 13:36:00,-87.2,S2,S2_LV-1,2024-04-05,2024,2024-04
2024-04-08 09:03:00,72.8,S2,S2_LV-1,2024-04-08,2024,2024-04
2024-04-08 09:35:00,72.8,S2,S2_LV-3,2024-04-08,2024,2024-04
2024-04-08 09:35:00,72.8,S2,S2_LV-1,2024-04-08,2024,2024-04
2024-04-08 10:01:00,-87.2,S2,S2_LV-2,2024-04-08,2024,2024-04
2024-04-08 10:24:00,72.8,S2,S2_LV-1,2024-04-08,2024,2024-04
2024-04-08 10:46:00,72.8,S2,S2_LV-1,2024-04-08,2024,2024-04
2024-04-09 09:08:00,72.8,S2,S2_LV-3,2024-04-09,2024,2024-04
2024-04-09 09:34:00,-87.2,S2,S2_LV-1,2024-04-09,2024,2024-04
2024-04-09 10:29:00,-87.2,S2,S2_LV-1,2024-04-09,2024,2024-04
2024-04-09 11:07:00,72.8,S2,S2_LV-1,2024-04-09,2024,2024-04
2024-04-10 09:36:00,72.8,S2,S2_LV-1,2024-04-10,2024,2024-04
2024-04-10 10:10:00,72.8,S2,S2_LV-2,2024-04-10,2024,2024-04
2024-04-10 10:43:00,72.8,S2,S2_LV-1,2024-04-10,2024,2024-04
2024-04-10 13:34:00,72.8,S2,S2_LV-1,2024-04-10,2024,2024-04
2024-04-11 09:06:00,72.8,S2,S2_LV-1,2024-04-11,2024,2024-04
2024-04-11 09:21:00,72.8,S2,S2_LV-3,2024-04-11,2024,2024-04
2024-04-11 10:08:00,72.8,S2,S2_LV-2,2024-04-11,2024,2024-04
2024-04-11 10:46:00,-87.2,S2,S2_LV-1,2024-04-11,2024,2024-04
2024-04-12 09:14:00,-87.2,S2,S2_LV-3,2024-04-12,2024,2024-04
2024-04-12 09:41:00,72.8,S2,S2_LV-3,2024-04-12,2024,2024-04
2024-04-12 09:41:00,72.8,S2,S2_LV-1,2024-04-12,2024,2024-04
2024-04-12 12:27:00,-87.2,S2,S2_LV-1,2024-04-12,2024,2024-04
2024-04-12 13:49:00,72.8,S2,S2_LV-2,2024-04-12,2024,2024-04
2024-04-15 11:03:00,142.8,S2,S2_HV-1,2024-04-15,2024,2024-04
2024-04-15 13:30:00,142.8,S2,S2_HV-1,2024-04-15,2024,2024-04
2024-04-16 09:03:00,142.8,S2,S2_HV-1,2024-04-16,2024,2024-04
2024-04-16 09:45:00,-207.1969482421875,S3,S3_B,2024-04-16,2024,2024-04
2024-04-16 11:32:00,142.8,S2,S2_HV-1,2024-04-16,2024,2024-04
2024-04-17 09:34:00,72.8,S2,S2_LV-1,2024-04-17,2024,2024-04
2024-04-17 09:34:00,242.8,S3,S3_B,2024-04-17,2024,2024-04
2024-04-17 10:03:00,-807.1999999999972,S3,S3_B,2024-04-17,2024,2024-04
2024-04-17 11:48:00,-87.2,S2,S2_LV-1,2024-04-17,2024,2024-04
2024-04-17 11:48:00,-87.2,S2,S2_LV-2,2024-04-17,2024,2024-04
2024-04-17 12:22:00,-87.2,S2,S2_LV-1,2024-04-17,2024,2024-04
2024-04-18 09:06:00,142.8,S2,S2_HV-1,2024-04-18,2024,2024-04
2024-04-19 09:06:00,442.80000000000285,S3,S3_C,2024-04-19,2024,2024-04
2024-04-19 09:54:00,-157.2,S2,S2_HV-1,2024-04-19,2024,2024-04
2024-04-22 09:12:00,-157.2,S2,S2_HV-1,2024-04-22,2024,2024-04
2024-04-22 11:44:00,-157.2,S2,S2_HV-1,2024-04-22,2024,2024-04
2024-04-23 09:37:00,-157.2,S2,S2_HV-1,2024-04-23,2024,2024-04
2024-04-24 09:01:00,442.80000000000285,S3,S3_C,2024-04-24,2024,2024-04
2024-04-24 10:44:00,142.8,S2,S2_HV-1,2024-04-24,2024,2024-04
2024-04-25 09:16:00,442.80000000000285,S3,S3_C,2024-04-25,2024,2024-04
2024-04-25 09:31:00,-157.2,S2,S2_HV-1,2024-04-25,2024,2024-04
2024-04-26 09:01:00,442.80000000000285,S3,S3_C,2024-04-26,2024,2024-04
2024-04-26 11:00:00,142.8,S2,S2_HV-1,2024-04-26,2024,2024-04
2024-04-29 09:33:00,-87.2,S2,S2_LV-1,2024-04-29,2024,2024-04
2024-04-29 09:33:00,-87.2,S2,S2_LV-3,2024-04-29,2024,2024-04
2024-04-29 10:30:00,-87.2,S2,S2_LV-1,2024-04-29,2024,2024-04
2024-04-30 09:18:00,-87.2,S2,S2_LV-1,2024-04-30,2024,2024-04
2024-04-30 09:43:00,-87.2,S2,S2_LV-2,2024-04-30,2024,2024-04
2024-04-30 09:47:00,-87.2,S2,S2_LV-1,2024-04-30,2024,2024-04
2024-04-30 10:01:00,-87.2,S2,S2_LV-1,2024-04-30,2024,2024-04
2024-05-01 09:10:00,-87.2,S2,S2_LV-1,2024-05-01,2024,2024-05
2024-05-01 09:56:00,72.8,S2,S2_LV-1,2024-05-01,2024,2024-05
2024-05-01 10:35:00,-87.2,S2,S2_LV-2,2024-05-01,2024,2024-05
2024-05-01 10:50:00,-87.2,S2,S2_LV-3,2024-05-01,2024,2024-05
2024-05-01 11:09:00,72.8,S2,S2_LV-3,2024-05-01,2024,2024-05
2024-05-01 12:17:00,72.8,S2,S2_LV-1,2024-05-01,2024,2024-05
2024-05-02 09:47:00,142.8,S2,S2_HV-1,2024-05-02,2024,2024-05
2024-05-02 10:04:00,-157.2,S2,S2_HV-2,2024-05-02,2024,2024-05
2024-05-03 09:09:00,-157.2,S2,S2_HV-1,2024-05-03,2024,2024-05
2024-05-03 09:38:00,142.8,S2,S2_HV-2,2024-05-03,2024,2024-05
2024-05-03 10:28:00,-157.2,S2,S2_HV-1,2024-05-03,2024,2024-05
2024-05-06 12:35:00,142.8,S2,S2_HV-1,2024-05-06,2024,2024-05
2024-05-07 09:15:00,-157.2,S2,S2_HV-1,2024-05-07,2024,2024-05
2024-05-07 13:24:00,142.8,S2,S2_HV-1,2024-05-07,2024,2024-05
2024-05-08 09:57:00,72.8,S2,S2_LV-2,2024-05-08,2024,2024-05
2024-05-08 10:21:00,72.8,S2,S2_LV-1,2024-05-08,2024,2024-05
2024-05-08 10:47:00,72.8,S2,S2_LV-1,2024-05-08,2024,2024-05
2024-05-09 09:12:00,72.8,S2,S2_LV-3,2024-05-09,2024,2024-05
2024-05-09 09:27:00,-87.2,S2,S2_LV-1,2024-05-09,2024,2024-05
2024-05-09 09:35:00,72.8,S2,S2_LV-1,2024-05-09,2024,2024-05
2024-05-10 09:01:00,242.8,S3,S3_B,2024-05-10,2024,2024-05
2024-05-10 10:24:00,242.8,S3,S3_B,2024-05-10,2024,2024-05
2024-05-10 10:28:00,72.8,S2,S2_LV-1,2024-05-10,2024,2024-05
2024-05-10 11:54:00,242.8,S3,S3_B,2024-05-10,2024,2024-05
2024-05-10 12:35:00,72.8,S2,S2_LV-1,2024-05-10,2024,2024-05
2024-05-10 12:35:00,-87.2,S2,S2_LV-3,2024-05-10,2024,2024-05
2024-05-13 09:44:00,-87.2,S2,S2_LV-1,2024-05-13,2024,2024-05
2024-05-13 10:15:00,72.8,S2,S2_LV-2,2024-05-13,2024,2024-05
2024-05-14 09:03:00,72.8,S2,S2_LV-1,2024-05-14,2024,2024-05
2024-05-14 09:07:00,72.8,S2,S2_LV-3,2024-05-14,2024,2024-05
2024-05-14 09:26:00,-87.2,S2,S2_LV-1,2024-05-14,2024,2024-05
2024-05-15 10:08:00,72.8,S2,S2_LV-1,2024-05-15,2024,2024-05
2024-05-15 10:31:00,-87.2,S2,S2_LV-1,2024-05-15,2024,2024-05
2024-05-15 10:31:00,-87.2,S2,S2_LV-3,2024-05-15,2024,2024-05
2024-05-15 11:06:00,-87.2,S2,S2_LV-2,2024-05-15,2024,2024-05
2024-05-15 13:00:00,72.8,S2,S2_LV-1,2024-05-15,2024,2024-05
2024-05-16 09:49:00,72.8,S2,S2_LV-2,2024-05-16,2024,2024-05
2024-05-16 09:59:00,72.8,S2,S2_LV-1,2024-05-16,2024,2024-05
2024-05-17 09:17:00,72.8,S2,S2_LV-1,2024-05-17,2024,2024-05
2024-05-17 09:18:00,72.8,S2,S2_LV-3,2024-05-17,2024,2024-05
2024-05-20 09:12:00,72.8,S2,S2_LV-1,2024-05-20,2024,2024-05
2024-05-20 10:10:00,72.8,S2,S2_LV-1,2024-05-20,2024,2024-05
2024-05-20 10:53:00,-87.2,S2,S2_LV-1,2024-05-20,2024,2024-05
2024-05-21 09:01:00,242.8,S3,S3_B,2024-05-21,2024,2024-05
2024-05-21 09:26:00,242.8,S3,S3_B,2024-05-21,2024,2024-05
2024-05-21 09:31:00,72.8,S2,S2_LV-1,2024-05-21,2024,2024-05
2024-05-21 09:31:00,72.8,S2,S2_LV-2,2024-05-21,2024,2024-05
2024-05-21 10:17:00,242.8,S3,S3_B,2024-05-21,2024,2024-05
2024-05-21 11:00:00,242.8,S3,S3_B,2024-05-21,2024,2024-05
2024-05-21 11:37:00,242.8,S3,S3_B,2024-05-21,2024,2024-05
2024-05-21 12:31:00,242.8,S3,S3_B,2024-05-21,2024,2024-05
2024-05-21 13:07:00,42.79542236328125,S3,S3_B,2024-05-21,2024,2024-05
2024-05-22 10:34:00,72.8,S2,S2_LV-1,2024-05-22,2024,2024-05
2024-05-22 10:45:00,72.8,S2,S2_LV-2,2024-05-22,2024,2024-05
2024-05-23 09:04:00,72.8,S2,S2_LV-1,2024-05-23,2024,2024-05
2024-05-23 10:17:00,72.8,S2,S2_LV-1,2024-05-23,2024,2024-05
2024-05-23 10:18:00,72.8,S2,S2_LV-3,2024-05-23,2024,2024-05
2024-05-23 11:20:00,72.8,S2,S2_LV-3,2024-05-23,2024,2024-05
2024-05-24 09:42:00,-87.2,S2,S2_LV-2,2024-05-24,2024,2024-05
2024-05-24 09:53:00,72.8,S2,S2_LV-1,2024-05-24,2024,2024-05
2024-05-27 10:46:00,72.8,S2,S2_LV-2,2024-05-27,2024,2024-05
2024-05-28 09:15:00,72.8,S2,S2_LV-1,2024-05-28,2024,2024-05
2024-05-28 10:17:00,-87.2,S2,S2_LV-2,2024-05-28,2024,2024-05
2024-05-28 11:01:00,72.8,S2,S2_LV-1,2024-05-28,2024,2024-05
2024-05-29 09:39:00,72.8,S2,S2_LV-1,2024-05-29,2024,2024-05
2024-05-29 10:57:00,72.8,S2,S2_LV-1,2024-05-29,2024,2024-05
2024-05-29 10:57:00,72.8,S2,S2_LV-3,2024-05-29,2024,2024-05
2024-05-30 09:11:00,72.8,S2,S2_LV-1,2024-05-30,2024,2024-05
2024-05-30 09:25:00,-87.2,S2,S2_LV-3,2024-05-30,2024,2024-05
2024-05-30 09:55:00,-87.2,S2,S2_LV-2,2024-05-30,2024,2024-05
2024-05-30 09:57:00,72.8,S2,S2_LV-1,2024-05-30,2024,2024-05
2024-05-30 12:55:00,72.8,S2,S2_LV-1,2024-05-30,2024,2024-05
2024-05-31 12:03:00,72.8,S2,S2_LV-1,2024-05-31,2024,2024-05
2024-05-31 12:03:00,-87.2,S2,S2_LV-3,2024-05-31,2024,2024-05
2024-05-31 12:16:00,-87.2,S2,S2_LV-1,2024-05-31,2024,2024-05
2024-06-03 09:40:00,72.8,S2,S2_LV-1,2024-06-03,2024,2024-06
2024-06-03 09:57:00,-87.2,S2,S2_LV-1,2024-06-03,2024,2024-06
2024-06-03 09:57:00,72.8,S2,S2_LV-3,2024-06-03,2024,2024-06
2024-06-03 10:03:00,72.8,S2,S2_LV-3,2024-06-03,2024,2024-06
2024-06-03 10:39:00,72.8,S2,S2_LV-1,2024-06-03,2024,2024-06
2024-06-04 10:50:00,142.8,S2,S2_HV-1,2024-06-04,2024,2024-06
2024-06-05 09:53:00,-157.2,S2,S2_HV-1,2024-06-05,2024,2024-06
2024-06-05 11:15:00,142.8,S2,S2_HV-2,2024-06-05,2024,2024-06
2024-06-06 10:41:00,142.8,S2,S2_HV-1,2024-06-06,2024,2024-06
2024-06-10 09:01:00,242.8,S3,S3_B,2024-06-10,2024,2024-06
2024-06-10 09:55:00,-157.2,S2,S2_HV-1,2024-06-10,2024,2024-06
2024-06-10 09:59:00,242.8,S3,S3_B,2024-06-10,2024,2024-06
2024-06-10 10:07:00,-807.1999999999972,S3,S3_B,2024-06-10,2024,2024-06
2024-06-10 10:38:00,-157.2,S2,S2_HV-1,2024-06-10,2024,2024-06
2024-06-11 09:03:00,72.8,S2,S2_LV-1,2024-06-11,2024,2024-06
2024-06-11 09:53:00,72.8,S2,S2_LV-1,2024-06-11,2024,2024-06
2024-06-12 10:00:00,-807.1999999999972,S3,S3_B,2024-06-12,2024,2024-06
2024-06-12 10:20:00,72.8,S2,S2_LV-2,2024-06-12,2024,2024-06
2024-06-12 11:03:00,72.8,S2,S2_LV-1,2024-06-12,2024,2024-06
2024-06-13 09:10:00,242.8,S3,S3_B,2024-06-13,2024,2024-06
2024-06-13 09:19:00,-227.1935913085937,S3,S3_B,2024-06-13,2024,2024-06
2024-06-13 09:41:00,72.8,S2,S2_LV-3,2024-06-13,2024,2024-06
2024-06-13 10:00:00,72.8,S2,S2_LV-1,2024-06-13,2024,2024-06
2024-06-14 09:51:00,-87.2,S2,S2_LV-1,2024-06-14,2024,2024-06
2024-06-14 10:38:00,72.8,S2,S2_LV-1,2024-06-14,2024,2024-06
2024-06-14 13:24:00,-87.2,S2,S2_LV-2,2024-06-14,2024,2024-06
2024-06-18 11:01:00,-87.2,S2,S2_LV-1,2024-06-18,2024,2024-06
2024-06-19 11:21:00,-87.2,S2,S2_LV-1,2024-06-19,2024,2024-06
2024-06-20 11:38:00,-87.2,S2,S2_LV-1,2024-06-20,2024,2024-06
2024-06-21 09:09:00,72.8,S2,S2_LV-1,2024-06-21,2024,2024-06
2024-06-21 09:40:00,72.8,S2,S2_LV-2,2024-06-21,2024,2024-06
2024-06-24 09:54:00,72.8,S2,S2_LV-1,2024-06-24,2024,2024-06
2024-06-24 11:21:00,72.8,S2,S2_LV-1,2024-06-24,2024,2024-06
2024-06-25 09:56:00,-87.2,S2,S2_LV-2,2024-06-25,2024,2024-06
2024-06-25 10:45:00,-87.2,S2,S2_LV-1,2024-06-25,2024,2024-06
2024-06-26 10:00:00,72.8,S2,S2_LV-1,2024-06-26,2024,2024-06
2024-06-26 10:30:00,72.8,S2,S2_LV-2,2024-06-26,2024,2024-06
2024-06-26 10:42:00,-87.2,S2,S2_LV-1,2024-06-26,2024,2024-06
2024-06-27 09:17:00,72.8,S2,S2_LV-3,2024-06-27,2024,2024-06
2024-06-27 09:38:00,72.8,S2,S2_LV-1,2024-06-27,2024,2024-06
2024-06-28 09:58:00,72.8,S2,S2_LV-1,2024-06-28,2024,2024-06
2024-07-02 09:26:00,-87.2,S2,S2_LV-1,2024-07-02,2024,2024-07
2024-07-02 10:10:00,-87.2,S2,S2_LV-1,2024-07-02,2024,2024-07
2024-07-02 10:35:00,72.8,S2,S2_LV-2,2024-07-02,2024,2024-07
2024-07-03 10:12:00,72.8,S2,S2_LV-1,2024-07-03,2024,2024-07
2024-07-03 10:49:00,72.8,S2,S2_LV-2,2024-07-03,2024,2024-07
2024-07-05 09:20:00,72.8,S2,S2_LV-1,2024-07-05,2024,2024-07
2024-07-05 09:37:00,72.8,S2,S2_LV-2,2024-07-05,2024,2024-07
2024-07-05 13:52:00,-87.2,S2,S2_LV-1,2024-07-05,2024,2024-07
2024-07-08 09:24:00,-87.2,S2,S2_LV-1,2024-07-08,2024,2024-07
2024-07-08 09:35:00,-87.2,S2,S2_LV-2,2024-07-08,2024,2024-07
2024-07-09 09:42:00,72.8,S2,S2_LV-1,2024-07-09,2024,2024-07
2024-07-09 11:29:00,72.8,S2,S2_LV-3,2024-07-09,2024,2024-07
2024-07-09 11:38:00,-87.2,S2,S2_LV-1,2024-07-09,2024,2024-07
2024-07-10 10:33:00,72.8,S2,S2_LV-2,2024-07-10,2024,2024-07
2024-07-10 10:49:00,72.8,S2,S2_LV-1,2024-07-10,2024,2024-07
2024-07-10 11:51:00,-87.2,S2,S2_LV-1,2024-07-10,2024,2024-07
2024-07-11 09:51:00,72.8,S2,S2_LV-1,2024-07-11,2024,2024-07
2024-07-11 10:36:00,-87.2,S2,S2_LV-3,2024-07-11,2024,2024-07
2024-07-11 10:46:00,72.8,S2,S2_LV-1,2024-07-11,2024,2024-07
2024-07-11 11:05:00,-87.2,S2,S2_LV-2,2024-07-11,2024,2024-07
2024-07-12 09:11:00,-87.2,S2,S2_LV-3,2024-07-12,2024,2024-07
2024-07-12 09:14:00,72.8,S2,S2_LV-1,2024-07-12,2024,2024-07
2024-07-12 09:46:00,-87.2,S2,S2_LV-1,2024-07-12,2024,2024-07
2024-07-12 13:21:00,72.8,S2,S2_LV-1,2024-07-12,2024,2024-07
2024-07-16 09:04:00,72.8,S2,S2_LV-1,2024-07-16,2024,2024-07
2024-07-16 10:25:00,-87.2,S2,S2_LV-2,2024-07-16,2024,2024-07
2024-07-16 13:24:00,72.8,S2,S2_LV-1,2024-07-16,2024,2024-07
2024-07-17 11:01:00,72.8,S2,S2_LV-1,2024-07-17,2024,2024-07
2024-07-18 09:38:00,72.8,S2,S2_LV-1,2024-07-18,2024,2024-07
2024-07-18 09:54:00,72.8,S2,S2_LV-1,2024-07-18,2024,2024-07
2024-07-18 10:51:00,-87.2,S2,S2_LV-3,2024-07-18,2024,2024-07
2024-07-18 12:01:00,-87.2,S2,S2_LV-2,2024-07-18,2024,2024-07
2024-07-19 09:07:00,72.8,S2,S2_LV-3,2024-07-19,2024,2024-07
2024-07-19 09:40:00,-87.2,S2,S2_LV-1,2024-07-19,2024,2024-07
2024-07-19 09:56:00,72.8,S2,S2_LV-3,2024-07-19,2024,2024-07
2024-07-19 09:58:00,72.8,S2,S2_LV-1,2024-07-19,2024,2024-07
2024-07-19 12:36:00,72.8,S2,S2_LV-1,2024-07-19,2024,2024-07
2024-07-19 12:47:00,72.8,S2,S2_LV-3,2024-07-19,2024,2024-07
2024-07-22 09:01:00,72.8,S2,S2_LV-1,2024-07-22,2024,2024-07
2024-07-22 10:20:00,-87.2,S2,S2_LV-2,2024-07-22,2024,2024-07
2024-07-23 09:17:00,-1007.2,S3,S3_C,2024-07-23,2024,2024-07
2024-07-23 09:50:00,72.8,S2,S2_LV-3,2024-07-23,2024,2024-07
2024-07-23 09:51:00,72.8,S2,S2_LV-1,2024-07-23,2024,2024-07
2024-07-23 12:02:00,-87.2,S2,S2_LV-1,2024-07-23,2024,2024-07
2024-07-24 10:00:00,72.8,S2,S2_LV-1,2024-07-24,2024,2024-07
2024-07-24 10:30:00,72.8,S2,S2_LV-2,2024-07-24,2024,2024-07
2024-07-24 11:38:00,72.8,S2,S2_LV-1,2024-07-24,2024,2024-07
2024-07-25 09:03:00,242.8,S3,S3_B,2024-07-25,2024,2024-07
2024-07-25 09:06:00,72.8,S2,S2_LV-3,2024-07-25,2024,2024-07
2024-07-25 09:08:00,-807.1999999999972,S3,S3_B,2024-07-25,2024,2024-07
2024-07-25 09:10:00,-87.2,S2,S2_LV-1,2024-07-25,2024,2024-07
2024-07-25 10:16:00,72.8,S2,S2_LV-2,2024-07-25,2024,2024-07
2024-07-25 10:50:00,72.8,S2,S2_LV-1,2024-07-25,2024,2024-07
2024-07-25 11:16:00,-87.2,S2,S2_LV-1,2024-07-25,2024,2024-07
2024-07-26 09:33:00,142.8,S2,S2_HV-1,2024-07-26,2024,2024-07
2024-07-26 10:31:00,142.8,S2,S2_HV-1,2024-07-26,2024,2024-07
2024-07-30 09:07:00,142.8,S2,S2_HV-1,2024-07-30,2024,2024-07
2024-08-01 10:12:00,-157.2,S2,S2_HV-1,2024-08-01,2024,2024-08
2024-08-02 09:07:00,-157.2,S2,S2_HV-2,2024-08-02,2024,2024-08
2024-08-02 09:39:00,-157.2,S2,S2_HV-2,2024-08-02,2024,2024-08
2024-08-02 10:08:00,142.8,S2,S2_HV-2,2024-08-02,2024,2024-08
2024-08-02 11:29:00,142.8,S2,S2_HV-1,2024-08-02,2024,2024-08
2024-08-05 09:04:00,-157.2,S2,S2_HV-1,2024-08-05,2024,2024-08
2024-08-05 09:10:00,142.8,S2,S2_HV-1,2024-08-05,2024,2024-08
2024-08-05 11:15:00,142.8,S2,S2_HV-1,2024-08-05,2024,2024-08
2024-08-06 09:02:00,142.8,S2,S2_HV-1,2024-08-06,2024,2024-08
2024-08-06 10:21:00,-157.2,S2,S2_HV-1,2024-08-06,2024,2024-08
2024-08-07 09:29:00,-157.2,S2,S2_HV-1,2024-08-07,2024,2024-08
2024-08-08 09:02:00,142.8,S2,S2_HV-1,2024-08-08,2024,2024-08
2024-08-08 13:39:00,-37.20000000000114,S3,S3_C,2024-08-08,2024,2024-08
2024-08-09 13:03:00,142.8,S2,S2_HV-1,2024-08-09,2024,2024-08
2024-08-12 09:21:00,72.8,S2,S2_LV-1,2024-08-12,2024,2024-08
2024-08-12 09:51:00,-87.2,S2,S2_LV-2,2024-08-12,2024,2024-08
2024-08-12 12:54:00,-87.2,S2,S2_LV-1,2024-08-12,2024,2024-08
2024-08-12 13:58:00,-57.19999999999716,S2,S2_LV-1,2024-08-12,2024,2024-08
2024-08-13 11:37:00,142.8,S2,S2_HV-1,2024-08-13,2024,2024-08
2024-08-15 10:06:00,142.8,S2,S2_HV-1,2024-08-15,2024,2024-08
2024-08-15 11:27:00,142.8,S2,S2_HV-1,2024-08-15,2024,2024-08
2024-08-19 09:07:00,72.8,S2,S2_LV-1,2024-08-19,2024,2024-08
2024-08-19 10:15:00,72.8,S2,S2_LV-1,2024-08-19,2024,2024-08
2024-08-19 10:15:00,72.8,S2,S2_LV-3,2024-08-19,2024,2024-08
2024-08-19 12:04:00,72.8,S2,S2_LV-1,2024-08-19,2024,2024-08
2024-08-19 12:05:00,72.8,S2,S2_LV-3,2024-08-19,2024,2024-08
2024-08-19 12:10:00,72.8,S2,S2_LV-3,2024-08-19,2024,2024-08
2024-08-19 12:27:00,72.8,S2,S2_LV-1,2024-08-19,2024,2024-08
2024-08-20 11:03:00,142.8,S2,S2_HV-2,2024-08-20,2024,2024-08
2024-08-20 11:06:00,-157.2,S2,S2_HV-2,2024-08-20,2024,2024-08
2024-08-20 11:33:00,-157.2,S2,S2_HV-1,2024-08-20,2024,2024-08
2024-08-21 10:34:00,-87.2,S2,S2_LV-2,2024-08-21,2024,2024-08
2024-08-21 11:03:00,-87.2,S2,S2_LV-3,2024-08-21,2024,2024-08
2024-08-21 11:11:00,72.8,S2,S2_LV-1,2024-08-21,2024,2024-08
2024-08-21 11:21:00,-87.2,S2,S2_LV-1,2024-08-21,2024,2024-08
2024-08-21 12:02:00,72.8,S2,S2_LV-1,2024-08-21,2024,2024-08
2024-08-21 12:58:00,72.8,S2,S2_LV-1,2024-08-21,2024,2024-08
2024-08-22 11:13:00,-157.2,S2,S2_HV-1,2024-08-22,2024,2024-08
2024-08-23 11:03:00,142.8,S2,S2_HV-1,2024-08-23,2024,2024-08
2024-08-27 09:43:00,-87.2,S2,S2_LV-1,2024-08-27,2024,2024-08
2024-08-27 09:45:00,72.8,S2,S2_LV-3,2024-08-27,2024,2024-08
2024-08-27 11:19:00,-87.2,S2,S2_LV-1,2024-08-27,2024,2024-08
2024-08-27 13:04:00,-87.2,S2,S2_LV-1,2024-08-27,2024,2024-08
2024-08-27 13:19:00,52.80000000000227,S3,S3_C,2024-08-27,2024,2024-08
2024-08-28 09:36:00,-87.2,S2,S2_LV-1,2024-08-28,2024,2024-08
2024-08-28 10:18:00,72.8,S2,S2_LV-3,2024-08-28,2024,2024-08
2024-08-29 09:21:00,-87.2,S2,S2_LV-1,2024-08-29,2024,2024-08
2024-08-29 10:01:00,72.8,S2,S2_LV-2,2024-08-29,2024,2024-08
2024-08-29 10:14:00,72.8,S2,S2_LV-1,2024-08-29,2024,2024-08
2024-08-29 12:08:00,72.8,S2,S2_LV-1,2024-08-29,2024,2024-08
2024-08-30 09:08:00,72.8,S2,S2_LV-1,2024-08-30,2024,2024-08
2024-08-30 09:24:00,-87.2,S2,S2_LV-1,2024-08-30,2024,2024-08
2024-09-03 09:14:00,142.8,S2,S2_HV-2,2024-09-03,2024,2024-09
2024-09-03 09:38:00,142.8,S2,S2_HV-1,2024-09-03,2024,2024-09
2024-09-03 11:01:00,-157.2,S2,S2_HV-1,2024-09-03,2024,2024-09
2024-09-04 09:16:00,-157.2,S2,S2_HV-2,2024-09-04,2024,2024-09
2024-09-04 09:17:00,142.8,S2,S2_HV-1,2024-09-04,2024,2024-09
2024-09-05 09:32:00,142.8,S2,S2_HV-1,2024-09-05,2024,2024-09
2024-09-05 12:18:00,-157.2,S2,S2_HV-2,2024-09-05,2024,2024-09
2024-09-06 09:14:00,-157.2,S2,S2_HV-1,2024-09-06,2024,2024-09
2024-09-06 10:47:00,142.8,S2,S2_HV-2,2024-09-06,2024,2024-09
2024-09-06 10:59:00,-157.2,S2,S2_HV-1,2024-09-06,2024,2024-09
2024-09-06 10:59:00,142.8,S2,S2_HV-2,2024-09-06,2024,2024-09
2024-09-06 12:25:00,142.8,S2,S2_HV-2,2024-09-06,2024,2024-09
2024-09-06 12:56:00,-157.2,S2,S2_HV-1,2024-09-06,2024,2024-09
2024-09-09 09:19:00,142.8,S2,S2_HV-1,2024-09-09,2024,2024-09
2024-09-09 09:56:00,-157.2,S2,S2_HV-1,2024-09-09,2024,2024-09
2024-09-09 10:58:00,142.8,S2,S2_HV-1,2024-09-09,2024,2024-09
2024-09-10 10:10:00,142.8,S2,S2_HV-2,2024-09-10,2024,2024-09
2024-09-10 10:16:00,142.8,S2,S2_HV-2,2024-09-10,2024,2024-09
2024-09-10 10:20:00,142.8,S2,S2_HV-1,2024-09-10,2024,2024-09
2024-09-10 10:29:00,142.8,S2,S2_HV-1,2024-09-10,2024,2024-09
2024-09-10 11:47:00,-157.2,S2,S2_HV-1,2024-09-10,2024,2024-09
2024-09-10 11:47:00,-157.2,S2,S2_HV-2,2024-09-10,2024,2024-09
2024-09-11 09:11:00,142.8,S2,S2_HV-1,2024-09-11,2024,2024-09
2024-09-11 09:13:00,-157.2,S2,S2_HV-2,2024-09-11,2024,2024-09
2024-09-11 10:19:00,142.8,S2,S2_HV-1,2024-09-11,2024,2024-09
2024-09-11 10:33:00,142.8,S2,S2_HV-2,2024-09-11,2024,2024-09
2024-09-11 10:36:00,142.8,S2,S2_HV-1,2024-09-11,2024,2024-09
2024-09-12 09:57:00,142.8,S2,S2_HV-1,2024-09-12,2024,2024-09
2024-09-12 10:12:00,-157.2,S2,S2_HV-1,2024-09-12,2024,2024-09
2024-09-12 11:43:00,142.8,S2,S2_HV-1,2024-09-12,2024,2024-09
2024-09-13 09:05:00,142.8,S2,S2_HV-1,2024-09-13,2024,2024-09
2024-09-16 10:28:00,142.8,S2,S2_HV-1,2024-09-16,2024,2024-09
2024-09-16 10:50:00,-157.2,S2,S2_HV-1,2024-09-16,2024,2024-09
2024-09-17 11:04:00,142.8,S2,S2_HV-1,2024-09-17,2024,2024-09
2024-09-18 11:30:00,142.8,S2,S2_HV-1,2024-09-18,2024,2024-09
2024-09-18 11:36:00,142.8,S2,S2_HV-1,2024-09-18,2024,2024-09
2024-09-19 09:36:00,-157.2,S2,S2_HV-1,2024-09-19,2024,2024-09
2024-09-20 10:49:00,72.8,S2,S2_LV-2,2024-09-20,2024,2024-09
2024-09-20 12:08:00,-87.2,S2,S2_LV-1,2024-09-20,2024,2024-09
2024-09-23 09:02:00,242.8,S3,S3_B,2024-09-23,2024,2024-09
2024-09-23 09:50:00,72.8,S2,S2_LV-2,2024-09-23,2024,2024-09
2024-09-23 09:52:00,242.8,S3,S3_B,2024-09-23,2024,2024-09
2024-09-23 10:40:00,242.8,S3,S3_B,2024-09-23,2024,2024-09
2024-09-23 10:42:00,242.8,S3,S3_B,2024-09-23,2024,2024-09
2024-09-23 11:03:00,-87.2,S2,S2_LV-1,2024-09-23,2024,2024-09
2024-09-23 11:17:00,242.8,S3,S3_B,2024-09-23,2024,2024-09
2024-09-23 11:18:00,-87.2,S2,S2_LV-3,2024-09-23,2024,2024-09
2024-09-23 11:37:00,72.8,S2,S2_LV-1,2024-09-23,2024,2024-09
2024-09-25 10:23:00,-87.2,S2,S2_LV-1,2024-09-25,2024,2024-09
2024-09-25 10:42:00,-87.2,S2,S2_LV-2,2024-09-25,2024,2024-09
2024-09-25 11:11:00,72.8,S2,S2_LV-1,2024-09-25,2024,2024-09
2024-09-25 12:15:00,72.8,S2,S2_LV-1,2024-09-25,2024,2024-09
2024-09-25 12:24:00,72.8,S2,S2_LV-1,2024-09-25,2024,2024-09
2024-09-26 09:10:00,142.8,S2,S2_HV-1,2024-09-26,2024,2024-09
2024-09-26 09:30:00,142.8,S2,S2_HV-2,2024-09-26,2024,2024-09
2024-09-26 10:24:00,142.8,S2,S2_HV-2,2024-09-26,2024,2024-09
2024-09-27 09:01:00,-157.2,S2,S2_HV-1,2024-09-27,2024,2024-09
2024-09-27 10:51:00,142.8,S2,S2_HV-1,2024-09-27,2024,2024-09
2024-09-30 10:21:00,-1007.2,S3,S3_C,2024-09-30,2024,2024-09
2024-09-30 10:31:00,-157.2,S2,S2_HV-1,2024-09-30,2024,2024-09
2024-10-01 09:40:00,142.8,S2,S2_HV-1,2024-10-01,2024,2024-10
2024-10-01 10:13:00,142.8,S2,S2_HV-1,2024-10-01,2024,2024-10
2024-10-01 10:58:00,142.8,S2,S2_HV-1,2024-10-01,2024,2024-10
2024-10-01 13:00:00,142.8,S2,S2_HV-1,2024-10-01,2024,2024-10
2024-10-02 10:21:00,-157.2,S2,S2_HV-1,2024-10-02,2024,2024-10
2024-10-02 11:58:00,142.8,S2,S2_HV-1,2024-10-02,2024,2024-10
2024-10-03 09:40:00,-157.2,S2,S2_HV-1,2024-10-03,2024,2024-10
2024-10-03 10:14:00,142.8,S2,S2_HV-1,2024-10-03,2024,2024-10
2024-10-03 10:17:00,142.8,S2,S2_HV-1,2024-10-03,2024,2024-10
2024-10-04 09:45:00,142.8,S2,S2_HV-1,2024-10-04,2024,2024-10
2024-10-04 11:24:00,-157.2,S2,S2_HV-1,2024-10-04,2024,2024-10
2024-10-04 13:06:00,-157.2,S2,S2_HV-2,2024-10-04,2024,2024-10
2024-10-07 09:08:00,-157.2,S2,S2_HV-1,2024-10-07,2024,2024-10
2024-10-07 10:46:00,142.8,S2,S2_HV-1,2024-10-07,2024,2024-10
2024-10-07 11:22:00,142.8,S2,S2_HV-1,2024-10-07,2024,2024-10
2024-10-07 12:47:00,142.8,S2,S2_HV-1,2024-10-07,2024,2024-10
2024-10-08 09:05:00,142.8,S2,S2_HV-1,2024-10-08,2024,2024-10
2024-10-08 09:44:00,-157.2,S2,S2_HV-1,2024-10-08,2024,2024-10
2024-10-08 10:09:00,142.8,S2,S2_HV-1,2024-10-08,2024,2024-10
2024-10-08 10:35:00,142.8,S2,S2_HV-1,2024-10-08,2024,2024-10
2024-10-09 09:20:00,142.8,S2,S2_HV-1,2024-10-09,2024,2024-10
2024-10-09 09:40:00,-157.2,S2,S2_HV-1,2024-10-09,2024,2024-10
2024-10-09 11:16:00,-157.2,S2,S2_HV-1,2024-10-09,2024,2024-10
2024-10-10 09:44:00,142.8,S2,S2_HV-1,2024-10-10,2024,2024-10
2024-10-10 10:21:00,142.8,S2,S2_HV-1,2024-10-10,2024,2024-10
2024-10-10 12:05:00,-157.2,S2,S2_HV-1,2024-10-10,2024,2024-10
2024-10-11 11:15:00,142.8,S2,S2_HV-1,2024-10-11,2024,2024-10
2024-10-14 09:15:00,142.8,S2,S2_HV-1,2024-10-14,2024,2024-10
2024-10-14 09:46:00,142.8,S2,S2_HV-1,2024-10-14,2024,2024-10
2024-10-15 09:15:00,142.8,S2,S2_HV-1,2024-10-15,2024,2024-10
2024-10-15 09:33:00,442.80000000000285,S3,S3_C,2024-10-15,2024,2024-10
2024-10-15 11:20:00,442.80000000000285,S3,S3_C,2024-10-15,2024,2024-10
2024-10-16 10:18:00,-157.2,S2,S2_HV-1,2024-10-16,2024,2024-10
2024-10-16 11:23:00,442.80000000000285,S3,S3_C,2024-10-16,2024,2024-10
2024-10-17 09:12:00,72.8,S2,S2_LV-1,2024-10-17,2024,2024-10
2024-10-17 09:17:00,-87.2,S2,S2_LV-3,2024-10-17,2024,2024-10
2024-10-17 11:15:00,72.8,S2,S2_LV-2,2024-10-17,2024,2024-10
2024-10-17 13:08:00,72.8,S2,S2_LV-1,2024-10-17,2024,2024-10
2024-10-18 09:18:00,72.8,S2,S2_LV-3,2024-10-18,2024,2024-10
2024-10-18 11:41:00,72.8,S2,S2_LV-1,2024-10-18,2024,2024-10
2024-10-22 09:57:00,442.80000000000285,S3,S3_C,2024-10-22,2024,2024-10
2024-10-23 09:07:00,-87.1999999999983,S3,S3_C,2024-10-23,2024,2024-10
2024-10-28 09:32:00,72.8,S2,S2_LV-2,2024-10-28,2024,2024-10
2024-10-28 10:52:00,-87.2,S2,S2_LV-1,2024-10-28,2024,2024-10
2024-10-29 09:10:00,-87.2,S2,S2_LV-1,2024-10-29,2024,2024-10
2024-10-29 09:28:00,72.8,S2,S2_LV-3,2024-10-29,2024,2024-10
2024-10-29 09:50:00,72.8,S2,S2_LV-1,2024-10-29,2024,2024-10
2024-10-29 11:12:00,72.8,S2,S2_LV-3,2024-10-29,2024,2024-10
2024-10-29 11:46:00,72.8,S2,S2_LV-1,2024-10-29,2024,2024-10
2024-10-30 09:51:00,-87.2,S2,S2_LV-1,2024-10-30,2024,2024-10
2024-10-30 10:32:00,72.8,S2,S2_LV-2,2024-10-30,2024,2024-10
2024-10-30 11:00:00,72.8,S2,S2_LV-1,2024-10-30,2024,2024-10
2024-10-30 11:27:00,72.8,S2,S2_LV-1,2024-10-30,2024,2024-10
2024-10-31 09:18:00,72.8,S2,S2_LV-1,2024-10-31,2024,2024-10
2024-10-31 13:31:00,-87.2,S2,S2_LV-1,2024-10-31,2024,2024-10
2024-10-31 14:35:00,-87.2,S2,S2_LV-1,2024-10-31,2024,2024-10
2024-11-05 11:24:00,-87.2,S2,S2_LV-1,2024-11-05,2024,2024-11
2024-11-05 13:11:00,72.8,S2,S2_LV-2,2024-11-05,2024,2024-11
2024-11-06 09:03:00,242.8,S3,S3_B,2024-11-06,2024,2024-11
2024-11-06 09:04:00,72.8,S2,S2_LV-3,2024-11-06,2024,2024-11
2024-11-06 09:20:00,242.8,S3,S3_B,2024-11-06,2024,2024-11
2024-11-06 09:38:00,242.8,S3,S3_B,2024-11-06,2024,2024-11
2024-11-06 09:39:00,-87.2,S2,S2_LV-1,2024-11-06,2024,2024-11
2024-11-06 09:40:00,72.8,S2,S2_LV-3,2024-11-06,2024,2024-11
2024-11-06 09:57:00,72.8,S2,S2_LV-3,2024-11-06,2024,2024-11
2024-11-06 10:00:00,242.8,S3,S3_B,2024-11-06,2024,2024-11
2024-11-06 10:08:00,72.8,S2,S2_LV-1,2024-11-06,2024,2024-11
2024-11-07 10:11:00,142.8,S2,S2_HV-1,2024-11-07,2024,2024-11
2024-11-07 11:15:00,-157.2,S2,S2_HV-1,2024-11-07,2024,2024-11
2024-11-08 09:49:00,-157.2,S2,S2_HV-1,2024-11-08,2024,2024-11
2024-11-11 09:45:00,-157.2,S2,S2_HV-1,2024-11-11,2024,2024-11
2024-11-12 11:03:00,142.8,S2,S2_HV-1,2024-11-12,2024,2024-11
2024-11-12 12:52:00,42.79999999999716,S2,S2_HV-1,2024-11-12,2024,2024-11
2024-11-13 11:25:00,142.8,S2,S2_HV-1,2024-11-13,2024,2024-11
2024-11-15 09:01:00,72.8,S2,S2_LV-1,2024-11-15,2024,2024-11
2024-11-15 09:55:00,72.8,S2,S2_LV-2,2024-11-15,2024,2024-11
2024-11-15 12:09:00,-87.2,S2,S2_LV-1,2024-11-15,2024,2024-11
2024-11-15 13:37:00,72.8,S2,S2_LV-1,2024-11-15,2024,2024-11
2024-11-18 09:47:00,72.8,S2,S2_LV-2,2024-11-18,2024,2024-11
2024-11-18 10:08:00,-87.2,S2,S2_LV-1,2024-11-18,2024,2024-11
2024-11-18 11:07:00,72.8,S2,S2_LV-1,2024-11-18,2024,2024-11
2024-11-19 09:19:00,142.8,S2,S2_HV-1,2024-11-19,2024,2024-11
2024-11-19 09:48:00,142.8,S2,S2_HV-1,2024-11-19,2024,2024-11
2024-11-20 10:02:00,242.8,S3,S3_B,2024-11-20,2024,2024-11
2024-11-20 10:38:00,242.8,S3,S3_B,2024-11-20,2024,2024-11
2024-11-20 10:57:00,-807.1999999999972,S3,S3_B,2024-11-20,2024,2024-11
2024-11-20 12:32:00,-7.2,S3,S3_B,2024-11-20,2024,2024-11
2024-11-21 09:01:00,-357.19847412109374,S3,S3_B,2024-11-21,2024,2024-11
2024-11-21 09:34:00,-87.2,S2,S2_LV-1,2024-11-21,2024,2024-11
2024-11-21 09:51:00,-87.2,S2,S2_LV-2,2024-11-21,2024,2024-11
2024-11-21 12:40:00,72.8,S2,S2_LV-1,2024-11-21,2024,2024-11
2024-11-22 09:08:00,-87.2,S2,S2_LV-1,2024-11-22,2024,2024-11
2024-11-22 09:46:00,72.8,S2,S2_LV-1,2024-11-22,2024,2024-11
2024-11-22 11:05:00,72.8,S2,S2_LV-1,2024-11-22,2024,2024-11
2024-11-22 11:10:00,72.8,S2,S2_LV-3,2024-11-22,2024,2024-11
2024-11-25 09:36:00,72.8,S2,S2_LV-1,2024-11-25,2024,2024-11
2024-11-25 10:28:00,-87.2,S2,S2_LV-1,2024-11-25,2024,2024-11
2024-11-25 10:30:00,-87.2,S2,S2_LV-2,2024-11-25,2024,2024-11
2024-11-25 11:22:00,72.8,S2,S2_LV-1,2024-11-25,2024,2024-11
2024-11-28 09:30:00,242.8,S3,S3_B,2024-11-28,2024,2024-11
2024-11-29 09:17:00,242.8,S3,S3_B,2024-11-29,2024,2024-11
2024-11-29 11:46:00,242.8,S3,S3_B,2024-11-29,2024,2024-11
2024-11-29 12:08:00,212.801220703125,S3,S3_B,2024-11-29,2024,2024-11
2024-12-03 09:07:00,242.8,S3,S3_B,2024-12-03,2024,2024-12
2024-12-03 10:12:00,242.8,S3,S3_B,2024-12-03,2024,2024-12
2024-12-03 10:19:00,242.8,S3,S3_B,2024-12-03,2024,2024-12
2024-12-03 10:55:00,242.8,S3,S3_B,2024-12-03,2024,2024-12
2024-12-03 11:32:00,242.8,S3,S3_B,2024-12-03,2024,2024-12
2024-12-03 13:49:00,-17.20213623046875,S3,S3_B,2024-12-03,2024,2024-12
2024-12-04 09:53:00,-87.2,S2,S2_LV-2,2024-12-04,2024,2024-12
2024-12-04 10:31:00,-87.2,S2,S2_LV-1,2024-12-04,2024,2024-12
2024-12-04 11:28:00,72.8,S2,S2_LV-1,2024-12-04,2024,2024-12
2024-12-06 09:51:00,72.8,S2,S2_LV-1,2024-12-06,2024,2024-12
2024-12-11 09:41:00,-807.1999999999972,S3,S3_B,2024-12-11,2024,2024-12
2024-12-11 10:04:00,72.8,S2,S2_LV-1,2024-12-11,2024,2024-12
2024-12-11 10:39:00,72.8,S2,S2_LV-2,2024-12-11,2024,2024-12
2024-12-11 11:49:00,-87.2,S2,S2_LV-1,2024-12-11,2024,2024-12
2024-12-12 12:06:00,72.8,S2,S2_LV-1,2024-12-12,2024,2024-12
2024-12-13 09:35:00,72.8,S2,S2_LV-1,2024-12-13,2024,2024-12
2024-12-26 10:08:00,-87.2,S2,S2_LV-2,2024-12-26,2024,2024-12
2024-12-30 10:05:00,72.8,S2,S2_LV-1,2024-12-30,2024,2024-12
2024-12-31 09:34:00,-87.2,S2,S2_LV-1,2024-12-31,2024,2024-12
2025-01-02 10:38:00,72.8,S2,S2_LV-1,2025-01-02,2025,2025-01
2025-01-03 09:48:00,-87.2,S2,S2_LV-1,2025-01-03,2025,2025-01
2025-01-06 10:36:00,-87.2,S2,S2_LV-1,2025-01-06,2025,2025-01
2025-01-06 11:15:00,72.8,S2,S2_LV-2,2025-01-06,2025,2025-01
2025-01-06 11:21:00,72.8,S2,S2_LV-1,2025-01-06,2025,2025-01
2025-01-07 09:38:00,72.8,S2,S2_LV-3,2025-01-07,2025,2025-01
2025-01-08 09:01:00,72.8,S2,S2_LV-1,2025-01-08,2025,2025-01
2025-01-08 09:42:00,-87.2,S2,S2_LV-2,2025-01-08,2025,2025-01
2025-01-08 11:33:00,72.8,S2,S2_LV-1,2025-01-08,2025,2025-01
2025-01-09 13:52:00,42.79999999999716,S2,S2_LV-1,2025-01-09,2025,2025-01
2025-01-10 09:21:00,72.8,S2,S2_LV-1,2025-01-10,2025,2025-01
2025-01-10 09:39:00,72.8,S2,S2_LV-3,2025-01-10,2025,2025-01
2025-01-10 09:43:00,72.8,S2,S2_LV-3,2025-01-10,2025,2025-01
2025-01-10 09:45:00,72.8,S2,S2_LV-1,2025-01-10,2025,2025-01
2025-01-10 10:36:00,72.8,S2,S2_LV-2,2025-01-10,2025,2025-01
2025-01-10 10:40:00,72.8,S2,S2_LV-1,2025-01-10,2025,2025-01
2025-01-13 09:12:00,72.8,S2,S2_LV-1,2025-01-13,2025,2025-01
2025-01-13 10:29:00,72.8,S2,S2_LV-1,2025-01-13,2025,2025-01
2025-01-13 12:06:00,-87.2,S2,S2_LV-1,2025-01-13,2025,2025-01
2025-01-14 10:01:00,72.8,S2,S2_LV-2,2025-01-14,2025,2025-01
2025-01-14 10:25:00,72.8,S2,S2_LV-1,2025-01-14,2025,2025-01
2025-01-14 10:46:00,72.8,S2,S2_LV-1,2025-01-14,2025,2025-01
2025-01-15 09:54:00,142.8,S2,S2_HV-2,2025-01-15,2025,2025-01
2025-01-15 10:33:00,142.8,S2,S2_HV-2,2025-01-15,2025,2025-01
2025-01-15 11:35:00,-157.2,S2,S2_HV-1,2025-01-15,2025,2025-01
2025-01-15 11:39:00,-157.2,S2,S2_HV-2,2025-01-15,2025,2025-01
2025-01-15 11:45:00,-157.2,S2,S2_HV-1,2025-01-15,2025,2025-01
2025-01-15 13:09:00,142.8,S2,S2_HV-2,2025-01-15,2025,2025-01
2025-01-16 11:48:00,142.8,S2,S2_HV-1,2025-01-16,2025,2025-01
2025-01-20 09:01:00,142.8,S2,S2_HV-1,2025-01-20,2025,2025-01
2025-01-20 09:49:00,442.80000000000285,S3,S3_C,2025-01-20,2025,2025-01
2025-01-21 09:47:00,72.8,S2,S2_LV-3,2025-01-21,2025,2025-01
2025-01-21 10:43:00,72.8,S2,S2_LV-1,2025-01-21,2025,2025-01
2025-01-21 10:52:00,-177.2000000000017,S3,S3_C,2025-01-21,2025,2025-01
2025-01-22 09:50:00,-87.2,S2,S2_LV-1,2025-01-22,2025,2025-01
2025-01-22 10:22:00,72.8,S2,S2_LV-2,2025-01-22,2025,2025-01
2025-01-22 12:32:00,72.8,S2,S2_LV-1,2025-01-22,2025,2025-01
2025-01-23 11:20:00,72.8,S2,S2_LV-1,2025-01-23,2025,2025-01
2025-01-23 11:44:00,-87.2,S2,S2_LV-2,2025-01-23,2025,2025-01
2025-01-23 11:55:00,72.8,S2,S2_LV-1,2025-01-23,2025,2025-01
2025-01-24 09:32:00,72.8,S2,S2_LV-1,2025-01-24,2025,2025-01
2025-01-24 10:07:00,72.8,S2,S2_LV-2,2025-01-24,2025,2025-01
2025-01-24 10:36:00,-87.2,S2,S2_LV-1,2025-01-24,2025,2025-01
2025-01-27 10:12:00,-87.2,S2,S2_LV-1,2025-01-27,2025,2025-01
2025-01-27 10:20:00,242.8,S3,S3_B,2025-01-27,2025,2025-01
2025-01-27 10:32:00,242.8,S3,S3_B,2025-01-27,2025,2025-01
2025-01-27 10:37:00,242.8,S3,S3_B,2025-01-27,2025,2025-01
2025-01-27 10:57:00,72.8,S2,S2_LV-1,2025-01-27,2025,2025-01
2025-01-27 11:11:00,242.8,S3,S3_B,2025-01-27,2025,2025-01
2025-01-27 11:41:00,242.8,S3,S3_B,2025-01-27,2025,2025-01
2025-01-27 11:53:00,242.8,S3,S3_B,2025-01-27,2025,2025-01
2025-01-27 12:04:00,-497.1978637695312,S3,S3_B,2025-01-27,2025,2025-01
2025-01-28 09:26:00,-87.2,S2,S2_LV-3,2025-01-28,2025,2025-01
2025-01-28 10:19:00,72.8,S2,S2_LV-1,2025-01-28,2025,2025-01
2025-01-28 10:57:00,72.8,S2,S2_LV-2,2025-01-28,2025,2025-01
2025-01-28 11:45:00,72.8,S2,S2_LV-1,2025-01-28,2025,2025-01
2025-01-29 10:35:00,-87.2,S2,S2_LV-1,2025-01-29,2025,2025-01
2025-01-31 09:20:00,242.8,S3,S3_B,2025-01-31,2025,2025-01
2025-01-31 09:50:00,242.8,S3,S3_B,2025-01-31,2025,2025-01
2025-01-31 10:01:00,72.8,S2,S2_LV-1,2025-01-31,2025,2025-01
2025-01-31 10:10:00,242.8,S3,S3_B,2025-01-31,2025,2025-01
2025-01-31 10:35:00,242.8,S3,S3_B,2025-01-31,2025,2025-01
2025-01-31 10:41:00,242.8,S3,S3_B,2025-01-31,2025,2025-01
2025-01-31 10:54:00,72.8,S2,S2_LV-1,2025-01-31,2025,2025-01
2025-01-31 12:10:00,242.8,S3,S3_B,2025-01-31,2025,2025-01
2025-01-31 12:14:00,-807.1999999999972,S3,S3_B,2025-01-31,2025,2025-01
2025-02-03 09:15:00,-157.2,S2,S2_HV-1,2025-02-03,2025,2025-02
2025-02-03 09:29:00,-157.2,S2,S2_HV-1,2025-02-03,2025,2025-02
2025-02-03 10:39:00,142.8,S2,S2_HV-1,2025-02-03,2025,2025-02
2025-02-04 09:09:00,142.8,S2,S2_HV-1,2025-02-04,2025,2025-02
2025-02-04 09:53:00,142.8,S2,S2_HV-1,2025-02-04,2025,2025-02
2025-02-05 09:18:00,-157.2,S2,S2_HV-2,2025-02-05,2025,2025-02
2025-02-05 09:26:00,142.8,S2,S2_HV-2,2025-02-05,2025,2025-02
2025-02-05 12:06:00,82.80000000000341,S3,S3_C,2025-02-05,2025,2025-02
2025-02-06 09:29:00,142.8,S2,S2_HV-1,2025-02-06,2025,2025-02
2025-02-06 09:54:00,142.8,S2,S2_HV-1,2025-02-06,2025,2025-02
2025-02-10 09:39:00,142.8,S2,S2_HV-1,2025-02-10,2025,2025-02
2025-02-11 10:59:00,72.8,S2,S2_LV-1,2025-02-11,2025,2025-02
2025-02-13 09:47:00,-87.2,S2,S2_LV-2,2025-02-13,2025,2025-02
2025-02-13 10:40:00,-87.2,S2,S2_LV-1,2025-02-13,2025,2025-02
2025-02-14 09:07:00,72.8,S2,S2_LV-1,2025-02-14,2025,2025-02
2025-02-14 10:28:00,72.8,S2,S2_LV-1,2025-02-14,2025,2025-02
2025-02-17 10:02:00,-87.2,S2,S2_LV-2,2025-02-17,2025,2025-02
2025-02-18 10:00:00,72.8,S2,S2_LV-1,2025-02-18,2025,2025-02
2025-02-18 10:30:00,72.8,S2,S2_LV-2,2025-02-18,2025,2025-02
2025-02-19 11:32:00,72.8,S2,S2_LV-1,2025-02-19,2025,2025-02
2025-02-20 09:30:00,72.8,S2,S2_LV-1,2025-02-20,2025,2025-02
2025-02-20 10:36:00,72.8,S2,S2_LV-2,2025-02-20,2025,2025-02
2025-02-20 12:23:00,72.8,S2,S2_LV-1,2025-02-20,2025,2025-02
2025-02-21 09:11:00,-87.2,S2,S2_LV-1,2025-02-21,2025,2025-02
2025-02-21 09:11:00,72.8,S2,S2_LV-3,2025-02-21,2025,2025-02
2025-02-21 10:40:00,-87.2,S2,S2_LV-1,2025-02-21,2025,2025-02
2025-02-24 09:16:00,72.8,S2,S2_LV-1,2025-02-24,2025,2025-02
2025-02-24 10:08:00,-87.2,S2,S2_LV-2,2025-02-24,2025,2025-02
2025-02-25 10:11:00,72.8,S2,S2_LV-1,2025-02-25,2025,2025-02
2025-02-25 10:25:00,72.8,S2,S2_LV-3,2025-02-25,2025,2025-02
2025-02-25 11:02:00,72.8,S2,S2_LV-1,2025-02-25,2025,2025-02
2025-02-26 09:46:00,72.8,S2,S2_LV-1,2025-02-26,2025,2025-02
2025-02-26 12:38:00,-87.2,S2,S2_LV-1,2025-02-26,2025,2025-02
2025-02-28 09:07:00,-87.2,S2,S2_LV-1,2025-02-28,2025,2025-02
2025-02-28 11:35:00,-87.2,S2,S2_LV-2,2025-02-28,2025,2025-02
2025-02-28 12:37:00,72.8,S2,S2_LV-1,2025-02-28,2025,2025-02
2025-03-03 09:41:00,242.8,S3,S3_B,2025-03-03,2025,2025-03
2025-03-03 10:01:00,242.8,S3,S3_B,2025-03-03,2025,2025-03
2025-03-03 10:16:00,72.8,S2,S2_LV-1,2025-03-03,2025,2025-03
2025-03-03 10:39:00,242.8,S3,S3_B,2025-03-03,2025,2025-03
2025-03-03 13:11:00,242.8,S3,S3_B,2025-03-03,2025,2025-03
2025-03-03 13:13:00,242.8,S3,S3_B,2025-03-03,2025,2025-03
2025-03-03 13:15:00,72.8,S2,S2_LV-1,2025-03-03,2025,2025-03
2025-03-03 13:19:00,242.8,S3,S3_B,2025-03-03,2025,2025-03
2025-03-03 13:21:00,72.8,S2,S2_LV-1,2025-03-03,2025,2025-03
2025-03-04 09:59:00,72.8,S2,S2_LV-1,2025-03-04,2025,2025-03
2025-03-04 10:08:00,-87.2,S2,S2_LV-3,2025-03-04,2025,2025-03
2025-03-04 10:33:00,72.8,S2,S2_LV-1,2025-03-04,2025,2025-03
2025-03-04 12:19:00,72.8,S2,S2_LV-2,2025-03-04,2025,2025-03
2025-03-05 09:34:00,72.8,S2,S2_LV-1,2025-03-05,2025,2025-03
2025-03-05 10:00:00,-87.2,S2,S2_LV-3,2025-03-05,2025,2025-03
2025-03-05 11:15:00,-87.2,S2,S2_LV-1,2025-03-05,2025,2025-03
2025-03-06 10:10:00,142.8,S2,S2_HV-1,2025-03-06,2025,2025-03
2025-03-06 10:16:00,-157.2,S2,S2_HV-2,2025-03-06,2025,2025-03
2025-03-06 11:11:00,142.8,S2,S2_HV-1,2025-03-06,2025,2025-03
2025-03-07 10:55:00,142.8,S2,S2_HV-1,2025-03-07,2025,2025-03
2025-03-12 09:50:00,72.8,S2,S2_LV-2,2025-03-12,2025,2025-03
2025-03-12 10:42:00,72.8,S2,S2_LV-1,2025-03-12,2025,2025-03
2025-03-13 10:04:00,72.8,S2,S2_LV-1,2025-03-13,2025,2025-03
2025-03-13 10:08:00,72.8,S2,S2_LV-2,2025-03-13,2025,2025-03
2025-03-13 11:47:00,72.8,S2,S2_LV-3,2025-03-13,2025,2025-03
2025-03-13 14:28:00,-87.2,S2,S2_LV-1,2025-03-13,2025,2025-03
2025-03-14 09:54:00,72.8,S2,S2_LV-1,2025-03-14,2025,2025-03
2025-03-14 09:54:00,72.8,S2,S2_LV-3,2025-03-14,2025,2025-03
2025-03-14 14:15:00,-87.2,S2,S2_LV-2,2025-03-14,2025,2025-03
2025-03-17 09:10:00,72.8,S2,S2_LV-3,2025-03-17,2025,2025-03
2025-03-18 09:09:00,72.8,S2,S2_LV-3,2025-03-18,2025,2025-03
2025-03-18 09:20:00,72.8,S2,S2_LV-1,2025-03-18,2025,2025-03
2025-03-18 11:24:00,72.8,S2,S2_LV-1,2025-03-18,2025,2025-03
2025-03-18 12:25:00,72.8,S2,S2_LV-1,2025-03-18,2025,2025-03
2025-03-19 10:34:00,72.8,S2,S2_LV-1,2025-03-19,2025,2025-03
2025-03-19 10:59:00,-87.2,S2,S2_LV-2,2025-03-19,2025,2025-03
2025-03-20 10:27:00,-87.2,S2,S2_LV-1,2025-03-20,2025,2025-03
2025-03-20 11:40:00,72.8,S2,S2_LV-2,2025-03-20,2025,2025-03
2025-03-20 13:29:00,-87.2,S2,S2_LV-1,2025-03-20,2025,2025-03
2025-03-21 11:56:00,-87.2,S2,S2_LV-2,2025-03-21,2025,2025-03
2025-03-21 12:03:00,72.8,S2,S2_LV-1,2025-03-21,2025,2025-03
2025-03-24 09:34:00,-87.2,S2,S2_LV-1,2025-03-24,2025,2025-03
2025-03-24 10:26:00,-87.2,S2,S2_LV-2,2025-03-24,2025,2025-03
2025-03-24 10:46:00,-87.2,S2,S2_LV-1,2025-03-24,2025,2025-03
2025-03-25 10:09:00,72.8,S2,S2_LV-1,2025-03-25,2025,2025-03
2025-03-25 12:25:00,72.8,S2,S2_LV-3,2025-03-25,2025,2025-03
2025-03-26 10:39:00,-87.2,S2,S2_LV-2,2025-03-26,2025,2025-03
2025-03-27 09:53:00,72.8,S2,S2_LV-3,2025-03-27,2025,2025-03
2025-03-28 10:19:00,72.8,S2,S2_LV-1,2025-03-28,2025,2025-03
2025-03-28 12:26:00,-87.2,S2,S2_LV-1,2025-03-28,2025,2025-03
2025-03-31 09:36:00,72.8,S2,S2_LV-2,2025-03-31,2025,2025-03
2025-03-31 10:53:00,72.8,S2,S2_LV-1,2025-03-31,2025,2025-03
2025-03-31 12:18:00,-87.2,S2,S2_LV-1,2025-03-31,2025,2025-03
2025-04-01 09:01:00,72.8,S2,S2_LV-1,2025-04-01,2025,2025-04
2025-04-01 09:50:00,-87.2,S2,S2_LV-1,2025-04-01,2025,2025-04
2025-04-01 09:50:00,-87.2,S2,S2_LV-3,2025-04-01,2025,2025-04
2025-04-01 10:58:00,72.8,S2,S2_LV-2,2025-04-01,2025,2025-04
2025-04-02 09:45:00,72.8,S2,S2_LV-1,2025-04-02,2025,2025-04
2025-04-02 10:02:00,72.8,S2,S2_LV-3,2025-04-02,2025,2025-04
2025-04-02 10:50:00,-87.2,S2,S2_LV-1,2025-04-02,2025,2025-04
2025-04-03 09:06:00,-87.2,S2,S2_LV-3,2025-04-03,2025,2025-04
2025-04-03 09:18:00,-87.2,S2,S2_LV-1,2025-04-03,2025,2025-04
2025-04-04 09:30:00,72.8,S2,S2_LV-1,2025-04-04,2025,2025-04
2025-04-04 09:43:00,-87.2,S2,S2_LV-1,2025-04-04,2025,2025-04
2025-04-04 09:43:00,72.8,S2,S2_LV-3,2025-04-04,2025,2025-04
2025-04-04 10:30:00,-87.2,S2,S2_LV-1,2025-04-04,2025,2025-04
2025-04-04 10:48:00,72.8,S2,S2_LV-3,2025-04-04,2025,2025-04
2025-04-07 09:49:00,-157.2,S2,S2_HV-1,2025-04-07,2025,2025-04
2025-04-07 10:04:00,142.8,S2,S2_HV-1,2025-04-07,2025,2025-04
2025-04-07 10:15:00,142.8,S2,S2_HV-1,2025-04-07,2025,2025-04
2025-04-07 10:26:00,142.8,S2,S2_HV-1,2025-04-07,2025,2025-04
2025-04-07 10:39:00,-157.2,S2,S2_HV-1,2025-04-07,2025,2025-04
2025-04-08 09:11:00,-157.2,S2,S2_HV-1,2025-04-08,2025,2025-04
2025-04-08 09:53:00,-157.2,S2,S2_HV-1,2025-04-08,2025,2025-04
2025-04-08 09:53:00,-157.2,S2,S2_HV-2,2025-04-08,2025,2025-04
2025-04-08 11:20:00,-157.2,S2,S2_HV-2,2025-04-08,2025,2025-04
2025-04-08 13:00:00,142.8,S2,S2_HV-2,2025-04-08,2025,2025-04
2025-04-08 13:02:00,142.8,S2,S2_HV-1,2025-04-08,2025,2025-04
2025-04-08 13:13:00,-157.2,S2,S2_HV-1,2025-04-08,2025,2025-04
2025-04-09 09:06:00,-157.2,S2,S2_HV-1,2025-04-09,2025,2025-04
2025-04-09 11:06:00,-157.2,S2,S2_HV-1,2025-04-09,2025,2025-04
2025-04-09 13:23:00,-157.2,S2,S2_HV-1,2025-04-09,2025,2025-04
2025-04-09 13:23:00,-157.2,S2,S2_HV-1,2025-04-09,2025,2025-04
2025-04-09 13:27:00,-157.2,S2,S2_HV-1,2025-04-09,2025,2025-04
2025-04-09 13:29:00,142.8,S2,S2_HV-1,2025-04-09,2025,2025-04
2025-04-10 09:04:00,-157.2,S2,S2_HV-1,2025-04-10,2025,2025-04
2025-04-10 09:05:00,-157.2,S2,S2_HV-2,2025-04-10,2025,2025-04
2025-04-10 10:10:00,142.8,S2,S2_HV-1,2025-04-10,2025,2025-04
2025-04-10 10:46:00,142.8,S2,S2_HV-1,2025-04-10,2025,2025-04
2025-04-11 10:22:00,142.8,S2,S2_HV-1,2025-04-11,2025,2025-04
2025-04-11 11:52:00,-157.2,S2,S2_HV-1,2025-04-11,2025,2025-04
2025-04-15 10:22:00,142.8,S2,S2_HV-1,2025-04-15,2025,2025-04
2025-04-16 10:12:00,-157.2,S2,S2_HV-1,2025-04-16,2025,2025-04
2025-04-21 09:53:00,142.8,S2,S2_HV-1,2025-04-21,2025,2025-04
2025-04-22 09:08:00,72.8,S2,S2_LV-3,2025-04-22,2025,2025-04
2025-04-22 10:18:00,72.8,S2,S2_LV-2,2025-04-22,2025,2025-04
2025-04-22 13:20:00,72.8,S2,S2_LV-1,2025-04-22,2025,2025-04
2025-04-23 09:37:00,-87.2,S2,S2_LV-1,2025-04-23,2025,2025-04
2025-04-23 09:40:00,72.8,S2,S2_LV-2,2025-04-23,2025,2025-04
2025-04-23 10:19:00,72.8,S2,S2_LV-1,2025-04-23,2025,2025-04
2025-04-23 10:22:00,72.8,S2,S2_LV-1,2025-04-23,2025,2025-04
2025-04-23 10:41:00,72.8,S2,S2_LV-3,2025-04-23,2025,2025-04
2025-04-24 09:28:00,72.8,S2,S2_LV-1,2025-04-24,2025,2025-04
2025-04-24 10:36:00,72.8,S2,S2_LV-1,2025-04-24,2025,2025-04
2025-04-24 10:49:00,442.80000000000285,S3,S3_C,2025-04-24,2025,2025-04
2025-04-25 10:30:00,142.8,S2,S2_HV-1,2025-04-25,2025,2025-04
2025-04-25 13:39:00,142.8,S2,S2_HV-1,2025-04-25,2025,2025-04
2025-04-28 09:13:00,242.8,S3,S3_B,2025-04-28,2025,2025-04
2025-04-28 09:24:00,-87.2,S2,S2_LV-1,2025-04-28,2025,2025-04
2025-04-28 09:46:00,72.8,S2,S2_LV-3,2025-04-28,2025,2025-04
2025-04-28 09:48:00,242.8,S3,S3_B,2025-04-28,2025,2025-04
2025-04-28 09:50:00,-87.2,S2,S2_LV-1,2025-04-28,2025,2025-04
2025-04-28 10:02:00,242.8,S3,S3_B,2025-04-28,2025,2025-04
2025-04-28 11:09:00,-87.2,S2,S2_LV-3,2025-04-28,2025,2025-04
2025-04-28 11:11:00,242.8,S3,S3_B,2025-04-28,2025,2025-04
2025-04-28 11:11:00,72.8,S2,S2_LV-1,2025-04-28,2025,2025-04
2025-04-29 09:15:00,142.8,S2,S2_HV-1,2025-04-29,2025,2025-04
2025-04-29 10:49:00,-157.2,S2,S2_HV-2,2025-04-29,2025,2025-04
2025-04-29 13:14:00,-87.1999999999983,S2,S2_HV-1,2025-04-29,2025,2025-04
2025-04-30 09:56:00,142.8,S2,S2_HV-2,2025-04-30,2025,2025-04
2025-04-30 11:42:00,142.8,S2,S2_HV-1,2025-04-30,2025,2025-04
2025-04-30 11:46:00,142.8,S2,S2_HV-1,2025-04-30,2025,2025-04
2025-04-30 11:50:00,142.8,S2,S2_HV-1,2025-04-30,2025,2025-04
2025-04-30 11:55:00,-157.2,S2,S2_HV-2,2025-04-30,2025,2025-04
2025-04-30 12:09:00,142.8,S2,S2_HV-2,2025-04-30,2025,2025-04
2025-05-01 09:53:00,-157.2,S2,S2_HV-1,2025-05-01,2025,2025-05
2025-05-02 09:49:00,142.8,S2,S2_HV-1,2025-05-02,2025,2025-05
2025-05-02 09:49:00,142.8,S2,S2_HV-2,2025-05-02,2025,2025-05
2025-05-02 10:06:00,-157.2,S2,S2_HV-1,2025-05-02,2025,2025-05
2025-05-06 10:22:00,72.8,S2,S2_LV-1,2025-05-06,2025,2025-05
2025-05-06 10:57:00,72.8,S2,S2_LV-2,2025-05-06,2025,2025-05
2025-05-07 11:31:00,142.8,S2,S2_HV-1,2025-05-07,2025,2025-05
2025-05-07 12:59:00,212.79999999999887,S3,S3_C,2025-05-07,2025,2025-05
2025-05-08 09:31:00,-87.2,S2,S2_LV-1,2025-05-08,2025,2025-05
2025-05-08 09:40:00,72.8,S2,S2_LV-2,2025-05-08,2025,2025-05
2025-05-08 10:55:00,442.80000000000285,S3,S3_C,2025-05-08,2025,2025-05
2025-05-08 10:56:00,72.8,S2,S2_LV-1,2025-05-08,2025,2025-05
2025-05-08 11:56:00,72.8,S2,S2_LV-1,2025-05-08,2025,2025-05
2025-05-12 09:42:00,-87.2,S2,S2_LV-1,2025-05-12,2025,2025-05
2025-05-12 10:20:00,-87.2,S2,S2_LV-2,2025-05-12,2025,2025-05
2025-05-12 11:09:00,-87.2,S2,S2_LV-1,2025-05-12,2025,2025-05
2025-05-13 09:39:00,72.8,S2,S2_LV-2,2025-05-13,2025,2025-05
2025-05-13 10:41:00,72.8,S2,S2_LV-3,2025-05-13,2025,2025-05
2025-05-13 12:03:00,72.8,S2,S2_LV-3,2025-05-13,2025,2025-05
2025-05-14 10:14:00,-87.2,S2,S2_LV-1,2025-05-14,2025,2025-05
2025-05-14 10:42:00,72.8,S2,S2_LV-1,2025-05-14,2025,2025-05
2025-05-14 11:22:00,72.8,S2,S2_LV-2,2025-05-14,2025,2025-05
2025-05-14 11:46:00,-167.20000000000368,S3,S3_C,2025-05-14,2025,2025-05
2025-05-15 09:17:00,72.8,S2,S2_LV-1,2025-05-15,2025,2025-05
2025-05-15 10:27:00,-87.2,S2,S2_LV-2,2025-05-15,2025,2025-05
2025-05-16 09:23:00,72.8,S2,S2_LV-1,2025-05-16,2025,2025-05
2025-05-16 11:55:00,-87.2,S2,S2_LV-1,2025-05-16,2025,2025-05
2025-05-20 09:06:00,-157.1977111816406,S3,S3_B,2025-05-20,2025,2025-05
2025-05-21 09:05:00,242.8,S3,S3_B,2025-05-21,2025,2025-05
2025-05-21 10:04:00,242.8,S3,S3_B,2025-05-21,2025,2025-05
2025-05-21 10:35:00,242.8,S3,S3_B,2025-05-21,2025,2025-05
2025-05-21 11:10:00,242.8,S3,S3_B,2025-05-21,2025,2025-05
2025-05-21 12:10:00,-127.19893188476564,S3,S3_B,2025-05-21,2025,2025-05
2025-05-22 10:23:00,-87.2,S2,S2_LV-1,2025-05-22,2025,2025-05
2025-05-22 10:43:00,72.8,S2,S2_LV-2,2025-05-22,2025,2025-05
2025-05-23 09:07:00,72.8,S2,S2_LV-1,2025-05-23,2025,2025-05
2025-05-23 09:30:00,72.8,S2,S2_LV-2,2025-05-23,2025,2025-05
2025-05-23 09:40:00,72.8,S2,S2_LV-1,2025-05-23,2025,2025-05
2025-05-23 10:54:00,72.8,S2,S2_LV-1,2025-05-23,2025,2025-05
2025-05-27 09:04:00,242.8,S3,S3_B,2025-05-27,2025,2025-05
2025-05-27 10:51:00,242.8,S3,S3_B,2025-05-27,2025,2025-05
2025-05-27 13:06:00,-107.20228881835938,S3,S3_B,2025-05-27,2025,2025-05
2025-05-30 09:41:00,72.8,S2,S2_LV-1,2025-05-30,2025,2025-05
2025-05-30 12:30:00,72.8,S2,S2_LV-1,2025-05-30,2025,2025-05
2025-06-02 09:20:00,72.8,S2,S2_LV-3,2025-06-02,2025,2025-06
2025-06-02 09:37:00,-87.2,S2,S2_LV-1,2025-06-02,2025,2025-06
2025-06-02 10:04:00,72.8,S2,S2_LV-1,2025-06-02,2025,2025-06
2025-06-02 10:19:00,72.8,S2,S2_LV-2,2025-06-02,2025,2025-06
2025-06-03 09:31:00,72.8,S2,S2_LV-1,2025-06-03,2025,2025-06
2025-06-03 10:31:00,72.8,S2,S2_LV-3,2025-06-03,2025,2025-06
2025-06-04 09:10:00,-87.2,S2,S2_LV-1,2025-06-04,2025,2025-06
2025-06-04 09:37:00,-87.2,S2,S2_LV-3,2025-06-04,2025,2025-06
2025-06-04 11:21:00,-87.2,S2,S2_LV-1,2025-06-04,2025,2025-06
2025-06-05 10:02:00,72.8,S2,S2_LV-2,2025-06-05,2025,2025-06
2025-06-05 11:31:00,72.8,S2,S2_LV-1,2025-06-05,2025,2025-06
2025-06-06 09:42:00,-87.2,S2,S2_LV-1,2025-06-06,2025,2025-06
2025-06-06 09:47:00,72.8,S2,S2_LV-3,2025-06-06,2025,2025-06
2025-06-06 10:16:00,72.8,S2,S2_LV-3,2025-06-06,2025,2025-06
2025-06-09 11:26:00,-87.2,S2,S2_LV-3,2025-06-09,2025,2025-06
2025-06-09 11:27:00,72.8,S2,S2_LV-1,2025-06-09,2025,2025-06
2025-06-10 09:13:00,-87.2,S2,S2_LV-1,2025-06-10,2025,2025-06
2025-06-10 11:45:00,-87.2,S2,S2_LV-1,2025-06-10,2025,2025-06
2025-06-10 13:15:00,-87.2,S2,S2_LV-2,2025-06-10,2025,2025-06
2025-06-11 10:23:00,-87.2,S2,S2_LV-1,2025-06-11,2025,2025-06
2025-06-11 13:25:00,72.8,S2,S2_LV-3,2025-06-11,2025,2025-06
2025-06-12 09:15:00,72.8,S2,S2_LV-1,2025-06-12,2025,2025-06
2025-06-12 09:55:00,72.8,S2,S2_LV-1,2025-06-12,2025,2025-06
2025-06-12 11:19:00,-87.2,S2,S2_LV-1,2025-06-12,2025,2025-06
2025-06-12 11:19:00,-87.2,S2,S2_LV-3,2025-06-12,2025,2025-06
2025-06-13 09:39:00,72.8,S2,S2_LV-2,2025-06-13,2025,2025-06
2025-06-13 09:43:00,72.8,S2,S2_LV-1,2025-06-13,2025,2025-06
2025-06-13 09:57:00,72.8,S2,S2_LV-1,2025-06-13,2025,2025-06
2025-06-13 11:06:00,-87.2,S2,S2_LV-1,2025-06-13,2025,2025-06
2025-06-16 09:11:00,-157.2,S2,S2_HV-1,2025-06-16,2025,2025-06
2025-06-16 10:06:00,142.8,S2,S2_HV-1,2025-06-16,2025,2025-06
2025-06-16 10:27:00,142.8,S2,S2_HV-1,2025-06-16,2025,2025-06
2025-06-16 11:45:00,142.8,S2,S2_HV-1,2025-06-16,2025,2025-06
2025-06-16 13:56:00,142.8,S2,S2_HV-1,2025-06-16,2025,2025-06
2025-06-17 09:16:00,142.8,S2,S2_HV-1,2025-06-17,2025,2025-06
2025-06-17 10:04:00,-157.2,S2,S2_HV-1,2025-06-17,2025,2025-06
2025-06-17 13:26:00,142.8,S2,S2_HV-1,2025-06-17,2025,2025-06
2025-06-18 09:01:00,142.8,S2,S2_HV-1,2025-06-18,2025,2025-06
2025-06-18 09:37:00,142.8,S2,S2_HV-1,2025-06-18,2025,2025-06
2025-06-18 09:38:00,-157.2,S2,S2_HV-2,2025-06-18,2025,2025-06
2025-06-18 10:05:00,142.8,S2,S2_HV-1,2025-06-18,2025,2025-06
2025-06-18 10:13:00,-157.2,S2,S2_HV-1,2025-06-18,2025,2025-06
2025-06-18 10:17:00,142.8,S2,S2_HV-1,2025-06-18,2025,2025-06
2025-06-19 09:41:00,142.8,S2,S2_HV-2,2025-06-19,2025,2025-06
2025-06-19 10:03:00,142.8,S2,S2_HV-2,2025-06-19,2025,2025-06
2025-06-19 11:10:00,-157.2,S2,S2_HV-1,2025-06-19,2025,2025-06
2025-06-19 11:13:00,-157.2,S2,S2_HV-2,2025-06-19,2025,2025-06
2025-06-19 11:41:00,-157.2,S2,S2_HV-1,2025-06-19,2025,2025-06
2025-06-20 09:55:00,142.8,S2,S2_HV-1,2025-06-20,2025,2025-06
2025-06-20 10:18:00,-157.2,S2,S2_HV-1,2025-06-20,2025,2025-06
2025-06-20 13:53:00,102.79999999999944,S2,S2_HV-1,2025-06-20,2025,2025-06
2025-06-23 09:09:00,142.8,S2,S2_HV-1,2025-06-23,2025,2025-06
2025-06-23 09:54:00,142.8,S2,S2_HV-1,2025-06-23,2025,2025-06
2025-06-23 10:08:00,142.8,S2,S2_HV-1,2025-06-23,2025,2025-06
2025-06-23 12:44:00,142.8,S2,S2_HV-1,2025-06-23,2025,2025-06
2025-06-23 13:08:00,-157.2,S2,S2_HV-1,2025-06-23,2025,2025-06
2025-06-23 13:13:00,-157.2,S2,S2_HV-1,2025-06-23,2025,2025-06
2025-06-23 13:24:00,142.8,S2,S2_HV-1,2025-06-23,2025,2025-06
2025-06-23 13:37:00,142.8,S2,S2_HV-1,2025-06-23,2025,2025-06
2025-06-23 13:42:00,142.8,S2,S2_HV-1,2025-06-23,2025,2025-06
2025-06-24 09:15:00,-157.2,S2,S2_HV-1,2025-06-24,2025,2025-06
2025-06-24 09:25:00,142.8,S2,S2_HV-1,2025-06-24,2025,2025-06
2025-06-24 09:39:00,-157.2,S2,S2_HV-1,2025-06-24,2025,2025-06
2025-06-24 12:02:00,142.8,S2,S2_HV-1,2025-06-24,2025,2025-06
2025-06-24 12:52:00,442.80000000000285,S3,S3_C,2025-06-24,2025,2025-06
2025-06-25 09:19:00,-157.2,S2,S2_HV-1,2025-06-25,2025,2025-06
2025-06-25 11:47:00,142.8,S2,S2_HV-1,2025-06-25,2025,2025-06
2025-06-26 09:12:00,142.8,S2,S2_HV-1,2025-06-26,2025,2025-06
2025-06-27 11:44:00,142.8,S2,S2_HV-1,2025-06-27,2025,2025-06
2025-07-01 09:05:00,242.8,S3,S3_B,2025-07-01,2025,2025-07
2025-07-01 10:02:00,242.8,S3,S3_B,2025-07-01,2025,2025-07
2025-07-01 13:13:00,12.79664306640625,S3,S3_B,2025-07-01,2025,2025-07
2025-07-07 09:23:00,-87.2,S2,S2_LV-1,2025-07-07,2025,2025-07
2025-07-07 09:23:00,-87.2,S2,S2_LV-3,2025-07-07,2025,2025-07
2025-07-08 11:45:00,-87.2,S2,S2_LV-3,2025-07-08,2025,2025-07
2025-07-09 09:07:00,242.8,S3,S3_B,2025-07-09,2025,2025-07
2025-07-09 09:15:00,72.8,S2,S2_LV-1,2025-07-09,2025,2025-07
2025-07-09 09:34:00,72.8,S2,S2_LV-2,2025-07-09,2025,2025-07
2025-07-09 09:46:00,242.8,S3,S3_B,2025-07-09,2025,2025-07
2025-07-09 10:57:00,242.8,S3,S3_B,2025-07-09,2025,2025-07
2025-07-09 11:28:00,2.80213623046875,S3,S3_B,2025-07-09,2025,2025-07
2025-07-09 11:40:00,72.8,S2,S2_LV-1,2025-07-09,2025,2025-07
2025-07-10 09:03:00,242.8,S3,S3_B,2025-07-10,2025,2025-07
2025-07-10 09:17:00,242.8,S3,S3_B,2025-07-10,2025,2025-07
2025-07-10 09:22:00,242.8,S3,S3_B,2025-07-10,2025,2025-07
2025-07-10 09:44:00,72.8,S2,S2_LV-2,2025-07-10,2025,2025-07
2025-07-10 11:09:00,72.8,S2,S2_LV-1,2025-07-10,2025,2025-07
2025-07-10 12:07:00,-267.20213623046874,S3,S3_B,2025-07-10,2025,2025-07
2025-07-11 09:21:00,-87.2,S2,S2_LV-1,2025-07-11,2025,2025-07
2025-07-11 09:48:00,72.8,S2,S2_LV-3,2025-07-11,2025,2025-07
2025-07-11 11:10:00,72.8,S2,S2_LV-3,2025-07-11,2025,2025-07
2025-07-14 10:06:00,-87.2,S2,S2_LV-2,2025-07-14,2025,2025-07
2025-07-14 11:08:00,-87.2,S2,S2_LV-1,2025-07-14,2025,2025-07
2025-07-14 11:16:00,-87.2,S2,S2_LV-1,2025-07-14,2025,2025-07
2025-07-16 09:15:00,242.8,S3,S3_B,2025-07-16,2025,2025-07
2025-07-16 09:41:00,72.8,S2,S2_LV-1,2025-07-16,2025,2025-07
2025-07-16 10:34:00,-807.1999999999972,S3,S3_B,2025-07-16,2025,2025-07
2025-07-16 13:08:00,72.8,S2,S2_LV-1,2025-07-16,2025,2025-07
2025-07-17 09:05:00,-807.1999999999972,S3,S3_B,2025-07-17,2025,2025-07
2025-07-17 09:13:00,-87.2,S2,S2_LV-1,2025-07-17,2025,2025-07
2025-07-21 09:07:00,52.80518798828125,S3,S3_B,2025-07-21,2025,2025-07
2025-07-21 10:07:00,72.8,S2,S2_LV-1,2025-07-21,2025,2025-07
2025-07-21 10:10:00,-87.2,S2,S2_LV-3,2025-07-21,2025,2025-07
2025-07-22 09:42:00,-87.2,S2,S2_LV-3,2025-07-22,2025,2025-07
2025-07-22 09:50:00,-87.2,S2,S2_LV-2,2025-07-22,2025,2025-07
2025-07-22 10:01:00,72.8,S2,S2_LV-1,2025-07-22,2025,2025-07
2025-07-23 09:05:00,-87.2,S2,S2_LV-1,2025-07-23,2025,2025-07
2025-07-23 12:21:00,72.8,S2,S2_LV-2,2025-07-23,2025,2025-07
2025-07-28 11:28:00,72.8,S2,S2_LV-2,2025-07-28,2025,2025-07
2025-07-29 09:16:00,72.8,S2,S2_LV-3,2025-07-29,2025,2025-07
2025-07-29 10:03:00,72.8,S2,S2_LV-1,2025-07-29,2025,2025-07
2025-07-29 13:44:00,72.8,S2,S2_LV-1,2025-07-29,2025,2025-07
2025-07-29 13:47:00,-87.2,S2,S2_LV-1,2025-07-29,2025,2025-07
2025-07-29 13:47:00,-87.2,S2,S2_LV-3,2025-07-29,2025,2025-07
2025-07-30 09:21:00,72.8,S2,S2_LV-1,2025-07-30,2025,2025-07
2025-07-31 10:09:00,72.8,S2,S2_LV-1,2025-07-31,2025,2025-07
2025-07-31 10:53:00,-87.2,S2,S2_LV-2,2025-07-31,2025,2025-07
2025-07-31 13:32:00,72.8,S2,S2_LV-1,2025-07-31,2025,2025-07
2025-08-01 09:05:00,-87.2,S2,S2_LV-3,2025-08-01,2025,2025-08
2025-08-01 09:18:00,-87.2,S2,S2_LV-1,2025-08-01,2025,2025-08
2025-08-01 10:03:00,-87.2,S2,S2_LV-1,2025-08-01,2025,2025-08
2025-08-01 11:07:00,72.8,S2,S2_LV-1,2025-08-01,2025,2025-08
2025-08-05 10:31:00,-157.2,S2,S2_HV-1,2025-08-05,2025,2025-08
2025-08-06 10:00:00,72.8,S2,S2_LV-1,2025-08-06,2025,2025-08
2025-08-06 10:11:00,-87.2,S2,S2_LV-3,2025-08-06,2025,2025-08
2025-08-06 10:36:00,-87.2,S2,S2_LV-1,2025-08-06,2025,2025-08
2025-08-06 12:44:00,-87.2,S2,S2_LV-3,2025-08-06,2025,2025-08
2025-08-06 12:45:00,72.8,S2,S2_LV-1,2025-08-06,2025,2025-08
2025-08-07 09:34:00,-157.2,S2,S2_HV-2,2025-08-07,2025,2025-08
2025-08-08 09:19:00,-157.2,S2,S2_HV-1,2025-08-08,2025,2025-08
2025-08-08 09:58:00,142.8,S2,S2_HV-1,2025-08-08,2025,2025-08
2025-08-08 10:11:00,142.8,S2,S2_HV-1,2025-08-08,2025,2025-08
2025-08-08 10:18:00,142.8,S2,S2_HV-1,2025-08-08,2025,2025-08
2025-08-11 10:28:00,72.8,S2,S2_LV-1,2025-08-11,2025,2025-08
2025-08-12 09:10:00,72.8,S2,S2_LV-1,2025-08-12,2025,2025-08
2025-08-13 10:29:00,72.8,S2,S2_LV-1,2025-08-13,2025,2025-08
2025-08-13 11:23:00,72.8,S2,S2_LV-1,2025-08-13,2025,2025-08
2025-08-13 11:58:00,-87.2,S2,S2_LV-1,2025-08-13,2025,2025-08
2025-08-14 09:59:00,-87.2,S2,S2_LV-1,2025-08-14,2025,2025-08
2025-08-14 11:47:00,72.8,S2,S2_LV-2,2025-08-14,2025,2025-08
2025-08-15 09:17:00,-87.2,S2,S2_LV-1,2025-08-15,2025,2025-08
2025-08-15 10:29:00,72.8,S2,S2_LV-2,2025-08-15,2025,2025-08
2025-08-15 11:19:00,72.8,S2,S2_LV-1,2025-08-15,2025,2025-08
2025-08-18 09:42:00,72.8,S2,S2_LV-3,2025-08-18,2025,2025-08
2025-08-18 10:39:00,72.8,S2,S2_LV-1,2025-08-18,2025,2025-08
2025-08-18 11:20:00,-87.2,S2,S2_LV-2,2025-08-18,2025,2025-08
2025-08-19 09:46:00,-87.2,S2,S2_LV-2,2025-08-19,2025,2025-08
2025-08-19 10:10:00,72.8,S2,S2_LV-1,2025-08-19,2025,2025-08
2025-08-20 09:02:00,-87.2,S2,S2_LV-1,2025-08-20,2025,2025-08
2025-08-20 10:03:00,72.8,S2,S2_LV-2,2025-08-20,2025,2025-08
2025-08-21 10:30:00,-87.2,S2,S2_LV-1,2025-08-21,2025,2025-08
2025-08-21 11:15:00,72.8,S2,S2_LV-2,2025-08-21,2025,2025-08
2025-08-22 10:02:00,72.8,S2,S2_LV-2,2025-08-22,2025,2025-08
2025-08-22 11:38:00,72.8,S2,S2_LV-1,2025-08-22,2025,2025-08
2025-08-26 09:46:00,-87.2,S2,S2_LV-2,2025-08-26,2025,2025-08
2025-08-26 11:08:00,-87.2,S2,S2_LV-3,2025-08-26,2025,2025-08
2025-08-26 11:09:00,72.8,S2,S2_LV-1,2025-08-26,2025,2025-08
2025-08-27 09:30:00,72.8,S2,S2_LV-1,2025-08-27,2025,2025-08
2025-08-27 10:37:00,72.8,S2,S2_LV-1,2025-08-27,2025,2025-08
2025-08-27 11:08:00,-87.2,S2,S2_LV-2,2025-08-27,2025,2025-08
2025-08-28 10:11:00,-87.2,S2,S2_LV-1,2025-08-28,2025,2025-08
2025-08-29 10:01:00,72.8,S2,S2_LV-1,2025-08-29,2025,2025-08
2025-08-29 11:05:00,-87.2,S2,S2_LV-1,2025-08-29,2025,2025-08
2025-09-02 09:22:00,-87.2,S2,S2_LV-3,2025-09-02,2025,2025-09
2025-09-02 09:23:00,-87.2,S2,S2_LV-1,2025-09-02,2025,2025-09
2025-09-02 11:43:00,-87.2,S2,S2_LV-1,2025-09-02,2025,2025-09
2025-09-02 11:46:00,72.8,S2,S2_LV-3,2025-09-02,2025,2025-09
2025-09-04 10:25:00,72.8,S2,S2_LV-2,2025-09-04,2025,2025-09
2025-09-04 12:07:00,72.8,S2,S2_LV-1,2025-09-04,2025,2025-09
2025-09-05 09:15:00,-87.2,S2,S2_LV-1,2025-09-05,2025,2025-09
2025-09-09 11:31:00,72.8,S2,S2_LV-1,2025-09-09,2025,2025-09
2025-09-10 10:32:00,-807.1999999999972,S3,S3_B,2025-09-10,2025,2025-09
2025-09-11 09:16:00,-87.2,S2,S2_LV-1,2025-09-11,2025,2025-09
2025-09-17 10:31:00,72.8,S2,S2_LV-1,2025-09-17,2025,2025-09
2025-09-17 10:54:00,72.8,S2,S2_LV-2,2025-09-17,2025,2025-09
2025-09-22 10:21:00,-87.2,S2,S2_LV-2,2025-09-22,2025,2025-09
2025-09-24 11:04:00,72.8,S2,S2_LV-3,2025-09-24,2025,2025-09
2025-09-25 10:20:00,72.8,S2,S2_LV-2,2025-09-25,2025,2025-09
2025-09-26 09:52:00,72.8,S2,S2_LV-1,2025-09-26,2025,2025-09
2025-09-30 11:32:00,72.8,S2,S2_LV-1,2025-09-30,2025,2025-09
2025-10-01 09:33:00,-87.2,S2,S2_LV-1,2025-10-01,2025,2025-10
2025-10-01 09:33:00,72.8,S2,S2_LV-3,2025-10-01,2025,2025-10
2025-10-02 10:02:00,-87.2,S2,S2_LV-1,2025-10-02,2025,2025-10
2025-10-02 10:14:00,72.8,S2,S2_LV-2,2025-10-02,2025,2025-10
2025-10-03 09:34:00,72.8,S2,S2_LV-2,2025-10-03,2025,2025-10
2025-10-03 11:47:00,-87.2,S2,S2_LV-1,2025-10-03,2025,2025-10
2025-10-06 11:17:00,-87.2,S2,S2_LV-1,2025-10-06,2025,2025-10
2025-10-06 11:17:00,-87.2,S2,S2_LV-2,2025-10-06,2025,2025-10
2025-10-07 09:05:00,72.8,S2,S2_LV-1,2025-10-07,2025,2025-10
2025-10-07 10:45:00,72.8,S2,S2_LV-1,2025-10-07,2025,2025-10
2025-10-10 09:21:00,-87.2,S2,S2_LV-3,2025-10-10,2025,2025-10
2025-10-10 09:33:00,72.8,S2,S2_LV-1,2025-10-10,2025,2025-10
2025-10-10 09:47:00,72.8,S2,S2_LV-2,2025-10-10,2025,2025-10
2025-10-10 11:59:00,72.8,S2,S2_LV-1,2025-10-10,2025,2025-10
2025-10-10 12:12:00,72.8,S2,S2_LV-3,2025-10-10,2025,2025-10
2025-10-13 10:03:00,-87.2,S2,S2_LV-2,2025-10-13,2025,2025-10
2025-10-13 11:51:00,-87.2,S2,S2_LV-1,2025-10-13,2025,2025-10
2025-10-14 10:33:00,72.8,S2,S2_LV-1,2025-10-14,2025,2025-10
2025-10-15 09:50:00,-87.2,S2,S2_LV-3,2025-10-15,2025,2025-10
2025-10-15 11:18:00,72.8,S2,S2_LV-3,2025-10-15,2025,2025-10
2025-10-16 09:01:00,72.8,S2,S2_LV-1,2025-10-16,2025,2025-10
2025-10-16 11:33:00,72.8,S2,S2_LV-3,2025-10-16,2025,2025-10
2025-10-16 11:46:00,72.8,S2,S2_LV-1,2025-10-16,2025,2025-10
2025-10-17 09:10:00,-87.2,S2,S2_LV-1,2025-10-17,2025,2025-10
2025-10-17 11:06:00,72.8,S2,S2_LV-2,2025-10-17,2025,2025-10
2025-10-20 09:09:00,72.8,S2,S2_LV-3,2025-10-20,2025,2025-10
2025-10-20 09:31:00,72.8,S2,S2_LV-1,2025-10-20,2025,2025-10
2025-10-20 10:52:00,72.8,S2,S2_LV-2,2025-10-20,2025,2025-10
2025-10-21 09:02:00,242.8,S3,S3_B,2025-10-21,2025,2025-10
2025-10-21 09:20:00,242.8,S3,S3_B,2025-10-21,2025,2025-10
2025-10-21 09:22:00,-87.2,S2,S2_LV-3,2025-10-21,2025,2025-10
2025-10-21 09:35:00,72.8,S2,S2_LV-1,2025-10-21,2025,2025-10
2025-10-21 09:48:00,242.8,S3,S3_B,2025-10-21,2025,2025-10
2025-10-21 09:57:00,72.8,S2,S2_LV-1,2025-10-21,2025,2025-10
2025-10-21 10:11:00,242.8,S3,S3_B,2025-10-21,2025,2025-10
2025-10-21 10:21:00,242.8,S3,S3_B,2025-10-21,2025,2025-10
2025-10-21 11:22:00,242.8,S3,S3_B,2025-10-21,2025,2025-10
2025-10-22 09:30:00,-87.2,S2,S2_LV-1,2025-10-22,2025,2025-10
2025-10-22 09:41:00,-87.2,S2,S2_LV-2,2025-10-22,2025,2025-10
2025-10-23 09:25:00,72.8,S2,S2_LV-1,2025-10-23,2025,2025-10
2025-10-24 09:53:00,72.8,S2,S2_LV-2,2025-10-24,2025,2025-10
2025-10-27 09:03:00,242.8,S3,S3_B,2025-10-27,2025,2025-10
2025-10-27 09:29:00,-87.2,S2,S2_LV-1,2025-10-27,2025,2025-10
2025-10-27 10:55:00,-87.2,S2,S2_LV-2,2025-10-27,2025,2025-10
2025-10-27 11:13:00,72.8,S2,S2_LV-1,2025-10-27,2025,2025-10
2025-10-27 13:32:00,242.8,S3,S3_B,2025-10-27,2025,2025-10
2025-10-28 09:05:00,242.8,S3,S3_B,2025-10-28,2025,2025-10
2025-10-28 10:04:00,72.8,S2,S2_LV-2,2025-10-28,2025,2025-10
2025-10-28 10:11:00,242.8,S3,S3_B,2025-10-28,2025,2025-10
2025-10-28 11:47:00,72.8,S2,S2_LV-1,2025-10-28,2025,2025-10
2025-10-28 11:49:00,242.8,S3,S3_B,2025-10-28,2025,2025-10
2025-10-28 12:28:00,2.80213623046875,S3,S3_B,2025-10-28,2025,2025-10
2025-10-29 09:44:00,-87.2,S2,S2_LV-2,2025-10-29,2025,2025-10
2025-10-29 10:22:00,-87.2,S2,S2_LV-1,2025-10-29,2025,2025-10
2025-10-30 09:02:00,-807.1999999999972,S3,S3_B,2025-10-30,2025,2025-10
2025-10-30 09:45:00,72.8,S2,S2_LV-2,2025-10-30,2025,2025-10
2025-10-30 10:06:00,-87.2,S2,S2_LV-1,2025-10-30,2025,2025-10
2025-10-30 11:49:00,-87.2,S2,S2_LV-1,2025-10-30,2025,2025-10
2025-10-31 09:31:00,72.8,S2,S2_LV-1,2025-10-31,2025,2025-10
2025-10-31 10:24:00,-87.2,S2,S2_LV-3,2025-10-31,2025,2025-10
2025-11-06 11:52:00,-87.2,S2,S2_LV-1,2025-11-06,2025,2025-11
2025-11-13 09:38:00,72.8,S2,S2_LV-1,2025-11-13,2025,2025-11
2025-11-14 09:07:00,242.8,S3,S3_B,2025-11-14,2025,2025-11
2025-11-14 13:13:00,-177.2019836425781,S3,S3_B,2025-11-14,2025,2025-11
2025-11-18 09:01:00,242.8,S3,S3_B,2025-11-18,2025,2025-11
2025-11-18 09:53:00,-807.1999999999972,S3,S3_B,2025-11-18,2025,2025-11
2025-11-19 10:03:00,72.8,S2,S2_LV-1,2025-11-19,2025,2025-11
2025-11-19 10:40:00,72.8,S2,S2_LV-2,2025-11-19,2025,2025-11
2025-11-21 09:05:00,72.8,S2,S2_LV-3,2025-11-21,2025,2025-11
2025-11-21 09:58:00,-87.2,S2,S2_LV-1,2025-11-21,2025,2025-11
2025-11-24 09:46:00,72.8,S2,S2_LV-1,2025-11-24,2025,2025-11
2025-11-24 11:00:00,-87.2,S2,S2_LV-2,2025-11-24,2025,2025-11
2025-11-25 09:49:00,72.8,S2,S2_LV-3,2025-11-25,2025,2025-11
2025-11-25 10:01:00,72.8,S2,S2_LV-1,2025-11-25,2025,2025-11
2025-11-25 12:26:00,72.8,S2,S2_LV-2,2025-11-25,2025,2025-11
2025-11-26 10:09:00,72.8,S2,S2_LV-2,2025-11-26,2025,2025-11
2025-11-26 10:31:00,-87.2,S2,S2_LV-1,2025-11-26,2025,2025-11
2025-11-27 12:50:00,-17.200000000005115,S2,S2_LV-2,2025-11-27,2025,2025-11
2025-11-28 09:31:00,-87.2,S2,S2_LV-1,2025-11-28,2025,2025-11
2025-11-28 11:02:00,72.8,S2,S2_LV-2,2025-11-28,2025,2025-11
2025-12-01 09:01:00,-87.2,S2,S2_LV-1,2025-12-01,2025,2025-12
2025-12-01 09:44:00,-87.2,S2,S2_LV-1,2025-12-01,2025,2025-12
2025-12-02 09:09:00,72.8,S2,S2_LV-1,2025-12-02,2025,2025-12
2025-12-02 09:48:00,-87.2,S2,S2_LV-1,2025-12-02,2025,2025-12
2025-12-04 10:55:00,-87.2,S2,S2_LV-1,2025-12-04,2025,2025-12
2025-12-04 11:36:00,72.8,S2,S2_LV-3,2025-12-04,2025,2025-12
2025-12-05 09:42:00,72.8,S2,S2_LV-3,2025-12-05,2025,2025-12
2025-12-09 10:01:00,-87.2,S2,S2_LV-1,2025-12-09,2025,2025-12
2025-12-09 10:01:00,-87.2,S2,S2_LV-3,2025-12-09,2025,2025-12
2025-12-10 13:40:00,-87.2,S2,S2_LV-2,2025-12-10,2025,2025-12
2025-12-11 10:06:00,72.8,S2,S2_LV-1,2025-12-11,2025,2025-12
2025-12-12 09:02:00,72.8,S2,S2_LV-1,2025-12-12,2025,2025-12
2025-12-12 13:27:00,72.8,S2,S2_LV-2,2025-12-12,2025,2025-12
2025-12-15 10:01:00,72.8,S2,S2_LV-1,2025-12-15,2025,2025-12
2025-12-15 11:49:00,-87.2,S2,S2_LV-1,2025-12-15,2025,2025-12
2025-12-17 10:10:00,-87.2,S2,S2_LV-1,2025-12-17,2025,2025-12
2025-12-18 09:01:00,72.8,S2,S2_LV-1,2025-12-18,2025,2025-12
2025-12-18 10:31:00,72.8,S2,S2_LV-2,2025-12-18,2025,2025-12
2025-12-19 10:00:00,72.8,S2,S2_LV-2,2025-12-19,2025,2025-12
2025-12-22 10:28:00,12.800000000003129,S2,S2_LV-1,2025-12-22,2025,2025-12
2025-12-23 09:30:00,72.8,S2,S2_LV-1,2025-12-23,2025,2025-12
2025-12-23 12:48:00,-87.2,S2,S2_LV-2,2025-12-23,2025,2025-12
2025-12-24 09:31:00,72.8,S2,S2_LV-2,2025-12-24,2025,2025-12
2025-12-26 09:19:00,72.8,S2,S2_LV-1,2025-12-26,2025,2025-12
2025-12-29 09:04:00,72.8,S2,S2_LV-1,2025-12-29,2025,2025-12
2025-12-29 09:42:00,-87.2,S2,S2_LV-2,2025-12-29,2025,2025-12
2025-12-30 11:31:00,72.8,S2,S2_LV-3,2025-12-30,2025,2025-12
2025-12-31 09:10:00,-87.2,S2,S2_LV-3,2025-12-31,2025,2025-12
2025-12-31 10:35:00,-87.2,S2,S2_LV-1,2025-12-31,2025,2025-12
2026-01-02 09:48:00,72.8,S2,S2_LV-3,2026-01-02,2026,2026-01
2026-01-02 13:36:00,-87.2,S2,S2_LV-2,2026-01-02,2026,2026-01
2026-01-06 09:50:00,72.8,S2,S2_LV-2,2026-01-06,2026,2026-01
2026-01-07 09:06:00,-87.2,S2,S2_LV-1,2026-01-07,2026,2026-01
2026-01-07 09:43:00,72.8,S2,S2_LV-1,2026-01-07,2026,2026-01
2026-01-08 10:09:00,72.8,S2,S2_LV-1,2026-01-08,2026,2026-01
2026-01-12 09:50:00,72.8,S2,S2_LV-1,2026-01-12,2026,2026-01
2026-01-12 09:58:00,72.8,S2,S2_LV-2,2026-01-12,2026,2026-01
2026-01-12 10:34:00,72.8,S2,S2_LV-1,2026-01-12,2026,2026-01
2026-01-12 11:13:00,-87.2,S2,S2_LV-3,2026-01-12,2026,2026-01
2026-01-13 09:54:00,72.8,S2,S2_LV-3,2026-01-13,2026,2026-01
2026-01-13 09:55:00,-87.2,S2,S2_LV-1,2026-01-13,2026,2026-01
2026-01-14 09:34:00,72.8,S2,S2_LV-2,2026-01-14,2026,2026-01
2026-01-14 11:16:00,72.8,S2,S2_LV-1,2026-01-14,2026,2026-01
2026-01-15 09:46:00,72.8,S2,S2_LV-1,2026-01-15,2026,2026-01
2026-01-15 10:01:00,72.8,S2,S2_LV-2,2026-01-15,2026,2026-01
2026-01-16 09:51:00,-87.2,S2,S2_LV-1,2026-01-16,2026,2026-01
2026-01-21 10:13:00,-557.1992370605469,S3,S3_B,2026-01-21,2026,2026-01
2026-01-21 10:25:00,72.8,S2,S2_LV-2,2026-01-21,2026,2026-01
2026-01-21 11:08:00,-87.2,S2,S2_LV-1,2026-01-21,2026,2026-01
2026-01-23 09:04:00,-87.2,S2,S2_LV-1,2026-01-23,2026,2026-01
2026-01-23 12:17:00,72.8,S2,S2_LV-2,2026-01-23,2026,2026-01
2026-01-26 10:44:00,-87.2,S2,S2_LV-1,2026-01-26,2026,2026-01
2026-01-26 10:44:00,-87.2,S2,S2_LV-2,2026-01-26,2026,2026-01
2026-01-27 09:40:00,72.8,S2,S2_LV-2,2026-01-27,2026,2026-01
2026-01-27 12:05:00,72.8,S2,S2_LV-1,2026-01-27,2026,2026-01
2026-01-28 09:23:00,72.8,S2,S2_LV-1,2026-01-28,2026,2026-01
2026-01-28 10:45:00,72.8,S2,S2_LV-2,2026-01-28,2026,2026-01
2026-01-29 09:22:00,72.8,S2,S2_LV-1,2026-01-29,2026,2026-01
2026-01-29 09:22:00,72.8,S2,S2_LV-3,2026-01-29,2026,2026-01
2026-01-29 10:12:00,72.8,S2,S2_LV-1,2026-01-29,2026,2026-01
2026-01-29 10:30:00,-87.2,S2,S2_LV-1,2026-01-29,2026,2026-01
2026-01-29 10:32:00,-87.2,S2,S2_LV-2,2026-01-29,2026,2026-01
2026-01-30 09:01:00,72.8,S2,S2_LV-1,2026-01-30,2026,2026-01
2026-01-30 12:22:00,-87.2,S2,S2_LV-1,2026-01-30,2026,2026-01
2026-01-30 12:46:00,72.8,S2,S2_LV-1,2026-01-30,2026,2026-01
2026-01-30 12:46:00,-87.2,S2,S2_LV-2,2026-01-30,2026,2026-01
2026-02-02 09:19:00,-87.2,S2,S2_LV-1,2026-02-02,2026,2026-02
2026-02-02 10:17:00,72.8,S2,S2_LV-1,2026-02-02,2026,2026-02
2026-02-02 10:31:00,72.8,S2,S2_LV-2,2026-02-02,2026,2026-02
2026-02-03 12:13:00,-87.2,S2,S2_LV-1,2026-02-03,2026,2026-02
2026-02-03 12:21:00,-87.2,S2,S2_LV-1,2026-02-03,2026,2026-02
2026-02-04 09:31:00,72.8,S2,S2_LV-3,2026-02-04,2026,2026-02
2026-02-04 12:31:00,-87.2,S2,S2_LV-1,2026-02-04,2026,2026-02
2026-02-04 12:31:00,-87.2,S2,S2_LV-3,2026-02-04,2026,2026-02
2026-02-04 12:35:00,-87.2,S2,S2_LV-1,2026-02-04,2026,2026-02
2026-02-04 12:40:00,-87.2,S2,S2_LV-3,2026-02-04,2026,2026-02
2026-02-05 11:11:00,142.8,S2,S2_HV-1,2026-02-05,2026,2026-02
2026-02-05 11:52:00,82.7999999999963,S3,S3_C,2026-02-05,2026,2026-02
2026-02-06 09:04:00,-157.2,S2,S2_HV-1,2026-02-06,2026,2026-02
2026-02-06 10:37:00,142.8,S2,S2_HV-1,2026-02-06,2026,2026-02
2026-02-06 10:55:00,-157.2,S2,S2_HV-1,2026-02-06,2026,2026-02
2026-02-10 09:27:00,-157.2,S2,S2_HV-1,2026-02-10,2026,2026-02
2026-02-10 11:42:00,142.8,S2,S2_HV-1,2026-02-10,2026,2026-02
2026-02-16 10:07:00,-487.1995422363281,S3,S3_B,2026-02-16,2026,2026-02
2026-02-17 09:01:00,72.8,S2,S2_LV-1,2026-02-17,2026,2026-02
2026-02-17 09:06:00,72.8,S2,S2_LV-3,2026-02-17,2026,2026-02
2026-02-17 10:39:00,-87.2,S2,S2_LV-1,2026-02-17,2026,2026-02
2026-02-17 11:59:00,-87.2,S2,S2_LV-2,2026-02-17,2026,2026-02
2026-02-18 09:33:00,72.8,S2,S2_LV-1,2026-02-18,2026,2026-02
2026-02-18 13:53:00,52.80000000000227,S2,S2_LV-1,2026-02-18,2026,2026-02
2026-02-19 10:07:00,-87.2,S2,S2_LV-2,2026-02-19,2026,2026-02
2026-02-19 10:14:00,72.8,S2,S2_LV-1,2026-02-19,2026,2026-02
2026-02-19 11:35:00,72.8,S2,S2_LV-1,2026-02-19,2026,2026-02
2026-02-20 10:32:00,72.8,S2,S2_LV-1,2026-02-20,2026,2026-02
2026-02-20 10:32:00,72.8,S2,S2_LV-2,2026-02-20,2026,2026-02
2026-02-20 13:41:00,72.8,S2,S2_LV-1,2026-02-20,2026,2026-02
2026-02-23 09:41:00,72.8,S2,S2_LV-1,2026-02-23,2026,2026-02
2026-02-23 11:33:00,-87.2,S2,S2_LV-2,2026-02-23,2026,2026-02
2026-02-23 11:44:00,-87.2,S2,S2_LV-1,2026-02-23,2026,2026-02
2026-02-24 10:26:00,-87.2,S2,S2_LV-2,2026-02-24,2026,2026-02
2026-02-24 10:28:00,-87.2,S2,S2_LV-1,2026-02-24,2026,2026-02
2026-02-25 10:12:00,72.8,S2,S2_LV-1,2026-02-25,2026,2026-02
2026-02-25 10:30:00,72.8,S2,S2_LV-2,2026-02-25,2026,2026-02
2026-02-26 10:06:00,72.8,S2,S2_LV-1,2026-02-26,2026,2026-02
2026-02-26 10:25:00,72.8,S2,S2_LV-1,2026-02-26,2026,2026-02
2026-02-26 10:42:00,72.8,S2,S2_LV-1,2026-02-26,2026,2026-02
2026-02-26 10:43:00,72.8,S2,S2_LV-3,2026-02-26,2026,2026-02
2026-02-26 11:01:00,72.8,S2,S2_LV-3,2026-02-26,2026,2026-02
2026-02-26 11:06:00,72.8,S2,S2_LV-1,2026-02-26,2026,2026-02
2026-02-27 09:23:00,-87.2,S2,S2_LV-1,2026-02-27,2026,2026-02
2026-02-27 09:38:00,72.8,S2,S2_LV-2,2026-02-27,2026,2026-02
2026-02-27 10:10:00,-87.2,S2,S2_LV-1,2026-02-27,2026,2026-02
2026-02-27 11:35:00,72.8,S2,S2_LV-1,2026-02-27,2026,2026-02
2026-03-02 09:10:00,142.8,S2,S2_HV-1,2026-03-02,2026,2026-03
2026-03-02 09:45:00,-157.2,S2,S2_HV-1,2026-03-02,2026,2026-03
2026-03-02 09:53:00,-157.2,S2,S2_HV-1,2026-03-02,2026,2026-03
2026-03-02 12:45:00,142.8,S2,S2_HV-1,2026-03-02,2026,2026-03
2026-03-03 09:02:00,142.8,S2,S2_HV-1,2026-03-03,2026,2026-03
2026-03-03 09:09:00,142.8,S2,S2_HV-1,2026-03-03,2026,2026-03
2026-03-03 09:16:00,142.8,S2,S2_HV-2,2026-03-03,2026,2026-03
2026-03-03 09:21:00,142.8,S2,S2_HV-1,2026-03-03,2026,2026-03
2026-03-03 11:45:00,-157.2,S2,S2_HV-1,2026-03-03,2026,2026-03
2026-03-03 12:21:00,-157.2,S2,S2_HV-1,2026-03-03,2026,2026-03
2026-03-03 13:06:00,142.8,S2,S2_HV-1,2026-03-03,2026,2026-03
2026-03-03 13:37:00,-157.2,S2,S2_HV-1,2026-03-03,2026,2026-03
2026-03-04 09:06:00,-157.2,S2,S2_HV-2,2026-03-04,2026,2026-03
2026-03-04 09:08:00,142.8,S2,S2_HV-1,2026-03-04,2026,2026-03
2026-03-04 09:37:00,-157.2,S2,S2_HV-1,2026-03-04,2026,2026-03
2026-03-04 09:50:00,142.8,S2,S2_HV-1,2026-03-04,2026,2026-03
2026-03-05 09:12:00,142.8,S2,S2_HV-1,2026-03-05,2026,2026-03
2026-03-05 09:14:00,142.8,S2,S2_HV-2,2026-03-05,2026,2026-03
2026-03-05 09:25:00,-157.2,S2,S2_HV-1,2026-03-05,2026,2026-03
2026-03-05 09:26:00,-157.2,S2,S2_HV-2,2026-03-05,2026,2026-03
2026-03-05 11:00:00,142.8,S2,S2_HV-1,2026-03-05,2026,2026-03
2026-03-05 11:20:00,-157.2,S2,S2_HV-2,2026-03-05,2026,2026-03
2026-03-05 11:20:00,142.8,S2,S2_HV-2,2026-03-05,2026,2026-03
2026-03-05 11:29:00,-157.2,S2,S2_HV-1,2026-03-05,2026,2026-03
2026-03-05 11:32:00,142.8,S2,S2_HV-1,2026-03-05,2026,2026-03
2026-03-06 09:05:00,142.8,S2,S2_HV-1,2026-03-06,2026,2026-03
2026-03-06 09:10:00,142.8,S2,S2_HV-1,2026-03-06,2026,2026-03
2026-03-06 09:11:00,-157.2,S2,S2_HV-2,2026-03-06,2026,2026-03
2026-03-06 09:36:00,142.8,S2,S2_HV-1,2026-03-06,2026,2026-03
2026-03-06 09:38:00,-157.2,S2,S2_HV-2,2026-03-06,2026,2026-03
2026-03-06 09:40:00,142.8,S2,S2_HV-2,2026-03-06,2026,2026-03
2026-03-06 09:42:00,142.8,S2,S2_HV-1,2026-03-06,2026,2026-03
2026-03-06 11:51:00,142.8,S2,S2_HV-1,2026-03-06,2026,2026-03
2026-03-06 11:55:00,142.8,S2,S2_HV-2,2026-03-06,2026,2026-03
2026-03-09 09:08:00,-157.2,S2,S2_HV-1,2026-03-09,2026,2026-03
2026-03-09 09:18:00,-157.2,S2,S2_HV-1,2026-03-09,2026,2026-03
2026-03-09 09:30:00,-157.2,S2,S2_HV-1,2026-03-09,2026,2026-03
2026-03-09 09:31:00,-157.2,S2,S2_HV-1,2026-03-09,2026,2026-03
2026-03-09 09:35:00,-157.2,S2,S2_HV-1,2026-03-09,2026,2026-03
2026-03-09 09:39:00,142.8,S2,S2_HV-1,2026-03-09,2026,2026-03
2026-03-09 09:52:00,-157.2,S2,S2_HV-1,2026-03-09,2026,2026-03
2026-03-09 10:08:00,142.8,S2,S2_HV-1,2026-03-09,2026,2026-03
2026-03-09 10:09:00,-157.2,S2,S2_HV-1,2026-03-09,2026,2026-03
2026-03-10 09:03:00,-157.2,S2,S2_HV-1,2026-03-10,2026,2026-03
2026-03-10 09:09:00,142.8,S2,S2_HV-1,2026-03-10,2026,2026-03
2026-03-10 09:38:00,142.8,S2,S2_HV-1,2026-03-10,2026,2026-03
2026-03-10 09:40:00,-157.2,S2,S2_HV-1,2026-03-10,2026,2026-03
2026-03-10 10:26:00,-157.2,S2,S2_HV-1,2026-03-10,2026,2026-03
2026-03-10 10:32:00,-157.2,S2,S2_HV-1,2026-03-10,2026,2026-03
2026-03-10 10:36:00,-157.2,S2,S2_HV-1,2026-03-10,2026,2026-03
2026-03-10 10:40:00,-157.2,S2,S2_HV-1,2026-03-10,2026,2026-03
2026-03-10 10:48:00,142.8,S2,S2_HV-1,2026-03-10,2026,2026-03
2026-03-11 09:07:00,142.8,S2,S2_HV-1,2026-03-11,2026,2026-03
2026-03-11 09:26:00,142.8,S2,S2_HV-1,2026-03-11,2026,2026-03
2026-03-11 09:37:00,142.8,S2,S2_HV-1,2026-03-11,2026,2026-03
2026-03-11 10:00:00,-157.2,S2,S2_HV-1,2026-03-11,2026,2026-03
2026-03-11 10:30:00,142.8,S2,S2_HV-1,2026-03-11,2026,2026-03
2026-03-11 11:03:00,-157.2,S2,S2_HV-1,2026-03-11,2026,2026-03
2026-03-11 12:00:00,142.8,S2,S2_HV-1,2026-03-11,2026,2026-03
2026-03-11 12:04:00,142.8,S2,S2_HV-1,2026-03-11,2026,2026-03
2026-03-11 12:08:00,-157.2,S2,S2_HV-1,2026-03-11,2026,2026-03
2026-03-12 09:01:00,142.8,S2,S2_HV-1,2026-03-12,2026,2026-03
2026-03-12 09:17:00,142.8,S2,S2_HV-1,2026-03-12,2026,2026-03
2026-03-12 09:17:00,-157.2,S2,S2_HV-2,2026-03-12,2026,2026-03
2026-03-12 09:22:00,142.8,S2,S2_HV-1,2026-03-12,2026,2026-03
2026-03-12 09:23:00,-157.2,S2,S2_HV-2,2026-03-12,2026,2026-03
2026-03-12 09:34:00,142.8,S2,S2_HV-2,2026-03-12,2026,2026-03
2026-03-12 10:07:00,-157.2,S2,S2_HV-1,2026-03-12,2026,2026-03
2026-03-12 10:30:00,-157.2,S2,S2_HV-1,2026-03-12,2026,2026-03
2026-03-12 10:32:00,142.8,S2,S2_HV-1,2026-03-12,2026,2026-03
2026-03-13 09:01:00,-157.2,S2,S2_HV-1,2026-03-13,2026,2026-03
2026-03-13 09:12:00,-157.2,S2,S2_HV-1,2026-03-13,2026,2026-03
2026-03-13 10:03:00,-157.2,S2,S2_HV-2,2026-03-13,2026,2026-03
2026-03-13 10:04:00,142.8,S2,S2_HV-1,2026-03-13,2026,2026-03
2026-03-13 10:42:00,142.8,S2,S2_HV-1,2026-03-13,2026,2026-03
2026-03-13 11:00:00,142.8,S2,S2_HV-1,2026-03-13,2026,2026-03
2026-03-13 11:00:00,142.8,S2,S2_HV-2,2026-03-13,2026,2026-03
2026-03-13 11:05:00,142.8,S2,S2_HV-2,2026-03-13,2026,2026-03
2026-03-13 11:07:00,142.8,S2,S2_HV-1,2026-03-13,2026,2026-03
2026-03-16 09:03:00,142.8,S2,S2_HV-1,2026-03-16,2026,2026-03
2026-03-16 09:11:00,142.8,S2,S2_HV-1,2026-03-16,2026,2026-03
2026-03-16 09:30:00,142.8,S2,S2_HV-1,2026-03-16,2026,2026-03
2026-03-16 09:56:00,-157.2,S2,S2_HV-1,2026-03-16,2026,2026-03
2026-03-16 10:02:00,-157.2,S2,S2_HV-1,2026-03-16,2026,2026-03
2026-03-16 10:10:00,142.8,S2,S2_HV-1,2026-03-16,2026,2026-03
2026-03-16 10:17:00,442.80000000000285,S3,S3_D,2026-03-16,2026,2026-03
2026-03-16 12:25:00,442.80000000000285,S3,S3_D,2026-03-16,2026,2026-03
2026-03-16 12:33:00,142.8,S2,S2_HV-1,2026-03-16,2026,2026-03
2026-03-17 09:03:00,142.8,S2,S2_HV-1,2026-03-17,2026,2026-03
2026-03-17 09:12:00,442.80000000000285,S3,S3_D,2026-03-17,2026,2026-03
2026-03-17 09:43:00,-157.2,S2,S2_HV-1,2026-03-17,2026,2026-03
2026-03-17 10:50:00,142.8,S2,S2_HV-1,2026-03-17,2026,2026-03
2026-03-17 11:44:00,142.8,S2,S2_HV-1,2026-03-17,2026,2026-03
2026-03-17 12:12:00,442.80000000000285,S3,S3_D,2026-03-17,2026,2026-03
2026-03-17 12:13:00,442.80000000000285,S3,S3_C,2026-03-17,2026,2026-03
2026-03-17 14:27:00,142.8,S2,S2_HV-1,2026-03-17,2026,2026-03
2026-03-18 09:02:00,142.8,S2,S2_HV-1,2026-03-18,2026,2026-03
2026-03-18 09:13:00,142.8,S2,S2_HV-1,2026-03-18,2026,2026-03
2026-03-18 09:54:00,-157.2,S2,S2_HV-1,2026-03-18,2026,2026-03
2026-03-18 10:54:00,-157.2,S2,S2_HV-1,2026-03-18,2026,2026-03
2026-03-18 13:55:00,142.8,S2,S2_HV-1,2026-03-18,2026,2026-03
2026-03-18 14:06:00,142.8,S2,S2_HV-1,2026-03-18,2026,2026-03
2026-03-18 14:37:00,-157.2,S2,S2_HV-1,2026-03-18,2026,2026-03
2026-03-19 09:09:00,142.8,S2,S2_HV-1,2026-03-19,2026,2026-03
2026-03-19 09:16:00,-157.2,S2,S2_HV-1,2026-03-19,2026,2026-03
2026-03-19 09:20:00,142.8,S2,S2_HV-1,2026-03-19,2026,2026-03
2026-03-19 09:25:00,442.80000000000285,S3,S3_C,2026-03-19,2026,2026-03
2026-03-19 09:31:00,-157.2,S2,S2_HV-1,2026-03-19,2026,2026-03
2026-03-19 10:24:00,442.80000000000285,S3,S3_C,2026-03-19,2026,2026-03
2026-03-19 11:44:00,442.80000000000285,S3,S3_D,2026-03-19,2026,2026-03
2026-03-19 11:45:00,442.80000000000285,S3,S3_D,2026-03-19,2026,2026-03
2026-03-19 11:46:00,-157.2,S2,S2_HV-1,2026-03-19,2026,2026-03
2026-03-20 09:09:00,142.8,S2,S2_HV-1,2026-03-20,2026,2026-03
2026-03-20 09:37:00,-157.2,S2,S2_HV-1,2026-03-20,2026,2026-03
2026-03-20 10:00:00,-157.2,S2,S2_HV-1,2026-03-20,2026,2026-03
2026-03-20 11:00:00,-157.2,S2,S2_HV-1,2026-03-20,2026,2026-03
2026-03-20 12:24:00,142.8,S2,S2_HV-1,2026-03-20,2026,2026-03
2026-03-20 12:55:00,-157.2,S2,S2_HV-1,2026-03-20,2026,2026-03
2026-03-20 13:13:00,-157.2,S2,S2_HV-1,2026-03-20,2026,2026-03
2026-03-20 14:49:00,142.8,S2,S2_HV-1,2026-03-20,2026,2026-03
2026-03-23 09:03:00,-157.2,S2,S2_HV-1,2026-03-23,2026,2026-03
2026-03-23 09:07:00,-157.2,S2,S2_HV-1,2026-03-23,2026,2026-03
2026-03-23 09:16:00,142.8,S2,S2_HV-1,2026-03-23,2026,2026-03
2026-03-23 09:20:00,142.8,S2,S2_HV-1,2026-03-23,2026,2026-03
2026-03-23 09:50:00,142.8,S2,S2_HV-1,2026-03-23,2026,2026-03
2026-03-23 10:39:00,442.80000000000285,S3,S3_C,2026-03-23,2026,2026-03
2026-03-23 11:02:00,-157.2,S2,S2_HV-1,2026-03-23,2026,2026-03
2026-03-23 11:04:00,-157.2,S2,S2_HV-1,2026-03-23,2026,2026-03
2026-03-23 11:18:00,142.8,S2,S2_HV-1,2026-03-23,2026,2026-03
2026-03-24 09:06:00,442.80000000000285,S3,S3_C,2026-03-24,2026,2026-03
2026-03-24 09:09:00,142.8,S2,S2_HV-1,2026-03-24,2026,2026-03
2026-03-24 09:31:00,142.8,S2,S2_HV-1,2026-03-24,2026,2026-03
2026-03-24 10:01:00,442.80000000000285,S3,S3_D,2026-03-24,2026,2026-03
2026-03-24 10:04:00,142.8,S2,S2_HV-1,2026-03-24,2026,2026-03
2026-03-24 10:47:00,442.80000000000285,S3,S3_D,2026-03-24,2026,2026-03
2026-03-24 10:54:00,142.8,S2,S2_HV-1,2026-03-24,2026,2026-03
2026-03-24 13:06:00,142.8,S2,S2_HV-1,2026-03-24,2026,2026-03
2026-03-24 14:39:00,442.80000000000285,S3,S3_D,2026-03-24,2026,2026-03
2026-03-25 09:02:00,-157.2,S2,S2_HV-1,2026-03-25,2026,2026-03
2026-03-25 09:25:00,142.8,S2,S2_HV-1,2026-03-25,2026,2026-03
2026-03-25 09:54:00,-157.2,S2,S2_HV-1,2026-03-25,2026,2026-03
2026-03-25 10:58:00,-157.2,S2,S2_HV-1,2026-03-25,2026,2026-03
2026-03-25 11:15:00,142.8,S2,S2_HV-1,2026-03-25,2026,2026-03
2026-03-25 11:53:00,142.8,S2,S2_HV-1,2026-03-25,2026,2026-03
2026-03-25 12:26:00,442.80000000000285,S3,S3_C,2026-03-25,2026,2026-03
2026-03-25 13:06:00,142.8,S2,S2_HV-1,2026-03-25,2026,2026-03
2026-03-26 09:03:00,142.8,S2,S2_HV-1,2026-03-26,2026,2026-03
2026-03-26 09:44:00,142.8,S2,S2_HV-1,2026-03-26,2026,2026-03
2026-03-26 09:59:00,-157.2,S2,S2_HV-1,2026-03-26,2026,2026-03
2026-03-26 10:56:00,-1007.2,S3,S3_C,2026-03-26,2026,2026-03
2026-03-26 11:46:00,-157.2,S2,S2_HV-1,2026-03-26,2026,2026-03
2026-03-26 12:31:00,142.8,S2,S2_HV-1,2026-03-26,2026,2026-03
2026-03-27 09:01:00,-157.2,S2,S2_HV-1,2026-03-27,2026,2026-03
2026-03-27 09:11:00,142.8,S2,S2_HV-1,2026-03-27,2026,2026-03
2026-03-27 10:31:00,442.80000000000285,S3,S3_C,2026-03-27,2026,2026-03
2026-03-27 10:39:00,442.80000000000285,S3,S3_D,2026-03-27,2026,2026-03
2026-03-27 11:58:00,-157.2,S2,S2_HV-1,2026-03-27,2026,2026-03
2026-03-27 12:26:00,-1007.2,S3,S3_C,2026-03-27,2026,2026-03
2026-03-27 12:41:00,-157.2,S2,S2_HV-1,2026-03-27,2026,2026-03
2026-03-27 14:19:00,142.8,S2,S2_HV-1,2026-03-27,2026,2026-03
2026-03-27 14:43:00,-157.2,S2,S2_HV-1,2026-03-27,2026,2026-03
2026-03-30 09:20:00,-157.2,S2,S2_HV-1,2026-03-30,2026,2026-03
2026-03-30 09:36:00,142.8,S2,S2_HV-1,2026-03-30,2026,2026-03
2026-03-30 09:39:00,-157.2,S2,S2_HV-1,2026-03-30,2026,2026-03
2026-03-30 09:39:00,142.8,S2,S2_HV-2,2026-03-30,2026,2026-03
2026-03-30 12:00:00,142.8,S2,S2_HV-2,2026-03-30,2026,2026-03
2026-03-30 12:04:00,142.8,S2,S2_HV-2,2026-03-30,2026,2026-03
2026-03-30 12:09:00,142.8,S2,S2_HV-1,2026-03-30,2026,2026-03
2026-03-30 12:20:00,142.8,S2,S2_HV-1,2026-03-30,2026,2026-03
2026-03-31 09:06:00,142.8,S2,S2_HV-2,2026-03-31,2026,2026-03
2026-03-31 09:19:00,142.8,S2,S2_HV-1,2026-03-31,2026,2026-03
2026-03-31 09:30:00,-157.2,S2,S2_HV-1,2026-03-31,2026,2026-03
2026-03-31 09:58:00,142.8,S2,S2_HV-1,2026-03-31,2026,2026-03
2026-03-31 11:00:00,142.8,S2,S2_HV-1,2026-03-31,2026,2026-03
2026-03-31 11:02:00,-157.2,S2,S2_HV-2,2026-03-31,2026,2026-03
2026-03-31 11:09:00,-157.2,S2,S2_HV-1,2026-03-31,2026,2026-03
2026-03-31 11:09:00,142.8,S2,S2_HV-2,2026-03-31,2026,2026-03
2026-03-31 12:49:00,-157.2,S2,S2_HV-1,2026-03-31,2026,2026-03
2026-04-01 09:16:00,-157.2,S2,S2_HV-1,2026-04-01,2026,2026-04
2026-04-01 09:32:00,142.8,S2,S2_HV-1,2026-04-01,2026,2026-04
2026-04-01 09:40:00,-157.2,S2,S2_HV-1,2026-04-01,2026,2026-04
2026-04-01 09:44:00,142.8,S2,S2_HV-1,2026-04-01,2026,2026-04
2026-04-01 10:31:00,-157.2,S2,S2_HV-1,2026-04-01,2026,2026-04
2026-04-01 13:50:00,442.80000000000285,S3,S3_C,2026-04-01,2026,2026-04
2026-04-02 09:04:00,-157.2,S2,S2_HV-1,2026-04-02,2026,2026-04
2026-04-02 09:06:00,-157.2,S2,S2_HV-1,2026-04-02,2026,2026-04
2026-04-02 09:15:00,-157.2,S2,S2_HV-1,2026-04-02,2026,2026-04
2026-04-02 09:25:00,-157.2,S2,S2_HV-1,2026-04-02,2026,2026-04
2026-04-02 09:49:00,142.8,S2,S2_HV-1,2026-04-02,2026,2026-04
2026-04-02 09:53:00,-157.2,S2,S2_HV-1,2026-04-02,2026,2026-04
2026-04-02 10:08:00,142.8,S2,S2_HV-1,2026-04-02,2026,2026-04
2026-04-02 10:39:00,142.8,S2,S2_HV-1,2026-04-02,2026,2026-04
2026-04-02 10:39:00,-157.2,S2,S2_HV-1,2026-04-02,2026,2026-04
2026-04-06 09:08:00,-157.2,S2,S2_HV-1,2026-04-06,2026,2026-04
2026-04-06 09:19:00,142.8,S2,S2_HV-1,2026-04-06,2026,2026-04
2026-04-06 09:19:00,142.8,S2,S2_HV-2,2026-04-06,2026,2026-04
2026-04-06 09:21:00,142.8,S2,S2_HV-2,2026-04-06,2026,2026-04
2026-04-06 09:33:00,142.8,S2,S2_HV-1,2026-04-06,2026,2026-04
2026-04-06 10:09:00,142.8,S2,S2_HV-1,2026-04-06,2026,2026-04
2026-04-06 10:20:00,142.8,S2,S2_HV-2,2026-04-06,2026,2026-04
2026-04-06 13:22:00,142.8,S2,S2_HV-1,2026-04-06,2026,2026-04
2026-04-06 13:22:00,142.8,S2,S2_HV-2,2026-04-06,2026,2026-04
2026-04-07 09:02:00,142.8,S2,S2_HV-1,2026-04-07,2026,2026-04
2026-04-07 09:19:00,142.8,S2,S2_HV-1,2026-04-07,2026,2026-04
2026-04-07 09:45:00,142.8,S2,S2_HV-1,2026-04-07,2026,2026-04
2026-04-07 10:07:00,142.8,S2,S2_HV-1,2026-04-07,2026,2026-04
2026-04-07 12:06:00,-157.2,S2,S2_HV-1,2026-04-07,2026,2026-04
2026-04-07 13:38:00,142.8,S2,S2_HV-1,2026-04-07,2026,2026-04
2026-04-08 09:02:00,442.80000000000285,S3,S3_C,2026-04-08,2026,2026-04
2026-04-08 09:07:00,-157.2,S2,S2_HV-1,2026-04-08,2026,2026-04
2026-04-08 09:16:00,142.8,S2,S2_HV-1,2026-04-08,2026,2026-04
2026-04-08 09:37:00,-1407.2000000000055,S3,S3_D,2026-04-08,2026,2026-04
2026-04-08 09:38:00,-157.2,S2,S2_HV-1,2026-04-08,2026,2026-04
2026-04-10 09:15:00,-157.2,S2,S2_HV-1,2026-04-10,2026,2026-04
2026-04-10 09:35:00,-157.2,S2,S2_HV-1,2026-04-10,2026,2026-04
2026-04-10 10:28:00,142.8,S2,S2_HV-1,2026-04-10,2026,2026-04
2026-04-10 11:34:00,-157.2,S2,S2_HV-1,2026-04-10,2026,2026-04
2026-04-13 09:05:00,142.8,S2,S2_HV-1,2026-04-13,2026,2026-04
2026-04-13 09:55:00,142.8,S2,S2_HV-1,2026-04-13,2026,2026-04
2026-04-13 10:06:00,-157.2,S2,S2_HV-1,2026-04-13,2026,2026-04
2026-04-13 10:55:00,142.8,S2,S2_HV-1,2026-04-13,2026,2026-04
2026-04-13 11:01:00,-157.2,S2,S2_HV-1,2026-04-13,2026,2026-04
2026-04-13 11:37:00,-157.2,S2,S2_HV-1,2026-04-13,2026,2026-04
2026-04-13 12:43:00,142.8,S2,S2_HV-1,2026-04-13,2026,2026-04
2026-04-13 12:51:00,142.8,S2,S2_HV-1,2026-04-13,2026,2026-04
2026-04-13 13:04:00,442.80000000000285,S3,S3_C,2026-04-13,2026,2026-04
2026-04-15 11:43:00,182.7999999999977,S3,S3_C,2026-04-15,2026,2026-04
2026-04-16 11:05:00,442.80000000000285,S3,S3_C,2026-04-16,2026,2026-04
2026-04-17 09:05:00,-157.2,S2,S2_HV-1,2026-04-17,2026,2026-04
2026-04-17 09:11:00,142.8,S2,S2_HV-1,2026-04-17,2026,2026-04
2026-04-17 09:13:00,142.8,S2,S2_HV-2,2026-04-17,2026,2026-04
2026-04-17 09:15:00,142.8,S2,S2_HV-1,2026-04-17,2026,2026-04
2026-04-17 09:16:00,142.8,S2,S2_HV-2,2026-04-17,2026,2026-04
2026-04-17 09:21:00,142.8,S2,S2_HV-1,2026-04-17,2026,2026-04
2026-04-17 09:21:00,142.8,S2,S2_HV-2,2026-04-17,2026,2026-04
2026-04-17 10:35:00,-157.2,S2,S2_HV-1,2026-04-17,2026,2026-04
2026-04-17 10:35:00,-157.2,S2,S2_HV-2,2026-04-17,2026,2026-04
2026-04-20 09:29:00,442.80000000000285,S3,S3_C,2026-04-20,2026,2026-04
2026-04-20 12:52:00,-387.1972534179688,S3,S3_D,2026-04-20,2026,2026-04
2026-04-22 10:59:00,442.80000000000285,S3,S3_C,2026-04-22,2026,2026-04
2026-04-22 11:16:00,442.80000000000285,S3,S3_D,2026-04-22,2026,2026-04
2026-04-22 11:36:00,442.80000000000285,S3,S3_D,2026-04-22,2026,2026-04
2026-04-23 09:36:00,442.80000000000285,S3,S3_C,2026-04-23,2026,2026-04
2026-04-23 11:08:00,442.80000000000285,S3,S3_D,2026-04-23,2026,2026-04
2026-04-23 11:32:00,-1007.2,S3,S3_C,2026-04-23,2026,2026-04
2026-04-23 13:11:00,-1007.2,S3,S3_C,2026-04-23,2026,2026-04
2026-04-27 10:05:00,142.8,S2,S2_HV-1,2026-04-27,2026,2026-04
2026-04-27 10:25:00,142.8,S2,S2_HV-1,2026-04-27,2026,2026-04
2026-04-27 11:05:00,142.8,S2,S2_HV-1,2026-04-27,2026,2026-04
2026-04-27 13:19:00,-157.2,S2,S2_HV-1,2026-04-27,2026,2026-04
2026-04-27 13:34:00,-317.19755859375,S3,S3_D,2026-04-27,2026,2026-04
2026-04-27 13:43:00,142.8,S2,S2_HV-1,2026-04-27,2026,2026-04
2026-04-28 09:09:00,142.8,S2,S2_HV-1,2026-04-28,2026,2026-04
2026-04-28 09:29:00,-157.2,S2,S2_HV-1,2026-04-28,2026,2026-04
2026-04-28 09:42:00,142.8,S2,S2_HV-1,2026-04-28,2026,2026-04
2026-04-28 12:17:00,442.80000000000285,S3,S3_C,2026-04-28,2026,2026-04
2026-04-28 13:25:00,62.80000000000739,S3,S3_C,2026-04-28,2026,2026-04
2026-04-29 09:27:00,142.8,S2,S2_HV-1,2026-04-29,2026,2026-04
2026-04-29 09:53:00,142.8,S2,S2_HV-2,2026-04-29,2026,2026-04
2026-04-29 10:32:00,-157.2,S2,S2_HV-1,2026-04-29,2026,2026-04
2026-04-29 11:30:00,142.8,S2,S2_HV-1,2026-04-29,2026,2026-04
2026-04-29 11:58:00,-157.2,S2,S2_HV-2,2026-04-29,2026,2026-04
2026-04-29 12:01:00,-157.2,S2,S2_HV-1,2026-04-29,2026,2026-04
2026-04-29 12:01:00,-157.2,S2,S2_HV-2,2026-04-29,2026,2026-04
2026-04-29 13:05:00,-157.2,S2,S2_HV-2,2026-04-29,2026,2026-04
2026-04-29 13:16:00,-157.2,S2,S2_HV-1,2026-04-29,2026,2026-04
2026-04-30 09:11:00,142.8,S2,S2_HV-1,2026-04-30,2026,2026-04
2026-04-30 09:36:00,142.8,S2,S2_HV-1,2026-04-30,2026,2026-04
2026-04-30 09:37:00,142.8,S2,S2_HV-2,2026-04-30,2026,2026-04
2026-04-30 10:13:00,-157.2,S2,S2_HV-1,2026-04-30,2026,2026-04
2026-04-30 10:38:00,142.8,S2,S2_HV-2,2026-04-30,2026,2026-04
2026-04-30 10:40:00,142.8,S2,S2_HV-1,2026-04-30,2026,2026-04
2026-04-30 13:46:00,142.8,S2,S2_HV-1,2026-04-30,2026,2026-04
2026-05-01 09:18:00,-157.2,S2,S2_HV-1,2026-05-01,2026,2026-05
2026-05-01 09:22:00,-1007.2,S3,S3_C,2026-05-01,2026,2026-05
2026-05-06 09:04:00,-157.2,S2,S2_HV-1,2026-05-06,2026,2026-05
2026-05-06 09:10:00,142.8,S2,S2_HV-1,2026-05-06,2026,2026-05
2026-05-06 09:16:00,-157.2,S2,S2_HV-1,2026-05-06,2026,2026-05
2026-05-06 10:16:00,-157.2,S2,S2_HV-1,2026-05-06,2026,2026-05
2026-05-07 09:05:00,142.8,S2,S2_HV-1,2026-05-07,2026,2026-05
2026-05-07 10:05:00,442.80000000000285,S3,S3_C,2026-05-07,2026,2026-05
2026-05-07 10:13:00,142.8,S2,S2_HV-1,2026-05-07,2026,2026-05
2026-05-07 10:29:00,142.8,S2,S2_HV-1,2026-05-07,2026,2026-05
2026-05-07 12:24:00,142.8,S2,S2_HV-1,2026-05-07,2026,2026-05
2026-05-07 12:24:00,442.80000000000285,S3,S3_D,2026-05-07,2026,2026-05
2026-05-07 12:29:00,-157.2,S2,S2_HV-1,2026-05-07,2026,2026-05
2026-05-07 12:43:00,-157.2,S2,S2_HV-1,2026-05-07,2026,2026-05
2026-05-07 12:50:00,-157.2,S2,S2_HV-1,2026-05-07,2026,2026-05
2026-05-08 09:04:00,142.8,S2,S2_HV-1,2026-05-08,2026,2026-05
2026-05-08 09:38:00,-157.2,S2,S2_HV-1,2026-05-08,2026,2026-05
2026-05-08 10:20:00,142.8,S2,S2_HV-1,2026-05-08,2026,2026-05
2026-05-08 10:32:00,442.80000000000285,S3,S3_C,2026-05-08,2026,2026-05
2026-05-08 11:45:00,142.8,S2,S2_HV-1,2026-05-08,2026,2026-05
2026-05-08 13:49:00,122.80000000000966,S3,S3_C,2026-05-08,2026,2026-05
2026-05-11 11:20:00,442.80000000000285,S3,S3_C,2026-05-11,2026,2026-05
2026-05-11 13:01:00,442.80000000000285,S3,S3_D,2026-05-11,2026,2026-05
2026-05-13 09:30:00,-157.2,S2,S2_HV-1,2026-05-13,2026,2026-05
2026-05-13 10:02:00,442.80000000000285,S3,S3_C,2026-05-13,2026,2026-05
2026-05-13 10:10:00,142.8,S2,S2_HV-1,2026-05-13,2026,2026-05
2026-05-13 10:44:00,-157.2,S2,S2_HV-1,2026-05-13,2026,2026-05
2026-05-13 12:23:00,-157.2,S2,S2_HV-1,2026-05-13,2026,2026-05
2026-05-13 12:47:00,142.8,S2,S2_HV-1,2026-05-13,2026,2026-05
2026-05-15 10:43:00,-1007.2,S3,S3_C,2026-05-15,2026,2026-05
2026-05-19 09:20:00,142.8,S2,S2_HV-1,2026-05-19,2026,2026-05
2026-05-19 09:33:00,-157.2,S2,S2_HV-1,2026-05-19,2026,2026-05
2026-05-19 09:54:00,142.8,S2,S2_HV-1,2026-05-19,2026,2026-05
2026-05-19 10:06:00,142.8,S2,S2_HV-1,2026-05-19,2026,2026-05
2026-05-19 10:50:00,442.80000000000285,S3,S3_D,2026-05-19,2026,2026-05
2026-05-21 11:47:00,-1007.2,S3,S3_C,2026-05-21,2026,2026-05
2026-05-22 09:12:00,142.8,S2,S2_HV-1,2026-05-22,2026,2026-05
2026-05-22 09:14:00,442.80000000000285,S3,S3_C,2026-05-22,2026,2026-05
2026-05-22 09:29:00,-157.2,S2,S2_HV-1,2026-05-22,2026,2026-05
2026-05-22 09:40:00,-157.2,S2,S2_HV-1,2026-05-22,2026,2026-05
2026-05-22 09:47:00,142.8,S2,S2_HV-1,2026-05-22,2026,2026-05
2026-05-22 10:00:00,142.8,S2,S2_HV-1,2026-05-22,2026,2026-05
2026-05-22 10:36:00,442.80000000000285,S3,S3_C,2026-05-22,2026,2026-05
2026-05-22 11:31:00,442.80000000000285,S3,S3_D,2026-05-22,2026,2026-05
2026-05-22 13:31:00,142.8,S2,S2_HV-1,2026-05-22,2026,2026-05
2026-05-25 10:08:00,142.8,S2,S2_HV-1,2026-05-25,2026,2026-05
2026-05-25 10:21:00,442.80000000000285,S3,S3_D,2026-05-25,2026,2026-05
2026-05-25 10:22:00,-157.2,S2,S2_HV-1,2026-05-25,2026,2026-05
2026-05-25 12:48:00,442.80000000000285,S3,S3_D,2026-05-25,2026,2026-05
2026-05-25 13:13:00,142.8,S2,S2_HV-1,2026-05-25,2026,2026-05
2026-05-26 09:28:00,142.8,S2,S2_HV-1,2026-05-26,2026,2026-05
2026-05-26 09:57:00,-157.2,S2,S2_HV-1,2026-05-26,2026,2026-05
2026-05-26 10:38:00,-157.2,S2,S2_HV-1,2026-05-26,2026,2026-05
2026-05-27 09:16:00,142.8,S2,S2_HV-1,2026-05-27,2026,2026-05
2026-05-27 10:32:00,142.8,S2,S2_HV-1,2026-05-27,2026,2026-05
2026-05-27 11:00:00,142.8,S2,S2_HV-1,2026-05-27,2026,2026-05
2026-05-27 11:31:00,142.8,S2,S2_HV-1,2026-05-27,2026,2026-05
2026-05-27 13:42:00,-187.20030517578124,S3,S3_D,2026-05-27,2026,2026-05
2026-05-28 09:31:00,142.8,S2,S2_HV-1,2026-05-28,2026,2026-05
2026-05-28 09:45:00,442.80000000000285,S3,S3_D,2026-05-28,2026,2026-05
2026-05-28 10:14:00,-157.2,S2,S2_HV-1,2026-05-28,2026,2026-05
2026-05-28 10:14:00,-157.2,S2,S2_HV-1,2026-05-28,2026,2026-05
2026-05-28 10:14:00,-157.2,S2,S2_HV-1,2026-05-28,2026,2026-05
2026-05-28 10:16:00,-157.2,S2,S2_HV-1,2026-05-28,2026,2026-05
2026-05-28 10:57:00,142.8,S2,S2_HV-1,2026-05-28,2026,2026-05
2026-05-29 09:06:00,-157.2,S2,S2_HV-1,2026-05-29,2026,2026-05
2026-05-29 09:31:00,142.8,S2,S2_HV-1,2026-05-29,2026,2026-05
2026-05-29 10:02:00,142.8,S2,S2_HV-1,2026-05-29,2026,2026-05
2026-05-29 10:30:00,142.8,S2,S2_HV-1,2026-05-29,2026,2026-05
2026-05-29 11:14:00,142.8,S2,S2_HV-1,2026-05-29,2026,2026-05
2026-06-01 09:16:00,142.8,S2,S2_HV-1,2026-06-01,2026,2026-06
2026-06-01 09:26:00,-157.2,S2,S2_HV-1,2026-06-01,2026,2026-06
2026-06-01 09:46:00,-157.2,S2,S2_HV-1,2026-06-01,2026,2026-06
2026-06-01 09:58:00,142.8,S2,S2_HV-1,2026-06-01,2026,2026-06
2026-06-01 10:17:00,142.8,S2,S2_HV-1,2026-06-01,2026,2026-06
2026-06-01 10:54:00,-157.2,S2,S2_HV-1,2026-06-01,2026,2026-06
2026-06-01 11:22:00,-1007.2,S3,S3_C,2026-06-01,2026,2026-06
2026-06-02 10:21:00,-157.2,S2,S2_HV-1,2026-06-02,2026,2026-06
2026-06-02 12:01:00,142.8,S2,S2_HV-1,2026-06-02,2026,2026-06
2026-06-03 09:20:00,142.8,S2,S2_HV-1,2026-06-03,2026,2026-06
2026-06-03 11:16:00,-157.2,S2,S2_HV-1,2026-06-03,2026,2026-06
2026-06-03 11:38:00,142.8,S2,S2_HV-1,2026-06-03,2026,2026-06
2026-06-04 09:06:00,-157.2,S2,S2_HV-1,2026-06-04,2026,2026-06
2026-06-04 09:40:00,142.8,S2,S2_HV-1,2026-06-04,2026,2026-06
2026-06-05 09:13:00,142.8,S2,S2_HV-1,2026-06-05,2026,2026-06
2026-06-05 09:41:00,-157.2,S2,S2_HV-1,2026-06-05,2026,2026-06
2026-06-05 10:04:00,-157.2,S2,S2_HV-1,2026-06-05,2026,2026-06
2026-06-05 10:04:00,442.80000000000285,S3,S3_C,2026-06-05,2026,2026-06
2026-06-05 10:31:00,442.80000000000285,S3,S3_D,2026-06-05,2026,2026-06
2026-06-05 12:27:00,42.8030517578125,S3,S3_D,2026-06-05,2026,2026-06
2026-06-08 09:18:00,142.8,S2,S2_HV-1,2026-06-08,2026,2026-06
2026-06-08 09:32:00,142.8,S2,S2_HV-1,2026-06-08,2026,2026-06
2026-06-08 09:35:00,-1407.2000000000055,S3,S3_D,2026-06-08,2026,2026-06
2026-06-09 09:32:00,142.8,S2,S2_HV-2,2026-06-09,2026,2026-06
2026-06-09 09:55:00,142.8,S2,S2_HV-1,2026-06-09,2026,2026-06
2026-06-09 12:15:00,-157.2,S2,S2_HV-2,2026-06-09,2026,2026-06
2026-06-09 12:38:00,-157.2,S2,S2_HV-1,2026-06-09,2026,2026-06
2026-06-09 12:38:00,-157.2,S2,S2_HV-2,2026-06-09,2026,2026-06
2026-06-09 13:28:00,-157.2,S2,S2_HV-1,2026-06-09,2026,2026-06
2026-06-10 09:49:00,-157.2,S2,S2_HV-1,2026-06-10,2026,2026-06
2026-06-10 10:09:00,142.8,S2,S2_HV-1,2026-06-10,2026,2026-06
2026-06-10 12:05:00,142.8,S2,S2_HV-1,2026-06-10,2026,2026-06
2026-06-11 09:15:00,-157.2,S2,S2_HV-1,2026-06-11,2026,2026-06
2026-06-11 10:00:00,142.8,S2,S2_HV-1,2026-06-11,2026,2026-06
2026-06-11 11:56:00,142.8,S2,S2_HV-1,2026-06-11,2026,2026-06
2026-06-11 13:33:00,142.8,S2,S2_HV-1,2026-06-11,2026,2026-06
2026-06-11 13:45:00,142.8,S2,S2_HV-1,2026-06-11,2026,2026-06
2026-06-12 09:31:00,142.8,S2,S2_HV-1,2026-06-12,2026,2026-06
2026-06-12 09:47:00,142.8,S2,S2_HV-1,2026-06-12,2026,2026-06
2026-06-12 10:04:00,142.8,S2,S2_HV-1,2026-06-12,2026,2026-06
2026-06-12 10:58:00,142.8,S2,S2_HV-2,2026-06-12,2026,2026-06
2026-06-12 11:00:00,142.8,S2,S2_HV-1,2026-06-12,2026,2026-06
2026-06-12 11:02:00,-157.2,S2,S2_HV-2,2026-06-12,2026,2026-06
2026-06-12 11:18:00,142.8,S2,S2_HV-1,2026-06-12,2026,2026-06
2026-06-15 10:46:00,-157.2,S2,S2_HV-1,2026-06-15,2026,2026-06
2026-06-16 09:07:00,-157.2,S2,S2_HV-1,2026-06-16,2026,2026-06
2026-06-16 10:48:00,142.8,S2,S2_HV-2,2026-06-16,2026,2026-06
2026-06-16 11:59:00,142.8,S2,S2_HV-1,2026-06-16,2026,2026-06
2026-06-16 11:59:00,-157.2,S2,S2_HV-2,2026-06-16,2026,2026-06
2026-06-17 09:25:00,-157.2,S2,S2_HV-1,2026-06-17,2026,2026-06
2026-06-17 10:32:00,142.8,S2,S2_HV-1,2026-06-17,2026,2026-06
2026-06-18 09:08:00,142.8,S2,S2_HV-2,2026-06-18,2026,2026-06
2026-06-18 09:45:00,142.8,S2,S2_HV-1,2026-06-18,2026,2026-06
2026-06-18 11:21:00,-157.2,S2,S2_HV-1,2026-06-18,2026,2026-06
2026-06-19 09:58:00,-157.2,S2,S2_HV-1,2026-06-19,2026,2026-06
2026-06-22 09:15:00,142.8,S2,S2_HV-1,2026-06-22,2026,2026-06
2026-06-22 09:42:00,142.8,S2,S2_HV-1,2026-06-22,2026,2026-06
2026-06-22 11:13:00,142.8,S2,S2_HV-1,2026-06-22,2026,2026-06
2026-06-23 10:36:00,142.8,S2,S2_HV-1,2026-06-23,2026,2026-06
2026-06-24 09:04:00,142.8,S2,S2_HV-1,2026-06-24,2026,2026-06
2026-06-24 09:20:00,142.8,S2,S2_HV-2,2026-06-24,2026,2026-06
2026-06-24 09:34:00,-157.2,S2,S2_HV-1,2026-06-24,2026,2026-06
2026-06-25 09:40:00,-157.2,S2,S2_HV-1,2026-06-25,2026,2026-06
2026-06-25 10:01:00,142.8,S2,S2_HV-1,2026-06-25,2026,2026-06
2026-06-25 11:12:00,-157.2,S2,S2_HV-1,2026-06-25,2026,2026-06
2026-06-26 09:21:00,142.8,S2,S2_HV-1,2026-06-26,2026,2026-06
2026-06-26 10:00:00,142.8,S2,S2_HV-1,2026-06-26,2026,2026-06
2026-06-26 11:10:00,142.8,S2,S2_HV-2,2026-06-26,2026,2026-06
2026-06-26 12:37:00,-157.2,S2,S2_HV-1,2026-06-26,2026,2026-06
2026-06-29 10:50:00,142.8,S2,S2_HV-1,2026-06-29,2026,2026-06
2026-07-01 10:03:00,142.8,S2,S2_HV-1,2026-07-01,2026,2026-07
2026-07-01 11:10:00,142.8,S2,S2_HV-1,2026-07-01,2026,2026-07
2026-07-06 09:08:00,-807.1999999999972,S3,S3_B,2026-07-06,2026,2026-07
2026-07-06 09:16:00,72.8,S2,S2_LV-1,2026-07-06,2026,2026-07
2026-07-06 10:25:00,-87.2,S2,S2_LV-2,2026-07-06,2026,2026-07
2026-07-06 10:38:00,-87.2,S2,S2_LV-1,2026-07-06,2026,2026-07
2026-07-07 09:24:00,242.8,S3,S3_B,2026-07-07,2026,2026-07
2026-07-07 10:02:00,242.8,S3,S3_B,2026-07-07,2026,2026-07
2026-07-07 10:05:00,242.8,S3,S3_B,2026-07-07,2026,2026-07
2026-07-07 11:50:00,-127.20274658203124,S3,S3_B,2026-07-07,2026,2026-07
2026-07-08 09:08:00,72.8,S2,S2_LV-1,2026-07-08,2026,2026-07
2026-07-08 09:44:00,-87.2,S2,S2_LV-2,2026-07-08,2026,2026-07
2026-07-08 09:50:00,-87.2,S2,S2_LV-1,2026-07-08,2026,2026-07
2026-07-08 10:34:00,-87.2,S2,S2_LV-1,2026-07-08,2026,2026-07
2026-07-08 10:37:00,442.80000000000285,S3,S3_C,2026-07-08,2026,2026-07
2026-07-08 10:47:00,-87.2,S2,S2_LV-3,2026-07-08,2026,2026-07
2026-07-08 11:53:00,72.8,S2,S2_LV-1,2026-07-08,2026,2026-07
2026-07-09 09:21:00,72.8,S2,S2_LV-1,2026-07-09,2026,2026-07
2026-07-09 10:09:00,72.8,S2,S2_LV-2,2026-07-09,2026,2026-07
2026-07-09 10:33:00,-87.2,S2,S2_LV-1,2026-07-09,2026,2026-07
2026-07-09 11:46:00,-87.2,S2,S2_LV-1,2026-07-09,2026,2026-07
2026-07-10 09:37:00,-157.2,S2,S2_HV-1,2026-07-10,2026,2026-07
2026-07-10 10:33:00,-157.2,S2,S2_HV-1,2026-07-10,2026,2026-07
2026-07-10 11:06:00,-157.2,S2,S2_HV-1,2026-07-10,2026,2026-07
2026-07-14 09:18:00,-157.2,S2,S2_HV-1,2026-07-14,2026,2026-07
2026-07-14 09:28:00,142.8,S2,S2_HV-1,2026-07-14,2026,2026-07
2026-07-14 10:26:00,-157.2,S2,S2_HV-1,2026-07-14,2026,2026-07
2026-07-14 10:36:00,142.8,S2,S2_HV-1,2026-07-14,2026,2026-07
2026-07-14 11:10:00,142.8,S2,S2_HV-1,2026-07-14,2026,2026-07
2026-07-14 11:43:00,442.80000000000285,S3,S3_C,2026-07-14,2026,2026-07
2026-07-14 11:53:00,-967.1990844726564,S3,S3_D,2026-07-14,2026,2026-07
2026-07-15 09:35:00,-157.2,S2,S2_HV-1,2026-07-15,2026,2026-07
2026-07-15 10:24:00,142.8,S2,S2_HV-1,2026-07-15,2026,2026-07
2026-07-15 11:42:00,142.8,S2,S2_HV-1,2026-07-15,2026,2026-07
2026-07-16 09:05:00,142.8,S2,S2_HV-1,2026-07-16,2026,2026-07
2026-07-16 09:40:00,-157.2,S2,S2_HV-1,2026-07-16,2026,2026-07
2026-07-16 11:32:00,-157.2,S2,S2_HV-1,2026-07-16,2026,2026-07
2026-07-16 13:40:00,-157.2,S2,S2_HV-1,2026-07-16,2026,2026-07
2026-07-17 10:15:00,-157.2,S2,S2_HV-1,2026-07-17,2026,2026-07
2026-07-20 10:34:00,-157.2,S2,S2_HV-1,2026-07-20,2026,2026-07
2026-07-20 12:42:00,142.8,S2,S2_HV-1,2026-07-20,2026,2026-07
2026-07-21 09:53:00,142.8,S2,S2_HV-1,2026-07-21,2026,2026-07
2026-07-21 11:22:00,142.8,S2,S2_HV-1,2026-07-21,2026,2026-07
2026-07-22 09:47:00,142.8,S2,S2_HV-1,2026-07-22,2026,2026-07
2026-07-23 09:16:00,-157.2,S2,S2_HV-1,2026-07-23,2026,2026-07
2026-07-23 09:17:00,-157.2,S2,S2_HV-1,2026-07-23,2026,2026-07
2026-07-23 10:50:00,142.8,S2,S2_HV-1,2026-07-23,2026,2026-07
2026-07-23 11:23:00,142.8,S2,S2_HV-1,2026-07-23,2026,2026-07
2026-07-23 13:47:00,142.8,S2,S2_HV-1,2026-07-23,2026,2026-07
2026-07-24 09:18:00,142.8,S2,S2_HV-1,2026-07-24,2026,2026-07
2026-07-24 11:20:00,-157.2,S2,S2_HV-1,2026-07-24,2026,2026-07
2026-07-24 11:32:00,142.8,S2,S2_HV-1,2026-07-24,2026,2026-07
2026-07-24 13:56:00,142.8,S2,S2_HV-1,2026-07-24,2026,2026-07
2026-07-27 09:29:00,142.8,S2,S2_HV-1,2026-07-27,2026,2026-07
2026-07-27 09:51:00,-157.2,S2,S2_HV-1,2026-07-27,2026,2026-07
2026-07-27 11:05:00,142.8,S2,S2_HV-1,2026-07-27,2026,2026-07
2026-07-27 12:27:00,-637.1999999999955,S3,S3_C,2026-07-27,2026,2026-07
2026-07-27 12:28:00,142.8,S2,S2_HV-1,2026-07-27,2026,2026-07
2026-07-27 12:35:00,-157.2,S2,S2_HV-1,2026-07-27,2026,2026-07
2026-07-28 09:36:00,142.8,S2,S2_HV-1,2026-07-28,2026,2026-07
2026-07-28 09:54:00,-157.2,S2,S2_HV-1,2026-07-28,2026,2026-07
2026-07-28 11:28:00,142.8,S2,S2_HV-1,2026-07-28,2026,2026-07
2026-07-28 11:58:00,142.8,S2,S2_HV-1,2026-07-28,2026,2026-07
2026-07-28 12:34:00,-157.2,S2,S2_HV-1,2026-07-28,2026,2026-07
2026-07-28 13:12:00,2.800000000005116,S2,S2_HV-1,2026-07-28,2026,2026-07
2026-07-31 11:42:00,-297.20000000000624,S3,S3_C,2026-07-31,2026,2026-07
2026-08-03 09:07:00,142.8,S2,S2_HV-1,2026-08-03,2026,2026-08
2026-08-03 10:12:00,-687.2000000000069,S3,S3_C,2026-08-03,2026,2026-08
2026-08-03 10:53:00,-157.2,S2,S2_HV-1,2026-08-03,2026,2026-08
2026-08-04 09:21:00,142.8,S2,S2_HV-1,2026-08-04,2026,2026-08
2026-08-04 09:27:00,142.8,S2,S2_HV-2,2026-08-04,2026,2026-08
2026-08-04 09:27:00,142.8,S2,S2_HV-1,2026-08-04,2026,2026-08
2026-08-04 09:57:00,-157.2,S2,S2_HV-2,2026-08-04,2026,2026-08
2026-08-04 09:59:00,-157.2,S2,S2_HV-1,2026-08-04,2026,2026-08
2026-08-04 11:45:00,142.8,S2,S2_HV-1,2026-08-04,2026,2026-08
2026-08-05 09:10:00,142.8,S2,S2_HV-1,2026-08-05,2026,2026-08
2026-08-05 09:45:00,142.8,S2,S2_HV-1,2026-08-05,2026,2026-08
2026-08-05 10:06:00,142.8,S2,S2_HV-1,2026-08-05,2026,2026-08
2026-08-05 12:51:00,442.80000000000285,S3,S3_D,2026-08-05,2026,2026-08
2026-08-06 11:27:00,142.8,S2,S2_HV-1,2026-08-06,2026,2026-08
2026-08-06 12:15:00,142.8,S2,S2_HV-1,2026-08-06,2026,2026-08
2026-08-07 13:44:00,-87.1999999999983,S2,S2_HV-1,2026-08-07,2026,2026-08
2026-08-10 09:03:00,442.80000000000285,S3,S3_C,2026-08-10,2026,2026-08
2026-08-10 09:14:00,142.8,S2,S2_HV-1,2026-08-10,2026,2026-08
2026-08-10 13:06:00,142.8,S2,S2_HV-1,2026-08-10,2026,2026-08
2026-08-11 09:28:00,142.8,S2,S2_HV-1,2026-08-11,2026,2026-08
2026-08-11 10:04:00,442.80000000000285,S3,S3_D,2026-08-11,2026,2026-08
2026-08-11 10:06:00,-1007.2,S3,S3_C,2026-08-11,2026,2026-08
2026-08-11 11:00:00,142.8,S2,S2_HV-1,2026-08-11,2026,2026-08
2026-08-11 11:38:00,142.8,S2,S2_HV-1,2026-08-11,2026,2026-08
2026-08-12 10:08:00,142.8,S2,S2_HV-1,2026-08-12,2026,2026-08
2026-08-12 10:57:00,142.8,S2,S2_HV-1,2026-08-12,2026,2026-08
2026-08-13 09:53:00,-157.2,S2,S2_HV-1,2026-08-13,2026,2026-08
2026-08-13 11:30:00,-157.2,S2,S2_HV-1,2026-08-13,2026,2026-08
2026-08-13 12:34:00,52.80000000000227,S2,S2_HV-1,2026-08-13,2026,2026-08
2026-08-14 09:41:00,442.80000000000285,S3,S3_C,2026-08-14,2026,2026-08
2026-08-14 11:21:00,142.8,S2,S2_HV-1,2026-08-14,2026,2026-08
2026-08-18 09:34:00,142.8,S2,S2_HV-1,2026-08-18,2026,2026-08
2026-08-18 10:27:00,142.8,S2,S2_HV-1,2026-08-18,2026,2026-08
2026-08-18 11:32:00,442.80000000000285,S3,S3_C,2026-08-18,2026,2026-08
2026-08-19 09:25:00,-1007.2,S3,S3_C,2026-08-19,2026,2026-08
2026-08-20 10:12:00,-157.2,S2,S2_HV-1,2026-08-20,2026,2026-08
2026-08-20 10:56:00,142.8,S2,S2_HV-1,2026-08-20,2026,2026-08
2026-08-21 10:16:00,-157.2,S2,S2_HV-1,2026-08-21,2026,2026-08
2026-08-21 13:10:00,142.8,S2,S2_HV-1,2026-08-21,2026,2026-08
2026-08-25 09:14:00,142.8,S2,S2_HV-1,2026-08-25,2026,2026-08
2026-08-25 09:30:00,142.8,S2,S2_HV-1,2026-08-25,2026,2026-08
2026-08-27 09:35:00,442.80000000000285,S3,S3_C,2026-08-27,2026,2026-08
2026-08-27 10:41:00,142.8,S2,S2_HV-1,2026-08-27,2026,2026-08
2026-08-27 13:49:00,-697.1999999999978,S3,S3_C,2026-08-27,2026,2026-08
2026-08-28 09:03:00,142.8,S2,S2_HV-1,2026-08-28,2026,2026-08
2026-08-31 09:19:00,142.8,S2,S2_HV-1,2026-08-31,2026,2026-08
2026-08-31 09:57:00,-157.2,S2,S2_HV-1,2026-08-31,2026,2026-08
2026-09-01 10:07:00,-157.2,S2,S2_HV-1,2026-09-01,2026,2026-09
2026-09-01 10:34:00,142.8,S2,S2_HV-1,2026-09-01,2026,2026-09
2026-09-01 12:15:00,142.8,S2,S2_HV-2,2026-09-01,2026,2026-09
2026-09-01 12:22:00,142.8,S2,S2_HV-1,2026-09-01,2026,2026-09
2026-09-01 12:45:00,142.8,S2,S2_HV-2,2026-09-01,2026,2026-09
2026-09-01 13:41:00,-157.2,S2,S2_HV-2,2026-09-01,2026,2026-09
2026-09-01 13:42:00,-157.2,S2,S2_HV-1,2026-09-01,2026,2026-09
2026-09-02 09:05:00,142.8,S2,S2_HV-1,2026-09-02,2026,2026-09
2026-09-02 10:02:00,142.8,S2,S2_HV-1,2026-09-02,2026,2026-09
2026-09-02 10:31:00,142.8,S2,S2_HV-2,2026-09-02,2026,2026-09
2026-09-02 10:44:00,142.8,S2,S2_HV-1,2026-09-02,2026,2026-09
2026-09-02 10:55:00,142.8,S2,S2_HV-2,2026-09-02,2026,2026-09
2026-09-02 13:47:00,-157.2,S2,S2_HV-1,2026-09-02,2026,2026-09
2026-09-03 09:55:00,-157.2,S2,S2_HV-1,2026-09-03,2026,2026-09
2026-09-03 11:51:00,142.8,S2,S2_HV-1,2026-09-03,2026,2026-09
2026-09-04 09:01:00,142.8,S2,S2_HV-1,2026-09-04,2026,2026-09
2026-09-04 09:49:00,-157.2,S2,S2_HV-1,2026-09-04,2026,2026-09
2026-09-04 10:05:00,-157.2,S2,S2_HV-1,2026-09-04,2026,2026-09
2026-09-04 10:48:00,142.8,S2,S2_HV-1,2026-09-04,2026,2026-09
2026-09-04 13:06:00,-157.2,S2,S2_HV-1,2026-09-04,2026,2026-09
2026-09-07 12:00:00,142.8,S2,S2_HV-1,2026-09-07,2026,2026-09
2026-09-08 09:07:00,142.8,S2,S2_HV-1,2026-09-08,2026,2026-09
2026-09-08 11:24:00,-157.2,S2,S2_HV-1,2026-09-08,2026,2026-09
2026-09-08 13:01:00,142.8,S2,S2_HV-1,2026-09-08,2026,2026-09
2026-09-09 10:20:00,142.8,S2,S2_HV-1,2026-09-09,2026,2026-09
2026-09-09 10:25:00,-157.2,S2,S2_HV-2,2026-09-09,2026,2026-09
2026-09-09 12:08:00,142.8,S2,S2_HV-1,2026-09-09,2026,2026-09
2026-09-10 09:10:00,142.8,S2,S2_HV-1,2026-09-10,2026,2026-09
2026-09-10 09:36:00,142.8,S2,S2_HV-1,2026-09-10,2026,2026-09
2026-09-10 11:21:00,142.8,S2,S2_HV-2,2026-09-10,2026,2026-09
2026-09-10 12:00:00,-157.2,S2,S2_HV-1,2026-09-10,2026,2026-09
2026-09-10 12:19:00,142.8,S2,S2_HV-2,2026-09-10,2026,2026-09
2026-09-10 12:36:00,-157.2,S2,S2_HV-1,2026-09-10,2026,2026-09
2026-09-11 09:14:00,142.8,S2,S2_HV-1,2026-09-11,2026,2026-09
2026-09-11 10:15:00,142.8,S2,S2_HV-1,2026-09-11,2026,2026-09
2026-09-11 10:19:00,142.8,S2,S2_HV-2,2026-09-11,2026,2026-09
2026-09-11 12:32:00,142.8,S2,S2_HV-2,2026-09-11,2026,2026-09
2026-09-11 12:33:00,142.8,S2,S2_HV-1,2026-09-11,2026,2026-09
2026-09-14 09:03:00,142.8,S2,S2_HV-2,2026-09-14,2026,2026-09
2026-09-14 09:13:00,-157.2,S2,S2_HV-1,2026-09-14,2026,2026-09
2026-09-14 10:51:00,142.8,S2,S2_HV-1,2026-09-14,2026,2026-09
2026-09-14 11:32:00,142.8,S2,S2_HV-1,2026-09-14,2026,2026-09
2026-09-14 11:39:00,142.8,S2,S2_HV-1,2026-09-14,2026,2026-09
2026-09-14 12:51:00,-157.2,S2,S2_HV-1,2026-09-14,2026,2026-09
2026-09-15 09:18:00,142.8,S2,S2_HV-1,2026-09-15,2026,2026-09
2026-09-15 09:33:00,142.8,S2,S2_HV-1,2026-09-15,2026,2026-09
2026-09-15 09:51:00,-157.2,S2,S2_HV-1,2026-09-15,2026,2026-09
2026-09-15 09:51:00,-157.2,S2,S2_HV-2,2026-09-15,2026,2026-09
2026-09-15 10:50:00,142.8,S2,S2_HV-1,2026-09-15,2026,2026-09
2026-09-15 11:05:00,142.8,S2,S2_HV-1,2026-09-15,2026,2026-09
2026-09-15 12:04:00,142.8,S2,S2_HV-1,2026-09-15,2026,2026-09
2026-09-15 12:15:00,142.8,S2,S2_HV-1,2026-09-15,2026,2026-09
2026-09-15 12:20:00,142.8,S2,S2_HV-2,2026-09-15,2026,2026-09
2026-09-16 10:40:00,142.8,S2,S2_HV-1,2026-09-16,2026,2026-09
2026-09-16 11:03:00,-157.2,S2,S2_HV-1,2026-09-16,2026,2026-09
2026-09-16 11:11:00,-157.2,S2,S2_HV-1,2026-09-16,2026,2026-09
2026-09-16 13:09:00,142.8,S2,S2_HV-1,2026-09-16,2026,2026-09
2026-09-17 09:14:00,142.8,S2,S2_HV-2,2026-09-17,2026,2026-09
2026-09-17 09:28:00,142.8,S2,S2_HV-2,2026-09-17,2026,2026-09
2026-09-17 09:29:00,142.8,S2,S2_HV-1,2026-09-17,2026,2026-09
2026-09-17 09:39:00,142.8,S2,S2_HV-2,2026-09-17,2026,2026-09
2026-09-17 09:43:00,142.8,S2,S2_HV-1,2026-09-17,2026,2026-09
2026-09-17 12:36:00,142.8,S2,S2_HV-1,2026-09-17,2026,2026-09
2026-09-17 12:36:00,142.8,S2,S2_HV-2,2026-09-17,2026,2026-09
2026-09-17 12:52:00,-157.2,S2,S2_HV-1,2026-09-17,2026,2026-09
2026-09-18 10:46:00,142.8,S2,S2_HV-1,2026-09-18,2026,2026-09
2026-09-18 10:49:00,442.80000000000285,S3,S3_D,2026-09-18,2026,2026-09
2026-09-18 12:50:00,142.8,S2,S2_HV-1,2026-09-18,2026,2026-09
2026-09-21 09:11:00,-1007.2,S3,S3_C,2026-09-21,2026,2026-09
2026-09-21 09:12:00,-157.2,S2,S2_HV-1,2026-09-21,2026,2026-09
2026-09-22 09:03:00,142.8,S2,S2_HV-1,2026-09-22,2026,2026-09
2026-09-22 09:18:00,142.8,S2,S2_HV-1,2026-09-22,2026,2026-09
2026-09-22 09:32:00,-157.2,S2,S2_HV-1,2026-09-22,2026,2026-09
2026-09-22 10:22:00,-157.2,S2,S2_HV-1,2026-09-22,2026,2026-09
2026-09-22 10:44:00,-157.2,S2,S2_HV-1,2026-09-22,2026,2026-09
