time,open,high,low,close,Volume
1781820000,75.4,75.6,75.39,75.45,288
1781820300,75.43,75.48,75.41,75.42,36
1781820600,75.46,75.49,75.34,75.44,80
1781820900,75.43,75.57,75.42,75.57,37
1781821200,75.59,75.73,75.58,75.68,79
1781821500,75.62,75.66,75.55,75.57,64
1781821800,75.57,75.57,75.45,75.5,63
1781822100,75.47,75.49,75.39,75.41,37
1781822400,75.42,75.48,75.4,75.42,39
1781822700,75.43,75.44,75.35,75.39,31
1781823000,75.38,75.46,75.37,75.41,118
1781823300,75.42,75.43,75.28,75.38,84
1781823600,75.39,75.46,75.39,75.43,39
1781823900,75.45,75.45,75.33,75.34,66
1781824200,75.34,75.35,75.25,75.3,176
1781824500,75.3,75.3,75.26,75.27,132
1781824800,75.27,75.27,75.13,75.23,214
1781825100,75.22,75.25,75.16,75.17,79
1781825400,75.16,75.27,75.11,75.27,95
1781825700,75.28,75.3,75.22,75.3,54
1781826000,75.31,75.32,75.27,75.29,24
1781826300,75.29,75.38,75.28,75.34,47
1781826600,75.37,75.38,75.35,75.36,14
1781826900,75.36,75.43,75.3,75.38,106
1781827200,75.41,75.41,75.07,75.09,405
1781827500,75.09,75.15,75,75.13,406
1781827800,75.12,75.16,75.08,75.08,31
1781828100,75.09,75.17,75.02,75.17,98
1781828400,75.18,75.25,75.14,75.18,117
1781828700,75.17,75.2,75.11,75.12,49
1781829000,75.12,75.19,75.12,75.19,25
1781829300,75.2,75.21,75.13,75.17,41
1781829600,75.18,75.18,75.15,75.15,7
1781829900,75.14,75.17,75.13,75.15,24
1781830200,75.15,75.2,75.15,75.17,21
1781830500,75.17,75.21,75.06,75.06,53
1781830800,75.07,75.07,74.98,75.03,192
1781831100,75.04,75.18,75.04,75.17,104
1781831400,75.15,75.39,75.11,75.31,223
1781831700,75.3,75.34,75.27,75.32,143
1781832000,75.32,75.44,75.3,75.36,250
1781832300,75.36,75.43,75.32,75.38,80
1781832600,75.38,75.55,75.38,75.46,253
1781832900,75.46,75.62,75.46,75.54,144
1781833200,75.54,75.55,75.37,75.44,96
1781833500,75.44,75.65,75.4,75.63,277
1781833800,75.63,75.71,75.55,75.65,237
1781834100,75.64,75.68,75.59,75.65,50
1781834400,75.66,75.8,75.56,75.67,203
1781834700,75.67,75.73,75.65,75.7,78
1781835000,75.71,75.83,75.71,75.75,291
1781835300,75.74,75.79,75.69,75.78,160
1781835600,75.78,75.82,75.65,75.68,126
1781835900,75.66,75.67,75.57,75.59,58
1781836200,75.6,75.61,75.57,75.61,41
1781836500,75.61,75.61,75.52,75.56,61
1781836800,75.55,75.57,75.52,75.52,29
1781837100,75.54,75.66,75.53,75.65,91
1781837400,75.65,75.67,75.58,75.6,46
1781837700,75.6,75.66,75.6,75.61,60
1781838000,75.61,75.68,75.6,75.68,54
1781838300,75.68,75.72,75.66,75.7,86
1781838600,75.71,75.72,75.67,75.67,62
1781838900,75.67,75.68,75.58,75.6,58
1781839200,75.6,75.6,75.51,75.56,37
1781839500,75.54,75.56,75.51,75.55,34
1781839800,75.56,75.58,75.4,75.41,211
1781840100,75.43,75.44,75.22,75.29,261
1781840400,75.29,75.32,75.24,75.24,103
1781840700,75.25,75.27,75.21,75.23,74
1781841000,75.24,75.27,75.19,75.23,143
1781841300,75.22,75.31,75.2,75.24,88
1781841600,75.24,75.28,75.21,75.22,111
1781841900,75.22,75.25,75.2,75.22,106
1781842200,75.22,75.3,75.18,75.3,123
1781842500,75.3,75.5,75.3,75.44,379
1781842800,75.45,75.52,75.44,75.51,74
1781843100,75.5,75.53,75.47,75.49,54
1781843400,75.47,75.71,75.45,75.68,423
1781843700,75.65,75.87,75.63,75.64,365
1781844000,75.65,75.74,75.61,75.71,111
1781844300,75.72,75.8,75.7,75.77,66
1781844600,75.79,75.9,75.78,75.8,240
1781844900,75.81,75.86,75.63,75.63,132
1781845200,75.65,75.83,75.62,75.8,300
1781845500,75.8,76.05,75.78,76.03,497
1781845800,76.01,76.21,75.89,75.9,417
1781846100,75.89,76.12,75.89,76.07,259
1781846400,76.06,76.12,75.91,76.02,216
1781846700,76.02,76.09,75.93,75.95,144
1781847000,75.96,76.23,75.95,76.23,198
1781847300,76.24,76.32,76.13,76.29,608
1781847600,76.28,76.37,76.2,76.31,356
1781847900,76.3,76.34,76.23,76.3,291
1781848200,76.29,76.49,76.25,76.25,392
1781848500,76.24,76.24,76.03,76.22,425
1781848800,76.23,76.48,76.23,76.4,478
1781849100,76.41,76.71,76.37,76.57,961
1781849400,76.56,76.67,76.54,76.61,407
1781849700,76.62,76.64,76.41,76.44,331
1781850000,76.44,76.57,76.43,76.44,369
1781850300,76.43,76.47,76.31,76.36,348
1781850600,76.36,76.57,76.36,76.55,310
1781850900,76.55,76.78,76.54,76.66,716
1781851200,76.68,76.69,76.44,76.45,213
1781851500,76.45,76.45,76.31,76.38,237
1781851800,76.38,76.38,76.23,76.24,185
1781852100,76.25,76.27,76.07,76.18,540
1781852400,76.18,76.19,75.98,76.03,394
1781852700,76.03,76.13,75.96,76.06,350
1781853000,76.08,76.28,76.07,76.17,286
1781853300,76.17,76.32,76.17,76.23,245
1781853600,76.23,76.26,76.13,76.25,162
1781853900,76.25,76.36,76.17,76.21,365
1781854200,76.2,76.39,76.18,76.38,268
1781854500,76.38,76.41,76.18,76.23,134
1781854800,76.24,76.57,76.23,76.5,293
1781855100,76.51,76.61,76.42,76.44,277
1781855400,76.44,76.44,76.2,76.31,280
1781855700,76.29,76.36,76.11,76.25,282
1781856000,76.25,76.5,76.15,76.3,366
1781856300,76.3,76.3,75.98,76.05,339
1781856600,76.05,76.15,75.85,76.14,549
1781856900,76.14,76.19,75.91,75.96,393
1781857200,75.97,76.12,75.94,76.12,348
1781857500,76.1,76.16,75.7,75.78,1257
1781857800,75.78,75.92,75.5,75.83,1025
1781858100,75.83,75.88,75.72,75.82,278
1781858400,75.82,76.1,75.77,76.04,442
1781858700,76.04,76.04,75.7,75.72,215
1781859000,75.72,75.98,75.67,75.9,491
1781859300,75.89,75.92,75.76,75.85,366
1781859600,75.86,75.88,75.7,75.73,311
1781859900,75.72,75.79,75.49,75.78,576
1781860200,75.76,75.89,75.72,75.74,249
1781860500,75.72,75.74,75.65,75.66,117
1781860800,75.66,75.81,75.59,75.8,315
1781861100,75.8,75.82,75.67,75.77,464
1781861400,75.76,75.77,75.59,75.62,385
1781861700,75.63,75.64,75.51,75.56,249
1781862000,75.56,75.86,75.55,75.84,203
1781862300,75.84,75.85,75.7,75.78,172
1781862600,75.77,75.77,75.53,75.57,217
1781862900,75.57,75.65,75.41,75.64,485
1781863200,75.63,75.82,75.62,75.78,321
1781863500,75.76,75.8,75.67,75.76,193
1781863800,75.79,75.82,75.68,75.76,171
1781864100,75.77,75.87,75.66,75.72,271
1781864400,75.72,75.95,75.68,75.84,348
1781864700,75.86,75.92,75.73,75.73,343
1781865000,75.76,75.98,75.74,75.93,260
1781865300,75.94,76.21,75.89,76.19,858
1781865600,76.2,76.21,76,76.05,361
1781865900,76.05,76.23,75.85,75.98,1179
1781866200,75.97,75.97,75.67,75.8,479
1781866500,75.8,75.88,75.77,75.86,165
1781866800,75.88,76.13,75.85,76.13,394
1781867100,76.12,76.53,76.09,76.21,1125
1781867400,76.22,76.24,75.99,76,285
1781867700,75.99,76.02,75.73,75.82,391
1781868000,75.8,75.92,75.75,75.9,292
1781868300,75.91,76.1,75.88,76.1,281
1781868600,76.08,76.08,75.81,75.9,315
1781868900,75.91,75.93,75.81,75.89,102
1781869200,75.91,75.92,75.75,75.82,149
1781869500,75.81,75.93,75.79,75.86,130
1781869800,75.84,76.22,75.74,76.21,720
1781870100,76.23,76.28,75.97,76.01,332
1781870400,75.98,76.2,75.96,76.19,270
1781870700,76.17,76.3,76.04,76.05,403
1781871000,76.05,76.12,76.02,76.09,148
1781871300,76.09,76.25,76.03,76.2,270
1781871600,76.2,76.3,76.07,76.23,225
1781871900,76.25,76.35,76.16,76.3,460
1781872200,76.29,76.46,76.27,76.38,516
1781872500,76.38,76.74,76.3,76.58,1887
1781872800,76.58,76.59,76.35,76.4,553
1781873100,76.39,76.51,76.37,76.43,333
1781873400,76.44,76.44,75.42,75.51,3094
1781873700,75.5,75.62,75.25,75.3,1184
1781874000,75.32,75.39,75.1,75.23,1576
1781874300,75.22,75.52,75.06,75.2,1301
1781874600,75.22,75.61,75.21,75.56,620
1781874900,75.54,75.83,75.43,75.68,944
1781875200,75.68,75.82,75.64,75.71,460
1781875500,75.71,75.78,75.59,75.7,473
1781875800,75.69,75.98,75.69,75.93,654
1781876100,75.95,75.95,75.73,75.88,654
1781876400,75.87,75.9,75.66,75.88,439
1781876700,75.88,75.94,75.8,75.91,224
1781877000,75.92,76.03,75.81,75.84,459
1781877300,75.85,76.01,75.55,76,1326
1781877600,76.01,76.2,75.98,76.03,627
1781877900,76.04,76.13,75.94,76,337
1781878200,76.01,76.13,75.93,76.06,239
1781878500,76.04,76.1,75.88,75.88,239
1781878800,75.91,76.14,75.91,76.14,307
1781879100,76.14,76.15,75.98,76.08,244
1781879400,76.08,76.13,76.03,76.1,153
1781879700,76.08,76.19,76.01,76.04,302
1781880000,76.05,76.12,75.93,76.05,302
1781880300,76.04,76.24,75.99,76.23,409
1781880600,76.24,76.25,76.07,76.17,461
1781880900,76.2,76.23,76.08,76.19,205
1781881200,76.2,76.27,76.14,76.25,248
1781881500,76.26,76.27,76.13,76.26,215
1781881800,76.26,76.35,76.17,76.28,380
1781882100,76.29,76.4,76.22,76.24,549
1781882400,76.25,76.43,76.21,76.29,467
1781882700,76.28,76.43,76.21,76.41,565
1781883000,76.42,76.64,76.38,76.57,1294
1781883300,76.6,76.66,76.51,76.53,327
1781883600,76.55,76.59,76.42,76.44,369
1781883900,76.42,76.43,76.29,76.39,528
1781884200,76.39,76.6,76.36,76.59,427
1781884500,76.58,76.6,76.47,76.5,333
1781884800,76.5,76.64,76.47,76.61,329
1781885100,76.61,76.67,76.55,76.65,219
1781885400,76.64,76.68,76.61,76.64,175
1781885700,76.65,76.76,76.64,76.7,244
1781886000,76.71,76.71,76.44,76.54,372
1781886300,76.55,76.58,76.49,76.52,228
1781886600,76.49,76.62,76.47,76.6,197
1781886900,76.59,76.75,76.57,76.63,260
1781887200,76.61,76.75,76.59,76.75,193
1781887500,76.74,76.77,76.63,76.66,198
1781887800,76.65,76.7,76.58,76.61,209
1781888100,76.6,76.67,76.43,76.54,565
1782079200,78,78.14,77.32,77.63,2746
1782079500,77.61,77.86,77.57,77.77,581
1782079800,77.75,78,77.66,77.71,759
1782080100,77.7,77.81,77.62,77.68,310
1782080400,77.69,77.81,77.67,77.7,142
1782080700,77.72,77.72,77.57,77.64,151
1782081000,77.64,77.66,77.42,77.48,290
1782081300,77.48,77.48,77.34,77.44,141
1782081600,77.45,77.51,77.35,77.36,121
1782081900,77.35,77.35,77.21,77.26,253
1782082200,77.27,77.55,77.25,77.52,283
1782082500,77.52,77.54,77.4,77.46,236
1782082800,77.46,77.59,77.45,77.58,170
1782083100,77.6,77.63,77.52,77.59,227
1782083400,77.6,77.69,77.51,77.6,729
1782083700,77.61,77.75,77.58,77.74,236
1782084000,77.73,77.74,77.6,77.65,121
1782084300,77.63,77.75,77.6,77.73,182
1782084600,77.75,77.86,77.7,77.72,199
1782084900,77.72,77.82,77.69,77.81,279
1782085200,77.82,77.85,77.61,77.65,162
1782085500,77.65,77.77,77.61,77.75,163
1782085800,77.76,77.83,77.68,77.81,216
1782086100,77.79,77.79,77.64,77.68,112
1782086400,77.69,77.76,77.52,77.75,388
1782086700,77.76,77.82,77.62,77.76,212
1782087000,77.75,77.77,77.58,77.59,158
1782087300,77.58,77.64,77.48,77.52,254
1782087600,77.5,77.59,77.41,77.45,217
1782087900,77.45,77.45,77.13,77.26,452
1782088200,77.25,77.38,77.23,77.37,180
1782088500,77.36,77.46,77.28,77.39,166
1782088800,77.39,77.43,77.35,77.36,72
1782089100,77.37,77.48,77.27,77.48,190
1782089400,77.49,77.68,77.49,77.66,230
1782089700,77.66,77.69,76.93,77,952
1782090000,77.02,77.02,76.25,76.41,2101
1782090300,76.4,76.42,76.18,76.26,616
1782090600,76.3,76.41,76.11,76.41,396
1782090900,76.41,76.46,76.11,76.25,349
1782091200,76.26,76.28,75.75,75.91,915
1782091500,75.92,75.95,75.65,75.73,491
1782091800,75.74,75.83,75.63,75.71,386
1782092100,75.72,75.79,75.52,75.67,355
1782092400,75.69,75.76,75.54,75.56,199
1782092700,75.56,75.72,75.5,75.67,397
1782093000,75.67,75.74,75.61,75.67,200
1782093300,75.66,75.78,75.65,75.76,198
1782093600,75.78,75.78,75.53,75.61,252
1782093900,75.62,75.63,75.41,75.54,355
1782094200,75.53,75.58,75.44,75.57,212
1782094500,75.54,75.6,75.53,75.57,94
1782094800,75.57,75.63,75.44,75.47,177
1782095100,75.46,75.54,75.46,75.49,106
1782095400,75.47,75.47,75.3,75.37,287
1782095700,75.38,75.41,75.21,75.25,259
1782096000,75.25,75.28,75.1,75.13,439
1782096300,75.12,75.32,75.01,75.26,483
1782096600,75.27,75.33,75.23,75.3,224
1782096900,75.31,75.36,75.28,75.33,99
1782097200,75.35,75.65,75.3,75.58,711
1782097500,75.58,75.68,75.55,75.67,162
1782097800,75.67,75.71,75.61,75.71,182
1782098100,75.69,75.73,75.61,75.65,143
1782098400,75.65,75.76,75.65,75.7,115
1782098700,75.7,75.78,75.67,75.76,105
1782099000,75.78,75.85,75.73,75.8,248
1782099300,75.81,75.81,75.77,75.79,61
1782099600,75.8,75.8,75.7,75.74,176
1782099900,75.73,75.73,75.56,75.56,168
1782100200,75.58,75.68,75.57,75.65,117
1782100500,75.65,75.74,75.63,75.64,122
1782100800,75.65,75.65,75.55,75.56,68
1782101100,75.56,75.61,75.51,75.53,71
1782101400,75.53,75.6,75.5,75.58,87
1782101700,75.59,75.68,75.59,75.67,70
1782102000,75.67,75.71,75.6,75.6,79
1782102300,75.61,75.63,75.56,75.6,64
1782102600,75.59,75.6,75.52,75.52,43
1782102900,75.52,75.56,75.47,75.49,95
1782103200,75.47,75.52,75.45,75.47,142
1782103500,75.47,75.56,75.46,75.54,199
1782103800,75.54,75.55,75.46,75.49,44
1782104100,75.52,75.52,75.41,75.41,57
1782104400,75.42,75.42,75.32,75.33,128
1782104700,75.33,75.41,75.31,75.35,104
1782105000,75.36,75.36,75.31,75.33,68
1782105300,75.32,75.33,75.23,75.27,184
1782105600,75.28,75.32,75.22,75.27,86
1782105900,75.26,75.27,75.08,75.09,194
1782106200,75.07,75.19,75.03,75.18,400
1782106500,75.2,75.3,75.1,75.27,292
1782106800,75.28,75.39,75.26,75.36,223
1782107100,75.36,75.41,75.2,75.3,310
1782107400,75.27,75.33,75.2,75.26,128
1782107700,75.27,75.32,75.21,75.3,97
1782108000,75.32,75.38,75.12,75.24,211
1782108300,75.24,75.26,75.12,75.21,245
1782108600,75.2,75.3,75.18,75.21,139
1782108900,75.22,75.29,75.12,75.23,166
1782109200,75.24,75.24,75.03,75.05,204
1782109500,75.04,75.15,74.9,75.15,714
1782109800,75.15,75.32,75.11,75.11,356
1782110100,75.11,75.31,75.11,75.29,186
1782110400,75.3,75.43,75.29,75.35,218
1782110700,75.34,75.48,75.31,75.4,207
1782111000,75.4,75.46,75.25,75.39,263
1782111300,75.39,75.45,75.3,75.33,184
1782111600,75.32,75.41,75.2,75.34,432
1782111900,75.34,75.45,75.24,75.34,282
1782112200,75.33,75.55,75.31,75.53,289
1782112500,75.52,75.55,75.39,75.43,181
1782112800,75.42,75.51,75.39,75.5,125
1782113100,75.5,75.55,75.36,75.47,238
1782113400,75.45,75.6,75.38,75.38,362
1782113700,75.39,75.63,75.38,75.62,313
1782114000,75.62,75.86,75.59,75.81,711
1782114300,75.82,76.01,75.69,75.72,598
1782114600,75.74,75.92,75.68,75.88,269
1782114900,75.88,75.89,75.63,75.64,243
1782115200,75.63,75.81,75.59,75.77,335
1782115500,75.77,76.07,75.74,75.98,546
1782115800,76,76.19,75.92,76.04,558
1782116100,76.06,76.17,75.97,76.12,383
1782116400,76.12,76.13,75.76,75.9,646
1782116700,75.91,75.95,75.37,75.41,1487
1782117000,75.41,75.68,75.37,75.46,581
1782117300,75.46,75.49,75.19,75.43,572
1782117600,75.41,75.41,75.25,75.28,264
1782117900,75.27,75.4,75.25,75.28,223
1782118200,75.28,75.37,75.24,75.28,218
1782118500,75.26,75.29,75.09,75.23,436
1782118800,75.23,75.41,75.17,75.21,296
1782119100,75.22,75.24,75.1,75.18,248
1782119400,75.19,75.48,75.19,75.36,520
1782119700,75.35,75.43,75.28,75.32,167
1782120000,75.34,75.34,75.15,75.23,176
1782120300,75.24,75.38,75.21,75.3,161
1782120600,75.29,75.48,75.18,75.27,301
1782120900,75.29,75.38,75.2,75.21,138
1782121200,75.2,75.34,75.11,75.32,357
1782121500,75.32,75.35,75.17,75.2,129
1782121800,75.21,75.27,75.12,75.24,328
1782122100,75.23,75.36,75.22,75.35,239
1782122400,75.36,75.37,75.25,75.35,225
1782122700,75.36,75.43,75.26,75.33,219
1782123000,75.32,75.36,75.2,75.27,207
1782123300,75.25,75.36,75.19,75.35,149
1782123600,75.36,75.38,75.24,75.32,159
1782123900,75.32,75.4,75.26,75.38,270
1782124200,75.37,75.41,75.28,75.38,132
1782124500,75.39,75.47,75.34,75.47,164
1782124800,75.47,75.47,75.29,75.37,348
1782125100,75.36,75.37,75.28,75.35,154
1782125400,75.35,75.36,75.28,75.3,264
1782125700,75.31,75.35,75.26,75.34,218
1782126000,75.34,75.44,75.04,75.09,575
1782126300,75.09,75.09,74.63,75.03,1712
1782126600,75.04,75.43,75.04,75.3,834
1782126900,75.31,75.47,75.3,75.45,409
1782127200,75.45,75.46,75.34,75.35,211
1782127500,75.35,75.46,75.27,75.42,315
1782127800,75.43,75.45,75.16,75.23,380
1782128100,75.24,75.25,75.13,75.13,296
1782128400,75.13,75.25,75.08,75.12,402
1782128700,75.13,75.18,75.04,75.08,403
1782129000,75.07,75.25,75.07,75.17,287
1782129300,75.17,75.18,74.92,75.01,760
1782129600,75,75.08,74.96,75.07,349
1782129900,75.07,75.07,74.92,75.01,459
1782130200,75.02,75.03,74.83,74.89,422
1782130500,74.9,74.92,74.75,74.78,733
1782130800,74.78,74.8,74.51,74.56,1369
1782131100,74.56,74.7,74.5,74.61,678
1782131400,74.61,74.66,74.55,74.59,482
1782131700,74.59,74.64,74.5,74.58,482
1782132000,74.57,74.57,74.43,74.53,878
1782132300,74.52,74.82,74.49,74.8,928
1782132600,74.8,74.81,74.62,74.64,521
1782132900,74.64,74.66,74.48,74.52,811
1782133200,74.53,74.82,74.48,74.74,1502
1782133500,74.72,75.05,74.66,74.83,1317
1782133800,74.83,74.92,74.3,74.39,2417
1782134100,74.41,74.53,74.33,74.51,1338
1782134400,74.51,74.53,74.29,74.37,847
1782134700,74.38,74.4,74.13,74.23,1322
1782135000,74.23,74.3,74.1,74.17,1894
1782135300,74.16,74.17,73.83,73.85,2896
1782135600,73.83,74.05,73.8,73.86,1566
1782135900,73.86,73.89,73.5,73.59,2724
1782136200,73.59,73.81,73.51,73.74,1580
1782136500,73.74,73.84,73.71,73.76,1274
1782136800,73.77,73.98,73.7,73.89,1484
1782137100,73.89,73.89,73.57,73.62,1473
1782137400,73.63,73.78,73.57,73.59,814
1782137700,73.59,73.81,73.51,73.8,1213
1782138000,73.81,73.83,73.7,73.8,1042
1782138300,73.8,73.94,73.7,73.86,1173
1782138600,73.87,74.23,73.86,74.22,1706
1782138900,74.22,74.31,74.03,74.11,1382
1782139200,74.12,74.26,74.1,74.21,775
1782139500,74.21,74.24,74.05,74.11,615
1782139800,74.11,74.12,73.84,73.88,788
1782140100,73.88,74.09,73.88,74.02,808
1782140400,74.02,74.03,73.76,73.78,761
1782140700,73.79,73.85,73.71,73.76,968
1782141000,73.73,73.74,73.37,73.4,2839
1782141300,73.4,73.5,73.31,73.32,1227
1782141600,73.32,73.41,73.27,73.34,1450
1782141900,73.34,73.66,73.3,73.63,2410
1782142200,73.62,73.72,73.51,73.57,1142
1782142500,73.56,73.63,73.39,73.44,926
1782142800,73.45,73.45,73.24,73.32,1128
1782143100,73.32,73.76,73.3,73.71,1101
1782143400,73.7,73.7,73.37,73.38,860
1782143700,73.39,73.41,73.3,73.41,986
1782144000,73.41,73.56,73.37,73.56,920
1782144300,73.56,73.64,73.55,73.63,618
1782144600,73.63,73.67,73.53,73.53,640
1782144900,73.54,73.68,73.54,73.6,504
1782145200,73.6,73.7,73.57,73.61,511
1782145500,73.6,73.67,73.56,73.66,422
1782145800,73.65,73.74,73.64,73.68,611
1782146100,73.67,73.79,73.66,73.75,750
1782146400,73.76,73.83,73.65,73.71,612
1782146700,73.72,73.77,73.67,73.7,407
1782147000,73.71,73.76,73.66,73.72,420
1782147300,73.71,73.75,73.54,73.58,1197
1782147600,73.57,73.68,73.56,73.63,495
1782147900,73.63,73.71,73.55,73.57,277
1782148200,73.59,73.63,73.51,73.54,458
1782148500,73.55,73.62,73.51,73.57,379
1782148800,73.58,73.59,73.49,73.51,424
1782149100,73.5,73.55,73.45,73.53,426
1782149400,73.53,73.68,73.49,73.67,544
1782149700,73.66,73.75,73.6,73.61,730
1782150000,73.62,73.62,73.39,73.4,795
1782150300,73.4,73.48,73.38,73.38,569
1782150600,73.38,73.48,73.33,73.35,870
1782150900,73.35,73.39,73.29,73.33,872
1782151200,73.32,73.58,73.32,73.46,1513
1782151500,73.47,73.63,73.41,73.59,1064
1782151800,73.59,73.7,73.55,73.64,1153
1782152100,73.64,73.73,73.59,73.72,1425
1782152400,73.73,73.85,73.57,73.67,2405
1782152700,73.68,73.93,73.6,73.9,5935
1782153000,73.9,73.91,73.7,73.77,1878
1782153300,73.78,73.79,73.68,73.69,410
1782153600,73.7,73.8,73.68,73.76,340
1782153900,73.75,73.87,73.74,73.81,343
1782154200,73.82,73.9,73.78,73.89,240
1782154500,73.9,74.06,73.9,74.01,772
1782154800,74.01,74.07,74,74.07,250
1782155100,74.07,74.14,74.06,74.11,252
1782155400,74.12,74.16,74.04,74.09,232
1782155700,74.09,74.11,74.06,74.1,169
1782156000,74.12,74.23,74.09,74.2,573
1782156300,74.19,74.22,74.17,74.2,207
1782156600,74.2,74.35,74.16,74.2,590
1782156900,74.19,74.25,74.17,74.25,145
1782157200,74.26,74.33,74.25,74.29,446
1782157500,74.29,74.3,74.25,74.29,158
1782157800,74.29,74.35,74.26,74.31,400
1782158100,74.3,74.36,74.25,74.27,239
1782158400,74.27,74.3,74.19,74.22,347
1782158700,74.23,74.23,74.17,74.23,174
1782159000,74.23,74.25,74.19,74.22,99
1782159300,74.22,74.25,74.13,74.15,124
1782159600,74.16,74.21,73.99,74.05,276
1782159900,74.07,74.11,74.02,74.04,193
1782160200,74.03,74.04,73.99,74.01,135
1782160500,74.02,74.09,74.02,74.08,117
1782160800,74.08,74.08,73.97,74.04,225
1782161100,74.03,74.09,74.01,74.06,117
1782161400,74.04,74.1,74,74.1,141
1782161700,74.11,74.11,74.03,74.08,173
1782165600,74.14,74.24,74.04,74.18,205
1782165900,74.2,74.25,74.15,74.15,104
1782166200,74.14,74.16,74.06,74.14,46
1782166500,74.14,74.2,74.1,74.2,52
1782166800,74.19,74.25,74.13,74.23,87
1782167100,74.24,74.25,74.2,74.23,41
1782167400,74.24,74.45,74.21,74.43,217
1782167700,74.45,74.45,74.34,74.36,91
1782168000,74.35,74.38,74.29,74.32,77
1782168300,74.32,74.32,74.29,74.29,12
1782168600,74.29,74.29,74.29,74.29,1
1782168900,74.3,74.33,74.3,74.33,12
1782169200,74.31,74.32,74.14,74.19,169
1782169500,74.16,74.2,74.13,74.2,47
1782169800,74.16,74.18,74.13,74.17,21
1782170100,74.16,74.18,74.13,74.13,23
1782170400,74.14,74.19,74.11,74.12,85
1782170700,74.13,74.17,74.12,74.16,13
1782171000,74.17,74.2,74.16,74.16,20
1782171300,74.17,74.17,74.13,74.15,27
1782171600,74.15,74.17,74.1,74.1,16
1782171900,74.11,74.12,74.1,74.12,29
1782172200,74.12,74.17,74.12,74.17,20
1782172500,74.16,74.22,74.16,74.16,34
1782172800,74.18,74.23,74.14,74.19,325
1782173100,74.2,74.2,74.05,74.05,138
1782173400,74.07,74.28,74.07,74.17,109
1782173700,74.17,74.17,74.09,74.13,63
1782174000,74.13,74.23,74.13,74.2,54
1782174300,74.18,74.23,74.1,74.14,53
1782174600,74.14,74.16,74.1,74.14,59
1782174900,74.13,74.17,74.08,74.12,78
1782175200,74.12,74.19,74.05,74.06,87
1782175500,74.05,74.1,74.02,74.09,79
1782175800,74.06,74.14,74,74.13,124
1782176100,74.12,74.25,74.12,74.2,95
1782176400,74.21,74.27,73.84,73.84,430
1782176700,73.85,73.88,73.79,73.85,285
1782177000,73.85,74.06,73.85,74.02,193
1782177300,74.01,74.12,73.99,74.08,227
1782177600,74.11,74.24,74.08,74.13,446
1782177900,74.13,74.22,74.1,74.18,188
1782178200,74.18,74.22,74.14,74.21,58
1782178500,74.21,74.25,74.18,74.21,98
1782178800,74.23,74.24,74.11,74.12,57
1782179100,74.13,74.13,74.02,74.04,159
1782179400,74.03,74.08,73.95,73.95,329
1782179700,73.96,73.97,73.91,73.92,185
1782180000,73.92,73.93,73.77,73.81,402
1782180300,73.8,74.05,73.8,74.03,193
1782180600,74.03,74.07,74.01,74.01,103
1782180900,74,74.08,74,74.02,68
1782181200,74.02,74.04,73.98,74.02,54
1782181500,74.01,74.08,74,74.05,46
1782181800,74.05,74.31,74.03,74.29,231
1782182100,74.28,74.3,74.15,74.17,169
1782182400,74.16,74.22,74.14,74.2,113
1782182700,74.21,74.27,74.16,74.16,125
1782183000,74.15,74.16,74.02,74.09,208
1782183300,74.08,74.11,73.92,73.92,158
1782183600,73.92,73.92,73.73,73.78,425
1782183900,73.78,73.88,73.78,73.8,115
1782184200,73.79,73.79,73.7,73.77,184
1782184500,73.77,73.81,73.7,73.75,302
1782184800,73.75,73.8,73.69,73.76,76
1782185100,73.76,73.81,73.59,73.61,325
1782185400,73.63,73.68,73.57,73.62,131
1782185700,73.64,73.75,73.63,73.75,38
1782186000,73.75,73.75,73.64,73.64,76
1782186300,73.65,73.66,73.63,73.66,62
1782186600,73.66,73.66,73.61,73.63,84
1782186900,73.62,73.66,73.61,73.62,35
1782187200,73.64,73.69,73.62,73.69,37
1782187500,73.68,73.71,73.67,73.71,36
1782187800,73.72,73.73,73.68,73.73,22
1782188100,73.73,73.75,73.62,73.62,77
1782188400,73.64,73.66,73.6,73.64,104
1782188700,73.64,73.67,73.61,73.62,53
1782189000,73.62,73.72,73.58,73.71,129
1782189300,73.7,73.77,73.64,73.72,122
1782189600,73.72,73.75,73.68,73.75,46
1782189900,73.74,73.76,73.67,73.67,60
1782190200,73.69,73.75,73.61,73.75,136
1782190500,73.74,73.78,73.74,73.75,70
1782190800,73.73,73.79,73.7,73.72,63
1782191100,73.74,73.75,73.71,73.71,24
1782191400,73.7,73.7,73.67,73.68,45
1782191700,73.72,73.76,73.65,73.65,77
1782192000,73.65,73.65,73.57,73.58,151
1782192300,73.57,73.63,73.54,73.59,103
1782192600,73.57,73.6,73.41,73.42,329
1782192900,73.41,73.45,73.35,73.39,225
1782193200,73.42,73.43,73.28,73.3,314
1782193500,73.29,73.34,73.05,73.11,689
1782193800,73.13,73.15,73.02,73.09,346
1782194100,73.08,73.13,73.06,73.1,201
1782194400,73.08,73.15,72.98,73.04,649
1782194700,73.06,73.08,72.88,72.99,679
1782195000,72.98,73.19,72.9,73.14,633
1782195300,73.12,73.13,72.85,72.96,653
1782195600,72.95,72.99,72.87,72.88,313
1782195900,72.88,72.96,72.85,72.87,240
1782196200,72.88,72.94,72.74,72.75,623
1782196500,72.74,72.79,72.65,72.66,501
1782196800,72.66,72.8,72.56,72.75,522
1782197100,72.75,73.08,72.68,73.07,368
1782197400,73.06,73.14,72.94,72.98,462
1782197700,72.98,73.04,72.87,72.92,234
1782198000,72.94,72.99,72.78,72.79,416
1782198300,72.79,72.87,72.76,72.8,383
1782198600,72.81,72.82,72.63,72.81,332
1782198900,72.81,72.87,72.71,72.78,280
1782199200,72.75,72.76,72.61,72.66,256
1782199500,72.65,72.77,72.48,72.53,521
1782199800,72.55,72.84,72.5,72.78,419
1782200100,72.79,72.99,72.79,72.88,363
1782200400,72.89,73.17,72.86,73.08,432
1782200700,73.07,73.17,73.02,73.1,318
1782201000,73.09,73.19,73.02,73.06,515
1782201300,73.05,73.23,73.04,73.17,637
1782201600,73.17,73.55,73.16,73.54,1082
1782201900,73.53,73.55,73.37,73.49,499
1782202200,73.5,73.62,73.44,73.48,460
1782202500,73.48,73.57,73.36,73.57,364
1782202800,73.58,73.66,73.5,73.62,447
1782203100,73.62,73.7,73.49,73.64,893
1782203400,73.64,73.87,73.55,73.83,691
1782203700,73.82,73.84,73.65,73.74,415
1782204000,73.73,73.76,73.56,73.56,273
1782204300,73.57,73.71,73.51,73.52,277
1782204600,73.53,73.62,73.41,73.43,410
1782204900,73.44,73.52,73.41,73.45,326
1782205200,73.44,73.5,73.27,73.46,404
1782205500,73.47,73.57,73.38,73.54,208
1782205800,73.55,73.59,73.37,73.42,160
1782206100,73.42,73.65,73.42,73.58,213
1782206400,73.58,73.67,73.5,73.5,239
1782206700,73.53,73.53,73.22,73.22,376
1782207000,73.21,73.42,73.17,73.37,243
1782207300,73.36,73.46,73.34,73.4,276
1782207600,73.42,73.49,73.41,73.45,173
1782207900,73.47,73.59,73.37,73.54,279
1782208200,73.54,73.54,73.38,73.52,271
1782208500,73.53,73.6,73.5,73.51,230
1782208800,73.52,73.6,73.41,73.41,285
1782209100,73.42,73.48,73.37,73.48,105
1782209400,73.49,73.59,73.48,73.52,173
1782209700,73.52,73.63,73.44,73.59,242
1782210000,73.6,73.76,73.6,73.71,423
1782210300,73.7,73.75,73.63,73.72,253
1782210600,73.72,73.75,73.59,73.66,320
1782210900,73.67,73.96,73.64,73.88,635
1782211200,73.89,73.89,73.69,73.77,271
1782211500,73.79,73.8,73.66,73.68,187
1782211800,73.69,73.93,73.68,73.79,276
1782212100,73.78,73.91,73.78,73.9,217
1782212400,73.89,73.9,73.79,73.87,266
1782212700,73.88,74,73.82,73.92,326
1782213000,73.92,73.92,73.8,73.81,127
1782213300,73.8,73.98,73.74,73.88,293
1782213600,73.86,73.96,73.5,73.96,949
1782213900,73.96,73.98,73.79,73.8,328
1782214200,73.81,74.07,73.8,74.01,868
1782214500,74,74.06,73.88,73.92,336
1782214800,73.93,73.98,73.85,73.96,270
1782215100,73.94,74.03,73.76,73.81,233
1782215400,73.82,73.88,73.64,73.67,274
1782215700,73.66,73.86,73.66,73.86,259
1782216000,73.86,73.9,73.71,73.76,340
1782216300,73.75,73.75,73.6,73.61,209
1782216600,73.6,73.63,73.44,73.54,821
1782216900,73.53,73.6,73.39,73.42,440
1782217200,73.42,73.48,73.3,73.34,346
1782217500,73.33,73.4,73.22,73.32,417
1782217800,73.3,73.32,73.22,73.27,264
1782218100,73.27,73.36,73.21,73.29,397
1782218400,73.27,73.44,73.26,73.44,308
1782218700,73.42,73.62,73.4,73.58,414
1782219000,73.57,73.64,73.5,73.53,527
1782219300,73.54,73.63,73.5,73.61,435
1782219600,73.62,73.73,73.56,73.57,953
1782219900,73.57,73.7,73.51,73.69,631
1782220200,73.69,73.72,73.48,73.49,816
1782220500,73.49,73.52,73.33,73.37,808
1782220800,73.38,73.48,73.31,73.31,526
1782221100,73.32,73.34,72.99,73.08,1210
1782221400,73.07,73.18,72.94,73.08,1734
1782221700,73.08,73.1,72.87,73.04,864
1782222000,73.03,73.25,73,73.21,674
1782222300,73.21,73.31,73.06,73.09,786
1782222600,73.08,73.25,73.05,73.14,1233
1782222900,73.14,73.2,72.91,72.98,929
1782223200,72.98,73,72.67,72.69,1864
1782223500,72.69,72.8,72.65,72.66,1631
1782223800,72.65,72.75,72.6,72.72,928
1782224100,72.73,72.76,72.62,72.72,1133
1782224400,72.72,72.74,72.6,72.62,1014
1782224700,72.61,72.64,72.52,72.6,1178
1782225000,72.61,72.76,72.61,72.69,1765
1782225300,72.68,73.24,72.68,73.18,3684
1782225600,73.17,73.28,73.03,73.23,1589
1782225900,73.22,73.3,73.07,73.21,1108
1782226200,73.2,73.39,72.99,73.01,1244
1782226500,73.02,73.18,72.89,73.17,756
1782226800,73.16,73.38,73.16,73.36,734
1782227100,73.36,73.48,73.29,73.29,816
1782227400,73.29,73.29,73.16,73.21,964
1782227700,73.2,73.38,73.19,73.27,757
1782228000,73.26,73.32,73.07,73.08,643
1782228300,73.08,73.23,73.02,73.12,851
1782228600,73.11,73.12,72.78,72.82,1449
1782228900,72.83,72.96,72.72,72.85,849
1782229200,72.85,73.06,72.83,73.06,579
1782229500,73.05,73.22,72.89,72.9,479
1782229800,72.89,73.02,72.86,72.96,365
1782230100,72.97,73.06,72.96,73,215
1782230400,72.99,73.14,72.99,73.12,422
1782230700,73.11,73.16,73.06,73.11,323
1782231000,73.1,73.17,73,73.01,371
1782231300,73.01,73.26,73.01,73.17,447
1782231600,73.17,73.24,73.11,73.15,676
1782231900,73.15,73.18,73.08,73.09,435
1782232200,73.08,73.1,72.94,72.97,436
1782232500,72.98,72.98,72.88,72.91,453
1782232800,72.9,72.93,72.84,72.93,744
1782233100,72.93,73.08,72.92,72.98,325
1782233400,72.98,72.99,72.83,72.87,478
1782233700,72.86,72.98,72.86,72.97,519
1782234000,72.98,73.29,72.98,73.23,815
1782234300,73.22,73.3,73.16,73.2,661
1782234600,73.19,73.3,73.11,73.23,703
1782234900,73.22,73.3,73.15,73.25,554
1782235200,73.24,73.27,73.17,73.2,384
1782235500,73.19,73.3,73.19,73.25,439
1782235800,73.25,73.32,73.02,73.04,1313
1782236100,73.05,73.2,73.05,73.12,527
1782236400,73.11,73.12,73.04,73.04,484
1782236700,73.05,73.14,73.02,73.11,444
1782237000,73.11,73.23,73.1,73.12,645
1782237300,73.13,73.16,72.99,73.04,1292
1782237600,73.04,73.4,73.04,73.27,2106
1782237900,73.26,73.43,73.22,73.33,790
1782238200,73.33,73.36,73.17,73.23,689
1782238500,73.24,73.24,73.13,73.16,725
1782238800,73.16,73.2,73.04,73.07,1295
1782239100,73.06,73.29,73.05,73.28,4206
1782239400,73.28,73.34,73.22,73.23,830
1782239700,73.23,73.26,73.19,73.22,378
1782240000,73.22,73.27,73.17,73.2,242
1782240300,73.2,73.36,73.19,73.32,389
1782240600,73.32,73.37,73.32,73.32,213
1782240900,73.34,73.41,73.3,73.36,385
1782241200,73.36,73.37,73.23,73.25,186
1782241500,73.26,73.33,73.25,73.27,185
1782241800,73.28,73.29,73.24,73.24,191
1782242100,73.24,73.3,73.23,73.3,134
1782242400,73.3,73.39,73.27,73.38,215
1782242700,73.39,73.42,73.33,73.36,218
1782243000,73.37,73.38,73.32,73.35,78
1782243300,73.36,73.42,73.36,73.4,160
1782243600,73.41,73.42,73.35,73.37,117
1782243900,73.37,73.4,73.34,73.37,286
1782244200,73.37,73.38,73.31,73.32,137
1782244500,73.33,73.34,73.27,73.32,246
1782244800,73.32,73.38,73.3,73.35,89
1782245100,73.35,73.48,73.34,73.47,196
1782245400,73.48,73.51,73.32,73.35,372
1782245700,73.35,73.37,73.34,73.36,47
1782246000,73.37,73.42,73.36,73.38,99
1782246300,73.37,73.37,73.29,73.31,77
1782246600,73.3,73.35,73.25,73.27,82
1782246900,73.29,73.32,73.23,73.25,122
1782247200,73.23,73.25,73.16,73.16,133
1782247500,73.16,73.18,73.09,73.12,308
1782247800,73.11,73.11,73.02,73.08,229
1782248100,73.07,73.1,73.02,73.05,254
1782252000,73.13,73.18,73.09,73.15,96
1782252300,73.13,73.14,73.05,73.13,122
1782252600,73.12,73.13,73.09,73.1,23
1782252900,73.1,73.14,73.09,73.14,16
1782253200,73.11,73.12,73.1,73.12,19
1782253500,73.13,73.13,73.12,73.13,4
1782253800,73.12,73.13,73.11,73.13,9
1782254100,73.13,73.13,73.04,73.04,38
1782254400,73.03,73.04,73,73.04,52
1782254700,73.02,73.04,72.88,72.95,89
1782255000,72.94,72.97,72.92,72.93,52
1782255300,72.91,72.97,72.91,72.95,31
1782255600,72.96,72.97,72.92,72.94,80
1782255900,72.92,72.94,72.85,72.88,90
1782256200,72.87,72.92,72.86,72.91,61
1782256500,72.91,72.91,72.86,72.9,40
1782256800,72.91,72.95,72.86,72.87,57
1782257100,72.87,72.88,72.85,72.88,37
1782257400,72.88,72.89,72.87,72.89,22
1782257700,72.88,72.88,72.71,72.76,374
1782258000,72.75,72.76,72.67,72.75,151
1782258300,72.76,72.78,72.73,72.73,30
1782258600,72.72,72.74,72.67,72.67,99
1782258900,72.68,72.71,72.63,72.69,116
1782259200,72.7,72.85,72.67,72.81,399
1782259500,72.8,72.85,72.66,72.82,384
1782259800,72.81,72.87,72.8,72.82,71
1782260100,72.82,72.92,72.79,72.88,122
1782260400,72.91,72.95,72.91,72.94,68
1782260700,72.93,72.96,72.88,72.89,93
1782261000,72.88,72.89,72.8,72.82,89
1782261300,72.81,72.81,72.75,72.78,86
1782261600,72.79,72.86,72.79,72.84,42
1782261900,72.84,72.86,72.77,72.78,82
1782262200,72.79,72.8,72.75,72.79,95
1782262500,72.78,72.89,72.78,72.82,80
1782262800,72.82,72.87,72.55,72.56,547
1782263100,72.55,72.56,72.34,72.44,923
1782263400,72.45,72.56,72.43,72.48,157
1782263700,72.48,72.75,72.48,72.73,266
1782264000,72.72,72.94,72.71,72.92,408
1782264300,72.91,73.02,72.87,73.02,331
1782264600,73.01,73.04,72.91,72.95,214
1782264900,72.96,73.07,72.92,72.92,144
1782265200,72.91,72.95,72.82,72.9,247
1782265500,72.89,72.96,72.79,72.82,111
1782265800,72.81,72.83,72.67,72.69,186
1782266100,72.69,72.72,72.59,72.67,264
1782266400,72.68,72.82,72.66,72.71,171
1782266700,72.7,72.91,72.7,72.86,194
1782267000,72.86,72.86,72.79,72.82,76
1782267300,72.82,72.88,72.8,72.84,75
1782267600,72.81,72.82,72.78,72.81,39
1782267900,72.78,72.82,72.75,72.76,16
1782268200,72.75,72.75,72.56,72.57,266
1782268500,72.56,72.57,72.38,72.52,533
1782268800,72.52,72.64,72.45,72.51,457
1782269100,72.53,72.59,72.36,72.38,165
1782269400,72.38,72.38,72.18,72.19,465
1782269700,72.19,72.23,72.16,72.17,212
1782270000,72.19,72.24,72.07,72.18,489
1782270300,72.18,72.39,72.18,72.32,279
1782270600,72.32,72.44,72.32,72.42,137
1782270900,72.42,72.43,72.36,72.4,77
1782271200,72.38,72.41,72.31,72.41,86
1782271500,72.41,72.43,72.37,72.38,101
1782271800,72.38,72.45,72.35,72.35,125
1782272100,72.35,72.4,72.33,72.36,102
1782272400,72.37,72.4,72.34,72.4,58
1782272700,72.39,72.43,72.39,72.43,64
1782273000,72.43,72.48,72.43,72.45,55
1782273300,72.44,72.44,72.4,72.43,30
1782273600,72.43,72.59,72.42,72.52,135
1782273900,72.52,72.59,72.52,72.57,51
1782274200,72.58,72.62,72.54,72.59,83
1782274500,72.6,72.72,72.57,72.7,194
1782274800,72.7,72.77,72.7,72.7,139
1782275100,72.7,72.71,72.67,72.68,57
1782275400,72.67,72.67,72.62,72.62,46
1782275700,72.62,72.7,72.61,72.69,26
1782276000,72.7,72.71,72.66,72.66,26
1782276300,72.66,72.67,72.63,72.64,22
1782276600,72.63,72.63,72.61,72.61,20
1782276900,72.62,72.66,72.59,72.66,36
1782277200,72.66,72.78,72.66,72.74,112
1782277500,72.76,72.76,72.62,72.62,46
1782277800,72.63,72.65,72.59,72.62,45
1782278100,72.66,72.67,72.6,72.64,28
1782278400,72.64,72.68,72.63,72.67,21
1782278700,72.68,72.7,72.66,72.67,54
1782279000,72.67,72.73,72.62,72.73,121
1782279300,72.73,72.73,72.62,72.68,61
1782279600,72.66,72.66,72.54,72.61,117
1782279900,72.6,72.62,72.49,72.6,132
1782280200,72.59,72.59,72.44,72.46,110
1782280500,72.46,72.52,72.43,72.5,75
1782280800,72.5,73.05,72.49,72.94,644
1782281100,72.93,73.17,72.91,73.01,722
1782281400,73.01,73.05,72.81,72.84,560
1782281700,72.83,72.84,72.69,72.74,256
1782282000,72.72,72.73,72.6,72.64,179
1782282300,72.65,72.71,72.53,72.66,279
1782282600,72.66,72.67,72.51,72.54,239
1782282900,72.54,72.63,72.46,72.58,345
1782283200,72.59,72.62,72.5,72.61,240
1782283500,72.62,72.66,72.52,72.56,204
1782283800,72.56,72.61,72.49,72.58,137
1782284100,72.6,72.67,72.58,72.61,207
1782284400,72.6,72.62,72.41,72.44,326
1782284700,72.43,72.45,72.17,72.2,650
1782285000,72.2,72.33,72.12,72.3,573
1782285300,72.3,72.39,72.28,72.39,189
1782285600,72.36,72.4,72.09,72.13,432
1782285900,72.15,72.24,72.11,72.2,341
1782286200,72.21,72.33,72.19,72.3,251
1782286500,72.29,72.35,72.27,72.31,255
1782286800,72.29,72.33,72.03,72.15,593
1782287100,72.16,72.33,72.16,72.23,224
1782287400,72.21,72.3,72.01,72.02,430
1782287700,72.01,72.09,71.92,71.96,806
1782288000,71.96,72.04,71.82,71.83,868
1782288300,71.83,71.97,71.8,71.83,552
1782288600,71.84,72.06,71.84,71.92,399
1782288900,71.92,71.99,71.8,71.9,526
1782289200,71.92,71.93,71.77,71.9,440
1782289500,71.9,71.97,71.75,71.78,992
1782289800,71.76,72.01,71.69,71.73,867
1782290100,71.75,72.04,71.7,72.04,400
1782290400,72.03,72.05,71.91,71.91,239
1782290700,71.92,71.98,71.9,71.97,289
1782291000,71.96,72.07,71.93,71.98,327
1782291300,71.98,72.13,71.95,72.04,198
1782291600,72.06,72.09,71.83,71.93,645
1782291900,71.92,71.94,71.76,71.8,536
1782292200,71.81,71.84,71.63,71.72,640
1782292500,71.72,71.83,71.63,71.64,397
1782292800,71.64,71.75,71.61,71.67,349
1782293100,71.68,71.74,71.55,71.71,514
1782293400,71.71,71.89,71.69,71.88,380
1782293700,71.89,71.95,71.79,71.87,291
1782294000,71.9,71.9,71.8,71.88,176
1782294300,71.88,72.11,71.8,72.05,406
1782294600,72.03,72.1,71.95,72.06,445
1782294900,72.05,72.14,71.97,71.99,464
1782295200,72,72.28,72,72.25,410
1782295500,72.24,72.24,72.06,72.1,195
1782295800,72.09,72.14,71.89,71.93,285
1782296100,71.94,71.99,71.87,71.95,274
1782296400,71.93,72.2,71.93,72.15,222
1782296700,72.14,72.17,72.01,72.01,221
1782297000,72,72.15,71.96,72.07,228
1782297300,72.1,72.13,71.75,71.78,392
1782297600,71.77,71.93,71.72,71.76,473
1782297900,71.76,71.85,71.74,71.82,261
1782298200,71.82,71.85,71.72,71.85,151
1782298500,71.84,71.84,71.73,71.82,165
1782298800,71.83,71.84,71.7,71.81,241
1782299100,71.8,71.87,71.78,71.87,154
1782299400,71.88,71.89,71.77,71.84,231
1782299700,71.83,71.87,71.8,71.84,132
1782300000,71.85,71.86,71.61,71.62,563
1782300300,71.61,71.68,71.39,71.47,1041
1782300600,71.45,71.74,71.38,71.7,851
1782300900,71.7,71.71,71.43,71.45,691
1782301200,71.44,71.51,71.38,71.45,470
1782301500,71.44,71.45,70.98,71.05,1689
1782301800,71.04,71.16,70.95,71.04,1712
1782302100,71.05,71.18,70.92,70.94,1090
1782302400,70.95,71.11,70.91,71,1014
1782302700,71.02,71.11,70.96,71.06,466
1782303000,71.05,71.13,71.02,71.12,478
1782303300,71.12,71.16,70.84,70.89,1261
1782303600,70.9,71.09,70.84,71.07,854
1782303900,71.05,71.11,71.01,71.11,532
1782304200,71.09,71.16,70.99,71.1,538
1782304500,71.09,71.09,70.93,71.02,677
1782304800,71.02,71.14,71,71.03,331
1782305100,71.02,71.15,71.01,71.1,463
1782305400,71.1,71.21,71.06,71.14,660
1782305700,71.13,71.14,71.03,71.03,638
1782306000,71.04,71.07,70.37,70.6,4099
1782306300,70.58,70.61,70.36,70.45,2038
1782306600,70.46,70.54,70.41,70.51,1455
1782306900,70.51,70.51,70.13,70.15,2623
1782307200,70.16,70.25,70.08,70.16,2359
1782307500,70.16,70.23,70.02,70.05,2060
1782307800,70.05,70.15,69.84,70.02,5007
1782308100,70.03,70.21,70,70.08,2496
1782308400,70.07,70.11,69.88,70.02,1436
1782308700,70.01,70.28,69.99,70.1,1758
1782309000,70.09,70.13,69.95,69.97,1778
1782309300,69.96,70.07,69.67,69.77,2073
1782309600,69.76,69.91,69.71,69.73,1610
1782309900,69.73,69.83,69.63,69.76,1601
1782310200,69.75,70.1,69.75,69.99,2169
1782310500,69.98,70.15,69.98,70.05,1106
1782310800,70.05,70.33,70.04,70.24,1684
1782311100,70.24,70.38,70.11,70.17,1198
1782311400,70.19,70.25,70.06,70.17,1174
1782311700,70.15,70.22,70.08,70.12,808
1782312000,70.11,70.14,69.98,69.98,1018
1782312300,69.98,70.04,69.83,69.83,1039
1782312600,69.83,69.91,69.72,69.91,1115
1782312900,69.91,70.03,69.83,69.87,857
1782313200,69.87,69.94,69.77,69.78,899
1782313500,69.78,69.86,69.68,69.75,1145
1782313800,69.76,69.88,69.74,69.75,582
1782314100,69.75,69.89,69.72,69.8,724
1782314400,69.8,70,69.8,69.93,1386
1782314700,69.92,70.07,69.88,70.02,2128
1782315000,70.01,70.22,69.9,70.16,1487
1782315300,70.16,70.45,70.11,70.42,1437
1782315600,70.4,70.5,70.27,70.29,1077
1782315900,70.3,70.58,70.3,70.4,1901
1782316200,70.39,70.5,70.28,70.4,1088
1782316500,70.4,70.51,70.37,70.49,1079
1782316800,70.49,70.59,70.41,70.43,1254
1782317100,70.43,70.44,70.28,70.42,900
1782317400,70.41,70.46,70.33,70.39,494
1782317700,70.39,70.63,70.37,70.55,968
1782318000,70.56,70.71,70.56,70.69,770
1782318300,70.7,70.7,70.57,70.64,503
1782318600,70.63,70.69,70.6,70.69,519
1782318900,70.68,70.8,70.67,70.74,820
1782319200,70.74,70.96,70.64,70.66,1422
1782319500,70.66,70.72,70.54,70.58,728
1782319800,70.58,70.65,70.51,70.53,545
1782320100,70.53,70.59,70.45,70.52,726
1782320400,70.53,70.63,70.49,70.62,696
1782320700,70.62,70.66,70.46,70.58,504
1782321000,70.57,70.59,70.42,70.42,524
1782321300,70.43,70.45,70.26,70.32,1111
1782321600,70.32,70.35,70.18,70.2,846
1782321900,70.2,70.28,70.14,70.22,1014
1782322200,70.21,70.32,70.05,70.05,1110
1782322500,70.07,70.31,70.05,70.19,1039
1782322800,70.19,70.5,70.19,70.43,941
1782323100,70.42,70.48,70.34,70.44,534
1782323400,70.44,70.51,70.41,70.43,530
1782323700,70.43,70.51,70.42,70.48,478
1782324000,70.48,70.52,70.36,70.38,618
1782324300,70.38,70.44,70.3,70.31,642
1782324600,70.3,70.46,70.16,70.33,1703
1782324900,70.33,70.39,70.2,70.24,1087
1782325200,70.26,70.43,70.24,70.29,983
1782325500,70.3,70.44,70.12,70.42,6034
1782325800,70.42,70.44,70.2,70.23,1329
1782326100,70.23,70.24,70.08,70.12,943
1782326400,70.12,70.26,70.09,70.19,647
1782326700,70.19,70.2,70.05,70.05,522
1782327000,70.05,70.07,69.97,69.99,553
1782327300,69.99,70,69.91,69.95,667
1782327600,69.95,69.98,69.9,69.94,432
1782327900,69.94,70.01,69.9,69.93,334
1782328200,69.94,69.99,69.91,69.98,166
1782328500,69.98,70.01,69.93,69.94,223
1782328800,69.94,70.05,69.91,70.03,478
1782329100,70.03,70.1,70.02,70.08,305
1782329400,70.09,70.1,69.97,69.97,387
1782329700,69.97,70.05,69.96,70.04,319
1782330000,70.03,70.13,70.02,70.13,377
1782330300,70.12,70.12,70.05,70.05,253
1782330600,70.05,70.09,70.01,70.07,442
1782330900,70.08,70.09,70,70.04,378
1782331200,70.04,70.04,69.96,69.98,280
1782331500,69.97,69.99,69.88,69.89,341
1782331800,69.89,69.9,69.78,69.79,352
1782332100,69.8,69.81,69.77,69.78,99
1782332400,69.79,69.87,69.76,69.84,162
1782332700,69.83,69.87,69.81,69.86,139
1782333000,69.87,69.89,69.8,69.81,222
1782333300,69.82,69.87,69.82,69.85,83
1782333600,69.85,69.9,69.83,69.89,131
1782333900,69.89,69.89,69.84,69.89,131
1782334200,69.9,69.9,69.79,69.85,244
1782334500,69.82,69.89,69.82,69.87,155
1782338400,69.95,70.03,69.66,69.83,340
1782338700,69.81,69.86,69.76,69.85,47
1782339000,69.83,69.87,69.8,69.86,24
1782339300,69.87,69.89,69.85,69.85,33
1782339600,69.88,69.89,69.85,69.86,28
1782339900,69.85,69.86,69.83,69.84,36
1782340200,69.83,69.86,69.83,69.83,19
1782340500,69.83,69.84,69.79,69.8,51
1782340800,69.81,69.94,69.79,69.9,73
1782341100,69.9,69.9,69.86,69.89,18
1782341400,69.87,69.88,69.84,69.86,30
1782341700,69.86,69.9,69.84,69.88,23
1782342000,69.87,69.94,69.86,69.91,34
1782342300,69.93,69.93,69.89,69.9,80
1782342600,69.89,69.89,69.87,69.89,17
1782342900,69.87,69.88,69.87,69.87,4
1782343200,69.88,69.89,69.86,69.89,16
1782343500,69.89,69.98,69.89,69.95,42
1782343800,69.96,70,69.96,69.97,24
1782344100,69.96,69.97,69.91,69.92,49
1782344400,69.94,69.94,69.89,69.89,25
1782344700,69.9,69.99,69.9,69.95,86
1782345000,69.98,69.99,69.96,69.97,10
1782345300,69.98,70.02,69.97,70,84
1782345600,70,70.08,69.95,70.06,319
1782345900,70.06,70.07,69.96,70.07,175
1782346200,70.07,70.12,70.02,70.1,112
1782346500,70.12,70.15,70.07,70.09,97
1782346800,70.1,70.1,70.02,70.06,66
1782347100,70.06,70.12,70.06,70.12,42
1782347400,70.1,70.21,70.1,70.2,126
1782347700,70.2,70.21,70.13,70.15,51
1782348000,70.14,70.16,70.12,70.12,88
1782348300,70.1,70.1,70.03,70.03,152
1782348600,70.01,70.03,69.94,69.99,182
1782348900,70,70.05,69.98,69.98,88
1782349200,70,70.07,69.57,69.69,1160
1782349500,69.69,69.84,69.52,69.54,590
1782349800,69.53,69.6,69.33,69.47,801
1782350100,69.46,69.83,69.46,69.81,310
1782350400,69.81,69.81,69.49,69.52,292
1782350700,69.51,69.53,69.42,69.43,204
1782351000,69.41,69.41,69.29,69.36,235
1782351300,69.36,69.36,69.21,69.27,276
1782351600,69.28,69.45,69.2,69.23,355
1782351900,69.23,69.36,69.21,69.28,102
1782352200,69.29,69.29,69.11,69.21,245
1782352500,69.21,69.36,69.14,69.34,147
1782352800,69.34,69.38,69.17,69.18,204
1782353100,69.18,69.24,69.05,69.19,403
1782353400,69.17,69.2,69.06,69.2,96
1782353700,69.2,69.27,69.19,69.23,226
1782354000,69.23,69.27,69.11,69.16,213
1782354300,69.18,69.21,69.15,69.16,85
1782354600,69.16,69.22,69.14,69.18,98
1782354900,69.18,69.36,69.12,69.33,183
1782355200,69.32,69.42,69.24,69.37,318
1782355500,69.39,69.5,69.39,69.43,140
1782355800,69.41,69.45,69.37,69.41,95
1782356100,69.41,69.43,69.33,69.37,101
1782356400,69.4,69.42,69.16,69.18,236
1782356700,69.2,69.2,69.06,69.15,222
1782357000,69.12,69.17,69.09,69.17,199
1782357300,69.18,69.39,69.09,69.1,637
1782357600,69.11,69.17,69.07,69.14,183
1782357900,69.14,69.24,69.1,69.18,165
1782358200,69.16,69.32,69.16,69.28,144
1782358500,69.28,69.33,69.25,69.25,83
1782358800,69.24,69.26,69.22,69.25,49
1782359100,69.25,69.28,69.24,69.25,30
1782359400,69.24,69.33,69.23,69.3,67
1782359700,69.31,69.33,69.29,69.33,50
1782360000,69.32,69.42,69.26,69.42,172
1782360300,69.4,69.43,69.31,69.32,106
1782360600,69.34,69.38,69.32,69.33,68
1782360900,69.34,69.35,69.31,69.33,37
1782361200,69.33,69.37,69.33,69.37,28
1782361500,69.36,69.42,69.35,69.36,64
1782361800,69.36,69.46,69.33,69.45,71
1782362100,69.45,69.51,69.42,69.48,156
1782362400,69.49,69.5,69.42,69.42,73
1782362700,69.42,69.48,69.42,69.47,37
1782363000,69.46,69.47,69.43,69.45,42
1782363300,69.46,69.56,69.46,69.49,158
1782363600,69.49,69.49,69.43,69.46,80
1782363900,69.46,69.47,69.38,69.39,71
1782364200,69.39,69.48,69.36,69.48,92
1782364500,69.48,69.51,69.43,69.44,68
1782364800,69.44,69.48,69.43,69.48,83
1782365100,69.48,69.51,69.44,69.49,95
1782365400,69.49,69.61,69.42,69.42,384
1782365700,69.41,69.54,69.4,69.53,136
1782366000,69.54,69.57,69.37,69.37,116
1782366300,69.39,69.45,69.33,69.35,114
1782366600,69.35,69.39,69.32,69.37,73
1782366900,69.37,69.42,69.21,69.38,448
1782367200,69.36,69.4,69.24,69.29,290
1782367500,69.3,69.44,69.3,69.42,174
1782367800,69.41,69.64,69.39,69.63,173
1782368100,69.63,69.67,69.45,69.46,298
1782368400,69.46,69.72,69.46,69.7,332
1782368700,69.69,69.76,69.64,69.73,314
1782369000,69.74,69.82,69.64,69.64,423
1782369300,69.64,69.68,69.52,69.59,364
1782369600,69.62,69.65,69.48,69.49,162
1782369900,69.48,69.55,69.41,69.52,201
1782370200,69.51,69.59,69.51,69.53,104
1782370500,69.54,69.66,69.46,69.59,196
1782370800,69.57,69.63,69.42,69.58,366
1782371100,69.56,69.73,69.56,69.71,214
1782371400,69.7,69.9,69.69,69.88,320
1782371700,69.86,70.01,69.85,69.96,562
1782372000,69.96,69.99,69.71,69.82,688
1782372300,69.82,69.86,69.66,69.7,304
1782372600,69.71,69.76,69.62,69.65,264
1782372900,69.65,69.8,69.61,69.65,419
1782373200,69.65,69.73,69.58,69.71,299
1782373500,69.7,69.87,69.69,69.87,469
1782373800,69.86,70.06,69.82,70.04,807
1782374100,70.03,70.06,69.9,69.97,580
1782374400,69.96,70.06,69.84,69.85,544
1782374700,69.84,69.89,69.71,69.86,361
1782375000,69.85,69.97,69.67,69.93,466
1782375300,69.93,69.95,69.64,69.67,445
1782375600,69.67,69.74,69.55,69.69,761
1782375900,69.69,69.77,69.43,69.5,1090
1782376200,69.49,69.7,69.34,69.36,880
1782376500,69.38,69.38,69.05,69.07,981
1782376800,69.06,69.32,69.04,69.25,492
1782377100,69.25,69.45,69.23,69.3,466
1782377400,69.31,69.35,69.18,69.2,367
1782377700,69.2,69.33,69.16,69.21,337
1782378000,69.21,69.36,69.16,69.34,502
1782378300,69.33,69.4,69.22,69.28,367
1782378600,69.27,69.32,68.9,69.05,1039
1782378900,69.07,69.61,68.92,69.57,783
1782379200,69.57,69.65,69.36,69.36,654
1782379500,69.36,69.51,69.28,69.38,455
1782379800,69.38,69.55,69.34,69.55,292
1782380100,69.53,69.59,69.45,69.51,215
1782380400,69.52,69.6,69.45,69.48,402
1782380700,69.47,69.54,69.42,69.45,327
1782381000,69.44,69.51,69.44,69.47,204
1782381300,69.49,69.6,69.4,69.58,343
1782381600,69.57,69.66,69.53,69.58,238
1782381900,69.58,69.64,69.47,69.52,264
1782382200,69.51,69.59,69.5,69.59,124
1782382500,69.6,69.63,69.56,69.58,91
1782382800,69.58,69.62,69.43,69.52,341
1782383100,69.52,69.59,69.47,69.53,292
1782383400,69.52,69.57,69.49,69.51,180
1782383700,69.5,69.56,69.48,69.51,150
1782384000,69.51,69.6,69.5,69.59,294
1782384300,69.59,69.68,69.54,69.6,391
1782384600,69.61,69.65,69.54,69.61,194
1782384900,69.6,69.61,69.37,69.42,285
1782385200,69.4,69.5,69.32,69.33,435
1782385500,69.31,69.4,69.27,69.37,387
1782385800,69.37,69.45,69.35,69.45,218
1782386100,69.45,69.57,69.45,69.5,391
1782386400,69.51,69.57,69.46,69.55,176
1782386700,69.55,69.7,69.51,69.7,820
1782387000,69.69,69.85,69.69,69.84,546
1782387300,69.83,69.84,69.69,69.69,507
1782387600,69.69,69.81,69.66,69.77,220
1782387900,69.78,69.9,69.78,69.9,375
1782388200,69.91,69.95,69.71,69.76,398
1782388500,69.77,69.82,69.76,69.81,319
1782388800,69.8,69.83,69.69,69.73,402
1782389100,69.72,69.8,69.7,69.75,472
1782389400,69.75,69.82,69.61,69.65,893
1782389700,69.66,69.83,69.59,69.82,642
1782390000,69.82,69.86,69.77,69.81,525
1782390300,69.82,69.94,69.8,69.92,536
1782390600,69.92,69.95,69.78,69.79,910
1782390900,69.78,69.83,69.5,69.54,783
1782391200,69.54,69.59,69.36,69.47,626
1782391500,69.47,69.56,69.32,69.55,1012
1782391800,69.55,69.68,69.52,69.61,660
1782392100,69.61,69.7,69.53,69.55,878
1782392400,69.54,69.68,69.45,69.66,1098
1782392700,69.66,69.85,69.63,69.79,1440
1782393000,69.78,70.07,69.78,70.05,1710
1782393300,70.04,70.19,70.02,70.16,1501
1782393600,70.17,70.18,69.98,70.01,913
1782393900,70.01,70.15,69.87,69.88,734
1782394200,69.88,69.94,69.75,69.77,1115
1782394500,69.79,69.97,69.79,69.9,773
1782394800,69.9,70.03,69.87,70.03,643
1782395100,70.03,70.15,69.95,70.11,763
1782395400,70.12,70.3,70.07,70.22,1266
1782395700,70.22,70.48,70.17,70.46,1520
1782396000,70.44,70.64,70.38,70.44,2202
1782396300,70.44,70.57,70.35,70.45,1975
1782396600,70.44,70.66,70.43,70.59,901
1782396900,70.57,70.7,70.4,70.7,853
1782397200,70.69,70.86,70.67,70.85,1221
1782397500,70.84,70.98,70.84,70.95,1227
1782397800,70.94,70.96,70.74,70.84,1100
1782398100,70.84,70.89,70.61,70.71,1549
1782398400,70.69,70.88,70.62,70.86,1486
1782398700,70.85,70.85,70.6,70.7,1003
1782399000,70.71,70.72,70.54,70.66,844
1782399300,70.65,70.84,70.59,70.81,1188
1782399600,70.82,71.08,70.77,71.06,1793
1782399900,71.05,71.61,71.01,71.36,4241
1782400200,71.37,71.71,71.3,71.57,2557
1782400500,71.59,71.76,71.58,71.61,1369
1782400800,71.62,71.65,71.49,71.61,1213
1782401100,71.62,71.7,71.34,71.35,2080
1782401400,71.34,71.43,71.26,71.31,1937
1782401700,71.3,71.41,71.21,71.31,1021
1782402000,71.32,71.47,71.31,71.36,946
1782402300,71.36,71.44,71.24,71.37,1016
1782402600,71.38,71.45,71.35,71.42,696
1782402900,71.42,71.53,71.4,71.43,627
1782403200,71.45,71.6,71.45,71.54,964
1782403500,71.54,71.6,71.47,71.59,552
1782403800,71.58,71.69,71.55,71.64,775
1782404100,71.64,71.64,71.51,71.63,569
1782404400,71.63,71.69,71.61,71.63,536
1782404700,71.64,71.67,71.58,71.61,514
1782405000,71.6,71.68,71.49,71.59,579
1782405300,71.59,71.61,71.44,71.48,690
1782405600,71.48,71.51,71.44,71.47,736
1782405900,71.48,71.56,71.44,71.44,650
1782406200,71.44,71.54,71.41,71.44,674
1782406500,71.44,71.58,71.44,71.55,617
1782406800,71.55,71.63,71.54,71.58,498
1782407100,71.58,71.62,71.43,71.45,583
1782407400,71.45,71.56,71.29,71.55,883
1782407700,71.54,71.73,71.53,71.71,870
1782408000,71.71,71.84,71.64,71.68,1045
1782408300,71.67,71.68,71.47,71.52,883
1782408600,71.51,71.64,71.49,71.51,633
1782408900,71.52,71.6,71.43,71.57,628
1782409200,71.57,71.64,71.55,71.56,298
1782409500,71.56,71.58,71.52,71.54,316
1782409800,71.54,71.64,71.48,71.6,734
1782410100,71.6,71.79,71.6,71.78,1234
1782410400,71.79,72.09,71.79,71.95,2110
1782410700,71.95,71.95,71.78,71.88,876
1782411000,71.87,71.94,71.77,71.91,911
1782411300,71.91,71.93,71.74,71.78,773
1782411600,71.77,71.88,71.73,71.83,951
1782411900,71.84,71.99,71.78,71.96,4876
1782412200,71.96,72.23,71.96,72.15,2255
1782412500,72.15,72.18,71.96,72.02,1209
1782412800,72,72.09,71.97,72.03,394
1782413100,72.04,72.14,72.02,72.12,370
1782413400,72.13,72.16,72.06,72.13,485
1782413700,72.13,72.14,72.04,72.13,791
1782414000,72.14,72.26,72.12,72.24,387
1782414300,72.25,72.27,72.2,72.23,290
1782414600,72.23,72.36,72.22,72.33,406
1782414900,72.33,72.5,72.33,72.48,742
1782415200,72.47,72.48,72.27,72.28,610
1782415500,72.28,72.34,72.26,72.3,247
1782415800,72.3,72.31,72.12,72.13,651
1782416100,72.13,72.16,72.08,72.09,253
1782416400,72.08,72.15,72.06,72.1,359
1782416700,72.11,72.13,71.93,71.97,447
1782417000,71.98,72.02,71.9,71.95,777
1782417300,71.95,72.06,71.92,72.03,476
1782417600,72.03,72.18,71.98,71.99,252
1782417900,71.99,72.12,71.95,72.1,148
1782418200,72.1,72.12,72.05,72.05,70
1782418500,72.04,72.05,71.94,71.95,79
1782418800,71.96,71.97,71.88,71.9,91
1782419100,71.91,71.95,71.77,71.78,239
1782419400,71.78,71.81,71.71,71.74,235
1782419700,71.74,71.74,71.59,71.7,601
1782420000,71.69,71.72,71.62,71.64,177
1782420300,71.62,71.62,71.43,71.46,295
1782420600,71.47,71.47,71.38,71.43,330
1782420900,71.42,71.47,71.38,71.47,247
1782424800,71.44,71.61,71.39,71.45,177
1782425100,71.42,71.49,71.42,71.45,44
1782425400,71.47,71.58,71.42,71.44,127
1782425700,71.44,71.46,71.41,71.44,24
1782426000,71.45,71.49,71.45,71.46,79
1782426300,71.46,71.46,71.27,71.36,233
1782426600,71.33,71.46,71.33,71.46,64
1782426900,71.46,71.46,71.43,71.43,24
1782427200,71.45,71.49,71.44,71.49,8
1782427500,71.45,71.47,71.45,71.45,9
1782427800,71.46,71.47,71.45,71.47,16
1782428100,71.47,71.51,71.47,71.5,26
1782428400,71.52,71.52,71.43,71.46,135
1782428700,71.46,71.48,71.44,71.47,37
1782429000,71.47,71.47,71.46,71.46,10
1782429300,71.47,71.52,71.46,71.51,25
1782429600,71.51,71.56,71.48,71.51,96
1782429900,71.5,71.54,71.47,71.5,34
1782430200,71.49,71.53,71.49,71.52,11
1782430500,71.49,71.51,71.46,71.49,35
1782430800,71.48,71.5,71.48,71.49,12
1782431100,71.5,71.56,71.5,71.51,66
1782431400,71.5,71.52,71.5,71.52,24
1782431700,71.53,71.56,71.52,71.52,31
1782432000,71.53,71.58,71.43,71.46,250
1782432300,71.45,71.6,71.45,71.57,105
1782432600,71.57,71.66,71.57,71.61,155
1782432900,71.6,71.77,71.58,71.61,259
1782433200,71.62,71.69,71.61,71.69,97
1782433500,71.68,71.86,71.68,71.71,372
1782433800,71.71,71.74,71.68,71.7,75
1782434100,71.69,71.7,71.61,71.66,74
1782434400,71.65,71.65,71.55,71.59,75
1782434700,71.58,71.62,71.58,71.6,52
1782435000,71.61,71.78,71.61,71.78,61
1782435300,71.79,71.82,71.76,71.8,76
1782435600,71.81,71.84,71.58,71.65,519
1782435900,71.66,71.68,71.52,71.66,312
1782436200,71.66,71.66,71.5,71.51,216
1782436500,71.5,71.56,71.47,71.53,134
1782436800,71.53,71.64,71.45,71.63,92
1782437100,71.61,71.68,71.57,71.57,174
1782437400,71.56,71.58,71.44,71.45,153
1782437700,71.43,71.49,71.43,71.47,100
1782438000,71.47,71.48,71.41,71.43,112
1782438300,71.44,71.44,71.3,71.33,234
1782438600,71.34,71.36,71.21,71.3,252
1782438900,71.28,71.33,71.21,71.24,207
1782439200,71.24,71.29,71.22,71.25,117
1782439500,71.22,71.24,71.17,71.18,134
1782439800,71.17,71.26,71.14,71.25,199
1782440100,71.27,71.27,71.16,71.23,133
1782440400,71.24,71.28,71.2,71.21,63
1782440700,71.24,71.26,71.13,71.2,207
1782441000,71.18,71.18,71.06,71.07,222
1782441300,71.07,71.12,71.03,71.06,194
1782441600,71.07,71.13,71.06,71.13,108
1782441900,71.12,71.12,70.98,71.02,507
1782442200,71.01,71.01,70.9,70.93,259
1782442500,70.95,70.96,70.79,70.82,225
1782442800,70.81,70.82,70.73,70.76,280
1782443100,70.75,70.79,70.64,70.69,295
1782443400,70.68,70.7,70.6,70.69,134
1782443700,70.7,70.7,70.6,70.63,101
1782444000,70.62,70.65,70.53,70.54,182
1782444300,70.55,70.71,70.53,70.68,287
1782444600,70.69,70.75,70.68,70.71,179
1782444900,70.7,70.71,70.58,70.6,103
1782445200,70.59,70.62,70.57,70.57,52
1782445500,70.57,70.57,70.51,70.53,76
1782445800,70.52,70.54,70.48,70.51,72
1782446100,70.52,70.6,70.5,70.59,120
1782446400,70.6,70.65,70.56,70.6,128
1782446700,70.6,70.6,70.42,70.53,276
1782447000,70.53,70.53,70.5,70.52,77
1782447300,70.53,70.54,70.43,70.48,128
1782447600,70.48,70.54,70.46,70.53,66
1782447900,70.51,70.51,70.45,70.46,96
1782448200,70.49,70.53,70.47,70.49,64
1782448500,70.49,70.5,70.41,70.44,126
1782448800,70.44,70.47,70.42,70.45,47
1782449100,70.45,70.45,70.4,70.45,62
1782449400,70.45,70.49,70.44,70.47,54
1782449700,70.47,70.48,70.39,70.41,82
1782450000,70.4,70.44,70.39,70.43,86
1782450300,70.44,70.44,70.34,70.37,236
1782450600,70.38,70.43,70.36,70.41,85
1782450900,70.41,70.45,70.38,70.42,60
1782451200,70.41,70.46,70.4,70.42,83
1782451500,70.42,70.51,70.41,70.48,108
1782451800,70.47,70.68,70.39,70.67,304
1782452100,70.67,70.77,70.63,70.75,251
1782452400,70.74,70.75,70.64,70.71,166
1782452700,70.71,70.86,70.67,70.81,263
1782453000,70.83,70.94,70.82,70.82,276
1782453300,70.81,70.89,70.81,70.88,184
1782453600,70.88,70.91,70.69,70.73,168
1782453900,70.74,70.78,70.68,70.68,224
1782454200,70.68,70.69,70.63,70.64,190
1782454500,70.66,70.77,70.64,70.69,144
1782454800,70.69,70.72,70.64,70.7,146
1782455100,70.68,70.75,70.66,70.67,199
1782455400,70.67,70.67,70.55,70.6,317
1782455700,70.59,70.64,70.5,70.52,188
1782456000,70.54,70.58,70.49,70.57,256
1782456300,70.57,70.62,70.41,70.45,238
1782456600,70.45,70.49,70.34,70.49,218
1782456900,70.48,70.59,70.46,70.49,165
1782457200,70.48,70.53,70.34,70.43,302
1782457500,70.43,70.47,70.36,70.46,307
1782457800,70.44,70.5,70.29,70.32,472
1782458100,70.31,70.37,70.23,70.25,414
1782458400,70.25,70.31,70.21,70.28,368
1782458700,70.28,70.39,70.21,70.21,362
1782459000,70.2,70.33,70.16,70.31,320
1782459300,70.31,70.4,70.18,70.19,294
1782459600,70.2,70.26,70.09,70.15,306
1782459900,70.14,70.14,70.05,70.06,253
1782460200,70.04,70.13,69.94,70,729
1782460500,70,70.04,69.82,69.87,452
1782460800,69.88,69.9,69.76,69.82,705
1782461100,69.82,69.94,69.73,69.81,515
1782461400,69.81,70.16,69.8,70.13,569
1782461700,70.12,70.17,69.96,69.98,277
1782462000,69.98,69.98,69.64,69.65,758
1782462300,69.65,69.68,69.03,69.11,2895
1782462600,69.13,69.4,68.98,69.36,1725
1782462900,69.35,69.48,69.33,69.36,902
1782463200,69.35,69.46,69.33,69.43,467
1782463500,69.43,69.48,69.35,69.48,367
1782463800,69.46,69.48,69.37,69.41,248
1782464100,69.41,69.48,69.26,69.29,367
1782464400,69.29,69.5,69.23,69.45,468
1782464700,69.46,69.51,69.38,69.47,176
1782465000,69.44,69.5,69.43,69.45,131
1782465300,69.44,69.51,69.32,69.35,649
1782465600,69.37,69.43,69.3,69.3,301
1782465900,69.3,69.39,69.21,69.35,402
1782466200,69.34,69.5,69.3,69.43,380
1782466500,69.43,69.44,69.31,69.32,135
1782466800,69.32,69.39,69.27,69.32,228
1782467100,69.31,69.36,69.21,69.23,485
1782467400,69.22,69.27,69.16,69.2,686
1782467700,69.19,69.23,69.02,69.08,908
1782468000,69.07,69.22,68.96,69.16,1430
1782468300,69.15,69.15,69.03,69.13,241
1782468600,69.15,69.24,69.11,69.23,321
1782468900,69.23,69.33,69.16,69.32,396
1782469200,69.32,69.4,69.29,69.39,221
1782469500,69.4,69.42,69.28,69.3,252
1782469800,69.29,69.31,69.1,69.27,340
1782470100,69.27,69.48,69.27,69.47,511
1782470400,69.45,69.47,69.38,69.41,445
1782470700,69.4,69.56,69.37,69.53,519
1782471000,69.52,69.57,69.42,69.42,552
1782471300,69.42,69.6,69.41,69.52,375
1782471600,69.51,69.67,69.5,69.62,641
1782471900,69.63,69.75,69.54,69.7,450
1782472200,69.7,69.72,69.59,69.7,503
1782472500,69.69,69.78,69.68,69.72,392
1782472800,69.74,69.8,69.66,69.74,319
1782473100,69.73,69.77,69.6,69.72,442
1782473400,69.72,69.84,69.7,69.82,474
1782473700,69.81,69.96,69.81,69.95,548
1782474000,69.95,70.1,69.93,70.1,685
1782474300,70.09,70.21,70.07,70.21,928
1782474600,70.2,70.34,70.2,70.3,1178
1782474900,70.3,70.31,70.07,70.08,851
1782475200,70.08,70.12,69.98,69.99,662
1782475500,69.98,70.06,69.74,69.78,1354
1782475800,69.78,69.83,69.67,69.78,847
1782476100,69.78,69.83,69.63,69.83,1033
1782476400,69.83,69.91,69.75,69.76,380
1782476700,69.75,69.76,69.67,69.69,301
1782477000,69.69,69.74,69.6,69.61,497
1782477300,69.61,69.68,69.5,69.55,798
1782477600,69.54,69.62,69.46,69.51,439
1782477900,69.5,69.56,69.45,69.47,569
1782478200,69.47,69.53,69.38,69.5,823
1782478500,69.5,69.5,69.36,69.38,690
1782478800,69.38,69.8,69.33,69.72,1710
1782479100,69.72,69.81,69.59,69.64,579
1782479400,69.64,69.66,69.47,69.55,485
1782479700,69.57,70.58,69.54,70.09,4844
1782480000,70.08,70.14,69.72,69.92,4515
1782480300,69.93,69.96,69.71,69.74,1198
1782480600,69.75,69.95,69.52,69.6,2055
1782480900,69.6,69.81,69.59,69.69,1655
1782481200,69.68,69.74,69.54,69.73,773
1782481500,69.72,69.81,69.66,69.69,775
1782481800,69.7,69.71,69.3,69.34,2169
1782482100,69.34,69.43,69.18,69.4,1832
1782482400,69.4,69.52,69.15,69.21,1593
1782482700,69.22,69.28,69.15,69.18,1060
1782483000,69.18,69.33,69.15,69.31,1049
1782483300,69.3,69.32,69.09,69.19,1128
1782483600,69.2,69.3,69.17,69.19,866
1782483900,69.18,69.23,68.92,69.18,1803
1782484200,69.19,69.26,69.12,69.18,829
1782484500,69.18,69.23,69.09,69.1,643
1782484800,69.08,69.1,68.85,68.95,1623
1782485100,68.95,69.05,68.84,69.02,1503
1782485400,69.04,69.16,68.99,69.13,1632
1782485700,69.13,69.24,69.05,69.21,1380
1782486000,69.21,69.26,68.96,69.01,1327
1782486300,69.02,69.04,68.58,68.65,2362
1782486600,68.66,68.82,68.63,68.8,1184
1782486900,68.78,68.78,68.65,68.72,717
1782487200,68.72,68.76,68.56,68.59,1150
1782487500,68.59,68.89,68.58,68.75,1667
1782487800,68.75,68.8,68.65,68.78,912
1782488100,68.77,68.93,68.75,68.86,919
1782488400,68.86,69.06,68.86,69.04,1126
1782488700,69.04,69.06,68.8,68.89,1213
1782489000,68.89,69.52,68.81,69.38,5372
1782489300,69.37,69.4,69.01,69.09,1688
1782489600,69.09,69.15,68.96,69,1047
1782489900,69,69.19,69,69.15,874
1782490200,69.15,69.18,68.93,68.98,752
1782490500,68.99,69.12,68.97,69.09,712
1782490800,69.08,69.23,69.06,69.16,875
1782491100,69.16,69.2,68.95,69.01,793
1782491400,69,69.01,68.85,68.94,1409
1782491700,68.94,69.01,68.89,68.99,494
1782492000,69,69.29,68.99,69.27,1016
1782492300,69.28,69.31,69.16,69.17,833
1782492600,69.17,69.36,69.06,69.27,1362
1782492900,69.26,69.32,69.23,69.3,282
1782493200,69.31,69.33,69.13,69.15,661
1782493500,69.14,69.23,69.09,69.1,570
1782493800,69.11,69.15,69.04,69.1,390
1782494100,69.1,69.11,69.03,69.07,474
1782494400,69.06,69.13,69.05,69.12,315
1782494700,69.12,69.32,69.12,69.31,667
1782495000,69.32,69.48,69.31,69.4,881
1782495300,69.4,69.45,69.34,69.41,604
1782495600,69.42,69.52,69.34,69.35,806
1782495900,69.34,69.37,69.25,69.33,546
1782496200,69.34,69.4,69.31,69.39,397
1782496500,69.38,69.4,69.23,69.27,575
1782496800,69.27,69.31,69.22,69.26,667
1782497100,69.28,69.33,69.21,69.32,473
1782497400,69.31,69.38,69.28,69.34,606
1782497700,69.36,69.38,69.17,69.33,1230
1782498000,69.33,69.33,69.18,69.2,844
1782498300,69.2,69.28,69.11,69.24,3615
1782498600,69.24,69.25,69.09,69.14,1052
1782498900,69.14,69.2,69.1,69.19,333
1782499200,69.19,69.2,69.08,69.13,389
1782499500,69.12,69.2,69.07,69.18,560
1782499800,69.18,69.2,69.12,69.14,171
1782500100,69.14,69.14,69.07,69.12,231
1782500400,69.12,69.12,69.07,69.1,169
1782500700,69.11,69.12,69.01,69.08,401
1782501000,69.09,69.12,69.06,69.1,119
1782501300,69.09,69.19,69.02,69.18,706
1782501600,69.19,69.23,69.17,69.18,294
1782501900,69.18,69.24,69.16,69.2,227
1782502200,69.2,69.28,69.2,69.23,153
1782502500,69.23,69.35,69.22,69.33,412
1782502800,69.34,69.43,69.33,69.42,312
1782503100,69.41,69.45,69.39,69.44,226
1782503400,69.44,69.51,69.39,69.47,741
1782503700,69.47,69.62,69.44,69.51,745
1782504000,69.49,69.52,69.38,69.38,532
1782504300,69.38,69.5,69.37,69.42,401
1782504600,69.41,69.48,69.39,69.41,154
1782504900,69.4,69.45,69.4,69.43,148
1782505200,69.44,69.55,69.44,69.52,175
1782505500,69.52,69.56,69.51,69.54,77
1782505800,69.56,70.25,69.54,70.05,2420
1782506100,70.05,70.26,69.83,69.85,1412
1782506400,69.82,69.98,69.7,69.85,862
1782506700,69.82,70.03,69.8,70,349
1782507000,70,70.3,69.89,70.29,633
1782507300,70.3,70.39,70.2,70.24,519
1782684000,70.5,70.97,69.87,69.93,2710
1782684300,69.94,70.06,69.78,69.98,1210
1782684600,69.98,70.18,69.93,70.12,318
1782684900,70.14,70.36,70.08,70.36,547
1782685200,70.35,70.35,70.13,70.28,423
1782685500,70.3,70.37,70.25,70.34,141
1782685800,70.37,70.39,70.18,70.18,74
1782686100,70.19,70.2,70.15,70.18,97
1782686400,70.16,70.22,70.12,70.15,106
1782686700,70.15,70.16,70.02,70.04,142
1782687000,70.06,70.12,70.04,70.11,85
1782687300,70.1,70.12,70.02,70.04,106
1782687600,70.05,70.1,69.97,70,157
1782687900,69.99,70.06,69.99,70.05,64
1782688200,70.04,70.08,69.88,69.97,342
1782688500,69.99,70,69.85,69.93,207
1782688800,69.92,69.95,69.89,69.91,281
1782689100,69.9,69.95,69.84,69.86,59
1782689400,69.88,69.93,69.85,69.88,66
1782689700,69.9,69.9,69.83,69.85,46
1782690000,69.84,69.84,69.78,69.78,83
1782690300,69.8,69.81,69.67,69.69,221
1782690600,69.69,69.77,69.66,69.75,143
1782690900,69.75,69.81,69.71,69.76,130
1782691200,69.75,69.77,69.52,69.68,299
1782691500,69.67,69.67,69.45,69.51,312
1782691800,69.52,69.53,69.32,69.45,566
1782692100,69.46,69.57,69.43,69.55,129
1782692400,69.56,69.66,69.53,69.63,148
1782692700,69.62,69.81,69.62,69.79,247
1782693000,69.79,69.84,69.74,69.78,532
1782693300,69.79,69.9,69.79,69.87,173
1782693600,69.88,69.97,69.81,69.92,140
1782693900,69.92,70.05,69.92,70.02,168
1782694200,70,70.03,69.92,69.95,151
1782694500,69.94,69.94,69.84,69.85,157
1782694800,69.86,70.13,69.74,70.11,637
1782695100,70.12,70.2,69.91,70.17,351
1782695400,70.15,70.23,70.12,70.19,250
1782695700,70.19,70.28,70.11,70.11,348
1782696000,70.11,70.17,70.08,70.17,171
1782696300,70.16,70.26,70.11,70.13,156
1782696600,70.11,70.16,70.03,70.1,186
1782696900,70.1,70.2,70.07,70.08,104
1782697200,70.08,70.16,70.03,70.04,100
1782697500,70.04,70.11,69.95,70.07,269
1782697800,70.06,70.08,69.96,70.07,126
1782698100,70.06,70.11,69.96,70,130
1782698400,70,70.05,69.95,70.03,99
1782698700,70.02,70.11,69.96,69.98,166
1782699000,69.96,70.07,69.95,69.98,87
1782699300,70,70.08,70,70.07,58
1782699600,70.08,70.08,70.02,70.03,44
1782699900,70.03,70.04,69.97,70.04,71
1782700200,70.02,70.08,69.87,69.91,181
1782700500,69.92,69.95,69.78,69.88,244
1782700800,69.89,69.95,69.81,69.88,166
1782701100,69.87,69.95,69.83,69.83,169
1782701400,69.86,69.9,69.81,69.9,99
1782701700,69.91,69.98,69.87,69.96,98
1782702000,69.95,70.1,69.95,70.03,149
1782702300,70.02,70.02,69.9,69.91,102
1782702600,69.93,70.08,69.93,70.07,84
1782702900,70.06,70.08,70.01,70.01,52
1782703200,70.02,70.03,69.92,69.93,83
1782703500,69.94,70.04,69.92,70.01,92
1782703800,70,70.03,69.94,70.03,152
1782704100,70.03,70.03,69.96,69.97,51
1782704400,69.97,69.98,69.92,69.93,82
1782704700,69.93,69.99,69.92,69.99,69
1782705000,69.97,70.09,69.95,70.05,135
1782705300,70.05,70.08,70.04,70.05,68
1782705600,70.06,70.13,70.03,70.1,111
1782705900,70.1,70.1,70.02,70.05,60
1782706200,70.06,70.07,70.03,70.06,37
1782706500,70.05,70.1,70.05,70.07,58
1782706800,70.08,70.08,70.04,70.06,35
1782707100,70.05,70.08,70,70.04,87
1782707400,70.02,70.02,69.97,69.98,123
1782707700,69.99,70.03,69.97,70.02,46
1782708000,70.01,70.05,69.99,69.99,31
1782708300,69.98,70.04,69.97,70.04,35
1782708600,70.04,70.05,69.99,70.02,31
1782708900,70.01,70.03,69.95,69.95,69
1782709200,69.95,69.97,69.86,69.94,123
1782709500,69.92,69.95,69.81,69.82,126
1782709800,69.84,69.84,69.66,69.7,295
1782710100,69.7,69.87,69.7,69.85,103
1782710400,69.86,69.86,69.8,69.83,26
1782710700,69.84,69.88,69.75,69.77,81
1782711000,69.75,69.78,69.47,69.47,464
1782711300,69.49,69.64,69.47,69.49,191
1782711600,69.5,69.6,69.48,69.5,60
1782711900,69.5,69.64,69.47,69.63,115
1782712200,69.62,69.64,69.55,69.59,65
1782712500,69.57,69.58,69.42,69.51,234
1782712800,69.49,69.69,69.46,69.66,186
1782713100,69.67,69.72,69.61,69.7,137
1782713400,69.69,69.83,69.69,69.73,246
1782713700,69.73,69.79,69.66,69.77,153
1782714000,69.78,70.03,69.77,70.02,219
1782714300,70,70.08,69.99,70.07,263
1782714600,70.08,70.24,70.08,70.19,406
1782714900,70.17,70.29,70.17,70.18,221
1782715200,70.18,70.24,70.16,70.22,153
1782715500,70.23,70.25,70.12,70.16,410
1782715800,70.16,70.17,69.94,69.97,318
1782716100,69.97,69.97,69.85,69.95,246
1782716400,69.94,69.98,69.83,69.95,388
1782716700,69.94,69.99,69.88,69.93,291
1782717000,69.92,69.97,69.85,69.87,312
1782717300,69.87,69.9,69.76,69.86,308
1782717600,69.87,69.94,69.81,69.92,266
1782717900,69.92,70.01,69.87,69.95,217
1782718200,69.93,70.01,69.81,69.82,188
1782718500,69.83,69.88,69.61,69.64,220
1782718800,69.65,69.69,69.61,69.66,207
1782719100,69.67,69.77,69.65,69.72,258
1782719400,69.73,69.73,69.48,69.6,343
1782719700,69.6,69.61,69.49,69.52,235
1782720000,69.52,69.77,69.48,69.77,348
1782720300,69.78,69.82,69.68,69.74,437
1782720600,69.74,69.92,69.73,69.85,303
1782720900,69.86,70.06,69.79,70.03,451
1782721200,70.01,70.12,69.96,70.09,410
1782721500,70.09,70.23,69.96,70.16,773
1782721800,70.16,70.24,70.12,70.15,619
1782722100,70.16,70.19,69.94,70.07,514
1782722400,70.06,70.14,70.02,70.07,272
1782722700,70.07,70.18,69.99,70,330
1782723000,70,70.17,69.93,70.17,493
1782723300,70.16,70.27,70.12,70.14,693
1782723600,70.13,70.2,70.04,70.13,466
1782723900,70.13,70.18,70.02,70.02,356
1782724200,70.01,70.04,69.97,70.02,239
1782724500,70.01,70.08,69.91,70.06,220
1782724800,70.08,70.24,70.08,70.2,474
1782725100,70.21,70.36,70.18,70.33,545
1782725400,70.34,70.47,70.3,70.45,567
1782725700,70.44,70.52,70.41,70.41,439
1782726000,70.43,70.46,70.37,70.37,178
1782726300,70.36,70.49,70.35,70.47,107
1782726600,70.49,70.72,70.49,70.67,904
1782726900,70.69,70.73,70.56,70.61,477
1782727200,70.6,70.62,70.39,70.42,469
1782727500,70.43,70.43,70.06,70.15,604
1782727800,70.13,70.16,69.99,70.06,597
1782728100,70.07,70.11,69.87,69.93,304
1782728400,69.93,69.95,69.86,69.91,151
1782728700,69.91,70.02,69.9,69.99,221
1782729000,69.99,70.11,69.94,69.96,469
1782729300,69.95,70.02,69.94,69.98,159
1782729600,69.98,69.99,69.86,69.9,275
1782729900,69.89,69.99,69.86,69.96,197
1782730200,69.95,69.95,69.79,69.85,313
1782730500,69.85,69.89,69.81,69.85,185
1782730800,69.86,69.87,69.76,69.84,643
1782731100,69.84,69.84,69.68,69.74,491
1782731400,69.76,69.79,69.72,69.79,208
1782731700,69.79,69.99,69.79,69.97,1233
1782732000,69.98,70.03,69.92,69.99,501
1782732300,70,70.01,69.94,70.01,125
1782732600,70.02,70.07,69.61,70,1460
1782732900,70,70.08,69.92,69.97,307
1782733200,69.97,69.97,69.62,69.83,784
1782733500,69.85,69.89,69.83,69.83,156
1782733800,69.84,69.84,69.7,69.74,371
1782734100,69.74,69.99,69.74,69.97,550
1782734400,69.96,70.08,69.94,70,371
1782734700,70,70,69.79,69.84,690
1782735000,69.84,69.9,69.7,69.89,444
1782735300,69.88,70.05,69.88,70,686
1782735600,70.01,70.06,69.97,69.98,279
1782735900,70,70.14,69.98,70.13,368
1782736200,70.13,70.14,70.07,70.08,378
1782736500,70.07,70.1,69.95,70.05,641
1782736800,70.05,70.18,69.97,69.98,657
1782737100,69.98,70.03,69.94,69.99,272
1782737400,69.99,70.06,69.83,70.01,488
1782737700,70.01,70.1,69.98,70.03,619
1782738000,70.04,70.16,69.88,70.01,1506
1782738300,70,70.08,69.91,70.08,672
1782738600,70.07,70.15,69.97,70.06,443
1782738900,70.07,70.2,69.98,69.98,745
1782739200,69.98,70.26,69.96,70.25,683
1782739500,70.25,70.28,70.18,70.26,454
1782739800,70.27,70.3,70.09,70.21,885
1782740100,70.21,70.23,70.04,70.11,647
1782740400,70.1,70.11,69.97,70.07,477
1782740700,70.08,70.2,70.03,70.11,429
1782741000,70.12,70.28,70.1,70.23,768
1782741300,70.23,70.24,70.06,70.07,717
1782741600,70.09,70.23,70.01,70.14,903
1782741900,70.15,70.18,70.02,70.07,624
1782742200,70.06,70.26,69.95,70.22,980
1782742500,70.21,70.46,70.17,70.36,2090
1782742800,70.36,70.46,70.2,70.27,757
1782743100,70.27,70.45,70.21,70.44,744
1782743400,70.43,70.51,70.37,70.39,707
1782743700,70.4,70.44,70.31,70.33,741
1782744000,70.33,70.39,70.28,70.36,596
1782744300,70.36,70.46,70.31,70.41,621
1782744600,70.41,70.59,70.41,70.51,799
1782744900,70.5,70.52,70.41,70.47,543
1782745200,70.48,70.5,70.31,70.34,860
1782745500,70.35,70.42,70.26,70.42,667
1782745800,70.41,70.52,70.39,70.5,520
1782746100,70.5,70.53,70.43,70.51,380
1782746400,70.5,70.52,70.37,70.47,776
1782746700,70.46,70.53,70.37,70.48,781
1782747000,70.46,70.54,70.41,70.46,653
1782747300,70.47,70.58,70.42,70.55,606
1782747600,70.56,70.64,70.53,70.58,800
1782747900,70.58,70.66,70.54,70.61,521
1782748200,70.61,70.7,70.53,70.64,1205
1782748500,70.63,70.64,70.57,70.59,350
1782748800,70.59,70.79,70.55,70.77,772
1782749100,70.77,70.82,70.75,70.79,574
1782749400,70.79,70.8,70.67,70.68,550
1782749700,70.69,70.71,70.64,70.69,378
1782750000,70.7,70.8,70.7,70.76,456
1782750300,70.76,70.84,70.74,70.82,414
1782750600,70.82,70.91,70.82,70.87,726
1782750900,70.88,70.91,70.79,70.86,497
1782751200,70.87,71.01,70.87,70.99,1102
1782751500,70.99,71.04,70.92,70.94,639
1782751800,70.94,70.98,70.78,70.92,1193
1782752100,70.93,70.93,70.77,70.81,559
1782752400,70.81,70.82,70.67,70.69,770
1782752700,70.69,70.86,70.68,70.83,594
1782753000,70.83,70.94,70.8,70.92,901
1782753300,70.92,71.09,70.88,70.95,1419
1782753600,70.95,71.15,70.94,71,707
1782753900,71,71.01,70.85,70.89,518
1782754200,70.89,70.97,70.86,70.94,471
1782754500,70.93,71.03,70.86,70.95,846
1782754800,70.94,70.98,70.84,70.93,524
1782755100,70.92,70.93,70.86,70.86,317
1782755400,70.86,70.89,70.83,70.87,241
1782755700,70.87,70.93,70.86,70.91,466
1782756000,70.9,71,70.82,70.84,1029
1782756300,70.85,70.93,70.83,70.92,424
1782756600,70.91,70.96,70.8,70.82,600
1782756900,70.84,70.92,70.56,70.6,1080
1782757200,70.6,70.62,70.48,70.57,1006
1782757500,70.56,70.85,70.51,70.82,3874
1782757800,70.81,70.84,70.65,70.69,1128
1782758100,70.69,70.71,70.6,70.64,365
1782758400,70.64,70.68,70.6,70.61,266
1782758700,70.6,70.62,70.56,70.61,151
1782759000,70.6,70.6,70.5,70.51,441
1782759300,70.52,70.56,70.45,70.46,480
1782759600,70.47,70.54,70.46,70.52,388
1782759900,70.52,70.54,70.5,70.53,117
1782760200,70.53,70.55,70.51,70.51,97
1782760500,70.5,70.52,70.47,70.48,224
1782760800,70.48,70.48,70.41,70.47,232
1782761100,70.46,70.46,70.41,70.42,98
1782761400,70.42,70.5,70.38,70.5,228
1782761700,70.49,70.49,70.43,70.45,144
1782762000,70.46,70.46,70.41,70.42,102
1782762300,70.43,70.43,70.36,70.39,238
1782762600,70.38,70.48,70.37,70.48,517
1782762900,70.49,70.55,70.46,70.52,452
1782763200,70.53,70.57,70.52,70.57,185
1782763500,70.55,70.57,70.54,70.56,43
1782763800,70.57,70.57,70.51,70.51,120
1782764100,70.5,70.55,70.48,70.52,118
1782764400,70.52,70.53,70.48,70.5,153
1782764700,70.49,70.5,70.47,70.48,128
1782765000,70.49,70.5,70.47,70.49,166
1782765300,70.5,70.61,70.5,70.59,163
1782765600,70.59,70.6,70.48,70.48,56
1782765900,70.48,70.51,70.46,70.49,106
1782766200,70.49,70.5,70.43,70.45,66
1782766500,70.42,70.47,70.41,70.42,244
1782770400,70.43,70.5,70.38,70.44,85
1782770700,70.43,70.44,70.31,70.33,123
1782771000,70.34,70.35,70.31,70.33,33
1782771300,70.3,70.41,70.25,70.4,131
1782771600,70.39,70.4,70.38,70.38,5
1782771900,70.37,70.38,70.37,70.38,11
1782772200,70.38,70.39,70.35,70.35,9
1782772500,70.35,70.35,70.33,70.33,12
1782772800,70.31,70.33,70.28,70.33,23
1782773100,70.3,70.3,70.27,70.3,14
1782773400,70.3,70.31,70.28,70.28,16
1782773700,70.3,70.3,70.25,70.28,19
1782774000,70.29,70.3,70.19,70.22,68
1782774300,70.24,70.27,70.22,70.24,31
1782774600,70.23,70.25,70.19,70.19,38
1782774900,70.21,70.25,70.19,70.25,31
1782775200,70.24,70.26,70.21,70.26,8
1782775500,70.28,70.32,70.27,70.31,51
1782775800,70.29,70.29,70.21,70.21,26
1782776100,70.2,70.24,70.19,70.22,30
1782776400,70.2,70.22,70.14,70.16,55
1782776700,70.17,70.2,70.15,70.19,54
1782777000,70.2,70.22,70.2,70.21,10
1782777300,70.2,70.2,70.15,70.15,46
1782777600,70.15,70.34,70.15,70.23,316
1782777900,70.24,70.32,70.22,70.28,91
1782778200,70.28,70.35,70.26,70.3,112
1782778500,70.3,70.32,70.27,70.28,41
1782778800,70.28,70.4,70.28,70.36,140
1782779100,70.36,70.4,70.33,70.35,60
1782779400,70.34,70.34,70.21,70.24,67
1782779700,70.23,70.26,70.22,70.23,77
1782780000,70.22,70.24,70.19,70.22,59
1782780300,70.21,70.28,70.21,70.27,69
1782780600,70.28,70.35,70.27,70.31,140
1782780900,70.31,70.33,70.24,70.3,183
1782781200,70.3,70.36,70.11,70.18,288
1782781500,70.18,70.32,70.17,70.28,105
1782781800,70.3,70.42,70.2,70.22,225
1782782100,70.24,70.27,70.16,70.25,173
1782782400,70.26,70.28,70.19,70.2,86
1782782700,70.22,70.27,70.18,70.22,43
1782783000,70.18,70.3,70.15,70.28,93
1782783300,70.28,70.35,70.27,70.29,53
1782783600,70.3,70.38,70.3,70.33,103
1782783900,70.31,70.38,70.3,70.36,48
1782784200,70.37,70.4,70.3,70.33,51
1782784500,70.3,70.35,70.28,70.3,40
1782784800,70.33,70.43,70.3,70.41,110
1782785100,70.41,70.46,70.4,70.43,148
1782785400,70.42,70.48,70.41,70.43,118
1782785700,70.45,70.45,70.41,70.42,22
1782786000,70.43,70.43,70.41,70.41,33
1782786300,70.41,70.43,70.35,70.43,85
1782786600,70.45,70.47,70.38,70.4,53
1782786900,70.38,70.44,70.37,70.44,51
1782787200,70.45,70.46,70.36,70.39,30
1782787500,70.4,70.53,70.4,70.49,100
1782787800,70.5,70.77,70.48,70.75,451
1782788100,70.76,70.87,70.63,70.68,519
1782788400,70.69,70.74,70.65,70.67,80
1782788700,70.69,70.7,70.57,70.57,63
1782789000,70.58,70.71,70.57,70.68,132
1782789300,70.69,70.69,70.62,70.64,69
1782789600,70.66,70.66,70.57,70.6,95
1782789900,70.59,70.6,70.46,70.46,261
1782790200,70.48,70.6,70.48,70.5,141
1782790500,70.5,70.53,70.46,70.46,32
1782790800,70.46,70.49,70.36,70.37,119
1782791100,70.37,70.4,70.35,70.4,60
1782791400,70.4,70.41,70.34,70.34,77
1782791700,70.34,70.38,70.31,70.38,103
1782792000,70.37,70.43,70.36,70.41,75
1782792300,70.39,70.45,70.38,70.44,38
1782792600,70.44,70.45,70.42,70.43,23
1782792900,70.43,70.46,70.42,70.46,13
1782793200,70.44,70.48,70.36,70.39,53
1782793500,70.4,70.41,70.28,70.28,104
1782793800,70.27,70.32,70.25,70.27,112
1782794100,70.27,70.28,70.23,70.26,108
1782794400,70.26,70.27,70.23,70.24,44
1782794700,70.25,70.27,70.24,70.26,12
1782795000,70.25,70.26,70.23,70.23,28
1782795300,70.23,70.28,70.21,70.22,101
1782795600,70.21,70.22,69.93,70.1,691
1782795900,70.1,70.12,69.98,70.02,105
1782796200,70.03,70.22,70.03,70.22,171
1782796500,70.21,70.22,70.16,70.22,68
1782796800,70.22,70.23,70.17,70.21,57
1782797100,70.22,70.23,70.18,70.23,51
1782797400,70.22,70.26,70.08,70.15,345
1782797700,70.18,70.34,70.16,70.26,184
1782798000,70.26,70.33,70.26,70.33,115
1782798300,70.33,70.37,70.2,70.25,129
1782798600,70.24,70.24,70.16,70.2,81
1782798900,70.21,70.21,70.07,70.11,126
1782799200,70.1,70.13,69.98,69.99,258
1782799500,70,70.1,69.97,70.1,236
1782799800,70.1,70.11,69.98,70.04,265
1782800100,70.04,70.05,69.91,69.93,289
1782800400,69.92,69.96,69.81,69.88,332
1782800700,69.87,69.93,69.82,69.84,248
1782801000,69.85,69.99,69.8,69.92,319
1782801300,69.94,69.99,69.75,69.86,352
1782801600,69.86,70,69.83,69.99,149
1782801900,69.98,70.04,69.96,70.03,198
1782802200,70.05,70.21,70.05,70.13,217
1782802500,70.13,70.15,70.07,70.13,170
1782802800,70.12,70.29,70.1,70.27,504
1782803100,70.24,70.26,70.15,70.17,183
1782803400,70.16,70.41,70.16,70.35,323
1782803700,70.36,70.37,70.26,70.28,181
1782804000,70.29,70.43,70.28,70.3,360
1782804300,70.31,70.35,70.22,70.33,186
1782804600,70.34,70.42,70.25,70.28,247
1782804900,70.27,70.28,70.16,70.23,207
1782805200,70.23,70.27,70.19,70.21,118
1782805500,70.21,70.4,70.2,70.33,244
1782805800,70.32,70.39,70.28,70.34,137
1782806100,70.33,70.35,70.18,70.28,220
1782806400,70.27,70.35,70.15,70.31,357
1782806700,70.31,70.35,70.2,70.25,265
1782807000,70.27,70.64,70.25,70.58,590
1782807300,70.57,70.77,70.46,70.52,520
1782807600,70.52,70.65,70.44,70.62,317
1782807900,70.61,70.63,70.46,70.5,527
1782808200,70.5,70.83,70.44,70.81,665
1782808500,70.81,70.87,70.66,70.68,536
1782808800,70.69,70.88,70.65,70.77,434
1782809100,70.77,70.87,70.7,70.81,241
1782809400,70.81,70.86,70.6,70.6,477
1782809700,70.61,70.62,70.39,70.53,565
1782810000,70.55,70.64,70.53,70.59,255
1782810300,70.6,70.64,70.54,70.6,109
1782810600,70.59,70.63,70.54,70.59,144
1782810900,70.59,70.7,70.59,70.69,193
1782811200,70.68,70.79,70.51,70.73,474
1782811500,70.75,70.75,70.46,70.71,896
1782811800,70.7,70.9,70.68,70.85,530
1782812100,70.86,70.92,70.75,70.76,373
1782812400,70.76,70.86,70.73,70.81,280
1782812700,70.8,70.89,70.78,70.87,278
1782813000,70.84,70.94,70.77,70.92,320
1782813300,70.92,71.04,70.88,71.02,790
1782813600,71.02,71.18,71.01,71.01,795
1782813900,71.02,71.06,70.94,71.06,411
1782814200,71.07,71.1,71,71.03,222
1782814500,71.02,71.07,70.94,70.97,186
1782814800,70.97,70.98,70.88,70.91,130
1782815100,70.91,70.92,70.67,70.71,436
1782815400,70.7,70.91,70.68,70.82,198
1782815700,70.83,70.83,70.75,70.76,130
1782816000,70.77,70.77,70.54,70.63,369
1782816300,70.62,70.71,70.6,70.68,308
1782816600,70.69,70.74,70.62,70.74,163
1782816900,70.74,70.8,70.69,70.7,143
1782817200,70.7,70.81,70.67,70.74,259
1782817500,70.73,70.73,70.69,70.72,82
1782817800,70.71,70.78,70.65,70.69,158
1782818100,70.69,70.7,70.59,70.6,161
1782818400,70.6,70.69,70.54,70.64,262
1782818700,70.65,70.78,70.53,70.76,805
1782819000,70.75,70.87,70.72,70.81,332
1782819300,70.8,70.84,70.76,70.82,193
1782819600,70.82,70.93,70.8,70.9,252
1782819900,70.91,71.02,70.9,70.97,807
1782820200,70.97,71.11,70.85,71.05,1040
1782820500,71.07,71.2,70.99,71.15,585
1782820800,71.16,71.24,71.07,71.17,488
1782821100,71.17,71.22,71.11,71.14,230
1782821400,71.14,71.21,71.04,71.17,340
1782821700,71.18,71.56,71.16,71.33,1798
1782822000,71.32,71.34,71.19,71.28,836
1782822300,71.29,71.3,71.14,71.23,846
1782822600,71.23,71.23,71.1,71.13,861
1782822900,71.12,71.14,70.86,70.89,1536
1782823200,70.88,71,70.82,70.97,756
1782823500,70.96,71.08,70.92,71.01,832
1782823800,71.02,71.03,70.92,70.94,445
1782824100,70.94,71.01,70.92,70.97,466
1782824400,70.96,71.3,70.86,71.28,1203
1782824700,71.28,71.38,71.18,71.22,968
1782825000,71.22,71.5,71.22,71.49,1315
1782825300,71.5,71.6,71.1,71.1,1901
1782825600,71.09,71.12,70.84,70.98,1558
1782825900,70.98,71.26,70.91,71.23,1005
1782826200,71.23,71.23,70.86,70.97,1125
1782826500,70.98,70.99,70.87,70.91,893
1782826800,70.91,70.92,70.7,70.77,852
1782827100,70.77,70.85,70.71,70.71,724
1782827400,70.72,70.84,70.71,70.83,724
1782827700,70.83,70.97,70.81,70.9,569
1782828000,70.89,70.97,70.87,70.96,709
1782828300,70.96,70.97,70.82,70.9,524
1782828600,70.9,70.92,70.82,70.84,433
1782828900,70.83,70.84,70.61,70.63,685
1782829200,70.62,70.69,70.55,70.64,771
1782829500,70.62,70.83,70.61,70.81,668
1782829800,70.81,70.89,70.68,70.69,584
1782830100,70.71,70.8,70.58,70.59,569
1782830400,70.6,70.66,70.52,70.55,734
1782830700,70.56,70.61,70.45,70.51,969
1782831000,70.51,70.51,70.34,70.42,1070
1782831300,70.42,70.46,70.32,70.43,1086
1782831600,70.43,70.44,70.21,70.3,1113
1782831900,70.3,70.3,70.21,70.24,842
1782832200,70.25,70.32,70.14,70.25,903
1782832500,70.24,70.38,70.24,70.26,638
1782832800,70.26,70.3,70.08,70.09,702
1782833100,70.09,70.12,70,70.06,1376
1782833400,70.05,70.18,70,70.08,1000
1782833700,70.07,70.13,69.96,70.01,760
1782834000,70.02,70.16,70.01,70.08,771
1782834300,70.08,70.1,69.91,69.95,942
1782834600,69.94,69.94,69.79,69.87,1272
1782834900,69.86,69.87,69.72,69.77,1127
1782835200,69.77,69.89,69.75,69.88,892
1782835500,69.88,69.97,69.87,69.96,770
1782835800,69.96,70.12,69.9,70.1,700
1782836100,70.1,70.17,70,70.03,565
1782836400,70.03,70.09,70.01,70.03,298
1782836700,70.03,70.05,69.96,69.98,364
1782837000,69.98,69.99,69.82,69.84,547
1782837300,69.84,69.94,69.83,69.86,482
1782837600,69.85,69.97,69.85,69.95,350
1782837900,69.95,69.95,69.85,69.88,397
1782838200,69.89,69.97,69.86,69.88,470
1782838500,69.88,69.88,69.75,69.8,676
1782838800,69.79,69.85,69.72,69.79,492
1782839100,69.8,69.83,69.78,69.81,310
1782839400,69.82,69.87,69.8,69.85,407
1782839700,69.84,69.9,69.75,69.76,521
1782840000,69.76,69.8,69.66,69.73,649
1782840300,69.73,69.74,69.57,69.66,975
1782840600,69.67,69.69,69.6,69.65,566
1782840900,69.64,69.69,69.6,69.64,662
1782841200,69.63,69.68,69.57,69.67,602
1782841500,69.68,69.77,69.67,69.76,589
1782841800,69.76,69.76,69.68,69.7,470
1782842100,69.7,69.74,69.67,69.69,547
1782842400,69.68,69.73,69.6,69.65,768
1782842700,69.65,69.68,69.58,69.6,391
1782843000,69.61,69.62,69.45,69.5,858
1782843300,69.5,69.51,69.43,69.45,807
1782843600,69.45,69.48,69.22,69.27,2354
1782843900,69.27,69.57,69.27,69.52,4891
1782844200,69.52,69.68,69.5,69.67,1545
1782844500,69.67,69.8,69.66,69.74,736
1782844800,69.75,69.86,69.72,69.81,403
1782845100,69.81,69.97,69.76,69.94,504
1782845400,69.94,70.03,69.92,69.94,389
1782845700,69.94,70.01,69.93,69.98,305
1782846000,69.98,70,69.91,69.94,198
1782846300,69.95,70.01,69.95,69.99,162
1782846600,69.99,70.03,69.92,69.93,232
1782846900,69.95,70.02,69.94,69.96,138
1782847200,69.97,70.08,69.96,70.02,233
1782847500,70.04,70.05,70.02,70.02,157
1782847800,70.03,70.11,70.02,70.09,240
1782848100,70.1,70.13,70.02,70.13,279
1782848400,70.13,70.15,70.04,70.07,303
1782848700,70.07,70.1,70.06,70.07,172
1782849000,70.07,70.15,70.06,70.1,391
1782849300,70.09,70.13,70.07,70.09,440
1782849600,70.08,70.13,70.07,70.09,213
1782849900,70.09,70.14,70.08,70.11,150
1782850200,70.11,70.17,70.03,70.08,236
1782850500,70.08,70.1,70.05,70.05,72
1782850800,70.06,70.09,70.03,70.08,272
1782851100,70.07,70.12,70.07,70.08,107
1782851400,70.09,70.11,70.04,70.04,78
1782851700,70.05,70.07,70.02,70.06,354
1782852000,70.07,70.08,70.01,70.06,69
1782852300,70.05,70.08,70.03,70.05,278
1782852600,70.06,70.06,69.97,70.05,306
1782852900,70.05,70.1,70.03,70.03,204
1782856800,69.98,70.17,69.94,70,283
1782857100,70,70,69.93,69.93,51
1782857400,69.95,69.98,69.93,69.97,32
1782857700,69.96,69.96,69.94,69.95,15
1782858000,69.95,69.95,69.9,69.95,20
1782858300,69.94,69.94,69.88,69.94,56
1782858600,69.94,69.98,69.93,69.98,28
1782858900,69.98,69.99,69.96,69.96,13
1782859200,69.95,69.95,69.92,69.94,14
1782859500,69.94,69.94,69.91,69.92,6
1782859800,69.93,69.94,69.93,69.94,6
1782860100,69.95,69.99,69.95,69.99,30
1782860400,69.98,70.04,69.91,70.03,73
1782860700,70.03,70.03,69.99,70,20
1782861000,70.01,70.02,70,70,15
1782861300,70.03,70.07,70.03,70.06,20
1782861600,70.07,70.07,70.05,70.05,10
1782861900,70.06,70.06,70.03,70.03,11
1782862200,70.06,70.07,70.05,70.05,50
1782862500,70.05,70.12,70,70.04,111
1782862800,70.04,70.04,69.97,69.99,55
1782863100,70,70.08,70,70.08,18
1782863400,70.08,70.12,70.07,70.1,25
1782863700,70.07,70.12,70.07,70.12,8
1782864000,70.11,70.15,70.06,70.12,214
1782864300,70.12,70.19,70.06,70.15,82
1782864600,70.14,70.14,70.09,70.11,36
1782864900,70.13,70.14,70.09,70.11,50
1782865200,70.11,70.11,70,70.04,81
1782865500,70.05,70.05,69.98,69.99,47
1782865800,70,70.09,70,70.09,35
1782866100,70.09,70.11,70.04,70.1,24
1782866400,70.1,70.1,70.04,70.05,30
1782866700,70.04,70.05,70,70.04,39
1782867000,70.03,70.07,70.03,70.04,40
1782867300,70.04,70.12,70.03,70.12,81
1782867600,70.13,70.15,69.92,69.94,370
1782867900,69.96,69.98,69.86,69.96,178
1782868200,69.96,69.96,69.9,69.91,116
1782868500,69.93,69.99,69.81,69.88,300
1782868800,69.9,69.9,69.85,69.86,116
1782869100,69.86,69.95,69.84,69.93,126
1782869400,69.93,69.98,69.9,69.91,70
1782869700,69.91,69.94,69.8,69.8,117
1782870000,69.81,69.88,69.79,69.85,99
1782870300,69.85,69.9,69.82,69.84,50
1782870600,69.84,69.84,69.71,69.73,180
1782870900,69.72,69.81,69.67,69.78,159
1782871200,69.79,69.79,69.7,69.76,174
1782871500,69.74,69.76,69.68,69.71,153
1782871800,69.72,69.77,69.71,69.75,66
1782872100,69.77,69.8,69.77,69.8,32
1782872400,69.79,69.88,69.79,69.85,80
1782872700,69.84,69.85,69.76,69.77,36
1782873000,69.78,69.81,69.74,69.81,112
1782873300,69.8,69.88,69.77,69.78,121
1782873600,69.78,69.81,69.75,69.81,140
1782873900,69.79,69.83,69.78,69.79,24
1782874200,69.78,69.79,69.76,69.77,27
1782874500,69.79,69.83,69.75,69.81,70
1782874800,69.81,69.86,69.79,69.8,67
1782875100,69.84,69.87,69.79,69.84,41
1782875400,69.82,69.82,69.77,69.79,81
1782875700,69.79,69.87,69.79,69.85,52
1782876000,69.85,69.85,69.82,69.83,38
1782876300,69.82,69.83,69.77,69.77,148
1782876600,69.76,69.87,69.76,69.82,192
1782876900,69.81,69.84,69.79,69.82,83
1782877200,69.82,69.83,69.81,69.83,25
1782877500,69.84,69.84,69.77,69.79,51
1782877800,69.79,69.81,69.78,69.79,21
1782878100,69.79,69.82,69.78,69.82,13
1782878400,69.82,69.84,69.82,69.83,18
1782878700,69.82,69.85,69.82,69.82,58
1782879000,69.8,69.81,69.77,69.77,21
1782879300,69.76,69.78,69.73,69.76,40
1782879600,69.77,69.78,69.74,69.75,27
1782879900,69.76,69.77,69.74,69.77,13
1782880200,69.76,69.78,69.72,69.73,50
1782880500,69.73,69.75,69.72,69.75,28
1782880800,69.74,69.74,69.7,69.74,75
1782881100,69.75,69.75,69.7,69.7,40
1782881400,69.7,69.75,69.67,69.75,59
1782881700,69.76,69.76,69.71,69.72,67
1782882000,69.73,69.73,69.71,69.73,21
1782882300,69.73,69.73,69.72,69.72,29
1782882600,69.73,69.78,69.71,69.78,74
1782882900,69.76,69.78,69.74,69.76,79
1782883200,69.76,69.87,69.75,69.8,127
1782883500,69.82,69.82,69.76,69.78,61
1782883800,69.76,69.79,69.72,69.74,91
1782884100,69.75,69.76,69.68,69.71,120
1782884400,69.72,69.72,69.63,69.69,200
1782884700,69.7,69.76,69.67,69.74,130
1782885000,69.74,69.75,69.6,69.63,112
1782885300,69.63,69.63,69.57,69.61,79
1782885600,69.6,69.69,69.54,69.61,241
1782885900,69.62,69.66,69.57,69.65,121
1782886200,69.66,69.67,69.57,69.59,101
1782886500,69.6,69.61,69.5,69.6,193
1782886800,69.59,69.59,69.51,69.55,149
1782887100,69.56,69.58,69.44,69.53,224
1782887400,69.52,69.58,69.45,69.47,171
1782887700,69.49,69.52,69.44,69.46,157
1782888000,69.47,69.64,69.47,69.57,252
1782888300,69.57,69.6,69.44,69.47,170
1782888600,69.46,69.53,69.44,69.5,130
1782888900,69.51,69.59,69.5,69.59,99
1782889200,69.58,69.6,69.45,69.53,322
1782889500,69.53,69.53,69.41,69.46,372
1782889800,69.46,69.72,69.46,69.7,455
1782890100,69.71,69.71,69.54,69.54,245
1782890400,69.52,69.61,69.4,69.41,292
1782890700,69.41,69.43,69.32,69.39,363
1782891000,69.38,69.47,69.33,69.46,186
1782891300,69.46,69.53,69.33,69.34,256
1782891600,69.36,69.43,69.17,69.4,682
1782891900,69.39,69.48,69.36,69.43,223
1782892200,69.42,69.42,69.33,69.38,152
1782892500,69.36,69.4,69.31,69.36,171
1782892800,69.36,69.42,69.33,69.42,229
1782893100,69.43,69.45,69.18,69.27,316
1782893400,69.3,69.38,69.25,69.31,358
1782893700,69.3,69.33,69.05,69.09,480
1782894000,69.08,69.12,69,69.02,716
1782894300,69.02,69.02,68.92,68.94,1064
1782894600,68.94,69.01,68.69,68.78,1143
1782894900,68.78,68.84,68.67,68.84,846
1782895200,68.84,68.88,68.73,68.81,510
1782895500,68.8,68.9,68.69,68.7,375
1782895800,68.69,68.72,68.63,68.66,608
1782896100,68.65,68.65,68.29,68.35,1469
1782896400,68.34,68.46,68.26,68.41,749
1782896700,68.42,68.56,68.22,68.38,780
1782897000,68.38,68.4,68.24,68.32,363
1782897300,68.33,68.4,68.3,68.38,431
1782897600,68.37,68.5,68.35,68.43,364
1782897900,68.42,68.52,68.41,68.46,264
1782898200,68.46,68.59,68.44,68.52,355
1782898500,68.52,68.53,68.48,68.51,177
1782898800,68.49,68.66,68.46,68.64,314
1782899100,68.64,68.79,68.64,68.77,446
1782899400,68.77,68.79,68.68,68.71,469
1782899700,68.72,68.8,68.7,68.79,495
1782900000,68.79,69.01,68.78,68.98,488
1782900300,68.97,69,68.89,68.91,275
1782900600,68.91,69.01,68.9,68.96,277
1782900900,68.95,68.96,68.69,68.79,538
1782901200,68.78,68.78,68.68,68.74,153
1782901500,68.74,68.84,68.73,68.76,531
1782901800,68.76,68.8,68.7,68.75,136
1782902100,68.73,68.74,68.61,68.63,272
1782902400,68.64,68.94,68.64,68.85,1136
1782902700,68.84,68.86,68.78,68.85,154
1782903000,68.86,68.94,68.81,68.89,211
1782903300,68.89,68.89,68.75,68.85,163
1782903600,68.84,68.91,68.73,68.81,288
1782903900,68.8,68.94,68.8,68.93,207
1782904200,68.93,69.04,68.92,68.98,425
1782904500,68.96,69.05,68.85,69.04,463
1782904800,69.04,69.05,68.95,68.99,243
1782905100,69,69.04,68.96,68.98,224
1782905400,68.98,69.07,68.87,69.05,297
1782905700,69.05,69.07,68.91,69.06,298
1782906000,69.07,69.07,68.91,68.94,469
1782906300,68.94,69.07,68.93,69.05,252
1782906600,69.05,69.17,69.05,69.14,462
1782906900,69.15,69.17,69.08,69.14,284
1782907200,69.15,69.18,69.07,69.08,426
1782907500,69.09,69.09,68.88,68.94,541
1782907800,68.93,68.94,68.78,68.85,506
1782908100,68.85,69.13,68.84,69.11,602
1782908400,69.11,69.12,68.89,68.92,720
1782908700,68.93,68.94,68.8,68.89,389
1782909000,68.88,68.93,68.77,68.78,377
1782909300,68.77,68.88,68.77,68.85,291
1782909600,68.85,68.9,68.74,68.9,742
1782909900,68.89,68.9,68.66,68.68,487
1782910200,68.68,68.76,68.65,68.74,411
1782910500,68.74,68.83,68.73,68.76,322
1782910800,68.77,69.17,68.77,69.06,2082
1782911100,69.06,69.25,69.05,69.1,1321
1782911400,69.1,69.22,69.03,69.14,1115
1782911700,69.15,69.15,68.93,68.96,655
1782912000,68.96,68.99,68.86,68.99,854
1782912300,68.97,69.02,68.85,68.88,543
1782912600,68.88,68.92,68.75,68.76,1237
1782912900,68.76,68.96,68.75,68.9,1415
1782913200,68.9,68.96,68.8,68.89,854
1782913500,68.89,69.08,68.88,69,760
1782913800,69,69.15,68.97,69.08,691
1782914100,69.07,69.13,69.04,69.07,445
1782914400,69.07,69.11,68.89,69,859
1782914700,68.98,68.99,68.85,68.91,703
1782915000,68.9,68.9,68.78,68.89,609
1782915300,68.89,68.94,68.8,68.85,445
1782915600,68.86,68.87,68.78,68.82,577
1782915900,68.83,68.93,68.72,68.79,759
1782916200,68.79,68.88,68.69,68.77,1201
1782916500,68.78,68.86,68.7,68.84,834
1782916800,68.81,68.81,68.57,68.65,784
1782917100,68.65,68.69,68.37,68.45,1588
1782917400,68.45,68.47,68.24,68.29,1528
1782917700,68.27,68.33,68.15,68.19,1453
1782918000,68.2,68.33,68.06,68.31,2055
1782918300,68.31,68.36,68.26,68.36,938
1782918600,68.36,68.56,68.36,68.43,1014
1782918900,68.42,68.49,68.36,68.42,631
1782919200,68.41,68.43,68.25,68.25,669
1782919500,68.25,68.31,68.1,68.12,1146
1782919800,68.12,68.26,68.08,68.24,1195
1782920100,68.25,68.3,68.15,68.22,1057
1782920400,68.23,68.36,68.19,68.33,758
1782920700,68.32,68.38,68.19,68.2,718
1782921000,68.19,68.2,68.09,68.12,658
1782921300,68.12,68.18,68.09,68.16,615
1782921600,68.16,68.17,68.05,68.07,854
1782921900,68.06,68.12,68.03,68.08,738
1782922200,68.08,68.15,68.04,68.14,453
1782922500,68.13,68.31,68.13,68.24,607
1782922800,68.24,68.3,68.19,68.26,515
1782923100,68.25,68.26,68.14,68.2,492
1782923400,68.2,68.27,68.11,68.26,255
1782923700,68.26,68.31,68.24,68.28,381
1782924000,68.27,68.36,68.26,68.32,420
1782924300,68.32,68.38,68.24,68.35,860
1782924600,68.36,68.47,68.34,68.39,669
1782924900,68.39,68.39,68.25,68.27,750
1782925200,68.28,68.33,68.15,68.21,702
1782925500,68.22,68.34,68.21,68.27,454
1782925800,68.26,68.32,68.24,68.31,377
1782926100,68.32,68.38,68.3,68.31,466
1782926400,68.31,68.39,68.3,68.33,253
1782926700,68.33,68.41,68.32,68.4,392
1782927000,68.39,68.41,68.33,68.37,281
1782927300,68.38,68.41,68.35,68.36,289
1782927600,68.36,68.37,68.23,68.24,530
1782927900,68.24,68.31,68.22,68.23,335
1782928200,68.24,68.24,68.13,68.19,670
1782928500,68.19,68.29,68.17,68.29,493
1782928800,68.29,68.39,68.27,68.32,669
1782929100,68.32,68.36,68.28,68.31,587
1782929400,68.32,68.33,68.27,68.32,458
1782929700,68.33,68.37,68.31,68.33,740
1782930000,68.33,68.42,68.32,68.38,690
1782930300,68.38,68.73,68.31,68.69,4176
1782930600,68.68,68.73,68.52,68.56,1579
1782930900,68.56,68.57,68.44,68.47,543
1782931200,68.47,68.49,68.36,68.43,810
1782931500,68.43,68.44,68.38,68.4,394
1782931800,68.4,68.4,68.34,68.38,228
1782932100,68.39,68.4,68.28,68.29,482
1782932400,68.29,68.3,68.25,68.26,284
1782932700,68.26,68.28,68.2,68.21,513
1782933000,68.2,68.29,68.2,68.28,174
1782933300,68.27,68.33,68.26,68.31,185
1782933600,68.31,68.35,68.29,68.33,277
1782933900,68.34,68.34,68.25,68.27,286
1782934200,68.27,68.27,68.21,68.21,134
1782934500,68.21,68.22,68.01,68.07,1525
1782934800,68.08,68.18,68.05,68.17,393
1782935100,68.17,68.17,68.09,68.12,209
1782935400,68.11,68.14,68.06,68.07,302
1782935700,68.06,68.08,67.92,68.02,1167
1782936000,68.03,68.04,67.99,68.01,315
1782936300,68.02,68.04,67.96,67.98,221
1782936600,67.98,68.07,67.97,68,329
1782936900,68,68.04,67.96,68.03,225
1782937200,68.05,68.12,68.05,68.1,208
1782937500,68.13,68.15,68.1,68.12,108
1782937800,68.12,68.15,68.05,68.08,177
1782938100,68.09,68.12,68.07,68.11,70
1782938400,68.13,68.14,68.1,68.12,126
1782938700,68.11,68.14,68.09,68.11,162
1782939000,68.11,68.14,68.08,68.08,118
1782939300,68.1,68.11,68.05,68.09,141
1782943200,68.03,68.17,68.03,68.09,114
1782943500,68.06,68.08,68.03,68.05,30
1782943800,68.05,68.07,68.05,68.07,10
1782944100,68.06,68.1,68.02,68.02,42
1782944400,68.04,68.04,67.98,68.02,120
1782944700,68.02,68.02,67.95,67.98,46
1782945000,67.98,68.06,67.98,68.01,56
1782945300,68.02,68.04,68,68.02,20
1782945600,68.03,68.05,68.02,68.04,13
1782945900,68.03,68.07,68.03,68.06,14
1782946200,68.06,68.07,68.04,68.04,13
1782946500,68.04,68.04,68,68.02,31
1782946800,68.01,68.02,67.99,68.01,41
1782947100,67.99,68.02,67.99,68,45
1782947400,67.99,68,67.99,68,39
1782947700,68,68.03,67.96,68,86
1782948000,67.99,68.01,67.99,68,6
1782948300,67.99,68.05,67.97,68.05,20
1782948600,68.05,68.05,68.01,68.02,17
1782948900,68.03,68.03,67.96,67.97,33
1782949200,67.99,68.06,67.99,68.04,37
1782949500,68.06,68.06,68.03,68.04,13
1782949800,68.02,68.04,67.97,68,53
1782950100,68.01,68.01,67.99,67.99,13
1782950400,68,68.14,67.88,67.9,844
1782950700,67.92,67.93,67.72,67.9,591
1782951000,67.89,67.95,67.85,67.95,138
1782951300,67.95,67.96,67.88,67.88,140
1782951600,67.89,67.93,67.86,67.86,61
1782951900,67.87,67.89,67.8,67.86,229
1782952200,67.88,67.92,67.88,67.9,110
1782952500,67.89,67.91,67.85,67.85,76
1782952800,67.85,67.88,67.81,67.82,157
1782953100,67.81,67.84,67.73,67.78,230
1782953400,67.78,67.87,67.77,67.84,96
1782953700,67.85,67.92,67.85,67.9,83
1782954000,67.89,67.94,67.72,67.81,522
1782954300,67.82,67.89,67.69,67.69,225
1782954600,67.7,67.82,67.7,67.8,306
1782954900,67.79,67.83,67.72,67.83,203
1782955200,67.81,67.81,67.61,67.66,416
1782955500,67.66,67.68,67.6,67.61,334
1782955800,67.63,67.7,67.59,67.66,234
1782956100,67.65,67.74,67.65,67.68,136
1782956400,67.69,67.74,67.66,67.72,99
1782956700,67.72,67.72,67.61,67.68,137
1782957000,67.67,67.72,67.64,67.7,96
1782957300,67.71,67.84,67.71,67.8,155
1782957600,67.81,67.83,67.63,67.83,287
1782957900,67.83,67.95,67.79,67.91,256
1782958200,67.9,67.98,67.82,67.84,229
1782958500,67.83,67.86,67.82,67.83,105
1782958800,67.82,67.85,67.8,67.81,73
1782959100,67.8,67.85,67.79,67.85,48
1782959400,67.84,67.89,67.8,67.88,80
1782959700,67.87,67.89,67.77,67.8,81
1782960000,67.8,67.81,67.73,67.76,64
1782960300,67.75,67.77,67.72,67.77,29
1782960600,67.78,67.85,67.7,67.72,92
1782960900,67.72,67.74,67.66,67.71,67
1782961200,67.7,67.77,67.7,67.73,47
1782961500,67.74,67.76,67.68,67.72,105
1782961800,67.72,67.72,67.59,67.62,126
1782962100,67.63,67.63,67.56,67.61,161
1782962400,67.62,67.66,67.6,67.61,116
1782962700,67.63,67.65,67.6,67.63,120
1782963000,67.64,67.75,67.64,67.7,267
1782963300,67.72,67.74,67.68,67.7,105
1782963600,67.7,67.74,67.69,67.73,49
1782963900,67.73,67.75,67.62,67.73,217
1782964200,67.72,67.79,67.71,67.77,61
1782964500,67.76,67.76,67.64,67.71,108
1782964800,67.73,67.77,67.72,67.76,27
1782965100,67.78,67.81,67.77,67.77,36
1782965400,67.77,67.79,67.77,67.79,8
1782965700,67.79,67.8,67.78,67.79,23
1782966000,67.79,67.83,67.79,67.82,40
1782966300,67.81,67.84,67.81,67.82,51
1782966600,67.82,67.85,67.81,67.82,28
1782966900,67.81,67.92,67.81,67.88,160
1782967200,67.89,67.91,67.87,67.91,25
1782967500,67.9,67.91,67.87,67.89,49
1782967800,67.89,67.9,67.86,67.88,36
1782968100,67.89,67.9,67.87,67.9,15
1782968400,67.89,67.92,67.88,67.88,73
1782968700,67.87,67.89,67.86,67.88,21
1782969000,67.86,67.88,67.86,67.86,20
1782969300,67.85,67.87,67.83,67.86,46
1782969600,67.87,67.9,67.86,67.87,49
1782969900,67.88,67.89,67.86,67.87,44
1782970200,67.87,67.91,67.8,67.85,209
1782970500,67.86,67.88,67.71,67.78,297
1782970800,67.79,67.85,67.77,67.81,127
1782971100,67.8,67.87,67.78,67.86,91
1782971400,67.86,67.91,67.85,67.86,113
1782971700,67.86,67.88,67.81,67.88,135
1782972000,67.89,67.94,67.76,67.79,257
1782972300,67.78,67.83,67.72,67.77,186
1782972600,67.76,67.76,67.67,67.7,364
1782972900,67.7,67.87,67.7,67.8,188
1782973200,67.79,67.92,67.77,67.92,257
1782973500,67.92,67.98,67.86,67.98,364
1782973800,67.98,67.99,67.74,67.75,318
1782974100,67.74,67.8,67.71,67.72,195
1782974400,67.75,67.78,67.72,67.75,54
1782974700,67.76,67.76,67.66,67.68,138
1782975000,67.67,67.7,67.55,67.62,331
1782975300,67.62,67.62,67.51,67.56,313
1782975600,67.55,67.6,67.51,67.57,490
1782975900,67.56,67.57,67.45,67.51,802
1782976200,67.52,67.54,67.46,67.53,319
1782976500,67.53,67.65,67.48,67.59,518
1782976800,67.6,67.73,67.56,67.72,307
1782977100,67.71,68.07,67.71,67.95,1082
1782977400,67.96,68.12,67.93,68.01,580
1782977700,68.02,68.1,67.98,68.1,280
1782978000,68.1,68.16,68.07,68.15,299
1782978300,68.15,68.24,68.13,68.16,597
1782978600,68.17,68.21,68.07,68.07,396
1782978900,68.07,68.11,67.89,67.95,410
1782979200,67.95,68.05,67.88,68.01,387
1782979500,67.99,68.08,67.91,67.95,283
1782979800,67.93,68.19,67.89,68.12,443
1782980100,68.11,68.23,68.09,68.12,386
1782980400,68.13,68.17,68.04,68.13,281
1782980700,68.14,68.24,68.01,68.14,770
1782981000,68.15,68.24,67.92,67.93,628
1782981300,67.93,68.01,67.89,67.99,270
1782981600,67.98,68.05,67.96,67.98,178
1782981900,67.97,68.05,67.91,67.91,204
1782982200,67.92,67.93,67.81,67.84,212
1782982500,67.84,67.89,67.78,67.87,206
1782982800,67.88,67.9,67.79,67.84,167
1782983100,67.84,67.88,67.75,67.77,186
1782983400,67.76,67.77,67.58,67.66,484
1782983700,67.67,67.76,67.59,67.59,267
1782984000,67.6,67.66,67.49,67.5,533
1782984300,67.5,67.57,67.49,67.49,327
1782984600,67.48,67.58,67.46,67.57,299
1782984900,67.56,67.57,67.31,67.44,913
1782985200,67.44,67.58,67.38,67.58,342
1782985500,67.57,67.66,67.56,67.64,252
1782985800,67.63,67.63,67.5,67.53,489
1782986100,67.52,67.56,67.46,67.51,378
1782986400,67.51,67.59,67.47,67.48,241
1782986700,67.48,67.64,67.48,67.59,381
1782987000,67.59,67.61,67.46,67.58,176
1782987300,67.57,67.67,67.56,67.64,192
1782987600,67.63,67.7,67.6,67.66,382
1782987900,67.65,67.67,67.6,67.64,120
1782988200,67.64,67.66,67.61,67.65,114
1782988500,67.65,67.69,67.56,67.57,245
1782988800,67.58,67.67,67.57,67.63,156
1782989100,67.63,67.69,67.61,67.67,120
1782989400,67.67,67.67,67.56,67.57,221
1782989700,67.56,67.59,67.42,67.45,513
1782990000,67.45,67.59,67.41,67.57,553
1782990300,67.58,67.62,67.46,67.46,292
1782990600,67.45,67.52,67.42,67.5,254
1782990900,67.49,67.51,67.41,67.42,263
1782991200,67.41,67.43,67.28,67.33,856
1782991500,67.33,67.34,67.24,67.3,631
1782991800,67.3,67.3,67.04,67.1,1065
1782992100,67.1,67.15,67.04,67.12,685
1782992400,67.12,67.29,67.12,67.28,547
1782992700,67.28,67.3,67.26,67.27,250
1782993000,67.28,67.32,67.26,67.31,469
1782993300,67.3,67.3,67.16,67.18,326
1782993600,67.18,67.34,67.12,67.25,531
1782993900,67.25,67.31,67.22,67.24,431
1782994200,67.24,67.26,67.19,67.21,227
1782994500,67.21,67.21,67.12,67.16,385
1782994800,67.14,67.23,67.11,67.2,552
1782995100,67.19,67.36,67.17,67.34,509
1782995400,67.33,67.4,67.27,67.34,894
1782995700,67.33,67.41,67.31,67.34,438
1782996000,67.32,67.39,67.25,67.25,442
1782996300,67.27,67.49,67.27,67.45,554
1782996600,67.46,67.66,67.46,67.57,1058
1782996900,67.56,67.68,67.53,67.57,950
1782997200,67.56,67.74,67.5,67.69,1508
1782997500,67.69,67.75,67.55,67.55,665
1782997800,67.56,67.57,67.47,67.51,658
1782998100,67.51,67.62,67.48,67.57,505
1782998400,67.57,67.75,67.53,67.68,769
1782998700,67.68,67.73,67.55,67.72,532
1782999000,67.72,67.81,67.64,67.65,966
1782999300,67.65,67.86,67.64,67.84,739
1782999600,67.83,67.89,67.78,67.85,681
1782999900,67.85,68.09,67.85,68.03,1210
1783000200,68.02,68.02,67.82,67.82,1189
1783000500,67.82,67.84,67.72,67.77,1110
1783000800,67.76,67.84,67.69,67.72,726
1783001100,67.72,67.78,67.66,67.66,737
1783001400,67.66,67.79,67.62,67.65,1099
1783001700,67.65,67.75,67.62,67.71,636
1783002000,67.71,67.72,67.53,67.56,589
1783002300,67.56,67.66,67.54,67.61,450
1783002600,67.61,67.7,67.57,67.69,687
1783002900,67.69,67.73,67.64,67.73,442
1783003200,67.72,67.77,67.57,67.7,553
1783003500,67.7,67.82,67.69,67.75,694
1783003800,67.74,67.78,67.63,67.77,503
1783004100,67.77,67.84,67.67,67.74,511
1783004400,67.74,67.82,67.69,67.73,684
1783004700,67.72,67.73,67.47,67.49,1031
1783005000,67.49,67.59,67.47,67.59,443
1783005300,67.59,67.89,67.59,67.79,1314
1783005600,67.79,67.81,67.59,67.71,596
1783005900,67.71,67.85,67.67,67.71,826
1783006200,67.71,67.74,67.6,67.68,629
1783006500,67.68,67.68,67.58,67.62,321
1783006800,67.62,67.67,67.53,67.55,394
1783007100,67.55,67.55,67.44,67.49,758
1783007400,67.49,67.7,67.43,67.68,584
1783007700,67.68,67.74,67.65,67.73,630
1783008000,67.74,67.8,67.68,67.76,593
1783008300,67.77,68.02,67.77,67.99,1469
1783008600,68,68.13,67.99,68.1,1104
1783008900,68.1,68.17,68.06,68.14,544
1783009200,68.15,68.21,68.11,68.12,1098
1783009500,68.11,68.15,68.06,68.11,498
1783009800,68.12,68.14,68.05,68.07,465
1783010100,68.06,68.09,68.02,68.02,578
1783010400,68.02,68.08,67.99,68.06,432
1783010700,68.06,68.16,68.05,68.12,387
1783011000,68.13,68.28,68.13,68.22,820
1783011300,68.23,68.27,68.12,68.13,402
1783011600,68.13,68.22,68.08,68.2,331
1783011900,68.18,68.29,68.17,68.29,427
1783012200,68.28,68.31,68.24,68.3,383
1783012500,68.3,68.3,68.23,68.24,391
1783012800,68.23,68.3,68.2,68.27,356
1783013100,68.27,68.35,68.27,68.34,437
1783013400,68.33,68.38,68.29,68.33,531
1783013700,68.32,68.42,68.29,68.37,559
1783014000,68.36,68.5,68.32,68.48,839
1783014300,68.49,68.52,68.42,68.45,634
1783014600,68.46,68.51,68.43,68.47,615
1783014900,68.46,68.51,68.43,68.48,1089
1783015200,68.47,68.51,68.35,68.36,903
1783015500,68.36,68.45,68.35,68.42,562
1783015800,68.42,68.53,68.41,68.51,797
1783016100,68.5,68.66,68.47,68.62,1064
1783016400,68.62,68.74,68.61,68.69,1207
1783016700,68.68,68.8,68.53,68.68,4057
1783017000,68.67,68.72,68.56,68.6,1081
1783017300,68.6,68.67,68.57,68.63,208
1783017600,68.62,68.67,68.62,68.63,151
1783017900,68.64,68.67,68.57,68.57,172
1783018200,68.58,68.6,68.49,68.51,230
1783018500,68.51,68.51,68.43,68.45,356
1783018800,68.45,68.49,68.43,68.48,176
1783019100,68.49,68.51,68.46,68.5,223
1783019400,68.51,68.51,68.44,68.49,278
1783019700,68.5,68.55,68.48,68.48,226
1783020000,68.49,68.51,68.42,68.44,153
1783020300,68.45,68.48,68.41,68.46,173
1783020600,68.47,68.55,68.46,68.51,156
1783020900,68.51,68.51,68.43,68.43,129
1783021200,68.43,68.47,68.42,68.46,118
1783021500,68.46,68.48,68.45,68.46,128
1783021800,68.45,68.48,68.43,68.44,179
1783022100,68.44,68.5,68.44,68.47,209
1783022400,68.47,68.48,68.43,68.43,88
1783022700,68.44,68.51,68.44,68.49,157
1783023000,68.48,68.49,68.47,68.47,34
1783023300,68.48,68.52,68.46,68.52,67
1783023600,68.51,68.51,68.45,68.47,115
1783023900,68.46,68.51,68.46,68.48,107
1783024200,68.49,68.51,68.47,68.49,71
1783024500,68.48,68.51,68.45,68.47,72
1783024800,68.47,68.5,68.47,68.47,145
1783025100,68.48,68.49,68.45,68.47,92
1783025400,68.47,68.48,68.45,68.46,38
1783025700,68.46,68.47,68.44,68.46,103
1783029600,68.43,68.53,68.37,68.48,73
1783029900,68.45,68.52,68.42,68.5,73
1783030200,68.48,68.56,68.46,68.51,30
1783030500,68.51,68.51,68.46,68.48,14
1783030800,68.48,68.55,68.48,68.51,25
1783031100,68.5,68.5,68.5,68.5,3
1783031400,68.48,68.51,68.45,68.51,27
1783031700,68.51,68.52,68.5,68.52,7
1783032000,68.5,68.51,68.48,68.5,12
1783032300,68.49,68.51,68.48,68.51,5
1783032600,68.48,68.5,68.47,68.49,12
1783032900,68.49,68.51,68.48,68.48,10
1783033200,68.48,68.48,68.44,68.45,28
1783033500,68.44,68.45,68.39,68.44,48
1783033800,68.46,68.5,68.46,68.48,27
1783034100,68.47,68.47,68.42,68.42,25
1783034400,68.43,68.43,68.42,68.42,13
1783034700,68.43,68.47,68.43,68.46,30
1783035000,68.46,68.46,68.46,68.46,5
1783035300,68.47,68.5,68.47,68.47,13
1783035600,68.47,68.47,68.47,68.47,1
1783035900,68.47,68.47,68.46,68.46,5
1783036200,68.47,68.47,68.45,68.45,6
1783036500,68.45,68.45,68.38,68.4,35
1783036800,68.38,68.4,68.33,68.34,187
1783037100,68.34,68.42,68.34,68.37,65
1783037400,68.38,68.42,68.36,68.4,62
1783037700,68.4,68.43,68.36,68.43,71
1783038000,68.41,68.43,68.39,68.42,41
1783038300,68.42,68.42,68.39,68.39,27
1783038600,68.4,68.4,68.36,68.38,19
1783038900,68.4,68.42,68.36,68.42,32
1783039200,68.42,68.45,68.41,68.41,45
1783039500,68.39,68.41,68.38,68.41,21
1783039800,68.42,68.49,68.42,68.45,38
1783040100,68.44,68.53,68.42,68.44,63
1783040400,68.44,68.54,68.36,68.54,168
1783040700,68.54,68.6,68.44,68.46,164
1783041000,68.48,68.53,68.4,68.4,66
1783041300,68.38,68.44,68.3,68.37,107
1783041600,68.4,68.44,68.36,68.44,31
1783041900,68.44,68.57,68.44,68.54,250
1783042200,68.55,68.63,68.55,68.6,81
1783042500,68.61,68.68,68.57,68.68,119
1783042800,68.66,68.81,68.64,68.8,285
1783043100,68.79,68.93,68.74,68.85,424
1783043400,68.86,68.88,68.77,68.78,227
1783043700,68.79,68.91,68.78,68.9,80
1783044000,68.92,68.97,68.88,68.96,179
1783044300,68.96,69.01,68.9,68.94,151
1783044600,68.94,68.97,68.89,68.95,84
1783044900,68.93,68.96,68.89,68.89,71
1783045200,68.91,68.95,68.9,68.95,49
1783045500,68.94,68.99,68.92,68.95,86
1783045800,68.96,69.02,68.9,69.01,99
1783046100,68.97,69.04,68.96,68.98,102
1783046400,69.01,69.14,68.97,69.07,172
1783046700,69.08,69.08,68.99,69.03,95
1783047000,69.03,69.03,68.92,68.94,184
1783047300,68.93,68.95,68.82,68.89,293
1783047600,68.89,68.98,68.89,68.98,66
1783047900,68.96,69.04,68.94,69.04,68
1783048200,69.04,69.12,69,69.06,120
1783048500,69.05,69.08,69.04,69.07,48
1783048800,69.09,69.16,69.08,69.11,92
1783049100,69.1,69.15,69.08,69.09,108
1783049400,69.08,69.11,69.01,69.02,161
1783049700,69.02,69.07,69.02,69.06,76
1783050000,69.05,69.05,68.99,69,68
1783050300,68.99,68.99,68.97,68.98,62
1783050600,68.98,69.01,68.98,69,31
1783050900,68.99,69.04,68.99,69.02,35
1783051200,69.02,69.03,69,69.02,18
1783051500,69.01,69.03,69,69.03,22
1783051800,69.02,69.05,69.02,69.03,14
1783052100,69.03,69.04,69,69.01,57
1783052400,69,69.01,68.97,69.01,70
1783052700,69,69.04,68.98,69.01,63
1783053000,69.02,69.05,69,69.05,45
1783053300,69.05,69.1,69.05,69.06,93
1783053600,69.07,69.08,69.05,69.05,25
1783053900,69.05,69.05,69.02,69.04,9
1783054200,69.03,69.04,69.03,69.04,21
1783054500,69.03,69.03,68.96,68.98,73
1783054800,68.98,69.01,68.97,69.01,39
1783055100,69.01,69.05,69.01,69.04,101
1783055400,69.04,69.07,69.01,69.05,52
1783055700,69.04,69.09,69.03,69.09,29
1783056000,69.07,69.07,69.05,69.05,26
1783056300,69.03,69.06,69,69.01,33
1783056600,69.01,69.12,69,69.1,95
1783056900,69.1,69.12,69.03,69.03,43
1783057200,69.05,69.19,69.05,69.18,112
1783057500,69.19,69.19,69.13,69.16,65
1783057800,69.15,69.23,69.14,69.2,156
1783058100,69.2,69.24,69.17,69.19,324
1783058400,69.2,69.26,69.15,69.17,358
1783058700,69.17,69.18,69.04,69.05,245
1783059000,69.04,69.06,68.98,68.99,151
1783059300,68.99,69.01,68.93,68.98,159
1783059600,68.98,68.99,68.93,68.93,49
1783059900,68.93,68.97,68.9,68.93,153
1783060200,68.96,69.1,68.95,68.98,182
1783060500,68.99,69.07,68.93,69.04,89
1783060800,69.03,69.07,68.96,68.99,57
1783061100,68.99,68.99,68.91,68.97,93
1783061400,68.96,68.96,68.9,68.94,108
1783061700,68.94,69.01,68.93,68.94,200
1783062000,68.94,69.01,68.87,68.94,280
1783062300,68.92,68.92,68.82,68.86,188
1783062600,68.87,68.88,68.66,68.7,321
1783062900,68.69,68.82,68.69,68.77,154
1783063200,68.77,68.78,68.6,68.61,183
1783063500,68.62,68.64,68.55,68.58,247
1783063800,68.56,68.63,68.49,68.6,226
1783064100,68.59,68.72,68.58,68.7,149
1783064400,68.7,68.7,68.6,68.61,95
1783064700,68.61,68.63,68.52,68.52,89
1783065000,68.54,68.57,68.46,68.49,211
1783065300,68.48,68.52,68.41,68.51,207
1783065600,68.52,68.63,68.51,68.61,146
1783065900,68.61,68.68,68.61,68.67,152
1783066200,68.66,68.74,68.65,68.7,138
1783066500,68.69,68.69,68.49,68.52,253
1783066800,68.52,68.57,68.41,68.42,178
1783067100,68.43,68.43,68.14,68.26,1590
1783067400,68.27,68.42,68.19,68.22,477
1783067700,68.24,68.45,68.17,68.45,256
1783068000,68.45,68.51,68.39,68.44,278
1783068300,68.44,68.7,68.39,68.6,377
1783068600,68.61,68.72,68.57,68.7,329
1783068900,68.7,68.79,68.62,68.79,250
1783069200,68.78,68.84,68.61,68.63,365
1783069500,68.62,68.68,68.48,68.65,295
1783069800,68.68,68.73,68.63,68.7,188
1783070100,68.7,68.77,68.67,68.75,143
1783070400,68.76,68.77,68.57,68.58,154
1783070700,68.58,68.75,68.58,68.72,110
1783071000,68.74,68.76,68.66,68.69,72
1783071300,68.7,68.7,68.58,68.67,109
1783071600,68.66,68.66,68.53,68.55,141
1783071900,68.56,68.63,68.55,68.61,89
1783072200,68.62,68.76,68.62,68.63,163
1783072500,68.64,68.72,68.62,68.67,167
1783072800,68.69,68.73,68.67,68.67,170
1783073100,68.66,68.66,68.56,68.57,139
1783073400,68.6,68.66,68.58,68.6,127
1783073700,68.61,68.63,68.53,68.56,120
1783074000,68.57,68.63,68.54,68.55,173
1783074300,68.53,68.61,68.48,68.56,228
1783074600,68.58,68.62,68.49,68.52,211
1783074900,68.53,68.53,68.41,68.49,186
1783075200,68.5,68.67,68.5,68.61,212
1783075500,68.61,68.68,68.57,68.59,86
1783075800,68.59,68.65,68.59,68.63,47
1783076100,68.63,68.68,68.6,68.62,65
1783076400,68.62,68.69,68.56,68.64,86
1783076700,68.64,68.71,68.61,68.64,155
1783077000,68.62,68.64,68.53,68.54,76
1783077300,68.54,68.55,68.48,68.5,154
1783077600,68.5,68.52,68.42,68.47,157
1783077900,68.48,68.54,68.44,68.51,109
1783078200,68.5,68.52,68.43,68.51,92
1783078500,68.52,68.52,68.42,68.43,61
1783078800,68.47,68.47,68.37,68.39,104
1783079100,68.38,68.4,68.36,68.38,77
1783079400,68.38,68.49,68.38,68.46,170
1783079700,68.45,68.46,68.37,68.4,86
1783080000,68.4,68.41,68.26,68.28,199
1783080300,68.28,68.34,68.16,68.27,940
1783080600,68.27,68.27,68.18,68.26,206
1783080900,68.26,68.34,68.26,68.32,159
1783081200,68.32,68.42,68.32,68.37,117
1783081500,68.35,68.36,68.2,68.3,326
1783081800,68.29,68.29,68.14,68.21,210
1783082100,68.21,68.24,68.08,68.09,299
1783082400,68.11,68.25,68.09,68.21,177
1783082700,68.23,68.24,68.12,68.2,248
1783083000,68.21,68.29,68.18,68.25,172
1783083300,68.24,68.28,68.24,68.25,150
1783083600,68.25,68.45,68.22,68.4,523
1783083900,68.42,68.52,68.42,68.49,331
1783084200,68.48,68.64,68.45,68.6,429
1783084500,68.6,68.61,68.51,68.58,281
1783084800,68.57,68.68,68.54,68.61,438
1783085100,68.62,68.68,68.58,68.63,342
1783085400,68.61,68.7,68.58,68.7,318
1783085700,68.7,68.7,68.56,68.59,208
1783086000,68.59,68.65,68.55,68.57,220
1783086300,68.57,68.67,68.56,68.66,215
1783086600,68.67,68.68,68.61,68.67,157
1783086900,68.66,68.76,68.63,68.75,389
1783087200,68.76,68.93,68.75,68.77,656
1783087500,68.78,68.94,68.73,68.84,594
1783087800,68.84,68.87,68.77,68.77,296
1783088100,68.77,68.78,68.69,68.75,268
1783088400,68.75,68.75,68.57,68.62,390
1783088700,68.61,68.67,68.58,68.67,158
1783089000,68.66,68.8,68.64,68.78,424
1783089300,68.8,68.83,68.73,68.78,285
1783089600,68.79,68.81,68.72,68.77,176
1783089900,68.76,68.81,68.66,68.72,240
1783090200,68.73,68.73,68.61,68.66,118
1783090500,68.66,68.69,68.58,68.63,242
1783090800,68.63,68.67,68.59,68.63,261
1783091100,68.63,68.66,68.58,68.61,290
1783091400,68.61,68.61,68.51,68.51,258
1783091700,68.51,68.52,68.37,68.43,434
1783092000,68.43,68.56,68.4,68.54,169
1783092300,68.55,68.62,68.47,68.54,399
1783092600,68.54,68.6,68.44,68.58,268
1783092900,68.57,68.79,68.55,68.77,377
1783093200,68.78,68.79,68.66,68.74,151
1783093500,68.73,68.73,68.67,68.68,101
1783093800,68.68,68.75,68.67,68.72,137
1783094100,68.71,68.77,68.69,68.76,147
1783094400,68.77,68.8,68.62,68.7,303
1783094700,68.69,68.72,68.69,68.69,46
1783095000,68.68,68.73,68.65,68.68,96
1783095300,68.67,68.71,68.62,68.69,91
1783095600,68.69,68.75,68.69,68.69,84
1783095900,68.7,68.73,68.67,68.69,75
1783096200,68.7,68.7,68.6,68.6,152
1783096500,68.62,68.67,68.6,68.65,80
1783096800,68.63,68.65,68.59,68.64,79
1783097100,68.62,68.69,68.6,68.68,115
1783097400,68.69,68.73,68.66,68.68,90
1783097700,68.68,68.81,68.66,68.78,303
1783288800,68.68,68.78,68.45,68.49,362
1783289100,68.49,68.59,68.44,68.49,366
1783289400,68.5,68.5,68.32,68.33,217
1783289700,68.34,68.44,68.33,68.38,116
1783290000,68.38,68.44,68.36,68.39,71
1783290300,68.4,68.44,68.38,68.38,32
1783290600,68.38,68.4,68.36,68.4,42
1783290900,68.41,68.43,68.35,68.39,57
1783291200,68.4,68.41,68.35,68.36,48
1783291500,68.35,68.35,68.3,68.32,60
1783291800,68.33,68.35,68.31,68.34,37
1783292100,68.35,68.35,68.31,68.31,38
1783292400,68.32,68.4,68.3,68.4,69
1783292700,68.38,68.44,68.35,68.42,112
1783293000,68.42,68.42,68.34,68.34,35
1783293300,68.34,68.35,68.28,68.29,67
1783293600,68.3,68.36,68.3,68.35,37
1783293900,68.34,68.34,68.28,68.3,60
1783294200,68.28,68.31,68.26,68.29,80
1783294500,68.28,68.33,68.28,68.28,37
1783294800,68.26,68.29,68.26,68.27,39
1783295100,68.27,68.27,68.22,68.22,87
1783295400,68.24,68.26,68.23,68.24,154
1783295700,68.24,68.26,68.23,68.25,21
1783296000,68.25,68.35,68.22,68.35,131
1783296300,68.35,68.6,68.33,68.6,304
1783296600,68.59,68.61,68.49,68.51,179
1783296900,68.51,68.54,68.49,68.52,73
1783297200,68.51,68.54,68.48,68.5,42
1783297500,68.5,68.51,68.34,68.34,165
1783297800,68.33,68.35,68.27,68.33,94
1783298100,68.34,68.37,68.31,68.31,51
1783298400,68.32,68.36,68.26,68.29,132
1783298700,68.29,68.41,68.29,68.35,65
1783299000,68.34,68.34,68.28,68.28,17
1783299300,68.28,68.35,68.23,68.24,122
1783299600,68.23,68.43,68.16,68.41,506
1783299900,68.4,68.54,68.35,68.45,198
1783300200,68.45,68.67,68.43,68.65,281
1783300500,68.66,68.71,68.61,68.65,141
1783300800,68.64,68.7,68.61,68.62,315
1783301100,68.64,68.65,68.57,68.59,72
1783301400,68.58,68.6,68.54,68.55,89
1783301700,68.57,68.57,68.4,68.43,188
1783302000,68.44,68.58,68.42,68.58,148
1783302300,68.57,68.68,68.57,68.66,105
1783302600,68.66,68.89,68.66,68.82,436
1783302900,68.83,68.9,68.82,68.87,176
1783303200,68.88,68.93,68.84,68.92,283
1783303500,68.93,69.16,68.93,69.07,516
1783303800,69.06,69.07,68.99,69.04,121
1783304100,69.05,69.07,69,69,107
1783304400,69.04,69.09,69.04,69.07,61
1783304700,69.06,69.12,69.06,69.09,79
1783305000,69.09,69.11,69,69,114
1783305300,69.01,69.01,68.9,68.93,226
1783305600,68.91,68.94,68.85,68.85,122
1783305900,68.84,68.84,68.76,68.8,177
1783306200,68.78,68.84,68.66,68.7,207
1783306500,68.7,68.73,68.53,68.58,322
1783306800,68.58,68.58,68.49,68.51,159
1783307100,68.52,68.58,68.47,68.51,216
1783307400,68.52,68.54,68.37,68.39,184
1783307700,68.38,68.5,68.37,68.47,177
1783308000,68.47,68.53,68.43,68.48,53
1783308300,68.49,68.55,68.49,68.5,52
1783308600,68.5,68.55,68.42,68.43,45
1783308900,68.43,68.49,68.42,68.49,37
1783309200,68.45,68.45,68.37,68.41,96
1783309500,68.44,68.44,68.41,68.42,45
1783309800,68.43,68.46,68.41,68.41,44
1783310100,68.41,68.43,68.4,68.43,32
1783310400,68.44,68.48,68.41,68.44,28
1783310700,68.43,68.62,68.43,68.56,154
1783311000,68.57,68.61,68.55,68.56,101
1783311300,68.56,68.62,68.56,68.61,20
1783311600,68.6,68.63,68.57,68.61,58
1783311900,68.62,68.63,68.59,68.6,26
1783312200,68.6,68.6,68.57,68.57,19
1783312500,68.58,68.64,68.57,68.62,45
1783312800,68.61,68.64,68.6,68.64,64
1783313100,68.63,68.68,68.63,68.65,62
1783313400,68.63,68.63,68.55,68.58,55
1783313700,68.57,68.61,68.55,68.61,31
1783314000,68.62,68.73,68.59,68.72,151
1783314300,68.71,68.74,68.68,68.68,37
1783314600,68.68,68.74,68.66,68.74,52
1783314900,68.73,68.76,68.73,68.73,58
1783315200,68.73,68.74,68.67,68.7,88
1783315500,68.71,68.75,68.71,68.72,33
1783315800,68.72,68.8,68.7,68.74,127
1783316100,68.75,68.75,68.69,68.7,88
1783316400,68.69,68.82,68.69,68.8,148
1783316700,68.8,68.81,68.76,68.77,29
1783317000,68.78,68.88,68.77,68.85,105
1783317300,68.85,68.89,68.82,68.85,93
1783317600,68.88,69.01,68.84,68.98,302
1783317900,68.98,69.15,68.98,69.12,445
1783318200,69.12,69.18,69.07,69.08,298
1783318500,69.08,69.21,69.06,69.11,334
1783318800,69.1,69.11,68.98,68.98,261
1783319100,69,69,68.88,68.92,295
1783319400,68.92,68.97,68.85,68.85,275
1783319700,68.86,68.91,68.84,68.85,164
1783320000,68.87,68.87,68.76,68.77,147
1783320300,68.76,68.88,68.75,68.86,148
1783320600,68.87,68.88,68.71,68.74,100
1783320900,68.75,68.79,68.72,68.76,181
1783321200,68.77,68.77,68.57,68.58,566
1783321500,68.58,68.59,68.42,68.44,683
1783321800,68.45,68.52,68.41,68.49,385
1783322100,68.5,68.5,68.43,68.44,185
1783322400,68.44,68.61,68.41,68.55,305
1783322700,68.55,68.6,68.5,68.54,231
1783323000,68.52,68.52,68.39,68.46,325
1783323300,68.47,68.49,68.38,68.39,215
1783323600,68.38,68.39,68.04,68.11,1021
1783323900,68.12,68.19,68.04,68.06,600
1783324200,68.05,68.05,67.82,67.9,1213
1783324500,67.9,67.96,67.84,67.93,366
1783324800,67.94,68.06,67.9,67.95,560
1783325100,67.95,68.21,67.91,68.2,573
1783325400,68.19,68.29,68.12,68.13,710
1783325700,68.13,68.27,68.02,68.09,330
1783326000,68.09,68.16,68.02,68.15,332
1783326300,68.16,68.29,68.08,68.08,756
1783326600,68.08,68.38,68.04,68.36,655
1783326900,68.36,68.38,68.25,68.27,319
1783327200,68.26,68.43,68.21,68.4,289
1783327500,68.39,68.5,68.36,68.43,348
1783327800,68.42,68.57,68.42,68.44,336
1783328100,68.45,68.48,68.19,68.2,404
1783328400,68.2,68.33,68.2,68.26,200
1783328700,68.25,68.46,68.23,68.29,638
1783329000,68.28,68.44,68.27,68.42,240
1783329300,68.42,68.52,68.42,68.48,238
1783329600,68.49,68.56,68.32,68.32,309
1783329900,68.31,68.38,68.29,68.3,232
1783330200,68.3,68.37,68.23,68.36,200
1783330500,68.37,68.38,68.28,68.28,166
1783330800,68.28,68.44,68.21,68.44,312
1783331100,68.44,68.53,68.42,68.5,252
1783331400,68.5,68.5,68.22,68.23,511
1783331700,68.23,68.32,68.11,68.31,668
1783332000,68.32,68.39,68.25,68.33,291
1783332300,68.35,68.44,68.29,68.29,397
1783332600,68.29,68.32,68.17,68.17,244
1783332900,68.17,68.22,68.1,68.21,252
1783333200,68.22,68.31,68.21,68.27,170
1783333500,68.27,68.34,68.26,68.29,147
1783333800,68.31,68.33,68.26,68.27,134
1783334100,68.28,68.29,68.09,68.18,417
1783334400,68.2,68.35,68.2,68.33,318
1783334700,68.33,68.38,68.3,68.35,172
1783335000,68.36,68.68,68.35,68.65,1076
1783335300,68.65,68.68,68.58,68.59,469
1783335600,68.59,68.74,68.57,68.73,499
1783335900,68.73,68.76,68.57,68.63,340
1783336200,68.62,68.66,68.6,68.65,152
1783336500,68.64,68.71,68.6,68.67,174
1783336800,68.67,68.68,68.55,68.58,266
1783337100,68.58,68.63,68.53,68.58,317
1783337400,68.6,68.61,68.48,68.5,449
1783337700,68.51,68.53,68.47,68.49,170
1783338000,68.49,68.49,68.41,68.43,210
1783338300,68.44,68.44,68.31,68.44,362
1783338600,68.44,68.56,68.43,68.53,281
1783338900,68.52,68.65,68.5,68.65,223
1783339200,68.65,68.68,68.57,68.58,198
1783339500,68.58,68.68,68.56,68.65,267
1783339800,68.66,68.74,68.56,68.56,319
1783340100,68.56,68.61,68.31,68.32,726
1783340400,68.32,68.38,68.23,68.26,630
1783340700,68.26,68.28,68.14,68.19,1107
1783341000,68.2,68.33,68.19,68.33,460
1783341300,68.32,68.35,68.26,68.3,421
1783341600,68.31,68.37,68.26,68.35,232
1783341900,68.36,68.39,68.26,68.3,410
1783342200,68.29,68.38,68.24,68.32,555
1783342500,68.33,68.34,68.25,68.29,305
1783342800,68.28,68.43,68.14,68.22,1629
1783343100,68.22,68.28,68.07,68.27,974
1783343400,68.27,68.52,68.25,68.5,859
1783343700,68.5,68.62,68.41,68.62,1152
1783344000,68.62,68.7,68.56,68.63,976
1783344300,68.63,68.86,68.59,68.83,1005
1783344600,68.83,68.95,68.53,68.57,1262
1783344900,68.56,68.65,68.53,68.61,824
1783345200,68.6,68.72,68.57,68.58,645
1783345500,68.59,68.61,68.47,68.58,677
1783345800,68.59,68.7,68.55,68.67,532
1783346100,68.68,68.75,68.65,68.71,601
1783346400,68.7,68.83,68.63,68.79,748
1783346700,68.8,68.83,68.7,68.74,669
1783347000,68.74,68.78,68.62,68.64,473
1783347300,68.64,68.65,68.44,68.5,806
1783347600,68.51,68.85,68.48,68.81,1072
1783347900,68.81,68.96,68.79,68.9,1085
1783348200,68.9,69.1,68.86,68.86,1181
1783348500,68.85,69.12,68.82,69.1,887
1783348800,69.1,69.11,68.93,69.02,1000
1783349100,69.02,69.03,68.89,68.91,736
1783349400,68.92,68.93,68.71,68.78,1041
1783349700,68.78,68.81,68.7,68.76,761
1783350000,68.76,68.88,68.65,68.65,933
1783350300,68.65,68.7,68.58,68.7,533
1783350600,68.71,68.73,68.59,68.7,394
1783350900,68.7,68.78,68.66,68.74,497
1783351200,68.75,68.8,68.66,68.71,526
1783351500,68.7,68.93,68.7,68.88,1084
1783351800,68.88,69.04,68.82,68.89,1656
1783352100,68.89,68.9,68.78,68.81,434
1783352400,68.8,68.87,68.7,68.74,602
1783352700,68.74,68.83,68.69,68.81,573
1783353000,68.82,68.84,68.7,68.74,531
1783353300,68.75,68.78,68.71,68.74,276
1783353600,68.74,68.81,68.72,68.77,443
1783353900,68.78,68.78,68.66,68.67,442
1783354200,68.68,68.74,68.64,68.71,328
1783354500,68.71,68.71,68.51,68.52,528
1783354800,68.51,68.53,68.41,68.46,964
1783355100,68.45,68.48,68.35,68.36,606
1783355400,68.36,68.39,68.28,68.33,717
1783355700,68.32,68.39,68.31,68.35,373
1783356000,68.35,68.36,68.3,68.33,353
1783356300,68.34,68.41,68.33,68.33,319
1783356600,68.32,68.32,68.22,68.27,613
1783356900,68.26,68.33,68.25,68.31,415
1783357200,68.3,68.37,68.23,68.26,539
1783357500,68.25,68.29,68.22,68.26,563
1783357800,68.26,68.29,68.2,68.28,405
1783358100,68.28,68.34,68.27,68.3,393
1783358400,68.31,68.35,68.26,68.34,382
1783358700,68.35,68.5,68.34,68.42,485
1783359000,68.41,68.47,68.38,68.44,462
1783359300,68.43,68.51,68.42,68.45,710
1783359600,68.45,68.52,68.41,68.52,555
1783359900,68.52,68.53,68.44,68.44,443
1783360200,68.45,68.58,68.41,68.48,702
1783360500,68.48,68.53,68.4,68.53,526
1783360800,68.53,68.56,68.49,68.53,438
1783361100,68.52,68.59,68.52,68.53,300
1783361400,68.53,68.58,68.51,68.56,323
1783361700,68.55,68.56,68.52,68.54,351
1783362000,68.55,68.57,68.47,68.51,507
1783362300,68.5,68.62,68.44,68.55,3645
1783362600,68.55,68.58,68.36,68.49,1142
1783362900,68.5,68.52,68.46,68.5,241
1783363200,68.49,68.59,68.49,68.54,170
1783363500,68.53,68.58,68.53,68.58,131
1783363800,68.58,68.59,68.54,68.54,113
1783364100,68.55,68.59,68.53,68.54,107
1783364400,68.55,68.62,68.54,68.59,151
1783364700,68.6,68.64,68.6,68.62,99
1783365000,68.62,68.62,68.6,68.62,49
1783365300,68.63,68.69,68.61,68.69,166
1783365600,68.69,68.75,68.67,68.68,222
1783365900,68.69,68.74,68.69,68.72,103
1783366200,68.72,68.74,68.69,68.7,142
1783366500,68.69,68.71,68.65,68.67,171
1783366800,68.68,68.72,68.68,68.7,296
1783367100,68.7,68.77,68.69,68.74,211
1783367400,68.73,68.74,68.69,68.73,121
1783367700,68.73,68.74,68.66,68.69,336
1783368000,68.68,68.7,68.64,68.64,155
1783368300,68.64,68.66,68.62,68.65,91
1783368600,68.66,68.7,68.66,68.68,50
1783368900,68.67,68.71,68.67,68.69,32
1783369200,68.69,68.7,68.68,68.69,24
1783369500,68.69,68.7,68.66,68.67,101
1783369800,68.66,68.75,68.66,68.74,83
1783370100,68.75,68.75,68.7,68.7,86
1783370400,68.69,68.69,68.67,68.67,36
1783370700,68.67,68.68,68.64,68.68,89
1783371000,68.68,68.68,68.61,68.62,45
1783371300,68.62,68.63,68.59,68.6,115
1783375200,68.58,68.72,68.58,68.66,235
1783375500,68.66,68.7,68.66,68.66,27
1783375800,68.66,68.67,68.63,68.66,22
1783376100,68.66,68.67,68.66,68.67,3
1783376400,68.65,68.67,68.65,68.67,22
1783376700,68.67,68.7,68.66,68.67,27
1783377000,68.67,68.68,68.67,68.67,5
1783377300,68.67,68.67,68.67,68.67,1
1783377600,68.69,68.71,68.68,68.7,16
1783377900,68.71,68.72,68.69,68.7,16
1783378200,68.7,68.73,68.7,68.71,108
1783378500,68.72,68.75,68.7,68.75,75
1783378800,68.76,68.76,68.68,68.7,136
1783379100,68.7,68.7,68.66,68.69,20
1783379400,68.7,68.71,68.7,68.71,10
1783379700,68.7,68.9,68.66,68.9,271
1783380000,68.85,68.85,68.8,68.83,69
1783380300,68.82,68.82,68.78,68.8,20
1783380600,68.81,68.83,68.81,68.81,8
1783380900,68.82,68.83,68.79,68.8,40
1783381200,68.8,68.8,68.78,68.79,19
1783381500,68.79,68.81,68.77,68.8,58
1783381800,68.78,68.79,68.75,68.75,29
1783382100,68.76,68.77,68.74,68.76,31
1783382400,68.76,68.77,68.71,68.76,296
1783382700,68.76,68.88,68.75,68.85,135
1783383000,68.84,68.89,68.83,68.88,80
1783383300,68.9,68.9,68.85,68.88,57
1783383600,68.88,68.91,68.83,68.84,132
1783383900,68.84,68.87,68.75,68.76,219
1783384200,68.77,68.81,68.7,68.81,97
1783384500,68.82,68.83,68.79,68.82,36
1783384800,68.82,68.85,68.81,68.85,86
1783385100,68.84,68.86,68.77,68.82,136
1783385400,68.81,68.81,68.78,68.8,34
1783385700,68.83,68.9,68.83,68.88,51
1783386000,68.87,68.96,68.75,68.83,325
1783386300,68.84,68.84,68.76,68.77,125
1783386600,68.78,68.78,68.7,68.73,96
1783386900,68.71,68.74,68.63,68.65,111
1783387200,68.66,68.69,68.63,68.68,70
1783387500,68.68,68.77,68.68,68.77,74
1783387800,68.77,68.82,68.74,68.79,73
1783388100,68.79,68.86,68.77,68.85,50
1783388400,68.83,68.95,68.83,68.9,175
1783388700,68.9,68.94,68.87,68.91,155
1783389000,68.92,69.06,68.92,69.03,296
1783389300,69.02,69.1,69.01,69.07,145
1783389600,69.06,69.1,68.99,69.07,223
1783389900,69.08,69.25,69.07,69.22,541
1783390200,69.22,69.23,69.16,69.18,242
1783390500,69.17,69.27,69.16,69.22,247
1783390800,69.23,69.25,69.2,69.21,51
1783391100,69.22,69.24,69.2,69.22,159
1783391400,69.22,69.32,69.2,69.25,255
1783391700,69.24,69.27,69.13,69.13,176
1783392000,69.13,69.13,69.05,69.09,113
1783392300,69.08,69.1,69.07,69.08,83
1783392600,69.07,69.1,69.03,69.08,105
1783392900,69.08,69.1,68.96,69,219
1783393200,69,69.08,69,69.07,128
1783393500,69.07,69.21,69.07,69.2,152
1783393800,69.2,69.22,69.15,69.2,70
1783394100,69.19,69.19,69.07,69.08,183
1783394400,69.08,69.09,69.02,69.02,96
1783394700,69.03,69.05,68.97,69.05,148
1783395000,69.06,69.07,68.92,68.95,399
1783395300,68.94,68.97,68.91,68.92,123
1783395600,68.92,68.95,68.92,68.92,83
1783395900,68.92,68.93,68.85,68.86,88
1783396200,68.86,68.9,68.84,68.89,94
1783396500,68.9,68.96,68.9,68.94,61
1783396800,68.93,68.97,68.92,68.95,55
1783397100,68.95,68.98,68.93,68.98,64
1783397400,68.97,68.98,68.95,68.97,36
1783397700,68.99,68.99,68.94,68.96,59
1783398000,68.97,69,68.96,68.99,34
1783398300,68.99,69.01,68.98,69,33
1783398600,68.99,69.02,68.98,69.02,27
1783398900,69.03,69.03,68.96,68.97,48
1783399200,68.98,69,68.95,69,55
1783399500,69,69.02,68.97,68.99,25
1783399800,68.98,69,68.98,69,18
1783400100,68.98,69,68.96,68.96,36
1783400400,68.98,69.05,68.96,69.01,82
1783400700,69.01,69.02,69,69.02,30
1783401000,69.02,69.09,69.01,69.08,130
1783401300,69.09,69.15,69.07,69.11,190
1783401600,69.11,69.16,69.1,69.12,51
1783401900,69.13,69.23,69.11,69.19,189
1783402200,69.2,69.29,69.19,69.22,266
1783402500,69.22,69.24,69.18,69.24,130
1783402800,69.24,69.29,69.2,69.2,181
1783403100,69.2,69.27,69.13,69.26,108
1783403400,69.27,69.38,69.26,69.35,329
1783403700,69.33,69.44,69.32,69.35,240
1783404000,69.37,69.43,69.28,69.41,350
1783404300,69.4,69.43,69.3,69.31,218
1783404600,69.3,69.31,69.22,69.28,196
1783404900,69.28,69.34,69.2,69.33,202
1783405200,69.32,69.37,69.3,69.37,102
1783405500,69.36,69.37,69.21,69.24,203
1783405800,69.24,69.28,69.2,69.2,176
1783406100,69.21,69.29,69.21,69.28,144
1783406400,69.29,69.32,69.26,69.29,118
1783406700,69.28,69.48,69.28,69.44,647
1783407000,69.44,69.45,69.39,69.4,251
1783407300,69.39,69.46,69.36,69.44,218
1783407600,69.45,69.54,69.4,69.52,669
1783407900,69.52,69.54,69.38,69.38,316
1783408200,69.38,69.41,69.31,69.38,343
1783408500,69.38,69.38,69.31,69.32,249
1783408800,69.32,69.46,69.32,69.43,209
1783409100,69.43,69.5,69.37,69.48,267
1783409400,69.47,69.61,69.43,69.49,560
1783409700,69.48,69.52,69.38,69.39,400
1783410000,69.39,69.43,69.3,69.41,301
1783410300,69.4,69.58,69.4,69.57,321
1783410600,69.58,69.63,69.55,69.6,175
1783410900,69.59,69.59,69.34,69.34,426
1783411200,69.34,69.42,69.31,69.36,429
1783411500,69.36,69.37,69.26,69.28,396
1783411800,69.29,69.44,69.28,69.41,333
1783412100,69.4,69.41,69.26,69.3,344
1783412400,69.27,69.37,69.18,69.32,522
1783412700,69.32,69.32,69.05,69.06,885
1783413000,69.05,69.14,68.97,69.13,913
1783413300,69.14,69.38,69.11,69.34,445
1783413600,69.34,69.38,69.22,69.31,334
1783413900,69.3,69.48,69.3,69.41,421
1783414200,69.41,69.54,69.4,69.47,439
1783414500,69.46,69.47,69.32,69.36,354
1783414800,69.36,69.54,69.36,69.51,284
1783415100,69.52,69.68,69.46,69.66,558
1783415400,69.67,69.74,69.51,69.53,725
1783415700,69.53,69.57,69.44,69.53,390
1783416000,69.54,69.6,69.47,69.48,304
1783416300,69.48,69.5,69.18,69.29,1022
1783416600,69.3,69.37,69.23,69.37,335
1783416900,69.38,69.41,69.23,69.23,177
1783417200,69.23,69.23,69.06,69.13,570
1783417500,69.14,69.27,69.14,69.26,196
1783417800,69.26,69.3,69.21,69.24,288
1783418100,69.25,69.32,69.23,69.27,258
1783418400,69.27,69.27,69.13,69.15,287
1783418700,69.15,69.22,69.08,69.1,186
1783419000,69.1,69.22,69.09,69.19,174
1783419300,69.18,69.26,69.11,69.19,235
1783419600,69.2,69.23,69.16,69.18,108
1783419900,69.19,69.25,69.15,69.16,165
1783420200,69.18,69.2,69.06,69.12,296
1783420500,69.12,69.16,69.07,69.13,195
1783420800,69.11,69.26,69.11,69.23,175
1783421100,69.22,69.33,69.22,69.31,206
1783421400,69.31,69.34,69.29,69.31,232
1783421700,69.31,69.41,69.29,69.39,312
1783422000,69.39,69.46,69.37,69.43,295
1783422300,69.43,69.44,69.31,69.32,362
1783422600,69.33,69.33,69.23,69.27,178
1783422900,69.26,69.32,69.09,69.15,497
1783423200,69.14,69.21,69.13,69.18,211
1783423500,69.21,69.23,69.08,69.09,467
1783423800,69.08,69.08,68.93,69,592
1783424100,69,69.06,68.98,69.04,311
1783424400,69.05,69.2,69.05,69.17,259
1783424700,69.17,69.23,69.1,69.14,249
1783425000,69.13,69.14,69.07,69.1,278
1783425300,69.09,69.09,68.99,69.03,257
1783425600,69.02,69.11,69,69.09,344
1783425900,69.09,69.09,68.88,68.9,416
1783426200,68.92,69.05,68.91,69.02,314
1783426500,69.02,69.05,68.96,69.04,190
1783426800,69.04,69.1,68.99,69.01,194
1783427100,69.02,69.07,68.96,69.03,244
1783427400,69.03,69.09,68.96,69.05,287
1783427700,69.06,69.06,68.93,69.01,436
1783428000,69.02,69.26,69.02,69.21,977
1783428300,69.2,69.33,69.19,69.31,530
1783428600,69.3,69.33,69.22,69.28,341
1783428900,69.27,69.29,69.04,69.14,581
1783429200,69.13,69.39,69.11,69.33,1566
1783429500,69.34,69.4,69.2,69.22,776
1783429800,69.21,69.43,69.21,69.37,692
1783430100,69.37,69.39,69.23,69.26,847
1783430400,69.26,69.82,69.23,69.62,3171
1783430700,69.61,69.74,69.56,69.6,1489
1783431000,69.6,69.75,69.55,69.57,1402
1783431300,69.56,69.58,69.49,69.52,977
1783431600,69.52,69.88,69.52,69.84,1505
1783431900,69.83,69.91,69.7,69.75,1335
1783432200,69.77,69.9,69.74,69.87,994
1783432500,69.86,70.08,69.86,70.03,2246
1783432800,70.04,70.33,69.97,70.27,3658
1783433100,70.28,70.52,70.22,70.49,2090
1783433400,70.49,70.52,70.18,70.19,2600
1783433700,70.18,70.19,69.77,69.82,3179
1783434000,69.83,70.22,69.83,70.2,2000
1783434300,70.2,70.3,70.11,70.24,1045
1783434600,70.23,70.41,70.22,70.3,1266
1783434900,70.31,70.34,70.19,70.26,971
1783435200,70.26,70.26,70.02,70.05,933
1783435500,70.05,70.07,69.98,70,759
1783435800,70,70.16,69.98,70.13,1054
1783436100,70.13,70.26,70.13,70.23,1100
1783436400,70.24,70.3,70.15,70.19,775
1783436700,70.2,70.31,70.18,70.27,680
1783437000,70.27,70.36,70.2,70.31,860
1783437300,70.3,70.39,70.26,70.37,1121
1783437600,70.36,70.48,70.33,70.33,1197
1783437900,70.32,70.37,70.21,70.21,1002
1783438200,70.2,70.32,70.08,70.3,1134
1783438500,70.31,70.32,70.16,70.16,497
1783438800,70.16,70.32,70.11,70.31,504
1783439100,70.31,70.55,70.31,70.54,1818
1783439400,70.55,70.56,70.46,70.53,789
1783439700,70.53,70.54,70.34,70.34,726
1783440000,70.34,70.46,70.3,70.41,668
1783440300,70.41,70.55,70.39,70.52,686
1783440600,70.51,70.52,70.36,70.42,611
1783440900,70.43,70.48,70.38,70.43,336
1783441200,70.43,70.48,70.38,70.47,315
1783441500,70.47,70.58,70.43,70.51,715
1783441800,70.5,70.52,70.37,70.38,603
1783442100,70.38,70.43,70.32,70.41,418
1783442400,70.41,70.47,70.4,70.44,229
1783442700,70.44,70.49,70.4,70.47,261
1783443000,70.47,70.53,70.4,70.45,386
1783443300,70.44,70.49,70.42,70.44,335
1783443600,70.44,70.45,70.35,70.4,673
1783443900,70.41,70.6,70.41,70.53,833
1783444200,70.51,70.54,70.41,70.41,394
1783444500,70.41,70.57,70.4,70.56,541
1783444800,70.56,70.67,70.55,70.62,805
1783445100,70.62,70.63,70.57,70.58,379
1783445400,70.6,70.62,70.56,70.58,296
1783445700,70.58,70.72,70.56,70.62,648
1783446000,70.62,70.63,70.5,70.51,625
1783446300,70.5,70.52,70.42,70.43,567
1783446600,70.44,70.46,70.35,70.35,671
1783446900,70.36,70.44,70.34,70.42,799
1783447200,70.43,70.52,70.39,70.45,741
1783447500,70.45,70.52,70.44,70.46,483
1783447800,70.46,70.49,70.42,70.46,511
1783448100,70.45,70.59,70.44,70.54,1115
1783448400,70.54,70.59,70.43,70.43,937
1783448700,70.43,70.49,70.36,70.48,3509
1783449000,70.48,70.65,70.43,70.46,1904
1783449300,70.45,70.45,70.39,70.39,430
1783449600,70.4,70.44,70.33,70.41,296
1783449900,70.42,71.09,70.38,70.85,3209
1783450200,70.87,71.28,70.77,71.23,2416
1783450500,71.23,71.46,71.21,71.45,1909
1783450800,71.45,71.7,71.42,71.69,1949
1783451100,71.69,71.95,71.63,71.91,1801
1783451400,71.92,72.14,71.92,72.08,2172
1783451700,72.08,72.51,72.08,72.13,3147
1783452000,72.15,72.35,71.96,72.24,2641
1783452300,72.25,72.34,72.13,72.22,1040
1783452600,72.22,72.32,72.16,72.2,723
1783452900,72.22,72.22,72.01,72.1,762
1783453200,72.09,72.17,71.84,71.89,1585
1783453500,71.88,72.11,71.84,71.93,1229
1783453800,71.92,71.94,71.76,71.87,1136
1783454100,71.87,71.95,71.83,71.88,555
1783454400,71.89,72.06,71.88,72.02,467
1783454700,71.99,72.07,71.92,72.06,200
1783455000,72.05,72.1,71.97,72.02,262
1783455300,72.02,72.12,71.97,71.97,633
1783455600,71.98,72.05,71.98,72.05,124
1783455900,72.06,72.08,72.01,72.07,86
1783456200,72.07,72.29,72.06,72.26,432
1783456500,72.26,72.3,72.16,72.18,251
1783456800,72.17,72.21,72.13,72.14,103
1783457100,72.15,72.31,72.15,72.3,363
1783457400,72.3,72.31,72.19,72.21,330
1783457700,72.22,72.22,72.14,72.2,275
1783461600,72.38,72.65,72.07,72.28,1274
1783461900,72.27,72.43,72.27,72.43,385
1783462200,72.42,72.43,72.33,72.33,216
1783462500,72.32,72.34,72.27,72.31,110
1783462800,72.33,72.34,72.27,72.34,118
1783463100,72.35,72.43,72.35,72.4,234
1783463400,72.4,72.4,72.34,72.37,90
1783463700,72.37,72.43,72.36,72.37,49
1783464000,72.38,72.45,72.36,72.43,86
1783464300,72.41,72.43,72.38,72.43,39
1783464600,72.44,72.49,72.44,72.48,149
1783464900,72.48,72.48,72.43,72.45,68
1783465200,72.45,72.48,72.44,72.44,69
1783465500,72.43,72.49,72.43,72.47,74
1783465800,72.45,72.45,72.38,72.39,58
1783466100,72.4,72.41,72.3,72.31,176
1783466400,72.31,72.4,72.28,72.39,85
1783466700,72.39,72.47,72.37,72.44,136
1783467000,72.45,72.47,72.31,72.43,238
1783467300,72.41,72.5,72.41,72.48,145
1783467600,72.48,72.5,72.36,72.41,113
1783467900,72.43,72.45,72.29,72.32,155
1783468200,72.34,72.38,72.27,72.31,125
1783468500,72.31,72.43,72.26,72.42,191
1783468800,72.41,72.52,72.35,72.47,850
1783469100,72.48,72.52,72.47,72.49,260
1783469400,72.5,72.51,72.45,72.49,171
1783469700,72.49,72.72,72.48,72.64,698
1783470000,72.64,72.68,72.48,72.53,434
1783470300,72.54,72.58,72.41,72.56,548
1783470600,72.56,72.56,72.34,72.34,259
1783470900,72.34,72.36,72.22,72.25,275
1783471200,72.24,72.31,72.04,72.11,525
1783471500,72.11,72.19,72.07,72.13,240
1783471800,72.12,72.18,72.03,72.13,269
1783472100,72.13,72.13,71.96,71.99,364
1783472400,71.99,71.99,71.76,71.89,1093
1783472700,71.9,72.13,71.89,72.04,558
1783473000,72.04,72.06,71.89,71.93,299
1783473300,71.94,72,71.88,71.91,238
1783473600,71.92,71.92,71.79,71.8,467
1783473900,71.79,71.85,71.75,71.81,477
1783474200,71.81,71.96,71.79,71.95,292
1783474500,71.94,72.07,71.9,72.03,495
1783474800,72.03,72.13,72.01,72.1,277
1783475100,72.09,72.16,72,72.1,266
1783475400,72.12,72.16,72.02,72.11,151
1783475700,72.1,72.16,72.08,72.13,157
1783476000,72.13,72.16,72,72.15,199
1783476300,72.15,72.26,72.14,72.22,254
1783476600,72.23,72.31,72.22,72.27,191
1783476900,72.27,72.34,72.24,72.34,135
1783477200,72.33,72.41,72.33,72.41,224
1783477500,72.41,72.62,72.38,72.43,694
1783477800,72.43,72.48,72.3,72.31,313
1783478100,72.33,72.34,72.09,72.11,355
1783478400,72.11,72.2,72.09,72.11,171
1783478700,72.12,72.22,72.1,72.22,149
1783479000,72.23,72.31,72.22,72.26,177
1783479300,72.28,72.29,72.23,72.26,420
1783479600,72.26,72.32,72.21,72.29,161
1783479900,72.32,72.39,72.29,72.38,189
1783480200,72.39,72.4,72.29,72.32,162
1783480500,72.32,72.36,72.26,72.27,98
1783480800,72.28,72.31,72.23,72.28,121
1783481100,72.29,72.29,72.21,72.22,207
1783481400,72.23,72.28,72.16,72.28,379
1783481700,72.28,72.32,72.26,72.29,148
1783482000,72.3,72.3,72.23,72.29,98
1783482300,72.29,72.31,72.26,72.26,97
1783482600,72.26,72.28,72.21,72.22,72
1783482900,72.22,72.27,72.19,72.26,101
1783483200,72.26,72.29,72.24,72.26,71
1783483500,72.27,72.34,72.26,72.27,96
1783483800,72.26,72.39,72.26,72.36,152
1783484100,72.34,72.39,72.29,72.34,155
1783484400,72.34,72.35,72.28,72.28,69
1783484700,72.3,72.3,72.25,72.25,74
1783485000,72.25,72.27,72.2,72.26,83
1783485300,72.25,72.27,72.23,72.25,98
1783485600,72.25,72.3,72.2,72.27,220
1783485900,72.27,72.31,72.26,72.31,70
1783486200,72.3,72.32,72.29,72.31,32
1783486500,72.3,72.38,72.26,72.36,99
1783486800,72.37,72.47,72.35,72.43,292
1783487100,72.44,72.58,72.44,72.57,221
1783487400,72.56,72.6,72.43,72.47,194
1783487700,72.48,72.62,72.48,72.61,172
1783488000,72.61,72.92,72.6,72.84,1035
1783488300,72.85,72.89,72.69,72.73,252
1783488600,72.73,72.77,72.65,72.73,303
1783488900,72.72,72.75,72.61,72.61,252
1783489200,72.6,72.6,72.33,72.6,450
1783489500,72.59,72.66,72.54,72.65,243
1783489800,72.66,72.8,72.66,72.74,272
1783490100,72.74,72.82,72.7,72.77,216
1783490400,72.76,72.85,72.63,72.7,353
1783490700,72.68,72.85,72.67,72.79,322
1783491000,72.79,72.93,72.76,72.81,286
1783491300,72.81,72.82,72.61,72.62,338
1783491600,72.62,72.83,72.6,72.71,307
1783491900,72.73,72.75,72.61,72.67,253
1783492200,72.67,72.83,72.6,72.75,344
1783492500,72.76,72.84,72.7,72.72,270
1783492800,72.71,72.77,72.65,72.68,458
1783493100,72.68,72.74,72.56,72.61,494
1783493400,72.59,72.72,72.55,72.66,342
1783493700,72.68,72.68,72.57,72.57,272
1783494000,72.55,72.74,72.53,72.71,495
1783494300,72.69,72.85,72.58,72.59,575
1783494600,72.58,72.61,72.44,72.51,422
1783494900,72.5,72.51,72.35,72.37,464
1783495200,72.38,72.39,72.15,72.26,728
1783495500,72.26,72.27,72.01,72.02,566
1783495800,72.03,72.04,71.94,71.98,876
1783496100,71.97,72.02,71.94,71.98,435
1783496400,71.97,72.01,71.81,71.87,459
1783496700,71.87,72.02,71.83,71.91,504
1783497000,71.9,72.05,71.9,71.99,387
1783497300,72,72.1,72,72.06,403
1783497600,72.07,72.23,72.01,72.23,651
1783497900,72.23,72.26,72.02,72.05,739
1783498200,72.05,72.06,71.93,72.03,295
1783498500,72.03,73.67,71.97,73.51,7886
1783498800,73.52,74.18,73.35,73.98,4452
1783499100,73.98,74.26,73.96,74.02,3507
1783499400,74.03,74.39,73.97,74.38,2877
1783499700,74.37,74.78,74.31,74.73,2566
1783500000,74.72,74.91,74.67,74.68,2014
1783500300,74.69,74.71,74.26,74.62,2313
1783500600,74.61,74.7,74.45,74.69,1117
1783500900,74.68,74.91,74.59,74.85,1327
1783501200,74.85,75.07,74.8,74.85,1938
1783501500,74.86,75.03,74.83,74.99,1662
1783501800,74.99,75.11,74.86,75.11,1324
1783502100,75.12,75.13,74.92,74.97,1349
1783502400,74.96,75.3,74.84,75.05,1793
1783502700,75.06,75.18,74.77,74.86,1143
1783503000,74.86,74.89,74.51,74.52,1277
1783503300,74.52,74.78,74.44,74.5,1068
1783503600,74.5,74.65,74.44,74.59,1785
1783503900,74.57,74.72,74.46,74.69,1624
1783504200,74.69,74.8,74.54,74.8,1837
1783504500,74.82,75.07,74.8,74.9,1748
1783504800,74.9,74.97,74.69,74.7,1325
1783505100,74.72,74.97,74.65,74.67,694
1783505400,74.66,74.78,74.59,74.65,805
1783505700,74.64,74.7,74.32,74.35,731
1783506000,74.36,74.46,74.27,74.44,975
1783506300,74.44,74.48,74.19,74.21,1091
1783506600,74.21,74.23,73.82,73.87,2141
1783506900,73.88,74.12,73.86,73.9,909
1783507200,73.92,74.04,73.87,73.95,697
1783507500,73.96,74.12,73.86,74.08,598
1783507800,74.08,74.1,73.9,73.96,727
1783508100,73.97,74.15,73.94,74.15,719
1783508400,74.15,74.21,73.96,74.03,1069
1783508700,74.02,74.24,73.96,74.22,576
1783509000,74.22,74.32,74.14,74.18,480
1783509300,74.18,74.32,74.18,74.21,332
1783509600,74.24,74.41,74.23,74.26,713
1783509900,74.28,74.42,74.27,74.3,392
1783510200,74.31,74.44,74.29,74.35,402
1783510500,74.34,74.58,74.32,74.52,640
1783510800,74.52,74.55,73.48,74.05,3557
1783511100,74.05,74.12,73.84,73.94,1433
1783511400,73.95,74.12,73.87,74.01,1166
1783511700,74,74.12,73.84,74.08,975
1783512000,74.08,74.34,74.05,74.25,1262
1783512300,74.24,74.32,74.09,74.12,789
1783512600,74.13,74.15,73.87,74,958
1783512900,74,74.01,73.53,73.58,1765
1783513200,73.58,73.69,73.54,73.62,981
1783513500,73.62,73.68,73.42,73.45,1372
1783513800,73.47,73.56,73.33,73.43,1283
1783514100,73.42,73.55,73.25,73.28,1415
1783514400,73.28,73.4,73.2,73.34,799
1783514700,73.33,73.58,73.29,73.4,1499
1783515000,73.41,73.41,73.16,73.26,1118
1783515300,73.28,73.88,73.13,73.84,4720
1783515600,73.83,74.07,73.71,73.94,4656
1783515900,73.94,74.15,73.87,73.93,3242
1783516200,73.92,74.09,73.62,73.77,2358
1783516500,73.76,73.97,73.71,73.95,1050
1783516800,73.95,74.05,73.84,73.93,1554
1783517100,73.93,74.29,73.79,74.24,3745
1783517400,74.23,74.31,73.8,73.93,2397
1783517700,73.93,74.05,73.77,73.78,1516
1783518000,73.79,73.79,73.53,73.56,1795
1783518300,73.55,73.61,73.45,73.53,1572
1783518600,73.56,73.69,73.31,73.68,1278
1783518900,73.68,73.82,73.58,73.75,1625
1783519200,73.76,73.96,73.74,73.88,1771
1783519500,73.89,74.39,73.86,74.22,2925
1783519800,74.22,74.34,73.93,74.33,1880
1783520100,74.33,74.87,74.33,74.87,3531
1783520400,74.87,74.98,74.77,74.95,2454
1783520700,74.95,75.51,74.83,75.51,4746
1783521000,75.5,75.68,75.35,75.6,5222
1783521300,75.6,75.79,75.47,75.58,2446
1783521600,75.57,75.57,75.27,75.33,2755
1783521900,75.32,75.49,75.1,75.24,2364
1783522200,75.24,75.47,75.21,75.44,1905
1783522500,75.45,75.53,75.3,75.3,2107
1783522800,75.3,75.64,75.24,75.61,3059
1783523100,75.62,75.78,75.41,75.7,2450
1783523400,75.7,75.76,75.57,75.67,1336
1783523700,75.68,75.84,75.45,75.5,1542
1783524000,75.48,75.56,75.25,75.38,1707
1783524300,75.38,75.53,75.25,75.28,1535
1783524600,75.28,75.74,75.26,75.72,1879
1783524900,75.72,75.82,75.66,75.75,1479
1783525200,75.74,75.76,75.61,75.66,1084
1783525500,75.67,75.97,75.64,75.93,1593
1783525800,75.94,76.08,75.94,75.96,1774
1783526100,75.97,76.01,75.83,75.84,899
1783526400,75.84,75.98,75.72,75.74,1269
1783526700,75.74,75.74,75.3,75.35,2148
1783527000,75.34,75.36,75.03,75.29,2245
1783527300,75.31,75.43,75.23,75.31,1119
1783527600,75.3,75.32,75.13,75.22,1206
1783527900,75.21,75.23,74.87,75.06,1975
1783528200,75.05,75.15,74.84,75.12,2430
1783528500,75.11,75.34,74.76,74.81,3416
1783528800,74.84,75.07,74.58,74.64,4016
1783529100,74.64,74.83,74.53,74.6,1966
1783529400,74.6,74.67,74.41,74.6,2329
1783529700,74.59,74.62,74.37,74.57,1537
1783530000,74.58,74.63,74.33,74.41,1210
1783530300,74.4,74.42,74.17,74.38,1097
1783530600,74.38,74.43,74.18,74.3,767
1783530900,74.29,74.32,74.13,74.2,710
1783531200,74.19,74.23,74.05,74.14,1091
1783531500,74.13,74.13,73.81,73.85,1518
1783531800,73.84,73.86,73.65,73.83,1732
1783532100,73.84,73.97,73.77,73.95,1100
1783532400,73.95,73.98,73.71,73.74,1011
1783532700,73.74,73.89,73.73,73.87,787
1783533000,73.85,73.85,73.54,73.59,1293
1783533300,73.59,73.79,73.58,73.78,868
1783533600,73.77,73.81,73.59,73.7,1049
1783533900,73.69,73.76,73.66,73.73,547
1783534200,73.74,73.75,73.51,73.61,983
1783534500,73.61,73.77,73.55,73.55,922
1783534800,73.56,73.69,73.48,73.67,869
1783535100,73.66,73.78,73.43,73.53,4776
1783535400,73.53,73.6,73.35,73.59,1870
1783535700,73.58,73.8,73.57,73.71,1281
1783536000,73.7,73.85,73.69,73.76,575
1783536300,73.76,73.79,73.66,73.67,308
1783536600,73.67,73.73,73.6,73.66,533
1783536900,73.66,73.7,73.56,73.59,392
1783537200,73.61,73.7,73.6,73.69,215
1783537500,73.68,73.72,73.65,73.68,164
1783537800,73.68,73.68,73.59,73.6,233
1783538100,73.6,73.63,73.5,73.63,445
1783538400,73.62,73.64,73.54,73.57,279
1783538700,73.57,73.63,73.54,73.62,220
1783539000,73.61,73.8,73.59,73.8,262
1783539300,73.8,73.86,73.74,73.83,215
1783539600,73.83,74.11,73.81,74.07,742
1783539900,74.07,74.31,74.03,74.29,1245
1783540200,74.29,74.31,73.96,74.04,856
1783540500,74.04,74.07,73.93,74.07,626
1783540800,74.06,74.3,74.05,74.23,433
1783541100,74.25,74.32,74.23,74.27,264
1783541400,74.28,74.62,74.24,74.38,1279
1783541700,74.38,74.65,74.37,74.56,537
1783542000,74.56,74.81,74.54,74.63,667
1783542300,74.65,74.68,74.49,74.62,424
1783542600,74.6,74.89,74.59,74.81,672
1783542900,74.8,75.06,74.79,75.01,633
1783543200,75.02,75.05,74.85,74.85,407
1783543500,74.83,74.86,74.72,74.79,352
1783543800,74.78,74.78,74.49,74.72,505
1783544100,74.72,74.82,74.58,74.76,562
1783548000,74.95,75.13,74.49,74.61,422
1783548300,74.61,74.71,74.58,74.71,108
1783548600,74.71,74.73,74.61,74.65,94
1783548900,74.66,74.69,74.57,74.63,162
1783549200,74.66,74.69,74.6,74.6,48
1783549500,74.59,74.62,74.45,74.49,153
1783549800,74.5,74.54,74.22,74.35,434
1783550100,74.32,74.59,74.25,74.55,227
1783550400,74.53,74.59,74.44,74.5,91
1783550700,74.53,74.59,74.5,74.58,48
1783551000,74.59,74.61,74.54,74.59,38
1783551300,74.61,74.61,74.43,74.53,57
1783551600,74.52,74.53,74.49,74.53,29
1783551900,74.52,74.56,74.51,74.54,91
1783552200,74.54,74.55,74.51,74.52,28
1783552500,74.54,74.57,74.51,74.55,77
1783552800,74.56,74.56,74.46,74.49,49
1783553100,74.47,74.48,74.42,74.46,51
1783553400,74.45,74.49,74.42,74.46,54
1783553700,74.46,74.46,74.41,74.42,36
1783554000,74.42,74.45,74.42,74.43,27
1783554300,74.44,74.5,74.44,74.47,29
1783554600,74.46,74.47,74.42,74.45,34
1783554900,74.45,74.48,74.4,74.46,62
1783555200,74.45,74.52,74.33,74.33,364
1783555500,74.33,74.37,74.22,74.28,323
1783555800,74.3,74.31,74.13,74.21,201
1783556100,74.22,74.27,74.12,74.17,191
1783556400,74.18,74.3,74.16,74.28,127
1783556700,74.26,74.36,74.18,74.23,125
1783557000,74.22,74.33,74.09,74.32,285
1783557300,74.33,74.38,74.16,74.25,155
1783557600,74.25,74.25,74.17,74.24,129
1783557900,74.26,74.29,74.22,74.23,44
1783558200,74.24,74.31,74.21,74.26,118
1783558500,74.28,74.28,74,74.02,341
1783558800,74.02,74.34,73.88,74.26,897
1783559100,74.26,74.26,74.08,74.12,281
1783559400,74.12,74.5,74.11,74.47,387
1783559700,74.48,74.62,74.44,74.47,539
1783560000,74.49,74.55,74.38,74.48,253
1783560300,74.47,74.5,74.38,74.4,76
1783560600,74.38,74.39,74.22,74.24,225
1783560900,74.24,74.25,74.11,74.2,197
1783561200,74.19,74.21,74.11,74.2,195
1783561500,74.18,74.24,74.1,74.16,109
1783561800,74.16,74.21,74.13,74.19,73
1783562100,74.2,74.21,74.08,74.12,93
1783562400,74.12,74.18,73.97,74.06,307
1783562700,74.07,74.26,74.07,74.22,187
1783563000,74.22,74.28,74.15,74.19,279
1783563300,74.2,74.25,74.17,74.21,96
1783563600,74.2,74.31,74.16,74.3,157
1783563900,74.31,74.33,74.23,74.24,114
1783564200,74.27,74.41,74.27,74.38,149
1783564500,74.39,74.47,74.36,74.47,137
1783564800,74.46,74.5,74.43,74.43,225
1783565100,74.42,74.59,74.4,74.59,163
1783565400,74.59,74.67,74.56,74.6,212
1783565700,74.59,74.59,74.47,74.51,163
1783566000,74.53,74.6,74.5,74.53,104
1783566300,74.52,74.55,74.35,74.4,292
1783566600,74.38,74.43,74.29,74.31,165
1783566900,74.32,74.35,74.26,74.33,148
1783567200,74.33,74.45,74.33,74.42,291
1783567500,74.42,74.45,74.36,74.41,88
1783567800,74.4,74.42,74.16,74.26,267
1783568100,74.25,74.3,74.22,74.27,121
1783568400,74.27,74.36,74.24,74.36,93
1783568700,74.36,74.38,74.29,74.33,92
1783569000,74.33,74.38,74.26,74.26,70
1783569300,74.26,74.32,74.26,74.27,63
1783569600,74.27,74.34,74.26,74.3,45
1783569900,74.31,74.34,74.29,74.29,20
1783570200,74.29,74.36,74.29,74.36,52
1783570500,74.36,74.37,74.32,74.32,58
1783570800,74.32,74.38,74.31,74.37,29
1783571100,74.39,74.41,74.38,74.39,39
1783571400,74.39,74.41,74.33,74.36,53
1783571700,74.36,74.37,74.32,74.34,29
1783572000,74.32,74.34,74.25,74.28,416
1783572300,74.28,74.35,74.28,74.29,44
1783572600,74.31,74.36,74.29,74.32,71
1783572900,74.32,74.38,74.32,74.35,48
1783573200,74.34,74.39,74.29,74.33,69
1783573500,74.33,74.34,74.25,74.31,81
1783573800,74.3,74.33,74,74.25,1456
1783574100,74.27,74.54,74.27,74.48,913
1783574400,74.48,74.54,74.38,74.44,197
1783574700,74.45,74.45,74.3,74.31,217
1783575000,74.3,74.3,73.78,73.86,880
1783575300,73.87,73.91,73.72,73.72,612
1783575600,73.72,73.78,73.6,73.69,569
1783575900,73.68,73.69,73.42,73.46,500
1783576200,73.45,73.47,73.13,73.22,1191
1783576500,73.23,73.27,73,73.06,824
1783576800,73.08,73.3,73.01,73.25,733
1783577100,73.24,73.43,73.23,73.4,506
1783577400,73.41,73.53,73.4,73.42,384
1783577700,73.44,73.49,73.26,73.31,489
1783578000,73.29,73.32,73.14,73.18,354
1783578300,73.19,73.43,73.16,73.34,353
1783578600,73.35,73.39,73.26,73.27,265
1783578900,73.28,73.37,73.21,73.32,278
1783579200,73.3,73.33,73.17,73.2,300
1783579500,73.2,73.33,73.19,73.33,342
1783579800,73.32,73.39,73.27,73.35,171
1783580100,73.37,73.39,73.25,73.31,280
1783580400,73.32,73.4,73.14,73.28,367
1783580700,73.28,73.57,73.25,73.52,519
1783581000,73.52,73.74,73.52,73.67,1012
1783581300,73.68,73.69,73.4,73.42,441
1783581600,73.43,73.54,73.39,73.41,223
1783581900,73.41,73.43,73.17,73.21,328
1783582200,73.21,73.25,72.87,72.89,1096
1783582500,72.88,72.99,72.81,72.96,514
1783582800,72.97,72.99,72.71,72.74,670
1783583100,72.74,72.81,72.54,72.72,1103
1783583400,72.71,72.73,72.56,72.72,445
1783583700,72.72,72.96,72.68,72.76,808
1783584000,72.76,72.92,72.72,72.78,595
1783584300,72.79,72.81,72.54,72.58,833
1783584600,72.58,72.76,72.54,72.63,527
1783584900,72.63,72.63,72.42,72.47,690
1783585200,72.45,72.54,72.41,72.49,324
1783585500,72.48,72.61,72.44,72.49,828
1783585800,72.49,72.83,72.37,72.77,838
1783586100,72.76,72.99,72.73,72.98,476
1783586400,72.98,73.02,72.85,72.85,355
1783586700,72.87,72.98,72.84,72.89,325
1783587000,72.89,72.91,72.73,72.8,294
1783587300,72.81,73.05,72.8,73.02,474
1783587600,73.04,73.18,72.98,73.14,583
1783587900,73.13,73.23,73.09,73.15,357
1783588200,73.14,73.18,72.97,73,382
1783588500,72.98,73.14,72.97,73.07,290
1783588800,73.06,73.16,72.99,73.12,207
1783589100,73.13,73.23,73.12,73.2,454
1783589400,73.21,73.26,73.09,73.25,386
1783589700,73.24,73.42,73.24,73.34,382
1783590000,73.34,73.57,73.34,73.53,596
1783590300,73.53,73.67,73.51,73.62,453
1783590600,73.62,73.64,73.38,73.49,515
1783590900,73.48,73.54,73.44,73.51,283
1783591200,73.51,73.64,73.51,73.57,287
1783591500,73.56,73.66,73.52,73.57,283
1783591800,73.57,73.7,73.42,73.6,515
1783592100,73.6,73.67,73.49,73.63,275
1783592400,73.62,73.76,73.58,73.75,268
1783592700,73.76,73.83,73.72,73.8,383
1783593000,73.81,73.89,73.78,73.78,593
1783593300,73.76,73.77,73.6,73.66,249
1783593600,73.68,73.83,73.6,73.73,268
1783593900,73.74,74.04,73.74,73.98,645
1783594200,73.98,74.54,73.98,74.43,1783
1783594500,74.43,74.62,74.23,74.25,1732
1783594800,74.25,74.29,73.97,74.09,1282
1783595100,74.08,74.23,73.96,74.11,755
1783595400,74.11,74.11,73.89,73.99,413
1783595700,74,74.24,74,74.05,347
1783596000,74.08,74.16,73.98,74.15,398
1783596300,74.13,74.16,74.04,74.07,189
1783596600,74.08,74.23,73.95,74.02,1170
1783596900,74.02,74.06,73.85,73.86,306
1783597200,73.85,74.01,73.85,74,290
1783597500,73.99,74.11,73.83,73.97,1057
1783597800,73.97,74.03,73.9,74.01,344
1783598100,74.01,74.03,73.88,73.96,264
1783598400,73.95,74.13,73.86,74,723
1783598700,74,74.09,73.82,73.88,326
1783599000,73.87,73.9,73.63,73.7,656
1783599300,73.7,73.81,73.63,73.76,616
1783599600,73.75,73.76,73.66,73.7,391
1783599900,73.7,73.88,73.69,73.84,434
1783600200,73.84,73.94,73.76,73.76,559
1783600500,73.75,73.89,73.66,73.88,519
1783600800,73.88,74.11,73.88,73.98,853
1783601100,73.99,74.05,73.88,74.02,514
1783601400,74.02,74.02,73.85,73.94,493
1783601700,73.93,73.98,73.86,73.93,393
1783602000,73.92,74.01,73.69,73.7,1553
1783602300,73.71,73.91,73.44,73.47,1620
1783602600,73.47,73.55,73.3,73.33,1540
1783602900,73.31,73.31,72.94,72.97,2127
1783603200,72.97,73.18,72.96,73.08,1353
1783603500,73.08,73.23,73.03,73.18,897
1783603800,73.18,73.24,72.82,72.99,1497
1783604100,73,73.06,72.93,72.96,780
1783604400,72.96,73.01,72.71,72.8,1722
1783604700,72.82,72.87,72.71,72.75,1022
1783605000,72.75,72.98,72.73,72.85,1086
1783605300,72.84,72.85,72.62,72.66,1367
1783605600,72.66,72.84,72.51,72.75,1723
1783605900,72.75,72.92,72.56,72.71,1579
1783606200,72.71,72.74,72.52,72.57,1059
1783606500,72.56,72.65,72.51,72.53,975
1783606800,72.54,72.66,72.45,72.58,979
1783607100,72.59,72.73,72.56,72.69,688
1783607400,72.69,72.71,72.43,72.43,853
1783607700,72.42,72.77,72.39,72.63,1424
1783608000,72.63,72.85,72.62,72.79,984
1783608300,72.79,73.08,72.71,73.02,1302
1783608600,73.01,73.03,72.16,72.3,2358
1783608900,72.3,72.4,72.21,72.31,1638
1783609200,72.31,72.43,72.27,72.37,835
1783609500,72.36,72.5,72.31,72.41,899
1783609800,72.42,72.53,72.37,72.45,695
1783610100,72.45,72.45,72.19,72.32,1179
1783610400,72.32,72.34,72.2,72.21,841
1783610700,72.2,72.24,72.07,72.18,1415
1783611000,72.18,72.43,72.15,72.31,1138
1783611300,72.31,72.38,72.12,72.14,732
1783611600,72.14,72.21,71.91,71.95,1391
1783611900,71.96,72.12,71.81,72.08,1990
1783612200,72.07,72.16,71.95,72.12,1178
1783612500,72.12,72.14,72.06,72.12,648
1783612800,72.14,72.15,72.01,72.06,880
1783613100,72.06,72.17,71.98,72.17,732
1783613400,72.17,72.27,72.09,72.12,906
1783613700,72.1,72.12,71.9,72.01,894
1783614000,72.01,72.06,71.97,72.03,624
1783614300,72.03,72.13,71.94,71.99,497
1783614600,72,72.09,71.96,72.09,546
1783614900,72.08,72.12,71.99,72.07,588
1783615200,72.04,72.1,72,72.04,532
1783615500,72.05,72.08,71.97,72.04,401
1783615800,72.02,72.05,71.64,71.71,1807
1783616100,71.7,71.95,71.65,71.94,1264
1783616400,71.94,72.02,71.87,71.93,780
1783616700,71.94,72.02,71.9,72,474
1783617000,72,72.12,71.99,72.04,653
1783617300,72.03,72.08,71.92,71.92,639
1783617600,71.93,71.96,71.88,71.91,532
1783617900,71.9,71.94,71.77,71.81,905
1783618200,71.81,71.89,71.72,71.73,623
1783618500,71.73,71.73,71.43,71.54,1895
1783618800,71.54,71.64,71.53,71.54,619
1783619100,71.55,71.64,71.51,71.52,560
1783619400,71.52,71.59,71.46,71.59,731
1783619700,71.59,71.69,71.46,71.53,1434
1783620000,71.52,71.61,71.42,71.59,1613
1783620300,71.59,71.68,71.53,71.53,967
1783620600,71.52,71.72,71.5,71.67,1465
1783620900,71.67,71.98,71.66,71.98,1475
1783621200,71.97,72.13,71.94,72.13,2715
1783621500,72.14,72.2,71.94,72.1,4413
1783621800,72.1,72.14,71.94,71.98,1612
1783622100,71.98,72.02,71.88,71.89,584
1783622400,71.89,71.92,71.63,71.68,1381
1783622700,71.67,71.81,71.67,71.77,535
1783623000,71.77,71.8,71.7,71.73,432
1783623300,71.72,71.72,71.56,71.61,617
1783623600,71.6,71.62,71.43,71.5,673
1783623900,71.5,71.63,71.5,71.6,244
1783624200,71.61,71.66,71.59,71.61,195
1783624500,71.6,71.61,71.57,71.6,221
1783624800,71.6,71.65,71.58,71.64,384
1783625100,71.63,71.69,71.6,71.69,432
1783625400,71.71,71.82,71.67,71.73,322
1783625700,71.73,71.8,71.73,71.75,181
1783626000,71.75,71.84,71.73,71.83,139
1783626300,71.83,71.87,71.8,71.87,151
1783626600,71.87,71.88,71.81,71.85,188
1783626900,71.84,71.89,71.82,71.88,249
1783627200,71.88,71.93,71.84,71.85,230
1783627500,71.84,71.84,71.63,71.68,586
1783627800,71.68,71.78,71.63,71.73,173
1783628100,71.73,71.81,71.73,71.79,122
1783628400,71.77,71.8,71.75,71.79,40
1783628700,71.8,71.84,71.79,71.83,89
1783629000,71.81,71.91,71.81,71.83,136
1783629300,71.84,71.84,71.76,71.78,118
1783629600,71.77,71.86,71.76,71.84,54
1783629900,71.84,71.88,71.8,71.81,118
1783630200,71.81,71.81,71.73,71.79,180
1783630500,71.8,71.84,71.76,71.81,174
1783634400,71.86,71.86,71.7,71.79,114
1783634700,71.8,71.82,71.22,71.68,514
1783635000,71.69,71.81,71.67,71.77,102
1783635300,71.77,71.81,71.71,71.8,59
1783635600,71.83,71.86,71.76,71.76,78
1783635900,71.75,71.76,71.71,71.73,67
1783636200,71.76,71.84,71.75,71.81,51
1783636500,71.81,71.85,71.74,71.82,110
1783636800,71.79,71.86,71.76,71.83,89
1783637100,71.85,71.87,71.83,71.84,32
1783637400,71.83,71.83,71.8,71.8,8
1783637700,71.8,71.83,71.8,71.83,17
1783638000,71.82,71.88,71.82,71.86,25
1783638300,71.85,71.89,71.84,71.86,54
1783638600,71.85,71.85,71.74,71.77,80
1783638900,71.77,71.82,71.76,71.82,38
1783639200,71.81,71.83,71.78,71.82,23
1783639500,71.83,71.88,71.82,71.87,56
1783639800,71.87,71.87,71.85,71.87,17
1783640100,71.87,71.88,71.81,71.82,84
1783640400,71.83,71.85,71.8,71.85,57
1783640700,71.84,71.87,71.84,71.85,16
1783641000,71.86,71.88,71.85,71.88,12
1783641300,71.87,71.95,71.83,71.92,114
1783641600,71.92,71.99,71.78,71.84,368
1783641900,71.86,71.96,71.86,71.92,74
1783642200,71.91,71.92,71.81,71.84,111
1783642500,71.84,71.88,71.78,71.83,74
1783642800,71.83,71.9,71.82,71.87,51
1783643100,71.86,71.89,71.79,71.84,61
1783643400,71.84,71.93,71.84,71.92,42
1783643700,71.91,71.91,71.87,71.91,42
1783644000,71.92,71.95,71.9,71.93,125
1783644300,71.92,71.99,71.89,71.97,109
1783644600,71.96,71.99,71.95,71.97,37
1783644900,71.97,72.01,71.93,71.97,66
1783645200,71.97,72.1,71.77,71.85,389
1783645500,71.86,72,71.82,72,117
1783645800,72.01,72.07,71.94,71.95,156
1783646100,71.95,72.11,71.95,72.09,124
1783646400,72.09,72.18,72.02,72.05,202
1783646700,72.05,72.11,72.03,72.1,135
1783647000,72.12,72.13,72.02,72.06,79
1783647300,72.08,72.13,72.07,72.09,64
1783647600,72.09,72.14,72.04,72.13,101
1783647900,72.12,72.16,72.09,72.15,114
1783648200,72.14,72.18,72.07,72.11,98
1783648500,72.1,72.18,72.07,72.14,65
1783648800,72.15,72.16,72.12,72.14,53
1783649100,72.15,72.24,72.08,72.19,173
1783649400,72.2,72.22,72.16,72.2,160
1783649700,72.18,72.18,72.12,72.13,97
1783650000,72.16,72.26,72.16,72.25,111
1783650300,72.24,72.29,72.24,72.27,169
1783650600,72.29,72.33,72.27,72.32,58
1783650900,72.3,72.31,72.2,72.23,191
1783651200,72.24,72.32,72.22,72.29,127
1783651500,72.3,72.35,72.26,72.35,103
1783651800,72.36,72.42,72.32,72.39,100
1783652100,72.38,72.39,72.34,72.36,90
1783652400,72.36,72.38,72.23,72.24,153
1783652700,72.28,72.28,72.17,72.22,99
1783653000,72.23,72.3,72.22,72.27,79
1783653300,72.28,72.31,72.27,72.27,72
1783653600,72.26,72.35,72.26,72.28,71
1783653900,72.29,72.31,72.25,72.28,52
1783654200,72.29,72.29,72.21,72.26,123
1783654500,72.26,72.38,72.26,72.34,100
1783654800,72.34,72.34,72.27,72.27,92
1783655100,72.28,72.31,72.27,72.29,41
1783655400,72.29,72.36,72.28,72.35,69
1783655700,72.35,72.41,72.34,72.39,61
1783656000,72.42,72.44,72.36,72.36,80
1783656300,72.36,72.43,72.35,72.41,94
1783656600,72.42,72.48,72.42,72.42,106
1783656900,72.42,72.56,72.41,72.5,281
1783657200,72.49,72.54,72.49,72.53,58
1783657500,72.54,72.55,72.45,72.46,131
1783657800,72.44,72.47,72.42,72.47,65
1783658100,72.44,72.44,72.38,72.4,76
1783658400,72.39,72.41,72.28,72.29,161
1783658700,72.3,72.32,72.28,72.32,59
1783659000,72.32,72.32,72.18,72.22,138
1783659300,72.23,72.3,72.22,72.29,102
1783659600,72.31,72.42,72.29,72.4,144
1783659900,72.41,72.41,72.34,72.35,119
1783660200,72.39,72.43,72.38,72.39,45
1783660500,72.4,72.41,72.34,72.35,57
1783660800,72.36,72.36,72.29,72.33,62
1783661100,72.34,72.35,72.28,72.3,53
1783661400,72.3,72.35,72.21,72.34,144
1783661700,72.34,72.38,72.3,72.35,32
1783662000,72.37,72.39,72.35,72.39,49
1783662300,72.37,72.38,72.23,72.24,64
1783662600,72.25,72.25,72.06,72.08,252
1783662900,72.08,72.16,71.97,72.16,433
1783663200,72.18,72.18,71.93,71.98,302
1783663500,71.97,72.01,71.92,71.97,110
1783663800,71.96,71.99,71.88,71.88,151
1783664100,71.89,71.96,71.75,71.9,386
1783664400,71.87,71.98,71.8,71.83,244
1783664700,71.87,71.95,71.85,71.89,150
1783665000,71.88,72.1,71.88,72.1,122
1783665300,72.1,72.12,72.05,72.11,137
1783665600,72.1,72.26,72.07,72.23,199
1783665900,72.23,72.26,72.14,72.14,144
1783666200,72.14,72.18,72.03,72.07,175
1783666500,72.07,72.09,72,72.04,141
1783666800,72.04,72.09,71.89,71.97,411
1783667100,71.98,72.08,71.92,72.01,130
1783667400,72,72.07,71.76,71.78,411
1783667700,71.79,71.84,71.53,71.54,771
1783668000,71.52,71.56,71.45,71.54,786
1783668300,71.52,71.66,71.47,71.59,384
1783668600,71.58,71.66,71.4,71.43,387
1783668900,71.44,71.53,71.31,71.34,447
1783669200,71.32,71.47,71.32,71.4,371
1783669500,71.4,71.51,71.37,71.39,307
1783669800,71.39,71.58,71.39,71.55,342
1783670100,71.54,71.63,71.5,71.57,244
1783670400,71.55,71.61,71.16,71.29,1066
1783670700,71.3,71.48,71.19,71.25,456
1783671000,71.27,71.4,71.18,71.38,426
1783671300,71.4,71.48,71.35,71.44,303
1783671600,71.45,71.58,71.45,71.51,335
1783671900,71.51,71.65,71.48,71.64,574
1783672200,71.63,72,71.63,71.91,990
1783672500,71.91,72.16,71.85,72.12,629
1783672800,72.12,72.19,71.89,71.91,444
1783673100,71.91,72.05,71.84,71.84,325
1783673400,71.86,72.1,71.86,72.03,246
1783673700,72.03,72.04,71.8,71.89,539
1783674000,71.89,72,71.81,71.99,175
1783674300,72,72.05,71.86,71.86,191
1783674600,71.87,71.87,71.63,71.7,500
1783674900,71.7,71.72,71.51,71.56,346
1783675200,71.56,71.78,71.55,71.68,209
1783675500,71.65,71.76,71.61,71.65,164
1783675800,71.64,71.71,71.55,71.71,236
1783676100,71.71,71.93,71.71,71.78,377
1783676400,71.78,71.89,71.77,71.85,124
1783676700,71.87,71.95,71.83,71.9,176
1783677000,71.91,71.95,71.87,71.92,143
1783677300,71.88,71.91,71.77,71.85,165
1783677600,71.86,71.96,71.81,71.9,198
1783677900,71.9,72.03,71.82,71.94,177
1783678200,71.97,72.04,71.91,72.01,172
1783678500,72,72.07,71.9,71.99,775
1783678800,71.99,72.05,71.9,71.92,123
1783679100,71.92,71.99,71.91,71.97,132
1783679400,71.98,72.02,71.92,71.98,167
1783679700,71.99,72.03,71.94,71.98,121
1783680000,71.97,71.99,71.89,71.94,142
1783680300,71.94,72.22,71.94,72.16,672
1783680600,72.16,72.3,72.12,72.25,448
1783680900,72.24,72.29,72.19,72.24,213
1783681200,72.25,72.3,72.14,72.24,378
1783681500,72.24,72.26,72.15,72.22,326
1783681800,72.22,72.33,72.16,72.25,523
1783682100,72.24,72.36,72.22,72.33,351
1783682400,72.32,72.39,72.24,72.31,372
1783682700,72.31,72.53,72.3,72.49,789
1783683000,72.49,72.67,72.47,72.61,582
1783683300,72.62,72.63,72.51,72.58,643
1783683600,72.58,72.59,72.45,72.54,316
1783683900,72.53,72.57,72.45,72.49,304
1783684200,72.5,72.79,72.5,72.78,953
1783684500,72.79,72.84,72.71,72.73,615
1783684800,72.73,72.83,72.63,72.73,699
1783685100,72.74,72.85,72.59,72.6,834
1783685400,72.59,72.59,71.47,71.9,4082
1783685700,71.91,72.18,71.81,72.14,1521
1783686000,72.15,72.22,72.07,72.08,526
1783686300,72.1,72.18,72.04,72.05,285
1783686600,72.06,72.29,72.05,72.26,463
1783686900,72.26,72.34,72.23,72.24,441
1783687200,72.23,72.3,72.2,72.27,237
1783687500,72.27,72.34,72.15,72.31,432
1783687800,72.3,72.31,72.08,72.09,556
1783688100,72.12,72.18,71.92,71.95,588
1783688400,71.96,72.17,71.93,72.06,865
1783688700,72.06,72.09,71.87,72,535
1783689000,72,72.09,71.98,72.03,521
1783689300,72.05,72.39,72.04,72.32,775
1783689600,72.31,72.31,72.05,72.12,684
1783689900,72.11,72.15,72.07,72.11,227
1783690200,72.1,72.19,71.93,72.07,883
1783690500,72.07,72.17,71.73,71.8,1211
1783690800,71.81,71.82,71.6,71.68,1680
1783691100,71.67,71.79,71.6,71.7,817
1783691400,71.69,71.8,71.56,71.66,818
1783691700,71.67,71.79,71.5,71.59,1087
1783692000,71.6,71.69,71.53,71.61,900
1783692300,71.61,71.77,71.59,71.7,850
1783692600,71.69,71.82,71.64,71.8,937
1783692900,71.8,71.86,71.7,71.72,738
1783693200,71.69,71.86,71.68,71.75,442
1783693500,71.76,71.82,71.72,71.73,322
1783693800,71.73,73.16,71.25,72.14,8219
1783694100,72.1,72.1,71.8,71.99,2321
1783694400,71.99,72.06,71.74,72,1258
1783694700,72.01,72.05,71.75,71.89,701
1783695000,71.88,72,71.8,71.85,520
1783695300,71.84,71.94,71.8,71.93,635
1783695600,71.93,71.93,71.52,71.66,1217
1783695900,71.66,71.66,71.46,71.55,1183
1783696200,71.55,71.58,71.26,71.37,1446
1783696500,71.36,71.44,71.24,71.37,820
1783696800,71.36,71.56,71.17,71.28,1786
1783697100,71.28,71.34,71.14,71.33,1206
1783697400,71.33,71.42,71.18,71.23,998
1783697700,71.22,71.25,71.08,71.2,808
1783698000,71.2,71.26,71.09,71.23,706
1783698300,71.22,71.26,71.1,71.15,548
1783698600,71.14,71.14,70.77,70.88,2160
1783698900,70.88,71.04,70.84,71.01,1261
1783699200,71.01,71.27,71.01,71.27,1112
1783699500,71.26,71.37,71.18,71.24,929
1783699800,71.23,71.49,71.19,71.26,1513
1783700100,71.25,71.3,71.2,71.29,404
1783700400,71.29,71.34,71.16,71.21,420
1783700700,71.22,71.26,71.14,71.24,371
1783701000,71.25,71.3,71.15,71.26,327
1783701300,71.25,71.3,71.16,71.27,378
1783701600,71.27,71.31,71.14,71.2,554
1783701900,71.18,71.2,71.07,71.11,815
1783702200,71.1,71.22,71.04,71.12,588
1783702500,71.12,71.12,71.01,71.09,387
1783702800,71.1,71.15,71.03,71.1,467
1783703100,71.1,71.25,71.07,71.22,586
1783703400,71.21,71.34,71.09,71.32,828
1783703700,71.32,71.4,71.25,71.27,517
1783704000,71.28,71.28,71.21,71.25,285
1783704300,71.25,71.32,71.24,71.25,209
1783704600,71.25,71.3,71.19,71.27,501
1783704900,71.28,71.4,71.24,71.36,597
1783705200,71.35,71.37,71.28,71.32,433
1783705500,71.33,71.34,71.23,71.27,337
1783705800,71.26,71.31,71.15,71.2,339
1783706100,71.2,71.3,71.13,71.29,591
1783706400,71.28,71.32,71.21,71.25,593
1783706700,71.26,71.32,71.21,71.29,541
1783707000,71.29,71.3,71.08,71.26,2143
1783707300,71.26,71.47,71.22,71.3,1333
1783707600,71.31,71.35,71.24,71.32,929
1783707900,71.33,71.51,71.17,71.41,5003
1783708200,71.42,71.55,71.36,71.39,976
1783708500,71.4,71.56,71.4,71.54,600
1783708800,71.55,71.6,71.53,71.58,276
1783709100,71.58,71.59,71.55,71.56,254
1783709400,71.56,71.58,71.55,71.56,415
1783709700,71.55,71.61,71.55,71.59,209
1783710000,71.6,71.62,71.57,71.58,260
1783710300,71.57,71.59,71.57,71.57,540
1783710600,71.58,71.61,71.56,71.57,251
1783710900,71.57,71.65,71.5,71.64,628
1783711200,71.63,71.7,71.61,71.62,335
1783711500,71.62,71.68,71.61,71.62,152
1783711800,71.61,71.65,71.45,71.58,896
1783712100,71.57,71.57,71.51,71.57,169
1783712400,71.57,71.69,71.56,71.61,406
1783712700,71.61,71.63,71.59,71.59,94
1783713000,71.59,71.63,71.58,71.61,167
1783713300,71.61,71.63,71.55,71.57,276
1783713600,71.56,71.56,71.5,71.52,122
1783713900,71.52,71.57,71.5,71.57,62
1783714200,71.55,71.56,71.55,71.56,27
1783714500,71.56,71.6,71.56,71.59,56
1783714800,71.58,71.59,71.56,71.58,41
1783715100,71.57,71.58,71.53,71.57,120
1783715400,71.56,71.65,71.56,71.62,185
1783715700,71.61,71.61,71.51,71.53,125
1783716000,71.53,71.54,71.5,71.51,92
1783716300,71.52,71.56,71.48,71.54,242
1783716600,71.54,71.54,71.47,71.49,209
1783716900,71.49,71.53,71.47,71.51,293
1783893600,73.69,73.95,73.18,73.82,3119
1783893900,73.83,74.12,73.77,74.11,1452
1783894200,74.1,74.2,73.95,74.03,785
1783894500,74.07,74.09,73.85,73.88,384
1783894800,73.88,73.92,73.74,73.78,327
1783895100,73.75,73.85,73.63,73.68,444
1783895400,73.68,73.7,73.56,73.64,264
1783895700,73.63,73.68,73.59,73.61,174
1783896000,73.62,73.65,73.6,73.6,85
1783896300,73.64,73.68,73.62,73.66,93
1783896600,73.66,73.77,73.65,73.74,158
1783896900,73.73,73.75,73.65,73.69,98
1783897200,73.7,73.72,73.66,73.68,107
1783897500,73.69,73.71,73.65,73.67,123
1783897800,73.66,73.68,73.62,73.66,123
1783898100,73.68,73.71,73.64,73.68,128
1783898400,73.68,73.69,73.65,73.66,95
1783898700,73.66,73.75,73.66,73.73,93
1783899000,73.73,73.82,73.72,73.73,109
1783899300,73.74,73.88,73.66,73.86,179
1783899600,73.85,73.88,73.81,73.84,170
1783899900,73.83,73.84,73.67,73.69,185
1783900200,73.68,73.79,73.68,73.77,139
1783900500,73.77,73.82,73.76,73.77,123
1783900800,73.76,73.85,73.73,73.82,224
1783901100,73.82,73.89,73.82,73.86,178
1783901400,73.86,73.93,73.81,73.93,164
1783901700,73.93,74.17,73.92,74.06,462
1783902000,74.06,74.06,73.93,73.94,203
1783902300,73.93,73.96,73.9,73.91,190
1783902600,73.92,74.14,73.9,74.12,250
1783902900,74.11,74.23,74.04,74.22,333
1783903200,74.21,74.5,74.21,74.4,1085
1783903500,74.41,74.42,74.23,74.25,548
1783903800,74.24,74.49,74.2,74.3,399
1783904100,74.29,74.35,74.2,74.27,281
1783904400,74.25,74.47,74.21,74.36,872
1783904700,74.37,74.46,74.24,74.46,450
1783905000,74.46,74.49,74.28,74.37,301
1783905300,74.37,74.4,74.17,74.21,470
1783905600,74.21,74.59,74.2,74.51,608
1783905900,74.51,74.51,74.26,74.31,308
1783906200,74.32,74.61,74.32,74.58,485
1783906500,74.59,74.66,74.37,74.4,403
1783906800,74.42,74.51,74.41,74.48,230
1783907100,74.47,74.56,74.43,74.53,219
1783907400,74.53,74.56,74.45,74.47,206
1783907700,74.46,74.51,74.38,74.39,172
1783908000,74.39,74.5,74.33,74.46,360
1783908300,74.45,74.46,74.26,74.34,506
1783908600,74.33,74.42,74.3,74.41,235
1783908900,74.41,74.52,74.4,74.5,149
1783909200,74.5,74.59,74.49,74.5,218
1783909500,74.5,74.54,74.49,74.5,187
1783909800,74.47,74.53,74.23,74.24,459
1783910100,74.25,74.27,74.11,74.22,368
1783910400,74.22,74.33,74.21,74.27,178
1783910700,74.28,74.28,74.13,74.15,214
1783911000,74.16,74.32,74.16,74.28,95
1783911300,74.27,74.28,74.15,74.25,141
1783911600,74.24,74.4,74.24,74.38,254
1783911900,74.38,74.44,74.33,74.42,189
1783912200,74.4,74.45,74.35,74.41,176
1783912500,74.4,74.45,74.37,74.4,130
1783912800,74.4,74.44,74.32,74.38,132
1783913100,74.37,74.38,74.3,74.31,109
1783913400,74.3,74.3,74.12,74.2,674
1783913700,74.2,74.38,74.17,74.25,219
1783914000,74.24,74.35,74.24,74.33,133
1783914300,74.33,74.33,74.17,74.25,174
1783914600,74.25,74.32,74.17,74.3,140
1783914900,74.29,74.31,74.28,74.29,71
1783915200,74.3,74.37,74.28,74.34,139
1783915500,74.33,74.35,74.28,74.31,103
1783915800,74.32,74.34,74.3,74.32,86
1783916100,74.32,74.4,74.31,74.34,112
1783916400,74.35,74.37,74.32,74.32,67
1783916700,74.32,74.39,74.29,74.34,168
1783917000,74.34,74.41,74.31,74.4,140
1783917300,74.41,74.44,74.4,74.41,98
1783917600,74.41,74.52,74.4,74.46,211
1783917900,74.46,74.52,74.46,74.5,84
1783918200,74.52,74.53,74.49,74.5,141
1783918500,74.5,74.55,74.5,74.53,134
1783918800,74.52,74.56,74.47,74.55,179
1783919100,74.55,74.66,74.55,74.57,297
1783919400,74.56,74.58,74.49,74.5,138
1783919700,74.53,74.54,74.5,74.51,94
1783920000,74.5,74.6,74.48,74.58,141
1783920300,74.59,74.7,74.59,74.69,307
1783920600,74.68,74.8,74.62,74.63,542
1783920900,74.67,74.73,74.65,74.68,188
1783921200,74.68,74.96,74.63,74.95,362
1783921500,74.95,75.08,74.86,74.86,1133
1783921800,74.86,74.86,74.71,74.78,273
1783922100,74.79,74.8,74.7,74.7,192
1783922400,74.69,74.71,74.61,74.62,205
1783922700,74.6,74.71,74.52,74.59,535
1783923000,74.58,74.61,74.48,74.51,194
1783923300,74.52,74.52,74.32,74.33,366
1783923600,74.34,74.38,74.25,74.36,374
1783923900,74.35,74.41,74.29,74.33,250
1783924200,74.33,74.37,74.18,74.37,296
1783924500,74.36,74.36,74.22,74.27,363
1783924800,74.25,74.25,74.08,74.2,365
1783925100,74.2,74.22,73.99,74.09,476
1783925400,74.08,74.12,74.05,74.08,243
1783925700,74.1,74.16,74.06,74.06,365
1783926000,74.05,74.22,74,74.05,509
1783926300,74.06,74.15,74.01,74.14,199
1783926600,74.14,74.17,73.93,73.97,356
1783926900,73.97,74.08,73.96,74.08,234
1783927200,74.07,74.1,74.02,74.05,221
1783927500,74.06,74.14,74.04,74.1,151
1783927800,74.09,74.23,74.01,74.07,386
1783928100,74.08,74.08,73.83,73.86,367
1783928400,73.86,73.92,73.67,73.9,490
1783928700,73.9,74.01,73.88,73.93,305
1783929000,73.93,74.01,73.92,73.96,184
1783929300,73.97,74.1,73.94,74,331
1783929600,74,74.05,73.65,73.74,758
1783929900,73.75,73.76,73.51,73.55,572
1783930200,73.55,73.63,73.4,73.43,734
1783930500,73.43,73.44,73.18,73.22,1009
1783930800,73.24,73.44,73.2,73.41,849
1783931100,73.42,73.49,73.09,73.24,2017
1783931400,73.23,73.32,73.14,73.3,583
1783931700,73.32,73.53,73.28,73.45,408
1783932000,73.44,73.5,73.37,73.37,392
1783932300,73.38,73.38,73.1,73.1,418
1783932600,73.12,73.13,72.9,72.93,700
1783932900,72.93,73.08,72.75,73.06,748
1783933200,73.06,73.16,72.85,72.85,462
1783933500,72.85,72.9,72.76,72.82,539
1783933800,72.82,73.05,72.82,72.99,361
1783934100,72.96,73.01,72.67,72.73,730
1783934400,72.73,72.8,72.65,72.7,418
1783934700,72.72,72.87,72.67,72.86,543
1783935000,72.86,72.94,72.64,72.78,522
1783935300,72.79,72.79,72.61,72.72,422
1783935600,72.72,72.82,72.64,72.64,251
1783935900,72.65,72.82,72.62,72.81,166
1783936200,72.81,72.99,72.8,72.97,666
1783936500,72.97,73.19,72.95,73.12,1124
1783936800,73.12,73.38,73.11,73.31,710
1783937100,73.29,73.45,73.25,73.35,505
1783937400,73.36,73.55,73.31,73.54,460
1783937700,73.51,73.54,73.42,73.46,565
1783938000,73.45,73.62,73.37,73.62,471
1783938300,73.61,73.72,73.57,73.7,624
1783938600,73.7,73.84,73.64,73.8,727
1783938900,73.82,73.85,73.69,73.73,286
1783939200,73.72,73.8,73.65,73.74,376
1783939500,73.75,73.9,73.65,73.72,530
1783939800,73.73,73.94,73.73,73.92,560
1783940100,73.92,73.94,73.8,73.81,459
1783940400,73.82,73.98,73.79,73.98,484
1783940700,73.98,74,73.6,73.89,1415
1783941000,73.89,74.02,73.74,73.87,1030
1783941300,73.88,74.05,73.82,74,441
1783941600,74.01,74.02,73.81,73.83,357
1783941900,73.82,73.84,73.69,73.78,450
1783942200,73.8,73.94,73.74,73.82,548
1783942500,73.8,73.95,73.76,73.87,368
1783942800,73.88,73.9,73.7,73.72,225
1783943100,73.74,73.84,73.67,73.8,562
1783943400,73.8,73.89,73.78,73.78,294
1783943700,73.8,73.93,73.8,73.8,358
1783944000,73.82,73.84,73.72,73.8,248
1783944300,73.8,73.98,73.78,73.93,421
1783944600,73.93,74.11,73.63,74.08,2142
1783944900,74.06,74.09,73.95,74.04,476
1783945200,74.05,74.15,74.02,74.06,445
1783945500,74.06,74.13,74,74.11,417
1783945800,74.11,74.37,74.11,74.35,986
1783946100,74.35,74.46,74.33,74.41,710
1783946400,74.42,74.46,74.32,74.36,485
1783946700,74.35,74.37,74.21,74.23,603
1783947000,74.24,74.25,73.91,73.99,1668
1783947300,73.99,74.04,73.78,73.78,774
1783947600,73.78,73.98,73.61,73.97,1612
1783947900,73.97,74.03,73.79,73.86,530
1783948200,73.87,73.98,73.86,73.87,331
1783948500,73.88,73.92,73.67,73.76,515
1783948800,73.75,73.75,73.43,73.62,1050
1783949100,73.63,73.76,73.61,73.66,496
1783949400,73.66,73.81,73.61,73.76,746
1783949700,73.76,74.07,73.76,74,1551
1783950000,74.01,74.03,73.9,74.01,552
1783950300,74.01,74.11,73.98,74.07,1032
1783950600,74.07,74.07,73.79,73.9,1173
1783950900,73.89,73.96,73.72,73.73,723
1783951200,73.74,73.77,73.5,73.61,1168
1783951500,73.61,73.89,73.56,73.83,668
1783951800,73.83,74.01,73.83,73.88,771
1783952100,73.89,75.1,73.81,74.83,7650
1783952400,74.85,75.21,74.44,74.45,4333
1783952700,74.46,74.86,74.34,74.79,2839
1783953000,74.79,74.82,74.58,74.64,947
1783953300,74.63,74.78,74.56,74.67,974
1783953600,74.67,74.73,74.43,74.46,922
1783953900,74.47,74.55,74.26,74.28,1174
1783954200,74.27,74.56,74.16,74.54,1549
1783954500,74.54,74.65,74.5,74.5,1087
1783954800,74.5,74.59,74.41,74.54,695
1783955100,74.54,74.74,74.53,74.63,1000
1783955400,74.64,74.92,74.57,74.83,1320
1783955700,74.84,74.98,74.76,74.8,1168
1783956000,74.81,74.89,74.68,74.72,781
1783956300,74.73,74.73,74.49,74.51,1112
1783956600,74.52,74.68,74.45,74.65,994
1783956900,74.66,74.69,74.51,74.61,654
1783957200,74.62,74.66,74.51,74.66,412
1783957500,74.66,74.66,74.52,74.54,448
1783957800,74.54,74.82,74.53,74.72,1336
1783958100,74.71,74.87,74.68,74.85,648
1783958400,74.85,75,74.84,74.85,1089
1783958700,74.86,74.94,74.78,74.93,619
1783959000,74.93,75.1,74.88,75.05,859
1783959300,75.05,75.09,74.96,75.05,902
1783959600,75.04,75.08,74.94,75,579
1783959900,75.01,75.18,74.98,75.13,884
1783960200,75.12,75.2,74.98,75.13,1368
1783960500,75.12,75.19,74.97,75.18,758
1783960800,75.19,75.19,75.05,75.1,541
1783961100,75.11,75.44,75.08,75.42,1297
1783961400,75.43,75.84,75.43,75.82,4170
1783961700,75.82,75.96,75.63,75.74,2692
1783962000,75.74,75.74,75.61,75.69,1137
1783962300,75.69,75.69,75.4,75.45,824
1783962600,75.45,75.83,75.42,75.82,1299
1783962900,75.84,75.93,75.74,75.85,1273
1783963200,75.85,75.98,75.83,75.93,1227
1783963500,75.95,76.04,75.91,76,1061
1783963800,76.01,76.2,75.94,76.16,1666
1783964100,76.18,76.6,76.18,76.59,2612
1783964400,76.6,76.77,76.49,76.74,1823
1783964700,76.75,76.93,76.6,76.81,1904
1783965000,76.83,77.32,76.81,77.25,2489
1783965300,77.26,77.7,77.24,77.6,3130
1783965600,77.6,77.82,77.44,77.62,2574
1783965900,77.64,77.95,77.37,77.81,2257
1783966200,77.83,78,77.56,77.64,2711
1783966500,77.66,78.35,77.62,78.27,2647
1783966800,78.25,78.45,78.19,78.22,3257
1783967100,78.22,78.33,77.97,78.14,8553
1783967400,78.13,78.39,77.95,78.15,3217
1783967700,78.14,78.14,77.69,77.75,2366
1783968000,77.75,77.88,77.46,77.53,2042
1783968300,77.52,77.79,77.5,77.65,1216
1783968600,77.65,77.7,77.54,77.62,772
1783968900,77.63,77.67,77.52,77.64,764
1783969200,77.65,77.77,77.53,77.56,495
1783969500,77.54,77.67,77.47,77.67,563
1783969800,77.66,77.81,77.63,77.75,521
1783970100,77.75,77.84,77.6,77.68,558
1783970400,77.66,77.74,77.62,77.69,421
1783970700,77.68,77.77,77.67,77.75,535
1783971000,77.74,77.9,77.64,77.81,834
1783971300,77.82,77.98,77.82,77.86,593
1783971600,77.86,77.97,77.78,77.93,579
1783971900,77.92,77.94,77.73,77.81,509
1783972200,77.82,77.82,77.67,77.71,464
1783972500,77.71,77.72,77.62,77.66,514
1783972800,77.68,77.82,77.65,77.78,194
1783973100,77.78,78.04,77.71,78.02,829
1783973400,78.02,78.44,77.96,78.43,1575
1783973700,78.43,78.58,78.25,78.28,1220
1783974000,78.26,78.27,78.12,78.24,492
1783974300,78.22,78.25,78.04,78.16,286
1783974600,78.16,78.32,78.05,78.05,426
1783974900,78.05,78.27,78.02,78.22,394
1783975200,78.22,78.36,78.2,78.2,364
1783975500,78.2,78.22,77.95,78.11,544
1783975800,78.1,78.16,77.98,77.99,267
1783976100,77.96,78.04,77.92,78,250
1783980000,78.04,78.25,77.86,77.99,394
1783980300,77.99,78.13,77.98,78.04,206
1783980600,78.07,78.15,77.92,77.93,191
1783980900,77.93,77.97,77.91,77.93,128
1783981200,77.93,78.07,77.92,78.05,58
1783981500,78.07,78.22,78.03,78.15,402
1783981800,78.12,78.18,78.11,78.16,71
1783982100,78.16,78.25,78.15,78.16,159
1783982400,78.18,78.28,78.16,78.25,93
1783982700,78.22,78.42,78.22,78.4,155
1783983000,78.39,78.6,78.36,78.49,587
1783983300,78.49,79.09,78.45,79.04,1235
1783983600,79.04,79.14,78.68,78.73,557
1783983900,78.73,78.78,78.66,78.69,137
1783984200,78.67,78.86,78.59,78.84,204
1783984500,78.84,78.99,78.77,78.92,159
1783984800,78.9,78.97,78.82,78.89,170
1783985100,78.88,78.96,78.82,78.95,127
1783985400,78.99,79.25,78.98,79.07,480
1783985700,79.09,79.12,79.02,79.09,174
1783986000,79.11,79.58,78.99,79.56,702
1783986300,79.57,79.58,79.22,79.26,555
1783986600,79.25,79.33,79.08,79.2,243
1783986900,79.21,79.29,78.95,78.95,418
1783987200,78.95,79.52,78.58,79.46,1467
1783987500,79.43,79.7,79.32,79.45,910
1783987800,79.41,79.51,79.17,79.32,576
1783988100,79.32,80.05,79.31,80.02,1247
1783988400,80.05,80.42,80,80.23,1729
1783988700,80.23,80.39,80.11,80.13,695
1783989000,80.15,80.22,79.86,79.97,764
1783989300,79.95,80.09,79.76,79.97,559
1783989600,79.97,80.11,79.8,79.93,397
1783989900,79.95,79.95,79.75,79.89,291
1783990200,79.88,79.92,79.7,79.76,642
1783990500,79.8,79.88,79.73,79.86,276
1783990800,79.84,79.95,79.43,79.66,1823
1783991100,79.65,79.68,79.27,79.39,1130
1783991400,79.39,79.5,79.23,79.5,737
1783991700,79.5,79.54,79.24,79.31,475
1783992000,79.3,79.37,79.08,79.32,850
1783992300,79.33,79.52,79.25,79.47,795
1783992600,79.48,79.52,79.18,79.33,384
1783992900,79.35,79.53,79.35,79.47,223
1783993200,79.43,79.5,79.37,79.43,212
1783993500,79.42,79.49,79.29,79.31,178
1783993800,79.31,79.4,79.25,79.26,320
1783994100,79.25,79.6,79.25,79.52,373
1783994400,79.54,79.57,79.3,79.41,329
1783994700,79.38,79.42,79.12,79.2,406
1783995000,79.17,79.22,79.12,79.14,253
1783995300,79.17,79.32,79.17,79.23,203
1783995600,79.21,79.26,79.16,79.26,73
1783995900,79.27,79.3,79.19,79.19,153
1783996200,79.19,79.19,78.91,79.05,588
1783996500,79.05,79.19,78.93,79.19,262
1783996800,79.19,79.44,79.19,79.38,352
1783997100,79.37,79.51,79.28,79.37,215
1783997400,79.41,79.61,79.41,79.61,302
1783997700,79.59,79.61,79.44,79.53,286
1783998000,79.54,79.69,79.48,79.65,217
1783998300,79.64,79.69,79.54,79.64,207
1783998600,79.62,79.71,79.55,79.7,408
1783998900,79.71,80.04,79.71,79.95,589
1783999200,79.96,80.02,79.7,79.75,292
1783999500,79.76,79.91,79.76,79.8,172
1783999800,79.81,80.06,79.58,80.04,562
1784000100,80.03,80.04,79.82,79.89,275
1784000400,79.89,79.92,79.65,79.7,418
1784000700,79.7,79.7,79.53,79.64,236
1784001000,79.65,79.65,79.43,79.63,332
1784001300,79.63,79.67,79.55,79.61,139
1784001600,79.62,79.66,79.5,79.63,189
1784001900,79.65,79.77,79.62,79.7,193
1784002200,79.72,79.82,79.65,79.72,148
1784002500,79.7,79.73,79.57,79.57,118
1784002800,79.55,79.57,79.43,79.48,467
1784003100,79.5,79.65,79.5,79.62,117
1784003400,79.62,79.72,79.57,79.69,108
1784003700,79.71,79.84,79.67,79.75,190
1784004000,79.73,79.85,79.72,79.8,180
1784004300,79.81,79.86,79.76,79.84,76
1784004600,79.86,79.91,79.83,79.85,109
1784004900,79.82,79.87,79.73,79.78,163
1784005200,79.78,79.88,79.66,79.85,179
1784005500,79.85,79.9,79.77,79.78,83
1784005800,79.8,79.82,79.7,79.71,99
1784006100,79.72,79.79,79.65,79.74,138
1784006400,79.74,79.8,79.69,79.8,126
1784006700,79.8,79.84,79.7,79.7,87
1784007000,79.68,79.68,79.26,79.39,1046
1784007300,79.39,79.4,79,79.02,736
1784007600,79.01,79.09,78.86,78.91,490
1784007900,78.93,79.05,78.83,79.03,365
1784008200,79.03,79.23,78.94,79.17,446
1784008500,79.18,79.45,79.17,79.35,333
1784008800,79.39,79.54,79.31,79.53,412
1784009100,79.55,79.72,79.49,79.65,420
1784009400,79.66,79.67,79.5,79.64,352
1784009700,79.61,79.64,79.54,79.55,282
1784010000,79.55,79.89,79.47,79.89,466
1784010300,79.9,80.32,79.85,80.22,997
1784010600,80.22,80.28,79.97,80.27,855
1784010900,80.26,80.29,80.09,80.1,389
1784011200,80.08,80.32,79.98,80.28,489
1784011500,80.29,80.58,80.27,80.56,870
1784011800,80.53,80.58,80.33,80.44,370
1784012100,80.44,80.48,80.27,80.44,481
1784012400,80.43,80.64,80.14,80.17,949
1784012700,80.19,80.27,79.97,80.25,763
1784013000,80.22,80.39,80.06,80.06,436
1784013300,80.1,80.39,79.97,80.33,634
1784013600,80.33,80.48,80.31,80.37,518
1784013900,80.35,80.43,80.21,80.42,839
1784014200,80.44,80.93,80.44,80.8,1203
1784014500,80.8,80.87,80.59,80.67,616
1784014800,80.66,80.93,80.65,80.88,644
1784015100,80.86,80.92,80.35,80.36,1023
1784015400,80.37,80.44,80.09,80.28,1043
1784015700,80.28,80.62,80.28,80.38,628
1784016000,80.39,81.1,80.34,80.86,1577
1784016300,80.86,81.13,80.8,81.03,900
1784016600,81.04,81.05,80.53,80.59,1164
1784016900,80.58,80.58,80.19,80.2,1061
1784017200,80.22,80.26,80,80.2,965
1784017500,80.17,80.39,79.97,80.36,1535
1784017800,80.37,80.61,80.3,80.46,955
1784018100,80.47,80.57,80.36,80.42,447
1784018400,80.43,80.71,80.42,80.56,754
1784018700,80.58,80.66,80.44,80.63,445
1784019000,80.62,80.68,80.41,80.41,507
1784019300,80.43,81.06,80.35,81.03,1180
1784019600,81.04,81.25,81.03,81.03,1183
1784019900,81,81.18,80.58,80.67,969
1784020200,80.64,80.7,80.13,80.15,1124
1784020500,80.15,80.41,80.03,80.32,1211
1784020800,80.33,80.65,80.29,80.52,627
1784021100,80.53,80.75,80.46,80.68,363
1784021400,80.68,80.68,80.35,80.43,360
1784021700,80.43,80.45,80.25,80.32,296
1784022000,80.32,80.39,80.21,80.39,445
1784022300,80.38,80.43,80.16,80.21,383
1784022600,80.22,80.6,80.22,80.56,813
1784022900,80.56,80.68,80.55,80.58,767
1784023200,80.59,80.82,80.51,80.62,615
1784023500,80.64,80.91,80.63,80.87,570
1784023800,80.88,81.07,80.84,80.98,634
1784024100,80.98,81.06,80.77,80.78,441
1784024400,80.77,80.82,80.66,80.7,343
1784024700,80.7,81.04,80.7,80.86,606
1784025000,80.88,81.27,80.88,81.06,1132
1784025300,81.07,81.09,80.3,80.58,1399
1784025600,80.6,80.8,80.59,80.73,553
1784025900,80.74,80.86,80.73,80.81,421
1784026200,80.83,81.1,80.83,81.01,631
1784026500,81.03,81.11,80.85,80.92,587
1784026800,80.92,81.05,80.81,80.91,733
1784027100,80.9,80.91,80.78,80.81,249
1784027400,80.8,80.8,80.37,80.47,1036
1784027700,80.47,80.62,80.21,80.26,690
1784028000,80.25,80.38,80,80.02,971
1784028300,80.02,80.11,79.94,79.98,930
1784028600,79.97,79.97,79.5,79.82,1812
1784028900,79.81,79.84,79.56,79.66,850
1784029200,79.64,79.88,79.64,79.84,672
1784029500,79.84,79.91,79.52,79.82,1085
1784029800,79.82,79.9,79.62,79.7,658
1784030100,79.7,79.74,79.47,79.54,989
1784030400,79.54,79.78,79.48,79.76,658
1784030700,79.74,80.05,79.71,80.01,939
1784031000,80.02,80.1,79.91,80.02,818
1784031300,80,80.14,79.94,80.07,657
1784031600,80.08,80.17,79.77,79.78,734
1784031900,79.77,80.08,79.75,80.06,616
1784032200,80.07,80.44,79.72,80.39,1802
1784032500,80.38,80.62,80.36,80.59,1087
1784032800,80.59,80.65,80.46,80.5,870
1784033100,80.48,80.77,80.44,80.77,1314
1784033400,80.77,80.88,80.74,80.77,1285
1784033700,80.76,80.77,80.59,80.71,1540
1784034000,80.7,80.96,80.57,80.86,2696
1784034300,80.87,80.95,80.54,80.83,1410
1784034600,80.83,80.87,80.45,80.48,1586
1784034900,80.49,80.63,80.43,80.56,1186
1784035200,80.57,80.63,79.84,79.95,2415
1784035500,79.96,80.14,79.9,80.04,1582
1784035800,80.04,80.53,80,80.28,1891
1784036100,80.28,80.43,79.72,79.79,2541
1784036400,79.8,80.14,79.68,79.71,1954
1784036700,79.71,80.11,79.59,80.05,2135
1784037000,80.02,80.19,79.91,80.06,1173
1784037300,80.07,80.13,79.82,79.93,1179
1784037600,79.94,79.96,79.64,79.77,1450
1784037900,79.78,79.79,79.37,79.57,2246
1784038200,79.57,79.89,79.5,79.81,1324
1784038500,79.81,80,79.61,79.67,1548
1784038800,79.69,79.73,79.41,79.49,1221
1784039100,79.47,79.64,79.32,79.42,1509
1784039400,79.41,79.51,78.13,79,3687
1784039700,79,79.3,78.92,79.09,2821
1784040000,79.08,79.36,79.07,79.34,1320
1784040300,79.32,79.35,79.13,79.18,754
1784040600,79.17,79.18,78.61,78.72,3047
1784040900,78.71,78.87,78.64,78.84,1809
1784041200,78.84,79.03,77.91,78.5,3572
1784041500,78.49,78.53,77.84,78.02,6243
1784041800,78.03,78.59,77.96,78.59,2759
1784042100,78.59,78.82,78.55,78.72,2257
1784042400,78.76,78.99,78.62,78.84,2127
1784042700,78.83,78.89,78.49,78.55,2357
1784043000,78.56,79.42,78.56,79.38,4136
1784043300,79.39,79.59,79.33,79.55,2295
1784043600,79.56,79.74,79.51,79.55,2058
1784043900,79.55,79.65,79.39,79.64,1369
1784044200,79.66,79.79,79.63,79.77,2014
1784044500,79.76,79.79,79.46,79.48,1269
1784044800,79.48,79.62,79.38,79.53,1343
1784045100,79.52,79.63,79.23,79.32,1509
1784045400,79.32,79.32,78.93,79.06,1978
1784045700,79.04,79.04,78.79,78.99,1050
1784046000,78.98,79.42,78.97,79.18,1536
1784046300,79.18,79.39,79.14,79.35,598
1784046600,79.35,79.39,79.19,79.34,604
1784046900,79.33,79.34,79.02,79.08,690
1784047200,79.07,79.16,78.96,79.13,539
1784047500,79.12,79.39,79.07,79.34,687
1784047800,79.36,79.36,79.13,79.24,563
1784048100,79.23,79.38,79.19,79.2,662
1784048400,79.2,79.32,79.08,79.11,865
1784048700,79.11,79.23,78.95,78.96,498
1784049000,78.96,79.11,78.81,79.1,1031
1784049300,79.1,79.27,79.06,79.17,788
1784049600,79.17,79.18,78.97,79.08,530
1784049900,79.06,79.11,78.97,79.08,535
1784050200,79.07,79.16,78.97,79.13,902
1784050500,79.12,79.16,78.86,78.86,848
1784050800,78.85,79,78.78,78.94,804
1784051100,78.94,79.07,78.57,78.57,1178
1784051400,78.56,78.76,78.47,78.64,1326
1784051700,78.64,78.75,78.63,78.73,465
1784052000,78.74,79.1,78.72,79.04,966
1784052300,79.04,79.17,79.03,79.12,939
1784052600,79.12,79.12,78.86,78.89,1071
1784052900,78.88,79.15,78.83,79.09,921
1784053200,79.08,79.21,79.06,79.15,763
1784053500,79.14,79.4,79.12,79.4,4456
1784053800,79.41,79.61,79.38,79.4,1373
1784054100,79.38,79.63,79.32,79.56,1474
1784054400,79.56,79.85,79.53,79.57,1651
1784054700,79.58,79.77,79.52,79.77,539
1784055000,79.76,79.77,79.6,79.64,646
1784055300,79.63,79.67,79.53,79.63,447
1784055600,79.64,79.8,79.61,79.69,368
1784055900,79.71,79.73,79.58,79.69,496
1784056200,79.69,79.77,79.61,79.67,314
1784056500,79.67,79.79,79.53,79.68,908
1784056800,79.67,79.67,79.49,79.56,575
1784057100,79.54,79.61,79.52,79.59,185
1784057400,79.59,79.94,79.58,79.9,1060
1784057700,79.89,79.96,79.78,79.78,291
1784058000,79.79,79.79,79.63,79.67,406
1784058300,79.67,79.73,79.58,79.61,216
1784058600,79.64,79.71,79.64,79.69,97
1784058900,79.7,79.81,79.63,79.7,421
1784059200,79.68,79.92,79.67,79.84,327
1784059500,79.81,79.88,79.8,79.81,102
1784059800,79.81,79.87,79.81,79.86,65
1784060100,79.86,79.89,79.82,79.88,39
1784060400,79.87,79.96,79.84,79.95,133
1784060700,79.94,80.01,79.94,79.95,193
1784061000,79.95,80.25,79.93,80.2,357
1784061300,80.2,80.28,80.03,80.03,178
1784061600,80.05,80.07,79.95,80,125
1784061900,80.01,80.02,79.83,79.92,281
1784062200,79.91,79.92,79.8,79.85,151
1784062500,79.86,79.9,79.8,79.83,301
1784066400,79.74,79.97,79.59,79.91,231
1784066700,79.9,80.18,79.88,79.95,266
1784067000,79.97,80.24,79.92,80,368
1784067300,79.99,79.99,79.83,79.99,154
1784067600,79.97,80.02,79.91,80.01,61
1784067900,80.02,80.06,79.86,79.86,72
1784068200,79.86,79.96,79.83,79.95,116
1784068500,79.97,79.98,79.84,79.93,190
1784068800,79.95,80,79.9,79.97,90
1784069100,79.94,79.95,79.92,79.95,9
1784069400,79.95,79.95,79.94,79.94,9
1784069700,79.94,79.95,79.9,79.9,16
1784070000,79.94,79.96,79.87,79.88,62
1784070300,79.9,79.93,79.89,79.93,31
1784070600,79.91,79.93,79.91,79.93,6
1784070900,79.94,79.96,79.93,79.94,15
1784071200,79.95,79.98,79.89,79.91,127
1784071500,79.9,79.9,79.68,79.76,173
1784071800,79.77,79.86,79.75,79.84,61
1784072100,79.85,79.87,79.82,79.87,24
1784072400,79.87,79.9,79.84,79.89,60
1784072700,79.88,79.93,79.84,79.84,41
1784073000,79.84,79.88,79.81,79.82,70
1784073300,79.82,79.87,79.81,79.87,97
1784073600,79.84,80,79.61,80,576
1784073900,79.99,80.13,79.95,80.1,236
1784074200,80.09,80.22,80.05,80.22,218
1784074500,80.21,80.25,80.16,80.23,158
1784074800,80.24,80.28,80.11,80.27,133
1784075100,80.29,80.33,80.18,80.26,169
1784075400,80.29,80.47,80.29,80.46,193
1784075700,80.45,80.56,80.44,80.54,179
1784076000,80.52,80.56,80.44,80.51,132
1784076300,80.54,80.59,80.49,80.51,192
1784076600,80.51,80.51,80.29,80.4,156
1784076900,80.4,80.4,80.2,80.2,280
1784077200,80.2,80.21,79.91,79.91,937
1784077500,79.92,80.06,79.87,79.89,272
1784077800,79.89,80.02,79.86,79.97,130
1784078100,79.96,79.96,79.83,79.9,207
1784078400,79.88,79.93,79.77,79.91,223
1784078700,79.9,80.09,79.85,80.08,142
1784079000,80.08,80.09,79.9,79.97,84
1784079300,80.02,80.05,79.91,80.02,102
1784079600,80.01,80.11,79.95,80.07,135
1784079900,80,80.1,79.96,80.09,52
1784080200,80.09,80.16,80.05,80.13,109
1784080500,80.14,80.25,80.13,80.21,267
1784080800,80.23,80.37,80.18,80.35,202
1784081100,80.35,80.35,80.14,80.19,138
1784081400,80.17,80.21,80.04,80.12,171
1784081700,80.1,80.17,80.1,80.13,39
1784082000,80.15,80.17,80.13,80.15,28
1784082300,80.16,80.23,80.16,80.2,72
1784082600,80.19,80.25,80.15,80.19,106
1784082900,80.2,80.29,80.19,80.28,81
1784083200,80.28,80.28,80.18,80.23,33
1784083500,80.22,80.42,80.22,80.35,297
1784083800,80.37,80.43,80.34,80.39,202
1784084100,80.38,80.41,80.22,80.3,202
1784084400,80.29,80.31,80.16,80.19,77
1784084700,80.18,80.22,80.12,80.12,72
1784085000,80.16,80.25,80.16,80.21,62
1784085300,80.21,80.29,80.18,80.29,86
1784085600,80.24,80.27,80.19,80.19,55
1784085900,80.2,80.2,80.07,80.09,227
1784086200,80.1,80.17,80,80.16,399
1784086500,80.17,80.24,80.15,80.15,143
1784086800,80.16,80.21,80.13,80.14,96
1784087100,80.15,80.15,79.98,79.99,206
1784087400,79.98,79.98,79.82,79.92,278
1784087700,79.93,80.03,79.87,79.93,185
1784088000,79.95,80.07,79.95,80.03,95
1784088300,80.03,80.07,80.01,80.05,59
1784088600,80.04,80.07,79.95,79.97,171
1784088900,80,80.02,79.84,79.88,155
1784089200,79.89,79.92,79.81,79.81,111
1784089500,79.81,79.85,79.75,79.85,111
1784089800,79.86,79.9,79.82,79.86,43
1784090100,79.86,79.86,79.71,79.79,172
1784090400,79.78,79.83,79.78,79.82,41
1784090700,79.8,79.8,79.72,79.73,46
1784091000,79.74,79.77,79.71,79.72,80
1784091300,79.74,79.79,79.66,79.78,150
1784091600,79.78,79.99,79.77,79.93,274
1784091900,79.91,79.91,79.8,79.86,98
1784092200,79.85,79.9,79.75,79.76,63
1784092500,79.77,79.85,79.73,79.77,111
1784092800,79.78,79.84,79.77,79.84,59
1784093100,79.85,79.93,79.85,79.87,90
1784093400,79.88,79.9,79.74,79.78,236
1784093700,79.76,79.76,79.48,79.54,490
1784094000,79.55,79.87,79.52,79.83,205
1784094300,79.85,79.9,79.75,79.77,179
1784094600,79.82,79.85,79.61,79.63,116
1784094900,79.64,79.74,79.62,79.73,90
1784095200,79.72,79.78,79.66,79.69,135
1784095500,79.69,79.86,79.69,79.69,161
1784095800,79.68,79.71,79.64,79.69,129
1784096100,79.68,79.82,79.63,79.64,161
1784096400,79.66,79.67,79.49,79.54,205
1784096700,79.55,79.75,79.55,79.72,210
1784097000,79.7,79.79,79.66,79.67,83
1784097300,79.68,79.71,79.62,79.69,155
1784097600,79.68,79.69,79.57,79.64,119
1784097900,79.64,79.79,79.59,79.79,108
1784098200,79.77,79.89,79.74,79.88,175
1784098500,79.87,80.03,79.86,79.98,519
1784098800,79.99,80.32,79.99,80.24,619
1784099100,80.25,80.29,80.1,80.18,380
1784099400,80.18,80.41,80.16,80.19,453
1784099700,80.2,80.36,80.2,80.3,183
1784100000,80.29,80.32,80.13,80.31,209
1784100300,80.29,80.49,80.28,80.34,283
1784100600,80.36,80.46,80.33,80.35,273
1784100900,80.37,80.4,80.15,80.23,309
1784101200,80.23,80.49,80.14,80.4,360
1784101500,80.39,80.43,80.21,80.23,243
1784101800,80.23,80.56,80.22,80.49,401
1784102100,80.52,80.63,80.5,80.52,425
1784102400,80.55,80.88,80.52,80.84,826
1784102700,80.83,80.84,80.65,80.72,549
1784103000,80.75,80.93,80.75,80.81,585
1784103300,80.8,80.8,80.45,80.49,664
1784103600,80.5,80.53,80.35,80.44,582
1784103900,80.43,80.43,79.82,79.85,1982
1784104200,79.84,79.95,79.66,79.93,1349
1784104500,79.92,79.94,79.8,79.92,272
1784104800,79.91,80.02,79.72,79.78,440
1784105100,79.78,79.85,79.58,79.75,564
1784105400,79.75,79.75,79.46,79.64,629
1784105700,79.64,79.65,79.34,79.4,594
1784106000,79.4,79.55,79.3,79.45,607
1784106300,79.45,79.54,79.31,79.42,488
1784106600,79.43,79.64,79.43,79.58,331
1784106900,79.59,79.88,79.58,79.85,454
1784107200,79.84,79.96,79.8,79.84,335
1784107500,79.85,79.98,79.85,79.94,218
1784107800,79.95,80.02,79.82,79.9,367
1784108100,79.9,79.96,79.84,79.92,250
1784108400,79.93,79.93,79.72,79.78,253
1784108700,79.79,80.11,79.78,80.05,388
1784109000,80.06,80.17,80.04,80.06,316
1784109300,80.05,80.17,80.04,80.13,163
1784109600,80.13,80.13,79.94,80.04,345
1784109900,80.05,80.27,80.03,80.21,312
1784110200,80.2,80.29,80.18,80.2,194
1784110500,80.19,80.19,80.01,80.1,221
1784110800,80.1,80.26,80.01,80.26,642
1784111100,80.26,80.34,80.19,80.28,292
1784111400,80.28,80.3,80.12,80.21,248
1784111700,80.21,80.21,80.06,80.09,186
1784112000,80.08,80.08,79.93,80.02,273
1784112300,80.02,80.13,79.96,80.05,210
1784112600,80.07,80.12,79.95,79.95,226
1784112900,79.99,80.04,79.85,79.87,292
1784113200,79.87,79.94,79.73,79.92,467
1784113500,79.92,80.02,79.91,79.96,296
1784113800,79.99,80.09,79.95,80.03,187
1784114100,80.04,80.07,79.82,79.86,297
1784114400,79.86,79.88,79.75,79.77,223
1784114700,79.78,79.87,79.74,79.74,292
1784115000,79.74,79.89,79.74,79.88,342
1784115300,79.88,79.91,79.72,79.78,431
1784115600,79.77,79.84,79.75,79.8,185
1784115900,79.79,79.79,79.65,79.72,314
1784116200,79.71,79.71,79.4,79.45,1016
1784116500,79.45,79.58,79.36,79.56,702
1784116800,79.56,79.77,79.56,79.66,371
1784117100,79.66,79.76,79.63,79.65,320
1784117400,79.67,79.78,79.59,79.62,487
1784117700,79.64,79.69,79.54,79.64,301
1784118000,79.66,79.88,79.63,79.87,363
1784118300,79.87,79.94,79.76,79.85,337
1784118600,79.86,79.88,79.76,79.86,296
1784118900,79.82,79.9,79.75,79.82,483
1784119200,79.81,79.84,79.65,79.71,354
1784119500,79.73,79.74,79.6,79.69,369
1784119800,79.68,79.85,79.67,79.81,183
1784120100,79.81,79.85,79.73,79.78,418
1784120400,79.77,79.93,79.6,79.7,1250
1784120700,79.72,80,79.68,79.97,1158
1784121000,79.97,80.28,79.95,80.24,1499
1784121300,80.24,80.36,80.16,80.19,977
1784121600,80.18,80.27,80.06,80.21,968
1784121900,80.21,80.45,80.21,80.38,828
1784122200,80.38,80.39,79.99,80.07,1007
1784122500,80.06,80.1,79.81,79.89,1088
1784122800,79.88,80.03,79.84,79.95,469
1784123100,79.95,80.08,79.88,79.97,487
1784123400,79.97,80.18,79.97,80.15,441
1784123700,80.17,80.18,79.38,79.78,5247
1784124000,79.79,79.86,79.7,79.75,1178
1784124300,79.73,79.79,79.53,79.58,820
1784124600,79.58,79.8,79.55,79.8,711
1784124900,79.8,79.85,79.66,79.66,473
1784125200,79.67,79.71,79.49,79.51,464
1784125500,79.52,79.53,79.22,79.47,1251
1784125800,79.49,79.49,79.07,79.26,1487
1784126100,79.26,79.35,79.05,79.21,1100
1784126400,79.25,79.41,79.22,79.3,748
1784126700,79.29,79.3,78.84,78.86,1296
1784127000,78.86,78.9,78.65,78.65,2841
1784127300,78.65,78.72,78.56,78.64,1337
1784127600,78.64,78.91,78.61,78.83,1324
1784127900,78.83,78.9,78.58,78.71,989
1784128200,78.72,78.91,78.69,78.89,929
1784128500,78.9,78.98,78.65,78.69,759
1784128800,78.67,78.84,78.45,78.46,972
1784129100,78.46,78.51,78.32,78.4,2812
1784129400,78.39,78.6,78.24,78.33,2220
1784129700,78.32,78.81,78.19,78.81,2296
1784130000,78.8,78.81,78.45,78.58,819
1784130300,78.57,78.71,78.5,78.69,539
1784130600,78.69,78.77,78.57,78.59,481
1784130900,78.63,78.89,78.61,78.87,706
1784131200,78.89,79.03,78.84,78.92,1089
1784131500,78.92,79.1,78.89,79.1,514
1784131800,79.09,79.21,78.98,79.01,701
1784132100,79.02,79.06,78.95,79.04,418
1784132400,79.04,79.4,79.02,79.34,963
1784132700,79.33,79.36,79.15,79.21,829
1784133000,79.22,79.37,79.14,79.36,513
1784133300,79.36,79.48,79.31,79.43,737
1784133600,79.44,79.5,79.35,79.49,523
1784133900,79.49,79.53,78.83,79.37,2796
1784134200,79.37,79.64,79.35,79.6,1051
1784134500,79.6,79.72,79.48,79.48,1047
1784134800,79.49,79.49,79.24,79.24,971
1784135100,79.26,79.28,79.1,79.27,553
1784135400,79.25,79.39,79.24,79.35,517
1784135700,79.36,79.42,79.27,79.31,261
1784136000,79.3,79.35,79.26,79.34,186
1784136300,79.35,79.35,78.97,78.99,1250
1784136600,78.98,79.1,78.78,79.1,1279
1784136900,79.09,79.18,78.99,79.12,585
1784137200,79.12,79.13,78.95,78.95,342
1784137500,78.97,79.03,78.89,78.9,356
1784137800,78.9,79.03,78.86,79,467
1784138100,79,79.02,78.93,78.98,293
1784138400,78.97,79.07,78.83,78.84,731
1784138700,78.83,79.21,78.83,79.15,592
1784139000,79.17,79.22,79.05,79.12,433
1784139300,79.12,79.36,79.12,79.24,549
1784139600,79.25,79.4,79.23,79.4,485
1784139900,79.4,79.69,79.31,79.66,2530
1784140200,79.66,79.84,79.61,79.79,1265
1784140500,79.79,79.88,79.75,79.85,400
1784140800,79.86,79.9,79.72,79.78,405
1784141100,79.78,79.85,79.64,79.71,1105
1784141400,79.72,79.76,79.66,79.73,239
1784141700,79.73,79.79,79.67,79.74,234
1784142000,79.75,79.77,79.68,79.69,122
1784142300,79.69,79.77,79.65,79.75,135
1784142600,79.75,79.78,79.58,79.68,1360
1784142900,79.66,79.75,79.56,79.75,419
1784143200,79.75,79.92,79.75,79.85,692
1784143500,79.85,79.91,79.81,79.89,344
1784143800,79.88,80.51,79.84,80.46,1640
1784144100,80.48,80.68,80.23,80.3,1053
1784144400,80.29,80.34,80.22,80.27,457
1784144700,80.26,80.38,80.26,80.36,212
1784145000,80.34,80.36,80.23,80.33,135
1784145300,80.31,80.38,80.26,80.32,262
1784145600,80.32,80.41,80.29,80.38,201
1784145900,80.38,80.51,80.32,80.45,444
1784146200,80.46,80.47,80.38,80.4,195
1784146500,80.4,80.4,80.19,80.2,363
1784146800,80.2,80.31,80.18,80.29,201
1784147100,80.28,80.35,80.27,80.3,101
1784147400,80.3,80.41,80.29,80.41,85
1784147700,80.39,80.41,80.34,80.36,194
1784148000,80.38,80.46,80.38,80.41,52
1784148300,80.43,80.43,80.35,80.35,90
1784148600,80.34,80.35,80.19,80.21,226
1784148900,80.22,80.27,80.19,80.24,112
1784152800,80,80.19,79.6,80.18,328
1784153100,80.17,80.27,80.12,80.16,47
1784153400,80.15,80.23,80.09,80.22,55
1784153700,80.22,80.29,80.21,80.23,93
1784154000,80.26,80.26,80.24,80.24,13
1784154300,80.21,80.37,80.21,80.34,72
1784154600,80.38,80.49,80.38,80.46,68
1784154900,80.47,80.47,80.35,80.42,144
1784155200,80.36,80.46,80.27,80.32,191
1784155500,80.33,80.36,80.31,80.31,11
1784155800,80.33,80.45,80.22,80.38,171
1784156100,80.4,80.59,80.29,80.29,197
1784156400,80.29,80.34,80.24,80.31,52
1784156700,80.3,80.34,80.3,80.34,16
1784157000,80.3,80.33,80.28,80.31,18
1784157300,80.29,80.29,80.21,80.21,21
1784157600,80.22,80.25,80.2,80.2,37
1784157900,80.21,80.23,80.18,80.18,27
1784158200,80.19,80.19,80.07,80.15,151
1784158500,80.16,80.19,80.14,80.19,14
1784158800,80.23,80.25,80.19,80.19,21
1784159100,80.14,80.17,80.14,80.17,17
1784159400,80.18,80.21,80.18,80.21,20
1784159700,80.2,80.22,80.14,80.22,33
1784160000,80.17,80.19,79.99,80.03,277
1784160300,80.04,80.08,79.97,79.98,199
1784160600,79.98,80.08,79.96,79.97,69
1784160900,79.98,80.02,79.94,79.97,103
1784161200,79.96,80.01,79.89,80,63
1784161500,80.02,80.06,79.98,79.99,117
1784161800,80,80.14,79.96,80.09,185
1784162100,80.08,80.13,80.08,80.12,36
1784162400,80.13,80.21,80.09,80.14,105
1784162700,80.16,80.16,80.07,80.11,52
1784163000,80.11,80.14,80.02,80.08,34
1784163300,80.07,80.16,80.07,80.14,52
1784163600,80.11,80.32,80,80.24,265
1784163900,80.23,80.31,80.13,80.3,101
1784164200,80.3,80.37,80.26,80.28,89
1784164500,80.27,80.27,80.12,80.15,59
1784164800,80.14,80.2,80.01,80.08,251
1784165100,80.08,80.23,80.08,80.15,103
1784165400,80.12,80.14,79.98,80.02,148
1784165700,80.02,80.1,79.96,80.04,61
1784166000,80.05,80.13,80,80.13,281
1784166300,80.13,80.27,80.01,80.18,134
1784166600,80.21,80.29,80.09,80.1,196
1784166900,80.09,80.15,79.95,80.05,270
1784167200,80.06,80.16,80.05,80.08,57
1784167500,80.12,80.14,80.04,80.11,94
1784167800,80.13,80.15,80.1,80.13,83
1784168100,80.12,80.12,80.08,80.09,47
1784168400,80.08,80.16,80.04,80.16,69
1784168700,80.18,80.28,80.17,80.23,124
1784169000,80.23,80.25,80.09,80.13,131
1784169300,80.1,80.1,80.01,80.08,93
1784169600,80.11,80.24,80.08,80.17,42
1784169900,80.18,80.18,80.09,80.13,61
1784170200,80.13,80.16,79.99,80.06,149
1784170500,80.09,80.11,80.02,80.04,204
1784170800,80.02,80.08,79.95,80.06,98
1784171100,80.01,80.01,79.87,79.97,132
1784171400,79.99,79.99,79.9,79.91,56
1784171700,79.89,79.89,79.7,79.77,246
1784172000,79.74,79.78,79.67,79.72,108
1784172300,79.69,79.73,79.65,79.72,148
1784172600,79.72,79.73,79.3,79.39,621
1784172900,79.37,79.46,79.27,79.43,193
1784173200,79.43,79.47,79.37,79.4,288
1784173500,79.38,79.45,79.37,79.4,89
1784173800,79.41,79.51,79.39,79.49,169
1784174100,79.5,79.57,79.49,79.55,133
1784174400,79.54,79.59,79.52,79.58,69
1784174700,79.56,79.61,79.53,79.56,151
1784175000,79.56,79.56,79.47,79.49,104
1784175300,79.52,79.53,79.48,79.49,30
1784175600,79.48,79.53,79.44,79.53,54
1784175900,79.57,79.57,79.49,79.49,36
1784176200,79.51,79.52,79.45,79.45,32
1784176500,79.46,79.46,79.4,79.43,42
1784176800,79.44,79.44,79.32,79.34,70
1784177100,79.33,79.34,79.26,79.29,107
1784177400,79.3,79.32,79.26,79.26,54
1784177700,79.27,79.39,79.27,79.37,48
1784178000,79.39,79.39,79.34,79.38,22
1784178300,79.34,79.35,79.27,79.33,63
1784178600,79.32,79.34,79.23,79.34,150
1784178900,79.34,79.42,79.26,79.4,158
1784179200,79.39,79.4,79.37,79.37,41
1784179500,79.38,79.4,79.29,79.29,107
1784179800,79.3,79.33,79.14,79.23,258
1784180100,79.21,79.4,79.21,79.36,39
1784180400,79.38,79.44,79.32,79.36,66
1784180700,79.36,79.38,79.28,79.32,59
1784181000,79.32,79.49,79.32,79.45,132
1784181300,79.46,79.46,79.39,79.39,84
1784181600,79.4,79.44,79.3,79.36,112
1784181900,79.36,79.61,79.36,79.6,306
1784182200,79.6,79.68,79.38,79.43,233
1784182500,79.43,79.49,79.32,79.47,214
1784182800,79.49,79.64,79.49,79.63,185
1784183100,79.62,79.67,79.53,79.56,371
1784183400,79.59,79.69,79.47,79.52,135
1784183700,79.53,79.53,79.3,79.42,269
1784184000,79.43,79.55,79.43,79.53,116
1784184300,79.56,79.61,79.31,79.33,175
1784184600,79.34,79.43,79.26,79.39,175
1784184900,79.38,79.44,79.34,79.41,91
1784185200,79.42,79.62,79.38,79.49,372
1784185500,79.48,79.53,79.37,79.47,298
1784185800,79.5,79.5,79.22,79.26,325
1784186100,79.27,79.43,79.25,79.38,169
1784186400,79.36,79.49,79.35,79.49,102
1784186700,79.49,79.74,79.49,79.7,321
1784187000,79.69,79.74,79.53,79.53,237
1784187300,79.53,79.71,79.52,79.71,113
1784187600,79.71,79.78,79.57,79.57,269
1784187900,79.57,79.6,79.46,79.6,311
1784188200,79.59,79.62,79.48,79.51,144
1784188500,79.52,79.58,79.49,79.54,312
1784188800,79.56,79.6,79.27,79.38,514
1784189100,79.38,79.57,79.33,79.52,303
1784189400,79.53,79.63,79.42,79.54,362
1784189700,79.53,79.56,79.44,79.5,76
1784190000,79.48,79.53,79.42,79.49,113
1784190300,79.48,79.55,79.4,79.42,551
1784190600,79.42,79.62,79.33,79.58,451
1784190900,79.58,79.67,79.41,79.64,341
1784191200,79.64,79.64,79.52,79.58,107
1784191500,79.59,79.59,79.38,79.41,160
1784191800,79.4,79.61,79.4,79.59,211
1784192100,79.58,79.58,79.28,79.31,308
1784192400,79.31,79.33,79.09,79.16,474
1784192700,79.15,79.18,78.98,79.14,793
1784193000,79.17,79.22,78.91,78.95,367
1784193300,78.96,79.25,78.95,79.25,239
1784193600,79.26,79.4,79.24,79.32,333
1784193900,79.32,79.32,79.07,79.08,661
1784194200,79.09,79.32,79.02,79.29,265
1784194500,79.28,79.49,79.25,79.46,582
1784194800,79.46,79.59,79.41,79.54,426
1784195100,79.52,79.66,79.52,79.61,535
1784195400,79.6,79.6,79.42,79.47,344
1784195700,79.44,79.55,79.44,79.55,267
1784196000,79.56,79.6,79.4,79.44,189
1784196300,79.45,79.6,79.45,79.53,194
1784196600,79.54,79.58,79.47,79.56,155
1784196900,79.56,79.61,79.42,79.47,118
1784197200,79.47,79.6,79.47,79.57,145
1784197500,79.56,79.6,79.52,79.58,155
1784197800,79.59,79.69,79.58,79.61,212
1784198100,79.61,79.65,79.54,79.6,92
1784198400,79.6,79.65,79.55,79.6,82
1784198700,79.59,79.61,79.44,79.56,346
1784199000,79.58,79.65,79.46,79.53,352
1784199300,79.56,79.69,79.56,79.62,274
1784199600,79.63,79.63,79.49,79.54,188
1784199900,79.53,79.54,79.34,79.35,258
1784200200,79.37,79.5,79.37,79.49,164
1784200500,79.5,79.58,79.39,79.4,229
1784200800,79.41,79.48,79.34,79.37,278
1784201100,79.37,79.45,79.33,79.39,176
1784201400,79.37,79.49,79.36,79.4,238
1784201700,79.4,79.55,79.39,79.44,269
1784202000,79.47,79.52,79.42,79.46,171
1784202300,79.46,80.34,79.35,79.96,1521
1784202600,79.97,80.03,79.67,79.84,2952
1784202900,79.82,79.95,79.65,79.68,954
1784203200,79.66,79.96,79.63,79.94,738
1784203500,79.96,80.07,79.94,80.01,622
1784203800,80.01,80.19,80,80.1,576
1784204100,80.11,80.27,80.11,80.18,865
1784204400,80.19,80.43,80.16,80.37,1302
1784204700,80.38,80.73,80.37,80.44,1927
1784205000,80.45,80.6,80.31,80.5,1129
1784205300,80.52,80.65,80.5,80.64,862
1784205600,80.64,80.7,80.53,80.67,507
1784205900,80.68,80.68,80.28,80.41,731
1784206200,80.42,80.56,80.4,80.51,595
1784206500,80.51,80.63,80.48,80.5,548
1784206800,80.5,80.87,80.42,80.71,1462
1784207100,80.68,80.7,80.36,80.46,1336
1784207400,80.47,80.53,80.32,80.37,574
1784207700,80.34,80.55,80.33,80.46,710
1784208000,80.48,80.52,80.35,80.37,463
1784208300,80.37,80.39,80.12,80.15,934
1784208600,80.15,80.31,79.94,80.3,1147
1784208900,80.29,80.36,80.07,80.12,711
1784209200,80.1,80.13,79.87,80,835
1784209500,80,80.1,79.87,79.93,459
1784209800,79.92,80.06,79.89,79.97,416
1784210100,79.96,80.12,79.89,80.07,636
1784210400,80.09,80.09,79.71,79.71,810
1784210700,79.71,79.92,79.68,79.88,640
1784211000,79.88,79.99,79.87,79.94,419
1784211300,79.97,80.05,79.88,79.92,335
1784211600,79.91,80.31,79.9,80.19,862
1784211900,80.19,80.23,79.99,80.04,494
1784212200,80.05,80.07,79.95,80.04,389
1784212500,80.04,80.04,79.84,79.88,843
1784212800,79.89,79.98,79.78,79.79,621
1784213100,79.8,79.87,79.62,79.72,617
1784213400,79.71,79.8,79.62,79.63,476
1784213700,79.63,79.72,79.44,79.58,1240
1784214000,79.58,79.74,79.47,79.73,651
1784214300,79.73,79.77,79.54,79.58,415
1784214600,79.58,79.71,79.58,79.69,512
1784214900,79.68,79.72,79.61,79.62,308
1784215200,79.63,79.63,79.31,79.46,1058
1784215500,79.46,79.54,79.3,79.52,1035
1784215800,79.52,79.67,79.4,79.42,698
1784216100,79.43,79.45,79.3,79.3,503
1784216400,79.3,79.33,79.17,79.33,773
1784216700,79.34,79.44,79.32,79.33,570
1784217000,79.35,79.45,79.33,79.37,500
1784217300,79.38,79.39,79.31,79.35,318
1784217600,79.35,79.6,79.32,79.56,650
1784217900,79.57,79.71,79.5,79.53,598
1784218200,79.54,79.6,79.31,79.42,613
1784218500,79.43,79.65,79.33,79.54,797
1784218800,79.54,80.08,79.53,79.65,2993
1784219100,79.66,79.73,79.43,79.44,962
1784219400,79.44,79.45,79.28,79.3,880
1784219700,79.31,79.43,79.24,79.41,544
1784220000,79.39,79.43,79.3,79.36,323
1784220300,79.36,79.42,79.29,79.29,204
1784220600,79.29,79.32,78.97,79.02,798
1784220900,79.01,79.04,78.82,78.98,1431
1784221200,78.99,79,78.79,78.97,670
1784221500,78.97,79.04,78.91,79.03,266
1784221800,79.03,79.24,79.03,79.24,720
1784222100,79.24,79.25,79.04,79.05,599
1784222400,79.05,79.1,78.93,79.02,403
1784222700,79.02,79.04,78.92,78.94,386
1784223000,78.95,79.12,78.91,79.09,497
1784223300,79.08,79.12,79.02,79.04,330
1784223600,79.03,79.07,78.71,79.05,1165
1784223900,79.05,79.11,78.91,78.92,514
1784224200,78.9,78.9,78.71,78.8,520
1784224500,78.8,78.83,78.73,78.77,424
1784224800,78.77,78.78,78.61,78.78,492
1784225100,78.79,78.87,78.74,78.81,501
1784225400,78.81,78.83,78.6,78.69,649
1784225700,78.68,78.76,78.58,78.75,566
1784226000,78.74,79.03,78.64,79.02,985
1784226300,79.03,79.08,78.87,78.97,2544
1784226600,78.96,78.99,78.84,78.86,732
1784226900,78.88,78.91,78.75,78.89,256
1784227200,78.88,78.97,78.86,78.96,230
1784227500,78.96,79.08,78.94,79.01,470
1784227800,79,79.02,78.89,78.9,222
1784228100,78.89,79.02,78.89,79,201
1784228400,79.02,79.1,78.99,79.03,211
1784228700,79.02,79.08,78.98,79.02,171
1784229000,79.03,79.06,78.94,78.98,174
1784229300,78.98,79.01,78.97,79.01,74
1784229600,79.01,79.03,78.95,78.96,46
1784229900,78.95,79,78.95,78.98,71
1784230200,78.99,79.15,78.99,79.14,120
1784230500,79.14,79.18,79.01,79.06,344
1784230800,79.06,79.07,79.01,79.06,95
1784231100,79.07,79.08,79.03,79.07,80
1784231400,79.08,79.14,79.06,79.1,181
1784231700,79.1,79.12,79.03,79.06,153
1784232000,79.07,79.09,79.03,79.04,71
1784232300,79.04,79.1,78.86,78.87,226
1784232600,78.92,79.08,78.92,79.08,84
1784232900,79.09,79.14,79.07,79.14,63
1784233200,79.13,79.15,79.1,79.11,86
1784233500,79.12,79.13,79.08,79.12,21
1784233800,79.14,79.43,79.14,79.41,324
1784234100,79.39,79.6,79.32,79.47,258
1784234400,79.46,79.49,79.4,79.47,169
1784234700,79.45,79.69,79.41,79.66,232
1784235000,79.65,79.66,79.54,79.55,109
1784235300,79.55,79.6,79.51,79.58,184
1784239200,78.86,79.01,78.81,78.9,217
1784239500,78.9,78.96,78.9,78.91,114
1784239800,78.91,79.03,78.91,79.03,117
1784240100,79.05,79.07,79.04,79.06,90
1784240400,79.05,79.05,78.87,78.89,61
1784240700,78.9,78.96,78.88,78.96,49
1784241000,78.95,79,78.91,78.96,50
1784241300,78.97,79.01,78.96,78.96,46
1784241600,78.96,79.02,78.95,78.97,115
1784241900,78.97,79,78.93,79,64
1784242200,79.01,79.02,78.99,78.99,25
1784242500,78.97,79.02,78.94,78.94,44
1784242800,78.93,78.94,78.91,78.93,40
1784243100,78.96,79,78.95,78.96,23
1784243400,78.97,78.99,78.96,78.99,9
1784243700,78.99,79.03,78.96,78.99,35
1784244000,79,79,78.95,78.96,16
1784244300,78.95,79,78.94,79,72
1784244600,79.01,79.02,78.99,79,109
1784244900,78.99,79.01,78.96,78.96,65
1784245200,78.96,78.98,78.95,78.96,31
1784245500,78.96,79.01,78.95,79,45
1784245800,78.99,78.99,78.97,78.97,28
1784246100,78.98,79.02,78.97,79.02,38
1784246400,79.01,79.01,78.79,78.9,518
1784246700,78.88,78.91,78.86,78.88,53
1784247000,78.88,78.91,78.81,78.82,69
1784247300,78.83,78.88,78.79,78.87,59
1784247600,78.87,78.95,78.85,78.9,90
1784247900,78.92,79.03,78.8,78.99,283
1784248200,78.98,78.99,78.91,78.94,88
1784248500,78.93,78.95,78.83,78.94,90
1784248800,78.94,79.12,78.91,79.09,135
1784249100,79.11,79.11,78.98,79.05,278
1784249400,79.06,79.1,79.04,79.08,61
1784249700,79.1,79.14,79.08,79.11,116
1784250000,79.11,79.22,79.01,79.13,352
1784250300,79.13,79.3,79,79.25,267
1784250600,79.26,79.4,79.26,79.34,277
1784250900,79.34,79.4,79.31,79.39,143
1784251200,79.4,79.51,79.38,79.44,292
1784251500,79.42,79.53,79.4,79.52,263
1784251800,79.52,79.58,79.3,79.3,386
1784252100,79.32,79.32,79.19,79.23,238
1784252400,79.22,79.29,79.16,79.26,280
1784252700,79.26,79.26,79.11,79.21,153
1784253000,79.21,79.26,79.16,79.18,156
1784253300,79.17,79.27,79.12,79.17,302
1784253600,79.17,79.24,79.1,79.24,155
1784253900,79.23,79.23,79.13,79.2,93
1784254200,79.2,79.21,79.14,79.17,85
1784254500,79.16,79.18,79.12,79.18,113
1784254800,79.18,79.18,79.13,79.13,23
1784255100,79.13,79.14,79.06,79.07,155
1784255400,79.07,79.08,78.93,78.98,337
1784255700,78.98,78.99,78.85,78.96,273
1784256000,78.96,78.99,78.9,78.97,89
1784256300,78.98,78.98,78.87,78.88,105
1784256600,78.86,79,78.77,78.99,575
1784256900,78.99,79.05,78.91,79.03,237
1784257200,79.01,79.08,78.97,79.07,92
1784257500,79.05,79.09,78.98,79.04,89
1784257800,79.04,79.11,79.02,79.03,81
1784258100,79.02,79.02,78.87,78.89,115
1784258400,78.93,78.99,78.89,78.99,54
1784258700,78.99,79.07,78.96,79.05,82
1784259000,79.06,79.06,78.94,78.98,141
1784259300,78.97,78.98,78.95,78.98,38
1784259600,78.98,79.14,78.96,79.1,170
1784259900,79.08,79.11,79.05,79.08,58
1784260200,79.08,79.09,79.06,79.09,35
1784260500,79.09,79.17,79.09,79.16,85
1784260800,79.15,79.18,79.12,79.14,87
1784261100,79.14,79.14,79.07,79.12,120
1784261400,79.13,79.18,79.13,79.18,91
1784261700,79.18,79.22,79.15,79.19,101
1784262000,79.17,79.24,79.17,79.23,144
1784262300,79.22,79.28,79.22,79.25,95
1784262600,79.25,79.28,79.25,79.27,48
1784262900,79.26,79.27,79.2,79.2,99
1784263200,79.21,79.23,79.16,79.17,62
1784263500,79.16,79.17,79.12,79.13,39
1784263800,79.13,79.14,79.1,79.11,69
1784264100,79.11,79.19,79.11,79.19,74
1784264400,79.19,79.21,79.16,79.16,38
1784264700,79.18,79.18,79.06,79.06,177
1784265000,79.06,79.08,79.05,79.06,55
1784265300,79.07,79.09,79.06,79.07,32
1784265600,79.07,79.07,79.01,79.03,74
1784265900,79.01,79.03,78.93,78.98,94
1784266200,78.98,79.11,78.94,79.01,126
1784266500,78.99,78.99,78.77,78.78,244
1784266800,78.78,78.78,78.13,78.34,1237
1784267100,78.35,78.39,78.15,78.24,439
1784267400,78.25,78.5,78.24,78.41,243
1784267700,78.41,78.46,78.33,78.38,202
1784268000,78.43,78.45,78.06,78.09,547
1784268300,78.07,78.1,77.93,78.01,721
1784268600,78.02,78.13,77.97,78.13,369
1784268900,78.14,78.31,78.06,78.31,286
1784269200,78.3,78.34,78.08,78.19,363
1784269500,78.19,78.48,78.19,78.44,369
1784269800,78.45,78.5,78.38,78.42,183
1784270100,78.44,78.83,78.44,78.79,1148
1784270400,78.8,78.89,78.71,78.72,458
1784270700,78.73,78.85,78.69,78.71,212
1784271000,78.7,78.7,78.51,78.65,249
1784271300,78.64,78.68,78.58,78.65,154
1784271600,78.63,78.79,78.61,78.69,378
1784271900,78.69,78.96,78.69,78.92,300
1784272200,78.9,78.95,78.85,78.87,323
1784272500,78.87,78.99,78.77,78.96,270
1784272800,78.97,79.12,78.94,79.04,396
1784273100,79.04,79.14,78.96,79.01,347
1784273400,79,79.05,78.97,79,214
1784273700,79.01,79.06,78.88,78.91,342
1784274000,78.92,78.98,78.89,78.93,137
1784274300,78.94,78.97,78.75,78.8,180
1784274600,78.8,78.83,78.72,78.8,139
1784274900,78.8,78.89,78.72,78.77,245
1784275200,78.76,78.79,78.53,78.57,329
1784275500,78.58,78.79,78.56,78.65,290
1784275800,78.66,78.89,78.66,78.81,318
1784276100,78.81,78.82,78.57,78.62,242
1784276400,78.6,78.9,78.56,78.9,312
1784276700,78.91,79.11,78.89,79.07,794
1784277000,79.05,79.09,78.93,79.09,410
1784277300,79.09,79.09,78.8,78.86,247
1784277600,78.86,79.02,78.8,78.96,197
1784277900,78.97,79.07,78.95,79.03,149
1784278200,79.06,79.26,79.03,79.2,367
1784278500,79.21,79.32,79.08,79.29,563
1784278800,79.32,79.62,79.29,79.45,1337
1784279100,79.44,79.6,79.4,79.57,629
1784279400,79.58,79.58,79.4,79.45,432
1784279700,79.45,79.53,79.4,79.53,390
1784280000,79.53,79.77,79.53,79.7,662
1784280300,79.69,79.83,79.67,79.77,622
1784280600,79.78,79.86,79.66,79.76,468
1784280900,79.77,79.93,79.74,79.86,600
1784281200,79.85,79.88,79.65,79.73,397
1784281500,79.72,79.83,79.66,79.8,335
1784281800,79.81,79.91,79.8,79.87,494
1784282100,79.87,79.9,79.77,79.77,497
1784282400,79.77,79.77,79.56,79.67,451
1784282700,79.67,79.98,79.64,79.95,467
1784283000,79.97,80.03,79.88,79.98,1367
1784283300,79.98,80.08,79.91,80.05,602
1784283600,80.05,80.06,79.92,80.01,316
1784283900,80.03,80.09,79.84,79.84,424
1784284200,79.85,79.87,79.77,79.87,281
1784284500,79.87,79.9,79.75,79.77,460
1784284800,79.77,79.85,79.74,79.79,306
1784285100,79.8,79.87,79.8,79.84,205
1784285400,79.83,79.99,79.8,79.98,210
1784285700,79.99,80.04,79.95,79.98,393
1784286000,79.99,80.07,79.92,80.02,462
1784286300,80.02,80.19,80.01,80.15,507
1784286600,80.17,80.23,80.13,80.16,329
1784286900,80.15,80.28,80.15,80.2,269
1784287200,80.2,80.32,80.15,80.21,476
1784287500,80.2,80.25,80.06,80.07,370
1784287800,80.07,80.19,80.04,80.19,279
1784288100,80.18,80.18,79.94,79.94,382
1784288400,79.93,80.02,79.92,79.97,471
1784288700,79.98,80.08,79.9,80.08,312
1784289000,80.08,80.2,80.04,80.17,600
1784289300,80.18,80.21,80.11,80.19,326
1784289600,80.2,80.21,80.12,80.2,309
1784289900,80.19,80.22,80.06,80.07,598
1784290200,80.06,80.15,80.05,80.1,381
1784290500,80.11,80.31,80.11,80.23,617
1784290800,80.22,80.26,80.19,80.24,466
1784291100,80.23,80.25,80.09,80.23,312
1784291400,80.26,80.43,80.26,80.39,869
1784291700,80.39,80.44,80.29,80.37,450
1784292000,80.38,80.38,80.25,80.33,468
1784292300,80.31,80.33,80.17,80.18,470
1784292600,80.18,80.21,80.1,80.21,739
1784292900,80.22,80.46,80.17,80.35,1149
1784293200,80.34,80.98,80.29,80.9,3640
1784293500,80.91,81.01,80.65,80.66,1697
1784293800,80.66,80.87,80.65,80.85,1009
1784294100,80.86,80.87,80.66,80.8,722
1784294400,80.79,81.02,80.77,80.94,988
1784294700,80.93,80.98,80.86,80.95,849
1784295000,80.94,81.06,80.87,80.88,1217
1784295300,80.88,80.93,80.58,80.6,1328
1784295600,80.61,80.92,80.58,80.91,857
1784295900,80.92,81,80.86,80.97,710
1784296200,80.98,81.17,80.98,81.07,1136
1784296500,81.09,81.2,81.04,81.14,725
1784296800,81.14,81.25,81.05,81.22,1343
1784297100,81.23,81.25,80.9,80.95,1130
1784297400,80.95,81.13,80.95,81.12,785
1784297700,81.11,81.11,80.87,81.01,1017
1784298000,81,81.02,80.84,80.88,686
1784298300,80.89,80.97,80.83,80.91,679
1784298600,80.9,80.9,80.64,80.66,1136
1784298900,80.64,80.76,80.53,80.71,1173
1784299200,80.7,80.8,80.66,80.8,585
1784299500,80.79,80.8,80.63,80.69,624
1784299800,80.69,80.7,80.43,80.44,1300
1784300100,80.45,80.46,80.17,80.22,2895
1784300400,80.21,80.35,79.98,80.03,2354
1784300700,80.04,80.13,79.87,79.97,1514
1784301000,79.97,80.03,79.82,79.97,1303
1784301300,79.97,80.32,79.97,80.16,1148
1784301600,80.19,80.46,80.02,80.45,1589
1784301900,80.44,80.57,80.37,80.42,1697
1784302200,80.42,80.82,80.3,80.69,3218
1784302500,80.71,80.85,80.59,80.76,941
1784302800,80.77,80.83,80.68,80.71,549
1784303100,80.72,80.75,80.6,80.65,447
1784303400,80.65,80.81,80.64,80.77,508
1784303700,80.77,80.79,80.66,80.68,469
1784304000,80.69,81.4,80.62,81.2,3594
1784304300,81.2,81.42,81.08,81.39,1269
1784304600,81.38,81.45,81.3,81.32,1014
1784304900,81.32,81.52,81.28,81.31,935
1784305200,81.31,81.48,81.21,81.46,841
1784305500,81.46,81.51,81.36,81.41,753
1784305800,81.41,81.42,81.3,81.4,501
1784306100,81.41,81.47,81.29,81.29,509
1784306400,81.29,81.36,81.21,81.34,722
1784306700,81.34,81.36,81.22,81.22,471
1784307000,81.23,81.5,81.2,81.5,864
1784307300,81.49,81.54,81.44,81.47,1071
1784307600,81.47,81.48,81.33,81.38,701
1784307900,81.37,81.5,81.28,81.45,812
1784308200,81.47,81.54,81.45,81.49,552
1784308500,81.49,81.58,81.44,81.57,687
1784308800,81.58,81.64,81.49,81.6,744
1784309100,81.6,81.73,81.6,81.64,998
1784309400,81.64,81.85,81.63,81.64,1425
1784309700,81.64,81.68,81.51,81.56,1067
1784310000,81.56,81.81,81.52,81.81,1501
1784310300,81.81,81.88,81.68,81.78,1072
1784310600,81.79,81.83,81.67,81.68,779
1784310900,81.68,81.85,81.67,81.77,1429
1784311200,81.77,81.85,81.61,81.82,1119
1784311500,81.82,82.07,81.82,81.89,2038
1784311800,81.9,82.02,81.83,82.01,714
1784312100,82.02,82.06,81.87,81.88,1135
1784312400,81.87,82.03,81.85,82,1091
1784312700,82,82.05,81.65,81.67,6759
1784313000,81.66,81.69,81.5,81.51,2163
1784313300,81.51,81.63,81.43,81.56,1200
1784313600,81.56,81.57,81.34,81.42,1295
1784313900,81.42,81.48,81.36,81.47,551
1784314200,81.47,81.52,81.4,81.49,692
1784314500,81.47,81.49,81.4,81.41,298
1784314800,81.42,81.44,81.31,81.36,307
1784315100,81.37,81.43,81.33,81.36,278
1784315400,81.35,81.41,81.31,81.38,307
1784315700,81.38,81.43,81.35,81.39,468
1784316000,81.4,81.47,81.37,81.41,252
1784316300,81.41,81.44,81.33,81.38,497
1784316600,81.36,81.36,81.15,81.16,865
1784316900,81.17,81.34,81.15,81.23,479
1784317200,81.22,81.24,81.08,81.14,542
1784317500,81.13,81.23,81.12,81.16,466
1784317800,81.17,81.46,81.13,81.41,604
1784318100,81.4,81.46,81.39,81.44,434
1784318400,81.44,81.54,81.32,81.52,330
1784318700,81.5,81.64,81.5,81.54,323
1784319000,81.54,81.54,81.49,81.51,133
1784319300,81.51,81.58,81.51,81.57,165
1784319600,81.57,81.73,81.56,81.69,274
1784319900,81.68,81.75,81.63,81.72,187
1784320200,81.72,81.83,81.61,81.7,266
1784320500,81.69,81.81,81.66,81.75,147
1784320800,81.76,81.86,81.72,81.86,203
1784321100,81.84,81.86,81.71,81.72,191
1784321400,81.72,81.79,81.69,81.71,244
1784321700,81.74,81.85,81.71,81.77,570
1784498400,82.91,84.41,82.88,84.04,3621
1784498700,84.03,84.18,83.77,83.89,1668
1784499000,83.88,84.02,83.79,83.87,606
1784499300,83.86,84.14,83.8,84.11,422
1784499600,84.13,84.26,84.07,84.22,937
1784499900,84.23,84.58,84.06,84.58,1514
1784500200,84.59,84.6,84.01,84.15,1152
1784500500,84.15,84.33,84.15,84.29,211
1784500800,84.29,84.29,84.1,84.13,245
1784501100,84.11,84.14,84.01,84.05,455
1784501400,84.07,84.17,84.03,84.1,310
1784501700,84.1,84.11,84.03,84.03,173
1784502000,84.04,84.17,83.96,84.08,487
1784502300,84.09,84.09,83.98,84.02,171
1784502600,84.03,84.09,83.97,84.08,206
1784502900,84.09,84.09,84.02,84.02,162
1784503200,84.04,84.04,83.84,83.87,446
1784503500,83.87,83.96,83.79,83.95,402
1784503800,83.95,83.98,83.71,83.8,468
1784504100,83.77,83.91,83.76,83.9,229
1784504400,83.9,83.97,83.87,83.94,128
1784504700,83.94,84,83.92,83.96,95
1784505000,83.94,83.94,83.8,83.9,144
1784505300,83.88,83.88,83.81,83.84,279
1784505600,83.85,83.9,83.68,83.69,570
1784505900,83.69,83.74,83.59,83.66,503
1784506200,83.64,83.69,83.52,83.66,454
1784506500,83.64,83.73,83.56,83.73,510
1784506800,83.73,83.73,83.57,83.67,201
1784507100,83.68,83.73,83.62,83.7,225
1784507400,83.72,83.73,83.53,83.58,225
1784507700,83.6,83.78,83.56,83.76,180
1784508000,83.76,83.77,83.65,83.68,98
1784508300,83.69,83.75,83.63,83.71,104
1784508600,83.71,83.73,83.59,83.65,145
1784508900,83.65,83.65,83.55,83.57,250
1784509200,83.57,83.67,83.36,83.43,924
1784509500,83.45,83.53,83.37,83.42,277
1784509800,83.43,83.65,83.43,83.63,230
1784510100,83.61,83.65,83.39,83.54,377
1784510400,83.53,83.56,83.43,83.5,134
1784510700,83.48,83.69,83.45,83.59,171
1784511000,83.6,83.68,83.5,83.64,174
1784511300,83.63,83.72,83.57,83.69,191
1784511600,83.68,83.81,83.66,83.77,276
1784511900,83.79,83.86,83.7,83.77,331
1784512200,83.79,83.86,83.67,83.69,242
1784512500,83.69,83.73,83.6,83.7,467
1784512800,83.7,83.7,83.42,83.59,295
1784513100,83.59,83.85,83.58,83.78,179
1784513400,83.78,83.82,83.74,83.8,128
1784513700,83.81,83.81,83.76,83.78,76
1784514000,83.79,83.79,83.61,83.71,242
1784514300,83.7,83.7,83.59,83.6,91
1784514600,83.61,83.63,83.33,83.57,579
1784514900,83.57,83.7,83.54,83.63,218
1784515200,83.62,83.64,83.39,83.52,232
1784515500,83.52,83.55,83.41,83.55,239
1784515800,83.55,83.55,83.31,83.35,316
1784516100,83.35,83.46,83.33,83.36,164
1784516400,83.35,83.42,83.32,83.41,117
1784516700,83.43,83.47,83.38,83.46,96
1784517000,83.48,83.52,83.46,83.52,57
1784517300,83.52,83.52,83.43,83.52,70
1784517600,83.52,83.61,83.52,83.59,178
1784517900,83.59,83.63,83.48,83.52,187
1784518200,83.53,83.61,83.51,83.6,116
1784518500,83.58,83.65,83.58,83.6,61
1784518800,83.59,83.6,83.53,83.57,111
1784519100,83.59,83.63,83.56,83.62,41
1784519400,83.62,83.65,83.6,83.62,48
1784519700,83.63,83.65,83.62,83.64,26
1784520000,83.64,83.77,83.61,83.72,207
1784520300,83.72,83.74,83.69,83.71,126
1784520600,83.71,83.77,83.68,83.75,65
1784520900,83.74,83.77,83.71,83.73,67
1784521200,83.73,83.73,83.7,83.73,22
1784521500,83.73,83.74,83.67,83.69,91
1784521800,83.69,83.69,83.63,83.64,68
1784522100,83.64,83.66,83.51,83.57,174
1784522400,83.55,83.55,83.47,83.5,170
1784522700,83.5,83.6,83.47,83.56,106
1784523000,83.55,83.65,83.54,83.63,90
1784523300,83.62,83.62,83.51,83.55,252
1784523600,83.54,83.56,83.48,83.54,140
1784523900,83.54,83.55,83.51,83.54,39
1784524200,83.54,83.54,83.43,83.48,165
1784524500,83.48,83.57,83.47,83.53,116
1784524800,83.52,83.57,83.51,83.55,46
1784525100,83.55,83.7,83.55,83.69,232
1784525400,83.69,83.77,83.59,83.64,304
1784525700,83.62,83.64,83.48,83.55,212
1784526000,83.57,83.74,83.55,83.73,141
1784526300,83.74,83.8,83.66,83.79,200
1784526600,83.77,83.78,83.66,83.71,110
1784526900,83.72,83.86,83.71,83.81,265
1784527200,83.81,83.94,83.8,83.89,460
1784527500,83.89,84.01,83.86,83.97,569
1784527800,83.98,84.09,83.94,83.97,356
1784528100,83.99,84.14,83.95,84.13,371
1784528400,84.13,84.2,83.85,83.9,415
1784528700,83.9,83.99,83.73,83.8,1050
1784529000,83.79,83.95,83.78,83.91,256
1784529300,83.9,84.08,83.9,84.05,338
1784529600,84.09,84.1,83.74,83.87,1518
1784529900,83.86,83.91,83.77,83.8,262
1784530200,83.8,83.82,83.67,83.77,325
1784530500,83.78,83.94,83.77,83.89,185
1784530800,83.88,83.88,83.64,83.82,830
1784531100,83.82,84.11,83.81,84.1,421
1784531400,84.1,84.17,83.87,83.98,649
1784531700,83.97,84.02,83.78,83.8,427
1784532000,83.78,83.82,83.31,83.31,1831
1784532300,83.32,83.44,83.13,83.2,1184
1784532600,83.19,83.25,82.84,82.95,1656
1784532900,82.96,83.04,82.6,82.61,1298
1784533200,82.62,82.69,82.23,82.23,1737
1784533500,82.24,82.62,82.13,82.42,1571
1784533800,82.43,82.48,82.31,82.4,1072
1784534100,82.42,82.42,82.11,82.22,1204
1784534400,82.21,82.23,81.76,81.98,2001
1784534700,81.99,82.06,81.88,81.94,635
1784535000,81.94,82.05,81.65,81.75,1015
1784535300,81.75,81.82,81.54,81.57,1539
1784535600,81.58,81.8,81.39,81.47,973
1784535900,81.47,81.64,81.42,81.62,1153
1784536200,81.62,81.68,81.31,81.4,1346
1784536500,81.39,81.51,81.38,81.49,407
1784536800,81.47,81.68,81.35,81.67,697
1784537100,81.65,81.68,81.29,81.36,630
1784537400,81.35,81.53,81.27,81.49,696
1784537700,81.49,81.62,81.34,81.57,887
1784538000,81.57,81.61,81.45,81.61,478
1784538300,81.61,81.74,81.52,81.55,747
1784538600,81.54,81.61,81.45,81.5,437
1784538900,81.49,81.49,81.2,81.45,671
1784539200,81.45,81.46,81.11,81.24,677
1784539500,81.25,81.34,81.23,81.34,282
1784539800,81.34,81.34,81.11,81.12,402
1784540100,81.11,81.15,81.02,81.03,770
1784540400,81.05,81.23,80.95,81.19,741
1784540700,81.19,81.33,81.18,81.29,380
1784541000,81.29,81.29,81.12,81.19,572
1784541300,81.2,81.33,81.14,81.17,648
1784541600,81.18,81.4,81.18,81.4,400
1784541900,81.4,81.5,81.39,81.48,368
1784542200,81.48,81.48,81.15,81.41,472
1784542500,81.41,81.42,81.26,81.27,264
1784542800,81.28,81.43,81.24,81.43,286
1784543100,81.42,81.46,81.4,81.45,198
1784543400,81.45,81.59,81.43,81.52,484
1784543700,81.5,81.71,81.5,81.7,379
1784544000,81.71,81.74,81.57,81.68,454
1784544300,81.68,81.79,81.67,81.79,291
1784544600,81.8,81.83,81.65,81.69,749
1784544900,81.7,81.77,81.63,81.64,630
1784545200,81.63,81.64,81.41,81.44,878
1784545500,81.44,81.64,81.44,81.62,290
1784545800,81.64,81.71,81.56,81.71,221
1784546100,81.7,81.72,81.56,81.59,272
1784546400,81.57,81.61,81.52,81.58,325
1784546700,81.63,81.66,81.56,81.61,214
1784547000,81.59,81.6,80.01,80.06,7726
1784547300,80.07,80.18,79.72,79.81,2886
1784547600,79.81,79.93,79.58,79.76,2646
1784547900,79.78,80.32,79.78,80.31,1878
1784548200,80.31,80.49,80.25,80.32,2182
1784548500,80.32,80.47,80.19,80.28,1249
1784548800,80.26,81.57,80.24,81.32,6499
1784549100,81.35,81.61,81.21,81.57,2785
1784549400,81.57,81.7,81.26,81.43,1689
1784549700,81.44,81.6,81.39,81.56,928
1784550000,81.56,81.75,81.5,81.74,1198
1784550300,81.74,81.98,81.7,81.84,1315
1784550600,81.83,82.1,81.77,81.96,2244
1784550900,81.97,81.98,81.68,81.91,1256
1784551200,81.91,82.13,81.85,82.02,1682
1784551500,82.03,82.06,81.57,81.69,1276
1784551800,81.71,82.1,81.71,82.08,1699
1784552100,82.07,82.13,81.84,81.87,1468
1784552400,81.88,81.99,81.51,81.61,2337
1784552700,81.62,81.78,81.52,81.71,1535
1784553000,81.7,81.76,81.43,81.76,1651
1784553300,81.75,81.76,81.47,81.65,1458
1784553600,81.64,81.7,81.28,81.33,1432
1784553900,81.33,81.39,81.14,81.34,1803
1784554200,81.33,81.51,81.17,81.19,1415
1784554500,81.2,81.27,81.1,81.23,1401
1784554800,81.22,81.5,81.17,81.44,922
1784555100,81.42,81.56,81.34,81.49,936
1784555400,81.48,81.76,81.4,81.74,1173
1784555700,81.74,81.75,81.6,81.71,869
1784556000,81.71,81.82,81.51,81.76,1134
1784556300,81.76,81.82,81.64,81.73,838
1784556600,81.73,81.99,81.73,81.97,1641
1784556900,81.96,82.02,81.6,81.66,1027
1784557200,81.67,81.81,81.63,81.66,606
1784557500,81.66,81.69,81.46,81.52,1046
1784557800,81.52,81.71,81.47,81.49,995
1784558100,81.5,81.59,81.3,81.34,932
1784558400,81.34,81.46,81.29,81.46,699
1784558700,81.46,81.67,81.44,81.65,715
1784559000,81.66,81.94,81.65,81.78,897
1784559300,81.78,82.07,81.77,82,1584
1784559600,81.99,82.08,81.62,81.66,1108
1784559900,81.67,81.82,81.11,81.3,2774
1784560200,81.29,81.59,81.29,81.44,1586
1784560500,81.45,81.63,81.36,81.63,806
1784560800,81.63,81.77,81.58,81.6,971
1784561100,81.6,81.61,81.39,81.4,1208
1784561400,81.4,81.54,81.27,81.53,2061
1784561700,81.54,81.55,81.42,81.48,588
1784562000,81.47,81.64,81.4,81.49,859
1784562300,81.49,81.63,81.44,81.53,725
1784562600,81.53,81.54,81.41,81.52,645
1784562900,81.51,81.57,81.46,81.56,566
1784563200,81.57,81.58,81.29,81.31,1118
1784563500,81.31,81.36,81.18,81.34,928
1784563800,81.36,81.44,81.33,81.39,648
1784564100,81.39,81.54,81.38,81.38,617
1784564400,81.37,81.48,81.24,81.47,750
1784564700,81.46,81.62,81.46,81.61,742
1784565000,81.6,82.02,81.6,81.8,2367
1784565300,81.8,81.84,81.66,81.68,1103
1784565600,81.68,82.45,81.67,81.87,3252
1784565900,81.86,81.86,81.56,81.6,1002
1784566200,81.61,81.94,81.6,81.92,744
1784566500,81.93,81.98,81.88,81.89,656
1784566800,81.9,81.95,81.77,81.85,718
1784567100,81.86,81.92,81.72,81.73,543
1784567400,81.73,81.85,81.67,81.78,866
1784567700,81.78,81.83,81.72,81.76,559
1784568000,81.77,81.96,81.75,81.91,741
1784568300,81.9,81.98,81.73,81.75,698
1784568600,81.76,82.06,81.76,82.05,939
1784568900,82.05,82.23,82.04,82.14,1428
1784569200,82.15,82.16,81.99,82.04,736
1784569500,82.04,82.22,81.95,82.19,890
1784569800,82.2,82.27,81.97,82.06,998
1784570100,82.05,82.29,81.98,82.16,1555
1784570400,82.17,82.2,81.93,82.06,1194
1784570700,82.07,82.08,81.84,81.89,1124
1784571000,81.9,82,81.82,81.93,1178
1784571300,81.93,82.13,81.93,82.11,989
1784571600,82.12,82.39,82.09,82.36,3003
1784571900,82.36,82.61,82.25,82.59,6954
1784572200,82.57,82.8,82.56,82.76,2188
1784572500,82.76,82.79,82.65,82.7,692
1784572800,82.7,82.93,82.68,82.91,637
1784573100,82.91,83.11,82.87,83.11,975
1784573400,83.1,83.17,82.77,82.82,974
1784573700,82.82,82.96,82.81,82.86,658
1784574000,82.87,82.99,82.86,82.96,405
1784574300,82.96,82.99,82.77,82.87,444
1784574600,82.87,82.88,82.74,82.79,258
1784574900,82.79,82.83,82.71,82.76,325
1784575200,82.79,82.79,82.7,82.74,190
1784575500,82.72,82.79,82.4,82.54,1612
1784575800,82.52,82.6,82.16,82.19,1155
1784576100,82.21,82.49,82.19,82.45,552
1784576400,82.47,82.53,82.4,82.43,333
1784576700,82.42,82.51,82.35,82.43,487
1784577000,82.44,82.52,82.4,82.41,632
1784577300,82.41,82.53,82.41,82.42,564
1784577600,82.43,82.46,82.36,82.41,280
1784577900,82.4,82.48,82.39,82.47,176
1784578200,82.45,82.45,82.36,82.41,191
1784578500,82.41,82.49,82.4,82.45,70
1784578800,82.46,82.48,82.4,82.43,101
1784579100,82.44,82.53,82.44,82.48,139
1784579400,82.49,82.56,82.48,82.5,103
1784579700,82.47,82.52,82.47,82.51,73
1784580000,82.5,82.53,82.46,82.49,137
1784580300,82.48,82.5,82.43,82.5,160
1784580600,82.5,82.5,82.42,82.44,264
1784580900,82.44,82.44,82.4,82.42,201
1784584800,82.42,82.61,82.4,82.61,280
1784585100,82.58,82.69,82.48,82.48,214
1784585400,82.47,82.6,82.47,82.52,110
1784585700,82.53,82.66,82.53,82.58,140
1784586000,82.58,82.59,82.57,82.58,14
1784586300,82.6,82.65,82.56,82.58,38
1784586600,82.59,82.67,82.5,82.67,99
1784586900,82.67,82.68,82.58,82.63,59
1784587200,82.62,82.64,82.56,82.61,64
1784587500,82.62,82.67,82.6,82.66,39
1784587800,82.67,82.67,82.65,82.67,15
1784588100,82.63,82.66,82.61,82.63,54
1784588400,82.63,82.72,82.63,82.69,79
1784588700,82.68,82.74,82.58,82.58,90
1784589000,82.59,82.61,82.55,82.6,53
1784589300,82.59,82.62,82.53,82.55,58
1784589600,82.55,82.57,82.54,82.54,54
1784589900,82.54,82.55,82.51,82.52,31
1784590200,82.53,82.55,82.51,82.55,38
1784590500,82.56,82.61,82.56,82.6,40
1784590800,82.61,82.61,82.57,82.59,27
1784591100,82.59,82.59,82.56,82.56,11
1784591400,82.58,82.58,82.53,82.54,59
1784591700,82.51,82.53,82.45,82.49,84
1784592000,82.47,82.54,82.38,82.43,309
1784592300,82.43,82.47,82.32,82.35,226
1784592600,82.35,82.46,82.32,82.42,108
1784592900,82.44,82.52,82.39,82.41,168
1784593200,82.42,82.48,82.42,82.45,138
1784593500,82.45,82.55,82.45,82.52,113
1784593800,82.53,82.55,82.48,82.49,96
1784594100,82.49,82.51,82.39,82.42,86
1784594400,82.43,82.47,82.4,82.45,59
1784594700,82.45,82.46,82.44,82.45,29
1784595000,82.44,82.47,82.41,82.43,59
1784595300,82.43,82.53,82.41,82.5,70
1784595600,82.51,82.56,82.16,82.2,584
1784595900,82.18,82.19,82.05,82.16,403
1784596200,82.14,82.14,82.01,82.13,325
1784596500,82.12,82.12,81.92,82.03,421
1784596800,82.04,82.2,82.04,82.1,232
1784597100,82.11,82.2,82.11,82.16,241
1784597400,82.14,82.17,82.1,82.16,124
1784597700,82.17,82.34,82.17,82.22,284
1784598000,82.23,82.3,82.2,82.21,72
1784598300,82.21,82.31,82.21,82.28,83
1784598600,82.29,82.43,82.28,82.34,242
1784598900,82.33,82.47,82.3,82.41,114
1784599200,82.43,82.44,82.32,82.37,88
1784599500,82.35,82.36,82.26,82.27,81
1784599800,82.28,82.32,82.22,82.31,85
1784600100,82.34,82.4,82.3,82.31,71
1784600400,82.27,82.31,82.23,82.26,50
1784600700,82.25,82.39,82.24,82.36,114
1784601000,82.36,82.39,82.32,82.33,73
1784601300,82.34,82.45,82.34,82.44,96
1784601600,82.45,82.53,82.42,82.47,201
1784601900,82.47,82.53,82.38,82.41,93
1784602200,82.41,82.41,82.23,82.23,109
1784602500,82.22,82.23,82.13,82.15,178
1784602800,82.15,82.26,82.1,82.25,133
1784603100,82.24,82.33,82.23,82.32,76
1784603400,82.33,82.4,82.31,82.38,64
1784603700,82.38,82.38,82.32,82.32,58
1784604000,82.32,82.32,82.23,82.3,64
1784604300,82.29,82.31,82.25,82.27,58
1784604600,82.28,82.28,82.13,82.18,190
1784604900,82.18,82.24,82.18,82.23,49
1784605200,82.24,82.26,82.21,82.21,45
1784605500,82.22,82.26,82.18,82.25,84
1784605800,82.25,82.32,82.2,82.22,106
1784606100,82.2,82.22,82.15,82.18,76
1784606400,82.17,82.17,82.06,82.06,147
1784606700,82.08,82.08,81.91,82.08,445
1784607000,82.11,82.11,82.04,82.05,156
1784607300,82.06,82.11,82.04,82.11,46
1784607600,82.1,82.16,82.08,82.12,121
1784607900,82.11,82.2,82.11,82.14,127
1784608200,82.15,82.24,82.15,82.23,56
1784608500,82.24,82.24,82.1,82.11,106
1784608800,82.13,82.16,82.13,82.14,28
1784609100,82.15,82.15,82.12,82.14,47
1784609400,82.12,82.13,82.08,82.09,65
1784609700,82.1,82.14,82.07,82.14,81
1784610000,82.14,82.25,82.1,82.23,121
1784610300,82.22,82.37,82.22,82.37,274
1784610600,82.36,82.42,82.27,82.27,124
1784610900,82.29,82.29,82.25,82.27,38
1784611200,82.27,82.33,82.25,82.31,58
1784611500,82.32,82.34,82.27,82.33,99
1784611800,82.33,82.33,82.21,82.28,179
1784612100,82.29,82.33,82.23,82.25,168
1784612400,82.25,82.25,81.99,82.07,291
1784612700,82.09,82.16,81.9,81.91,334
1784613000,81.92,81.94,81.82,81.92,251
1784613300,81.9,82.06,81.83,82.05,217
1784613600,82.06,82.13,82.03,82.05,143
1784613900,82.05,82.13,82.05,82.09,333
1784614200,82.09,82.24,82.09,82.15,211
1784614500,82.16,82.16,81.97,82.1,145
1784614800,82.1,82.15,82.04,82.09,201
1784615100,82.08,82.08,81.93,81.94,549
1784615400,81.93,82.1,81.91,82.08,558
1784615700,82.07,82.1,81.95,82.04,316
1784616000,82.07,82.11,82.05,82.05,67
1784616300,82.06,82.2,82.05,82.11,182
1784616600,82.09,82.17,82.01,82.1,349
1784616900,82.12,82.32,82.12,82.32,358
1784617200,82.31,82.43,82.25,82.38,628
1784617500,82.39,82.45,82.37,82.44,244
1784617800,82.44,82.66,82.42,82.62,795
1784618100,82.62,82.8,82.62,82.71,543
1784618400,82.73,82.81,82.7,82.81,300
1784618700,82.82,82.88,82.73,82.88,659
1784619000,82.89,83.05,82.51,82.53,1186
1784619300,82.54,82.54,82.26,82.34,729
1784619600,82.34,82.36,82.1,82.24,579
1784619900,82.23,82.23,81.99,82.06,548
1784620200,82.06,82.29,81.99,82.02,542
1784620500,82.02,82.03,81.89,81.92,537
1784620800,81.92,82,81.64,81.7,707
1784621100,81.69,81.72,81.47,81.58,924
1784621400,81.59,81.67,81.44,81.53,666
1784621700,81.53,81.73,81.39,81.65,776
1784622000,81.66,81.85,81.66,81.75,462
1784622300,81.75,82.06,81.61,81.97,1068
1784622600,81.96,82.19,81.95,82.05,892
1784622900,82.05,82.06,81.89,82.03,303
1784623200,82.05,82.1,81.94,81.96,368
1784623500,81.97,82.33,81.95,82.21,341
1784623800,82.21,82.45,82.14,82.28,674
1784624100,82.27,82.29,82.09,82.24,257
1784624400,82.25,82.31,82.02,82.04,362
1784624700,82.05,82.08,81.95,82.08,308
1784625000,82.07,82.18,82.01,82.12,155
1784625300,82.13,82.29,82.12,82.22,184
1784625600,82.24,82.43,82.07,82.39,464
1784625900,82.39,82.94,82.39,82.92,1318
1784626200,82.93,83.05,82.62,82.68,1260
1784626500,82.69,83.02,82.69,82.93,679
1784626800,82.93,83.03,82.85,82.99,616
1784627100,82.99,83.04,82.82,82.82,376
1784627400,82.83,83.21,82.83,83.18,1068
1784627700,83.18,83.38,83.13,83.26,1308
1784628000,83.26,83.26,82.85,83.05,964
1784628300,83.05,83.17,83.03,83.16,459
1784628600,83.17,83.19,82.29,82.69,2439
1784628900,82.7,83.04,82.69,83.03,639
1784629200,83.03,83.06,82.89,83.02,402
1784629500,83.02,83.03,82.79,82.87,510
1784629800,82.89,82.9,82.8,82.83,454
1784630100,82.85,82.97,82.66,82.89,610
1784630400,82.92,82.96,82.78,82.87,304
1784630700,82.88,83.21,82.88,83.16,963
1784631000,83.17,83.37,83.1,83.2,978
1784631300,83.2,83.29,83.15,83.27,837
1784631600,83.26,83.43,83.2,83.36,780
1784631900,83.33,83.53,83.21,83.47,534
1784632200,83.48,83.58,83.37,83.48,647
1784632500,83.48,83.67,83.44,83.67,922
1784632800,83.66,83.73,83.56,83.64,709
1784633100,83.65,83.72,83.51,83.64,676
1784633400,83.64,83.67,83.49,83.59,713
1784633700,83.6,83.74,83.46,83.73,938
1784634000,83.73,83.93,83.69,83.72,1064
1784634300,83.73,83.89,83.7,83.85,438
1784634600,83.86,84,83.8,83.92,1151
1784634900,83.94,83.97,83.84,83.84,679
1784635200,83.85,83.87,83.49,83.49,1036
1784635500,83.49,83.55,83.33,83.46,849
1784635800,83.47,83.6,83.41,83.59,519
1784636100,83.56,83.97,83.55,83.88,1947
1784636400,83.88,84.02,83.8,83.83,1210
1784636700,83.83,84.15,83.83,84.12,904
1784637000,84.12,84.16,83.94,83.99,928
1784637300,84,84.08,83.95,83.99,586
1784637600,83.98,84.43,83.98,84.1,2246
1784637900,84.11,84.16,83.93,83.99,1132
1784638200,84,84.21,83.99,84.06,952
1784638500,84.07,84.19,84.04,84.12,1092
1784638800,84.14,84.48,84.07,84.41,2308
1784639100,84.4,84.56,84.26,84.54,1744
1784639400,84.54,84.55,84.3,84.38,1097
1784639700,84.37,84.42,84.21,84.23,921
1784640000,84.22,84.5,84.2,84.46,1027
1784640300,84.45,84.66,84.4,84.6,1812
1784640600,84.61,84.83,84.34,84.45,2321
1784640900,84.46,84.65,84.28,84.62,1307
1784641200,84.61,84.95,84.57,84.83,2658
1784641500,84.83,84.91,84.66,84.74,1203
1784641800,84.75,84.76,84.42,84.46,1133
1784642100,84.45,84.5,84.31,84.38,1854
1784642400,84.38,84.41,84.19,84.24,1807
1784642700,84.24,84.54,84.21,84.5,1158
1784643000,84.49,84.59,84.39,84.48,1350
1784643300,84.47,84.59,84.32,84.39,987
1784643600,84.39,84.41,84.19,84.37,1338
1784643900,84.37,84.68,84.34,84.62,1559
1784644200,84.63,84.94,84.59,84.93,2527
1784644500,84.94,85.03,84.78,84.88,2102
1784644800,84.89,84.89,84.54,84.57,1336
1784645100,84.56,84.57,84.07,84.45,4521
1784645400,84.45,84.61,84.35,84.37,1290
1784645700,84.37,84.74,84.29,84.7,1594
1784646000,84.73,84.84,84.6,84.8,1061
1784646300,84.81,84.85,84.55,84.59,913
1784646600,84.59,84.6,84.18,84.2,1400
1784646900,84.21,84.32,84.05,84.08,2104
1784647200,84.08,84.42,83.69,84.39,5344
1784647500,84.39,84.6,84.31,84.56,2146
1784647800,84.56,84.68,84.36,84.39,2759
1784648100,84.39,84.59,84.33,84.56,944
1784648400,84.55,84.76,84.49,84.72,1479
1784648700,84.72,84.79,84.61,84.66,1218
1784649000,84.67,84.67,84.48,84.61,851
1784649300,84.59,84.7,84.5,84.51,618
1784649600,84.51,84.55,84.31,84.31,822
1784649900,84.31,84.33,84.16,84.22,1067
1784650200,84.2,84.29,84.1,84.27,1077
1784650500,84.27,84.39,84.26,84.3,768
1784650800,84.3,84.32,84.2,84.22,578
1784651100,84.22,84.45,84.16,84.33,1043
1784651400,84.34,84.34,84.24,84.26,580
1784651700,84.26,84.38,84.18,84.32,762
1784652000,84.31,84.49,84.22,84.47,717
1784652300,84.47,84.57,84.45,84.49,633
1784652600,84.48,84.53,84.38,84.4,428
1784652900,84.4,84.45,84.34,84.39,395
1784653200,84.4,84.5,84.34,84.43,390
1784653500,84.42,84.45,84.32,84.37,321
1784653800,84.36,84.43,84.03,84.11,938
1784654100,84.1,84.27,84.09,84.25,595
1784654400,84.26,84.29,84.18,84.21,402
1784654700,84.2,84.28,84.18,84.2,542
1784655000,84.19,84.44,84.19,84.4,771
1784655300,84.4,84.46,84.34,84.39,787
1784655600,84.39,84.49,84.38,84.42,415
1784655900,84.42,84.5,84.28,84.34,800
1784656200,84.33,84.43,84.26,84.41,445
1784656500,84.41,84.44,84.33,84.36,553
1784656800,84.35,84.36,84.18,84.21,1638
1784657100,84.22,84.25,83.97,84.04,2279
1784657400,84.04,84.21,83.98,84.19,1553
1784657700,84.19,84.3,84.15,84.29,1537
1784658000,84.29,84.3,84.1,84.25,1765
1784658300,84.26,84.4,84.22,84.38,7334
1784658600,84.37,84.57,84.37,84.39,1541
1784658900,84.39,84.4,84.24,84.27,654
1784659200,84.28,84.28,84.11,84.14,691
1784659500,84.15,84.39,84.14,84.36,786
1784659800,84.35,84.51,84.35,84.46,570
1784660100,84.47,84.53,84.42,84.51,377
1784660400,84.52,84.59,84.45,84.48,683
1784660700,84.49,84.58,84.45,84.56,390
1784661000,84.57,84.69,84.56,84.66,554
1784661300,84.65,84.68,84.61,84.62,385
1784661600,84.62,84.64,84.54,84.56,283
1784661900,84.56,84.65,84.52,84.64,676
1784662200,84.62,84.63,84.53,84.55,324
1784662500,84.56,84.72,84.56,84.71,288
1784662800,84.71,84.72,84.6,84.65,413
1784663100,84.65,84.76,84.64,84.69,467
1784663400,84.7,84.7,84.63,84.68,236
1784663700,84.69,84.71,84.64,84.67,323
1784664000,84.66,84.74,84.58,84.58,243
1784664300,84.6,84.64,84.57,84.57,105
1784664600,84.57,84.59,84.49,84.51,161
1784664900,84.51,84.53,84.47,84.49,107
1784665200,84.5,84.57,84.49,84.54,139
1784665500,84.54,84.58,84.5,84.51,88
1784665800,84.5,84.57,84.4,84.42,247
1784666100,84.41,84.46,84.37,84.41,212
1784666400,84.4,84.46,84.31,84.38,133
1784666700,84.38,84.45,84.35,84.44,218
1784667000,84.46,84.54,84.45,84.51,409
1784667300,84.51,84.58,84.48,84.54,261
1784671200,84.69,84.75,84.56,84.61,222
1784671500,84.61,84.67,84.6,84.65,49
1784671800,84.67,84.68,84.63,84.65,50
1784672100,84.65,84.65,84.61,84.61,39
1784672400,84.61,84.69,84.61,84.64,33
1784672700,84.65,84.67,84.64,84.66,17
1784673000,84.66,84.68,84.66,84.67,29
1784673300,84.66,84.74,84.64,84.74,179
1784673600,84.75,84.8,84.71,84.74,201
1784673900,84.76,84.76,84.7,84.72,38
1784674200,84.7,84.72,84.69,84.69,16
1784674500,84.69,84.72,84.69,84.71,40
1784674800,84.7,84.7,84.68,84.68,20
1784675100,84.68,84.69,84.66,84.67,84
1784675400,84.68,84.72,84.67,84.72,32
1784675700,84.71,84.73,84.7,84.7,26
1784676000,84.68,84.68,84.61,84.65,70
1784676300,84.66,84.72,84.66,84.68,42
1784676600,84.68,84.7,84.65,84.7,41
1784676900,84.71,84.79,84.7,84.78,94
1784677200,84.77,84.91,84.76,84.85,317
1784677500,84.85,84.89,84.81,84.88,287
1784677800,84.87,84.87,84.79,84.8,54
1784678100,84.79,84.83,84.79,84.79,110
1784678400,84.78,84.78,84.54,84.65,672
1784678700,84.64,84.71,84.59,84.7,175
1784679000,84.71,84.77,84.66,84.68,122
1784679300,84.69,84.75,84.63,84.65,126
1784679600,84.65,84.74,84.62,84.74,202
1784679900,84.73,84.73,84.64,84.72,216
1784680200,84.71,84.72,84.67,84.71,173
1784680500,84.71,84.72,84.44,84.61,368
1784680800,84.6,84.72,84.6,84.68,204
1784681100,84.69,84.69,84.62,84.65,94
1784681400,84.64,84.69,84.62,84.69,72
1784681700,84.7,84.81,84.64,84.65,145
1784682000,84.64,85.16,84.57,85.15,1259
1784682300,85.12,85.2,84.98,85.02,417
1784682600,85.01,85.3,84.93,85.26,441
1784682900,85.26,85.3,85.18,85.2,304
1784683200,85.22,85.75,85.2,85.73,906
1784683500,85.72,85.74,85.45,85.47,423
1784683800,85.49,85.68,85.44,85.56,471
1784684100,85.55,85.67,85.54,85.57,221
1784684400,85.58,85.73,85.56,85.65,337
1784684700,85.66,85.7,85.49,85.52,359
1784685000,85.54,85.74,85.52,85.66,229
1784685300,85.66,85.68,85.52,85.61,479
1784685600,85.59,85.66,85.46,85.56,455
1784685900,85.57,85.66,85.46,85.49,274
1784686200,85.49,85.5,85.25,85.27,329
1784686500,85.28,85.29,85.16,85.2,336
1784686800,85.19,85.26,85.18,85.22,80
1784687100,85.23,85.31,85.18,85.29,196
1784687400,85.29,85.29,85.1,85.16,309
1784687700,85.14,85.18,85.08,85.13,144
1784688000,85.13,85.13,84.92,85,489
1784688300,85,85.17,84.99,85.17,120
1784688600,85.17,85.21,85.12,85.21,82
1784688900,85.21,85.24,85.03,85.05,249
1784689200,85.08,85.15,85.03,85.15,115
1784689500,85.13,85.31,85.1,85.23,203
1784689800,85.24,85.25,85.16,85.22,67
1784690100,85.2,85.26,85.15,85.24,75
1784690400,85.25,85.27,85.16,85.2,77
1784690700,85.19,85.2,85.09,85.18,164
1784691000,85.16,85.27,85.15,85.2,86
1784691300,85.22,85.25,85.2,85.21,32
1784691600,85.19,85.22,85.18,85.19,118
1784691900,85.19,85.3,85.18,85.28,80
1784692200,85.27,85.29,85.25,85.28,33
1784692500,85.28,85.35,85.28,85.35,53
1784692800,85.35,85.38,85.24,85.27,128
1784693100,85.28,85.28,85.22,85.26,56
1784693400,85.26,85.37,85.26,85.35,49
1784693700,85.35,85.41,85.31,85.4,134
1784694000,85.41,85.42,85.35,85.37,52
1784694300,85.36,85.36,85.26,85.26,113
1784694600,85.26,85.37,85.24,85.36,93
1784694900,85.35,85.41,85.33,85.37,85
1784695200,85.39,85.47,85.37,85.39,138
1784695500,85.41,85.44,85.36,85.38,55
1784695800,85.37,85.42,85.37,85.41,63
1784696100,85.4,85.46,85.37,85.43,125
1784696400,85.42,85.48,85.4,85.43,78
1784696700,85.44,85.48,85.4,85.46,68
1784697000,85.46,85.54,85.41,85.53,184
1784697300,85.53,85.56,85.47,85.52,157
1784697600,85.52,85.52,85.4,85.42,72
1784697900,85.42,85.48,85.34,85.38,248
1784698200,85.38,85.46,85.31,85.35,249
1784698500,85.35,85.43,85.12,85.2,292
1784698800,85.18,85.24,85.12,85.13,153
1784699100,85.14,85.15,85.02,85.14,229
1784699400,85.14,85.19,85.06,85.07,226
1784699700,85.06,85.19,85.02,85.14,173
1784700000,85.15,85.29,85.05,85.29,364
1784700300,85.3,85.36,85.19,85.32,350
1784700600,85.29,85.29,85.22,85.24,151
1784700900,85.25,85.88,85.25,85.79,1216
1784701200,85.8,86.1,85.76,86.07,1254
1784701500,86.05,86.14,85.97,86.03,666
1784701800,86.03,86.08,85.95,86,429
1784702100,86,86.08,85.88,86.07,446
1784702400,86.07,86.14,85.97,86.01,407
1784702700,86.01,86.36,86.01,86.32,853
1784703000,86.33,86.39,86.1,86.23,468
1784703300,86.23,86.28,86.12,86.13,413
1784703600,86.13,86.62,86.11,86.5,1421
1784703900,86.52,86.71,86.47,86.66,564
1784704200,86.66,86.69,86.4,86.47,815
1784704500,86.46,86.57,86.37,86.54,578
1784704800,86.55,86.69,86.47,86.6,607
1784705100,86.6,86.8,86.55,86.75,733
1784705400,86.76,87.01,86.68,86.98,1241
1784705700,86.98,87.71,86.96,87.7,2773
1784706000,87.72,87.83,87.54,87.55,2024
1784706300,87.55,87.86,87.47,87.83,1476
1784706600,87.81,87.83,87.5,87.58,1308
1784706900,87.58,87.79,87.43,87.71,1465
1784707200,87.71,87.72,87.27,87.28,1637
1784707500,87.26,87.47,87.19,87.21,1613
1784707800,87.22,87.56,87.21,87.43,856
1784708100,87.41,87.45,87.28,87.29,609
1784708400,87.28,87.36,87.14,87.24,810
1784708700,87.25,87.49,87.19,87.36,1846
1784709000,87.36,87.44,87.24,87.32,1062
1784709300,87.27,87.44,87.15,87.44,817
1784709600,87.43,87.66,87.36,87.6,745
1784709900,87.6,87.73,87.49,87.63,631
1784710200,87.64,87.72,87.47,87.63,844
1784710500,87.63,87.79,87.56,87.62,556
1784710800,87.64,87.72,87.43,87.49,711
1784711100,87.5,87.76,87.34,87.72,970
1784711400,87.72,87.94,87.67,87.89,1571
1784711700,87.89,88.03,87.85,87.98,1007
1784712000,87.99,88.1,87.87,87.88,1202
1784712300,87.87,88.02,87.85,88.01,695
1784712600,88.01,88.25,88.01,88.19,1777
1784712900,88.2,88.25,87.88,88,1026
1784713200,88,88.09,87.8,88.01,678
1784713500,88,88.28,87.93,88.22,863
1784713800,88.23,88.61,88.23,88.53,2124
1784714100,88.53,88.58,88.41,88.44,1838
1784714400,88.45,88.46,88.12,88.17,1397
1784714700,88.18,88.19,88.02,88.08,1007
1784715000,88.07,88.07,87.8,87.83,1434
1784715300,87.84,87.85,87.37,87.53,2613
1784715600,87.54,87.55,87.07,87.17,2411
1784715900,87.15,87.26,86.91,87,1793
1784716200,86.99,87.24,86.92,87.13,1597
1784716500,87.12,87.24,86.96,87.22,1187
1784716800,87.21,87.42,87.15,87.32,1131
1784717100,87.35,87.43,87.16,87.16,815
1784717400,87.15,87.28,87.1,87.12,450
1784717700,87.12,87.21,87.02,87.18,679
1784718000,87.18,87.45,87.18,87.38,718
1784718300,87.38,87.43,87.2,87.2,303
1784718600,87.21,87.34,87.19,87.24,361
1784718900,87.25,87.51,87.25,87.45,438
1784719200,87.46,87.46,87.32,87.35,336
1784719500,87.35,87.45,87.3,87.42,344
1784719800,87.39,87.46,87.15,87.16,690
1784720100,87.15,87.31,87.02,87.31,1011
1784720400,87.32,87.86,87.31,87.64,3316
1784720700,87.65,87.69,87.23,87.28,1169
1784721000,87.29,87.49,87.26,87.27,685
1784721300,87.26,87.37,87.13,87.35,504
1784721600,87.34,87.56,87.27,87.48,575
1784721900,87.49,87.5,87.15,87.19,823
1784722200,87.19,87.23,87.02,87.02,956
1784722500,87.02,87.15,86.93,87.01,1050
1784722800,87.02,87.13,86.97,87.05,647
1784723100,87.04,87.12,86.73,86.78,1249
1784723400,86.78,86.83,86.66,86.73,1111
1784723700,86.73,86.78,86.54,86.62,1470
1784724000,86.62,86.72,86.56,86.71,726
1784724300,86.72,87.08,86.7,87.05,1402
1784724600,87.05,87.06,86.69,86.75,897
1784724900,86.75,87.77,86.75,87.22,4391
1784725200,87.23,87.26,86.97,87.15,2180
1784725500,87.15,87.38,87.12,87.28,1414
1784725800,87.27,87.33,87.03,87.06,1533
1784726100,87.07,87.12,86.26,86.29,4332
1784726400,86.29,86.49,86.17,86.23,2726
1784726700,86.22,86.4,86.15,86.35,1922
1784727000,86.34,86.43,86.17,86.18,1950
1784727300,86.18,86.37,86.17,86.33,1212
1784727600,86.33,86.84,86.33,86.82,1741
1784727900,86.82,86.85,86.49,86.57,1279
1784728200,86.57,86.66,86.48,86.6,831
1784728500,86.61,87.01,86.56,86.96,1662
1784728800,86.96,87.07,86.76,86.78,1024
1784729100,86.78,86.93,86.73,86.75,721
1784729400,86.76,87.14,86.75,87.11,1295
1784729700,87.11,87.17,86.89,86.93,1417
1784730000,86.96,87.02,86.92,87.02,711
1784730300,87.02,87.18,86.92,87.06,865
1784730600,87.11,87.14,86.92,87.07,1222
1784730900,87.06,87.07,86.63,86.63,1471
1784731200,86.64,86.75,86.5,86.57,1202
1784731500,86.57,86.82,86.41,86.78,1838
1784731800,86.8,86.94,86.71,86.83,1609
1784732100,86.85,86.87,86.62,86.7,955
1784732400,86.71,86.84,86.64,86.72,835
1784732700,86.72,87.12,86.69,87.11,1144
1784733000,87.12,87.32,87.03,87.03,1356
1784733300,87.04,87.09,86.77,86.77,1066
1784733600,86.77,86.84,86.57,86.62,988
1784733900,86.61,86.89,86.59,86.79,1371
1784734200,86.81,86.87,86.61,86.68,1512
1784734500,86.68,86.74,86.38,86.41,1442
1784734800,86.4,86.46,86.16,86.22,1947
1784735100,86.22,86.27,85.85,85.88,3406
1784735400,85.88,86,85.78,85.97,2010
1784735700,85.98,86.16,85.97,86.02,1082
1784736000,86.01,86.12,85.92,86,1121
1784736300,86.01,86.09,85.97,86.06,733
1784736600,86.05,86.34,86.03,86.27,1061
1784736900,86.26,86.34,86.1,86.14,570
1784737200,86.15,86.36,86.15,86.32,648
1784737500,86.32,86.42,86.25,86.4,542
1784737800,86.41,86.49,86.4,86.48,621
1784738100,86.47,86.55,86.4,86.43,655
1784738400,86.42,86.49,86.36,86.4,936
1784738700,86.4,86.4,86.15,86.15,532
1784739000,86.15,86.33,86.12,86.17,590
1784739300,86.18,86.32,86.12,86.31,374
1784739600,86.32,86.6,86.32,86.54,750
1784739900,86.55,86.7,86.51,86.55,1040
1784740200,86.55,86.68,86.49,86.67,483
1784740500,86.67,86.8,86.62,86.8,985
1784740800,86.8,86.92,86.76,86.89,924
1784741100,86.88,86.91,86.66,86.72,745
1784741400,86.72,86.79,86.67,86.77,468
1784741700,86.78,86.91,86.77,86.86,957
1784742000,86.85,86.95,86.76,86.8,684
1784742300,86.79,86.84,86.72,86.79,477
1784742600,86.8,86.92,86.79,86.86,585
1784742900,86.87,86.92,86.8,86.81,826
1784743200,86.82,86.97,86.74,86.95,845
1784743500,86.96,87.01,86.73,86.84,797
1784743800,86.85,86.86,86.63,86.77,926
1784744100,86.77,87.02,86.76,87,1301
1784744400,87.01,87.08,86.9,86.96,1056
1784744700,86.97,86.98,86.76,86.85,4084
1784745000,86.85,87.05,86.84,86.95,1967
1784745300,86.94,87,86.89,86.93,508
1784745600,86.93,87.1,86.93,87.06,457
1784745900,87.06,87.06,86.92,86.95,455
1784746200,86.96,87.08,86.89,87.06,481
1784746500,87.07,87.08,87.02,87.06,249
1784746800,87.07,87.15,87.04,87.11,524
1784747100,87.1,87.14,87.05,87.14,249
1784747400,87.13,87.17,87.09,87.15,305
1784747700,87.15,87.17,87.05,87.12,329
1784748000,87.12,87.12,87,87.06,487
1784748300,87.07,87.07,86.86,86.88,472
1784748600,86.88,86.91,86.81,86.82,423
1784748900,86.82,86.87,86.74,86.8,452
1784749200,86.79,86.8,86.66,86.7,371
1784749500,86.69,86.7,86.51,86.62,718
1784749800,86.61,86.68,86.5,86.61,532
1784750100,86.61,86.62,86.46,86.51,674
1784750400,86.52,86.53,86.3,86.31,427
1784750700,86.33,86.44,86.21,86.38,402
1784751000,86.38,86.44,86.34,86.42,203
1784751300,86.43,86.47,86.39,86.39,221
1784751600,86.39,86.48,86.38,86.45,140
1784751900,86.44,86.46,86.4,86.4,76
1784752200,86.4,86.53,86.36,86.53,182
1784752500,86.53,86.67,86.42,86.42,277
1784752800,86.42,86.56,86.41,86.53,235
1784753100,86.53,86.55,86.44,86.47,132
1784753400,86.44,86.48,86.38,86.42,151
1784753700,86.44,86.48,86.36,86.48,265
1784757600,87.72,87.93,87.32,87.83,1636
1784757900,87.78,88.22,87.75,88.12,853
1784758200,88.14,88.36,87.92,88.2,990
1784758500,88.2,88.27,87.98,88.2,411
1784758800,88.2,88.25,88.04,88.11,215
1784759100,88.11,88.2,88.02,88.19,307
1784759400,88.17,88.36,88.14,88.31,440
1784759700,88.33,88.4,88.09,88.2,450
1784760000,88.17,88.18,88.03,88.09,175
1784760300,88.08,88.1,87.93,87.96,271
1784760600,87.98,87.98,87.85,87.87,217
1784760900,87.88,87.95,87.81,87.95,141
1784761200,87.94,88,87.86,87.89,155
1784761500,87.88,88.01,87.88,87.98,262
1784761800,87.97,87.98,87.84,87.87,85
1784762100,87.9,87.98,87.9,87.92,75
1784762400,87.91,87.97,87.88,87.89,115
1784762700,87.88,87.88,87.77,87.79,136
1784763000,87.78,87.88,87.73,87.88,109
1784763300,87.89,87.97,87.88,87.92,99
1784763600,87.9,87.92,87.84,87.88,42
1784763900,87.85,87.87,87.8,87.84,69
1784764200,87.84,87.88,87.74,87.76,80
1784764500,87.75,87.84,87.74,87.81,133
1784764800,87.8,87.92,87.36,87.87,1403
1784765100,87.84,88.25,87.83,88.24,485
1784765400,88.23,88.4,88.15,88.16,809
1784765700,88.16,88.2,88.06,88.11,223
1784766000,88.1,88.15,87.82,87.94,351
1784766300,87.94,88.07,87.88,88.04,200
1784766600,88.04,88.18,88.02,88.04,148
1784766900,88.05,88.09,87.98,88.05,185
1784767200,88.06,88.29,87.98,88.09,415
1784767500,88.09,88.09,87.94,88.08,128
1784767800,88.08,88.1,87.83,87.85,197
1784768100,87.83,88.01,87.82,87.98,213
1784768400,87.96,88.13,87.82,87.95,606
1784768700,87.98,88.1,87.88,87.97,171
1784769000,87.97,87.97,87.85,87.95,215
1784769300,87.96,88.17,87.94,88.14,232
1784769600,88.15,88.33,88.13,88.29,283
1784769900,88.29,88.54,88.27,88.48,730
1784770200,88.47,88.64,88.22,88.27,752
1784770500,88.26,88.26,87.93,88.02,662
1784770800,88.01,88.07,87.95,88,382
1784771100,88.01,88.16,87.99,88.04,143
1784771400,88.06,88.24,88.06,88.19,132
1784771700,88.21,88.24,88.1,88.11,134
1784772000,88.12,88.2,88.09,88.13,78
1784772300,88.15,88.19,88.06,88.12,138
1784772600,88.15,88.24,88.05,88.09,214
1784772900,88.1,88.2,88.07,88.16,93
1784773200,88.16,88.22,88.14,88.18,60
1784773500,88.19,88.25,88.18,88.2,137
1784773800,88.23,88.23,88.04,88.19,168
1784774100,88.19,88.27,88.17,88.24,119
1784774400,88.21,88.28,88.19,88.25,142
1784774700,88.24,88.47,88.22,88.45,293
1784775000,88.47,88.47,88.35,88.42,195
1784775300,88.41,88.41,88.21,88.24,149
1784775600,88.24,88.36,88.2,88.32,132
1784775900,88.29,88.43,88.25,88.39,126
1784776200,88.4,88.56,88.4,88.55,215
1784776500,88.55,88.67,88.48,88.61,449
1784776800,88.6,88.67,88.54,88.57,297
1784777100,88.55,88.57,88.42,88.49,217
1784777400,88.48,88.53,88.43,88.45,235
1784777700,88.44,88.49,88.4,88.41,108
1784778000,88.41,88.46,88.36,88.36,134
1784778300,88.35,88.52,88.32,88.48,290
1784778600,88.46,88.54,88.45,88.46,132
1784778900,88.47,88.51,88.38,88.4,126
1784779200,88.46,88.47,88.29,88.4,186
1784779500,88.4,88.45,88.33,88.36,90
1784779800,88.35,88.39,88.34,88.38,34
1784780100,88.36,88.39,88.29,88.37,118
1784780400,88.37,88.37,88.26,88.28,78
1784780700,88.27,88.27,88.1,88.14,343
1784781000,88.13,88.28,88.11,88.13,132
1784781300,88.14,88.14,87.93,88.09,361
1784781600,88.09,88.18,88.06,88.12,114
1784781900,88.14,88.23,88.08,88.21,182
1784782200,88.21,88.25,88.16,88.24,98
1784782500,88.21,88.23,88.09,88.13,92
1784782800,88.12,88.26,88.12,88.2,261
1784783100,88.2,88.26,88.16,88.25,63
1784783400,88.24,88.41,88.22,88.26,223
1784783700,88.27,88.27,88.22,88.22,143
1784784000,88.21,88.27,88.16,88.16,80
1784784300,88.18,88.21,88,88,160
1784784600,88,88.01,87.66,87.73,821
1784784900,87.73,88.04,87.68,87.96,382
1784785200,87.94,88.07,87.87,87.99,216
1784785500,87.98,88.18,87.97,88.18,152
1784785800,88.2,88.32,88.13,88.29,282
1784786100,88.3,88.38,88.27,88.3,162
1784786400,88.29,88.31,88,88.15,412
1784786700,88.17,88.19,88.06,88.17,246
1784787000,88.16,88.16,88,88.02,157
1784787300,88.04,88.15,87.93,88.1,247
1784787600,88.1,88.18,88.06,88.15,161
1784787900,88.13,88.3,88.12,88.26,345
1784788200,88.26,88.4,88.22,88.36,446
1784788500,88.35,88.44,88.23,88.43,466
1784788800,88.44,88.6,88.39,88.55,677
1784789100,88.56,88.58,88.36,88.53,239
1784789400,88.53,88.76,88.51,88.73,973
1784789700,88.71,88.8,88.63,88.64,447
1784790000,88.63,89.04,88.6,88.95,1461
1784790300,88.95,89.26,88.88,89.19,1244
1784790600,89.2,89.38,89.11,89.21,1293
1784790900,89.22,89.63,89.22,89.51,1596
1784791200,89.5,89.58,89.37,89.46,936
1784791500,89.48,89.48,89.12,89.23,1006
1784791800,89.23,89.53,89.22,89.52,1010
1784792100,89.51,89.65,89.48,89.6,920
1784792400,89.61,89.73,89.57,89.64,850
1784792700,89.65,89.85,89.51,89.59,1512
1784793000,89.59,89.7,89.23,89.3,1192
1784793300,89.29,89.38,89.11,89.3,979
1784793600,89.33,89.53,89.26,89.37,1082
1784793900,89.37,89.37,88.97,88.97,785
1784794200,88.97,89.32,88.91,89.26,837
1784794500,89.25,89.37,89.11,89.23,635
1784794800,89.22,89.49,89.14,89.46,808
1784795100,89.47,89.51,89.21,89.27,1346
1784795400,89.26,89.67,89.24,89.63,1226
1784795700,89.62,89.72,89.56,89.59,768
1784796000,89.58,89.76,89.57,89.67,587
1784796300,89.67,89.72,89.25,89.27,786
1784796600,89.28,89.46,89.23,89.42,515
1784796900,89.42,89.54,89.36,89.5,598
1784797200,89.52,89.67,89.24,89.37,1655
1784797500,89.37,89.8,89.37,89.77,960
1784797800,89.77,90.06,89.64,90.05,1661
1784798100,90.06,90.07,89.95,90.01,956
1784798400,90.03,90.35,90.01,90.25,1611
1784798700,90.25,90.28,90.15,90.15,629
1784799000,90.17,90.27,90.02,90.24,875
1784799300,90.23,90.31,90.1,90.11,711
1784799600,90.11,90.13,89.82,89.9,868
1784799900,89.9,90.08,89.85,89.94,823
1784800200,89.95,90.19,89.92,89.96,1321
1784800500,89.95,90.36,89.94,90.22,1381
1784800800,90.22,90.37,89.95,89.99,1398
1784801100,89.99,90.01,89.86,89.87,615
1784801400,89.9,90.13,89.86,90.09,563
1784801700,90.09,90.46,90.03,90.45,998
1784802000,90.45,90.59,90.35,90.52,1158
1784802300,90.54,90.59,90.37,90.56,613
1784802600,90.56,90.67,90.42,90.45,905
1784802900,90.45,90.72,90.44,90.65,836
1784803200,90.66,90.71,90.17,90.23,1405
1784803500,90.24,90.41,90.19,90.31,705
1784803800,90.33,90.38,90.12,90.15,754
1784804100,90.15,90.25,90.11,90.13,455
1784804400,90.12,90.32,90.1,90.27,630
1784804700,90.29,90.62,90.29,90.49,962
1784805000,90.53,90.57,90.39,90.39,463
1784805300,90.39,90.88,90.34,90.84,1242
1784805600,90.83,90.89,90.65,90.77,753
1784805900,90.78,90.83,90.58,90.71,635
1784806200,90.72,90.93,90.54,90.9,597
1784806500,90.91,91.13,90.88,91.07,1549
1784806800,91.09,91.19,90.89,90.93,1218
1784807100,90.92,90.92,90.56,90.6,922
1784807400,90.6,90.71,90.28,90.64,1371
1784807700,90.65,90.75,90.59,90.69,510
1784808000,90.69,90.83,90.54,90.57,1018
1784808300,90.58,90.74,90.54,90.71,915
1784808600,90.71,90.98,90.63,90.97,773
1784808900,90.98,91.4,90.7,90.86,3776
1784809200,90.86,91.05,90.66,90.92,1479
1784809500,90.91,91.02,90.78,90.84,617
1784809800,90.85,91.02,90.63,90.63,1479
1784810100,90.63,90.69,90.52,90.57,1103
1784810400,90.59,90.93,90.54,90.93,1351
1784810700,90.93,90.94,90.64,90.85,1480
1784811000,90.87,91.23,90.83,91.06,2010
1784811300,91.08,91.08,90.74,90.84,1280
1784811600,90.84,91.43,90.77,91.14,3735
1784811900,91.14,91.32,91.06,91.2,1634
1784812200,91.2,91.51,91.15,91.36,2166
1784812500,91.36,91.61,90.71,90.74,3076
1784812800,90.76,91.14,90.68,91.14,1647
1784813100,91.13,91.14,90.83,90.98,1170
1784813400,90.96,91.05,90.74,90.89,1623
1784813700,90.89,91.29,90.79,91.27,2037
1784814000,91.28,91.57,91.25,91.54,1917
1784814300,91.55,91.71,91.45,91.54,2237
1784814600,91.56,91.89,91.52,91.84,2165
1784814900,91.85,91.88,91.66,91.73,1347
1784815200,91.73,91.73,91.48,91.69,2464
1784815500,91.69,91.97,91.54,91.74,2375
1784815800,91.73,91.78,91.39,91.47,2355
1784816100,91.46,91.46,90.98,91.27,2196
1784816400,91.26,91.58,91.23,91.51,1478
1784816700,91.52,91.85,91.45,91.73,1813
1784817000,91.76,91.94,91.7,91.83,1614
1784817300,91.85,92.01,91.43,91.48,2908
1784817600,91.47,91.69,91.32,91.65,1539
1784817900,91.65,92.13,91.61,92.06,2255
1784818200,92.07,92.13,91.93,92.11,1684
1784818500,92.11,92.16,91.88,91.9,1583
1784818800,91.89,92.03,91.73,91.93,1532
1784819100,91.93,92.27,91.91,92.23,2103
1784819400,92.22,92.43,92.01,92.09,3308
1784819700,92.1,92.36,91.98,92.33,1784
1784820000,92.32,92.82,92.26,92.64,4932
1784820300,92.64,92.77,92.47,92.48,3191
1784820600,92.49,92.78,92.34,92.5,4334
1784820900,92.49,92.49,92.2,92.3,1837
1784821200,92.29,92.31,91.81,92.07,3002
1784821500,92.06,92.1,91.78,91.89,1577
1784821800,91.88,92.08,91.82,91.95,1801
1784822100,91.93,92.14,91.8,91.85,1711
1784822400,91.85,92.08,91.59,92.06,2130
1784822700,92.06,92.37,91.99,92.21,1813
1784823000,92.21,92.28,91.8,91.81,1594
1784823300,91.82,92.11,91.82,92.09,955
1784823600,92.08,92.1,91.91,92.01,728
1784823900,92.02,92.04,91.85,91.89,936
1784824200,91.88,92.35,91.87,92.34,1627
1784824500,92.33,92.57,92.31,92.5,2800
1784824800,92.5,92.5,92.28,92.38,1019
1784825100,92.39,92.5,92.32,92.44,455
1784825400,92.43,92.53,92.22,92.39,647
1784825700,92.39,92.41,92.23,92.33,567
1784826000,92.33,92.56,92.31,92.41,852
1784826300,92.41,92.74,92.35,92.5,1264
1784826600,92.5,92.57,92.34,92.56,859
1784826900,92.55,92.78,92.54,92.71,2167
1784827200,92.71,92.79,92.62,92.67,1147
1784827500,92.67,92.69,92.53,92.58,1129
1784827800,92.58,92.76,92.57,92.63,1146
1784828100,92.64,92.72,92.55,92.67,847
1784828400,92.66,93.13,92.63,93.12,2368
1784828700,93.11,93.22,92.95,93,1648
1784829000,93.01,93.23,92.89,93.2,1681
1784829300,93.2,93.29,93.1,93.23,1454
1784829600,93.25,93.39,93.13,93.29,1896
1784829900,93.3,93.5,93.08,93.4,1645
1784830200,93.41,93.42,93.1,93.17,1575
1784830500,93.17,93.25,92.63,92.69,3906
1784830800,92.68,92.81,92.51,92.51,2386
1784831100,92.52,92.55,92.01,92.09,8356
1784831400,92.1,92.21,91.94,92.13,2997
1784831700,92.11,92.16,91.98,92.12,927
1784832000,92.13,92.15,91.98,92,462
1784832300,91.98,92.18,91.97,92.15,636
1784832600,92.14,92.35,92.14,92.28,630
1784832900,92.27,92.31,92,92.03,682
1784833200,92.03,92.03,91.82,91.87,844
1784833500,91.88,91.91,91.61,91.75,1298
1784833800,91.75,91.81,91.68,91.68,437
1784834100,91.69,91.79,91.58,91.75,370
1784834400,91.74,91.92,91.74,91.87,455
1784834700,91.86,91.89,91.55,91.64,699
1784835000,91.62,91.63,91.13,91.57,1516
1784835300,91.57,91.79,91.54,91.72,626
1784835600,91.73,91.78,91.65,91.71,525
1784835900,91.72,91.86,91.68,91.86,505
1784836200,91.85,91.85,91.42,91.49,1300
1784836500,91.48,91.62,91.44,91.61,635
1784836800,91.61,91.63,91.42,91.6,225
1784837100,91.6,91.64,91.53,91.53,109
1784837400,91.53,91.66,91.46,91.57,216
1784837700,91.58,91.85,91.54,91.84,830
1784838000,91.85,92.05,91.81,92,383
1784838300,92,92.09,91.92,91.93,376
1784838600,91.93,92.02,91.79,91.93,228
1784838900,91.91,92,91.88,91.96,313
1784839200,91.95,92.33,91.95,92.21,332
1784839500,92.2,92.31,92.2,92.21,208
1784839800,92.21,92.39,92.21,92.32,323
1784840100,92.33,92.43,92.33,92.36,415
1784844000,92.55,92.66,92.37,92.56,666
1784844300,92.53,92.56,92.17,92.21,344
1784844600,92.2,92.31,92.19,92.27,150
1784844900,92.27,92.3,92.19,92.2,80
1784845200,92.19,92.29,92.12,92.12,134
1784845500,92.14,92.23,92.12,92.17,127
1784845800,92.18,92.23,92.09,92.11,108
1784846100,92.13,92.15,92.06,92.13,69
1784846400,92.1,92.11,92.05,92.07,44
1784846700,92.06,92.11,92.05,92.11,65
1784847000,92.12,92.15,92.09,92.13,35
1784847300,92.11,92.15,92.09,92.09,42
1784847600,92.08,92.2,92.08,92.2,91
1784847900,92.2,92.2,92.16,92.18,37
1784848200,92.19,92.21,92.18,92.2,36
1784848500,92.19,92.19,92.17,92.18,25
1784848800,92.18,92.2,92.16,92.18,30
1784849100,92.18,92.21,92.14,92.14,101
1784849400,92.15,92.15,92.06,92.08,80
1784849700,92.08,92.2,92.08,92.17,63
1784850000,92.17,92.53,92.13,92.17,631
1784850300,92.18,92.19,92.06,92.15,147
1784850600,92.15,92.28,92.13,92.27,100
1784850900,92.23,92.32,92.2,92.29,179
1784851200,92.28,92.5,92.19,92.42,579
1784851500,92.41,92.59,92.4,92.54,308
1784851800,92.54,92.78,92.43,92.7,427
1784852100,92.68,92.83,92.61,92.68,442
1784852400,92.66,92.66,92.18,92.31,754
1784852700,92.3,92.37,92.24,92.24,136
1784853000,92.25,92.36,92.22,92.26,72
1784853300,92.26,92.28,92.14,92.21,138
1784853600,92.2,92.22,92.12,92.12,66
1784853900,92.14,92.19,91.96,92.19,424
1784854200,92.17,92.18,92.1,92.14,305
1784854500,92.17,92.2,91.89,91.9,163
1784854800,91.9,91.9,91.46,91.59,1633
1784855100,91.58,91.69,91.48,91.65,348
1784855400,91.65,91.67,91.51,91.52,316
1784855700,91.53,91.63,91.35,91.49,409
1784856000,91.5,91.55,91.38,91.48,337
1784856300,91.49,91.58,91.44,91.54,201
1784856600,91.54,91.7,91.5,91.57,333
1784856900,91.56,91.57,91.38,91.41,310
1784857200,91.41,91.42,91.16,91.31,937
1784857500,91.33,91.51,91.23,91.5,367
1784857800,91.52,91.64,91.52,91.55,235
1784858100,91.52,91.67,91.5,91.65,165
1784858400,91.64,91.76,91.63,91.69,227
1784858700,91.73,91.84,91.66,91.67,239
1784859000,91.68,91.75,91.61,91.66,132
1784859300,91.66,91.71,91.62,91.7,46
1784859600,91.72,91.91,91.7,91.87,300
1784859900,91.88,91.91,91.8,91.86,223
1784860200,91.84,91.86,91.71,91.78,132
1784860500,91.77,91.78,91.67,91.67,119
1784860800,91.69,91.85,91.69,91.82,160
1784861100,91.84,92.05,91.82,91.94,244
1784861400,91.94,91.94,91.81,91.89,163
1784861700,91.89,91.94,91.76,91.92,201
1784862000,91.91,92.09,91.87,92.04,270
1784862300,92.05,92.17,92.02,92.14,296
1784862600,92.13,92.2,92.07,92.12,284
1784862900,92.11,92.15,91.96,92.03,239
1784863200,92.03,92.09,91.94,92.06,217
1784863500,92.05,92.35,92.02,92.22,921
1784863800,92.22,92.4,92.14,92.24,424
1784864100,92.26,92.31,92.07,92.12,199
1784864400,92.11,92.11,92.02,92.07,93
1784864700,92.07,92.09,92,92,94
1784865000,92,92.02,91.95,91.97,167
1784865300,91.97,91.97,91.91,91.91,232
1784865600,91.91,91.99,91.87,91.88,193
1784865900,91.87,91.87,91.64,91.69,401
1784866200,91.69,91.78,91.66,91.78,130
1784866500,91.78,91.8,91.73,91.75,77
1784866800,91.77,91.77,91.67,91.72,70
1784867100,91.72,91.74,91.66,91.67,76
1784867400,91.68,91.72,91.54,91.7,210
1784867700,91.7,91.74,91.67,91.73,51
1784868000,91.72,91.74,91.68,91.7,36
1784868300,91.7,91.75,91.62,91.74,167
1784868600,91.73,91.74,91.62,91.63,74
1784868900,91.67,91.74,91.64,91.65,88
1784869200,91.65,91.71,91.59,91.61,124
1784869500,91.6,91.72,91.6,91.71,93
1784869800,91.71,91.79,91.71,91.76,67
1784870100,91.76,91.83,91.74,91.8,65
1784870400,91.82,91.86,91.74,91.76,110
1784870700,91.78,91.82,91.66,91.72,113
1784871000,91.73,91.8,91.6,91.75,237
1784871300,91.76,91.81,91.56,91.62,139
1784871600,91.63,91.64,91.36,91.45,431
1784871900,91.45,91.5,91.18,91.29,404
1784872200,91.29,91.59,91.24,91.58,302
1784872500,91.56,91.62,91.39,91.5,206
1784872800,91.5,91.65,91.44,91.44,182
1784873100,91.44,91.48,91.31,91.37,193
1784873400,91.32,91.41,91.19,91.26,332
1784873700,91.27,91.52,91.21,91.23,341
1784874000,91.22,91.28,91.16,91.23,407
1784874300,91.21,91.35,91.09,91.31,523
1784874600,91.31,91.35,90.95,90.95,907
1784874900,90.95,91.25,90.93,91.19,501
1784875200,91.2,91.27,91.14,91.15,221
1784875500,91.13,91.2,90.92,90.94,698
1784875800,90.94,90.97,90.76,90.81,1133
1784876100,90.82,90.89,90.51,90.56,1329
1784876400,90.58,90.68,90.3,90.57,1892
1784876700,90.57,90.75,90.57,90.71,808
1784877000,90.7,90.72,90.42,90.54,848
1784877300,90.54,90.64,90.37,90.4,998
1784877600,90.39,90.68,90.39,90.5,700
1784877900,90.51,90.55,90.29,90.31,731
1784878200,90.32,90.48,90.15,90.39,1904
1784878500,90.4,90.67,90.36,90.59,902
1784878800,90.61,90.7,90.51,90.52,761
1784879100,90.52,90.63,90.34,90.37,584
1784879400,90.38,90.41,90.22,90.33,716
1784879700,90.33,90.46,90.17,90.45,639
1784880000,90.44,90.64,90.39,90.6,782
1784880300,90.61,90.81,90.5,90.6,1158
1784880600,90.59,90.75,90.46,90.51,674
1784880900,90.5,90.75,90.49,90.62,616
1784881200,90.63,90.7,90.55,90.59,399
1784881500,90.6,90.65,90.03,90.08,2533
1784881800,90.09,90.25,89.9,90.06,1799
1784882100,90.04,90.19,89.81,89.9,1153
1784882400,89.89,89.96,89.64,89.7,898
1784882700,89.71,89.98,89.56,89.62,1116
1784883000,89.62,89.68,89.44,89.61,1521
1784883300,89.6,89.78,89.42,89.6,945
1784883600,89.59,89.63,89.14,89.37,1603
1784883900,89.37,89.41,88.94,89.01,1368
1784884200,89.01,89.28,88.94,89.15,1423
1784884500,89.14,89.2,88.82,88.98,1199
1784884800,88.97,89.09,88.75,88.95,1169
1784885100,88.96,89.07,88.87,89.07,926
1784885400,89.06,89.27,88.74,88.85,1298
1784885700,88.85,89.01,88.82,88.91,567
1784886000,88.9,89.06,88.75,89.02,746
1784886300,89.01,89.15,88.83,88.94,1012
1784886600,88.94,89.2,88.88,89.18,1141
1784886900,89.16,89.16,88.89,89.01,1292
1784887200,89.03,89.27,88.83,89.2,1892
1784887500,89.2,89.46,89.16,89.37,756
1784887800,89.37,89.55,89.36,89.52,812
1784888100,89.52,89.87,89.51,89.7,1534
1784888400,89.7,89.78,89.46,89.57,894
1784888700,89.56,89.72,89.52,89.64,407
1784889000,89.64,89.98,89.62,89.94,1105
1784889300,89.95,90.04,89.85,89.98,869
1784889600,89.97,90,89.84,89.91,390
1784889900,89.89,89.9,89.69,89.77,612
1784890200,89.78,90.17,89.73,90.15,932
1784890500,90.14,90.15,89.9,89.9,764
1784890800,89.9,89.95,89.7,89.77,897
1784891100,89.78,89.99,89.72,89.98,330
1784891400,89.97,90.03,89.91,89.93,299
1784891700,89.93,89.96,89.81,89.88,301
1784892000,89.89,89.9,89.76,89.83,261
1784892300,89.85,89.88,89.7,89.84,453
1784892600,89.84,89.96,89.73,89.96,463
1784892900,89.96,89.99,89.42,89.67,1130
1784893200,89.68,89.96,89.65,89.95,425
1784893500,89.94,90.13,89.86,89.93,674
1784893800,89.92,90.04,89.87,90,384
1784894100,90.01,90.06,88.94,89.4,2438
1784894400,89.38,89.71,89.22,89.62,1626
1784894700,89.63,89.99,89.63,89.9,970
1784895000,89.91,90.03,89.72,89.72,698
1784895300,89.74,89.75,89.39,89.56,1083
1784895600,89.56,89.66,89.53,89.57,682
1784895900,89.56,89.93,89.44,89.48,1852
1784896200,89.49,89.59,89.42,89.43,602
1784896500,89.42,89.43,89.06,89.08,1242
1784896800,89.08,89.2,88.96,89.16,1078
1784897100,89.15,89.34,89.03,89.32,1084
1784897400,89.31,89.51,89.26,89.4,1004
1784897700,89.39,89.53,89.3,89.39,641
1784898000,89.39,89.67,89.13,89.64,2837
1784898300,89.63,89.96,89.63,89.88,2056
1784898600,89.88,90.02,89.81,90.01,1615
1784898900,90.01,90.15,89.99,90.12,1940
1784899200,90.1,90.56,90.06,90.5,2523
1784899500,90.5,90.55,90.3,90.47,1514
1784899800,90.46,90.52,90.16,90.26,1715
1784900100,90.27,90.36,90.17,90.3,1368
1784900400,90.31,90.48,90.26,90.4,1365
1784900700,90.4,90.42,89.7,89.82,2087
1784901000,89.83,90.19,89.83,90.1,1808
1784901300,90.11,90.17,89.82,89.93,1077
1784901600,89.94,90.05,89.72,89.92,1189
1784901900,89.92,89.92,89.66,89.73,1315
1784902200,89.72,89.9,89.7,89.86,1536
1784902500,89.86,89.98,89.57,89.59,1820
1784902800,89.6,89.82,89.51,89.77,1736
1784903100,89.79,89.84,89.27,89.48,2798
1784903400,89.47,89.53,89.36,89.51,1222
1784903700,89.5,89.94,89.34,89.89,1439
1784904000,89.88,89.88,89.41,89.49,2150
1784904300,89.49,89.68,89.29,89.57,2696
1784904600,89.55,89.64,89.45,89.6,761
1784904900,89.6,89.7,89.51,89.68,873
1784905200,89.68,89.86,89.65,89.84,1352
1784905500,89.83,90,89.76,89.89,1062
1784905800,89.88,89.93,88.75,88.96,7481
1784906100,88.96,89.07,88.23,88.56,8052
1784906400,88.55,88.59,88.19,88.4,3904
1784906700,88.39,88.55,87.85,88.06,5174
1784907000,88.05,88.28,87.86,88.28,2552
1784907300,88.28,88.41,87.68,87.94,2912
1784907600,87.94,88.36,87.84,88.29,2817
1784907900,88.29,88.69,88.25,88.65,2313
1784908200,88.64,88.69,88.34,88.44,1848
1784908500,88.45,88.51,88.3,88.4,1323
1784908800,88.39,88.65,88.36,88.4,1503
1784909100,88.41,88.55,88.33,88.5,829
1784909400,88.5,88.66,88.35,88.59,1076
1784909700,88.58,88.61,88.43,88.44,641
1784910000,88.44,88.58,88.43,88.58,931
1784910300,88.57,88.61,88.15,88.32,1770
1784910600,88.32,88.58,88.26,88.33,2065
1784910900,88.35,88.49,88.16,88.43,921
1784911200,88.44,88.49,88.19,88.19,1210
1784911500,88.22,88.32,88.07,88.18,809
1784911800,88.19,88.42,88.19,88.32,1086
1784912100,88.33,88.49,88.33,88.39,696
1784912400,88.38,88.38,88.2,88.26,756
1784912700,88.24,88.45,88.2,88.4,965
1784913000,88.41,88.57,88.39,88.54,1210
1784913300,88.52,88.78,88.51,88.72,1221
1784913600,88.71,88.91,88.64,88.86,1186
1784913900,88.85,88.89,88.64,88.85,1001
1784914200,88.85,88.97,88.81,88.89,975
1784914500,88.88,89.08,88.85,89.06,859
1784914800,89.07,89.07,88.88,88.91,589
1784915100,88.93,89.01,88.78,88.98,848
1784915400,88.99,89.2,88.98,89.19,928
1784915700,89.18,89.18,88.95,89.07,961
1784916000,89.08,89.16,88.85,88.91,845
1784916300,88.9,88.91,88.69,88.81,1019
1784916600,88.81,88.84,88.58,88.77,925
1784916900,88.77,89.12,88.71,89.11,1384
1784917200,89.12,89.25,89.06,89.16,1711
1784917500,89.17,89.38,89.04,89.34,6313
1784917800,89.33,89.42,89.14,89.3,2431
1784918100,89.28,89.33,89,89.15,2076
1784918400,89.16,89.3,89.12,89.29,400
1784918700,89.3,89.31,89.11,89.22,352
1784919000,89.22,89.33,89.17,89.28,600
1784919300,89.28,89.41,89.26,89.37,594
1784919600,89.38,89.47,89.32,89.47,455
1784919900,89.46,89.53,89.39,89.5,500
1784920200,89.51,89.56,89.48,89.52,226
1784920500,89.52,89.61,89.52,89.57,586
1784920800,89.57,89.59,89.5,89.55,189
1784921100,89.54,89.71,89.51,89.71,509
1784921400,89.71,89.81,89.3,89.48,1516
1784921700,89.48,89.49,88.93,89.26,1832
1784922000,89.25,89.38,89.22,89.32,509
1784922300,89.31,89.45,89.27,89.33,345
1784922600,89.32,89.38,89.1,89.25,728
1784922900,89.26,89.81,89.26,89.77,1558
1784923200,89.76,90,89.75,89.93,659
1784923500,89.94,90.09,89.92,90.04,655
1784923800,90.05,90.22,90.05,90.21,594
1784924100,90.2,90.24,90.05,90.09,413
1784924400,90.09,90.34,90.03,90.32,508
1784924700,90.31,90.44,90.25,90.39,348
1784925000,90.39,90.5,90.36,90.49,280
1784925300,90.49,90.49,90.32,90.44,260
1784925600,90.42,90.52,90.39,90.43,248
1784925900,90.4,90.59,90.4,90.51,273
1784926200,90.52,90.65,90.51,90.52,340
1784926500,90.51,90.54,90.45,90.47,533
1785103200,86.12,86.2,83.1,84.87,6400
1785103500,84.85,84.85,84.21,84.6,1883
1785103800,84.63,85.03,84.55,84.73,1384
1785104100,84.75,84.78,83.88,83.98,1573
1785104400,84,84.38,83.88,84.24,878
1785104700,84.28,84.35,84.08,84.34,608
1785105000,84.32,84.5,84.27,84.45,381
1785105300,84.46,84.56,84.41,84.52,468
1785105600,84.5,84.74,84.48,84.69,697
1785105900,84.69,84.74,84.55,84.6,252
1785106200,84.6,84.85,84.59,84.8,437
1785106500,84.8,84.87,84.77,84.82,210
1785106800,84.81,85.03,84.8,84.97,471
1785107100,84.97,85.16,84.9,85,597
1785107400,84.99,85.14,84.95,85.07,398
1785107700,85.06,85.08,84.86,84.97,292
1785108000,84.96,85.05,84.9,84.98,211
1785108300,84.99,85.03,84.94,84.97,270
1785108600,84.96,85,84.87,84.89,217
1785108900,84.9,84.94,84.8,84.86,330
1785109200,84.87,84.87,84.67,84.73,323
1785109500,84.72,84.76,84.64,84.7,224
1785109800,84.71,84.79,84.63,84.69,224
1785110100,84.7,84.73,84.49,84.63,403
1785110400,84.61,84.79,84.5,84.72,578
1785110700,84.74,84.95,84.55,84.66,546
1785111000,84.65,84.65,84.36,84.39,507
1785111300,84.4,84.42,84.04,84.21,1029
1785111600,84.21,84.27,84.12,84.13,451
1785111900,84.15,84.57,84.1,84.48,913
1785112200,84.49,84.61,84.41,84.6,436
1785112500,84.59,84.64,84.53,84.53,190
1785112800,84.53,84.56,84.45,84.56,129
1785113100,84.56,84.78,84.56,84.77,265
1785113400,84.77,84.77,84.64,84.72,271
1785113700,84.69,84.89,84.68,84.79,385
1785114000,84.78,85.2,84.62,85.2,1451
1785114300,85.19,85.27,85.02,85.25,560
1785114600,85.2,85.45,85.2,85.28,412
1785114900,85.27,85.29,85.13,85.23,277
1785115200,85.22,85.31,85.19,85.22,207
1785115500,85.23,85.3,85.09,85.11,192
1785115800,85.12,85.14,84.95,84.97,339
1785116100,85.04,85.11,84.93,85,151
1785116400,84.99,85.2,84.95,85.16,135
1785116700,85.16,85.28,85.14,85.25,219
1785117000,85.25,85.36,85.18,85.21,252
1785117300,85.23,85.3,85.21,85.28,89
1785117600,85.26,85.4,85.17,85.4,171
1785117900,85.37,85.42,85.31,85.39,259
1785118200,85.4,85.69,85.39,85.45,725
1785118500,85.46,85.47,85.33,85.4,207
1785118800,85.39,85.58,85.38,85.56,106
1785119100,85.56,85.67,85.49,85.64,161
1785119400,85.64,85.66,85.53,85.6,254
1785119700,85.61,85.61,85.34,85.41,237
1785120000,85.43,85.59,85.42,85.55,140
1785120300,85.54,85.63,85.48,85.5,178
1785120600,85.52,85.55,85.44,85.55,113
1785120900,85.54,85.7,85.52,85.58,270
1785121200,85.58,85.59,85.36,85.4,244
1785121500,85.4,85.43,85.25,85.3,158
1785121800,85.29,85.43,85.25,85.43,127
1785122100,85.44,85.44,85.28,85.3,149
1785122400,85.3,85.33,85.23,85.31,171
1785122700,85.32,85.38,85.28,85.31,152
1785123000,85.31,85.34,85.13,85.15,757
1785123300,85.15,85.15,85.06,85.1,179
1785123600,85.12,85.22,85.1,85.13,113
1785123900,85.12,85.25,85.08,85.24,99
1785124200,85.26,85.38,85.26,85.36,102
1785124500,85.36,85.38,85.2,85.22,94
1785124800,85.21,85.21,84.9,84.95,648
1785125100,84.96,85.11,84.92,85.08,151
1785125400,85.08,85.13,85.05,85.07,91
1785125700,85.1,85.14,84.97,84.99,138
1785126000,84.98,85.08,84.94,84.94,172
1785126300,84.93,84.94,84.8,84.85,431
1785126600,84.85,84.87,84.8,84.81,98
1785126900,84.81,84.82,84.68,84.68,218
1785127200,84.7,84.72,84.47,84.57,560
1785127500,84.56,84.69,84.54,84.66,129
1785127800,84.68,84.84,84.68,84.75,144
1785128100,84.76,84.85,84.76,84.84,78
1785128400,84.85,84.94,84.7,84.93,224
1785128700,84.92,84.95,84.77,84.78,145
1785129000,84.78,84.81,84.68,84.81,124
1785129300,84.79,84.96,84.77,84.93,136
1785129600,84.92,84.92,84.58,84.63,230
1785129900,84.61,84.74,84.58,84.66,117
1785130200,84.64,84.87,84.55,84.8,260
1785130500,84.8,84.85,84.7,84.72,154
1785130800,84.71,84.79,84.59,84.63,201
1785131100,84.63,84.72,84.49,84.49,291
1785131400,84.5,84.57,84.38,84.41,272
1785131700,84.43,84.62,84.37,84.58,349
1785132000,84.57,84.63,84.14,84.17,827
1785132300,84.18,84.3,84.04,84.04,637
1785132600,84.03,84.03,83.74,83.79,1471
1785132900,83.78,83.91,83.49,83.59,1166
1785133200,83.55,83.95,83.47,83.92,1194
1785133500,83.92,83.92,83.73,83.85,501
1785133800,83.86,83.97,83.82,83.85,344
1785134100,83.86,83.88,83.68,83.84,533
1785134400,83.83,83.96,83.69,83.73,892
1785134700,83.74,83.89,83.6,83.65,674
1785135000,83.65,83.83,83.48,83.59,738
1785135300,83.59,83.67,83.38,83.47,915
1785135600,83.49,83.94,83.34,83.87,1230
1785135900,83.89,83.96,83.81,83.91,515
1785136200,83.88,83.95,83.68,83.69,524
1785136500,83.69,83.81,83.6,83.64,853
1785136800,83.67,83.93,83.62,83.88,440
1785137100,83.89,84.19,83.86,84.18,826
1785137400,84.19,84.36,84.18,84.25,942
1785137700,84.25,84.27,84.03,84.22,680
1785138000,84.21,84.38,84.1,84.32,881
1785138300,84.32,84.48,84.16,84.19,1625
1785138600,84.19,84.34,84.01,84.18,758
1785138900,84.19,84.6,83.91,84.59,1088
1785139200,84.59,84.85,84.44,84.8,1269
1785139500,84.79,84.83,84.1,84.32,1640
1785139800,84.3,84.47,84.2,84.27,487
1785140100,84.28,84.41,83.87,84,759
1785140400,84.02,84.05,83.85,84.01,725
1785140700,84.02,84.06,83.57,83.71,1823
1785141000,83.69,83.83,83.5,83.8,1248
1785141300,83.8,83.96,83.71,83.82,743
1785141600,83.83,83.83,83.33,83.45,1089
1785141900,83.45,83.62,83.37,83.47,900
1785142200,83.44,83.45,82.89,82.95,1860
1785142500,82.95,83.08,82.87,82.95,1475
1785142800,82.96,83.24,82.96,83.2,755
1785143100,83.21,83.28,83.03,83.19,558
1785143400,83.18,83.21,83.04,83.21,487
1785143700,83.21,83.21,82.96,83.21,779
1785144000,83.22,83.28,83.03,83.04,481
1785144300,83.06,83.06,82.58,82.76,2153
1785144600,82.75,82.84,82.46,82.67,1700
1785144900,82.67,82.91,82.67,82.86,589
1785145200,82.87,82.91,82.59,82.62,562
1785145500,82.61,82.66,82.45,82.55,2030
1785145800,82.54,82.57,82.24,82.31,2260
1785146100,82.31,82.36,82.12,82.34,2102
1785146400,82.35,82.5,82.32,82.44,1401
1785146700,82.46,82.97,82.46,82.92,1193
1785147000,82.92,83.56,82.89,83.29,3264
1785147300,83.27,83.4,82.92,82.99,2275
1785147600,82.97,83.23,82.85,83.16,932
1785147900,83.15,83.23,83,83.03,434
1785148200,83.02,83.17,82.97,83.09,424
1785148500,83.11,83.15,82.98,82.98,402
1785148800,82.98,83.11,82.97,83.06,245
1785149100,83.06,83.21,83.03,83.1,312
1785149400,83.1,83.32,83.01,83.07,435
1785149700,83.09,83.31,82.94,83.27,930
1785150000,83.26,83.37,83.15,83.33,1161
1785150300,83.34,83.37,83.18,83.21,680
1785150600,83.22,83.48,83.21,83.43,829
1785150900,83.41,83.45,83.26,83.45,427
1785151200,83.47,83.49,83.28,83.35,457
1785151500,83.35,83.82,83.32,83.78,1359
1785151800,83.79,83.95,83.11,83.15,1747
1785152100,83.15,83.25,83.03,83.22,619
1785152400,83.21,83.51,83.04,83.23,1477
1785152700,83.22,83.32,83.14,83.22,614
1785153000,83.26,83.35,83.17,83.25,379
1785153300,83.26,83.38,83.17,83.35,617
1785153600,83.36,83.58,83.36,83.55,841
1785153900,83.56,83.83,83.55,83.76,1296
1785154200,83.75,84.14,83.69,84.09,2428
1785154500,84.09,84.19,83.93,84.15,1325
1785154800,84.15,84.23,84,84.05,1311
1785155100,84.04,84.12,83.96,84.09,595
1785155400,84.1,84.29,83.88,83.92,1211
1785155700,83.92,84.04,83.81,83.95,919
1785156000,83.98,84.11,83.9,84.03,595
1785156300,84.03,84.03,83.83,83.9,758
1785156600,83.91,84.34,83.86,84.27,2123
1785156900,84.26,84.28,84,84.02,1024
1785157200,84.02,84.4,83.91,84.02,2609
1785157500,84.03,84.38,83.88,84.29,1310
1785157800,84.3,84.35,84.07,84.24,929
1785158100,84.24,84.55,84.16,84.47,1621
1785158400,84.45,84.47,84.24,84.3,880
1785158700,84.31,84.5,84.22,84.49,695
1785159000,84.48,84.5,83.95,84.07,1989
1785159300,84.07,84.1,83.68,83.69,2379
1785159600,83.7,83.96,83.69,83.88,1479
1785159900,83.88,83.99,83.7,83.8,1310
1785160200,83.8,84.23,83.78,84.16,1382
1785160500,84.18,84.36,84.17,84.22,1390
1785160800,84.23,84.27,83.82,83.84,1226
1785161100,83.83,83.91,83.64,83.74,1237
1785161400,83.74,83.83,83.47,83.5,2003
1785161700,83.49,83.71,83.46,83.67,1461
1785162000,83.66,83.74,83.45,83.53,903
1785162300,83.53,83.79,83.5,83.66,962
1785162600,83.66,83.82,83.55,83.69,960
1785162900,83.69,83.81,83.58,83.64,1057
1785163200,83.63,83.78,83.53,83.62,815
1785163500,83.6,83.68,83.5,83.68,701
1785163800,83.68,83.82,83.64,83.74,1168
1785164100,83.75,83.81,83.52,83.57,1410
1785164400,83.58,83.84,83.31,83.41,3217
1785164700,83.42,83.63,83.34,83.37,1023
1785165000,83.37,83.39,83.16,83.25,1380
1785165300,83.24,83.41,83.15,83.18,995
1785165600,83.16,83.38,83.01,83.32,1342
1785165900,83.32,83.4,83.1,83.17,1436
1785166200,83.15,83.37,82.98,83.28,1726
1785166500,83.28,83.31,83.08,83.26,1165
1785166800,83.27,83.38,83.09,83.11,1262
1785167100,83.1,83.28,83.09,83.26,628
1785167400,83.25,83.26,83.09,83.19,779
1785167700,83.19,83.42,83.19,83.39,881
1785168000,83.38,83.42,83.07,83.3,1078
1785168300,83.31,83.37,83.2,83.33,622
1785168600,83.33,83.4,83.19,83.23,822
1785168900,83.21,83.71,83.19,83.71,1246
1785169200,83.69,83.77,83.62,83.73,821
1785169500,83.72,83.73,82.83,83.02,5439
1785169800,83.03,83.07,82.32,82.37,3082
1785170100,82.38,82.69,82.36,82.65,2142
1785170400,82.64,82.78,82.62,82.75,1470
1785170700,82.75,83.03,82.7,82.96,1180
1785171000,82.95,83.28,82.87,83.08,1238
1785171300,83.08,83.09,82.81,82.84,828
1785171600,82.85,82.89,82.72,82.72,791
1785171900,82.71,82.82,82.6,82.68,844
1785172200,82.68,82.78,82.51,82.64,892
1785172500,82.64,82.7,82.52,82.67,1029
1785172800,82.67,82.7,82.52,82.65,903
1785173100,82.65,82.67,82.53,82.67,557
1785173400,82.66,82.72,82.58,82.59,1177
1785173700,82.59,82.91,82.58,82.91,935
1785174000,82.9,82.99,82.81,82.96,675
1785174300,82.96,83,82.81,82.86,727
1785174600,82.86,82.88,82.67,82.77,914
1785174900,82.77,82.77,82.58,82.62,1326
1785175200,82.62,82.63,82.34,82.49,1862
1785175500,82.48,82.48,82.25,82.25,1063
1785175800,82.25,82.5,82.23,82.36,1070
1785176100,82.36,82.37,81.99,82.06,2689
1785176400,82.07,82.37,82.01,82.36,1521
1785176700,82.36,82.68,82.29,82.65,5662
1785177000,82.65,82.91,82.52,82.9,2227
1785177300,82.92,82.96,82.75,82.75,600
1785177600,82.76,82.76,82.21,82.36,2581
1785177900,82.37,82.44,82.26,82.32,491
1785178200,82.31,82.38,82.22,82.26,350
1785178500,82.26,82.32,82.11,82.13,595
1785178800,82.13,82.31,82.04,82.28,541
1785179100,82.27,82.32,82.22,82.27,461
1785179400,82.28,82.44,82.27,82.41,443
1785179700,82.4,82.45,82.31,82.39,323
1785180000,82.4,82.41,82.25,82.31,219
1785180300,82.29,82.39,82.27,82.32,327
1785180600,82.32,82.39,82.23,82.31,325
1785180900,82.29,82.39,82.27,82.28,293
1785181200,82.29,82.35,82.17,82.22,382
1785181500,82.21,82.26,82.02,82.05,442
1785181800,82.05,82.07,81.94,81.94,600
1785182100,81.96,82.05,81.91,81.93,771
1785182400,81.93,82,81.88,82,310
1785182700,82,82,81.72,81.76,569
1785183000,81.75,81.78,81.69,81.73,338
1785183300,81.71,81.9,81.65,81.89,347
1785183600,81.89,81.96,81.77,81.8,181
1785183900,81.79,81.89,81.79,81.87,228
1785184200,81.85,81.96,81.85,81.94,140
1785184500,81.93,82.03,81.88,82.02,228
1785184800,82.01,82.08,81.99,82.05,218
1785185100,82.05,82.05,81.95,81.95,135
1785185400,81.96,81.99,81.72,81.74,353
1785185700,81.75,81.93,81.63,81.91,1190
1785189600,82,82.05,81.68,81.89,208
1785189900,81.9,82.11,81.89,82,168
1785190200,82,82,81.91,81.91,49
1785190500,81.9,81.94,81.89,81.94,62
1785190800,81.95,81.98,81.91,81.96,65
1785191100,81.94,81.98,81.93,81.97,56
1785191400,81.97,81.98,81.87,81.9,92
1785191700,81.89,81.9,81.57,81.88,242
1785192000,81.89,81.95,81.85,81.92,110
1785192300,81.92,82,81.92,81.95,88
1785192600,81.96,82.15,81.96,82.12,233
1785192900,82.11,82.19,82.1,82.11,140
1785193200,82.12,82.16,82.1,82.11,82
1785193500,82.11,82.15,82.1,82.1,41
1785193800,82.11,82.11,82,82.02,86
1785194100,82.04,82.08,82.02,82.08,70
1785194400,82.07,82.09,82.04,82.08,37
1785194700,82.07,82.11,82.04,82.05,35
1785195000,82.03,82.11,82.03,82.11,31
1785195300,82.1,82.13,82.09,82.11,53
1785195600,82.12,82.15,82.09,82.13,38
1785195900,82.14,82.22,82.08,82.14,117
1785196200,82.15,82.15,82.08,82.09,27
1785196500,82.11,82.11,82.05,82.05,36
1785196800,82.03,82.05,81.66,81.89,729
1785197100,81.89,81.97,81.76,81.92,216
1785197400,81.9,82,81.8,81.88,155
1785197700,81.84,81.85,81.54,81.54,355
1785198000,81.53,81.63,81.43,81.55,423
1785198300,81.56,81.69,81.5,81.66,270
1785198600,81.65,81.78,81.64,81.71,308
1785198900,81.7,81.81,81.67,81.8,122
1785199200,81.79,81.98,81.79,81.96,270
1785199500,81.96,82.03,81.93,81.97,264
1785199800,81.97,82.19,81.97,82.15,363
1785200100,82.14,82.15,82,82.11,263
1785200400,82.11,82.24,81.75,81.92,671
1785200700,81.92,81.92,81.65,81.74,508
1785201000,81.76,81.83,81.59,81.69,322
1785201300,81.71,81.9,81.7,81.79,234
1785201600,81.8,81.81,81.63,81.63,285
1785201900,81.64,81.68,81.46,81.54,413
1785202200,81.56,81.77,81.56,81.75,242
1785202500,81.75,81.79,81.69,81.73,53
1785202800,81.72,81.89,81.72,81.81,157
1785203100,81.81,81.96,81.75,81.91,358
1785203400,81.9,82.04,81.89,82,294
1785203700,81.99,81.99,81.62,81.63,496
1785204000,81.62,81.78,81.56,81.59,304
1785204300,81.57,81.57,81.27,81.52,830
1785204600,81.54,81.64,81.47,81.52,183
1785204900,81.53,81.53,81.2,81.22,421
1785205200,81.22,81.46,81.18,81.39,399
1785205500,81.4,81.49,81.26,81.29,335
1785205800,81.28,81.33,81.13,81.21,436
1785206100,81.25,81.3,81.16,81.27,141
1785206400,81.25,81.29,80.97,81.02,1023
1785206700,81.03,81.09,80.96,80.97,352
1785207000,80.98,80.99,80.71,80.77,996
1785207300,80.76,80.82,80.69,80.82,392
1785207600,80.84,80.94,80.6,80.73,675
1785207900,80.72,80.92,80.7,80.9,385
1785208200,80.9,80.99,80.87,80.94,609
1785208500,80.95,81.24,80.91,81.2,565
1785208800,81.19,81.26,81.11,81.2,194
1785209100,81.19,81.38,81.16,81.36,637
1785209400,81.35,81.5,81.31,81.44,379
1785209700,81.46,81.58,81.44,81.55,537
1785210000,81.54,81.58,81.45,81.46,251
1785210300,81.45,81.5,81.44,81.46,86
1785210600,81.45,81.54,81.44,81.52,89
1785210900,81.52,81.58,81.44,81.56,147
1785211200,81.58,81.58,81.54,81.57,175
1785211500,81.58,81.74,81.57,81.65,522
1785211800,81.64,81.87,81.64,81.85,345
1785212100,81.86,81.93,81.65,81.65,362
1785212400,81.65,81.7,81.56,81.65,445
1785212700,81.65,81.7,81.63,81.66,62
1785213000,81.66,81.73,81.62,81.7,116
1785213300,81.7,81.76,81.66,81.67,144
1785213600,81.65,81.74,81.58,81.68,87
1785213900,81.67,81.7,81.59,81.62,74
1785214200,81.64,81.69,81.61,81.66,221
1785214500,81.66,81.67,81.58,81.63,91
1785214800,81.63,81.69,81.55,81.6,130
1785215100,81.6,81.64,81.58,81.61,110
1785215400,81.61,81.65,81.54,81.62,127
1785215700,81.61,81.65,81.52,81.65,103
1785216000,81.63,81.63,81.5,81.51,129
1785216300,81.5,81.66,81.47,81.66,262
1785216600,81.67,82.07,81.67,82.05,856
1785216900,82.04,82.41,81.96,82.28,584
1785217200,82.27,82.43,82.09,82.11,483
1785217500,82.11,82.12,81.96,82.03,228
1785217800,82,82.13,81.95,82.08,111
1785218100,82.07,82.3,82.06,82.15,207
1785218400,82.14,82.25,81.96,82.21,325
1785218700,82.22,82.34,82.18,82.23,300
1785219000,82.2,82.26,82.14,82.15,143
1785219300,82.15,82.16,82.01,82.02,300
1785219600,82.04,82.18,81.88,81.98,572
1785219900,81.98,82.02,81.75,81.81,502
1785220200,81.81,81.87,81.43,81.46,487
1785220500,81.46,81.47,81.17,81.33,770
1785220800,81.33,81.35,80.89,81,940
1785221100,81,81.13,80.86,81,719
1785221400,81.01,81.04,80.69,80.72,659
1785221700,80.73,80.84,80.61,80.81,1203
1785222000,80.81,81.13,80.67,81.07,1486
1785222300,81.06,81.17,80.87,80.94,653
1785222600,80.94,81.38,80.94,81.38,547
1785222900,81.38,81.41,81.17,81.17,565
1785223200,81.17,81.17,80.92,81.05,680
1785223500,81.05,81.33,80.97,81.25,466
1785223800,81.25,81.42,81.18,81.32,557
1785224100,81.32,81.54,81.19,81.35,523
1785224400,81.36,81.44,81.26,81.41,397
1785224700,81.4,81.43,81.31,81.33,401
1785225000,81.33,81.33,80.55,80.62,1472
1785225300,80.6,80.79,80.54,80.78,784
1785225600,80.78,80.85,80.65,80.77,636
1785225900,80.76,80.81,80.38,80.59,1341
1785226200,80.57,80.75,80.36,80.62,1022
1785226500,80.61,80.81,80.42,80.7,1177
1785226800,80.69,80.7,80.33,80.4,957
1785227100,80.4,80.57,80.27,80.28,1766
1785227400,80.27,80.55,80.19,80.24,1429
1785227700,80.24,80.38,80.17,80.35,1092
1785228000,80.36,80.43,80.16,80.25,1105
1785228300,80.24,80.25,79.98,80.09,1521
1785228600,80.08,80.2,79.8,80.16,1728
1785228900,80.16,80.3,80.14,80.2,1483
1785229200,80.2,80.67,80.2,80.61,937
1785229500,80.6,80.79,80.49,80.75,976
1785229800,80.75,81.14,80.75,81.12,1454
1785230100,81.11,81.22,80.85,80.92,1143
1785230400,80.91,80.92,80.61,80.64,652
1785230700,80.64,80.66,80.43,80.47,526
1785231000,80.47,80.75,80.41,80.64,640
1785231300,80.6,80.86,80.59,80.86,386
1785231600,80.87,80.87,80.62,80.73,371
1785231900,80.7,80.86,80.65,80.82,297
1785232200,80.81,80.81,80.52,80.55,532
1785232500,80.56,80.62,80.48,80.62,567
1785232800,80.63,80.76,80.58,80.76,506
1785233100,80.76,80.87,80.73,80.82,268
1785233400,80.83,80.86,80.69,80.77,265
1785233700,80.78,81.08,80.76,81.05,599
1785234000,81.03,81.13,80.99,81.09,450
1785234300,81.07,81.24,81.06,81.18,608
1785234600,81.18,81.24,81.08,81.1,380
1785234900,81.11,81.49,80.88,81,2081
1785235200,80.99,81.16,80.96,81.1,182
1785235500,81.1,81.16,80.94,81.05,329
1785235800,81.06,81.08,80.91,80.97,343
1785236100,80.97,81.17,80.96,81.17,335
1785236400,81.17,81.17,80.98,81.03,352
1785236700,81.04,81.37,81.02,81.36,516
1785237000,81.37,81.38,81.25,81.26,224
1785237300,81.24,81.24,80.69,81.03,1788
1785237600,81.02,81.16,80.98,81.15,347
1785237900,81.18,81.4,81.15,81.38,774
1785238200,81.39,81.5,81.28,81.48,796
1785238500,81.49,81.78,81.47,81.74,1149
1785238800,81.75,81.87,81.72,81.79,1099
1785239100,81.8,81.87,81.74,81.86,423
1785239400,81.86,81.92,81.71,81.85,620
1785239700,81.85,81.86,81.65,81.72,518
1785240000,81.72,81.73,81.47,81.5,668
1785240300,81.5,81.55,81.37,81.47,671
1785240600,81.47,81.64,81.46,81.59,418
1785240900,81.59,81.72,81.54,81.64,553
1785241200,81.64,81.66,81.31,81.32,736
1785241500,81.33,81.64,81.28,81.57,603
1785241800,81.54,81.69,81.38,81.45,1475
1785242100,81.45,81.46,81.03,81.25,1312
1785242400,81.22,81.33,81.05,81.18,701
1785242700,81.2,81.2,80.94,81.03,720
1785243000,81,81.03,80.8,80.83,735
1785243300,80.83,80.84,80.63,80.79,1212
1785243600,80.81,81.34,80.81,81.29,1843
1785243900,81.28,81.35,81.09,81.21,1178
1785244200,81.23,81.39,81.23,81.35,730
1785244500,81.34,81.39,81.24,81.3,527
1785244800,81.29,81.29,80.99,81.13,1013
1785245100,81.14,81.38,81.09,81.21,893
1785245400,81.21,81.26,80.75,80.82,1386
1785245700,80.82,81.09,80.74,81.01,1119
1785246000,81.01,81.07,80.85,81.06,1114
1785246300,81.06,81.5,81.01,81.45,1490
1785246600,81.44,81.57,81.37,81.47,1868
1785246900,81.49,81.65,81.42,81.45,1207
1785247200,81.44,81.83,81.39,81.74,1780
1785247500,81.74,81.78,81.5,81.54,1171
1785247800,81.55,81.65,81.35,81.35,1154
1785248100,81.36,81.36,81.16,81.28,1258
1785248400,81.28,81.4,81.16,81.36,968
1785248700,81.38,81.43,81.07,81.14,1131
1785249000,81.14,81.19,80.91,81.13,1185
1785249300,81.13,81.32,80.87,81.32,1794
1785249600,81.32,81.45,81.2,81.41,1074
1785249900,81.41,81.48,81.3,81.41,733
1785250200,81.4,81.62,81.34,81.38,945
1785250500,81.37,81.53,81.36,81.45,697
1785250800,81.44,81.49,81.21,81.46,836
1785251100,81.45,81.58,81.23,81.23,1017
1785251400,81.24,81.36,80.37,80.55,6972
1785251700,80.57,80.63,79.76,79.81,6430
1785252000,79.81,79.97,79.4,79.75,6262
1785252300,79.75,79.81,79.2,79.42,6057
1785252600,79.41,79.62,79.08,79.26,4887
1785252900,79.25,79.43,79.04,79.41,2602
1785253200,79.41,79.51,78.98,79.08,2146
1785253500,79.09,79.46,79.05,79.44,1566
1785253800,79.43,79.43,78.62,78.65,3516
1785254100,78.64,78.71,78.27,78.36,4602
1785254400,78.36,78.6,78.32,78.43,3121
1785254700,78.43,78.65,78.34,78.49,2270
1785255000,78.49,78.59,78.25,78.29,1919
1785255300,78.28,78.3,78,78.04,3460
1785255600,78.06,78.37,78.06,78.32,1940
1785255900,78.31,78.33,78.11,78.24,1293
1785256200,78.25,78.41,77.89,78.08,3959
1785256500,78.08,78.21,77.86,77.94,3144
1785256800,77.93,78.21,77.78,78.18,2665
1785257100,78.18,78.84,78.11,78.7,5580
1785257400,78.68,78.7,78.38,78.4,1972
1785257700,78.4,78.69,78.38,78.66,1313
1785258000,78.66,78.85,78.52,78.56,1594
1785258300,78.57,78.72,78.37,78.61,2309
1785258600,78.62,79.11,78.59,78.95,2738
1785258900,78.96,79.2,78.89,79.06,1515
1785259200,79.06,79.07,78.33,79.06,4246
1785259500,79.06,79.16,78.99,79.16,1220
1785259800,79.15,79.24,78.98,79.04,1309
1785260100,79.05,79.33,79.02,79.24,1386
1785260400,79.23,79.35,79.19,79.3,1500
1785260700,79.29,79.48,79.11,79.14,1687
1785261000,79.15,79.44,79.1,79.38,1323
1785261300,79.39,79.66,79.29,79.44,1670
1785261600,79.44,79.45,79.04,79.15,2379
1785261900,79.15,79.17,78.85,78.89,1206
1785262200,78.89,78.99,78.82,78.95,1059
1785262500,78.94,79.17,78.9,78.96,1224
1785262800,78.96,79.07,78.93,78.96,1146
1785263100,78.95,79.37,78.81,79.32,6996
1785263400,79.32,79.5,79.21,79.34,2321
1785263700,79.33,79.39,79.2,79.26,911
1785264000,79.27,79.32,79.22,79.29,422
1785264300,79.28,79.32,79.21,79.24,448
1785264600,79.23,79.27,78.95,79.13,1470
1785264900,79.14,79.21,79.11,79.21,290
1785265200,79.21,79.24,78.99,79.03,380
1785265500,79.04,79.07,78.95,79.05,327
1785265800,79.05,79.15,79.03,79.09,203
1785266100,79.09,79.12,78.94,78.95,261
1785266400,78.95,79.02,78.92,78.93,285
1785266700,78.93,78.95,78.88,78.92,306
1785267000,78.91,79.05,78.9,78.93,419
1785267300,78.93,79.05,78.91,79,409
1785267600,78.98,79.09,78.95,79.05,300
1785267900,79.05,79.1,78.9,78.9,517
1785268200,78.9,79.07,78.88,79.02,193
1785268500,79.05,79.15,79,79.12,334
1785268800,79.12,79.3,79.12,79.2,689
1785269100,79.2,79.22,79.08,79.11,207
1785269400,79.1,79.13,79.05,79.12,196
1785269700,79.11,79.12,79,79.02,146
1785270000,79.03,79.17,78.97,79.15,213
1785270300,79.16,79.19,79.1,79.17,116
1785270600,79.18,79.18,78.84,78.9,375
1785270900,78.89,79.24,78.86,79.23,740
1785271200,79.25,79.27,79.06,79.08,100
1785271500,79.07,79.22,79.06,79.22,229
1785271800,79.21,79.21,79.01,79.2,264
1785272100,79.19,79.22,79.05,79.13,252
1785276000,80.04,80.88,79.92,80.86,2297
1785276300,80.86,81.18,80.77,81.1,1066
1785276600,81.1,81.27,81.05,81.22,974
1785276900,81.21,81.58,81.1,81.57,1465
1785277200,81.56,82.42,81.55,82.34,2153
1785277500,82.32,82.87,82.27,82.67,1599
1785277800,82.68,83.25,82.45,83.09,1764
1785278100,83.09,83.23,82.7,83.09,1021
1785278400,83.09,83.1,82.4,82.7,1174
1785278700,82.69,82.96,82.5,82.5,505
1785279000,82.5,82.65,82.41,82.55,439
1785279300,82.55,82.65,82.48,82.63,252
1785279600,82.63,83,82.58,83,655
1785279900,82.98,83.3,82.96,83.26,570
1785280200,83.26,83.27,82.66,82.75,686
1785280500,82.75,82.87,82.54,82.54,441
1785280800,82.52,82.59,82.43,82.49,462
1785281100,82.51,82.7,82.42,82.51,395
1785281400,82.53,82.75,82.46,82.68,471
1785281700,82.68,82.68,82.5,82.53,174
1785282000,82.52,82.53,82.06,82.07,734
1785282300,82.09,82.44,82.09,82.17,579
1785282600,82.16,82.31,82.03,82.22,476
1785282900,82.23,82.3,81.81,81.89,1052
1785283200,81.87,82.13,81.73,81.96,2550
1785283500,81.95,82.27,81.95,82.18,1046
1785283800,82.18,82.3,81.97,82.02,548
1785284100,82.01,82.09,81.85,82.07,528
1785284400,82.04,82.08,81.62,81.72,1247
1785284700,81.72,81.87,81.7,81.83,343
1785285000,81.85,82.25,81.85,82.22,420
1785285300,82.22,82.56,82.21,82.56,780
1785285600,82.55,82.6,82.37,82.37,463
1785285900,82.38,82.59,82.31,82.5,351
1785286200,82.5,82.52,82.37,82.38,310
1785286500,82.38,82.54,82.29,82.46,394
1785286800,82.45,82.69,82.41,82.49,741
1785287100,82.49,82.58,82.31,82.53,402
1785287400,82.51,82.86,82.41,82.86,463
1785287700,82.85,82.92,82.61,82.65,658
1785288000,82.67,82.67,82.52,82.6,521
1785288300,82.6,82.62,82.39,82.44,424
1785288600,82.43,83.05,82.43,83.02,639
1785288900,83.02,83.02,82.83,82.95,491
1785289200,82.97,83.02,82.86,82.93,334
1785289500,82.95,82.98,82.85,82.86,334
1785289800,82.85,82.87,82.69,82.73,345
1785290100,82.74,82.77,82.62,82.76,251
1785290400,82.76,82.83,82.64,82.78,198
1785290700,82.77,82.78,82.61,82.61,100
1785291000,82.62,82.72,82.59,82.65,144
1785291300,82.65,82.74,82.58,82.64,201
1785291600,82.61,82.61,82.46,82.52,173
1785291900,82.53,82.54,82.43,82.46,175
1785292200,82.44,82.44,82.19,82.21,605
1785292500,82.22,82.27,82.05,82.21,519
1785292800,82.19,82.4,82.18,82.3,292
1785293100,82.29,82.32,82.13,82.17,414
1785293400,82.16,82.3,82.15,82.27,157
1785293700,82.27,82.34,82.19,82.31,98
1785294000,82.31,82.45,82.31,82.45,158
1785294300,82.42,82.54,82.42,82.5,271
1785294600,82.51,82.56,82.48,82.5,124
1785294900,82.5,82.55,82.42,82.53,185
1785295200,82.55,82.63,82.42,82.43,99
1785295500,82.43,82.46,82.32,82.39,190
1785295800,82.41,82.64,82.4,82.63,247
1785296100,82.64,82.64,82.47,82.52,151
1785296400,82.52,82.6,82.49,82.56,150
1785296700,82.55,82.61,82.5,82.55,183
1785297000,82.57,82.73,82.55,82.68,265
1785297300,82.69,82.77,82.69,82.7,191
1785297600,82.69,82.69,82.6,82.64,108
1785297900,82.64,82.65,82.55,82.58,109
1785298200,82.59,82.62,82.56,82.62,80
1785298500,82.57,82.61,82.46,82.48,92
1785298800,82.48,82.54,82.47,82.51,64
1785299100,82.5,82.55,82.45,82.45,57
1785299400,82.44,82.44,82.31,82.38,150
1785299700,82.36,82.37,82.23,82.29,139
1785300000,82.3,82.32,82.09,82.11,279
1785300300,82.11,82.12,82,82,305
1785300600,82.02,82.07,81.88,81.91,382
1785300900,81.91,82.08,81.88,82.04,168
1785301200,82.04,82.14,81.85,81.94,332
1785301500,81.96,81.97,81.85,81.94,157
1785301800,81.95,81.99,81.85,81.89,271
1785302100,81.88,81.95,81.79,81.91,319
1785302400,81.91,82.05,81.83,81.98,239
1785302700,81.97,82,81.83,81.91,154
1785303000,81.9,82.07,81.83,82.06,299
1785303300,82.06,82.15,81.98,82.09,204
1785303600,82.1,82.19,81.9,81.96,232
1785303900,81.96,82.07,81.92,82.06,141
1785304200,82.07,82.1,81.93,82.02,161
1785304500,82,82.26,81.91,82.24,278
1785304800,82.24,82.31,82,82.19,320
1785305100,82.21,82.43,82.14,82.33,266
1785305400,82.34,82.41,82.23,82.33,337
1785305700,82.31,82.37,82.14,82.32,195
1785306000,82.33,82.35,82.19,82.24,179
1785306300,82.25,82.37,82.18,82.36,268
1785306600,82.35,82.4,82.22,82.25,281
1785306900,82.24,82.32,81.99,82.03,294
1785307200,82.03,82.06,81.8,81.81,387
1785307500,81.84,82.05,81.82,82.03,378
1785307800,82.04,82.07,81.86,81.98,219
1785308100,81.98,82.12,81.98,82.1,272
1785308400,82.1,82.21,81.96,82.1,739
1785308700,82.1,82.1,81.84,81.85,469
1785309000,81.84,81.96,81.73,81.88,535
1785309300,81.88,82.28,81.85,82.27,532
1785309600,82.27,82.37,82.09,82.2,525
1785309900,82.19,82.33,82.07,82.21,554
1785310200,82.22,82.32,82.02,82.11,342
1785310500,82.1,82.11,81.71,81.74,577
1785310800,81.74,81.94,81.71,81.86,408
1785311100,81.85,82.15,81.82,82.15,381
1785311400,82.17,82.29,82.08,82.25,561
1785311700,82.26,82.29,82,82.02,426
1785312000,82.03,82.18,81.96,82.03,435
1785312300,82.04,82.29,81.92,82.26,493
1785312600,82.25,82.26,81.86,81.9,441
1785312900,81.9,81.97,81.71,81.94,686
1785313200,81.92,82.21,81.91,82.17,620
1785313500,82.16,82.39,82.07,82.2,1390
1785313800,82.22,82.37,82,82.1,686
1785314100,82.11,82.15,81.77,81.83,560
1785314400,81.86,81.99,81.75,81.83,491
1785314700,81.84,81.84,81.57,81.62,978
1785315000,81.65,81.83,81.51,81.8,664
1785315300,81.79,81.91,81.72,81.88,448
1785315600,81.88,82.14,81.88,82.14,574
1785315900,82.15,82.15,81.93,81.97,358
1785316200,81.97,82.02,81.92,81.95,287
1785316500,81.94,81.96,81.81,81.95,269
1785316800,81.95,82.01,81.69,81.81,313
1785317100,81.82,82,81.78,81.94,211
1785317400,81.93,82.18,81.87,82.15,239
1785317700,82.15,82.31,82.05,82.13,447
1785318000,82.13,82.13,82.02,82.11,281
1785318300,82.09,82.11,81.98,82.08,239
1785318600,82.1,82.19,82,82.17,592
1785318900,82.18,82.31,82.11,82.11,924
1785319200,82.12,82.26,81.98,82.03,450
1785319500,82.02,82.67,81.98,82.42,2145
1785319800,82.42,82.67,82.37,82.64,622
1785320100,82.64,82.83,82.54,82.68,1167
1785320400,82.68,82.83,82.65,82.69,353
1785320700,82.69,82.73,82.53,82.72,526
1785321000,82.73,82.74,82.58,82.72,288
1785321300,82.72,83.04,82.68,83.02,841
1785321600,83.02,83.05,82.81,82.89,710
1785321900,82.89,83.12,82.84,83.12,562
1785322200,83.13,83.24,83.08,83.24,650
1785322500,83.24,83.28,83.15,83.18,512
1785322800,83.18,83.34,83.1,83.2,761
1785323100,83.23,83.23,83,83.02,365
1785323400,83.03,83.16,83.01,83.11,335
1785323700,83.12,83.14,82.94,83.09,485
1785324000,83.11,83.18,83.06,83.13,390
1785324300,83.13,83.16,82.82,82.86,465
1785324600,82.88,83.02,82.85,82.96,477
1785324900,82.96,82.96,82.81,82.83,614
1785325200,82.83,82.96,82.76,82.94,734
1785325500,82.94,83.03,82.36,82.54,2829
1785325800,82.54,82.8,82.53,82.68,951
1785326100,82.68,82.69,82.53,82.53,567
1785326400,82.54,82.83,82.5,82.82,669
1785326700,82.81,83.09,82.79,83.07,887
1785327000,83.07,83.18,82.92,83.1,1468
1785327300,83.09,84.49,83.09,84.42,6810
1785327600,84.41,84.65,84.13,84.59,2730
1785327900,84.59,84.62,84.28,84.47,1661
1785328200,84.49,84.76,84.29,84.29,2080
1785328500,84.28,84.39,84.04,84.13,1609
1785328800,84.13,84.25,84.07,84.14,749
1785329100,84.11,84.3,84.09,84.25,806
1785329400,84.29,84.66,84.28,84.66,1340
1785329700,84.65,84.74,84.51,84.54,1147
1785330000,84.55,84.82,84.36,84.62,2208
1785330300,84.63,84.82,84.53,84.54,1245
1785330600,84.54,84.62,84.41,84.42,921
1785330900,84.44,84.54,84.21,84.52,1398
1785331200,84.51,84.62,84.14,84.18,898
1785331500,84.19,84.36,84.1,84.33,831
1785331800,84.32,84.67,84.24,84.48,1721
1785332100,84.48,84.56,84.25,84.27,904
1785332400,84.27,84.44,84.23,84.43,889
1785332700,84.44,84.85,84.42,84.66,1736
1785333000,84.67,84.91,84.67,84.88,1328
1785333300,84.88,84.95,84.79,84.85,1269
1785333600,84.84,84.85,84.54,84.58,1186
1785333900,84.59,84.6,84.35,84.47,1382
1785334200,84.47,84.56,84.34,84.51,1108
1785334500,84.52,84.67,84.4,84.54,1410
1785334800,84.54,84.57,84.36,84.55,972
1785335100,84.56,85.02,84.54,85,2103
1785335400,85.01,85.1,84.89,85,2215
1785335700,85,85.16,84.9,84.91,1836
1785336000,84.92,85.18,84.86,85.1,1703
1785336300,85.09,85.33,85.08,85.18,1514
1785336600,85.18,85.34,85.04,85.28,1897
1785336900,85.29,85.48,85.15,85.36,2035
1785337200,85.36,85.57,85.29,85.33,2180
1785337500,85.34,85.4,85.11,85.18,1623
1785337800,85.18,85.22,84.86,85.05,1768
1785338100,85.03,85.25,85,85.24,1374
1785338400,85.23,85.28,85.02,85.03,1281
1785338700,85.04,85.18,84.79,84.85,2648
1785339000,84.85,84.88,84.47,84.63,2403
1785339300,84.63,84.74,84.42,84.45,1453
1785339600,84.46,84.6,84.36,84.5,1588
1785339900,84.49,84.56,84.38,84.54,1083
1785340200,84.55,84.66,84.5,84.61,1217
1785340500,84.62,85,84.62,84.99,1704
1785340800,84.99,85.22,84.95,85.13,1501
1785341100,85.11,85.11,84.86,84.96,1585
1785341400,84.94,85.04,84.74,84.86,1213
1785341700,84.86,84.9,84.6,84.73,963
1785342000,84.73,84.73,84.22,84.37,2361
1785342300,84.38,84.4,84.18,84.19,1598
1785342600,84.21,84.38,84.18,84.33,928
1785342900,84.34,84.51,84.24,84.46,930
1785343200,84.45,84.54,84.4,84.52,620
1785343500,84.52,84.58,84.43,84.51,533
1785343800,84.5,84.69,84.5,84.65,672
1785344100,84.66,84.67,84.57,84.59,586
1785344400,84.58,84.62,84.36,84.38,933
1785344700,84.38,84.57,84.36,84.55,667
1785345000,84.55,84.72,84.51,84.55,863
1785345300,84.55,84.74,84.55,84.66,699
1785345600,84.66,84.71,84.62,84.64,1000
1785345900,84.63,84.82,84.43,84.46,1187
1785346200,84.47,84.73,84.41,84.67,907
1785346500,84.68,84.69,84.36,84.38,879
1785346800,84.39,84.43,84.32,84.37,708
1785347100,84.38,84.51,84.3,84.5,966
1785347400,84.5,84.67,84.48,84.58,693
1785347700,84.59,84.65,84.53,84.59,506
1785348000,84.6,84.9,84.46,84.7,1648
1785348300,84.7,84.72,84.51,84.52,929
1785348600,84.52,84.73,84.52,84.61,888
1785348900,84.6,84.88,84.48,84.85,1272
1785349200,84.85,84.91,84.65,84.86,1512
1785349500,84.88,84.9,84.36,84.48,6087
1785349800,84.48,84.94,84.47,84.87,2077
1785350100,84.86,84.92,84.73,84.83,687
1785350400,84.83,84.9,84.55,84.62,916
1785350700,84.61,84.65,84.3,84.64,1404
1785351000,84.65,84.73,84.56,84.57,734
1785351300,84.57,84.65,84.43,84.45,465
1785351600,84.44,84.5,84.3,84.36,675
1785351900,84.37,84.5,84.27,84.38,619
1785352200,84.4,84.44,84.21,84.41,768
1785352500,84.42,84.44,84.06,84.1,692
1785352800,84.09,84.72,84.06,84.49,2632
1785353100,84.48,84.74,84.45,84.66,785
1785353400,84.67,85.25,84.65,85.04,1385
1785353700,85.03,85.14,84.81,84.88,962
1785354000,84.89,84.99,84.81,84.86,622
1785354300,84.85,84.91,84.58,84.86,769
1785354600,84.86,85,84.83,84.98,652
1785354900,84.98,85,84.84,84.89,622
1785355200,84.89,84.96,84.66,84.71,309
1785355500,84.69,84.74,84.6,84.7,236
1785355800,84.7,84.77,84.63,84.73,297
1785356100,84.74,84.82,84.74,84.78,166
1785356400,84.76,85.02,84.75,85,285
1785356700,85.01,85.02,84.89,84.92,191
1785357000,84.9,84.91,84.77,84.78,201
1785357300,84.79,84.79,84.65,84.7,385
1785357600,84.7,84.72,84.6,84.62,465
1785357900,84.63,84.67,84.51,84.67,336
1785358200,84.66,84.7,84.52,84.54,210
1785358500,84.53,84.66,84.52,84.6,202
1785362400,84.65,84.7,84.3,84.39,472
1785362700,84.36,84.57,84.35,84.44,231
1785363000,84.43,84.5,84.35,84.41,104
1785363300,84.4,84.42,84.24,84.25,104
1785363600,84.27,84.39,84.25,84.39,48
1785363900,84.38,84.59,84.31,84.44,271
1785364200,84.46,84.48,84.36,84.47,109
1785364500,84.46,84.5,84.32,84.35,111
1785364800,84.34,84.47,84.34,84.47,58
1785365100,84.47,84.47,84.37,84.41,42
1785365400,84.4,84.46,84.4,84.46,10
1785365700,84.44,84.56,84.41,84.43,103
1785366000,84.42,84.43,84.37,84.39,46
1785366300,84.42,84.47,84.11,84.23,414
1785366600,84.27,84.7,84.27,84.62,523
1785366900,84.59,84.72,84.56,84.65,213
1785367200,84.62,84.65,84.42,84.45,184
1785367500,84.45,84.51,84.38,84.43,77
1785367800,84.43,84.43,84.27,84.36,129
1785368100,84.34,84.44,84.34,84.42,65
1785368400,84.43,84.49,84.33,84.35,96
1785368700,84.33,84.35,84.21,84.28,87
1785369000,84.28,84.33,84.15,84.19,147
1785369300,84.18,84.26,84.15,84.2,101
1785369600,84.21,84.29,84.03,84.28,523
1785369900,84.25,84.27,84.13,84.14,140
1785370200,84.15,84.24,83.85,83.91,512
1785370500,83.93,83.98,83.21,83.36,1661
1785370800,83.37,83.74,83.37,83.71,368
1785371100,83.69,84.01,83.58,83.98,522
1785371400,83.97,84.17,83.89,84.05,251
1785371700,84.06,84.24,84.02,84.19,287
1785372000,84.2,84.3,84.15,84.28,336
1785372300,84.3,84.48,84.26,84.34,456
1785372600,84.34,84.57,84.34,84.56,498
1785372900,84.56,84.62,84.48,84.53,371
1785373200,84.5,84.51,84,84.09,847
1785373500,84.13,84.14,83.74,83.89,599
1785373800,83.88,84.07,83.77,84.01,329
1785374100,84.03,84.07,83.87,83.92,281
1785374400,83.9,84.13,83.84,83.98,261
1785374700,84.02,84.04,83.91,83.97,132
1785375000,84.01,84.05,83.75,83.8,188
1785375300,83.81,83.91,83.63,83.86,424
1785375600,83.86,83.88,83.72,83.73,236
1785375900,83.72,83.9,83.68,83.82,230
1785376200,83.83,83.83,83.69,83.8,225
1785376500,83.8,83.84,83.73,83.8,146
1785376800,83.77,83.8,83.64,83.67,206
1785377100,83.69,83.76,83.61,83.67,201
1785377400,83.65,83.68,83.56,83.58,150
1785377700,83.58,83.62,83.51,83.56,300
1785378000,83.57,83.64,83.5,83.64,148
1785378300,83.64,83.7,83.43,83.45,334
1785378600,83.46,83.47,83.24,83.39,619
1785378900,83.39,83.59,83.39,83.5,281
1785379200,83.49,83.58,83.46,83.53,96
1785379500,83.52,83.7,83.52,83.7,315
1785379800,83.7,83.72,83.35,83.4,218
1785380100,83.35,83.43,83.24,83.43,237
1785380400,83.42,83.42,83.22,83.32,188
1785380700,83.31,83.39,83.29,83.37,81
1785381000,83.35,83.42,83.31,83.35,113
1785381300,83.34,83.4,83.31,83.37,84
1785381600,83.38,83.52,83.36,83.52,185
1785381900,83.53,83.66,83.44,83.63,196
1785382200,83.6,83.6,83.5,83.57,147
1785382500,83.57,83.59,83.48,83.54,98
1785382800,83.53,83.64,83.51,83.58,134
1785383100,83.59,83.67,83.59,83.66,126
1785383400,83.65,83.75,83.64,83.74,98
1785383700,83.74,83.75,83.62,83.64,51
1785384000,83.65,83.71,83.62,83.66,55
1785384300,83.65,83.77,83.65,83.74,54
1785384600,83.72,83.79,83.72,83.77,51
1785384900,83.77,83.87,83.76,83.81,110
1785385200,83.81,83.81,83.67,83.72,118
1785385500,83.73,83.82,83.7,83.78,56
1785385800,83.75,83.79,83.73,83.74,30
1785386100,83.75,83.76,83.72,83.75,12
1785386400,83.67,83.82,83.66,83.79,81
1785386700,83.77,83.77,83.7,83.72,27
1785387000,83.74,83.97,83.74,83.96,302
1785387300,83.97,84.17,83.93,84.05,256
1785387600,84.07,84.13,83.98,83.98,95
1785387900,83.97,84.28,83.97,84.28,140
1785388200,84.25,84.47,84.21,84.45,480
1785388500,84.47,84.6,84.38,84.58,460
1785388800,84.57,84.79,84.56,84.68,422
1785389100,84.7,84.71,84.52,84.54,150
1785389400,84.55,85.16,84.54,84.93,1292
1785389700,84.92,85.18,84.92,85.02,556
1785390000,85.03,85.03,84.9,84.93,358
1785390300,84.98,84.98,84.6,84.82,657
1785390600,84.81,85.29,84.76,85.24,866
1785390900,85.24,85.39,85.04,85.22,915
1785391200,85.18,85.37,85.09,85.12,1031
1785391500,85.17,85.65,85.08,85.64,1054
1785391800,85.63,85.74,85.57,85.69,817
1785392100,85.71,85.87,85.6,85.8,1383
1785392400,85.8,85.89,85.55,85.63,954
1785392700,85.64,85.84,85.56,85.83,500
1785393000,85.82,85.9,85.59,85.64,700
1785393300,85.64,85.8,85.62,85.73,745
1785393600,85.72,85.76,85.51,85.63,481
1785393900,85.64,85.69,85.38,85.59,705
1785394200,85.58,85.66,85.39,85.43,352
1785394500,85.44,85.6,85.31,85.31,578
1785394800,85.3,85.32,84.59,84.66,2996
1785395100,84.66,85.05,84.63,84.97,922
1785395400,84.97,85.09,84.89,84.93,444
1785395700,84.92,85.26,84.9,85.26,487
1785396000,85.27,85.4,84.99,85,1102
1785396300,84.99,85.33,84.98,85.31,666
1785396600,85.3,85.73,85.27,85.71,687
1785396900,85.72,85.94,85.66,85.74,1098
1785397200,85.76,85.78,85.42,85.46,580
1785397500,85.45,85.45,85.2,85.39,531
1785397800,85.41,85.43,84.95,85.08,703
1785398100,85.08,85.23,85.04,85.17,441
1785398400,85.17,85.36,84.8,84.86,1012
1785398700,84.86,84.9,84.63,84.83,1572
1785399000,84.81,84.87,84.65,84.82,468
1785399300,84.82,85.19,84.67,85.17,736
1785399600,85.18,85.36,85.11,85.19,734
1785399900,85.18,85.2,84.74,84.95,1086
1785400200,84.96,85.07,84.3,84.46,1626
1785400500,84.45,84.61,84.37,84.55,524
1785400800,84.55,84.76,84.4,84.76,446
1785401100,84.76,84.92,84.68,84.85,426
1785401400,84.83,85.08,84.82,85.02,388
1785401700,85.04,85.04,84.76,84.76,379
1785402000,84.74,84.83,84.47,84.52,1406
1785402300,84.5,84.64,84.27,84.44,1060
1785402600,84.43,84.67,84.05,84.35,1507
1785402900,84.33,84.52,83.89,84.03,1163
1785403200,84.02,84.07,83.84,84.06,715
1785403500,84.05,84.08,83.95,84.06,363
1785403800,84.03,84.28,84.01,84.22,616
1785404100,84.22,84.24,83.92,84.22,441
1785404400,84.23,84.37,84.06,84.1,412
1785404700,84.12,84.18,84.03,84.08,185
1785405000,84.05,84.24,83.95,84.17,607
1785405300,84.15,84.5,84.13,84.46,444
1785405600,84.47,84.64,84.47,84.63,562
1785405900,84.64,84.64,84.39,84.46,300
1785406200,84.47,84.65,84.41,84.58,187
1785406500,84.57,84.59,84.19,84.22,321
1785406800,84.2,84.29,84.11,84.11,390
1785407100,84.12,84.32,84.12,84.23,174
1785407400,84.24,84.27,83.96,84.21,319
1785407700,84.19,84.24,83.87,83.97,328
1785408000,83.97,83.97,83.26,83.64,1978
1785408300,83.65,83.7,83.46,83.47,515
1785408600,83.46,83.75,83.31,83.68,959
1785408900,83.69,83.78,83.58,83.74,220
1785409200,83.77,83.93,83.66,83.79,558
1785409500,83.79,83.82,83.61,83.8,574
1785409800,83.78,83.84,83.7,83.7,250
1785410100,83.71,83.76,83.6,83.76,339
1785410400,83.76,83.93,83.6,83.63,364
1785410700,83.61,83.67,83.46,83.64,458
1785411000,83.64,83.71,83.36,83.51,536
1785411300,83.5,83.64,83.46,83.53,421
1785411600,83.54,83.6,83.34,83.46,545
1785411900,83.48,83.56,83.39,83.41,273
1785412200,83.39,83.57,83.31,83.37,588
1785412500,83.37,83.54,83.29,83.54,458
1785412800,83.55,83.85,83.55,83.66,800
1785413100,83.66,83.68,83.4,83.48,590
1785413400,83.48,83.77,83.47,83.7,591
1785413700,83.68,83.88,83.62,83.7,429
1785414000,83.72,83.95,83.68,83.93,617
1785414300,83.92,84.4,83.89,84.24,1400
1785414600,84.24,84.24,83.93,83.93,509
1785414900,83.96,83.96,83.73,83.74,431
1785415200,83.75,83.96,83.64,83.79,853
1785415500,83.76,84.06,83.7,83.97,538
1785415800,83.98,84.31,83.98,84.23,898
1785416100,84.21,84.49,84.15,84.48,1105
1785416400,84.47,84.52,83.92,84.07,1810
1785416700,84.07,84.14,83.23,83.41,3146
1785417000,83.39,83.56,82.97,83.01,2385
1785417300,83.03,83.5,83.03,83.3,1663
1785417600,83.31,83.56,83.27,83.36,1171
1785417900,83.35,83.66,83.34,83.48,884
1785418200,83.47,83.73,83.32,83.65,1150
1785418500,83.64,83.72,83.35,83.37,746
1785418800,83.37,83.64,83.37,83.63,587
1785419100,83.62,83.8,83.52,83.75,630
1785419400,83.72,83.92,83.63,83.66,829
1785419700,83.67,83.88,83.64,83.76,617
1785420000,83.77,84.16,83.63,83.83,2608
1785420300,83.83,84.2,83.79,83.81,1351
1785420600,83.81,83.97,83.7,83.86,806
1785420900,83.87,84.21,83.72,84.13,947
1785421200,84.14,84.3,84.03,84.08,1106
1785421500,84.1,84.19,83.88,83.97,609
1785421800,83.96,84.29,83.95,84.17,725
1785422100,84.16,84.19,83.96,83.99,458
1785422400,83.99,84.26,83.96,84.08,659
1785422700,84.09,84.34,84.09,84.34,688
1785423000,84.34,84.48,84.12,84.24,1057
1785423300,84.24,84.35,84.1,84.21,437
1785423600,84.22,84.4,84.16,84.35,562
1785423900,84.35,84.73,84.35,84.59,1267
1785424200,84.6,84.86,84.48,84.61,1178
1785424500,84.62,84.7,84.42,84.49,1151
1785424800,84.49,84.56,84.27,84.31,1282
1785425100,84.3,84.42,84.07,84.31,1311
1785425400,84.31,84.48,84.18,84.47,708
1785425700,84.47,84.52,84.07,84.1,652
1785426000,84.08,84.08,83.59,83.72,1420
1785426300,83.71,83.91,83.62,83.87,699
1785426600,83.87,84.07,83.72,84.03,590
1785426900,84.03,84.08,83.89,84.07,603
1785427200,84.07,84.15,84,84.03,523
1785427500,84.03,84.29,84.02,84.25,578
1785427800,84.24,84.25,83.92,84.04,628
1785428100,84.04,84.17,83.81,83.9,600
1785428400,83.89,83.94,83.63,83.73,458
1785428700,83.72,83.72,83.51,83.62,537
1785429000,83.6,83.78,83.53,83.76,579
1785429300,83.74,83.96,83.66,83.9,481
1785429600,83.9,83.97,83.8,83.87,324
1785429900,83.89,83.96,83.79,83.84,465
1785430200,83.83,84.05,83.77,83.95,461
1785430500,83.95,84.13,83.89,84.09,503
1785430800,84.1,84.16,83.99,83.99,575
1785431100,83.97,84.13,83.95,84.05,383
1785431400,84.04,84.1,83.84,83.97,809
1785431700,83.97,84.19,83.94,83.99,651
1785432000,83.97,84,83.73,83.82,551
1785432300,83.83,83.9,83.75,83.85,411
1785432600,83.85,83.9,83.65,83.71,440
1785432900,83.72,84.39,83.71,84.21,1063
1785433200,84.2,84.2,83.75,83.87,553
1785433500,83.87,84.07,83.87,84.06,577
1785433800,84.08,84.12,83.94,83.98,747
1785434100,84,84.08,83.88,84.08,523
1785434400,84.08,84.28,83.97,84.19,884
1785434700,84.17,84.17,83.93,84.08,702
1785435000,84.08,84.19,84.04,84.12,438
1785435300,84.13,84.18,83.72,83.79,1140
1785435600,83.78,83.92,83.73,83.92,904
1785435900,83.92,83.96,83.47,83.56,5214
1785436200,83.56,83.68,83.48,83.64,1513
1785436500,83.62,83.72,83.55,83.65,490
1785436800,83.65,83.83,83.61,83.71,532
1785437100,83.73,83.77,83.71,83.75,240
1785437400,83.74,83.76,83.52,83.58,399
1785437700,83.58,83.59,83.52,83.52,211
1785438000,83.54,83.62,83.46,83.58,222
1785438300,83.57,83.62,83.53,83.55,187
1785438600,83.54,83.73,83.52,83.65,426
1785438900,83.65,83.68,83.58,83.61,184
1785439200,83.61,83.65,83.57,83.63,169
1785439500,83.62,83.64,83.52,83.54,252
1785439800,83.54,83.57,83.44,83.55,275
1785440100,83.54,83.54,83.47,83.51,179
1785440400,83.52,83.7,83.48,83.68,362
1785440700,83.69,83.77,83.65,83.7,182
1785441000,83.71,83.75,83.65,83.74,166
1785441300,83.75,83.83,83.65,83.65,474
1785441600,83.66,83.71,83.58,83.66,132
1785441900,83.66,83.85,83.6,83.83,211
1785442200,83.83,83.88,83.79,83.88,241
1785442500,83.88,84.13,83.84,84.07,587
1785442800,84.06,84.14,84.03,84.13,168
1785443100,84.12,84.16,84.06,84.09,226
1785443400,84.1,84.21,84.03,84.13,262
1785443700,84.12,84.19,84.08,84.15,159
1785444000,84.15,84.15,83.96,83.96,144
1785444300,83.97,83.98,83.86,83.94,322
1785444600,83.94,83.96,83.87,83.92,72
1785444900,83.91,83.98,83.88,83.96,224
1785448800,83.92,84,83.87,83.95,93
1785449100,83.95,84.15,83.95,84.09,178
1785449400,84.11,84.32,84.11,84.2,245
1785449700,84.2,84.25,84.15,84.19,68
1785450000,84.21,84.32,84.2,84.21,98
1785450300,84.2,84.21,84.17,84.18,28
1785450600,84.16,84.17,84.11,84.12,39
1785450900,84.12,84.14,84.09,84.1,26
1785451200,84.1,84.1,84.04,84.05,36
1785451500,84.04,84.06,84.01,84.01,22
1785451800,84.02,84.03,83.92,84,110
1785452100,84.01,84.06,84.01,84.06,24
1785452400,84.05,84.05,83.94,83.95,42
1785452700,83.96,83.99,83.95,83.97,16
1785453000,83.94,83.96,83.93,83.95,15
1785453300,83.95,84.08,83.95,84.07,63
1785453600,84.07,84.08,84.03,84.06,16
1785453900,84.07,84.11,84.02,84.06,113
1785454200,84.07,84.11,84.04,84.11,33
1785454500,84.09,84.09,84,84.05,56
1785454800,84.05,84.09,84.05,84.07,25
1785455100,84.09,84.12,84.04,84.04,30
1785455400,84.04,84.04,83.98,84.01,17
1785455700,84.01,84.06,84.01,84.06,11
1785456000,84.06,84.11,83.97,84.11,184
1785456300,84.11,84.15,83.99,84.05,136
1785456600,84.06,84.18,84.06,84.14,52
1785456900,84.08,84.09,83.96,84.05,91
1785457200,84.03,84.1,84.02,84.06,54
1785457500,84.07,84.13,84.03,84.12,139
1785457800,84.11,84.12,84,84.12,102
1785458100,84.12,84.14,84.05,84.05,48
1785458400,84.04,84.04,83.72,83.73,329
1785458700,83.72,83.87,83.68,83.87,103
1785459000,83.86,83.86,83.7,83.75,79
1785459300,83.74,83.78,83.52,83.55,273
1785459600,83.54,83.54,82.09,82.62,2237
1785459900,82.61,82.77,82.31,82.63,670
1785460200,82.64,82.97,82.51,82.93,502
1785460500,82.98,82.99,82.8,82.8,303
1785460800,82.8,82.99,82.78,82.88,345
1785461100,82.88,82.93,82.55,82.78,512
1785461400,82.77,82.88,82.55,82.55,317
1785461700,82.55,82.56,82.27,82.41,637
1785462000,82.39,82.63,82.37,82.61,431
1785462300,82.62,82.81,82.62,82.71,292
1785462600,82.7,82.7,82.45,82.48,262
1785462900,82.5,82.52,82.4,82.47,136
1785463200,82.47,82.47,82.13,82.18,489
1785463500,82.19,82.27,81.6,81.8,1297
1785463800,81.82,82.09,81.66,82.07,636
1785464100,82.09,82.23,82.02,82.2,443
1785464400,82.18,82.34,82.14,82.21,492
1785464700,82.23,82.31,82.12,82.16,213
1785465000,82.17,82.34,82.16,82.3,176
1785465300,82.28,82.32,82.09,82.16,123
1785465600,82.13,82.17,82.05,82.16,79
1785465900,82.1,82.22,82.05,82.13,109
1785466200,82.15,82.27,82.14,82.27,91
1785466500,82.26,82.45,82.25,82.27,278
1785466800,82.28,82.36,82.22,82.27,159
1785467100,82.26,82.28,82.08,82.09,150
1785467400,82.1,82.24,82.07,82.23,124
1785467700,82.22,82.31,82.07,82.11,167
1785468000,82.13,82.29,82.12,82.22,90
1785468300,82.21,82.28,82.17,82.21,118
1785468600,82.2,82.34,82.12,82.2,302
1785468900,82.2,82.36,82.16,82.34,139
1785469200,82.32,82.36,82.23,82.35,102
1785469500,82.34,82.5,82.25,82.46,199
1785469800,82.46,82.49,82.37,82.37,106
1785470100,82.36,82.37,82.3,82.34,73
1785470400,82.34,82.4,82.28,82.29,98
1785470700,82.3,82.36,81.96,82.06,374
1785471000,82.07,82.22,82.05,82.13,148
1785471300,82.15,82.23,82.15,82.18,45
1785471600,82.2,82.2,82.11,82.16,64
1785471900,82.12,82.18,82.08,82.13,79
1785472200,82.15,82.19,82.06,82.08,65
1785472500,82.1,82.13,82.06,82.09,72
1785472800,82.06,82.06,81.95,81.98,137
1785473100,81.98,82.02,81.88,82.01,235
1785473400,82.02,82.02,81.75,81.83,245
1785473700,81.85,81.89,81.63,81.66,347
1785474000,81.65,81.84,81.56,81.72,317
1785474300,81.71,81.92,81.65,81.85,233
1785474600,81.85,81.99,81.8,81.91,125
1785474900,81.92,81.94,81.8,81.8,125
1785475200,81.82,81.83,81.59,81.65,211
1785475500,81.66,81.68,81.53,81.65,171
1785475800,81.62,81.62,81.06,81.49,1098
1785476100,81.5,81.59,81.2,81.25,280
1785476400,81.26,81.54,81.21,81.45,316
1785476700,81.47,81.5,81.36,81.45,119
1785477000,81.45,81.66,81.45,81.66,227
1785477300,81.67,81.7,81.54,81.69,228
1785477600,81.7,81.82,81.61,81.75,493
1785477900,81.74,82.02,81.72,81.96,749
1785478200,81.94,81.97,81.77,81.83,333
1785478500,81.82,82.01,81.79,81.94,219
1785478800,81.97,82.23,81.97,82.19,405
1785479100,82.18,82.22,82.01,82.01,312
1785479400,82.03,82.12,81.83,81.85,277
1785479700,81.86,81.94,81.78,81.92,112
1785480000,81.92,82.05,81.89,82.05,203
1785480300,82.05,82.13,81.95,81.99,215
1785480600,81.99,82.12,81.96,82.1,176
1785480900,82.1,82.12,81.95,82.03,145
1785481200,82.02,82.45,81.98,82.31,874
1785481500,82.3,82.38,82.19,82.27,408
1785481800,82.27,82.31,82.18,82.2,339
1785482100,82.21,82.48,82.21,82.4,293
1785482400,82.38,82.48,82.34,82.45,220
1785482700,82.44,82.61,82.38,82.56,368
1785483000,82.53,82.64,82.35,82.64,400
1785483300,82.64,82.69,82.48,82.53,388
1785483600,82.52,82.65,82.34,82.58,380
1785483900,82.56,82.58,82.42,82.48,502
1785484200,82.45,82.52,82.15,82.2,1089
1785484500,82.22,82.27,82.05,82.18,799
1785484800,82.16,82.33,82.01,82.07,446
1785485100,82.07,82.18,82.03,82.14,262
1785485400,82.13,82.3,82.08,82.1,264
1785485700,82.11,82.12,81.94,81.94,411
1785486000,81.95,82.29,81.94,82.29,570
1785486300,82.29,82.75,82.21,82.73,1065
1785486600,82.74,82.89,82.61,82.64,1333
1785486900,82.64,82.64,82.44,82.57,422
1785487200,82.59,82.61,82.37,82.42,316
1785487500,82.4,82.55,82.26,82.27,827
1785487800,82.27,82.57,82.24,82.45,446
1785488100,82.46,82.59,82.25,82.59,357
1785488400,82.58,82.82,82.54,82.8,970
1785488700,82.81,82.97,82.78,82.86,600
1785489000,82.9,83.09,82.81,83.08,869
1785489300,83.08,83.18,82.95,83.07,627
1785489600,83.08,83.25,83.02,83.08,884
1785489900,83.07,83.07,82.79,82.86,1180
1785490200,82.88,83.46,82.84,83.4,1402
1785490500,83.41,83.55,83.33,83.37,1275
1785490800,83.36,83.54,83.3,83.53,350
1785491100,83.53,83.71,83.49,83.62,540
1785491400,83.6,83.69,83.58,83.66,360
1785491700,83.66,83.78,83.64,83.71,918
1785492000,83.72,84.01,83.72,83.97,1032
1785492300,83.97,84.02,83.87,83.95,519
1785492600,83.95,84.06,83.9,84.06,382
1785492900,84.06,84.12,83.97,84.06,415
1785493200,84.04,84.04,83.82,84,549
1785493500,84,84.2,83.97,84.11,758
1785493800,84.11,84.22,83.99,84.19,446
1785494100,84.2,84.39,84.11,84.21,789
1785494400,84.21,84.32,84.15,84.17,208
1785494700,84.18,84.27,84.07,84.25,319
1785495000,84.26,84.26,84.09,84.16,344
1785495300,84.17,84.5,84.15,84.3,855
1785495600,84.3,84.46,84.21,84.31,842
1785495900,84.31,84.49,84.19,84.24,401
1785496200,84.25,84.25,84.1,84.2,388
1785496500,84.19,84.84,84.11,84.68,2576
1785496800,84.67,84.9,84.63,84.74,993
1785497100,84.73,84.87,84.63,84.79,1214
1785497400,84.8,85.03,84.63,85.03,1117
1785497700,85.02,85.04,84.77,84.91,846
1785498000,84.92,85.09,84.84,85,934
1785498300,85,85.04,84.79,84.83,751
1785498600,84.83,84.98,84.78,84.85,458
1785498900,84.83,84.94,84.78,84.86,556
1785499200,84.87,85.36,84.86,85.34,1645
1785499500,85.34,85.43,85.23,85.39,1084
1785499800,85.39,85.49,85.21,85.26,939
1785500100,85.27,85.38,85.18,85.19,614
1785500400,85.19,85.32,85.16,85.31,586
1785500700,85.3,85.36,85.16,85.23,488
1785501000,85.23,85.3,85.04,85.2,840
1785501300,85.21,85.24,85.02,85.12,1021
1785501600,85.11,85.25,84.96,85.23,1127
1785501900,85.22,85.57,85.21,85.45,2060
1785502200,85.44,85.65,85.37,85.46,864
1785502500,85.48,86.45,85.45,85.89,3904
1785502800,85.89,85.98,85.27,85.43,2880
1785503100,85.41,85.64,85.37,85.52,1148
1785503400,85.51,85.75,85.36,85.65,1485
1785503700,85.68,85.76,85.54,85.56,724
1785504000,85.57,85.74,85.5,85.69,694
1785504300,85.7,85.78,85.34,85.5,1472
1785504600,85.49,85.83,85.36,85.41,1942
1785504900,85.42,85.61,85.38,85.59,984
1785505200,85.59,85.91,85.52,85.58,1838
1785505500,85.59,85.78,85.52,85.63,901
1785505800,85.64,85.73,85.38,85.46,1154
1785506100,85.44,85.57,85.29,85.52,1171
1785506400,85.52,85.57,85.22,85.34,2029
1785506700,85.35,85.38,84.74,84.89,3020
1785507000,84.92,85.24,84.77,85.11,2003
1785507300,85.14,85.32,85.09,85.1,1071
1785507600,85.1,85.22,84.99,85.06,778
1785507900,85.08,85.26,85.03,85.24,478
1785508200,85.24,85.42,85.19,85.38,684
1785508500,85.39,85.56,85.33,85.52,766
1785508800,85.52,85.54,85.43,85.49,489
1785509100,85.49,85.84,85.48,85.82,1980
1785509400,85.81,85.93,85.62,85.7,1293
1785509700,85.7,85.81,85.65,85.79,449
1785510000,85.78,85.93,85.73,85.88,1083
1785510300,85.88,86.01,85.77,85.92,1464
1785510600,85.93,85.96,85.83,85.9,570
1785510900,85.91,85.99,85.68,85.74,2363
1785511200,85.74,85.85,85.62,85.79,1162
1785511500,85.78,85.82,85.36,85.53,2390
1785511800,85.55,85.6,85.02,85.06,2461
1785512100,85.06,85.28,85.04,85.21,1505
1785512400,85.21,85.22,84.89,84.94,2020
1785512700,84.95,84.97,84.39,84.5,3650
1785513000,84.51,84.53,83.99,84.08,3002
1785513300,84.08,84.28,84.03,84.07,1737
1785513600,84.09,84.33,84.06,84.3,1470
1785513900,84.32,84.54,84.31,84.41,1136
1785514200,84.4,84.64,84.26,84.54,2215
1785514500,84.54,84.77,84.53,84.67,1006
1785514800,84.65,84.7,84.43,84.47,998
1785515100,84.47,84.67,84.45,84.52,780
1785515400,84.52,84.74,84.51,84.59,591
1785515700,84.59,84.68,84.53,84.58,363
1785516000,84.59,84.84,84.55,84.77,837
1785516300,84.77,84.79,84.66,84.7,627
1785516600,84.69,84.75,84.57,84.74,859
1785516900,84.75,84.82,84.67,84.7,680
1785517200,84.72,84.89,84.69,84.83,960
1785517500,84.82,84.83,84.53,84.82,868
1785517800,84.83,85.1,84.82,85.01,1145
1785518100,85,85.03,84.76,84.81,940
1785518400,84.8,84.9,84.71,84.79,662
1785518700,84.78,84.92,84.71,84.78,894
1785519000,84.78,84.97,84.77,84.84,857
1785519300,84.83,84.85,84.65,84.66,1065
1785519600,84.68,85.1,84.61,85.03,1251
1785519900,85.02,85.07,84.92,85.05,749
1785520200,85.06,85.07,84.78,84.88,1064
1785520500,84.9,84.95,84.68,84.7,854
1785520800,84.69,84.75,84.55,84.71,1014
1785521100,84.7,85.05,84.69,84.77,1191
1785521400,84.77,84.79,84.67,84.76,785
1785521700,84.75,85,84.74,84.97,1021
1785522000,84.97,85.16,84.76,84.79,1534
1785522300,84.79,84.87,84.53,84.57,4949
1785522600,84.56,84.66,84.48,84.6,1111
1785522900,84.6,84.67,84.52,84.56,466
1785523200,84.56,84.72,84.48,84.7,1280
1785523500,84.71,84.74,84.61,84.62,371
1785523800,84.63,84.67,84.52,84.56,451
1785524100,84.56,84.62,84.52,84.61,386
1785524400,84.6,84.73,84.54,84.65,326
1785524700,84.65,84.73,84.61,84.66,174
1785525000,84.65,84.7,84.62,84.64,138
1785525300,84.64,84.77,84.64,84.76,227
1785525600,84.77,84.94,84.77,84.94,415
1785525900,84.94,84.95,84.8,84.8,321
1785526200,84.81,84.88,84.77,84.86,296
1785526500,84.86,84.87,84.72,84.8,375
1785526800,84.79,84.81,84.7,84.78,202
1785527100,84.79,84.85,84.74,84.75,329
1785527400,84.76,84.84,84.75,84.78,405
1785527700,84.78,84.83,84.73,84.77,419
1785528000,84.75,84.79,84.68,84.69,119
1785528300,84.7,84.7,84.53,84.54,193
1785528600,84.55,84.6,84.52,84.57,130
1785528900,84.56,84.66,84.54,84.59,121
1785529200,84.59,84.63,84.46,84.49,280
1785529500,84.5,84.64,84.48,84.61,140
1785529800,84.63,84.8,84.48,84.48,375
1785530100,84.47,84.57,84.47,84.52,78
1785530400,84.53,84.68,84.52,84.62,114
1785530700,84.59,84.64,84.51,84.55,168
1785531000,84.56,86.05,84.51,85.94,2132
1785531300,85.88,86.87,85.84,86.8,2023
1785708000,80.1,80.12,78.78,79.6,5660
1785708300,79.59,80.1,79.5,80.03,1552
1785708600,80.01,80.1,79.84,79.88,1067
1785708900,79.93,80.98,79.89,80.8,1380
1785709200,80.72,80.74,80.34,80.61,678
1785709500,80.59,81.05,80.58,80.61,749
1785709800,80.66,80.79,80.53,80.76,369
1785710100,80.73,80.86,80.67,80.71,197
1785710400,80.73,80.91,80.66,80.85,401
1785710700,80.85,81.23,80.8,81.23,539
1785711000,81.22,81.29,81.03,81.13,448
1785711300,81.13,81.3,81.1,81.24,362
1785711600,81.24,81.3,81.2,81.22,446
1785711900,81.21,81.22,80.94,80.96,334
1785712200,80.96,81.09,80.87,81.08,311
1785712500,81.07,81.09,80.9,80.92,134
1785712800,80.92,80.94,80.78,80.89,202
1785713100,80.89,80.94,80.78,80.83,154
1785713400,80.83,80.88,80.67,80.71,294
1785713700,80.72,80.78,80.61,80.72,239
1785714000,80.73,80.78,80.6,80.62,147
1785714300,80.6,80.65,80.43,80.65,308
1785714600,80.66,80.77,80.64,80.73,139
1785714900,80.72,80.79,80.68,80.71,158
1785715200,80.71,81,80.7,80.75,489
1785715500,80.75,80.82,80.62,80.67,192
1785715800,80.67,80.82,80.64,80.7,180
1785716100,80.68,80.68,80.54,80.61,227
1785716400,80.61,80.7,80.47,80.5,280
1785716700,80.51,80.57,80.45,80.47,207
1785717000,80.45,80.57,80.32,80.43,681
1785717300,80.44,80.54,80.44,80.45,153
1785717600,80.47,80.6,80.44,80.5,177
1785717900,80.49,80.68,80.49,80.54,250
1785718200,80.53,80.74,80.53,80.74,253
1785718500,80.75,80.76,80.61,80.62,273
1785718800,80.63,80.81,80.38,80.54,1044
1785719100,80.52,80.7,80.45,80.7,219
1785719400,80.68,80.73,80.54,80.68,146
1785719700,80.68,80.7,80.48,80.58,231
1785720000,80.59,80.72,80.56,80.67,175
1785720300,80.69,80.69,80.36,80.4,329
1785720600,80.4,80.41,80.28,80.34,395
1785720900,80.31,80.56,80.31,80.54,250
1785721200,80.53,80.6,80.18,80.18,550
1785721500,80.18,80.26,80.08,80.2,395
1785721800,80.2,80.22,80.02,80.1,297
1785722100,80.1,80.13,80.03,80.11,227
1785722400,80.12,80.13,79.9,80.06,502
1785722700,80.08,80.17,80.01,80.17,238
1785723000,80.16,80.23,80.15,80.19,148
1785723300,80.19,80.28,80.16,80.23,112
1785723600,80.24,80.27,80.13,80.14,397
1785723900,80.14,80.24,80.06,80.14,194
1785724200,80.12,80.37,80.07,80.13,291
1785724500,80.11,80.25,80.05,80.23,132
1785724800,80.23,80.3,80.2,80.25,108
1785725100,80.22,80.25,80.09,80.16,87
1785725400,80.17,80.22,79.83,79.92,603
1785725700,79.91,79.92,79.56,79.7,1151
1785726000,79.69,79.89,79.63,79.8,423
1785726300,79.78,79.91,79.77,79.9,197
1785726600,79.89,79.98,79.87,79.88,193
1785726900,79.86,79.9,79.7,79.71,157
1785727200,79.7,79.91,79.65,79.9,150
1785727500,79.89,79.94,79.85,79.89,156
1785727800,79.88,80.06,79.88,79.98,458
1785728100,79.98,80.05,79.96,80.02,250
1785728400,80.02,80.15,80,80.14,240
1785728700,80.13,80.16,79.96,79.99,139
1785729000,79.99,79.99,79.81,79.82,549
1785729300,79.82,79.88,79.72,79.74,216
1785729600,79.75,79.8,79.67,79.77,193
1785729900,79.76,79.81,79.69,79.79,137
1785730200,79.78,79.83,79.77,79.79,104
1785730500,79.78,79.79,79.71,79.75,186
1785730800,79.74,79.77,79.63,79.68,128
1785731100,79.69,79.69,79.59,79.66,215
1785731400,79.67,79.81,79.67,79.8,258
1785731700,79.78,79.81,79.7,79.72,97
1785732000,79.71,79.81,79.69,79.78,74
1785732300,79.79,79.79,79.59,79.6,124
1785732600,79.59,79.63,79.54,79.55,104
1785732900,79.56,79.62,79.5,79.52,189
1785733200,79.51,79.59,79.43,79.54,239
1785733500,79.54,79.58,79.41,79.56,178
1785733800,79.56,79.58,79.41,79.47,172
1785734100,79.48,79.55,79.45,79.51,114
1785734400,79.51,79.52,79.41,79.47,132
1785734700,79.46,79.5,79.38,79.46,146
1785735000,79.45,79.54,79.38,79.41,231
1785735300,79.44,79.56,79.4,79.52,279
1785735600,79.52,79.64,79.48,79.63,223
1785735900,79.63,79.81,79.63,79.79,332
1785736200,79.81,79.9,79.73,79.82,270
1785736500,79.84,79.86,79.64,79.64,167
1785736800,79.65,79.72,79.53,79.65,297
1785737100,79.65,79.66,79.5,79.56,365
1785737400,79.53,79.54,79.32,79.36,376
1785737700,79.37,79.45,79.32,79.44,345
1785738000,79.47,79.52,79.41,79.44,202
1785738300,79.43,79.46,79.2,79.25,477
1785738600,79.25,79.37,79.17,79.26,514
1785738900,79.24,79.34,79.24,79.26,284
1785739200,79.25,79.31,78.95,79.04,923
1785739500,79.06,79.14,78.96,79.07,428
1785739800,79.07,79.13,78.93,78.96,399
1785740100,78.97,79.14,78.87,79.1,439
1785740400,79.09,79.55,79.06,79.45,998
1785740700,79.45,79.53,79.31,79.45,466
1785741000,79.46,79.65,79.41,79.62,624
1785741300,79.61,80.42,79.58,80.19,3042
1785741600,80.17,80.3,79.62,79.71,1829
1785741900,79.72,79.85,79.62,79.71,637
1785742200,79.74,79.8,79.53,79.76,705
1785742500,79.75,80.05,79.73,79.99,576
1785742800,79.99,79.99,79.7,79.9,440
1785743100,79.87,79.93,79.59,79.6,534
1785743400,79.59,79.62,79.34,79.45,738
1785743700,79.45,79.7,79.43,79.67,515
1785744000,79.68,79.8,79.55,79.76,731
1785744300,79.76,79.92,79.63,79.9,808
1785744600,79.89,79.9,79.64,79.66,340
1785744900,79.67,80.05,79.66,79.96,659
1785745200,79.95,80.05,79.8,79.87,753
1785745500,79.87,80.05,79.77,79.79,1055
1785745800,79.77,80.17,79.72,79.95,910
1785746100,79.95,80.31,79.85,80.17,631
1785746400,80.17,80.46,80.03,80.36,856
1785746700,80.35,80.64,80.32,80.54,789
1785747000,80.55,80.66,80.41,80.43,540
1785747300,80.43,80.46,80.16,80.27,692
1785747600,80.27,80.32,80.08,80.27,498
1785747900,80.3,80.3,80.12,80.12,282
1785748200,80.11,80.11,79.72,79.82,642
1785748500,79.82,79.97,79.78,79.78,476
1785748800,79.77,79.8,79.66,79.79,313
1785749100,79.78,79.86,79.72,79.8,415
1785749400,79.8,79.82,79.55,79.66,582
1785749700,79.65,79.8,79.47,79.8,404
1785750000,79.79,80.07,79.78,79.9,630
1785750300,79.9,79.93,79.69,79.72,712
1785750600,79.71,79.85,79.67,79.84,956
1785750900,79.82,80.05,79.72,80.05,1117
1785751200,80.04,80.04,79.73,79.8,929
1785751500,79.81,79.92,79.71,79.73,297
1785751800,79.72,79.75,79.56,79.66,412
1785752100,79.65,79.7,79.53,79.7,359
1785752400,79.68,79.8,79.56,79.69,327
1785752700,79.67,79.77,79.65,79.72,337
1785753000,79.73,79.76,79.56,79.57,343
1785753300,79.56,79.61,79.43,79.47,451
1785753600,79.46,79.55,79.31,79.53,429
1785753900,79.52,79.52,79.36,79.48,328
1785754200,79.46,79.67,79.41,79.63,318
1785754500,79.64,79.65,79.49,79.5,342
1785754800,79.51,79.59,79.42,79.51,666
1785755100,79.54,79.54,79.35,79.48,435
1785755400,79.47,79.6,79.38,79.58,271
1785755700,79.59,79.77,79.54,79.54,381
1785756000,79.54,79.76,79.53,79.7,460
1785756300,79.68,79.88,79.63,79.85,565
1785756600,79.83,79.86,79.72,79.82,546
1785756900,79.82,79.88,79.69,79.74,356
1785757200,79.74,79.74,79.45,79.52,562
1785757500,79.53,79.65,79.25,79.29,844
1785757800,79.28,79.38,79.18,79.27,1141
1785758100,79.26,79.31,79,79.04,802
1785758400,79.04,79.17,78.97,79,1380
1785758700,78.99,79.07,78.91,79,942
1785759000,79.01,79.06,78.92,78.96,716
1785759300,78.95,79.01,78.82,78.82,846
1785759600,78.84,79.15,78.83,79.13,1027
1785759900,79.13,79.21,79.01,79.12,677
1785760200,79.12,79.12,78.85,78.96,1009
1785760500,78.96,79.08,78.86,78.95,676
1785760800,78.94,79.02,78.86,78.92,487
1785761100,78.91,79.34,78.83,79.33,1500
1785761400,79.34,79.39,79.21,79.22,1355
1785761700,79.22,79.22,78.9,79.02,1337
1785762000,79.01,79.07,78.62,78.9,3116
1785762300,78.91,79.05,78.68,78.82,1739
1785762600,78.82,79.36,78.79,79.33,1864
1785762900,79.33,79.34,79.03,79.15,1764
1785763200,79.15,79.34,79.09,79.32,1153
1785763500,79.33,79.4,79.27,79.29,1352
1785763800,79.29,79.37,78.55,78.61,2451
1785764100,78.61,78.79,78.57,78.63,1765
1785764400,78.63,78.74,78.43,78.72,1717
1785764700,78.71,78.74,78.47,78.56,1167
1785765000,78.56,78.92,78.51,78.85,1437
1785765300,78.85,79.2,78.79,79.13,1573
1785765600,79.13,79.31,79.11,79.23,1962
1785765900,79.23,79.39,79.18,79.35,1560
1785766200,79.36,79.44,79.21,79.24,1412
1785766500,79.25,79.41,79.13,79.34,1053
1785766800,79.34,79.34,79.03,79.23,894
1785767100,79.22,79.26,79.11,79.23,940
1785767400,79.24,79.66,79.23,79.43,1825
1785767700,79.43,79.53,79.28,79.46,1176
1785768000,79.46,79.5,79.28,79.44,941
1785768300,79.43,79.47,79.28,79.39,834
1785768600,79.38,79.55,79.26,79.52,1653
1785768900,79.52,79.67,79.46,79.67,952
1785769200,79.67,79.89,79.66,79.79,2192
1785769500,79.78,79.81,79.4,79.41,1279
1785769800,79.42,79.57,79.41,79.54,712
1785770100,79.54,79.55,79.42,79.42,863
1785770400,79.44,79.66,79.41,79.64,1060
1785770700,79.64,80.16,79.54,80,4318
1785771000,79.99,80,79.68,79.7,1843
1785771300,79.72,79.72,79.39,79.61,1524
1785771600,79.61,79.79,79.58,79.76,1001
1785771900,79.77,79.85,79.55,79.59,873
1785772200,79.58,79.72,79.52,79.65,966
1785772500,79.67,79.77,79.64,79.64,775
1785772800,79.63,79.68,79.4,79.66,1160
1785773100,79.66,79.79,79.54,79.63,1016
1785773400,79.64,79.78,79.64,79.71,672
1785773700,79.71,79.74,79.63,79.63,561
1785774000,79.63,79.64,79.45,79.48,848
1785774300,79.47,79.66,79.27,79.48,2179
1785774600,79.47,79.72,79.41,79.61,1447
1785774900,79.6,79.9,79.57,79.81,1367
1785775200,79.81,79.85,79.7,79.72,625
1785775500,79.72,79.81,79.66,79.75,748
1785775800,79.74,79.74,79.47,79.53,927
1785776100,79.54,79.59,79.41,79.58,697
1785776400,79.58,80.01,79.56,79.95,1890
1785776700,79.95,80.06,79.91,80,1329
1785777000,80.01,80.22,80.01,80.15,2035
1785777300,80.15,80.15,79.97,80.02,957
1785777600,80.01,80.11,79.96,80,1037
1785777900,80.01,80.04,79.82,80.02,1611
1785778200,80.01,80.09,79.89,80.08,824
1785778500,80.08,80.09,80,80.06,877
1785778800,80.05,80.08,79.86,79.88,763
1785779100,79.88,80.06,79.85,79.97,746
1785779400,79.98,80.31,79.94,80.27,1418
1785779700,80.27,80.27,80,80.01,1488
1785780000,80,80.05,79.53,79.56,3115
1785780300,79.56,79.79,79.46,79.62,2244
1785780600,79.63,79.89,79.48,79.68,1537
1785780900,79.68,79.92,79.66,79.91,1050
1785781200,79.91,80.26,79.85,80.19,2851
1785781500,80.2,80.41,80.15,80.36,6699
1785781800,80.35,80.45,80.18,80.38,1950
1785782100,80.38,80.5,80.3,80.34,925
1785782400,80.33,80.44,80.23,80.41,578
1785782700,80.42,80.57,80.42,80.45,810
1785783000,80.44,80.65,80.41,80.5,756
1785783300,80.49,80.51,80.34,80.39,534
1785783600,80.39,80.4,80.26,80.34,315
1785783900,80.33,80.6,80.31,80.44,713
1785784200,80.45,80.57,80.42,80.47,422
1785784500,80.47,80.48,80.22,80.34,827
1785784800,80.33,80.43,80.25,80.4,358
1785785100,80.4,80.46,80.34,80.46,214
1785785400,80.47,80.49,80.29,80.33,360
1785785700,80.32,80.32,80.21,80.29,733
1785786000,80.29,80.3,80.2,80.27,252
1785786300,80.27,80.36,80.25,80.32,299
1785786600,80.31,80.36,80.14,80.15,660
1785786900,80.15,80.23,80.12,80.13,598
1785787200,80.15,80.24,80.09,80.17,236
1785787500,80.18,80.19,80.05,80.19,139
1785787800,80.19,80.23,80.1,80.19,172
1785788100,80.19,80.22,80.14,80.2,131
1785788400,80.2,80.21,80.11,80.12,122
1785788700,80.13,80.17,80.04,80.1,131
1785789000,80.09,80.09,79.85,79.96,378
1785789300,79.94,80.01,79.91,79.99,140
1785789600,80.01,80.02,79.92,79.96,60
1785789900,79.97,80.07,79.94,80.05,107
1785790200,80.07,80.08,79.86,80.05,228
1785790500,80.04,80.07,80,80.06,219
1785794400,80.1,80.1,79.98,80.06,110
1785794700,80.05,80.06,79.96,80.01,151
1785795000,80.02,80.03,79.95,79.95,97
1785795300,79.99,80.01,79.99,79.99,6
1785795600,79.97,79.99,79.97,79.98,15
1785795900,79.98,80.01,79.97,80,64
1785796200,80,80.07,79.99,80.04,306
1785796500,80.05,80.07,80.03,80.04,34
1785796800,80.03,80.03,79.95,79.98,38
1785797100,79.95,79.96,79.66,79.72,302
1785797400,79.72,80,79.62,79.96,435
1785797700,79.95,80.16,79.95,80.08,197
1785798000,80.1,80.17,80.05,80.17,76
1785798300,80.12,80.31,80.1,80.2,220
1785798600,80.22,80.24,80.14,80.19,58
1785798900,80.19,80.19,79.97,80,114
1785799200,80.03,80.03,79.89,79.92,60
1785799500,79.93,80,79.83,79.85,97
1785799800,79.86,79.94,79.82,79.86,67
1785800100,79.88,80.02,79.88,79.98,86
1785800400,79.99,80.1,79.91,80.04,174
1785800700,80.06,80.28,80.06,80.26,212
1785801000,80.25,80.33,80.22,80.24,127
1785801300,80.24,80.35,80.2,80.24,139
1785801600,80.24,80.48,80.23,80.44,287
1785801900,80.43,80.72,80.4,80.57,434
1785802200,80.53,80.66,80.48,80.62,222
1785802500,80.61,80.84,80.6,80.84,331
1785802800,80.84,80.84,80.64,80.66,210
1785803100,80.66,80.7,80.5,80.65,187
1785803400,80.65,80.77,80.59,80.74,188
1785803700,80.74,80.76,80.62,80.72,137
1785804000,80.72,80.86,80.68,80.7,197
1785804300,80.7,80.77,80.67,80.76,180
1785804600,80.75,80.96,80.72,80.87,477
1785804900,80.85,81.18,80.84,81.01,1086
1785805200,81.02,81.22,80.86,80.92,530
1785805500,80.89,81.09,80.82,80.88,277
1785805800,80.87,80.89,80.75,80.79,130
1785806100,80.77,80.85,80.72,80.76,125
1785806400,80.75,80.81,80.65,80.8,210
1785806700,80.8,80.88,80.77,80.86,193
1785807000,80.88,80.95,80.75,80.8,156
1785807300,80.79,81.05,80.78,81.03,197
1785807600,81.02,81.05,80.9,80.99,298
1785807900,80.99,81.05,80.98,81,256
1785808200,80.98,81.06,80.94,81,86
1785808500,81.02,81.09,80.96,80.98,258
1785808800,80.99,80.99,80.81,80.84,174
1785809100,80.85,81.07,80.78,81,170
1785809400,81.02,81.08,80.99,81.05,107
1785809700,81.05,81.05,80.88,80.94,117
1785810000,80.96,81.08,80.96,81.03,100
1785810300,81.02,81.08,80.99,81.05,84
1785810600,81.03,81.2,81,81.19,324
1785810900,81.18,81.27,81.05,81.08,415
1785811200,81.08,81.21,81.07,81.12,75
1785811500,81.11,81.16,81.08,81.12,47
1785811800,81.11,81.15,81.08,81.12,66
1785812100,81.12,81.2,81.09,81.18,98
1785812400,81.15,81.25,81.13,81.2,255
1785812700,81.21,81.27,81.11,81.26,279
1785813000,81.27,81.28,81.07,81.07,269
1785813300,81.07,81.15,81,81.09,198
1785813600,81.1,81.12,81.06,81.1,42
1785813900,81.08,81.1,80.95,80.97,161
1785814200,80.95,80.96,80.86,80.9,198
1785814500,80.9,81.09,80.9,81.07,89
1785814800,81.07,81.21,81.05,81.16,163
1785815100,81.15,81.18,81.04,81.07,148
1785815400,81.08,81.12,81.03,81.08,70
1785815700,81.08,81.25,81.08,81.18,91
1785816000,81.19,81.2,81.07,81.11,101
1785816300,81.12,81.24,81.11,81.18,80
1785816600,81.15,81.24,81.15,81.24,37
1785816900,81.23,81.27,81.16,81.21,261
1785817200,81.2,81.2,81.12,81.14,48
1785817500,81.15,81.15,81.07,81.07,58
1785817800,81.08,81.16,81.06,81.16,48
1785818100,81.17,81.19,81.14,81.17,53
1785818400,81.15,81.27,81.14,81.25,83
1785818700,81.23,81.3,81.2,81.23,162
1785819000,81.21,81.29,81.2,81.26,48
1785819300,81.26,81.29,81.21,81.23,49
1785819600,81.22,81.35,81.21,81.23,169
1785819900,81.21,81.27,81.17,81.24,66
1785820200,81.28,81.44,81.28,81.31,186
1785820500,81.29,81.36,81.26,81.26,121
1785820800,81.26,81.31,81.24,81.27,52
1785821100,81.28,81.36,81.26,81.31,137
1785821400,81.34,81.44,81.32,81.43,145
1785821700,81.43,81.45,81.23,81.3,143
1785822000,81.27,81.29,81.11,81.28,216
1785822300,81.3,81.37,81.22,81.23,142
1785822600,81.24,81.24,80.97,81.02,258
1785822900,81.03,81.04,80.87,80.9,396
1785823200,80.88,81.08,80.85,80.92,348
1785823500,80.9,80.96,80.84,80.88,184
1785823800,80.85,80.93,80.73,80.75,282
1785824100,80.75,80.96,80.74,80.95,236
1785824400,80.96,81.04,80.91,81,234
1785824700,81.01,81.03,80.75,80.82,242
1785825000,80.81,80.95,80.75,80.95,173
1785825300,80.93,80.98,80.86,80.87,147
1785825600,80.87,80.91,80.65,80.65,361
1785825900,80.67,80.83,80.65,80.69,391
1785826200,80.69,80.77,80.68,80.69,175
1785826500,80.68,80.7,80.41,80.45,433
1785826800,80.44,80.55,80.21,80.4,1138
1785827100,80.4,80.53,80.35,80.47,401
1785827400,80.46,80.71,80.45,80.62,348
1785827700,80.64,80.7,80.47,80.51,424
1785828000,80.49,80.86,80.49,80.79,390
1785828300,80.78,81.02,80.78,80.96,360
1785828600,80.97,81.04,80.74,80.93,510
1785828900,80.92,80.95,80.8,80.83,227
1785829200,80.8,80.94,80.74,80.89,265
1785829500,80.9,80.95,80.78,80.79,178
1785829800,80.8,80.9,80.74,80.83,743
1785830100,80.82,80.84,80.69,80.74,256
1785830400,80.77,80.81,80.45,80.64,469
1785830700,80.63,80.97,80.56,80.87,380
1785831000,80.89,80.93,80.76,80.77,225
1785831300,80.77,80.9,80.73,80.74,353
1785831600,80.74,80.97,80.74,80.8,449
1785831900,80.8,80.93,80.75,80.77,643
1785832200,80.78,81.37,80.78,81.33,1376
1785832500,81.33,81.54,81.21,81.37,1118
1785832800,81.36,81.76,81.28,81.65,1148
1785833100,81.66,81.93,81.65,81.89,1192
1785833400,81.89,82.25,81.82,82.22,1344
1785833700,82.23,82.28,82.06,82.1,750
1785834000,82.12,82.19,82.03,82.08,578
1785834300,82.09,82.32,82.06,82.12,779
1785834600,82.12,82.25,82.11,82.22,295
1785834900,82.23,82.25,82.08,82.09,599
1785835200,82.09,82.3,82.05,82.17,578
1785835500,82.18,82.29,82.03,82.05,896
1785835800,82.06,82.2,81.86,81.91,855
1785836100,81.9,81.94,81.71,81.77,1024
1785836400,81.76,82.07,81.71,82.07,531
1785836700,82.05,82.26,82.03,82.08,1193
1785837000,82.09,82.33,82.09,82.26,556
1785837300,82.26,82.3,81.85,81.85,639
1785837600,81.83,81.9,81.67,81.74,590
1785837900,81.73,81.77,81.56,81.67,744
1785838200,81.66,81.86,81.49,81.83,693
1785838500,81.82,81.99,81.69,81.75,610
1785838800,81.75,81.91,81.67,81.86,498
1785839100,81.85,82.02,81.82,81.99,373
1785839400,81.97,81.97,81.71,81.79,304
1785839700,81.82,81.89,81.71,81.83,277
1785840000,81.83,81.89,81.27,81.52,1539
1785840300,81.53,81.53,80.52,80.93,3987
1785840600,80.92,81.12,80.68,80.91,1844
1785840900,80.93,80.95,80.67,80.83,1197
1785841200,80.83,80.96,80.52,80.63,1458
1785841500,80.62,80.87,80.3,80.36,1254
1785841800,80.36,80.41,80.06,80.23,1862
1785842100,80.23,80.29,79.85,79.9,1158
1785842400,79.9,80.09,79.79,79.99,1358
1785842700,79.98,80,79.62,79.65,1104
1785843000,79.63,79.94,79.63,79.87,859
1785843300,79.88,79.99,79.4,79.48,2015
1785843600,79.48,79.61,78.5,78.55,3680
1785843900,78.55,78.78,77.89,78.03,5582
1785844200,78.02,78.26,77.07,77.26,7820
1785844500,77.27,77.35,76.58,76.67,4310
1785844800,76.67,77.48,76.66,77.41,4614
1785845100,77.4,77.85,77.37,77.59,4203
1785845400,77.59,78.02,77.58,77.97,1501
1785845700,77.96,78.12,77.68,77.75,2705
1785846000,77.75,78.04,77.69,77.99,1359
1785846300,77.99,78.05,77.85,77.9,953
1785846600,77.88,77.98,77.7,77.73,1268
1785846900,77.73,77.94,77.68,77.86,907
1785847200,77.85,78.08,77.8,77.93,1061
1785847500,77.93,78,77.73,77.79,800
1785847800,77.78,77.78,77.4,77.42,1474
1785848100,77.44,77.53,77.22,77.51,1651
1785848400,77.49,77.81,77.4,77.73,2961
1785848700,77.71,77.81,77.48,77.62,956
1785849000,77.61,77.86,77.48,77.49,840
1785849300,77.5,77.67,77.48,77.54,583
1785849600,77.53,77.59,76.48,76.69,7965
1785849900,76.69,76.7,76.25,76.46,4335
1785850200,76.47,76.61,76.03,76.54,4840
1785850500,76.53,76.54,75.95,75.99,2906
1785850800,75.98,76.5,75.97,76.34,2284
1785851100,76.36,76.41,76.11,76.18,1985
1785851400,76.17,76.23,75.94,75.97,2220
1785851700,75.96,76.06,75.77,75.97,2073
1785852000,75.98,76.32,75.97,76.24,3578
1785852300,76.24,76.4,75.97,76.01,1221
1785852600,76.01,76.09,75.79,75.99,1701
1785852900,75.99,76.22,75.88,76.12,1178
1785853200,76.1,76.27,75.96,76.14,1165
1785853500,76.14,76.47,76.09,76.46,1549
1785853800,76.47,76.85,76.45,76.62,4273
1785854100,76.61,76.8,76.13,76.68,2819
1785854400,76.69,76.88,76.59,76.83,1013
1785854700,76.83,76.86,76.62,76.69,865
1785855000,76.71,76.89,76.59,76.89,1369
1785855300,76.87,77.02,76.81,76.9,987
1785855600,76.91,77.06,76.83,76.96,1461
1785855900,76.96,77.05,76.83,76.87,1578
1785856200,76.86,76.96,76.72,76.87,1042
1785856500,76.86,76.86,76.58,76.61,827
1785856800,76.62,76.7,76.46,76.51,1198
1785857100,76.5,76.66,76.29,76.31,1846
1785857400,76.31,76.4,75.94,75.97,3753
1785857700,75.97,76.07,75.16,75.61,6067
1785858000,75.6,75.66,75.33,75.36,3072
1785858300,75.35,75.82,75.29,75.82,2529
1785858600,75.82,75.85,75.59,75.59,1569
1785858900,75.6,75.74,75.51,75.74,1170
1785859200,75.74,75.98,75.7,75.96,1466
1785859500,75.95,76.07,75.9,75.93,1343
1785859800,75.94,76.21,75.93,76.19,1157
1785860100,76.19,76.27,76.09,76.12,1180
1785860400,76.1,76.1,75.88,75.96,1157
1785860700,75.93,76.03,75.92,76.02,618
1785861000,76.03,76.23,76.02,76.19,809
1785861300,76.2,76.29,76.08,76.14,621
1785861600,76.14,76.25,76.08,76.1,474
1785861900,76.09,76.28,76.07,76.26,750
1785862200,76.27,76.32,76.13,76.16,491
1785862500,76.17,76.21,76.01,76.2,841
1785862800,76.2,76.27,75.99,76.03,802
1785863100,76.04,76.07,75.97,76.02,460
1785863400,76.03,76.04,75.58,75.6,1801
1785863700,75.6,75.95,75.6,75.93,1572
1785864000,75.93,76,75.84,75.87,710
1785864300,75.88,75.95,75.84,75.94,784
1785864600,75.94,76,75.68,75.69,749
1785864900,75.68,75.77,75.59,75.66,625
1785865200,75.65,75.7,75.57,75.62,657
1785865500,75.63,75.77,75.61,75.72,877
1785865800,75.72,75.91,75.68,75.78,1084
1785866100,75.78,75.89,75.66,75.89,743
1785866400,75.89,75.98,75.84,75.88,1028
1785866700,75.87,75.95,75.68,75.79,1520
1785867000,75.79,75.98,75.7,75.71,816
1785867300,75.72,75.84,75.59,75.68,944
1785867600,75.66,75.77,75.54,75.66,1718
1785867900,75.66,75.86,75.65,75.73,5686
1785868200,75.73,75.84,75.63,75.81,1221
1785868500,75.81,75.91,75.77,75.89,638
1785868800,75.9,75.92,75.81,75.82,329
1785869100,75.82,75.86,75.78,75.82,362
1785869400,75.81,75.83,75.74,75.79,339
1785869700,75.79,75.84,75.77,75.8,267
1785870000,75.79,75.86,75.68,75.83,654
1785870300,75.82,75.89,75.8,75.82,355
1785870600,75.82,75.86,75.79,75.81,181
1785870900,75.82,75.88,75.81,75.86,327
1785871200,75.86,75.9,75.78,75.8,195
1785871500,75.8,75.83,75.74,75.74,254
1785871800,75.73,75.78,75.71,75.74,171
1785872100,75.74,75.75,75.66,75.75,325
1785872400,75.75,75.8,75.7,75.8,301
1785872700,75.81,75.94,75.79,75.86,490
1785873000,75.88,76.01,75.85,75.89,397
1785873300,75.88,75.9,75.74,75.79,412
1785873600,75.79,75.84,75.62,75.65,316
1785873900,75.64,75.75,75.62,75.62,442
1785874200,75.61,75.62,75.24,75.37,939
1785874500,75.38,75.39,75.19,75.36,236
1785874800,75.38,75.4,75.28,75.32,160
1785875100,75.31,75.41,75.21,75.41,400
1785875400,75.39,75.64,75.31,75.34,458
1785875700,75.33,75.43,75.26,75.42,161
1785876000,75.4,75.4,75.22,75.23,352
1785876300,75.25,75.42,75.24,75.37,313
1785876600,75.4,75.42,75.31,75.36,149
1785876900,75.35,75.38,75.11,75.14,1040
1785880800,75.17,75.4,75.14,75.31,154
1785881100,75.27,75.3,75.25,75.26,24
1785881400,75.27,75.36,75.26,75.32,64
1785881700,75.32,75.34,75.27,75.31,51
1785882000,75.31,75.36,75.3,75.35,38
1785882300,75.37,75.44,75.3,75.32,122
1785882600,75.32,75.32,75.25,75.25,78
1785882900,75.27,75.27,75.16,75.22,142
1785883200,75.22,75.23,75.16,75.2,280
1785883500,75.22,75.37,75.2,75.34,126
1785883800,75.32,75.4,75.3,75.39,100
1785884100,75.38,75.4,75.34,75.35,95
1785884400,75.34,75.39,75.31,75.31,84
1785884700,75.3,75.33,75.28,75.32,62
1785885000,75.33,75.35,75.26,75.26,81
1785885300,75.25,75.25,75.08,75.13,333
1785885600,75.12,75.19,75.07,75.14,71
1785885900,75.16,75.16,75.09,75.13,60
1785886200,75.14,75.26,75.14,75.24,62
1785886500,75.24,75.25,75.13,75.15,79
1785886800,75.15,75.2,75.09,75.2,119
1785887100,75.21,75.23,75.18,75.23,27
1785887400,75.21,75.27,75.19,75.24,73
1785887700,75.25,75.3,75.2,75.23,158
1785888000,75.22,75.33,74.93,74.98,796
1785888300,74.98,75.18,74.3,75.11,1519
1785888600,75.13,75.29,75.07,75.16,335
1785888900,75.18,75.39,75.14,75.33,406
1785889200,75.34,75.42,75.28,75.38,157
1785889500,75.38,75.41,75.3,75.38,136
1785889800,75.39,75.42,75.29,75.38,168
1785890100,75.39,75.45,75.34,75.35,146
1785890400,75.34,75.43,75.3,75.41,194
1785890700,75.41,75.5,75.38,75.41,272
1785891000,75.42,75.45,75.32,75.41,268
1785891300,75.42,75.47,75.37,75.39,271
1785891600,75.38,75.89,75.38,75.87,984
1785891900,75.85,75.92,75.82,75.84,399
1785892200,75.87,75.98,75.82,75.82,520
1785892500,75.82,75.96,75.81,75.95,213
1785892800,75.94,76.03,75.86,75.95,190
1785893100,75.94,76.03,75.93,76,182
1785893400,75.99,76.06,75.94,76.04,243
1785893700,76.01,76.03,75.88,75.91,173
1785894000,75.88,75.96,75.88,75.93,62
1785894300,75.93,75.98,75.84,75.86,261
1785894600,75.85,75.93,75.84,75.9,68
1785894900,75.91,76.05,75.89,75.98,162
1785895200,75.96,76.03,75.42,75.6,1159
1785895500,75.59,75.59,75.16,75.25,924
1785895800,75.22,75.31,75.15,75.19,309
1785896100,75.16,75.34,75.13,75.28,291
1785896400,75.26,75.26,74.89,74.97,738
1785896700,74.96,74.99,74.74,74.88,526
1785897000,74.87,74.92,74.41,74.43,918
1785897300,74.46,74.58,74.36,74.39,595
1785897600,74.39,74.41,74.24,74.3,871
1785897900,74.29,74.58,74.29,74.52,581
1785898200,74.49,74.68,74.44,74.67,260
1785898500,74.67,74.77,74.59,74.74,327
1785898800,74.73,74.77,74.69,74.71,229
1785899100,74.71,74.75,74.52,74.56,319
1785899400,74.58,74.63,74.52,74.58,207
1785899700,74.58,74.6,74.45,74.48,177
1785900000,74.48,74.62,74.46,74.61,204
1785900300,74.61,74.72,74.5,74.72,235
1785900600,74.7,74.85,74.69,74.75,401
1785900900,74.76,74.78,74.48,74.54,268
1785901200,74.53,74.71,74.45,74.63,393
1785901500,74.63,74.73,74.6,74.68,109
1785901800,74.67,74.72,74.63,74.72,74
1785902100,74.73,74.75,74.53,74.56,194
1785902400,74.57,74.65,74.5,74.62,134
1785902700,74.63,74.75,74.58,74.59,218
1785903000,74.61,74.88,74.59,74.87,332
1785903300,74.85,75.05,74.85,74.99,422
1785903600,74.99,75.09,74.99,75.01,171
1785903900,75.02,75.02,74.89,74.97,156
1785904200,74.97,74.98,74.91,74.98,112
1785904500,74.97,75.21,74.97,75.19,394
1785904800,75.18,75.24,75.13,75.17,201
1785905100,75.17,75.23,75.15,75.21,72
1785905400,75.2,75.23,75.13,75.16,134
1785905700,75.2,75.29,75.15,75.15,137
1785906000,75.17,75.33,75.1,75.29,165
1785906300,75.29,75.33,75.17,75.23,163
1785906600,75.21,75.27,75.2,75.24,89
1785906900,75.22,75.29,75.13,75.23,190
1785907200,75.23,75.29,75.17,75.23,156
1785907500,75.22,75.24,75.07,75.22,227
1785907800,75.22,75.23,74.82,74.9,489
1785908100,74.88,74.92,74.75,74.88,322
1785908400,74.88,75.09,74.88,75,159
1785908700,75.03,75.05,74.91,74.99,150
1785909000,75.03,75.14,74.9,75,199
1785909300,74.98,75.08,74.82,75.04,364
1785909600,75.06,75.24,74.97,75.16,302
1785909900,75.18,75.42,75.18,75.18,443
1785910200,75.19,75.3,75.12,75.23,265
1785910500,75.24,75.3,75.16,75.22,261
1785910800,75.2,75.22,74.94,74.99,312
1785911100,74.99,75.25,74.97,75.18,259
1785911400,75.17,75.48,75.15,75.36,419
1785911700,75.35,75.46,75.33,75.41,204
1785912000,75.41,75.43,75.14,75.19,244
1785912300,75.19,75.35,75.14,75.28,351
1785912600,75.28,75.3,75.02,75.14,474
1785912900,75.16,75.18,75,75.02,421
1785913200,75.03,75.29,74.88,75.2,1206
1785913500,75.21,75.57,75.18,75.47,929
1785913800,75.47,75.88,75.47,75.77,1050
1785914100,75.76,75.94,75.6,75.91,805
1785914400,75.91,75.99,75.76,75.93,568
1785914700,75.91,76.14,75.87,76.11,915
1785915000,76.1,76.28,76.04,76.2,1124
1785915300,76.21,76.22,76.03,76.13,613
1785915600,76.13,76.13,75.92,76.03,955
1785915900,76.01,76.06,75.86,76.01,756
1785916200,76.04,76.21,75.99,76.18,489
1785916500,76.18,76.19,76,76.01,514
1785916800,76.01,76.08,75.9,76.06,532
1785917100,76.08,76.14,75.75,75.79,1062
1785917400,75.8,76.32,75.8,76.26,1249
1785917700,76.26,76.26,75.96,76.06,576
1785918000,76.08,76.3,76.06,76.14,888
1785918300,76.16,76.16,75.88,76.02,1132
1785918600,76.02,76.23,75.85,76.17,767
1785918900,76.18,76.35,76.11,76.23,781
1785919200,76.24,76.26,75.92,76.16,838
1785919500,76.16,76.39,76.07,76.28,718
1785919800,76.27,76.39,76.15,76.25,300
1785920100,76.26,76.35,76.19,76.24,317
1785920400,76.21,76.29,76.11,76.2,455
1785920700,76.2,76.2,75.94,76.07,536
1785921000,76.06,76.13,75.88,75.89,475
1785921300,75.9,76.1,75.84,76.08,370
1785921600,76.09,76.37,76.07,76.31,633
1785921900,76.34,76.4,76.19,76.28,471
1785922200,76.26,76.28,76.12,76.15,219
1785922500,76.17,76.31,76.12,76.29,390
1785922800,76.28,76.38,76.2,76.23,302
1785923100,76.23,76.43,76.18,76.36,410
1785923400,76.37,76.5,76.36,76.48,314
1785923700,76.47,76.55,76.41,76.51,477
1785924000,76.52,76.62,76.46,76.6,337
1785924300,76.56,76.65,76.45,76.5,297
1785924600,76.51,76.65,76.46,76.47,482
1785924900,76.46,76.59,76.33,76.56,355
1785925200,76.58,76.7,76.52,76.66,541
1785925500,76.67,76.68,76.52,76.64,567
1785925800,76.64,76.68,76.4,76.4,483
1785926100,76.42,76.43,76.28,76.3,497
1785926400,76.31,76.49,76.27,76.43,374
1785926700,76.42,76.51,76.3,76.51,289
1785927000,76.53,76.55,76.44,76.51,253
1785927300,76.49,76.51,76.14,76.23,507
1785927600,76.24,76.39,76.21,76.29,496
1785927900,76.3,76.32,76.09,76.1,324
1785928200,76.11,76.19,76,76.04,629
1785928500,76.05,76.17,75.98,76.06,492
1785928800,76.07,76.28,76.05,76.25,337
1785929100,76.27,76.3,76.1,76.2,230
1785929400,76.2,76.23,75.96,76.02,327
1785929700,76.03,76.03,75.81,75.96,629
1785930000,75.96,76.12,75.91,75.95,1194
1785930300,75.94,76.19,75.93,76.18,857
1785930600,76.16,76.21,75.9,76.05,753
1785930900,76.06,76.14,75.98,76.06,312
1785931200,76.05,76.27,76.05,76.18,677
1785931500,76.19,76.22,76.01,76.13,443
1785931800,76.12,76.17,75.88,75.91,866
1785932100,75.91,76.03,75.8,75.98,740
1785932400,75.98,76.12,75.96,76,373
1785932700,76,76.38,75.94,76.37,1992
1785933000,76.36,76.6,76.25,76.28,1167
1785933300,76.26,76.45,76.25,76.39,568
1785933600,76.38,76.4,76.21,76.25,482
1785933900,76.24,76.32,76.06,76.09,337
1785934200,76.09,76.34,76.06,76.27,549
1785934500,76.28,76.55,76.27,76.54,1315
1785934800,76.52,76.54,75.82,75.83,2315
1785935100,75.83,75.97,75.69,75.86,1256
1785935400,75.87,76.04,75.81,75.81,836
1785935700,75.83,76.02,75.78,75.8,777
1785936000,75.81,75.9,75.72,75.84,647
1785936300,75.84,75.89,75.67,75.85,771
1785936600,75.84,75.88,75.57,75.58,1246
1785936900,75.6,75.73,74.95,75.22,2076
1785937200,75.25,75.49,75.08,75.44,3705
1785937500,75.46,75.55,75.27,75.42,1578
1785937800,75.43,75.65,75.28,75.29,1653
1785938100,75.29,75.55,75.25,75.5,1816
1785938400,75.51,75.58,75.08,75.34,2868
1785938700,75.3,75.3,74.65,74.97,4739
1785939000,74.98,75.22,74.88,74.99,1840
1785939300,74.99,75.18,74.91,75.05,1563
1785939600,75.04,75.11,74.82,74.82,1076
1785939900,74.83,75.03,74.81,74.96,1255
1785940200,74.98,75.15,74.79,74.92,1891
1785940500,74.91,75.11,74.89,75,904
1785940800,75,75.1,74.94,75.02,1404
1785941100,75.02,75.36,75.02,75.18,1527
1785941400,75.17,75.25,74.98,75.13,1025
1785941700,75.13,75.2,74.99,75.14,685
1785942000,75.15,75.17,74.53,74.86,4047
1785942300,74.86,75.45,74.81,75.32,1827
1785942600,75.33,75.57,75.22,75.54,1076
1785942900,75.54,75.82,75.52,75.65,2462
1785943200,75.66,75.66,75.27,75.36,1573
1785943500,75.36,75.45,75.01,75.17,1908
1785943800,75.17,75.37,75.08,75.32,1273
1785944100,75.32,75.33,75.1,75.12,801
1785944400,75.13,75.33,75.06,75.24,774
1785944700,75.24,75.6,75.24,75.45,1941
1785945000,75.45,75.63,75.29,75.57,743
1785945300,75.57,75.62,75.42,75.6,745
1785945600,75.61,75.78,75.61,75.75,823
1785945900,75.74,75.75,75.54,75.58,534
1785946200,75.58,75.61,75.45,75.57,525
1785946500,75.57,75.75,75.55,75.67,516
1785946800,75.69,75.71,75.57,75.65,438
1785947100,75.63,75.76,75.58,75.64,566
1785947400,75.64,75.66,75.5,75.59,551
1785947700,75.58,75.69,75.49,75.54,409
1785948000,75.52,75.52,75.16,75.2,1293
1785948300,75.21,75.33,75.03,75.07,787
1785948600,75.08,75.08,74.72,74.88,1824
1785948900,74.87,75.03,74.84,74.91,1155
1785949200,74.9,75.02,74.84,74.91,1280
1785949500,74.91,74.94,74.71,74.82,1286
1785949800,74.82,74.85,74.61,74.69,1112
1785950100,74.68,74.7,74.45,74.53,1461
1785950400,74.54,74.61,74.46,74.57,544
1785950700,74.57,74.64,74.49,74.53,1126
1785951000,74.52,74.63,74.45,74.46,863
1785951300,74.47,74.7,74.47,74.58,829
1785951600,74.58,74.75,74.56,74.63,888
1785951900,74.63,74.68,74.57,74.64,506
1785952200,74.64,74.74,74.58,74.71,964
1785952500,74.71,74.89,74.69,74.87,767
1785952800,74.88,75.08,74.85,75.07,1288
1785953100,75.08,75.18,74.99,75.1,867
1785953400,75.09,75.28,75.07,75.26,705
1785953700,75.26,75.37,75.12,75.34,864
1785954000,75.34,75.41,75.27,75.29,1066
1785954300,75.29,75.3,75.13,75.18,6055
1785954600,75.18,75.43,75.17,75.36,974
1785954900,75.36,75.36,75.24,75.29,584
1785955200,75.28,75.34,75.21,75.24,398
1785955500,75.23,75.25,75.13,75.16,410
1785955800,75.17,75.19,75.05,75.08,352
1785956100,75.08,75.33,75.07,75.33,286
1785956400,75.32,75.38,75.23,75.23,211
1785956700,75.24,75.24,75.16,75.19,156
1785957000,75.19,75.19,75.12,75.15,205
1785957300,75.15,75.28,75.15,75.26,302
1785957600,75.24,75.27,75.2,75.21,172
1785957900,75.21,75.32,75.2,75.26,324
1785958200,75.26,75.27,75.21,75.24,129
1785958500,75.25,75.26,75.16,75.2,111
1785958800,75.22,75.25,75.13,75.13,143
1785959100,75.14,75.17,75.11,75.12,168
1785959400,75.11,75.13,75.01,75.09,375
1785959700,75.09,75.18,75.04,75.18,351
1785960000,75.16,75.16,74.93,74.98,385
1785960300,74.98,74.99,74.88,74.93,300
1785960600,74.93,75.01,74.87,75,131
1785960900,75.01,75.1,75.01,75.07,53
1785961200,75.05,75.1,75.01,75.03,120
1785961500,75.01,75.08,74.98,75.08,164
1785961800,75.11,75.13,74.96,74.96,124
1785962100,74.95,74.97,74.92,74.96,127
1785962400,74.99,75.04,74.96,75,136
1785962700,75,75.07,74.98,75.07,96
1785963000,75.04,75.05,74.95,75.03,275
1785963300,75.04,75.09,75.02,75.08,138
1785967200,75.14,75.27,74.89,75.05,149
1785967500,75.03,75.14,75.03,75.13,46
1785967800,75.12,75.21,75.11,75.13,146
1785968100,75.12,75.16,75.05,75.12,70
1785968400,75.13,75.15,75.12,75.12,48
1785968700,75.14,75.2,75.08,75.1,101
1785969000,75.09,75.18,75.05,75.1,63
1785969300,75.1,75.1,75.04,75.05,41
1785969600,75.05,75.08,75.04,75.05,28
1785969900,75.04,75.08,75.03,75.04,31
1785970200,75.05,75.06,75.02,75.03,21
1785970500,75.04,75.1,75.04,75.05,24
1785970800,75.04,75.08,75.04,75.08,19
1785971100,75.09,75.1,75.06,75.06,26
1785971400,75.05,75.05,74.96,74.98,55
1785971700,74.98,75.03,74.91,75.03,93
1785972000,75.01,75.01,74.98,75.01,25
1785972300,75.01,75.07,75.01,75.05,34
1785972600,75.04,75.05,74.98,75.01,26
1785972900,74.99,75.03,74.98,75,16
1785973200,75.03,75.04,74.99,74.99,13
1785973500,75.01,75.03,74.98,75.02,20
1785973800,75.01,75.03,74.95,74.95,32
1785974100,74.95,74.97,74.84,74.87,147
1785974400,74.89,75.03,74.84,74.96,209
1785974700,74.95,74.95,74.84,74.87,68
1785975000,74.87,74.9,74.75,74.78,103
1785975300,74.75,74.79,74.7,74.79,83
1785975600,74.78,74.79,74.64,74.69,146
1785975900,74.69,75,74.69,75,314
1785976200,74.96,75.16,74.91,74.94,333
1785976500,74.93,74.98,74.9,74.96,67
1785976800,74.95,75.03,74.91,75.02,75
1785977100,75,75,74.91,74.95,107
1785977400,74.92,74.97,74.81,74.88,234
1785977700,74.88,74.95,74.74,74.95,262
1785978000,74.95,75.28,74.91,75.09,758
1785978300,75.07,75.21,75.07,75.16,180
1785978600,75.16,75.55,75.16,75.47,887
1785978900,75.44,75.87,75.39,75.69,708
1785979200,75.7,75.79,75.56,75.78,494
1785979500,75.77,76.04,75.7,75.72,719
1785979800,75.72,75.88,75.7,75.86,291
1785980100,75.86,75.87,75.71,75.74,262
1785980400,75.75,75.84,75.7,75.74,379
1785980700,75.74,75.89,75.73,75.78,265
1785981000,75.78,75.78,75.61,75.72,283
1785981300,75.72,75.8,75.64,75.76,287
1785981600,75.73,75.8,75.72,75.76,163
1785981900,75.75,75.79,75.49,75.54,278
1785982200,75.55,75.7,75.55,75.6,145
1785982500,75.58,75.65,75.47,75.51,82
1785982800,75.5,75.59,75.49,75.51,119
1785983100,75.5,75.52,75.43,75.48,135
1785983400,75.51,75.69,75.49,75.63,216
1785983700,75.64,75.68,75.55,75.56,73
1785984000,75.56,75.58,75.49,75.54,89
1785984300,75.51,75.57,75.42,75.53,165
1785984600,75.55,75.61,75.48,75.52,68
1785984900,75.49,75.54,75.48,75.48,91
1785985200,75.46,75.47,75.41,75.41,101
1785985500,75.44,75.47,75.37,75.41,79
1785985800,75.41,75.52,75.38,75.48,83
1785986100,75.49,75.49,75.43,75.45,70
1785986400,75.48,75.56,75.48,75.5,82
1785986700,75.48,75.48,75.18,75.24,398
1785987000,75.24,75.25,74.91,74.93,406
1785987300,74.94,75.03,74.92,74.98,179
1785987600,74.96,75.02,74.96,75.01,71
1785987900,75.01,75.08,74.97,74.99,107
1785988200,75,75.1,75,75.06,223
1785988500,75.07,75.08,74.91,74.91,125
1785988800,74.9,74.95,74.82,74.83,374
1785989100,74.83,74.9,74.8,74.86,105
1785989400,74.87,74.88,74.74,74.81,141
1785989700,74.81,74.85,74.77,74.78,72
1785990000,74.77,74.81,74.69,74.76,122
1785990300,74.76,74.79,74.72,74.75,96
1785990600,74.75,74.77,74.61,74.73,437
1785990900,74.73,74.8,74.69,74.71,189
1785991200,74.7,74.81,74.66,74.8,154
1785991500,74.79,74.83,74.72,74.77,114
1785991800,74.76,74.79,74.72,74.78,85
1785992100,74.78,74.84,74.77,74.81,138
1785992400,74.81,74.97,74.81,74.94,215
1785992700,74.94,74.96,74.89,74.92,99
1785993000,74.92,74.93,74.8,74.82,114
1785993300,74.82,74.82,74.7,74.73,93
1785993600,74.72,74.79,74.71,74.74,56
1785993900,74.74,74.78,74.63,74.66,253
1785994200,74.65,74.8,74.57,74.8,345
1785994500,74.8,74.95,74.77,74.84,403
1785994800,74.83,74.92,74.78,74.89,116
1785995100,74.88,74.92,74.85,74.85,148
1785995400,74.9,74.92,74.84,74.86,96
1785995700,74.85,74.92,74.84,74.87,128
1785996000,74.89,75.17,74.84,75.13,381
1785996300,75.1,75.16,74.99,75.12,223
1785996600,75.13,75.48,75.13,75.42,405
1785996900,75.4,75.48,75.22,75.22,406
1785997200,75.24,75.44,75.24,75.4,193
1785997500,75.39,75.42,75.24,75.24,231
1785997800,75.24,75.49,75.22,75.4,289
1785998100,75.4,75.63,75.33,75.56,371
1785998400,75.57,75.63,75.47,75.48,251
1785998700,75.48,75.64,75.43,75.55,467
1785999000,75.54,75.58,75.3,75.43,288
1785999300,75.43,75.44,75.25,75.27,412
1785999600,75.27,75.27,75.01,75.03,577
1785999900,75.04,75.27,75.03,75.27,383
1786000200,75.28,75.44,75.23,75.26,549
1786000500,75.27,75.32,75.22,75.29,242
1786000800,75.28,75.28,75.06,75.21,313
1786001100,75.21,75.21,74.98,75.17,373
1786001400,75.17,75.23,75.07,75.15,277
1786001700,75.14,75.47,75.07,75.44,446
1786002000,75.43,75.48,75.32,75.41,248
1786002300,75.41,75.46,75.28,75.4,350
1786002600,75.4,75.53,75.36,75.49,347
1786002900,75.47,75.51,75.34,75.42,269
1786003200,75.42,75.63,75.27,75.5,604
1786003500,75.51,75.6,75.39,75.4,408
1786003800,75.4,75.66,75.36,75.66,624
1786004100,75.67,75.8,75.63,75.72,929
1786004400,75.73,75.74,75.54,75.65,529
1786004700,75.66,75.67,75.08,75.16,1470
1786005000,75.14,75.33,74.92,75.09,1270
1786005300,75.1,75.31,74.93,75.26,507
1786005600,75.28,75.3,74.99,75.08,446
1786005900,75.09,75.16,74.99,75.03,379
1786006200,75.03,75.08,74.9,74.99,399
1786006500,75.02,75.22,75.02,75.17,243
1786006800,75.17,75.43,75.11,75.39,520
1786007100,75.38,75.49,75.32,75.43,336
1786007400,75.42,75.52,75.33,75.38,324
1786007700,75.36,75.46,75.21,75.21,230
1786008000,75.21,75.23,75.12,75.13,200
1786008300,75.14,75.33,75.14,75.19,293
1786008600,75.17,75.33,75.07,75.3,255
1786008900,75.28,75.44,75.28,75.42,231
1786009200,75.41,75.44,75.38,75.39,179
1786009500,75.41,75.48,75.34,75.35,237
1786009800,75.35,75.44,75.22,75.22,148
1786010100,75.22,75.24,75.1,75.14,229
1786010400,75.15,75.25,75.12,75.22,262
1786010700,75.2,75.42,75.12,75.37,298
1786011000,75.36,75.66,75.35,75.57,588
1786011300,75.59,75.64,75.49,75.62,307
1786011600,75.62,75.96,75.62,75.81,1046
1786011900,75.82,75.85,75.67,75.75,393
1786012200,75.75,75.84,75.71,75.82,332
1786012500,75.82,75.92,75.78,75.8,392
1786012800,75.79,75.94,75.77,75.92,329
1786013100,75.91,75.98,75.8,75.93,443
1786013400,75.94,76.05,75.93,75.99,861
1786013700,76,76.01,75.87,75.89,300
1786014000,75.88,75.93,75.75,75.82,526
1786014300,75.82,76,75.8,75.93,313
1786014600,75.95,76,75.88,75.92,342
1786014900,75.92,75.99,75.85,75.85,177
1786015200,75.86,75.95,75.84,75.93,209
1786015500,75.92,75.98,75.84,75.85,201
1786015800,75.84,75.91,75.8,75.83,173
1786016100,75.81,75.89,75.78,75.83,287
1786016400,75.83,75.83,75.76,75.78,192
1786016700,75.78,75.96,75.76,75.87,452
1786017000,75.87,76.23,75.87,76.2,1081
1786017300,76.2,76.23,75.68,75.69,1135
1786017600,75.69,75.86,75.61,75.74,426
1786017900,75.73,76.17,75.71,76.05,1262
1786018200,76.03,76.11,75.86,75.87,598
1786018500,75.86,76.12,75.81,76.08,644
1786018800,76.07,76.23,76.04,76.22,996
1786019100,76.22,76.33,76.16,76.21,1161
1786019400,76.22,76.31,76.14,76.24,829
1786019700,76.25,76.4,76.2,76.39,622
1786020000,76.4,76.43,76.29,76.29,669
1786020300,76.28,76.36,76.11,76.21,633
1786020600,76.22,76.34,76.22,76.31,505
1786020900,76.29,76.3,76.18,76.22,534
1786021200,76.22,76.46,76.16,76.34,1691
1786021500,76.34,76.84,76.28,76.59,3173
1786021800,76.59,76.73,76.57,76.64,1048
1786022100,76.64,76.64,76.36,76.43,1387
1786022400,76.43,76.44,76.18,76.21,1451
1786022700,76.2,76.27,76.13,76.2,762
1786023000,76.21,76.29,76.06,76.22,1176
1786023300,76.21,76.26,76.12,76.25,557
1786023600,76.24,76.26,75.95,75.99,975
1786023900,75.99,76.26,75.98,76.24,684
1786024200,76.22,76.26,75.9,76.04,856
1786024500,76.05,76.13,75.99,76.12,521
1786024800,76.13,76.24,75.94,75.97,829
1786025100,75.98,76.2,75.97,76.2,403
1786025400,76.19,76.22,76.1,76.15,435
1786025700,76.16,76.28,76.13,76.23,570
1786026000,76.23,76.35,76.18,76.31,561
1786026300,76.32,76.45,76.27,76.38,863
1786026600,76.41,76.42,76.19,76.31,1090
1786026900,76.32,76.54,76.28,76.51,814
1786027200,76.51,76.52,76.33,76.43,529
1786027500,76.41,76.68,76.41,76.54,1584
1786027800,76.55,76.76,76.55,76.65,903
1786028100,76.65,76.67,76.56,76.58,480
1786028400,76.59,76.79,76.51,76.69,1005
1786028700,76.71,76.78,76.57,76.61,691
1786029000,76.61,76.89,76.61,76.72,1199
1786029300,76.72,77.16,76.71,77.1,2152
1786029600,77.11,77.19,77.02,77.14,1164
1786029900,77.13,77.16,76.73,76.84,2050
1786030200,76.84,77.03,76.77,77.03,2120
1786030500,77.03,77.1,76.89,76.94,783
1786030800,76.94,76.98,76.79,76.85,706
1786031100,76.84,77.02,76.83,76.99,593
1786031400,77,77.93,76.87,77.89,4997
1786031700,77.9,78.15,77.51,77.75,5694
1786032000,77.74,77.96,77.69,77.75,1597
1786032300,77.75,77.83,77.58,77.76,1559
1786032600,77.75,77.92,77.67,77.87,1020
1786032900,77.87,78.06,77.87,77.98,1728
1786033200,77.97,78.03,77.72,77.77,1539
1786033500,77.77,77.92,77.67,77.69,758
1786033800,77.7,77.8,77.63,77.71,1346
1786034100,77.71,77.85,77.6,77.81,738
1786034400,77.81,78.06,77.8,78.04,1053
1786034700,78.05,78.09,77.81,77.81,864
1786035000,77.8,78.04,77.78,77.98,1042
1786035300,77.99,78.05,77.88,77.88,619
1786035600,77.88,77.88,77.66,77.8,1036
1786035900,77.79,77.87,77.69,77.72,750
1786036200,77.73,77.86,77.66,77.75,618
1786036500,77.74,77.79,77.67,77.7,377
1786036800,77.69,77.9,77.68,77.76,662
1786037100,77.76,77.77,77.58,77.64,1391
1786037400,77.62,77.69,77.24,77.3,1997
1786037700,77.3,77.37,77.27,77.31,538
1786038000,77.29,77.39,77.24,77.35,582
1786038300,77.35,77.41,77.19,77.27,819
1786038600,77.26,77.27,77.14,77.22,729
1786038900,77.21,77.35,77.19,77.31,983
1786039200,77.31,77.49,77.16,77.17,1063
1786039500,77.18,77.27,77.11,77.18,670
1786039800,77.18,77.44,77.18,77.28,1111
1786040100,77.29,77.4,77.25,77.35,907
1786040400,77.34,77.46,77.25,77.37,933
1786040700,77.37,77.42,77.18,77.27,4086
1786041000,77.28,77.35,77.15,77.28,907
1786041300,77.27,77.34,77.21,77.3,431
1786041600,77.3,77.31,77.25,77.28,208
1786041900,77.28,77.3,77.23,77.29,192
1786042200,77.29,77.39,77.29,77.37,299
1786042500,77.36,77.44,77.35,77.4,307
1786042800,77.41,77.58,77.41,77.55,297
1786043100,77.56,77.69,77.55,77.58,507
1786043400,77.6,77.62,77.54,77.57,225
1786043700,77.59,77.62,77.52,77.55,246
1786044000,77.54,77.99,77.51,77.98,1263
1786044300,77.97,78.33,77.93,78.14,1889
1786044600,78.16,78.29,78.01,78.09,621
1786044900,78.08,78.29,78.03,78.05,552
1786045200,78.06,78.06,77.85,77.95,362
1786045500,77.95,78,77.81,77.88,352
1786045800,77.87,78.08,77.41,77.61,1924
1786046100,77.6,77.75,77.42,77.72,690
1786046400,77.68,77.76,77.61,77.71,384
1786046700,77.71,77.84,77.66,77.73,291
1786047000,77.73,77.84,77.73,77.77,193
1786047300,77.76,77.79,77.66,77.71,110
1786047600,77.7,78.04,77.7,77.97,596
1786047900,77.98,78.18,77.84,78.09,664
1786048200,78.09,78.09,77.98,78.01,219
1786048500,78.01,78.29,77.98,78.16,256
1786048800,78.18,78.21,78.04,78.18,204
1786049100,78.17,78.51,78.15,78.35,863
1786049400,78.35,78.4,78.21,78.25,152
1786049700,78.26,78.32,78.15,78.23,493
1786053600,78.17,78.21,77.8,78.12,243
1786053900,78.12,78.14,78.01,78.11,160
1786054200,78.11,78.14,78.09,78.14,81
1786054500,78.14,78.14,77.98,78.1,229
1786054800,78.11,78.14,78.06,78.06,73
1786055100,78.1,78.11,78.03,78.08,43
1786055400,78.07,78.11,78.07,78.09,28
1786055700,78.11,78.11,78.09,78.11,28
1786056000,78.12,78.15,78.11,78.11,66
1786056300,78.11,78.12,78.09,78.1,62
1786056600,78.1,78.12,78.03,78.12,88
1786056900,78.11,78.15,78.1,78.11,67
1786057200,78.12,78.13,78.06,78.09,92
1786057500,78.08,78.09,78.06,78.09,18
1786057800,78.09,78.12,78.08,78.08,20
1786058100,78.07,78.08,78.01,78.07,36
1786058400,78.08,78.11,78.07,78.11,57
1786058700,78.09,78.1,78.03,78.06,92
1786059000,78.06,78.11,78.05,78.06,73
1786059300,78.06,78.1,78.05,78.06,37
1786059600,78.06,78.1,78.05,78.08,26
1786059900,78.07,78.1,78.05,78.07,74
1786060200,78.07,78.09,78.06,78.07,34
1786060500,78.07,78.07,77.95,77.99,128
1786060800,77.98,78.16,77.9,78.14,558
1786061100,78.15,78.17,78.02,78.07,177
1786061400,78.08,78.26,78.07,78.13,266
1786061700,78.13,78.25,78.12,78.18,275
1786062000,78.18,78.26,78.13,78.24,192
1786062300,78.24,78.35,78.21,78.26,269
1786062600,78.27,78.29,78.19,78.23,118
1786062900,78.25,78.41,78.23,78.39,199
1786063200,78.38,78.42,78.19,78.23,182
1786063500,78.23,78.23,78.03,78.15,363
1786063800,78.15,78.19,78.02,78.03,138
1786064100,78.04,78.08,77.87,77.94,545
1786064400,77.94,77.97,77.73,77.92,589
1786064700,77.92,78.02,77.87,77.88,143
1786065000,77.9,77.91,77.79,77.84,82
1786065300,77.82,77.92,77.79,77.86,73
1786065600,77.86,78.03,77.84,78,112
1786065900,78,78.02,77.81,77.86,137
1786066200,77.84,77.85,77.75,77.84,94
1786066500,77.83,77.87,77.74,77.75,117
1786066800,77.76,77.92,77.76,77.81,67
1786067100,77.81,77.97,77.81,77.96,72
1786067400,77.98,78,77.93,77.94,74
1786067700,77.95,77.98,77.82,77.92,85
1786068000,77.92,78.11,77.92,78.09,184
1786068300,78.07,78.12,77.98,78.05,102
1786068600,78.03,78.06,78.01,78.03,56
1786068900,78.02,78.14,77.96,78.12,139
1786069200,78.11,78.15,78.02,78.03,55
1786069500,78.03,78.17,78.01,78.1,147
1786069800,78.11,78.19,78.09,78.16,134
1786070100,78.16,78.2,78.06,78.17,103
1786070400,78.19,78.21,78.04,78.09,91
1786070700,78.09,78.11,77.98,78.09,89
1786071000,78.08,78.1,78,78.01,43
1786071300,78.02,78.06,77.98,78,76
1786071600,78.01,78.01,77.9,77.92,80
1786071900,77.92,78.04,77.92,78.04,93
1786072200,78.05,78.11,78.05,78.1,102
1786072500,78.08,78.2,78.06,78.16,151
1786072800,78.16,78.26,78.09,78.12,217
1786073100,78.13,78.13,78.05,78.06,95
1786073400,78.06,78.1,78.01,78.06,154
1786073700,78.04,78.05,77.97,77.97,73
1786074000,77.97,78.08,77.97,78.01,86
1786074300,78.02,78.09,78,78.06,82
1786074600,78.06,78.1,78.03,78.06,33
1786074900,78.07,78.09,78.04,78.04,33
1786075200,78.05,78.08,77.99,78.08,79
1786075500,78.08,78.18,78.04,78.15,120
1786075800,78.18,78.34,78.15,78.3,369
1786076100,78.29,78.63,78.28,78.61,682
1786076400,78.61,78.62,78.42,78.56,358
1786076700,78.57,78.72,78.51,78.65,825
1786077000,78.64,78.77,78.3,78.32,652
1786077300,78.31,78.39,78.27,78.31,166
1786077600,78.32,78.47,78.32,78.46,312
1786077900,78.46,78.52,78.41,78.41,137
1786078200,78.38,78.4,78.32,78.32,74
1786078500,78.31,78.32,78.23,78.32,138
1786078800,78.33,78.34,78.27,78.28,78
1786079100,78.28,78.31,78.22,78.24,76
1786079400,78.23,78.34,78.22,78.32,55
1786079700,78.33,78.36,78.26,78.33,54
1786080000,78.33,78.36,78.25,78.27,87
1786080300,78.27,78.36,78.26,78.32,71
1786080600,78.35,78.39,78.27,78.36,149
1786080900,78.35,78.36,78.18,78.2,197
1786081200,78.19,78.27,78.17,78.25,106
1786081500,78.26,78.35,78.23,78.26,88
1786081800,78.25,78.25,78.07,78.12,220
1786082100,78.12,78.13,78.06,78.06,217
1786082400,78.06,78.15,77.88,77.9,483
1786082700,77.9,77.95,77.79,77.92,326
1786083000,77.93,77.98,77.83,77.83,160
1786083300,77.84,77.91,77.8,77.86,195
1786083600,77.87,77.89,77.61,77.65,395
1786083900,77.67,77.71,77.58,77.6,340
1786084200,77.58,77.83,77.56,77.78,542
1786084500,77.77,77.92,77.77,77.9,282
1786084800,77.9,78.1,77.89,78.07,314
1786085100,78.06,78.12,78,78.06,170
1786085400,78.04,78.04,77.9,77.94,187
1786085700,77.95,77.97,77.85,77.87,127
1786086000,77.88,78.05,77.8,77.98,314
1786086300,77.94,77.98,77.88,77.92,210
1786086600,77.93,77.94,77.66,77.66,260
1786086900,77.67,77.85,77.66,77.77,273
1786087200,77.76,77.78,77.62,77.7,235
1786087500,77.72,77.74,77.52,77.56,305
1786087800,77.56,77.78,77.51,77.67,443
1786088100,77.68,77.85,77.64,77.7,341
1786088400,77.72,77.85,77.72,77.85,162
1786088700,77.85,77.88,77.7,77.77,329
1786089000,77.78,77.95,77.78,77.91,259
1786089300,77.9,77.92,77.75,77.76,192
1786089600,77.77,77.81,77.63,77.68,271
1786089900,77.69,77.72,77.46,77.62,606
1786090200,77.62,77.68,77.57,77.66,494
1786090500,77.67,77.86,77.66,77.82,693
1786090800,77.82,77.98,77.75,77.77,1098
1786091100,77.76,77.93,77.66,77.85,585
1786091400,77.86,77.91,77.6,77.71,464
1786091700,77.72,77.95,77.64,77.87,442
1786092000,77.88,77.98,77.79,77.84,367
1786092300,77.84,78.04,77.84,77.94,306
1786092600,77.93,78.03,77.86,77.88,175
1786092900,77.88,77.88,77.7,77.74,302
1786093200,77.75,77.84,77.54,77.64,306
1786093500,77.66,77.75,77.63,77.68,145
1786093800,77.7,77.7,77.54,77.6,369
1786094100,77.59,77.77,77.58,77.65,204
1786094400,77.61,77.61,77.52,77.56,193
1786094700,77.56,77.63,77.51,77.52,192
1786095000,77.54,77.55,77.41,77.5,462
1786095300,77.49,77.5,77.22,77.23,635
1786095600,77.23,77.25,77.09,77.24,848
1786095900,77.23,77.23,77.09,77.1,626
1786096200,77.1,77.37,77.09,77.28,398
1786096500,77.29,77.35,77.21,77.25,340
1786096800,77.24,77.25,77.09,77.14,609
1786097100,77.14,77.23,77.09,77.17,443
1786097400,77.16,77.16,76.91,77.04,1150
1786097700,77.02,77.27,77.02,77.15,418
1786098000,77.15,77.27,77.12,77.19,289
1786098300,77.18,77.32,77.08,77.1,331
1786098600,77.1,77.1,76.92,76.97,463
1786098900,76.97,77.07,76.88,76.91,574
1786099200,76.93,77.05,76.84,76.89,503
1786099500,76.88,77.01,76.86,76.87,277
1786099800,76.86,76.93,76.83,76.85,457
1786100100,76.87,76.95,76.79,76.82,392
1786100400,76.83,76.9,76.73,76.74,577
1786100700,76.76,76.89,76.71,76.74,326
1786101000,76.74,76.97,76.74,76.97,548
1786101300,76.98,77.08,76.95,76.97,444
1786101600,76.97,77,76.83,76.83,390
1786101900,76.82,76.84,76.71,76.78,347
1786102200,76.78,76.85,76.7,76.75,283
1786102500,76.75,76.77,76.63,76.65,439
1786102800,76.65,76.73,76.58,76.72,316
1786103100,76.72,76.72,76.6,76.65,303
1786103400,76.65,76.66,76.57,76.64,264
1786103700,76.65,76.76,76.65,76.74,275
1786104000,76.75,76.75,76.63,76.72,280
1786104300,76.71,76.88,76.67,76.84,707
1786104600,76.84,77.04,76.8,77.04,952
1786104900,77.04,77.21,77,77.12,774
1786105200,77.13,77.28,77.06,77.28,538
1786105500,77.29,77.53,77.2,77.37,986
1786105800,77.38,77.38,76.91,76.97,1508
1786106100,76.96,77.07,76.78,76.81,664
1786106400,76.81,76.86,76.61,76.75,1147
1786106700,76.76,76.86,76.68,76.79,423
1786107000,76.78,76.85,76.61,76.67,715
1786107300,76.68,76.77,76.58,76.74,634
1786107600,76.73,76.88,76.53,76.85,2187
1786107900,76.84,76.85,76.62,76.84,833
1786108200,76.83,77.03,76.74,76.77,1280
1786108500,76.77,76.84,76.7,76.78,732
1786108800,76.78,77.1,76.75,77.03,878
1786109100,77.04,77.13,76.92,76.93,799
1786109400,76.94,77.07,76.85,77.05,879
1786109700,77.04,77.09,76.96,76.97,839
1786110000,76.97,77.12,76.95,77.03,587
1786110300,77.03,77.3,77,77.29,878
1786110600,77.28,77.32,77.18,77.29,863
1786110900,77.29,77.34,77.15,77.34,967
1786111200,77.32,77.59,77.18,77.58,1454
1786111500,77.58,77.94,77.55,77.84,2250
1786111800,77.85,77.97,77.61,77.71,1203
1786112100,77.7,77.71,77.43,77.47,1081
1786112400,77.46,77.65,77.35,77.65,1049
1786112700,77.65,77.81,77.64,77.66,848
1786113000,77.66,77.74,77.47,77.53,572
1786113300,77.53,77.62,77.42,77.58,585
1786113600,77.58,77.62,77.42,77.49,490
1786113900,77.48,77.66,77.44,77.65,419
1786114200,77.65,77.9,77.6,77.88,1022
1786114500,77.88,78.1,77.84,78.09,1500
1786114800,78.09,78.43,77.97,78.33,2462
1786115100,78.33,78.43,78.14,78.22,1217
1786115400,78.22,78.34,78.08,78.18,1072
1786115700,78.18,78.37,78.1,78.34,948
1786116000,78.33,78.34,78.07,78.1,811
1786116300,78.1,78.32,78.07,78.16,2093
1786116600,78.16,78.34,78.06,78.08,1093
1786116900,78.08,78.12,77.95,78.11,907
1786117200,78.12,78.14,78.01,78.06,420
1786117500,78.08,78.16,77.95,78.1,505
1786117800,78.11,78.31,78.1,78.23,708
1786118100,78.23,78.49,78.23,78.4,1091
1786118400,78.41,78.5,78.36,78.38,653
1786118700,78.38,78.38,78.21,78.29,733
1786119000,78.29,78.32,78.17,78.29,565
1786119300,78.29,78.4,78.27,78.32,735
1786119600,78.31,78.49,78.18,78.44,1752
1786119900,78.42,78.44,78.3,78.4,520
1786120200,78.41,78.46,78.35,78.39,452
1786120500,78.4,78.41,78.24,78.27,400
1786120800,78.26,78.28,78.14,78.21,417
1786121100,78.22,78.3,78.16,78.25,432
1786121400,78.26,78.28,78.18,78.26,393
1786121700,78.25,78.37,78.21,78.36,593
1786122000,78.37,78.37,78.09,78.12,688
1786122300,78.13,78.14,78.01,78.06,722
1786122600,78.05,78.13,77.97,78,776
1786122900,77.99,78.04,77.89,77.92,649
1786123200,77.92,78.1,77.9,77.97,782
1786123500,77.98,78.08,77.96,78,576
1786123800,78,78.03,77.72,77.84,1586
1786124100,77.85,77.95,77.79,77.93,752
1786124400,77.92,78,77.86,77.96,529
1786124700,77.95,78.13,77.93,78.06,818
1786125000,78.05,78.13,78.02,78.07,571
1786125300,78.05,78.11,77.99,78.08,643
1786125600,78.07,78.14,78.04,78.08,636
1786125900,78.08,78.26,78.07,78.18,990
1786126200,78.19,78.33,78.12,78.24,683
1786126500,78.24,78.25,78.02,78.1,621
1786126800,78.1,78.37,78.03,78.32,1675
1786127100,78.33,78.34,77.93,78.17,5922
1786127400,78.18,78.3,78.11,78.14,1127
1786127700,78.14,78.21,78.06,78.2,331
1786128000,78.21,78.27,78.18,78.25,328
1786128300,78.24,78.25,78.17,78.19,153
1786128600,78.18,78.26,78.18,78.21,188
1786128900,78.2,78.25,78.01,78.11,634
1786129200,78.11,78.11,77.53,77.61,2402
1786129500,77.64,77.69,77.34,77.38,749
1786129800,77.38,77.47,77.34,77.39,340
1786130100,77.41,77.49,77.12,77.24,1040
1786130400,77.24,77.24,76.92,76.97,1291
1786130700,76.97,77.05,76.82,76.9,832
1786131000,76.88,76.97,76.83,76.97,577
1786131300,76.96,77.07,76.83,77.03,633
1786131600,77.02,77.03,76.86,76.93,433
1786131900,76.92,76.95,76.84,76.95,290
1786132200,76.93,76.98,76.87,76.96,355
1786132500,76.97,77.05,76.94,77.03,681
1786132800,77.01,77.07,76.84,76.89,373
1786133100,76.91,77.02,76.86,76.96,382
1786133400,76.96,77.06,76.94,77.06,149
1786133700,77.05,77.14,77.01,77.07,157
1786134000,77.07,77.11,76.95,76.95,116
1786134300,76.95,77.04,76.95,77.04,144
1786134600,77.04,77.17,77.01,77.17,126
1786134900,77.17,77.18,77.11,77.14,100
1786135200,77.13,77.19,77.1,77.19,62
1786135500,77.17,77.37,77.15,77.32,247
1786135800,77.33,77.33,77.04,77.12,435
1786136100,77.1,77.14,77.07,77.08,286
1786312800,78.42,79.31,78.32,79.15,2101
1786313100,79.17,79.43,79.13,79.24,950
1786313400,79.23,79.27,79,79.01,561
1786313700,79.01,79.12,78.97,79.04,434
1786314000,79,79.09,78.88,78.89,300
1786314300,78.88,78.97,78.77,78.87,348
1786314600,78.87,78.87,78.56,78.6,288
1786314900,78.6,78.74,78.59,78.7,409
1786315200,78.69,78.91,78.69,78.83,369
1786315500,78.83,78.9,78.76,78.83,126
1786315800,78.81,78.88,78.77,78.8,195
1786316100,78.8,78.87,78.78,78.85,114
1786316400,78.85,78.86,78.7,78.75,173
1786316700,78.75,78.76,78.63,78.67,163
1786317000,78.66,78.71,78.6,78.66,171
1786317300,78.65,78.75,78.65,78.73,50
1786317600,78.72,78.74,78.7,78.7,24
1786317900,78.72,78.78,78.71,78.74,110
1786318200,78.75,78.76,78.71,78.76,53
1786318500,78.73,78.83,78.73,78.83,81
1786318800,78.82,78.93,78.81,78.84,105
1786319100,78.81,78.89,78.78,78.82,97
1786319400,78.84,78.86,78.82,78.83,61
1786319700,78.82,78.82,78.73,78.77,71
1786320000,78.76,78.79,78.57,78.58,409
1786320300,78.59,78.67,78.5,78.66,217
1786320600,78.67,78.85,78.67,78.82,184
1786320900,78.84,78.87,78.78,78.84,119
1786321200,78.83,78.9,78.83,78.88,96
1786321500,78.88,78.91,78.85,78.87,96
1786321800,78.9,78.96,78.83,78.84,204
1786322100,78.82,78.87,78.75,78.81,139
1786322400,78.82,78.84,78.72,78.81,117
1786322700,78.82,78.82,78.74,78.79,162
1786323000,78.83,78.95,78.68,78.84,195
1786323300,78.87,78.88,78.62,78.66,225
1786323600,78.65,78.82,78.18,78.68,1324
1786323900,78.67,79.03,78.62,78.94,385
1786324200,78.95,79.05,78.84,78.98,269
1786324500,78.99,79.03,78.82,78.86,149
1786324800,78.88,78.9,78.79,78.86,97
1786325100,78.81,79.03,78.8,78.96,203
1786325400,78.96,79.16,78.95,78.97,430
1786325700,78.98,79.05,78.96,79,137
1786326000,79.03,79.1,79.02,79.02,72
1786326300,79.03,79.09,78.99,79.04,87
1786326600,79.05,79.07,78.8,78.89,242
1786326900,78.9,78.95,78.85,78.88,78
1786327200,78.88,78.97,78.85,78.92,90
1786327500,78.91,79.01,78.87,78.96,123
1786327800,78.95,78.95,78.86,78.9,52
1786328100,78.87,78.9,78.83,78.84,55
1786328400,78.83,78.84,78.72,78.73,103
1786328700,78.75,78.77,78.66,78.7,115
1786329000,78.68,78.72,78.63,78.7,76
1786329300,78.69,78.78,78.66,78.67,109
1786329600,78.68,78.72,78.59,78.67,113
1786329900,78.67,78.79,78.66,78.75,133
1786330200,78.76,78.84,78.72,78.8,76
1786330500,78.81,78.91,78.73,78.82,93
1786330800,78.85,78.86,78.66,78.68,108
1786331100,78.67,78.69,78.62,78.62,58
1786331400,78.61,78.73,78.56,78.69,101
1786331700,78.68,78.68,78.58,78.59,45
1786332000,78.61,78.63,78.55,78.62,55
1786332300,78.58,78.65,78.55,78.65,82
1786332600,78.65,78.79,78.65,78.78,126
1786332900,78.76,78.85,78.73,78.81,170
1786333200,78.8,78.83,78.75,78.76,55
1786333500,78.75,78.82,78.75,78.79,62
1786333800,78.81,78.84,78.79,78.79,59
1786334100,78.8,78.81,78.75,78.81,40
1786334400,78.79,78.83,78.74,78.83,40
1786334700,78.83,78.85,78.81,78.82,52
1786335000,78.81,78.87,78.8,78.85,33
1786335300,78.83,78.84,78.81,78.81,19
1786335600,78.83,78.83,78.73,78.74,33
1786335900,78.72,78.81,78.69,78.78,125
1786336200,78.77,78.77,78.63,78.66,97
1786336500,78.66,78.75,78.64,78.71,119
1786336800,78.72,78.75,78.57,78.6,151
1786337100,78.59,78.6,78.52,78.56,87
1786337400,78.54,78.54,78.33,78.38,357
1786337700,78.39,78.52,78.39,78.45,228
1786338000,78.46,78.54,78.42,78.5,215
1786338300,78.5,78.54,78.42,78.48,304
1786338600,78.46,78.61,78.43,78.52,366
1786338900,78.53,78.55,78.39,78.41,146
1786339200,78.42,78.44,78.38,78.42,68
1786339500,78.43,78.48,78.41,78.44,78
1786339800,78.46,78.5,78.35,78.43,244
1786340100,78.44,78.5,78.41,78.49,135
1786340400,78.49,78.49,78.38,78.38,65
1786340700,78.36,78.4,78.26,78.29,158
1786341000,78.29,78.29,77.9,77.94,958
1786341300,77.95,77.95,77.8,77.83,291
1786341600,77.83,78.24,77.79,78.2,596
1786341900,78.2,78.32,78.15,78.17,327
1786342200,78.21,78.23,78.07,78.22,252
1786342500,78.21,78.25,78.04,78.08,188
1786342800,78.07,78.08,77.95,78,193
1786343100,78,78.07,77.95,78.05,182
1786343400,78.04,78.07,77.93,77.97,119
1786343700,77.97,77.97,77.84,77.94,343
1786344000,77.93,78.06,77.87,78.05,251
1786344300,78.04,78.11,77.97,78.07,252
1786344600,78.08,78.18,78.08,78.17,132
1786344900,78.17,78.21,77.89,77.93,251
1786345200,77.93,78.38,77.89,78.34,561
1786345500,78.34,78.65,78.34,78.49,689
1786345800,78.5,78.51,78.38,78.47,251
1786346100,78.46,78.59,78.38,78.53,304
1786346400,78.52,78.52,78.21,78.29,310
1786346700,78.27,78.41,78.01,78.05,666
1786347000,78.05,78.25,78.01,78.25,303
1786347300,78.22,78.33,78.14,78.32,326
1786347600,78.32,78.35,78.09,78.09,406
1786347900,78.09,78.23,77.82,78.2,962
1786348200,78.22,78.32,78.13,78.29,271
1786348500,78.29,78.36,78.2,78.2,298
1786348800,78.2,78.31,78.18,78.28,281
1786349100,78.28,78.37,78.18,78.35,163
1786349400,78.34,78.35,78.19,78.3,154
1786349700,78.31,78.47,78.2,78.33,562
1786350000,78.33,78.55,78.29,78.46,552
1786350300,78.44,78.63,78.31,78.53,895
1786350600,78.53,78.9,78.39,78.75,1131
1786350900,78.75,78.9,78.61,78.89,406
1786351200,78.9,79.11,78.85,79.03,1030
1786351500,79.03,79.12,78.95,79.02,466
1786351800,79.04,79.36,79.03,79.34,1301
1786352100,79.33,79.35,79.13,79.13,471
1786352400,79.13,79.14,78.97,79.01,618
1786352700,79,79.1,78.93,79.04,294
1786353000,79.06,79.07,78.96,78.96,270
1786353300,78.97,79.09,78.97,79,259
1786353600,79.01,79.01,78.67,78.68,776
1786353900,78.68,78.8,78.66,78.76,412
1786354200,78.76,78.92,78.7,78.75,481
1786354500,78.75,78.97,78.75,78.95,242
1786354800,78.97,79.08,78.93,79.02,297
1786355100,79.03,79.13,79,79.03,230
1786355400,79.04,79.07,78.95,79.06,206
1786355700,79.04,79.06,78.92,79.02,146
1786356000,79.02,79.05,78.88,78.88,204
1786356300,78.88,78.88,78.74,78.82,430
1786356600,78.82,78.88,78.75,78.85,235
1786356900,78.83,78.94,78.74,78.75,216
1786357200,78.76,78.76,78.44,78.63,761
1786357500,78.64,78.82,78.63,78.81,263
1786357800,78.82,79.06,78.76,78.92,405
1786358100,78.93,79.33,78.9,79.27,945
1786358400,79.26,79.49,79.24,79.36,932
1786358700,79.36,79.38,79.16,79.22,461
1786359000,79.23,79.59,79.21,79.54,653
1786359300,79.53,79.53,79.41,79.47,341
1786359600,79.48,79.6,79.28,79.37,711
1786359900,79.36,79.45,79.32,79.39,213
1786360200,79.38,79.38,79.27,79.3,216
1786360500,79.3,79.35,79.26,79.27,315
1786360800,79.27,79.32,79.13,79.14,677
1786361100,79.14,79.14,78.97,79.08,414
1786361400,79.08,79.15,79.01,79.12,413
1786361700,79.14,79.37,79.14,79.29,760
1786362000,79.28,79.53,79.25,79.49,672
1786362300,79.49,79.62,79.4,79.53,525
1786362600,79.54,79.64,79.45,79.64,756
1786362900,79.62,79.64,79.5,79.57,449
1786363200,79.58,79.63,79.5,79.58,505
1786363500,79.58,79.64,79.39,79.43,473
1786363800,79.43,79.61,79.42,79.56,652
1786364100,79.55,79.59,79.46,79.5,345
1786364400,79.52,79.53,79.39,79.4,357
1786364700,79.4,79.46,79.27,79.3,574
1786365000,79.31,79.59,79.3,79.53,540
1786365300,79.53,79.68,79.5,79.63,584
1786365600,79.63,79.79,79.54,79.75,790
1786365900,79.74,79.77,79.65,79.74,395
1786366200,79.74,79.98,79.69,79.92,1580
1786366500,79.93,79.96,79.55,79.73,1298
1786366800,79.73,79.73,79.23,79.32,2262
1786367100,79.33,79.59,79.29,79.55,914
1786367400,79.54,79.68,79.44,79.48,759
1786367700,79.48,79.55,79.26,79.31,852
1786368000,79.3,79.55,79.17,79.47,1188
1786368300,79.48,79.68,79.41,79.67,716
1786368600,79.66,79.95,79.62,79.89,2028
1786368900,79.89,79.97,79.82,79.91,1000
1786369200,79.93,80.19,79.88,80.08,2485
1786369500,80.08,80.48,80.08,80.45,2874
1786369800,80.46,80.83,80.42,80.6,3400
1786370100,80.61,80.98,80.58,80.86,2179
1786370400,80.86,80.86,80.61,80.63,1606
1786370700,80.63,80.83,80.61,80.83,951
1786371000,80.82,80.9,80.73,80.75,1039
1786371300,80.75,80.76,80.33,80.33,1587
1786371600,80.34,80.53,80.31,80.43,1090
1786371900,80.42,80.5,80.3,80.32,928
1786372200,80.33,80.52,80.28,80.46,1150
1786372500,80.48,80.56,80.41,80.49,705
1786372800,80.49,80.66,80.48,80.63,895
1786373100,80.63,80.71,80.53,80.64,610
1786373400,80.64,80.91,80.64,80.82,1393
1786373700,80.81,80.87,80.73,80.8,857
1786374000,80.78,80.92,80.66,80.92,1687
1786374300,80.92,81.05,80.84,80.91,1300
1786374600,80.92,80.99,80.78,80.88,1077
1786374900,80.9,81.04,80.8,80.9,1049
1786375200,80.87,81.2,80.81,81.2,1308
1786375500,81.19,81.3,81.05,81.18,2200
1786375800,81.19,81.28,81.09,81.2,1174
1786376100,81.19,81.25,81.04,81.22,843
1786376400,81.2,81.4,81.13,81.3,920
1786376700,81.31,81.38,81.23,81.31,837
1786377000,81.32,81.32,81.08,81.17,1091
1786377300,81.18,81.27,81.03,81.03,869
1786377600,81.04,81.07,80.93,80.96,1064
1786377900,80.96,80.99,80.82,80.97,931
1786378200,80.96,81.11,80.91,81.05,789
1786378500,81.04,81.06,80.95,81.02,367
1786378800,81.02,81.19,81,81.15,545
1786379100,81.15,81.23,81.12,81.14,498
1786379400,81.15,81.62,81.06,81.28,2560
1786379700,81.28,81.38,81.16,81.35,861
1786380000,81.35,81.51,81.29,81.47,950
1786380300,81.48,81.48,81.32,81.44,587
1786380600,81.45,81.5,81.34,81.49,549
1786380900,81.48,81.56,81.41,81.41,1061
1786381200,81.43,81.64,81.43,81.61,1225
1786381500,81.6,81.66,81.43,81.52,922
1786381800,81.49,81.6,81.46,81.53,558
1786382100,81.51,81.58,81.43,81.5,651
1786382400,81.5,81.56,81.45,81.45,570
1786382700,81.46,81.63,81.46,81.61,627
1786383000,81.61,81.73,81.52,81.73,859
1786383300,81.73,81.81,81.68,81.76,1025
1786383600,81.78,81.84,81.74,81.82,825
1786383900,81.82,81.92,81.75,81.88,1374
1786384200,81.89,81.95,81.73,81.8,1451
1786384500,81.79,81.96,81.76,81.95,852
1786384800,81.95,81.97,81.82,81.84,1104
1786385100,81.83,81.85,81.76,81.81,781
1786385400,81.81,81.85,81.77,81.82,488
1786385700,81.8,82.28,81.8,82.21,2568
1786386000,82.2,82.32,82.16,82.22,1386
1786386300,82.21,82.25,82.05,82.17,6497
1786386600,82.17,82.3,82.15,82.28,1215
1786386900,82.28,82.28,82.13,82.18,863
1786387200,82.18,82.21,82.1,82.14,742
1786387500,82.13,82.14,82.03,82.06,399
1786387800,82.04,82.11,81.99,82.02,511
1786388100,82.02,82.05,81.87,81.9,700
1786388400,81.9,81.93,81.66,81.75,878
1786388700,81.75,81.79,81.68,81.7,779
1786389000,81.68,81.87,81.68,81.76,427
1786389300,81.77,81.87,81.76,81.85,273
1786389600,81.85,81.91,81.83,81.89,280
1786389900,81.89,81.99,81.87,81.98,368
1786390200,81.97,82.1,81.95,82.07,344
1786390500,82.07,82.08,81.96,82.05,362
1786390800,82.04,82.1,82.01,82.01,159
1786391100,82.04,82.08,82,82.07,115
1786391400,82.06,82.12,82.02,82.12,203
1786391700,82.12,82.15,82.07,82.14,303
1786392000,82.14,82.18,82.09,82.15,320
1786392300,82.14,82.18,82.11,82.18,120
1786392600,82.19,82.24,82.18,82.2,244
1786392900,82.2,82.22,82.12,82.15,145
1786393200,82.14,82.23,82.14,82.21,140
1786393500,82.21,82.34,82.21,82.29,305
1786393800,82.27,82.38,82.27,82.32,280
1786394100,82.3,82.35,82.24,82.32,237
1786394400,82.33,82.37,82.28,82.36,190
1786394700,82.37,82.38,82.24,82.3,361
1786395000,82.27,82.38,82.27,82.3,167
1786395300,82.29,82.33,82.26,82.3,162
1786399200,82.35,82.35,82.07,82.22,293
1786399500,82.19,82.24,82.18,82.22,65
1786399800,82.22,82.22,82.18,82.2,32
1786400100,82.19,82.19,82.06,82.14,145
1786400400,82.15,82.16,82.1,82.15,76
1786400700,82.15,82.2,82.1,82.14,95
1786401000,82.16,82.19,82.1,82.13,73
1786401300,82.11,82.15,82.11,82.11,38
1786401600,82.12,82.15,82.07,82.14,71
1786401900,82.14,82.14,82.09,82.1,15
1786402200,82.11,82.14,82.09,82.14,15
1786402500,82.12,82.14,82.11,82.13,4
1786402800,82.13,82.13,82.05,82.06,47
1786403100,82.05,82.06,82.02,82.06,72
1786403400,82.07,82.11,82.02,82.03,56
1786403700,82.02,82.03,81.98,82.03,87
1786404000,82.04,82.07,82.02,82.07,23
1786404300,82.07,82.09,82.04,82.08,56
1786404600,82.07,82.13,82.07,82.08,50
1786404900,82.08,82.13,82.08,82.13,19
1786405200,82.12,82.16,82.1,82.11,66
1786405500,82.09,82.18,82.09,82.12,69
1786405800,82.1,82.15,82.08,82.13,21
1786406100,82.12,82.14,82.09,82.12,26
1786406400,82.11,82.15,82.02,82.08,271
1786406700,82.07,82.29,82.07,82.28,163
1786407000,82.27,82.31,82.15,82.17,218
1786407300,82.18,82.18,82.09,82.16,121
1786407600,82.14,82.18,82.08,82.15,127
1786407900,82.14,82.29,82.14,82.19,177
1786408200,82.2,82.24,82.18,82.21,52
1786408500,82.21,82.22,82.17,82.2,60
1786408800,82.19,82.2,82.14,82.15,58
1786409100,82.18,82.41,82.17,82.38,232
1786409400,82.38,82.45,82.27,82.28,498
1786409700,82.28,82.31,82.21,82.21,527
1786410000,82.22,82.22,82,82.05,485
1786410300,82.08,82.38,82.07,82.36,332
1786410600,82.35,82.37,82.24,82.26,239
1786410900,82.25,82.32,82.17,82.25,318
1786411200,82.24,82.24,82.1,82.22,214
1786411500,82.23,82.26,82.16,82.18,75
1786411800,82.17,82.27,82.17,82.25,93
1786412100,82.24,82.37,82.22,82.33,161
1786412400,82.32,82.52,82.28,82.4,369
1786412700,82.41,82.49,82.4,82.45,107
1786413000,82.48,82.51,82.41,82.41,134
1786413300,82.4,82.44,82.35,82.41,159
1786413600,82.41,82.41,82.31,82.31,132
1786413900,82.3,82.38,82.28,82.32,88
1786414200,82.32,82.41,82.32,82.38,57
1786414500,82.37,82.4,82.34,82.36,42
1786414800,82.35,82.44,82.3,82.32,109
1786415100,82.31,82.33,82.24,82.29,117
1786415400,82.3,82.3,82.2,82.2,167
1786415700,82.22,82.27,82.16,82.21,157
1786416000,82.19,82.22,82.18,82.2,39
1786416300,82.18,82.42,82.17,82.38,140
1786416600,82.39,82.44,82.34,82.41,105
1786416900,82.42,82.44,82.29,82.34,90
1786417200,82.35,82.41,82.33,82.37,68
1786417500,82.37,82.39,82.3,82.3,39
1786417800,82.31,82.31,82.24,82.26,51
1786418100,82.26,82.4,82.26,82.39,64
1786418400,82.39,82.4,82.31,82.31,71
1786418700,82.31,82.35,82.24,82.24,75
1786419000,82.24,82.24,82.12,82.12,169
1786419300,82.11,82.22,82.1,82.2,119
1786419600,82.19,82.19,82.13,82.13,38
1786419900,82.13,82.14,82.1,82.13,30
1786420200,82.14,82.19,82.12,82.17,40
1786420500,82.18,82.18,82.08,82.1,55
1786420800,82.1,82.1,82.02,82.07,99
1786421100,82.08,82.09,82,82.01,136
1786421400,82.01,82.05,82,82.03,104
1786421700,82.03,82.08,81.91,82.03,246
1786422000,82.04,82.06,82,82.01,42
1786422300,82,82.04,81.93,82.01,135
1786422600,82.01,82.03,81.97,82.02,90
1786422900,82.03,82.19,82,82.13,245
1786423200,82.13,82.27,82.12,82.25,166
1786423500,82.25,82.32,82.22,82.24,148
1786423800,82.22,82.23,82.17,82.19,69
1786424100,82.18,82.25,82.17,82.24,60
1786424400,82.25,82.3,82.22,82.24,121
1786424700,82.24,82.34,82.24,82.3,52
1786425000,82.28,82.4,82.28,82.38,173
1786425300,82.37,82.53,82.35,82.44,256
1786425600,82.42,82.55,82.4,82.47,238
1786425900,82.44,82.44,82.38,82.4,100
1786426200,82.4,82.55,82.37,82.47,329
1786426500,82.46,82.48,82.25,82.29,219
1786426800,82.27,82.27,82.16,82.24,233
1786427100,82.26,82.41,82.26,82.4,158
1786427400,82.43,82.5,82.4,82.49,213
1786427700,82.49,82.5,82.41,82.47,83
1786428000,82.46,82.54,82.31,82.38,293
1786428300,82.37,82.43,82.34,82.4,142
1786428600,82.42,82.56,82.38,82.52,274
1786428900,82.52,82.76,82.49,82.76,494
1786429200,82.74,82.74,82.51,82.6,441
1786429500,82.6,82.81,82.6,82.81,449
1786429800,82.82,83.43,82.74,83.33,1953
1786430100,83.34,83.51,83.26,83.38,1188
1786430400,83.38,83.67,83.28,83.61,1483
1786430700,83.6,83.69,83.5,83.63,819
1786431000,83.64,83.71,83.48,83.63,632
1786431300,83.64,83.73,83.45,83.46,674
1786431600,83.47,83.61,83.37,83.47,1142
1786431900,83.49,83.59,83.23,83.46,1291
1786432200,83.48,83.65,83.41,83.6,846
1786432500,83.59,83.75,83.53,83.65,500
1786432800,83.65,83.98,83.63,83.96,1548
1786433100,83.95,83.96,83.61,83.72,691
1786433400,83.72,83.97,83.7,83.88,580
1786433700,83.91,83.91,83.69,83.78,435
1786434000,83.79,83.8,83.64,83.67,272
1786434300,83.67,83.9,83.67,83.85,345
1786434600,83.85,84.05,83.85,83.98,774
1786434900,83.99,84.04,83.93,83.96,381
1786435200,83.97,84.04,83.73,83.96,779
1786435500,83.96,84.14,83.91,84.09,750
1786435800,84.08,84.28,84.05,84.22,873
1786436100,84.22,84.4,84.17,84.33,654
1786436400,84.34,84.46,84.28,84.41,939
1786436700,84.41,84.41,84.23,84.36,1320
1786437000,84.36,84.46,84.26,84.35,787
1786437300,84.36,84.37,84.22,84.25,509
1786437600,84.26,84.42,84.19,84.21,617
1786437900,84.22,84.38,84.2,84.34,342
1786438200,84.37,84.42,84.27,84.37,765
1786438500,84.37,84.54,84.35,84.53,582
1786438800,84.54,84.59,84.41,84.45,805
1786439100,84.44,84.58,84.32,84.56,676
1786439400,84.56,84.61,84.49,84.55,454
1786439700,84.56,84.58,84.43,84.52,332
1786440000,84.52,84.52,84.36,84.43,463
1786440300,84.43,84.51,84.2,84.22,657
1786440600,84.22,84.23,83.97,84.12,1171
1786440900,84.11,84.26,84.08,84.24,478
1786441200,84.24,84.45,84.14,84.45,415
1786441500,84.45,84.45,84.22,84.3,422
1786441800,84.3,84.35,84.22,84.23,546
1786442100,84.23,84.26,84.09,84.23,897
1786442400,84.2,84.35,84.09,84.25,423
1786442700,84.24,84.24,84.03,84.03,331
1786443000,84.04,84.1,83.97,84.04,371
1786443300,84.04,84.15,84.03,84.12,186
1786443600,84.13,84.13,83.83,83.93,1329
1786443900,83.94,83.99,83.37,83.62,2148
1786444200,83.62,83.84,83.55,83.6,1274
1786444500,83.61,83.74,83.56,83.71,401
1786444800,83.7,83.78,83.63,83.68,466
1786445100,83.67,83.68,83.37,83.38,910
1786445400,83.38,83.48,83.26,83.48,831
1786445700,83.47,83.6,83.45,83.49,708
1786446000,83.48,83.5,81.95,82.05,7785
1786446300,82.05,82.17,81.83,81.95,2674
1786446600,81.93,82.04,81.66,81.78,1874
1786446900,81.79,82.06,81.75,81.97,1282
1786447200,81.97,82.26,81.85,82.18,1125
1786447500,82.18,82.36,82.1,82.31,913
1786447800,82.31,82.48,82.2,82.25,1087
1786448100,82.28,82.31,81.86,81.89,1210
1786448400,81.87,82.06,81.86,82.04,835
1786448700,82.04,82.31,82.01,82.23,994
1786449000,82.23,82.24,82.08,82.18,877
1786449300,82.18,82.26,82.09,82.16,683
1786449600,82.15,82.42,82.14,82.35,1005
1786449900,82.35,82.35,82.05,82.09,781
1786450200,82.1,82.18,81.83,82.16,897
1786450500,82.14,82.36,82.12,82.26,531
1786450800,82.27,82.76,82.24,82.75,2529
1786451100,82.75,82.76,82.46,82.48,926
1786451400,82.48,82.53,82.37,82.42,568
1786451700,82.43,82.46,82.28,82.34,441
1786452000,82.34,82.47,82.32,82.45,637
1786452300,82.46,82.5,82.35,82.39,765
1786452600,82.41,82.59,82.38,82.54,550
1786452900,82.55,82.63,82.52,82.56,741
1786453200,82.55,82.57,81.78,82.01,3037
1786453500,82,82.01,81.72,81.93,1559
1786453800,81.93,82,81.8,81.86,899
1786454100,81.86,81.93,81.48,81.82,2972
1786454400,81.82,81.98,81.74,81.75,1161
1786454700,81.75,81.78,81.44,81.55,1305
1786455000,81.54,81.86,81.51,81.83,1602
1786455300,81.83,81.95,81.59,81.67,1025
1786455600,81.67,81.73,81.5,81.54,716
1786455900,81.53,81.55,81.27,81.36,1561
1786456200,81.35,81.6,81.31,81.59,996
1786456500,81.59,81.62,81.4,81.62,782
1786456800,81.64,81.93,81.62,81.93,1533
1786457100,81.94,82.03,81.84,81.97,1081
1786457400,81.96,82.14,81.96,82.03,1097
1786457700,82.04,82.28,81.99,82.14,1801
1786458000,82.13,82.17,81.98,82.05,910
1786458300,82.04,82.22,82,82.22,557
1786458600,82.23,82.34,82.16,82.2,760
1786458900,82.21,82.24,82.1,82.24,440
1786459200,82.23,82.44,82.22,82.34,773
1786459500,82.33,82.38,82.23,82.34,450
1786459800,82.35,82.55,82.3,82.46,1750
1786460100,82.46,82.7,82.41,82.57,1160
1786460400,82.56,82.59,82.38,82.58,1024
1786460700,82.57,82.73,82.45,82.48,1044
1786461000,82.47,82.5,82.27,82.44,1093
1786461300,82.44,82.65,82.43,82.57,728
1786461600,82.56,82.69,82.52,82.55,500
1786461900,82.54,82.67,82.4,82.59,1231
1786462200,82.6,83.25,82.6,83.21,3338
1786462500,83.22,83.32,82.98,83.05,2476
1786462800,83.04,83.33,83.04,83.2,1298
1786463100,83.22,83.25,83.1,83.19,710
1786463400,83.21,83.35,83.16,83.19,821
1786463700,83.19,83.3,83.14,83.26,711
1786464000,83.26,83.28,82.98,83.06,1587
1786464300,83.07,83.11,83.01,83.03,519
1786464600,83.03,83.17,82.91,83.12,635
1786464900,83.12,83.13,82.98,83.05,372
1786465200,83.04,83.06,82.83,82.88,1060
1786465500,82.88,83.06,82.79,82.79,685
1786465800,82.8,83.04,82.8,82.94,1274
1786466100,82.93,83,82.87,82.92,545
1786466400,82.9,83.08,82.89,82.99,639
1786466700,82.99,83.17,82.93,83.1,671
1786467000,83.09,83.21,83.08,83.14,592
1786467300,83.13,83.16,83.01,83.14,670
1786467600,83.14,83.16,82.97,83.09,404
1786467900,83.08,83.25,83.08,83.17,382
1786468200,83.16,83.2,83.09,83.15,410
1786468500,83.15,83.19,83.1,83.15,416
1786468800,83.13,83.29,82.99,83.22,1078
1786469100,83.22,83.35,83.21,83.26,772
1786469400,83.26,83.29,83.15,83.16,689
1786469700,83.16,83.21,83,83.13,835
1786470000,83.12,83.25,83.1,83.15,457
1786470300,83.14,83.23,83.12,83.14,371
1786470600,83.15,83.32,83.14,83.25,701
1786470900,83.24,83.32,83.22,83.29,557
1786471200,83.28,83.36,83.11,83.14,794
1786471500,83.13,83.17,83.01,83.15,763
1786471800,83.16,83.23,83.01,83.03,661
1786472100,83.04,83.15,82.98,82.99,767
1786472400,82.99,83.1,82.91,83.09,956
1786472700,83.1,83.27,83.04,83.17,3740
1786473000,83.17,83.3,83.02,83.02,1165
1786473300,83.03,83.24,83.01,83.24,592
1786473600,83.24,83.25,83.14,83.15,458
1786473900,83.15,83.2,83.12,83.15,267
1786474200,83.13,83.24,83.12,83.18,319
1786474500,83.19,83.2,83.13,83.16,149
1786474800,83.17,83.27,83.14,83.26,299
1786475100,83.28,83.29,83.22,83.24,199
1786475400,83.24,83.28,83.2,83.27,108
1786475700,83.27,83.44,83.25,83.41,490
1786476000,83.41,83.44,83.35,83.4,473
1786476300,83.41,83.46,83.39,83.46,212
1786476600,83.46,83.62,83.46,83.49,566
1786476900,83.5,83.5,83.34,83.34,400
1786477200,83.34,83.43,83.32,83.35,217
1786477500,83.35,83.43,83.35,83.43,150
1786477800,83.44,83.47,83.4,83.43,127
1786478100,83.43,83.53,83.41,83.42,297
1786478400,83.43,83.46,83.31,83.36,329
1786478700,83.39,83.53,83.37,83.48,177
1786479000,83.49,83.51,83.42,83.49,190
1786479300,83.48,83.49,83.38,83.42,166
1786479600,83.41,83.46,83.4,83.42,244
1786479900,83.4,83.42,83.34,83.38,320
1786480200,83.39,83.45,83.36,83.39,366
1786480500,83.4,83.44,83.37,83.4,109
1786480800,83.41,83.49,83.41,83.46,106
1786481100,83.47,83.5,83.45,83.46,90
1786481400,83.46,83.46,83.33,83.34,374
1786481700,83.35,83.36,83.2,83.23,468
1786485600,83.49,83.53,83.35,83.4,294
1786485900,83.4,83.55,83.39,83.51,126
1786486200,83.49,83.57,83.49,83.52,68
1786486500,83.53,83.58,83.49,83.57,54
1786486800,83.55,83.59,83.52,83.52,48
1786487100,83.52,83.57,83.5,83.5,81
1786487400,83.5,83.53,83.48,83.52,16
1786487700,83.54,83.55,83.51,83.54,17
1786488000,83.54,83.54,83.51,83.52,8
1786488300,83.52,83.52,83.43,83.48,64
1786488600,83.46,83.49,83.43,83.48,34
1786488900,83.46,83.6,83.46,83.5,133
1786489200,83.49,83.55,83.48,83.48,56
1786489500,83.5,83.5,83.48,83.49,19
1786489800,83.49,83.54,83.49,83.52,56
1786490100,83.51,83.53,83.45,83.48,91
1786490400,83.48,83.51,83.48,83.51,12
1786490700,83.49,83.51,83.47,83.51,17
1786491000,83.49,83.49,83.46,83.47,26
1786491300,83.46,83.49,83.46,83.49,15
1786491600,83.48,83.51,83.46,83.5,46
1786491900,83.5,83.51,83.46,83.46,10
1786492200,83.46,83.48,83.43,83.44,57
1786492500,83.44,83.47,83.41,83.43,50
1786492800,83.44,83.6,83.38,83.54,395
1786493100,83.52,83.74,83.51,83.6,290
1786493400,83.61,83.63,83.54,83.61,125
1786493700,83.59,83.72,83.57,83.66,200
1786494000,83.67,83.73,83.61,83.72,72
1786494300,83.71,83.79,83.69,83.71,176
1786494600,83.71,83.77,83.67,83.76,178
1786494900,83.75,83.79,83.67,83.76,150
1786495200,83.76,83.81,83.71,83.76,273
1786495500,83.77,83.83,83.77,83.8,153
1786495800,83.8,83.93,83.79,83.9,631
1786496100,83.91,83.91,83.76,83.78,190
1786496400,83.81,83.9,83.74,83.86,347
1786496700,83.84,84.01,83.79,83.9,307
1786497000,83.88,83.98,83.78,83.81,161
1786497300,83.84,84.01,83.82,83.96,144
1786497600,83.96,84.01,83.9,83.97,99
1786497900,83.97,84.03,83.9,83.92,110
1786498200,83.91,83.97,83.87,83.96,104
1786498500,83.95,84,83.85,83.87,195
1786498800,83.9,83.93,83.8,83.84,110
1786499100,83.81,83.82,83.73,83.74,282
1786499400,83.74,83.82,83.69,83.79,336
1786499700,83.78,83.82,83.76,83.76,33
1786500000,83.78,83.92,83.78,83.88,216
1786500300,83.87,83.9,83.83,83.86,51
1786500600,83.88,83.88,83.77,83.79,56
1786500900,83.8,83.85,83.8,83.84,47
1786501200,83.83,83.85,83.81,83.84,35
1786501500,83.83,83.84,83.79,83.82,81
1786501800,83.83,83.87,83.78,83.79,259
1786502100,83.81,84.01,83.81,83.96,139
1786502400,83.98,84.04,83.98,84,96
1786502700,84,84.13,83.99,83.99,138
1786503000,83.99,84.07,83.96,84.04,301
1786503300,84.05,84.15,84.03,84.06,477
1786503600,84.08,84.15,84.05,84.12,188
1786503900,84.1,84.12,84.03,84.07,48
1786504200,84.07,84.12,84.05,84.09,87
1786504500,84.1,84.19,84.1,84.17,121
1786504800,84.17,84.17,84.05,84.08,74
1786505100,84.05,84.08,83.95,84.02,437
1786505400,84.02,84.09,83.91,84.08,249
1786505700,84.07,84.13,84.02,84.11,112
1786506000,84.13,84.18,84.08,84.16,273
1786506300,84.17,84.26,84.13,84.22,197
1786506600,84.22,84.35,84.2,84.3,267
1786506900,84.31,84.33,84.24,84.29,141
1786507200,84.3,84.35,84.2,84.2,521
1786507500,84.19,84.24,84.14,84.17,353
1786507800,84.18,84.18,84.03,84.06,251
1786508100,84.06,84.14,84.05,84.07,106
1786508400,84.06,84.12,84.06,84.08,68
1786508700,84.09,84.09,83.98,84,228
1786509000,83.99,84.05,83.96,83.99,121
1786509300,83.99,84.02,83.92,83.95,62
1786509600,83.93,83.94,83.77,83.79,218
1786509900,83.79,83.85,83.72,83.74,227
1786510200,83.75,83.78,83.67,83.72,169
1786510500,83.72,83.77,83.69,83.7,121
1786510800,83.72,83.8,83.7,83.78,113
1786511100,83.77,83.86,83.75,83.85,106
1786511400,83.85,83.92,83.81,83.89,226
1786511700,83.88,83.88,83.83,83.85,39
1786512000,83.87,83.93,83.76,83.78,207
1786512300,83.76,83.8,83.72,83.8,95
1786512600,83.79,83.8,83.52,83.61,438
1786512900,83.59,83.72,83.53,83.7,224
1786513200,83.7,83.73,83.65,83.7,82
1786513500,83.7,83.84,83.64,83.82,186
1786513800,83.82,83.96,83.79,83.89,316
1786514100,83.91,84.1,83.91,84.03,405
1786514400,84.04,84.05,83.86,83.93,291
1786514700,83.94,84.02,83.88,84.01,263
1786515000,84,84.03,83.9,83.92,190
1786515300,83.94,83.96,83.8,83.8,165
1786515600,83.84,83.96,83.73,83.93,345
1786515900,83.94,83.99,83.83,83.9,381
1786516200,83.88,83.94,83.58,83.59,295
1786516500,83.59,83.62,83.45,83.51,484
1786516800,83.51,83.85,83.5,83.78,321
1786517100,83.8,83.82,83.51,83.58,521
1786517400,83.57,83.64,83.43,83.64,364
1786517700,83.63,83.76,83.56,83.73,224
1786518000,83.73,84.04,83.71,83.88,661
1786518300,83.9,84.01,83.85,83.95,505
1786518600,83.94,84.04,83.88,83.99,318
1786518900,83.99,84.03,83.88,83.92,304
1786519200,83.94,83.95,83.75,83.77,367
1786519500,83.77,83.9,83.73,83.85,350
1786519800,83.87,83.89,83.76,83.87,245
1786520100,83.87,83.94,83.79,83.82,229
1786520400,83.83,83.96,83.82,83.86,235
1786520700,83.89,83.98,83.76,83.85,207
1786521000,83.86,83.96,83.81,83.93,177
1786521300,83.95,84.09,83.82,83.84,541
1786521600,83.83,83.92,83.67,83.79,613
1786521900,83.78,83.86,83.64,83.78,568
1786522200,83.8,83.85,83.64,83.66,621
1786522500,83.68,83.82,83.55,83.58,690
1786522800,83.61,83.68,83.48,83.62,460
1786523100,83.6,83.74,83.35,83.44,1421
1786523400,83.45,83.69,83.41,83.68,782
1786523700,83.67,83.77,83.45,83.53,387
1786524000,83.53,83.63,83.46,83.58,297
1786524300,83.56,83.62,83.54,83.56,164
1786524600,83.55,83.57,83.21,83.23,927
1786524900,83.24,83.59,83.24,83.58,556
1786525200,83.58,83.59,83.31,83.34,480
1786525500,83.33,83.54,83.32,83.53,195
1786525800,83.53,83.57,83.38,83.38,348
1786526100,83.37,83.38,83.26,83.3,366
1786526400,83.3,83.41,82.73,82.8,1986
1786526700,82.82,82.98,82.67,82.77,1643
1786527000,82.74,82.89,82.57,82.86,1105
1786527300,82.86,82.94,82.66,82.79,737
1786527600,82.79,82.83,82.62,82.73,432
1786527900,82.76,82.79,82.62,82.67,843
1786528200,82.67,83.12,82.46,83.05,2358
1786528500,83.04,83.22,82.95,83,787
1786528800,83,83.12,83,83.12,380
1786529100,83.11,83.14,82.91,83,318
1786529400,82.99,83.05,82.92,83.01,335
1786529700,83.01,83.01,82.82,82.93,264
1786530000,82.92,83.04,82.9,82.96,297
1786530300,82.96,83.16,82.89,83.15,355
1786530600,83.14,83.24,83.1,83.14,455
1786530900,83.14,83.2,83.08,83.08,172
1786531200,83.07,83.13,83.02,83.08,241
1786531500,83.09,83.74,82.98,83.5,2178
1786531800,83.51,83.61,83.31,83.4,1897
1786532100,83.43,83.49,83.3,83.4,652
1786532400,83.39,83.55,83.26,83.41,534
1786532700,83.38,83.57,83.38,83.52,307
1786533000,83.52,83.64,83.39,83.41,543
1786533300,83.42,83.56,83.38,83.44,250
1786533600,83.43,83.45,83.35,83.43,208
1786533900,83.42,83.44,83.3,83.42,210
1786534200,83.42,83.42,83.17,83.19,350
1786534500,83.18,83.35,83.16,83.31,289
1786534800,83.3,83.42,83.28,83.4,224
1786535100,83.4,83.67,83.4,83.65,397
1786535400,83.66,83.74,83.59,83.69,486
1786535700,83.69,83.76,83.6,83.74,385
1786536000,83.74,83.76,83.51,83.64,408
1786536300,83.64,83.81,83.63,83.77,412
1786536600,83.76,83.79,83.66,83.73,295
1786536900,83.74,83.79,83.69,83.76,452
1786537200,83.75,83.76,83.64,83.75,407
1786537500,83.76,83.78,83.65,83.78,299
1786537800,83.75,83.9,83.65,83.72,887
1786538100,83.73,83.74,83.45,83.49,554
1786538400,83.49,83.64,83.42,83.43,502
1786538700,83.44,83.47,83.11,83.13,858
1786539000,83.14,83.26,83.13,83.22,583
1786539300,83.22,83.3,82.98,83,850
1786539600,83.01,83.06,82.8,82.85,1571
1786539900,82.86,82.94,82.78,82.86,746
1786540200,82.87,82.99,82.72,82.9,668
1786540500,82.9,83.07,82.68,82.74,925
1786540800,82.72,82.86,82.6,82.78,845
1786541100,82.77,82.95,82.75,82.89,689
1786541400,82.9,83.07,82.8,82.92,914
1786541700,82.91,82.94,82.71,82.74,582
1786542000,82.74,82.84,82.65,82.78,523
1786542300,82.78,82.9,82.73,82.86,423
1786542600,82.85,82.85,82.57,82.62,796
1786542900,82.61,82.72,82.54,82.67,929
1786543200,82.69,82.77,82.5,82.5,780
1786543500,82.51,82.71,82.47,82.61,534
1786543800,82.63,82.89,82.58,82.89,777
1786544100,82.89,82.93,82.68,82.78,548
1786544400,82.78,82.8,82.64,82.7,469
1786544700,82.7,83,82.68,82.99,643
1786545000,83,83.06,82.4,82.78,3641
1786545300,82.78,83.01,82.78,82.94,1326
1786545600,82.95,82.96,82.68,82.77,761
1786545900,82.74,82.99,82.63,82.97,980
1786546200,82.97,83.07,82.87,82.95,804
1786546500,82.97,83.12,82.93,83.01,567
1786546800,83,83.26,82.9,83.22,1100
1786547100,83.21,83.24,83.12,83.17,608
1786547400,83.17,83.2,83.05,83.19,633
1786547700,83.19,83.3,83.18,83.25,698
1786548000,83.24,83.32,83.07,83.08,713
1786548300,83.08,83.24,83,83.12,949
1786548600,83.13,83.32,83.13,83.31,722
1786548900,83.31,83.32,83.13,83.17,509
1786549200,83.15,83.27,83.1,83.26,460
1786549500,83.26,83.43,83.26,83.32,755
1786549800,83.33,83.45,83.33,83.43,643
1786550100,83.41,83.46,83.28,83.31,580
1786550400,83.33,83.34,83.02,83.13,718
1786550700,83.13,83.32,83.11,83.32,416
1786551000,83.31,83.32,83,83.02,638
1786551300,83.01,83.22,82.95,83.19,670
1786551600,83.19,83.25,83.14,83.22,401
1786551900,83.21,83.26,83.11,83.13,380
1786552200,83.13,83.26,83.07,83.23,436
1786552500,83.22,83.23,83.07,83.1,187
1786552800,83.1,83.1,82.97,83.08,433
1786553100,83.08,83.13,83.02,83.06,284
1786553400,83.06,83.11,83.01,83.05,297
1786553700,83.06,83.12,82.86,82.89,849
1786554000,82.89,82.92,82.8,82.89,577
1786554300,82.87,82.96,82.78,82.95,546
1786554600,82.95,83.04,82.94,83.01,805
1786554900,83,83.38,83,83.27,1771
1786555200,83.25,83.25,82.82,82.82,1163
1786555500,82.83,83.02,82.82,83,594
1786555800,83,83.09,82.9,82.93,501
1786556100,82.93,83.13,82.92,83.12,672
1786556400,83.12,83.23,83,83.07,1181
1786556700,83.07,83.07,82.95,83,490
1786557000,82.99,83.21,82.92,83.17,1002
1786557300,83.18,83.19,83.09,83.13,579
1786557600,83.14,83.18,82.94,82.95,756
1786557900,82.96,83,82.83,82.84,866
1786558200,82.84,82.91,82.81,82.88,575
1786558500,82.89,83.01,82.88,82.94,595
1786558800,82.93,83.03,82.92,82.99,648
1786559100,82.99,83.4,82.91,83.37,5183
1786559400,83.37,83.39,83.23,83.35,1293
1786559700,83.35,83.39,83.25,83.36,571
1786560000,83.35,83.35,83.23,83.24,251
1786560300,83.25,83.26,83.18,83.21,193
1786560600,83.2,83.24,83.14,83.2,209
1786560900,83.22,83.24,83.19,83.2,148
1786561200,83.2,83.22,83.1,83.13,181
1786561500,83.12,83.12,83.07,83.1,140
1786561800,83.11,83.12,83.06,83.12,104
1786562100,83.12,83.15,83.1,83.11,187
1786562400,83.1,83.14,83.08,83.1,114
1786562700,83.1,83.13,83.03,83.07,217
1786563000,83.07,83.07,82.94,82.98,311
1786563300,82.97,83.03,82.87,82.98,218
1786563600,82.99,83.01,82.93,82.97,166
1786563900,82.98,83,82.93,82.95,89
1786564200,82.96,83,82.94,82.95,100
1786564500,82.99,83.03,82.95,83.01,607
1786564800,83.02,83.02,82.89,82.92,143
1786565100,82.9,82.9,82.83,82.85,119
1786565400,82.83,82.91,82.79,82.88,175
1786565700,82.89,82.9,82.86,82.87,59
1786566000,82.88,82.88,82.83,82.84,51
1786566300,82.85,82.9,82.85,82.88,52
1786566600,82.86,82.88,82.81,82.84,37
1786566900,82.84,82.85,82.55,82.58,778
1786567200,82.57,82.64,82.54,82.62,161
1786567500,82.63,82.64,82.5,82.61,347
1786567800,82.63,82.65,82.52,82.6,238
1786568100,82.61,82.65,82.56,82.58,146
1786572000,82.7,82.75,82.6,82.7,233
1786572300,82.72,82.85,82.72,82.82,181
1786572600,82.79,82.79,82.7,82.72,62
1786572900,82.77,82.79,82.76,82.77,17
1786573200,82.76,82.76,82.71,82.74,22
1786573500,82.74,82.76,82.71,82.73,36
1786573800,82.73,82.73,82.69,82.69,20
1786574100,82.69,82.7,82.65,82.67,41
1786574400,82.68,82.69,82.65,82.67,24
1786574700,82.69,82.7,82.68,82.7,18
1786575000,82.69,82.7,82.68,82.68,17
1786575300,82.67,82.7,82.67,82.7,11
1786575600,82.71,82.74,82.69,82.71,19
1786575900,82.72,82.72,82.71,82.71,5
1786576200,82.72,82.73,82.7,82.73,19
1786576500,82.72,82.73,82.7,82.73,15
1786576800,82.73,82.8,82.73,82.76,79
1786577100,82.76,82.77,82.75,82.75,10
1786577400,82.76,82.78,82.75,82.77,18
1786577700,82.77,82.79,82.71,82.72,74
1786578000,82.74,82.75,82.71,82.74,26
1786578300,82.72,82.72,82.66,82.67,16
1786578600,82.66,82.72,82.63,82.69,45
1786578900,82.69,82.7,82.65,82.67,44
1786579200,82.65,82.65,82.52,82.56,348
1786579500,82.57,82.64,82.47,82.51,159
1786579800,82.53,82.57,82.25,82.44,402
1786580100,82.46,82.48,82.33,82.45,209
1786580400,82.46,82.52,82.33,82.36,131
1786580700,82.36,82.39,82.29,82.36,125
1786581000,82.36,82.39,82.26,82.34,309
1786581300,82.33,82.36,82.3,82.31,88
1786581600,82.29,82.33,82.26,82.27,193
1786581900,82.27,82.3,82.18,82.29,179
1786582200,82.27,82.29,82.23,82.25,68
1786582500,82.27,82.34,82.06,82.09,286
1786582800,82.08,82.23,81.9,82.14,700
1786583100,82.12,82.2,82.03,82.06,230
1786583400,82.05,82.2,81.96,82.16,211
1786583700,82.17,82.23,82.13,82.15,67
1786584000,82.18,82.33,82.17,82.28,290
1786584300,82.29,82.34,82.26,82.34,106
1786584600,82.34,82.42,82.24,82.31,186
1786584900,82.29,82.34,82.25,82.32,67
1786585200,82.28,82.37,82.26,82.26,159
1786585500,82.26,82.28,82.18,82.21,189
1786585800,82.2,82.32,82.15,82.28,88
1786586100,82.27,82.3,82.18,82.26,97
1786586400,82.24,82.33,82.2,82.26,111
1786586700,82.27,82.27,82.14,82.24,75
1786587000,82.2,82.25,82.12,82.13,81
1786587300,82.13,82.14,82.09,82.1,32
1786587600,82.1,82.17,82.08,82.15,33
1786587900,82.14,82.17,82.1,82.17,52
1786588200,82.18,82.24,82.13,82.16,88
1786588500,82.12,82.19,82.11,82.18,34
1786588800,82.19,82.21,82.11,82.21,28
1786589100,82.18,82.25,82.18,82.23,65
1786589400,82.22,82.23,82.18,82.21,32
1786589700,82.21,82.31,82.2,82.25,70
1786590000,82.25,82.28,82.15,82.22,109
1786590300,82.2,82.2,82.07,82.12,57
1786590600,82.11,82.11,82.03,82.06,91
1786590900,82.06,82.22,82.06,82.22,71
1786591200,82.21,82.37,82.21,82.37,183
1786591500,82.37,82.44,82.3,82.42,198
1786591800,82.41,82.61,82.41,82.5,271
1786592100,82.5,82.51,82.41,82.44,98
1786592400,82.45,82.48,82.43,82.43,49
1786592700,82.43,82.5,82.42,82.43,62
1786593000,82.45,82.54,82.41,82.54,58
1786593300,82.54,82.68,82.54,82.61,188
1786593600,82.61,82.73,82.61,82.73,141
1786593900,82.73,82.77,82.66,82.75,140
1786594200,82.76,82.87,82.74,82.87,159
1786594500,82.86,82.95,82.86,82.89,285
1786594800,82.9,82.94,82.88,82.93,128
1786595100,82.93,82.97,82.89,82.97,107
1786595400,82.97,83.01,82.95,83,164
1786595700,82.99,83,82.89,82.93,169
1786596000,82.94,82.95,82.86,82.94,102
1786596300,82.94,82.95,82.87,82.9,141
1786596600,82.9,82.95,82.9,82.92,33
1786596900,82.92,83.01,82.87,83,144
1786597200,83.01,83.14,83,83.11,327
1786597500,83.1,83.12,83.04,83.1,124
1786597800,83.1,83.16,83.03,83.03,192
1786598100,83.02,83.1,83,83.06,126
1786598400,83.05,83.08,82.99,83,141
1786598700,83,83.04,82.92,82.99,160
1786599000,82.98,83.22,82.97,83.04,342
1786599300,83.05,83.05,82.88,82.91,181
1786599600,82.92,83,82.92,82.93,119
1786599900,82.93,83.07,82.93,82.96,119
1786600200,82.99,83.18,82.99,83.17,210
1786600500,83.18,83.23,83.02,83.12,412
1786600800,83.1,83.19,83,83.11,198
1786601100,83.11,83.16,83.04,83.08,148
1786601400,83.07,83.09,83,83.06,140
1786601700,83.04,83.11,82.94,83.05,110
1786602000,83.03,83.14,83,83.09,99
1786602300,83.09,83.11,83.01,83.06,111
1786602600,83.06,83.27,83.06,83.26,280
1786602900,83.26,83.3,83.17,83.22,232
1786603200,83.22,83.22,82.95,82.95,419
1786603500,82.96,83.07,82.93,83.07,269
1786603800,83.07,83.07,82.82,82.84,232
1786604100,82.83,82.88,82.7,82.74,439
1786604400,82.74,82.87,82.69,82.84,334
1786604700,82.86,82.87,82.77,82.78,167
1786605000,82.83,82.96,82.75,82.94,252
1786605300,82.91,83.12,82.91,82.96,276
1786605600,82.96,82.96,82.78,82.78,222
1786605900,82.78,82.88,82.57,82.6,831
1786606200,82.59,82.6,82.17,82.2,1094
1786606500,82.2,82.34,82.09,82.11,566
1786606800,82.11,82.15,81.8,81.87,1220
1786607100,81.86,82.14,81.86,82.13,490
1786607400,82.12,82.14,81.99,82,320
1786607700,81.98,82.26,81.92,82.21,529
1786608000,82.21,82.46,82.2,82.24,737
1786608300,82.25,82.3,82.03,82.18,415
1786608600,82.17,82.27,82.1,82.14,351
1786608900,82.14,82.17,82.02,82.17,291
1786609200,82.17,82.26,82.07,82.09,328
1786609500,82.08,82.16,81.83,82.09,1168
1786609800,82.1,82.15,81.67,81.73,968
1786610100,81.73,81.86,81.69,81.81,590
1786610400,81.81,81.86,81.64,81.85,395
1786610700,81.86,81.9,81.79,81.8,247
1786611000,81.8,81.88,81.76,81.79,223
1786611300,81.79,81.84,81.72,81.81,244
1786611600,81.8,81.82,81.57,81.6,616
1786611900,81.6,81.74,81.46,81.74,734
1786612200,81.72,81.72,81.25,81.34,772
1786612500,81.34,81.57,81.34,81.51,738
1786612800,81.5,81.55,81.41,81.55,287
1786613100,81.53,81.83,81.48,81.73,429
1786613400,81.73,81.74,81.57,81.71,348
1786613700,81.71,81.82,81.6,81.78,238
1786614000,81.79,81.89,81.74,81.81,322
1786614300,81.81,81.88,81.73,81.83,244
1786614600,81.83,81.83,81.7,81.71,397
1786614900,81.7,81.88,81.63,81.87,348
1786615200,81.87,82.07,81.85,82.01,565
1786615500,82,82.15,81.97,82.13,281
1786615800,82.13,82.18,81.97,82.11,824
1786616100,82.1,82.12,81.98,82.03,260
1786616400,82.01,82.01,81.66,81.68,518
1786616700,81.67,81.74,81.5,81.5,799
1786617000,81.49,81.56,81.36,81.53,556
1786617300,81.53,81.6,81.42,81.48,334
1786617600,81.49,81.62,81.47,81.49,163
1786617900,81.49,81.59,81.4,81.41,246
1786618200,81.4,81.59,81.35,81.57,385
1786618500,81.56,81.56,81.43,81.45,174
1786618800,81.44,81.56,81.39,81.52,262
1786619100,81.53,81.54,81.4,81.41,190
1786619400,81.41,81.45,81.26,81.44,329
1786619700,81.42,81.54,81.38,81.44,267
1786620000,81.44,81.6,81.42,81.57,316
1786620300,81.56,81.65,81.52,81.58,357
1786620600,81.59,81.6,81.42,81.48,311
1786620900,81.52,81.7,81.49,81.67,279
1786621200,81.67,81.72,81.6,81.61,222
1786621500,81.62,81.62,81.51,81.62,188
1786621800,81.62,81.65,81.46,81.53,305
1786622100,81.55,81.61,81.51,81.6,108
1786622400,81.61,81.65,81.43,81.47,326
1786622700,81.46,81.47,81.08,81.2,1347
1786623000,81.2,81.56,81.12,81.52,1072
1786623300,81.53,81.6,81.45,81.53,483
1786623600,81.54,81.64,81.49,81.56,382
1786623900,81.55,81.58,81.41,81.5,291
1786624200,81.51,81.59,81.27,81.3,497
1786624500,81.31,81.41,81.2,81.21,656
1786624800,81.22,81.36,81.13,81.27,618
1786625100,81.28,81.34,81.18,81.33,325
1786625400,81.31,81.32,81.23,81.26,329
1786625700,81.27,81.31,81.19,81.21,338
1786626000,81.22,81.3,81.08,81.28,1360
1786626300,81.26,81.35,80.82,80.91,1647
1786626600,80.89,81.07,80.79,80.91,1154
1786626900,80.9,81.09,80.87,81.06,621
1786627200,81.04,81.07,80.87,80.94,716
1786627500,80.93,81.08,80.87,81.04,636
1786627800,81.05,81.15,80.84,81.05,1253
1786628100,81.05,81.26,81.02,81.22,760
1786628400,81.22,81.35,81.22,81.28,746
1786628700,81.27,81.27,81.07,81.1,575
1786629000,81.07,81.21,80.3,80.72,2672
1786629300,80.7,80.83,80.62,80.66,1380
1786629600,80.64,80.66,80.31,80.37,1969
1786629900,80.36,80.38,80.11,80.11,1991
1786630200,80.12,80.31,80.09,80.31,1453
1786630500,80.3,80.46,80.26,80.35,1312
1786630800,80.35,80.67,80.32,80.56,1178
1786631100,80.55,80.83,80.53,80.81,934
1786631400,80.82,80.99,80.75,80.86,1699
1786631700,80.87,81.04,80.79,80.92,951
1786632000,80.91,81.05,80.89,80.96,1131
1786632300,80.95,81.14,80.91,81.08,643
1786632600,81.08,81.23,81.05,81.2,1020
1786632900,81.18,81.29,81.13,81.23,654
1786633200,81.23,81.48,81.21,81.44,1158
1786633500,81.44,81.57,81.39,81.49,1694
1786633800,81.49,82.07,81.45,82.06,2747
1786634100,82.06,82.48,81.99,82.17,3022
1786634400,82.18,82.34,82.1,82.32,1432
1786634700,82.33,82.73,82.3,82.62,3975
1786635000,82.62,82.64,82.34,82.53,2327
1786635300,82.53,82.54,82.12,82.13,1656
1786635600,82.14,82.39,82.04,82.36,1270
1786635900,82.35,82.5,82.32,82.45,901
1786636200,82.46,82.69,82.4,82.52,906
1786636500,82.52,82.65,82.51,82.57,746
1786636800,82.57,82.66,82.46,82.64,629
1786637100,82.63,82.67,82.42,82.45,596
1786637400,82.45,82.64,82.42,82.54,551
1786637700,82.52,82.59,82.39,82.43,484
1786638000,82.43,82.45,82.24,82.28,983
1786638300,82.28,82.44,82.23,82.3,424
1786638600,82.3,82.32,81.93,82,889
1786638900,82,82.08,81.96,81.99,1104
1786639200,81.99,82.02,81.89,81.94,1076
1786639500,81.93,82.01,81.85,81.86,905
1786639800,81.85,81.97,81.82,81.91,792
1786640100,81.91,82.06,81.91,81.94,749
1786640400,81.94,82,81.86,81.91,692
1786640700,81.9,82.01,81.87,81.98,485
1786641000,81.99,82.15,81.99,82.08,819
1786641300,82.08,82.11,81.93,82.06,406
1786641600,82.06,82.08,81.88,81.9,479
1786641900,81.9,81.91,81.83,81.85,393
1786642200,81.85,81.99,81.82,81.99,405
1786642500,82,82.04,81.85,81.94,358
1786642800,81.94,82.06,81.93,82.05,283
1786643100,82.06,82.07,81.88,81.91,516
1786643400,81.9,81.95,81.84,81.9,573
1786643700,81.9,81.92,81.8,81.81,594
1786644000,81.81,81.81,81.38,81.4,1656
1786644300,81.41,81.52,81.28,81.29,1165
1786644600,81.29,81.3,81.07,81.22,1045
1786644900,81.22,81.39,81.17,81.35,882
1786645200,81.36,81.59,81.34,81.46,1286
1786645500,81.46,81.54,81.08,81.18,4668
1786645800,81.18,81.19,81.04,81.14,1477
1786646100,81.13,81.2,80.92,80.94,1059
1786646400,80.93,81.01,80.86,81,987
1786646700,81.01,81.07,80.92,81.04,326
1786647000,81.03,81.2,81,81.17,523
1786647300,81.15,81.22,81.11,81.15,342
1786647600,81.16,81.16,81.05,81.09,184
1786647900,81.09,81.12,81.05,81.08,174
1786648200,81.07,81.23,81.07,81.22,305
1786648500,81.23,81.3,81.23,81.27,234
1786648800,81.27,81.32,81.21,81.22,194
1786649100,81.21,81.23,81.16,81.22,114
1786649400,81.23,81.28,81.21,81.23,166
1786649700,81.22,81.28,81.22,81.23,91
1786650000,81.24,81.29,81.23,81.27,148
1786650300,81.29,81.3,81.22,81.22,155
1786650600,81.23,81.24,81.12,81.21,276
1786650900,81.22,81.35,81.18,81.27,356
1786651200,81.28,81.28,81.1,81.18,153
1786651500,81.18,81.23,81.07,81.22,126
1786651800,81.23,81.24,81.16,81.16,51
1786652100,81.17,81.19,81.14,81.18,36
1786652400,81.17,81.2,81.14,81.17,69
1786652700,81.17,81.3,81.12,81.29,387
1786653000,81.27,81.31,81.1,81.15,259
1786653300,81.15,81.2,81.09,81.1,149
1786653600,81.11,81.23,81.11,81.22,112
1786653900,81.21,81.22,81.17,81.2,40
1786654200,81.21,81.21,81.12,81.2,91
1786654500,81.21,81.21,81.1,81.21,314
1786658400,81.27,81.27,81.02,81.08,304
1786658700,81.09,81.09,81.03,81.06,152
1786659000,81.08,81.08,81.05,81.07,51
1786659300,81.08,81.08,81.04,81.05,103
1786659600,81.04,81.08,81.04,81.06,42
1786659900,81.07,81.11,81.07,81.1,41
1786660200,81.09,81.1,81.09,81.1,5
1786660500,81.08,81.08,81.07,81.07,17
1786660800,81.07,81.09,81.06,81.08,21
1786661100,81.06,81.14,81.05,81.11,38
1786661400,81.11,81.11,81.06,81.08,13
1786661700,81.07,81.12,81.06,81.08,55
1786662000,81.07,81.15,81.06,81.14,25
1786662300,81.14,81.18,81.13,81.16,48
1786662600,81.14,81.15,81.14,81.15,3
1786662900,81.15,81.19,81.15,81.18,17
1786663200,81.2,81.21,81.17,81.18,29
1786663500,81.19,81.23,81.19,81.23,36
1786663800,81.22,81.26,81.2,81.24,28
1786664100,81.24,81.29,81.24,81.28,41
1786664400,81.29,81.33,81.29,81.32,99
1786664700,81.33,81.34,81.28,81.33,56
1786665000,81.34,81.36,81.31,81.35,48
1786665300,81.35,81.36,81.32,81.33,53
1786665600,81.33,81.42,81.28,81.4,244
1786665900,81.41,81.44,81.27,81.31,211
1786666200,81.33,81.41,81.33,81.35,158
1786666500,81.35,81.39,81.19,81.24,193
1786666800,81.24,81.27,81.2,81.27,36
1786667100,81.28,81.34,81.22,81.22,72
1786667400,81.23,81.26,81.22,81.23,25
1786667700,81.24,81.24,81.19,81.19,16
1786668000,81.2,81.21,81.14,81.15,53
1786668300,81.16,81.19,81.13,81.14,51
1786668600,81.14,81.15,81.08,81.1,113
1786668900,81.12,81.13,81.04,81.06,101
1786669200,81.06,81.29,81,81.28,340
1786669500,81.27,81.37,81.23,81.33,125
1786669800,81.29,81.3,81.18,81.2,105
1786670100,81.2,81.33,81.16,81.32,151
1786670400,81.33,81.4,81.12,81.14,137
1786670700,81.17,81.31,81.15,81.3,97
1786671000,81.31,81.33,81.06,81.1,189
1786671300,81.11,81.12,80.91,80.97,233
1786671600,80.98,81.03,80.91,80.99,100
1786671900,80.98,81.02,80.89,80.93,71
1786672200,80.91,80.93,80.82,80.86,112
1786672500,80.88,80.96,80.84,80.93,159
1786672800,80.92,80.92,80.71,80.83,703
1786673100,80.85,80.95,80.8,80.9,97
1786673400,80.93,80.95,80.85,80.92,106
1786673700,80.91,80.96,80.89,80.89,24
1786674000,80.88,80.9,80.86,80.86,19
1786674300,80.85,80.86,80.79,80.81,73
1786674600,80.83,81.1,80.82,81.1,237
1786674900,81.11,81.19,81.09,81.13,183
1786675200,81.13,81.28,81.12,81.24,140
1786675500,81.24,81.37,81.23,81.3,171
1786675800,81.31,81.35,81.24,81.35,99
1786676100,81.35,81.4,81.32,81.39,104
1786676400,81.38,81.39,81.21,81.23,89
1786676700,81.23,81.28,81.2,81.28,44
1786677000,81.28,81.35,81.27,81.3,44
1786677300,81.3,81.3,81.26,81.26,36
1786677600,81.27,81.27,81.21,81.22,40
1786677900,81.23,81.33,81.21,81.31,52
1786678200,81.31,81.44,81.31,81.42,257
1786678500,81.44,81.47,81.42,81.42,83
1786678800,81.41,81.41,81.32,81.34,80
1786679100,81.35,81.4,81.32,81.33,30
1786679400,81.33,81.37,81.3,81.37,27
1786679700,81.38,81.39,81.33,81.33,32
1786680000,81.35,81.45,81.35,81.45,78
1786680300,81.44,81.44,81.37,81.38,31
1786680600,81.38,81.39,81.32,81.34,36
1786680900,81.35,81.36,81.26,81.28,67
1786681200,81.27,81.31,81.26,81.27,77
1786681500,81.26,81.3,81.2,81.3,80
1786681800,81.3,81.35,81.29,81.34,82
1786682100,81.33,81.38,81.32,81.34,55
1786682400,81.32,81.34,81.3,81.34,52
1786682700,81.33,81.37,81.3,81.37,45
1786683000,81.37,81.41,81.34,81.34,79
1786683300,81.35,81.39,81.34,81.38,52
1786683600,81.38,81.43,81.32,81.41,71
1786683900,81.39,81.41,81.34,81.36,55
1786684200,81.36,81.4,81.28,81.31,106
1786684500,81.3,81.36,81.29,81.36,60
1786684800,81.35,81.42,81.34,81.39,96
1786685100,81.38,81.43,81.38,81.42,77
1786685400,81.41,81.57,81.41,81.51,458
1786685700,81.5,81.75,81.49,81.68,459
1786686000,81.66,81.7,81.59,81.62,157
1786686300,81.61,81.67,81.56,81.65,137
1786686600,81.67,81.79,81.66,81.78,146
1786686900,81.78,82,81.77,81.98,776
1786687200,82,82.06,81.92,81.99,283
1786687500,82,82.1,81.96,81.96,247
1786687800,81.95,81.98,81.8,81.87,301
1786688100,81.88,82.04,81.87,82.01,262
1786688400,82.01,82.11,81.97,81.98,396
1786688700,81.98,82.25,81.96,82.21,402
1786689000,82.21,82.21,82.09,82.14,194
1786689300,82.15,82.15,81.98,82.02,170
1786689600,82.02,82.27,82.01,82.12,475
1786689900,82.13,82.22,82.07,82.07,326
1786690200,82.07,82.19,82.07,82.1,290
1786690500,82.13,82.18,82.09,82.18,131
1786690800,82.17,82.64,82.16,82.59,1433
1786691100,82.58,82.7,82.57,82.66,665
1786691400,82.67,82.99,82.64,82.96,1175
1786691700,82.96,82.99,82.77,82.85,674
1786692000,82.85,82.88,82.7,82.71,402
1786692300,82.71,82.76,82.64,82.75,379
1786692600,82.76,82.84,82.75,82.78,200
1786692900,82.79,82.81,82.68,82.7,251
1786693200,82.71,82.85,82.71,82.81,239
1786693500,82.81,82.81,82.67,82.69,215
1786693800,82.7,82.88,82.68,82.83,294
1786694100,82.83,82.94,82.76,82.88,614
1786694400,82.87,82.89,82.68,82.74,437
1786694700,82.74,82.85,82.69,82.8,394
1786695000,82.79,82.97,82.77,82.84,433
1786695300,82.86,82.89,82.71,82.74,325
1786695600,82.73,82.84,82.7,82.79,211
1786695900,82.79,82.79,82.46,82.53,1934
1786696200,82.53,82.73,82.52,82.6,885
1786696500,82.58,82.58,82.22,82.28,831
1786696800,82.29,82.6,82.28,82.55,671
1786697100,82.57,82.6,82.45,82.55,365
1786697400,82.59,82.62,82.43,82.53,223
1786697700,82.53,82.59,82.5,82.54,104
1786698000,82.56,82.6,82.42,82.5,393
1786698300,82.5,82.53,82.31,82.36,284
1786698600,82.36,82.44,82.3,82.35,245
1786698900,82.34,82.39,82.26,82.33,333
1786699200,82.33,82.33,82.09,82.16,610
1786699500,82.16,82.24,82.11,82.14,314
1786699800,82.15,82.27,82.02,82.26,451
1786700100,82.26,82.45,82.22,82.4,540
1786700400,82.38,82.4,82.19,82.27,304
1786700700,82.28,82.33,82.15,82.28,339
1786701000,82.3,82.36,82.08,82.09,459
1786701300,82.07,82.21,82.02,82.09,309
1786701600,82.1,82.1,81.97,82.05,255
1786701900,82.03,82.03,81.8,81.86,561
1786702200,81.86,81.88,81.76,81.83,530
1786702500,81.84,81.84,81.72,81.8,208
1786702800,81.78,81.82,81.73,81.76,234
1786703100,81.8,81.94,81.79,81.83,362
1786703400,81.83,81.89,81.73,81.78,345
1786703700,81.77,81.83,81.68,81.68,319
1786704000,81.69,81.81,81.69,81.73,214
1786704300,81.73,81.79,81.63,81.65,256
1786704600,81.65,81.65,81.42,81.43,828
1786704900,81.44,81.61,81.42,81.51,379
1786705200,81.51,81.86,81.5,81.79,737
1786705500,81.8,81.83,81.65,81.72,328
1786705800,81.71,81.83,81.68,81.69,320
1786706100,81.7,81.76,81.66,81.73,192
1786706400,81.73,81.78,81.62,81.71,228
1786706700,81.69,81.75,81.57,81.69,266
1786707000,81.69,81.73,81.58,81.63,476
1786707300,81.62,81.65,81.47,81.53,399
1786707600,81.54,81.55,81.43,81.49,264
1786707900,81.51,81.6,81.46,81.51,427
1786708200,81.5,81.53,81.43,81.51,343
1786708500,81.51,81.65,81.51,81.56,356
1786708800,81.56,81.76,81.52,81.76,350
1786709100,81.74,81.95,81.7,81.92,1102
1786709400,81.93,82.18,81.83,81.91,1308
1786709700,81.89,82.06,81.88,81.98,385
1786710000,81.98,82,81.78,81.83,606
1786710300,81.83,81.95,81.78,81.78,357
1786710600,81.78,81.8,81.35,81.38,1193
1786710900,81.38,81.55,81.35,81.45,763
1786711200,81.47,81.61,81.31,81.34,604
1786711500,81.35,81.36,81.15,81.17,805
1786711800,81.17,81.28,81.12,81.24,617
1786712100,81.23,81.29,81.13,81.14,425
1786712400,81.14,81.37,81.09,81.29,647
1786712700,81.26,81.45,81.14,81.41,552
1786713000,81.4,81.43,81.3,81.4,448
1786713300,81.4,81.53,81.31,81.41,845
1786713600,81.4,81.45,81.2,81.3,532
1786713900,81.28,81.31,81.07,81.29,845
1786714200,81.29,81.29,80.99,81.01,1492
1786714500,81,81.05,80.81,80.82,1785
1786714800,80.82,80.95,80.76,80.89,795
1786715100,80.89,81,80.83,80.98,555
1786715400,80.97,81.06,80.87,81.05,598
1786715700,81.06,81.21,80.99,81.17,554
1786716000,81.17,81.42,81.12,81.32,1484
1786716300,81.35,81.48,81.32,81.46,835
1786716600,81.46,81.54,81.16,81.22,1271
1786716900,81.2,81.43,81.14,81.43,1283
1786717200,81.4,81.53,81.31,81.5,1061
1786717500,81.49,81.53,81.37,81.37,675
1786717800,81.37,81.62,81.37,81.51,974
1786718100,81.51,81.66,81.43,81.55,719
1786718400,81.54,81.78,81.51,81.71,1165
1786718700,81.69,81.71,81.34,81.59,1997
1786719000,81.6,81.74,81.52,81.73,1388
1786719300,81.72,81.87,81.7,81.71,784
1786719600,81.72,81.83,81.58,81.81,794
1786719900,81.81,81.84,81.71,81.72,552
1786720200,81.72,81.73,81.55,81.67,919
1786720500,81.68,81.7,81.34,81.5,1493
1786720800,81.5,81.75,81.47,81.69,581
1786721100,81.72,81.88,81.67,81.72,1591
1786721400,81.73,81.91,81.67,81.76,1240
1786721700,81.75,81.77,81.63,81.68,412
1786722000,81.68,81.71,81.5,81.59,617
1786722300,81.58,81.77,81.57,81.71,378
1786722600,81.73,81.75,81.54,81.66,441
1786722900,81.66,81.72,81.65,81.66,170
1786723200,81.66,81.68,81.59,81.62,298
1786723500,81.63,81.7,81.53,81.7,457
1786723800,81.7,81.83,81.63,81.7,471
1786724100,81.71,81.85,81.68,81.76,384
1786724400,81.76,81.9,81.72,81.84,399
1786724700,81.83,81.99,81.83,81.93,708
1786725000,81.93,81.95,81.83,81.89,365
1786725300,81.88,81.89,81.78,81.83,326
1786725600,81.83,82,81.79,81.99,327
1786725900,81.99,82.02,81.88,82.01,905
1786726200,82.01,82.02,81.9,81.93,548
1786726500,81.93,82,81.85,81.92,301
1786726800,81.92,82.04,81.84,81.97,569
1786727100,81.98,82.1,81.92,82.08,454
1786727400,82.08,82.3,82.08,82.2,1527
1786727700,82.21,82.28,82.05,82.13,670
1786728000,82.14,82.26,82.08,82.14,442
1786728300,82.15,82.19,82.09,82.17,311
1786728600,82.17,82.29,82.17,82.22,375
1786728900,82.23,82.31,82.16,82.18,321
1786729200,82.18,82.3,82.14,82.29,440
1786729500,82.29,82.34,82.23,82.32,359
1786729800,82.32,82.4,82.32,82.33,547
1786730100,82.33,82.34,82.28,82.29,494
1786730400,82.29,82.3,82.09,82.16,766
1786730700,82.16,82.21,82.09,82.18,425
1786731000,82.18,82.31,82.16,82.24,463
1786731300,82.25,82.38,82.25,82.27,470
1786731600,82.27,82.36,82.23,82.35,528
1786731900,82.34,82.45,82.27,82.4,5088
1786732200,82.4,82.67,82.4,82.59,1493
1786732500,82.58,82.58,82.48,82.48,447
1786732800,82.49,82.57,82.47,82.52,412
1786733100,82.51,82.55,82.32,82.42,312
1786733400,82.41,82.45,82.41,82.44,124
1786733700,82.45,82.45,82.39,82.41,91
1786734000,82.41,82.43,82.32,82.35,296
1786734300,82.34,82.37,82.32,82.33,110
1786734600,82.33,82.37,82.3,82.35,147
1786734900,82.34,82.43,82.19,82.23,961
1786735200,82.24,82.31,82.2,82.3,200
1786735500,82.31,82.32,82.28,82.31,99
1786735800,82.32,82.36,82.26,82.29,115
1786736100,82.29,82.3,82.25,82.28,101
1786736400,82.27,82.35,82.27,82.33,214
1786736700,82.33,82.33,82.28,82.29,221
1786737000,82.28,82.36,82.22,82.32,466
1786737300,82.33,82.42,82.32,82.4,354
1786737600,82.39,82.41,82.25,82.36,286
1786737900,82.36,82.53,82.36,82.45,338
1786738200,82.45,82.45,82.4,82.45,66
1786738500,82.43,82.44,82.33,82.37,82
1786738800,82.37,82.37,82.27,82.33,156
1786739100,82.33,82.35,82.25,82.26,167
1786739400,82.25,82.36,82.23,82.35,112
1786739700,82.35,82.4,82.32,82.39,85
1786740000,82.38,82.42,82.35,82.35,95
1786740300,82.37,82.44,82.37,82.44,118
1786740600,82.43,82.44,82.35,82.36,224
1786740900,82.36,82.46,82.35,82.4,248
1786917600,82.53,82.73,82.42,82.72,436
1786917900,82.72,82.73,82.6,82.62,103
1786918200,82.62,82.66,82.6,82.61,131
1786918500,82.6,82.6,82.53,82.6,134
1786918800,82.57,82.57,82.48,82.5,93
1786919100,82.51,82.54,82.48,82.52,57
1786919400,82.51,82.52,82.46,82.49,123
1786919700,82.48,82.48,82.38,82.41,214
1786920000,82.39,82.39,82.29,82.32,126
1786920300,82.32,82.39,82.32,82.38,83
1786920600,82.39,82.44,82.35,82.39,116
1786920900,82.41,82.42,82.38,82.39,21
1786921200,82.38,82.45,82.37,82.4,30
1786921500,82.42,82.42,82.41,82.41,16
1786921800,82.4,82.4,82.32,82.4,94
1786922100,82.4,82.43,82.38,82.41,60
1786922400,82.42,82.48,82.42,82.44,85
1786922700,82.43,82.46,82.42,82.45,33
1786923000,82.48,82.49,82.47,82.48,21
1786923300,82.47,82.47,82.39,82.43,27
1786923600,82.42,82.44,82.36,82.41,79
1786923900,82.39,82.39,82.34,82.35,65
1786924200,82.34,82.38,82.3,82.35,129
1786924500,82.32,82.36,82.31,82.33,29
1786924800,82.33,82.33,82.2,82.24,131
1786925100,82.24,82.28,82.14,82.15,87
1786925400,82.16,82.16,82.09,82.09,92
1786925700,82.1,82.17,82.08,82.16,66
1786926000,82.16,82.16,82.04,82.06,235
1786926300,82.07,82.16,82.07,82.16,67
1786926600,82.17,82.18,82.12,82.17,51
1786926900,82.18,82.25,82.14,82.25,168
1786927200,82.25,82.29,82.14,82.15,194
1786927500,82.16,82.16,82.11,82.15,50
1786927800,82.14,82.2,82.05,82.05,127
1786928100,82.06,82.08,81.86,81.89,190
1786928400,81.88,82.17,81.72,82.1,426
1786928700,82.1,82.26,82.06,82.22,258
1786929000,82.26,82.37,82.06,82.16,198
1786929300,82.18,82.23,82.08,82.1,104
1786929600,82.12,82.22,82.1,82.18,126
1786929900,82.18,82.4,82.1,82.4,235
1786930200,82.38,82.57,82.38,82.55,388
1786930500,82.54,82.65,82.5,82.53,240
1786930800,82.54,82.82,82.52,82.77,398
1786931100,82.77,82.92,82.63,82.69,298
1786931400,82.72,82.73,82.5,82.55,175
1786931700,82.55,82.61,82.43,82.59,130
1786932000,82.59,82.76,82.56,82.72,160
1786932300,82.71,82.9,82.66,82.8,208
1786932600,82.8,83.04,82.78,82.92,290
1786932900,82.96,82.97,82.84,82.85,122
1786933200,82.84,82.87,82.8,82.87,83
1786933500,82.87,82.93,82.83,82.85,131
1786933800,82.84,82.96,82.79,82.83,287
1786934100,82.82,82.84,82.7,82.71,249
1786934400,82.73,82.75,82.47,82.55,261
1786934700,82.55,82.64,82.42,82.62,195
1786935000,82.61,82.67,82.52,82.56,56
1786935300,82.54,82.54,82.26,82.43,321
1786935600,82.42,82.44,82.39,82.41,74
1786935900,82.41,82.43,82.28,82.34,149
1786936200,82.33,82.39,82.28,82.34,153
1786936500,82.34,82.45,82.29,82.44,112
1786936800,82.43,82.43,82.37,82.38,33
1786937100,82.4,82.46,82.39,82.41,101
1786937400,82.42,82.59,82.42,82.54,355
1786937700,82.55,82.56,82.47,82.51,89
1786938000,82.53,82.58,82.52,82.55,51
1786938300,82.54,82.54,82.42,82.43,106
1786938600,82.43,82.44,82.31,82.34,103
1786938900,82.34,82.34,82.14,82.16,158
1786939200,82.17,82.2,81.94,82.01,494
1786939500,82.02,82.14,81.99,82.14,195
1786939800,82.12,82.13,82.04,82.09,91
1786940100,82.07,82.23,82.07,82.21,143
1786940400,82.18,82.27,82.18,82.27,71
1786940700,82.27,82.35,82.26,82.31,118
1786941000,82.3,82.39,82.23,82.24,210
1786941300,82.23,82.33,82.21,82.21,165
1786941600,82.21,82.23,82.18,82.19,26
1786941900,82.23,82.26,82.18,82.23,58
1786942200,82.24,82.25,82.17,82.21,119
1786942500,82.22,82.24,82.13,82.15,60
1786942800,82.14,82.19,82.07,82.09,82
1786943100,82.08,82.2,82.08,82.16,54
1786943400,82.17,82.21,82.17,82.2,81
1786943700,82.19,82.2,82.1,82.1,77
1786944000,82.11,82.12,82.04,82.07,90
1786944300,82.08,82.14,82.05,82.13,71
1786944600,82.12,82.19,81.93,81.93,289
1786944900,81.93,82.17,81.92,82.15,368
1786945200,82.14,82.18,82.02,82.11,67
1786945500,82.12,82.14,81.97,82.04,80
1786945800,82.02,82.03,81.83,81.91,317
1786946100,81.9,81.96,81.79,81.85,211
1786946400,81.84,81.88,81.63,81.88,457
1786946700,81.89,81.98,81.86,81.89,227
1786947000,81.9,81.92,81.73,81.87,225
1786947300,81.86,81.92,81.7,81.75,231
1786947600,81.72,81.88,81.72,81.78,144
1786947900,81.78,81.79,81.7,81.78,222
1786948200,81.79,81.86,81.73,81.82,137
1786948500,81.83,81.84,81.71,81.71,75
1786948800,81.73,81.84,81.71,81.81,247
1786949100,81.81,81.81,81.69,81.77,140
1786949400,81.77,81.86,81.71,81.78,201
1786949700,81.79,81.87,81.76,81.85,92
1786950000,81.86,81.95,81.78,81.92,231
1786950300,81.91,81.97,81.74,81.8,343
1786950600,81.8,81.89,81.68,81.78,269
1786950900,81.77,81.83,81.55,81.63,354
1786951200,81.61,81.7,81.5,81.61,285
1786951500,81.64,81.8,81.64,81.8,209
1786951800,81.82,82.06,81.8,81.85,328
1786952100,81.85,81.85,81.59,81.72,279
1786952400,81.74,81.76,81.65,81.76,164
1786952700,81.76,81.94,81.74,81.92,225
1786953000,81.92,82.21,81.9,82.19,508
1786953300,82.17,82.17,81.95,81.95,256
1786953600,81.94,82.24,81.83,82.22,462
1786953900,82.22,82.27,82.08,82.17,314
1786954200,82.16,82.21,82.08,82.16,165
1786954500,82.15,82.2,82.08,82.14,104
1786954800,82.13,82.3,82.04,82.28,322
1786955100,82.28,82.33,82.07,82.11,727
1786955400,82.11,82.33,82.02,82.24,445
1786955700,82.23,82.25,82.08,82.15,323
1786956000,82.14,82.22,82.05,82.22,215
1786956300,82.2,82.31,82.05,82.23,392
1786956600,82.22,82.33,82.15,82.31,292
1786956900,82.3,82.39,82.24,82.38,324
1786957200,82.38,82.57,82.35,82.53,552
1786957500,82.53,82.65,82.51,82.64,501
1786957800,82.63,82.79,82.6,82.6,632
1786958100,82.6,82.61,82.34,82.51,698
1786958400,82.49,82.55,82.41,82.46,203
1786958700,82.45,82.54,82.43,82.54,132
1786959000,82.54,82.69,82.48,82.67,251
1786959300,82.66,82.95,82.61,82.91,654
1786959600,82.92,82.95,82.77,82.77,565
1786959900,82.78,82.9,82.63,82.86,302
1786960200,82.84,83.16,82.83,83.13,632
1786960500,83.12,83.14,82.96,82.97,623
1786960800,82.96,83.12,82.88,83.12,475
1786961100,83.11,83.23,83.09,83.18,444
1786961400,83.18,83.21,83.07,83.14,417
1786961700,83.13,83.16,83,83.02,479
1786962000,83,83.12,82.99,83.01,210
1786962300,83.01,83.16,81.99,82.13,1982
1786962600,82.12,82.83,81.86,82.78,3869
1786962900,82.78,82.94,82.74,82.92,909
1786963200,82.91,83,82.84,82.86,443
1786963500,82.86,82.97,82.84,82.86,286
1786963800,82.85,82.95,82.52,82.65,808
1786964100,82.66,82.93,82.6,82.84,628
1786964400,82.84,82.91,82.8,82.87,300
1786964700,82.86,82.88,82.51,82.6,1054
1786965000,82.6,82.83,82.59,82.77,615
1786965300,82.76,82.77,82.6,82.66,301
1786965600,82.64,82.78,82.55,82.68,452
1786965900,82.64,82.76,82.61,82.64,291
1786966200,82.63,82.65,82.48,82.52,293
1786966500,82.51,82.55,82.39,82.45,415
1786966800,82.46,82.6,82.46,82.49,228
1786967100,82.49,82.58,82.44,82.58,122
1786967400,82.57,82.61,82.47,82.49,327
1786967700,82.49,82.49,82.33,82.36,507
1786968000,82.36,82.52,82.32,82.52,254
1786968300,82.52,82.52,82.29,82.4,253
1786968600,82.39,82.45,82.28,82.29,362
1786968900,82.27,82.33,82.21,82.31,507
1786969200,82.3,82.46,82.25,82.42,323
1786969500,82.41,83.15,82.37,82.82,4126
1786969800,82.8,82.81,82.59,82.7,746
1786970100,82.71,83.02,82.7,82.92,910
1786970400,82.92,83.09,82.85,82.95,831
1786970700,82.95,83.13,82.93,83.04,663
1786971000,83.03,83.12,82.99,83.01,386
1786971300,83.01,83.14,82.97,82.97,697
1786971600,82.99,83.13,82.79,82.82,1295
1786971900,82.81,82.9,82.67,82.74,689
1786972200,82.74,82.77,82.59,82.66,532
1786972500,82.64,82.66,82.44,82.53,606
1786972800,82.51,83.01,82.5,82.84,1301
1786973100,82.83,82.9,82.77,82.78,401
1786973400,82.77,82.89,82.66,82.68,655
1786973700,82.67,82.84,82.63,82.73,625
1786974000,82.74,82.79,82.66,82.76,644
1786974300,82.75,82.8,82.68,82.74,325
1786974600,82.74,82.74,82.58,82.62,691
1786974900,82.61,82.68,82.54,82.63,358
1786975200,82.62,82.7,82.36,82.42,703
1786975500,82.43,82.53,82.4,82.42,410
1786975800,82.42,82.58,82.41,82.46,378
1786976100,82.46,82.54,82.41,82.48,261
1786976400,82.48,82.56,82.17,82.43,711
1786976700,82.42,82.5,82.34,82.39,340
1786977000,82.39,82.61,82.35,82.5,566
1786977300,82.49,82.59,82.4,82.5,440
1786977600,82.49,82.51,82.32,82.4,492
1786977900,82.39,82.45,82.28,82.34,460
1786978200,82.34,82.34,82.14,82.23,774
1786978500,82.23,82.28,82.1,82.17,593
1786978800,82.18,82.46,82.18,82.34,1000
1786979100,82.33,82.41,82.25,82.38,371
1786979400,82.37,82.41,82.31,82.38,294
1786979700,82.37,82.61,82.37,82.58,623
1786980000,82.57,82.81,82.55,82.78,1291
1786980300,82.77,82.83,82.45,82.6,1809
1786980600,82.59,82.8,82.56,82.64,913
1786980900,82.67,82.71,82.48,82.53,721
1786981200,82.53,82.71,82.46,82.67,791
1786981500,82.66,82.81,82.61,82.76,577
1786981800,82.75,82.82,82.68,82.7,444
1786982100,82.7,82.89,82.69,82.82,572
1786982400,82.84,82.9,82.64,82.65,849
1786982700,82.65,82.72,82.57,82.6,569
1786983000,82.6,82.63,82.36,82.36,844
1786983300,82.37,82.48,82.33,82.37,533
1786983600,82.37,82.5,82.36,82.48,364
1786983900,82.48,82.58,82.46,82.57,284
1786984200,82.56,82.73,82.55,82.72,580
1786984500,82.73,82.81,82.62,82.76,642
1786984800,82.77,82.81,82.71,82.78,421
1786985100,82.77,82.85,82.74,82.79,604
1786985400,82.79,82.87,82.77,82.85,551
1786985700,82.86,82.87,82.74,82.85,319
1786986000,82.85,83.09,82.8,83.07,958
1786986300,83.08,83.48,83.08,83.23,2218
1786986600,83.23,83.47,83.22,83.42,1196
1786986900,83.43,83.76,83.43,83.72,1705
1786987200,83.72,83.79,83.63,83.77,948
1786987500,83.75,83.99,83.73,83.91,1182
1786987800,83.91,84.34,83.86,84.23,1444
1786988100,84.24,84.43,84.2,84.41,1050
1786988400,84.41,84.44,84.07,84.13,1333
1786988700,84.12,84.21,84.05,84.13,776
1786989000,84.14,84.54,84.14,84.53,1195
1786989300,84.53,84.88,84.51,84.79,1774
1786989600,84.77,84.78,84.5,84.52,1150
1786989900,84.54,84.87,84.51,84.85,785
1786990200,84.83,84.84,84.5,84.64,806
1786990500,84.64,84.7,84.56,84.62,846
1786990800,84.62,84.84,84.56,84.68,1131
1786991100,84.69,84.69,84.43,84.46,4052
1786991400,84.46,84.51,84.3,84.31,1563
1786991700,84.3,84.43,84.27,84.31,487
1786992000,84.31,84.38,84.13,84.21,1254
1786992300,84.2,84.27,84.16,84.23,288
1786992600,84.23,84.32,84.2,84.3,408
1786992900,84.31,84.32,84.24,84.25,442
1786993200,84.26,84.38,84.22,84.37,416
1786993500,84.36,84.48,84.36,84.45,296
1786993800,84.44,84.47,84.31,84.32,251
1786994100,84.32,84.39,84.31,84.37,139
1786994400,84.38,84.46,84.37,84.38,148
1786994700,84.38,84.43,84.37,84.4,231
1786995000,84.39,84.42,84.27,84.38,279
1786995300,84.37,84.41,84.35,84.39,167
1786995600,84.42,84.43,84.35,84.39,112
1786995900,84.39,84.46,84.39,84.39,148
1786996200,84.39,84.6,84.39,84.58,435
1786996500,84.58,84.68,84.57,84.65,355
1786996800,84.64,84.75,84.54,84.58,275
1786997100,84.54,84.65,84.51,84.64,108
1786997400,84.66,84.75,84.63,84.67,170
1786997700,84.71,84.74,84.66,84.67,108
1786998000,84.66,84.82,84.66,84.78,472
1786998300,84.76,84.86,84.75,84.86,217
1786998600,84.85,84.93,84.84,84.91,108
1786998900,84.86,84.99,84.83,84.96,207
1786999200,84.97,85.04,84.94,84.95,196
1786999500,84.93,84.97,84.9,84.92,95
1786999800,84.93,84.99,84.88,84.93,62
1787000100,84.95,84.98,84.88,84.95,137
1787004000,84.1,84.25,84.02,84.2,401
1787004300,84.21,84.4,84.19,84.38,233
1787004600,84.35,84.51,84.33,84.43,277
1787004900,84.42,84.46,84.38,84.4,152
1787005200,84.4,84.43,84.32,84.35,150
1787005500,84.34,84.35,84.23,84.24,96
1787005800,84.24,84.27,84.19,84.25,85
1787006100,84.25,84.3,84.25,84.28,48
1787006400,84.3,84.32,84.26,84.27,76
1787006700,84.27,84.31,84.22,84.23,18
1787007000,84.25,84.26,84.21,84.22,25
1787007300,84.22,84.25,84.14,84.18,133
1787007600,84.18,84.25,84.15,84.23,83
1787007900,84.23,84.24,84.19,84.21,21
1787008200,84.19,84.23,84.19,84.21,16
1787008500,84.22,84.25,84.2,84.2,29
1787008800,84.23,84.23,84.17,84.21,21
1787009100,84.22,84.27,84.19,84.21,49
1787009400,84.22,84.24,84.14,84.15,38
1787009700,84.15,84.17,84.11,84.14,43
1787010000,84.15,84.16,84.08,84.1,43
1787010300,84.1,84.1,84.02,84.05,77
1787010600,84.07,84.11,84.05,84.05,34
1787010900,84.07,84.08,84.01,84.07,30
1787011200,84.09,84.1,84,84.06,206
1787011500,84.06,84.16,84.01,84.14,157
1787011800,84.13,84.17,84.04,84.09,92
1787012100,84.09,84.14,84,84.05,130
1787012400,84.08,84.18,84.08,84.16,79
1787012700,84.15,84.18,84.04,84.06,208
1787013000,84.06,84.12,84.04,84.07,59
1787013300,84.06,84.09,84.02,84.03,75
1787013600,84.02,84.04,83.98,84.01,79
1787013900,84.02,84.13,83.98,84.08,116
1787014200,84.1,84.1,83.98,84.02,170
1787014500,84.02,84.06,83.91,83.92,209
1787014800,83.94,84.21,83.77,84.17,727
1787015100,84.15,84.17,83.89,83.9,203
1787015400,83.89,83.93,83.79,83.9,235
1787015700,83.91,84.07,83.89,84.07,122
1787016000,84.06,84.11,84.03,84.04,130
1787016300,84.03,84.07,84,84.03,43
1787016600,84.04,84.05,83.93,84.01,158
1787016900,84,84.22,84,84.22,196
1787017200,84.22,84.32,84.14,84.14,221
1787017500,84.13,84.23,84.11,84.17,101
1787017800,84.21,84.24,84.02,84.07,133
1787018100,84.07,84.11,84.04,84.09,64
1787018400,84.11,84.25,84.09,84.19,137
1787018700,84.18,84.21,84.14,84.16,66
1787019000,84.2,84.21,84.14,84.18,76
1787019300,84.16,84.17,84.09,84.11,62
1787019600,84.12,84.14,84.05,84.09,47
1787019900,84.1,84.14,84.07,84.14,107
1787020200,84.14,84.2,84.08,84.19,77
1787020500,84.16,84.21,84.15,84.19,65
1787020800,84.18,84.29,84.18,84.24,150
1787021100,84.23,84.31,84.15,84.16,263
1787021400,84.17,84.2,84.13,84.19,111
1787021700,84.18,84.23,84.18,84.22,87
1787022000,84.22,84.28,84.19,84.27,117
1787022300,84.27,84.27,84.16,84.2,110
1787022600,84.21,84.4,84.18,84.33,585
1787022900,84.32,84.35,84.25,84.26,153
1787023200,84.26,84.3,84.21,84.27,148
1787023500,84.27,84.29,84.21,84.21,86
1787023800,84.23,84.39,84.23,84.28,151
1787024100,84.3,84.34,84.19,84.25,124
1787024400,84.25,84.31,84.21,84.27,89
1787024700,84.27,84.32,84.24,84.32,60
1787025000,84.34,84.39,84.31,84.39,80
1787025300,84.38,84.48,84.38,84.45,186
1787025600,84.46,84.55,84.43,84.45,346
1787025900,84.47,84.48,84.4,84.45,130
1787026200,84.48,84.51,84.43,84.44,83
1787026500,84.42,84.44,84.32,84.34,126
1787026800,84.36,84.46,84.36,84.4,68
1787027100,84.4,84.43,84.38,84.4,47
1787027400,84.4,84.44,84.4,84.42,48
1787027700,84.4,84.4,84.33,84.34,84
1787028000,84.34,84.36,84.33,84.34,32
1787028300,84.32,84.36,84.3,84.33,67
1787028600,84.35,84.37,84.31,84.31,45
1787028900,84.33,84.35,84.32,84.34,32
1787029200,84.33,84.47,84.33,84.46,68
1787029500,84.46,84.48,84.4,84.43,66
1787029800,84.4,84.44,84.38,84.42,69
1787030100,84.41,84.43,84.4,84.41,49
1787030400,84.42,84.55,84.4,84.41,178
1787030700,84.44,84.47,84.37,84.46,108
1787031000,84.44,84.54,84.32,84.34,161
1787031300,84.35,84.36,84.22,84.31,321
1787031600,84.33,84.38,84.3,84.31,134
1787031900,84.31,84.32,84.16,84.21,159
1787032200,84.2,84.28,84.16,84.24,111
1787032500,84.26,84.35,84.24,84.3,108
1787032800,84.31,84.58,84.3,84.54,418
1787033100,84.55,84.7,84.48,84.66,490
1787033400,84.65,84.69,84.56,84.57,220
1787033700,84.59,84.6,84.5,84.55,200
1787034000,84.55,84.62,84.52,84.59,95
1787034300,84.59,84.73,84.59,84.64,415
1787034600,84.64,84.7,84.62,84.65,158
1787034900,84.65,84.78,84.63,84.77,327
1787035200,84.77,84.87,84.68,84.71,521
1787035500,84.71,84.73,84.59,84.63,334
1787035800,84.62,84.63,84.48,84.51,364
1787036100,84.52,84.61,84.36,84.4,332
1787036400,84.4,84.52,84.34,84.37,475
1787036700,84.37,84.37,84.17,84.19,824
1787037000,84.2,84.25,84.09,84.21,623
1787037300,84.19,84.23,84.06,84.13,479
1787037600,84.15,84.19,84.06,84.11,259
1787037900,84.09,84.11,83.98,84.03,386
1787038200,84.02,84.23,84.01,84.15,463
1787038500,84.15,84.16,84.05,84.14,270
1787038800,84.13,84.28,84.12,84.28,252
1787039100,84.27,84.33,84.19,84.21,322
1787039400,84.21,84.45,84.21,84.31,369
1787039700,84.29,84.41,84.27,84.38,285
1787040000,84.35,84.42,84.26,84.39,328
1787040300,84.39,84.66,84.38,84.4,800
1787040600,84.42,84.43,84.33,84.36,391
1787040900,84.37,84.52,84.27,84.32,344
1787041200,84.33,84.56,84.33,84.45,342
1787041500,84.48,84.5,84.3,84.36,826
1787041800,84.35,84.43,84.1,84.16,830
1787042100,84.16,84.18,84,84.1,585
1787042400,84.1,84.16,84.01,84.07,335
1787042700,84.05,84.36,84.05,84.33,337
1787043000,84.33,84.34,84.12,84.13,274
1787043300,84.13,84.21,84.1,84.13,365
1787043600,84.12,84.17,84.04,84.09,321
1787043900,84.09,84.21,84.06,84.19,196
1787044200,84.19,84.22,84.08,84.14,199
1787044500,84.13,84.14,84.06,84.11,165
1787044800,84.08,84.22,84.06,84.21,302
1787045100,84.2,84.26,84.13,84.2,211
1787045400,84.19,84.26,84.01,84.24,336
1787045700,84.24,84.24,83.99,84.15,381
1787046000,84.14,84.22,84.03,84.08,459
1787046300,84.07,84.22,84.05,84.19,214
1787046600,84.2,84.29,84.04,84.06,354
1787046900,84.05,84.06,83.95,84.04,388
1787047200,84.03,84.07,83.97,84.03,181
1787047500,84.04,84.18,84.04,84.15,251
1787047800,84.14,84.29,84.12,84.19,254
1787048100,84.18,84.29,84.17,84.28,241
1787048400,84.29,84.4,84.25,84.28,442
1787048700,84.29,84.33,84.19,84.2,301
1787049000,84.22,84.25,84.04,84.1,286
1787049300,84.12,84.15,83.89,83.91,776
1787049600,83.9,83.95,83.85,83.91,395
1787049900,83.92,84.07,83.86,83.98,366
1787050200,83.96,83.99,83.9,83.95,293
1787050500,83.95,84.02,83.89,83.98,276
1787050800,83.98,83.99,83.86,83.92,286
1787051100,83.91,83.96,83.86,83.93,332
1787051400,83.94,84.02,83.92,83.99,230
1787051700,84,84.09,83.95,84.07,194
1787052000,84.07,84.12,84.04,84.1,256
1787052300,84.09,84.15,84,84.04,205
1787052600,84.03,84.14,84,84,275
1787052900,84.01,84.07,83.96,84.02,311
1787053200,84.03,84.13,84,84.02,319
1787053500,84.01,84.21,84,84.15,315
1787053800,84.16,84.23,84.1,84.17,254
1787054100,84.18,84.22,84.13,84.15,282
1787054400,84.16,84.26,84,84,742
1787054700,84,84.45,83.99,84.43,1038
1787055000,84.44,84.44,84.32,84.36,500
1787055300,84.37,84.46,84.31,84.35,826
1787055600,84.35,84.4,84.25,84.32,817
1787055900,84.3,84.37,84.24,84.28,450
1787056200,84.27,84.28,84.13,84.18,779
1787056500,84.19,84.29,84.18,84.28,472
1787056800,84.28,84.44,84.28,84.36,838
1787057100,84.36,84.42,84.27,84.3,361
1787057400,84.3,84.38,84.27,84.37,375
1787057700,84.37,84.43,84.29,84.37,434
1787058000,84.37,84.57,84.33,84.4,1686
1787058300,84.4,84.51,84.36,84.36,849
1787058600,84.35,84.47,84.31,84.33,822
1787058900,84.34,84.48,84.34,84.44,704
1787059200,84.44,84.74,84.39,84.74,1458
1787059500,84.74,84.84,84.6,84.72,1551
1787059800,84.73,85.07,84.37,84.4,3807
1787060100,84.4,84.74,84.39,84.58,1068
1787060400,84.57,84.62,84.2,84.31,1307
1787060700,84.31,84.37,84.05,84.08,1493
1787061000,84.09,84.56,84.07,84.53,1442
1787061300,84.53,84.62,84.48,84.56,1062
1787061600,84.57,84.61,84.11,84.17,2223
1787061900,84.2,84.36,84.08,84.16,1655
1787062200,84.17,84.34,84.1,84.12,983
1787062500,84.11,84.17,84.02,84.07,1855
1787062800,84.08,84.11,83.98,84.07,1242
1787063100,84.06,84.15,83.91,83.96,1302
1787063400,83.95,84.11,83.82,83.87,1548
1787063700,83.86,83.94,83.8,83.83,1059
1787064000,83.83,84.05,83.78,84.02,1172
1787064300,84.01,84.05,83.87,83.98,1072
1787064600,83.97,84.52,83.91,84.42,2993
1787064900,84.42,84.55,84.16,84.51,2934
1787065200,84.51,84.54,84.08,84.2,2026
1787065500,84.21,84.4,84.2,84.28,922
1787065800,84.29,84.3,84.06,84.22,833
1787066100,84.23,84.65,84.23,84.54,2019
1787066400,84.54,84.77,84.42,84.72,1085
1787066700,84.73,84.83,84.61,84.8,1376
1787067000,84.81,84.98,84.74,84.98,2522
1787067300,84.99,85.01,84.77,84.81,1249
1787067600,84.8,84.93,84.66,84.87,1222
1787067900,84.88,84.91,84.73,84.77,781
1787068200,84.76,84.89,84.63,84.65,1015
1787068500,84.65,84.77,84.57,84.72,1087
1787068800,84.73,84.73,84.46,84.51,1219
1787069100,84.51,84.52,84.41,84.48,763
1787069400,84.48,84.5,84.35,84.41,644
1787069700,84.41,84.54,84.32,84.36,705
1787070000,84.35,84.37,84.19,84.29,864
1787070300,84.29,84.46,84.26,84.46,644
1787070600,84.46,84.59,84.38,84.56,845
1787070900,84.56,84.61,84.42,84.43,751
1787071200,84.44,84.47,84.32,84.37,608
1787071500,84.37,84.39,84.3,84.39,349
1787071800,84.37,84.37,84.09,84.1,1034
1787072100,84.1,84.21,84.1,84.21,491
1787072400,84.22,84.32,84.12,84.2,833
1787072700,84.2,84.27,84.16,84.18,388
1787073000,84.19,84.3,84.13,84.28,488
1787073300,84.27,84.36,84.14,84.16,920
1787073600,84.16,84.18,84.06,84.11,559
1787073900,84.12,84.32,84.06,84.2,1086
1787074200,84.19,84.3,84.12,84.19,628
1787074500,84.19,84.21,84.13,84.16,282
1787074800,84.16,84.23,84.14,84.21,229
1787075100,84.2,84.2,84.09,84.12,334
1787075400,84.11,84.19,84.06,84.1,531
1787075700,84.1,84.18,84.03,84.05,511
1787076000,84.05,84.17,84.04,84.16,708
1787076300,84.16,84.17,83.98,84.04,783
1787076600,84.04,84.11,83.93,83.96,655
1787076900,83.97,84.13,83.9,84.12,1004
1787077200,84.13,84.15,84.03,84.14,609
1787077500,84.14,84.21,83.95,84,3409
1787077800,83.99,84.09,83.92,84.05,986
1787078100,84.05,84.13,84.04,84.08,352
1787078400,84.05,84.12,84.01,84.1,247
1787078700,84.1,84.14,84.05,84.09,335
1787079000,84.09,84.14,84.07,84.11,277
1787079300,84.1,84.14,84.07,84.08,260
1787079600,84.08,84.15,84.06,84.12,218
1787079900,84.11,84.21,84.1,84.19,253
1787080200,84.19,84.19,84.1,84.14,254
1787080500,84.14,84.14,84.04,84.1,615
1787080800,84.1,84.1,84.04,84.06,291
1787081100,84.06,84.12,84.06,84.09,147
1787081400,84.09,84.09,84.05,84.07,134
1787081700,84.07,84.08,84.01,84.02,265
1787082000,84.01,84.06,84.01,84.05,176
1787082300,84.06,84.13,84.04,84.13,191
1787082600,84.13,84.17,84.1,84.11,248
1787082900,84.1,84.13,84.06,84.09,423
1787083200,84.08,84.11,84.05,84.1,142
1787083500,84.11,84.18,84.09,84.17,198
1787083800,84.16,84.24,84.13,84.22,181
1787084100,84.22,84.25,84.21,84.22,132
1787084400,84.24,84.24,84.21,84.23,113
1787084700,84.24,84.27,84.21,84.24,83
1787085000,84.21,84.43,84.18,84.31,550
1787085300,84.33,84.35,84.3,84.3,68
1787085600,84.29,84.44,84.27,84.43,270
1787085900,84.41,84.54,84.38,84.48,359
1787086200,84.45,84.49,84.44,84.44,110
1787086500,84.47,84.47,84.34,84.42,412
1787090400,84.46,84.55,84.42,84.54,197
1787090700,84.55,84.57,84.47,84.53,137
1787091000,84.54,84.57,84.5,84.52,45
1787091300,84.54,84.54,84.45,84.47,94
1787091600,84.49,84.51,84.42,84.42,130
1787091900,84.43,84.46,84.4,84.45,49
1787092200,84.46,84.47,84.42,84.42,58
1787092500,84.42,84.54,84.41,84.51,162
1787092800,84.49,84.49,84.47,84.48,20
1787093100,84.48,84.48,84.43,84.45,45
1787093400,84.44,84.45,84.43,84.44,26
1787093700,84.44,84.5,84.43,84.45,23
1787094000,84.45,84.52,84.45,84.51,40
1787094300,84.51,84.53,84.45,84.48,64
1787094600,84.49,84.49,84.47,84.47,9
1787094900,84.48,84.5,84.48,84.48,10
1787095200,84.48,84.51,84.48,84.5,6
1787095500,84.48,84.5,84.47,84.47,16
1787095800,84.47,84.55,84.47,84.53,236
1787096100,84.51,84.51,84.47,84.48,38
1787096400,84.48,84.49,84.48,84.49,8
1787096700,84.5,84.52,84.49,84.51,49
1787097000,84.52,84.55,84.49,84.51,47
1787097300,84.5,84.53,84.49,84.5,36
1787097600,84.49,84.51,84.39,84.43,262
1787097900,84.44,84.45,84.36,84.42,161
1787098200,84.43,84.51,84.42,84.49,116
1787098500,84.5,84.55,84.48,84.55,112
1787098800,84.54,84.59,84.53,84.58,114
1787099100,84.59,84.87,84.57,84.82,725
1787099400,84.82,84.95,84.75,84.93,441
1787099700,84.93,84.95,84.65,84.66,346
1787100000,84.66,84.78,84.61,84.72,149
1787100300,84.74,84.79,84.68,84.68,121
1787100600,84.69,84.79,84.64,84.79,107
1787100900,84.79,84.79,84.71,84.75,115
1787101200,84.76,84.97,84.71,84.79,594
1787101500,84.83,84.84,84.75,84.79,159
1787101800,84.82,84.95,84.82,84.86,200
1787102100,84.86,85.04,84.82,84.85,477
1787102400,84.85,84.99,84.75,84.93,314
1787102700,84.92,85.06,84.89,84.93,275
1787103000,84.9,84.98,84.9,84.97,186
1787103300,84.96,84.96,84.77,84.79,221
1787103600,84.79,84.91,84.78,84.9,169
1787103900,84.91,85.05,84.91,85.02,142
1787104200,85.03,85.14,84.98,85.02,374
1787104500,85.02,85.03,84.91,85,112
1787104800,85.02,85.09,84.94,85.09,201
1787105100,85.06,85.06,84.89,84.91,156
1787105400,84.88,84.94,84.84,84.93,71
1787105700,84.95,85.02,84.91,84.92,103
1787106000,84.92,84.92,84.83,84.88,80
1787106300,84.88,84.92,84.85,84.85,57
1787106600,84.85,84.93,84.8,84.93,153
1787106900,84.93,84.95,84.78,84.8,163
1787107200,84.8,84.8,84.66,84.75,223
1787107500,84.74,84.74,84.66,84.69,61
1787107800,84.69,84.85,84.68,84.76,129
1787108100,84.77,84.81,84.69,84.74,65
1787108400,84.75,84.79,84.72,84.78,124
1787108700,84.78,84.89,84.78,84.87,116
1787109000,84.88,84.91,84.8,84.83,102
1787109300,84.84,84.84,84.73,84.8,232
1787109600,84.8,84.83,84.72,84.81,65
1787109900,84.78,84.86,84.77,84.83,73
1787110200,84.8,84.8,84.69,84.72,121
1787110500,84.72,84.72,84.65,84.67,111
1787110800,84.66,84.71,84.6,84.62,113
1787111100,84.64,84.73,84.62,84.72,99
1787111400,84.71,84.73,84.68,84.7,35
1787111700,84.69,84.7,84.66,84.68,43
1787112000,84.7,84.77,84.7,84.74,49
1787112300,84.75,84.82,84.73,84.82,102
1787112600,84.81,84.86,84.78,84.81,52
1787112900,84.81,84.81,84.71,84.74,42
1787113200,84.76,84.76,84.64,84.66,68
1787113500,84.65,84.71,84.65,84.7,33
1787113800,84.7,84.73,84.65,84.68,62
1787114100,84.69,84.71,84.65,84.7,31
1787114400,84.69,84.7,84.65,84.68,39
1787114700,84.68,84.69,84.66,84.68,13
1787115000,84.67,84.7,84.65,84.67,35
1787115300,84.68,84.69,84.52,84.61,288
1787115600,84.62,84.62,84.54,84.59,97
1787115900,84.6,84.63,84.55,84.57,50
1787116200,84.6,84.67,84.55,84.57,121
1787116500,84.58,84.59,84.53,84.57,40
1787116800,84.61,84.67,84.6,84.63,67
1787117100,84.65,84.69,84.58,84.6,63
1787117400,84.62,84.68,84.53,84.63,148
1787117700,84.65,84.72,84.58,84.67,109
1787118000,84.68,84.75,84.66,84.74,97
1787118300,84.74,84.78,84.65,84.7,145
1787118600,84.7,84.75,84.65,84.7,129
1787118900,84.7,84.79,84.69,84.77,88
1787119200,84.79,85.02,84.74,85,413
1787119500,84.98,84.99,84.76,84.87,433
1787119800,84.87,84.92,84.76,84.76,227
1787120100,84.78,84.78,84.61,84.67,263
1787120400,84.67,84.69,84.54,84.67,282
1787120700,84.67,84.69,84.53,84.56,276
1787121000,84.56,84.6,84.4,84.52,506
1787121300,84.53,84.73,84.46,84.71,286
1787121600,84.73,84.73,84.51,84.6,260
1787121900,84.61,84.71,84.59,84.63,117
1787122200,84.63,84.69,84.58,84.63,137
1787122500,84.66,84.7,84.53,84.54,262
1787122800,84.55,84.78,84.55,84.72,533
1787123100,84.72,84.85,84.71,84.75,271
1787123400,84.77,84.79,84.69,84.76,184
1787123700,84.76,84.85,84.66,84.85,277
1787124000,84.84,84.98,84.6,84.66,595
1787124300,84.67,84.69,84.43,84.46,673
1787124600,84.5,84.57,84.36,84.44,591
1787124900,84.44,84.51,84.28,84.39,597
1787125200,84.38,84.45,84.37,84.38,177
1787125500,84.39,84.6,84.36,84.54,320
1787125800,84.55,84.69,84.46,84.62,450
1787126100,84.61,84.74,84.56,84.7,430
1787126400,84.71,84.74,84.55,84.61,314
1787126700,84.63,84.7,84.54,84.6,380
1787127000,84.59,84.62,84.53,84.62,303
1787127300,84.64,84.66,84.49,84.66,291
1787127600,84.67,84.7,84.46,84.53,364
1787127900,84.54,84.56,84.23,84.25,1457
1787128200,84.26,84.48,84.26,84.43,771
1787128500,84.42,84.47,84.32,84.37,341
1787128800,84.38,84.41,84.36,84.37,146
1787129100,84.39,84.59,84.38,84.56,426
1787129400,84.56,84.75,84.53,84.6,448
1787129700,84.6,85.05,84.6,84.98,1438
1787130000,84.98,85.18,84.82,84.91,1161
1787130300,84.91,85.29,84.87,85.25,1010
1787130600,85.26,85.42,85.15,85.26,1377
1787130900,85.26,85.35,85.2,85.24,495
1787131200,85.26,85.31,84.99,84.99,870
1787131500,85.01,85.05,84.85,84.91,585
1787131800,84.92,84.96,84.67,84.69,825
1787132100,84.69,84.88,84.67,84.88,374
1787132400,84.88,85.04,84.88,85.02,325
1787132700,85.02,85.03,84.72,84.74,377
1787133000,84.73,85.06,84.73,85.04,587
1787133300,85.05,85.07,84.96,85.02,411
1787133600,85.02,85.06,84.93,84.95,329
1787133900,84.96,85.04,84.87,84.91,196
1787134200,84.92,85.05,84.89,85.05,234
1787134500,85.07,85.08,84.9,84.99,238
1787134800,85,85.07,84.94,84.98,175
1787135100,84.98,85.17,84.97,85.14,407
1787135400,85.14,85.25,85.12,85.14,528
1787135700,85.16,85.23,85.14,85.14,183
1787136000,85.15,85.15,85.01,85.04,470
1787136300,85.01,85.01,84.86,84.9,296
1787136600,84.91,85.02,84.87,84.97,397
1787136900,84.96,85,84.89,84.91,282
1787137200,84.92,84.93,84.78,84.85,418
1787137500,84.86,85,84.86,84.99,272
1787137800,84.98,84.98,84.82,84.82,261
1787138100,84.83,84.88,84.72,84.75,323
1787138400,84.75,84.78,84.62,84.68,599
1787138700,84.7,84.77,84.65,84.7,443
1787139000,84.7,84.81,84.67,84.69,243
1787139300,84.69,84.93,84.67,84.9,371
1787139600,84.89,84.99,84.84,84.87,404
1787139900,84.88,84.9,84.75,84.77,318
1787140200,84.76,84.76,84.59,84.64,1012
1787140500,84.65,84.67,84.55,84.65,505
1787140800,84.68,84.7,84.6,84.67,331
1787141100,84.66,84.74,84.61,84.67,431
1787141400,84.67,84.68,84.5,84.63,446
1787141700,84.63,84.7,84.4,84.42,791
1787142000,84.42,84.44,84.28,84.32,1044
1787142300,84.32,84.43,84.31,84.4,413
1787142600,84.4,84.47,84.14,84.17,1194
1787142900,84.18,84.24,83.5,83.56,3142
1787143200,83.58,84,83.45,83.96,2624
1787143500,83.97,84.1,83.82,83.85,1014
1787143800,83.84,83.94,83.65,83.68,2294
1787144100,83.68,83.99,83.64,83.97,1555
1787144400,83.98,84.48,83.94,84.47,3127
1787144700,84.46,84.47,84.08,84.19,1691
1787145000,84.2,84.28,84.16,84.26,783
1787145300,84.25,84.29,84.16,84.27,778
1787145600,84.28,84.57,84.22,84.45,1266
1787145900,84.46,84.52,84.33,84.43,953
1787146200,84.44,84.6,84.32,84.4,1501
1787146500,84.41,84.43,84.25,84.29,976
1787146800,84.29,84.55,84.29,84.43,1047
1787147100,84.44,84.57,84.43,84.57,1069
1787147400,84.57,84.7,84.55,84.62,1260
1787147700,84.62,84.69,84.52,84.54,1180
1787148000,84.54,84.58,84.4,84.43,1290
1787148300,84.43,84.82,84.39,84.63,1453
1787148600,84.64,84.76,84.53,84.72,1040
1787148900,84.72,84.79,84.65,84.67,1331
1787149200,84.65,84.8,84.64,84.72,646
1787149500,84.71,84.85,84.7,84.82,765
1787149800,84.82,84.84,84.55,84.78,2315
1787150100,84.78,85.01,84.71,84.75,2125
1787150400,84.75,85.03,84.71,84.78,1497
1787150700,84.78,84.99,84.74,84.92,979
1787151000,84.92,85.13,84.92,84.99,1429
1787151300,84.98,85.05,84.87,84.89,930
1787151600,84.88,85.22,84.84,85.09,1825
1787151900,85.09,85.33,84.97,85.29,1859
1787152200,85.3,85.31,85.06,85.15,1332
1787152500,85.17,85.46,85.17,85.31,2097
1787152800,85.31,85.48,85.23,85.36,1617
1787153100,85.36,85.48,85.29,85.33,1912
1787153400,85.33,85.41,85.19,85.27,1457
1787153700,85.28,85.38,85.23,85.38,919
1787154000,85.37,85.39,85.19,85.22,969
1787154300,85.22,85.31,85.02,85.29,1286
1787154600,85.31,85.33,85.16,85.22,1205
1787154900,85.22,85.26,85.18,85.23,550
1787155200,85.23,85.54,85.23,85.38,1932
1787155500,85.39,85.53,85.37,85.44,767
1787155800,85.44,85.51,85.34,85.5,1038
1787156100,85.5,85.54,85.46,85.51,643
1787156400,85.51,85.58,85.32,85.32,976
1787156700,85.33,85.36,85.25,85.31,668
1787157000,85.31,85.43,85.25,85.37,905
1787157300,85.39,85.55,85.38,85.49,912
1787157600,85.5,85.56,85.33,85.42,829
1787157900,85.42,85.49,85.37,85.44,740
1787158200,85.43,85.56,85.41,85.52,1189
1787158500,85.53,85.66,85.41,85.59,1897
1787158800,85.59,85.65,85.52,85.62,1285
1787159100,85.62,85.73,85.56,85.72,1206
1787159400,85.73,85.84,85.58,85.6,1674
1787159700,85.61,85.68,85.51,85.54,1351
1787160000,85.55,85.62,85.39,85.4,963
1787160300,85.42,85.42,85.32,85.36,882
1787160600,85.36,85.41,85.16,85.25,1932
1787160900,85.24,85.32,85.2,85.21,625
1787161200,85.2,85.22,84.83,85.04,1774
1787161500,85.03,85.15,85.01,85.11,862
1787161800,85.1,85.14,85.04,85.05,500
1787162100,85.05,85.13,84.98,85.13,567
1787162400,85.13,85.27,85.02,85.08,1094
1787162700,85.09,85.13,84.94,84.98,663
1787163000,84.98,85,84.78,84.86,1242
1787163300,84.85,84.85,84.7,84.71,1117
1787163600,84.72,84.79,84.65,84.71,2003
1787163900,84.71,84.74,84.24,84.27,6948
1787164200,84.28,84.41,84.23,84.31,2998
1787164500,84.31,84.36,84.22,84.23,901
1787164800,84.24,84.25,84.15,84.17,564
1787165100,84.17,84.22,84.15,84.21,469
1787165400,84.21,84.31,84.2,84.29,605
1787165700,84.29,84.4,84.27,84.35,587
1787166000,84.35,84.37,84.29,84.29,281
1787166300,84.29,84.32,84.26,84.28,208
1787166600,84.27,84.35,84.2,84.33,439
1787166900,84.34,84.39,84.25,84.26,355
1787167200,84.25,84.25,84.01,84.06,952
1787167500,84.05,84.09,83.93,84.01,1219
1787167800,83.99,84.1,83.93,84.03,748
1787168100,84.03,84.03,83.94,83.98,415
1787168400,83.97,84.05,83.96,83.98,336
1787168700,83.98,84.06,83.98,84.03,210
1787169000,84.03,84.23,84.02,84.22,490
1787169300,84.22,84.3,84.19,84.26,414
1787169600,84.25,84.3,84.18,84.21,151
1787169900,84.21,84.26,84.2,84.21,116
1787170200,84.22,84.23,84.16,84.18,74
1787170500,84.19,84.29,84.18,84.28,129
1787170800,84.28,84.33,84.24,84.29,226
1787171100,84.31,84.31,84.25,84.3,117
1787171400,84.3,84.37,84.26,84.29,222
1787171700,84.29,84.29,84.22,84.28,110
1787172000,84.28,84.37,84.27,84.35,131
1787172300,84.34,84.35,84.23,84.25,250
1787172600,84.24,84.32,84.21,84.3,201
1787172900,84.29,84.52,84.26,84.4,974
1787176800,84.4,84.68,84.39,84.42,551
1787177100,84.42,84.48,84.35,84.38,138
1787177400,84.38,84.45,84.35,84.43,102
1787177700,84.43,84.43,84.37,84.38,33
1787178000,84.38,84.4,84.29,84.32,111
1787178300,84.33,84.38,84.33,84.36,34
1787178600,84.36,84.37,84.3,84.3,27
1787178900,84.32,84.32,84.24,84.28,63
1787179200,84.28,84.32,84.26,84.32,31
1787179500,84.31,84.31,84.25,84.25,30
1787179800,84.28,84.29,84.23,84.27,23
1787180100,84.29,84.59,84.28,84.48,547
1787180400,84.48,84.68,84.41,84.42,354
1787180700,84.42,84.46,84.4,84.46,52
1787181000,84.46,84.56,84.45,84.54,351
1787181300,84.55,84.62,84.5,84.57,175
1787181600,84.57,84.57,84.51,84.55,40
1787181900,84.55,84.57,84.51,84.53,47
1787182200,84.53,84.56,84.44,84.46,70
1787182500,84.45,84.49,84.41,84.42,175
1787182800,84.43,84.43,84.29,84.3,255
1787183100,84.32,84.36,84.31,84.35,28
1787183400,84.34,84.37,84.27,84.3,58
1787183700,84.3,84.33,84.26,84.3,49
1787184000,84.3,84.36,84.24,84.35,275
1787184300,84.34,84.48,84.33,84.44,249
1787184600,84.44,84.58,84.4,84.53,286
1787184900,84.54,84.54,84.41,84.52,154
1787185200,84.53,84.57,84.47,84.52,139
1787185500,84.53,84.57,84.51,84.57,81
1787185800,84.57,84.6,84.49,84.57,78
1787186100,84.58,84.59,84.53,84.55,50
1787186400,84.54,84.6,84.54,84.56,54
1787186700,84.56,84.63,84.55,84.62,143
1787187000,84.62,84.66,84.57,84.58,194
1787187300,84.59,84.62,84.55,84.6,48
1787187600,84.62,84.75,84.58,84.67,557
1787187900,84.65,84.82,84.64,84.81,338
1787188200,84.82,84.9,84.82,84.85,432
1787188500,84.88,84.92,84.67,84.68,218
1787188800,84.69,84.73,84.6,84.64,265
1787189100,84.63,84.69,84.58,84.6,206
1787189400,84.57,84.66,84.46,84.66,324
1787189700,84.65,84.74,84.63,84.69,148
1787190000,84.69,84.78,84.64,84.71,201
1787190300,84.69,84.73,84.61,84.67,104
1787190600,84.69,84.75,84.66,84.72,139
1787190900,84.72,84.83,84.72,84.79,137
1787191200,84.77,84.82,84.65,84.73,332
1787191500,84.74,84.8,84.63,84.72,135
1787191800,84.73,84.73,84.6,84.64,119
1787192100,84.66,84.68,84.61,84.62,84
1787192400,84.62,84.65,84.53,84.54,198
1787192700,84.55,84.63,84.55,84.59,153
1787193000,84.59,84.59,84.41,84.47,392
1787193300,84.49,84.56,84.37,84.45,279
1787193600,84.47,84.49,84.33,84.43,373
1787193900,84.44,84.5,84.28,84.47,317
1787194200,84.48,84.67,84.48,84.58,345
1787194500,84.58,84.58,84.39,84.44,150
1787194800,84.44,84.52,84.36,84.48,185
1787195100,84.47,84.5,84.43,84.46,171
1787195400,84.47,84.48,84.39,84.44,84
1787195700,84.44,84.47,84.38,84.43,148
1787196000,84.44,84.46,84.34,84.38,221
1787196300,84.37,84.4,84.33,84.37,146
1787196600,84.36,84.5,84.35,84.48,210
1787196900,84.47,84.51,84.45,84.48,126
1787197200,84.45,84.54,84.41,84.51,68
1787197500,84.53,84.62,84.52,84.52,149
1787197800,84.52,84.57,84.51,84.53,51
1787198100,84.54,84.55,84.44,84.47,98
1787198400,84.46,84.51,84.44,84.5,92
1787198700,84.51,84.57,84.5,84.55,124
1787199000,84.57,84.61,84.57,84.58,84
1787199300,84.59,84.59,84.54,84.57,24
1787199600,84.56,84.61,84.54,84.61,41
1787199900,84.61,84.63,84.61,84.62,23
1787200200,84.62,84.67,84.59,84.62,69
1787200500,84.6,84.61,84.53,84.55,45
1787200800,84.54,84.59,84.54,84.57,53
1787201100,84.56,84.56,84.41,84.41,102
1787201400,84.42,84.44,84.35,84.41,96
1787201700,84.42,84.49,84.42,84.47,48
1787202000,84.48,84.48,84.41,84.44,96
1787202300,84.44,84.46,84.42,84.44,26
1787202600,84.44,84.45,84.4,84.4,47
1787202900,84.4,84.42,84.33,84.38,118
1787203200,84.38,84.5,84.38,84.44,84
1787203500,84.43,84.48,84.35,84.36,166
1787203800,84.35,84.5,84.35,84.38,134
1787204100,84.37,84.42,84.33,84.41,105
1787204400,84.43,84.54,84.43,84.53,104
1787204700,84.54,84.63,84.54,84.61,219
1787205000,84.61,84.69,84.56,84.61,144
1787205300,84.6,84.64,84.53,84.55,129
1787205600,84.55,84.61,84.45,84.49,246
1787205900,84.49,84.54,84.42,84.54,151
1787206200,84.51,84.55,84.44,84.5,178
1787206500,84.51,84.61,84.48,84.59,258
1787206800,84.61,84.66,84.55,84.58,251
1787207100,84.57,84.69,84.57,84.68,179
1787207400,84.69,84.73,84.62,84.62,168
1787207700,84.62,84.82,84.6,84.8,444
1787208000,84.8,84.81,84.73,84.75,203
1787208300,84.75,84.85,84.75,84.85,239
1787208600,84.84,84.87,84.78,84.85,270
1787208900,84.84,84.93,84.82,84.91,460
1787209200,84.91,85.18,84.91,85.1,1277
1787209500,85.1,85.13,85.04,85.13,321
1787209800,85.14,85.21,85.02,85.21,510
1787210100,85.2,85.42,85.11,85.4,967
1787210400,85.4,85.55,85.38,85.49,1492
1787210700,85.49,85.6,85.49,85.59,1053
1787211000,85.59,85.87,85.57,85.61,2153
1787211300,85.6,85.71,85.51,85.67,986
1787211600,85.66,85.78,85.62,85.72,653
1787211900,85.72,85.75,85.59,85.68,498
1787212200,85.69,85.79,85.65,85.7,561
1787212500,85.69,85.79,85.61,85.63,551
1787212800,85.63,85.63,85.24,85.39,942
1787213100,85.41,85.57,85.39,85.53,417
1787213400,85.53,85.57,85.47,85.54,355
1787213700,85.54,85.95,85.51,85.94,1244
1787214000,85.93,86.05,85.76,86.02,1240
1787214300,86.02,86.23,85.96,86.11,1727
1787214600,86.12,86.35,86.09,86.25,2087
1787214900,86.26,86.37,86.16,86.19,1102
1787215200,86.19,86.35,86.1,86.33,1142
1787215500,86.32,86.47,86.27,86.29,1271
1787215800,86.31,86.42,86.27,86.31,1009
1787216100,86.3,86.4,86.27,86.38,518
1787216400,86.37,86.47,86.27,86.31,860
1787216700,86.31,86.49,86.3,86.39,530
1787217000,86.41,86.59,86.39,86.53,920
1787217300,86.55,86.61,86.39,86.5,984
1787217600,86.49,86.53,86.43,86.5,672
1787217900,86.5,86.57,86.4,86.56,640
1787218200,86.58,86.6,86.43,86.44,542
1787218500,86.46,86.55,86.32,86.33,487
1787218800,86.32,86.47,86.27,86.29,566
1787219100,86.3,86.55,86.28,86.55,516
1787219400,86.54,86.76,86.54,86.67,1388
1787219700,86.67,86.82,86.66,86.77,1052
1787220000,86.78,86.84,86.49,86.58,1208
1787220300,86.59,86.64,86.44,86.63,390
1787220600,86.63,86.71,86.63,86.65,389
1787220900,86.65,86.72,86.58,86.63,319
1787221200,86.63,86.64,86.55,86.6,235
1787221500,86.59,86.67,86.57,86.58,225
1787221800,86.59,86.7,86.59,86.62,413
1787222100,86.63,86.69,86.5,86.67,725
1787222400,86.67,86.75,86.6,86.66,422
1787222700,86.66,86.79,86.65,86.68,430
1787223000,86.68,86.75,86.67,86.72,294
1787223300,86.72,86.74,86.62,86.74,417
1787223600,86.74,86.87,86.69,86.85,605
1787223900,86.85,86.95,86.82,86.84,829
1787224200,86.84,86.92,86.81,86.87,338
1787224500,86.88,87,86.86,87,467
1787224800,86.99,87.06,86.95,86.99,883
1787225100,87,87.08,86.95,87.05,483
1787225400,87.06,87.16,87.04,87.11,879
1787225700,87.11,87.24,87.11,87.13,754
1787226000,87.13,87.18,87.1,87.11,532
1787226300,87.11,87.2,86.97,87.14,992
1787226600,87.16,87.25,87.12,87.13,1013
1787226900,87.13,87.25,87.11,87.23,653
1787227200,87.23,87.31,87.19,87.26,1289
1787227500,87.26,87.32,87.18,87.29,908
1787227800,87.3,87.49,87.25,87.45,1116
1787228100,87.45,87.63,87.43,87.63,1454
1787228400,87.63,87.69,87.44,87.49,1573
1787228700,87.49,87.63,87.43,87.57,814
1787229000,87.59,87.6,87.47,87.5,683
1787229300,87.51,87.52,87.33,87.37,1073
1787229600,87.38,87.39,86.98,87.12,1953
1787229900,87.12,87.15,86.79,86.82,1640
1787230200,86.82,86.9,86.7,86.88,1507
1787230500,86.87,86.9,86.66,86.68,1189
1787230800,86.68,86.88,86.68,86.74,2323
1787231100,86.73,86.75,86.52,86.55,1771
1787231400,86.55,86.71,86.48,86.59,1506
1787231700,86.6,86.73,86.42,86.49,2938
1787232000,86.49,86.6,86.33,86.56,2062
1787232300,86.55,86.75,86.55,86.68,2318
1787232600,86.67,87.01,86.61,86.76,2362
1787232900,86.76,86.82,86.57,86.65,1740
1787233200,86.65,86.8,86.62,86.63,1175
1787233500,86.63,86.65,86.31,86.38,1623
1787233800,86.38,86.45,86.22,86.38,1956
1787234100,86.39,86.5,86.36,86.49,1678
1787234400,86.5,86.66,86.39,86.64,2909
1787234700,86.65,86.77,86.6,86.64,1095
1787235000,86.64,86.66,86.37,86.48,1262
1787235300,86.48,86.48,86.05,86.11,3139
1787235600,86.12,86.16,85.69,85.87,2653
1787235900,85.86,85.95,85.78,85.9,1490
1787236200,85.9,86.1,85.88,86.05,1232
1787236500,86.05,86.06,85.9,85.95,992
1787236800,85.95,86.24,85.92,86.11,1212
1787237100,86.13,86.22,86.04,86.22,634
1787237400,86.21,86.24,86.06,86.1,849
1787237700,86.09,86.2,85.94,86.03,1568
1787238000,86.03,86.27,85.96,86.18,1240
1787238300,86.19,86.4,85.99,86.06,2617
1787238600,86.08,86.39,85.78,86.26,2921
1787238900,86.28,86.42,86.28,86.3,922
1787239200,86.29,86.49,86.28,86.47,834
1787239500,86.46,86.59,86.39,86.53,2270
1787239800,86.53,86.68,86.4,86.6,1134
1787240100,86.6,86.73,86.6,86.68,887
1787240400,86.67,86.85,86.67,86.8,1332
1787240700,86.78,86.82,86.59,86.61,864
1787241000,86.61,86.7,86.61,86.64,568
1787241300,86.64,86.66,86.47,86.51,860
1787241600,86.51,86.55,86.34,86.46,1330
1787241900,86.46,86.74,86.42,86.69,935
1787242200,86.67,86.72,86.58,86.61,480
1787242500,86.61,86.63,86.51,86.54,360
1787242800,86.54,86.69,86.52,86.63,493
1787243100,86.65,86.67,86.44,86.45,461
1787243400,86.47,86.66,86.4,86.4,588
1787243700,86.41,86.46,86.38,86.43,888
1787244000,86.44,86.46,86.33,86.35,1001
1787244300,86.34,86.4,86.21,86.24,863
1787244600,86.22,86.28,86.16,86.16,894
1787244900,86.16,86.19,86.03,86.1,804
1787245200,86.1,86.11,85.87,86.04,1691
1787245500,86.03,86.31,86.01,86.25,1332
1787245800,86.24,86.39,86.19,86.31,484
1787246100,86.32,86.47,86.24,86.45,645
1787246400,86.46,86.48,86.36,86.39,553
1787246700,86.39,86.51,86.39,86.47,549
1787247000,86.48,86.63,86.46,86.63,864
1787247300,86.64,86.72,86.58,86.66,1308
1787247600,86.64,86.72,86.59,86.62,465
1787247900,86.63,86.73,86.6,86.72,507
1787248200,86.73,86.73,86.54,86.56,893
1787248500,86.56,86.61,86.49,86.52,807
1787248800,86.52,86.58,86.44,86.56,1823
1787249100,86.55,86.58,86.37,86.42,1794
1787249400,86.42,86.55,86.4,86.47,1428
1787249700,86.46,86.51,86.37,86.49,1893
1787250000,86.48,86.55,86.39,86.47,1860
1787250300,86.48,86.98,86.46,86.94,6873
1787250600,86.94,86.98,86.74,86.78,1565
1787250900,86.77,86.96,86.77,86.91,809
1787251200,86.9,86.96,86.85,86.91,508
1787251500,86.9,86.97,86.87,86.91,440
1787251800,86.92,86.95,86.85,86.86,218
1787252100,86.87,86.92,86.82,86.86,257
1787252400,86.85,86.87,86.78,86.79,326
1787252700,86.78,86.81,86.76,86.76,421
1787253000,86.76,86.77,86.68,86.74,694
1787253300,86.73,86.79,86.69,86.76,142
1787253600,86.75,86.76,86.69,86.7,278
1787253900,86.7,86.72,86.64,86.69,381
1787254200,86.7,86.7,86.63,86.63,318
1787254500,86.63,86.66,86.56,86.56,231
1787254800,86.57,86.66,86.56,86.62,216
1787255100,86.62,86.67,86.61,86.66,162
1787255400,86.65,86.66,86.59,86.6,201
1787255700,86.59,86.64,86.58,86.6,338
1787256000,86.6,86.66,86.53,86.65,200
1787256300,86.64,86.66,86.56,86.57,203
1787256600,86.59,86.59,86.51,86.55,208
1787256900,86.53,86.55,86.52,86.52,72
1787257200,86.51,86.63,86.46,86.58,312
1787257500,86.58,86.65,86.57,86.57,153
1787257800,86.58,86.58,86.48,86.5,144
1787258100,86.49,86.51,86.46,86.47,138
1787258400,86.47,86.52,86.45,86.48,114
1787258700,86.47,86.5,86.44,86.48,149
1787259000,86.46,86.47,86.27,86.27,513
1787259300,86.26,86.27,86.2,86.21,355
1787263200,86.27,86.41,86.22,86.36,217
1787263500,86.37,86.45,86.33,86.44,312
1787263800,86.42,86.44,86.32,86.33,44
1787264100,86.32,86.35,86.28,86.29,94
1787264400,86.29,86.3,86.24,86.24,89
1787264700,86.26,86.3,86.26,86.27,55
1787265000,86.28,86.3,86.26,86.26,40
1787265300,86.28,86.34,86.26,86.34,31
1787265600,86.33,86.33,86.27,86.29,23
1787265900,86.28,86.31,86.28,86.31,19
1787266200,86.3,86.31,86.28,86.3,51
1787266500,86.31,86.32,86.29,86.31,21
1787266800,86.31,86.38,86.26,86.27,167
1787267100,86.26,86.32,86.26,86.3,124
1787267400,86.3,86.34,86.28,86.34,59
1787267700,86.29,86.31,86.28,86.28,25
1787268000,86.28,86.33,86.26,86.33,17
1787268300,86.32,86.34,86.31,86.31,18
1787268600,86.31,86.31,86.28,86.31,28
1787268900,86.32,86.32,86.27,86.3,43
1787269200,86.29,86.31,86.29,86.31,7
1787269500,86.29,86.3,86.27,86.27,68
1787269800,86.27,86.3,86.25,86.26,61
1787270100,86.26,86.26,86.21,86.22,84
1787270400,86.2,86.22,86.1,86.15,483
1787270700,86.14,86.28,86.14,86.2,170
1787271000,86.23,86.27,86.22,86.27,116
1787271300,86.27,86.27,86.15,86.15,410
1787271600,86.15,86.15,86.1,86.13,188
1787271900,86.13,86.19,86.06,86.18,351
1787272200,86.17,86.28,86.17,86.25,226
1787272500,86.27,86.3,86.21,86.27,89
1787272800,86.27,86.33,86.26,86.29,111
1787273100,86.28,86.34,86.28,86.32,89
1787273400,86.33,86.43,86.32,86.42,279
1787273700,86.43,86.45,86.37,86.37,163
1787274000,86.39,86.45,86.28,86.31,372
1787274300,86.31,86.48,86.27,86.45,228
1787274600,86.45,86.62,86.45,86.62,401
1787274900,86.61,86.68,86.51,86.62,323
1787275200,86.61,86.65,86.51,86.63,206
1787275500,86.62,86.68,86.58,86.6,281
1787275800,86.6,86.63,86.54,86.59,145
1787276100,86.59,86.71,86.58,86.69,167
1787276400,86.68,86.84,86.66,86.83,375
1787276700,86.85,86.94,86.82,86.84,281
1787277000,86.85,86.89,86.66,86.67,178
1787277300,86.68,86.73,86.63,86.73,128
1787277600,86.72,86.81,86.71,86.76,136
1787277900,86.75,86.79,86.73,86.74,67
1787278200,86.73,86.78,86.66,86.77,86
1787278500,86.77,86.78,86.73,86.73,47
1787278800,86.71,86.74,86.63,86.66,127
1787279100,86.66,86.75,86.66,86.75,83
1787279400,86.75,86.77,86.57,86.63,175
1787279700,86.64,86.74,86.6,86.68,193
1787280000,86.7,86.74,86.59,86.59,178
1787280300,86.57,86.68,86.56,86.62,161
1787280600,86.63,86.69,86.54,86.59,169
1787280900,86.58,86.59,86.47,86.51,188
1787281200,86.5,86.55,86.41,86.53,220
1787281500,86.51,86.54,86.45,86.45,89
1787281800,86.45,86.52,86.41,86.43,84
1787282100,86.43,86.52,86.4,86.5,105
1787282400,86.49,86.52,86.45,86.49,67
1787282700,86.49,86.5,86.34,86.37,238
1787283000,86.38,86.48,86.35,86.48,78
1787283300,86.49,86.53,86.47,86.49,59
1787283600,86.48,86.56,86.48,86.54,75
1787283900,86.54,86.59,86.52,86.59,128
1787284200,86.59,86.61,86.55,86.55,56
1787284500,86.54,86.55,86.46,86.48,73
1787284800,86.48,86.53,86.4,86.42,116
1787285100,86.42,86.46,86.37,86.45,71
1787285400,86.47,86.48,86.45,86.46,32
1787285700,86.46,86.48,86.43,86.45,50
1787286000,86.46,86.49,86.46,86.46,30
1787286300,86.46,86.52,86.46,86.52,67
1787286600,86.5,86.53,86.48,86.49,70
1787286900,86.48,86.53,86.48,86.51,25
1787287200,86.53,86.54,86.43,86.45,134
1787287500,86.45,86.46,86.42,86.43,47
1787287800,86.43,86.43,86.34,86.35,117
1787288100,86.35,86.36,86.23,86.24,263
1787288400,86.24,86.26,86.16,86.19,406
1787288700,86.18,86.21,86.13,86.21,148
1787289000,86.2,86.23,86.18,86.22,125
1787289300,86.23,86.3,86.22,86.29,159
1787289600,86.28,86.32,86.24,86.3,152
1787289900,86.3,86.47,86.3,86.45,199
1787290200,86.46,86.5,86.37,86.45,128
1787290500,86.43,86.46,86.34,86.37,113
1787290800,86.34,86.45,86.31,86.45,83
1787291100,86.42,86.46,86.34,86.46,71
1787291400,86.46,86.47,86.25,86.26,121
1787291700,86.28,86.28,86.14,86.17,282
1787292000,86.19,86.25,86.1,86.22,424
1787292300,86.23,86.28,86.15,86.21,114
1787292600,86.22,86.32,86.13,86.19,213
1787292900,86.19,86.24,86.15,86.21,139
1787293200,86.23,86.29,86.2,86.26,83
1787293500,86.28,86.45,86.28,86.38,197
1787293800,86.39,86.44,86.29,86.35,279
1787294100,86.35,86.38,86.3,86.33,275
1787294400,86.36,86.43,86.3,86.4,135
1787294700,86.39,86.42,86.27,86.38,157
1787295000,86.38,86.5,86.38,86.42,152
1787295300,86.41,86.43,86.27,86.29,165
1787295600,86.33,86.42,86.09,86.13,485
1787295900,86.11,86.39,86.1,86.38,391
1787296200,86.36,86.46,86.14,86.15,603
1787296500,86.14,86.32,86.11,86.27,507
1787296800,86.26,86.31,86.17,86.22,229
1787297100,86.22,86.43,86.22,86.42,244
1787297400,86.43,86.45,86.25,86.31,378
1787297700,86.31,86.45,86.3,86.37,239
1787298000,86.36,86.44,86.28,86.43,280
1787298300,86.42,86.43,86.14,86.22,453
1787298600,86.2,86.34,86.2,86.34,357
1787298900,86.33,86.5,86.33,86.38,438
1787299200,86.36,86.71,86.34,86.58,1074
1787299500,86.56,86.79,86.53,86.67,660
1787299800,86.67,86.67,86.46,86.5,354
1787300100,86.5,86.6,86.28,86.3,425
1787300400,86.31,86.42,86.23,86.23,552
1787300700,86.23,86.24,86,86.11,1343
1787301000,86.11,86.39,86.05,86.31,946
1787301300,86.31,86.32,86.06,86.2,427
1787301600,86.21,86.23,85.96,86.11,528
1787301900,86.13,86.19,86.05,86.06,370
1787302200,86.07,86.12,85.95,86.07,394
1787302500,86.07,86.11,85.92,85.93,340
1787302800,85.93,85.99,85.8,85.84,865
1787303100,85.85,86,85.85,85.91,450
1787303400,85.93,86.13,85.92,86.09,442
1787303700,86.08,86.22,86.06,86.16,321
1787304000,86.19,86.24,86.13,86.22,200
1787304300,86.21,86.27,86.17,86.21,268
1787304600,86.22,86.31,86.06,86.31,640
1787304900,86.32,86.41,86.26,86.28,340
1787305200,86.27,86.4,86.24,86.38,425
1787305500,86.38,86.46,86.35,86.44,377
1787305800,86.43,86.58,86.4,86.51,478
1787306100,86.49,86.55,86.42,86.55,480
1787306400,86.56,86.98,86.56,86.98,1697
1787306700,86.98,87.37,86.93,87.17,2051
1787307000,87.17,87.51,87.17,87.31,1533
1787307300,87.31,87.37,87.08,87.23,670
1787307600,87.23,87.33,87.02,87.03,640
1787307900,87.03,87.03,86.61,86.61,1155
1787308200,86.6,86.86,86.59,86.83,770
1787308500,86.82,86.86,86.69,86.82,362
1787308800,86.83,86.84,86.74,86.82,139
1787309100,86.82,86.97,86.76,86.94,426
1787309400,86.96,87.07,86.93,87.01,691
1787309700,87.01,87.19,87,87.05,895
1787310000,87.05,87.17,87,87.14,409
1787310300,87.12,87.24,87.1,87.23,249
1787310600,87.22,87.23,87.09,87.22,603
1787310900,87.21,87.27,87.12,87.17,430
1787311200,87.16,87.16,86.38,86.52,2604
1787311500,86.52,86.64,86.33,86.43,2502
1787311800,86.43,86.52,86.29,86.35,958
1787312100,86.33,86.38,86.11,86.35,1121
1787312400,86.35,86.56,86.35,86.47,816
1787312700,86.47,86.64,86.43,86.64,445
1787313000,86.64,86.86,86.63,86.83,1070
1787313300,86.84,86.97,86.8,86.96,819
1787313600,86.96,87.07,86.9,86.93,811
1787313900,86.94,86.95,86.76,86.87,1052
1787314200,86.87,87.16,86.86,87.13,1240
1787314500,87.12,87.16,87.03,87.05,868
1787314800,87.05,87.33,87.05,87.22,1346
1787315100,87.22,87.25,87.01,87.03,610
1787315400,87.05,87.08,86.9,86.9,650
1787315700,86.92,87,86.88,86.92,305
1787316000,86.92,87.01,86.76,86.81,564
1787316300,86.83,87.04,86.8,86.98,577
1787316600,86.99,87.15,86.99,87.07,717
1787316900,87.07,87.07,86.87,86.87,598
1787317200,86.88,86.89,86.58,86.65,1710
1787317500,86.65,86.95,86.61,86.78,1330
1787317800,86.77,86.79,86.67,86.78,699
1787318100,86.78,87.08,86.71,86.79,1183
1787318400,86.8,87.02,86.71,86.98,1017
1787318700,86.99,86.99,86.84,86.91,999
1787319000,86.91,87.06,86.69,86.93,1923
1787319300,86.93,87.11,86.74,86.79,1400
1787319600,86.79,86.91,86.73,86.76,794
1787319900,86.78,86.79,86.55,86.58,1222
1787320200,86.56,86.63,86.51,86.59,866
1787320500,86.58,86.58,86.43,86.46,1170
1787320800,86.47,86.48,86.28,86.34,1716
1787321100,86.33,86.43,86.3,86.37,1010
1787321400,86.36,86.61,86.36,86.6,1024
1787321700,86.59,86.64,86.23,86.32,1338
1787322000,86.33,86.5,86.31,86.39,814
1787322300,86.4,86.49,86.34,86.42,790
1787322600,86.41,86.78,86.38,86.77,1163
1787322900,86.78,86.78,86.37,86.5,1028
1787323200,86.5,86.5,86.33,86.41,679
1787323500,86.42,86.52,86.41,86.47,537
1787323800,86.46,86.69,86.36,86.58,1281
1787324100,86.59,86.69,86.49,86.53,908
1787324400,86.53,86.58,86.27,86.36,1121
1787324700,86.36,86.37,86.14,86.29,1075
1787325000,86.29,86.71,86.28,86.65,958
1787325300,86.67,86.86,86.53,86.84,1450
1787325600,86.84,86.86,86.68,86.7,1326
1787325900,86.71,86.75,86.42,86.43,1617
1787326200,86.44,86.71,86.38,86.65,958
1787326500,86.65,86.93,86.59,86.86,1097
1787326800,86.86,87.07,86.85,86.87,1563
1787327100,86.86,86.9,86.73,86.78,840
1787327400,86.79,86.94,86.73,86.76,1028
1787327700,86.76,86.89,86.75,86.81,504
1787328000,86.81,86.93,86.76,86.85,795
1787328300,86.87,87.01,86.85,86.91,1097
1787328600,86.91,86.92,86.79,86.87,672
1787328900,86.87,86.95,86.83,86.91,514
1787329200,86.91,86.99,86.5,86.61,2890
1787329500,86.62,86.64,86.52,86.58,895
1787329800,86.58,86.62,86.51,86.59,630
1787330100,86.6,86.85,86.58,86.85,736
1787330400,86.84,86.93,86.8,86.83,722
1787330700,86.84,86.95,86.78,86.78,639
1787331000,86.77,86.89,86.69,86.85,489
1787331300,86.85,86.94,86.85,86.93,512
1787331600,86.93,87.05,86.87,86.89,960
1787331900,86.89,87.12,86.88,87.02,1112
1787332200,87.01,87.21,86.96,87.11,1115
1787332500,87.11,87.2,87.07,87.14,701
1787332800,87.13,87.17,87,87.17,551
1787333100,87.17,87.28,87.12,87.25,1279
1787333400,87.25,87.46,87.22,87.33,1773
1787333700,87.34,87.37,87.23,87.33,730
1787334000,87.33,87.34,87.15,87.17,1068
1787334300,87.17,87.33,87.15,87.29,595
1787334600,87.3,87.33,87.23,87.33,763
1787334900,87.34,87.4,87.29,87.32,894
1787335200,87.33,87.33,87.06,87.16,1234
1787335500,87.17,87.17,87.02,87.14,734
1787335800,87.13,87.23,87.11,87.17,473
1787336100,87.17,87.32,87.14,87.28,587
1787336400,87.28,87.32,87.23,87.24,1092
1787336700,87.24,87.3,86.94,87.07,6505
1787337000,87.08,87.17,87.01,87.1,1053
1787337300,87.11,87.17,87,87.02,737
1787337600,87.01,87.01,86.94,86.98,385
1787337900,86.97,86.97,86.9,86.92,518
1787338200,86.92,87.13,86.92,87.02,564
1787338500,87.03,87.08,87,87.03,306
1787338800,87.02,87.02,86.82,86.84,716
1787339100,86.86,86.89,86.82,86.84,280
1787339400,86.83,86.86,86.77,86.8,538
1787339700,86.81,86.96,86.81,86.88,325
1787340000,86.88,86.88,86.79,86.82,150
1787340300,86.82,86.86,86.79,86.82,180
1787340600,86.81,86.88,86.77,86.88,358
1787340900,86.87,86.92,86.78,86.78,594
1787341200,86.8,86.83,86.72,86.81,672
1787341500,86.79,86.87,86.75,86.77,575
1787341800,86.77,86.79,86.69,86.71,507
1787342100,86.71,86.71,86.61,86.65,579
1787342400,86.65,86.67,86.59,86.66,276
1787342700,86.66,86.7,86.63,86.66,175
1787343000,86.66,86.7,86.66,86.66,94
1787343300,86.66,86.71,86.63,86.71,82
1787343600,86.72,86.87,86.7,86.8,219
1787343900,86.81,86.88,86.81,86.85,173
1787344200,86.84,86.85,86.77,86.77,90
1787344500,86.77,86.82,86.76,86.78,81
1787344800,86.77,86.85,86.76,86.82,205
1787345100,86.83,86.84,86.67,86.7,404
1787345400,86.71,86.77,86.66,86.68,226
1787345700,86.69,86.71,86.64,86.64,311
1787522400,86.5,86.57,86.34,86.35,1197
1787522700,86.34,86.46,86.33,86.4,534
1787523000,86.39,86.46,86.37,86.4,160
1787523300,86.41,86.43,86.36,86.39,122
1787523600,86.4,86.44,86.38,86.41,90
1787523900,86.4,86.42,86.39,86.41,70
1787524200,86.4,86.41,86.36,86.37,81
1787524500,86.37,86.38,86.32,86.33,145
1787524800,86.32,86.37,86.31,86.36,139
1787525100,86.35,86.36,86.34,86.34,64
1787525400,86.34,86.35,86.32,86.33,31
1787525700,86.32,86.34,86.24,86.26,210
1787526000,86.27,86.28,86.19,86.19,163
1787526300,86.2,86.21,86.12,86.13,214
1787526600,86.13,86.18,86.1,86.17,108
1787526900,86.17,86.17,86.11,86.12,67
1787527200,86.12,86.14,86.11,86.12,31
1787527500,86.12,86.15,86.11,86.12,74
1787527800,86.14,86.17,86.13,86.16,40
1787528100,86.16,86.21,86.15,86.21,57
1787528400,86.19,86.21,86.14,86.14,44
1787528700,86.16,86.18,86.11,86.14,98
1787529000,86.15,86.16,86.07,86.1,172
1787529300,86.09,86.1,85.98,86.02,421
1787529600,86.01,86.04,85.96,85.99,195
1787529900,85.99,86.22,85.99,86.14,262
1787530200,86.12,86.16,86.06,86.16,128
1787530500,86.17,86.17,86.02,86.05,201
1787530800,86.04,86.08,85.93,85.95,466
1787531100,85.95,85.99,85.9,85.95,187
1787531400,85.94,85.95,85.84,85.87,318
1787531700,85.87,85.94,85.76,85.82,467
1787532000,85.81,85.81,85.61,85.64,600
1787532300,85.62,85.85,85.61,85.83,328
1787532600,85.82,85.88,85.8,85.83,208
1787532900,85.83,85.86,85.76,85.83,222
1787533200,85.83,85.85,85.32,85.46,1712
1787533500,85.45,85.53,85.34,85.35,388
1787533800,85.35,85.5,85.35,85.4,206
1787534100,85.39,85.42,85.06,85.13,1475
1787534400,85.13,85.22,84.92,84.94,843
1787534700,84.95,85.17,84.84,85.15,794
1787535000,85.13,85.38,85.1,85.35,738
1787535300,85.37,85.41,85.29,85.35,420
1787535600,85.36,85.46,85.26,85.3,476
1787535900,85.32,85.37,85.23,85.3,320
1787536200,85.32,85.39,85.29,85.38,222
1787536500,85.38,85.41,85.31,85.36,283
1787536800,85.35,85.36,85.22,85.28,216
1787537100,85.29,85.42,85.28,85.4,196
1787537400,85.41,85.45,85.31,85.33,300
1787537700,85.33,85.39,85.32,85.37,58
1787538000,85.38,85.5,85.38,85.49,114
1787538300,85.49,85.53,85.48,85.51,185
1787538600,85.52,85.7,85.52,85.66,562
1787538900,85.66,85.74,85.6,85.61,507
1787539200,85.61,85.64,85.55,85.61,219
1787539500,85.61,85.62,85.5,85.56,234
1787539800,85.57,85.65,85.47,85.64,177
1787540100,85.64,85.73,85.61,85.69,157
1787540400,85.7,85.75,85.67,85.74,144
1787540700,85.74,85.79,85.67,85.68,246
1787541000,85.68,85.72,85.63,85.67,71
1787541300,85.67,85.72,85.67,85.71,62
1787541600,85.69,85.77,85.66,85.69,135
1787541900,85.7,85.73,85.66,85.71,52
1787542200,85.7,85.79,85.7,85.73,192
1787542500,85.73,85.75,85.69,85.72,80
1787542800,85.72,85.73,85.68,85.72,76
1787543100,85.71,85.71,85.63,85.66,89
1787543400,85.66,85.68,85.58,85.61,93
1787543700,85.61,85.64,85.59,85.61,47
1787544000,85.61,85.76,85.6,85.69,164
1787544300,85.7,85.72,85.65,85.66,69
1787544600,85.66,85.67,85.59,85.6,76
1787544900,85.59,85.62,85.58,85.62,66
1787545200,85.61,85.62,85.57,85.6,53
1787545500,85.59,85.64,85.51,85.61,590
1787545800,85.62,85.62,85.58,85.62,62
1787546100,85.62,85.68,85.54,85.67,98
1787546400,85.67,85.68,85.59,85.61,59
1787546700,85.61,85.74,85.61,85.73,121
1787547000,85.72,85.76,85.66,85.66,59
1787547300,85.66,85.66,85.6,85.61,61
1787547600,85.62,85.69,85.58,85.67,96
1787547900,85.64,85.65,85.6,85.6,129
1787548200,85.61,85.67,85.58,85.67,127
1787548500,85.65,85.65,85.58,85.62,68
1787548800,85.62,85.63,85.51,85.56,255
1787549100,85.59,85.59,85.52,85.56,62
1787549400,85.55,85.69,85.47,85.61,256
1787549700,85.58,85.63,85.53,85.59,103
1787550000,85.56,85.76,85.55,85.75,213
1787550300,85.76,85.77,85.63,85.65,144
1787550600,85.66,85.72,85.65,85.69,60
1787550900,85.68,85.75,85.56,85.56,143
1787551200,85.59,85.65,85.49,85.49,309
1787551500,85.48,85.52,85.35,85.47,295
1787551800,85.44,85.44,85.29,85.29,347
1787552100,85.3,85.37,85.23,85.36,356
1787552400,85.35,85.4,85.3,85.31,184
1787552700,85.3,85.46,85.3,85.44,216
1787553000,85.43,85.48,85.23,85.29,261
1787553300,85.3,85.31,85.19,85.22,244
1787553600,85.21,85.27,85.15,85.23,293
1787553900,85.24,85.39,85.24,85.3,320
1787554200,85.29,85.3,85.2,85.25,433
1787554500,85.27,85.31,85.17,85.18,294
1787554800,85.19,85.27,85.1,85.16,553
1787555100,85.17,85.21,85.05,85.08,362
1787555400,85.09,85.23,85.05,85.23,455
1787555700,85.23,85.32,85.15,85.23,357
1787556000,85.22,85.27,85.12,85.2,234
1787556300,85.19,85.38,85.14,85.29,338
1787556600,85.28,85.36,85.05,85.14,442
1787556900,85.16,85.34,85.06,85.3,318
1787557200,85.29,85.7,85.28,85.51,907
1787557500,85.54,85.72,85.47,85.69,525
1787557800,85.68,85.68,85.36,85.45,634
1787558100,85.46,85.67,85.44,85.67,428
1787558400,85.66,85.66,85.35,85.42,293
1787558700,85.44,85.7,85.44,85.66,628
1787559000,85.65,85.81,85.43,85.51,934
1787559300,85.54,85.68,85.41,85.41,486
1787559600,85.42,85.63,85.42,85.57,381
1787559900,85.57,85.75,85.47,85.57,1142
1787560200,85.56,85.59,85.4,85.53,687
1787560500,85.53,85.54,85.37,85.37,390
1787560800,85.37,85.41,85.1,85.18,1406
1787561100,85.18,85.32,84.95,84.99,989
1787561400,85,85.08,84.76,84.79,964
1787561700,84.79,84.97,84.69,84.96,1228
1787562000,84.97,84.98,84.77,84.93,791
1787562300,84.93,84.95,84.83,84.91,377
1787562600,84.92,85.1,84.92,85.06,399
1787562900,85.06,85.39,85.02,85.38,596
1787563200,85.38,85.44,85.28,85.41,494
1787563500,85.41,85.48,85.33,85.39,318
1787563800,85.38,85.42,85.3,85.31,391
1787564100,85.31,85.34,85.09,85.13,436
1787564400,85.13,85.32,85.11,85.32,216
1787564700,85.31,85.31,85.01,85.12,737
1787565000,85.11,85.19,85.07,85.07,582
1787565300,85.09,85.17,84.98,85.15,772
1787565600,85.16,85.23,85.02,85.09,419
1787565900,85.07,85.11,84.94,84.99,347
1787566200,85,85.1,84.99,85.08,209
1787566500,85.07,85.1,85.01,85.07,169
1787566800,85.08,85.13,84.95,85.04,302
1787567100,85.03,85.12,84.94,84.99,438
1787567400,84.99,85.05,84.89,84.97,338
1787567700,84.96,85.04,84.93,84.96,173
1787568000,84.97,85.21,84.93,85.2,266
1787568300,85.21,85.27,85.17,85.22,312
1787568600,85.21,85.27,85.13,85.23,326
1787568900,85.22,85.39,85.16,85.39,392
1787569200,85.37,85.41,85.11,85.21,539
1787569500,85.22,85.24,85.17,85.21,213
1787569800,85.21,85.27,85.19,85.22,199
1787570100,85.21,85.35,85.19,85.35,259
1787570400,85.35,85.47,85.33,85.46,354
1787570700,85.46,85.53,85.42,85.49,468
1787571000,85.49,85.59,85.23,85.31,1141
1787571300,85.31,85.33,85.12,85.17,711
1787571600,85.17,85.24,85.03,85.15,432
1787571900,85.15,85.23,85.07,85.22,252
1787572200,85.24,85.38,85.24,85.35,288
1787572500,85.36,85.43,85.33,85.38,404
1787572800,85.38,85.42,85.32,85.36,456
1787573100,85.35,85.38,85.26,85.37,393
1787573400,85.38,85.53,85.29,85.52,920
1787573700,85.52,85.56,85.44,85.53,342
1787574000,85.54,85.62,85.48,85.51,439
1787574300,85.49,85.54,85.35,85.46,400
1787574600,85.47,86.24,85.4,85.55,2938
1787574900,85.55,85.61,85.43,85.53,907
1787575200,85.53,85.64,85.08,85.62,1918
1787575500,85.6,85.66,85.49,85.56,480
1787575800,85.56,85.61,85.49,85.57,342
1787576100,85.56,85.69,85.48,85.54,805
1787576400,85.55,85.64,85.32,85.5,1515
1787576700,85.5,85.77,85.48,85.64,1273
1787577000,85.63,85.68,85.4,85.51,1135
1787577300,85.52,85.73,85.52,85.72,1212
1787577600,85.71,85.77,85.48,85.66,1383
1787577900,85.65,85.94,85.48,85.91,1337
1787578200,85.92,86.05,85.76,85.8,1658
1787578500,85.78,85.98,85.71,85.85,1040
1787578800,85.85,85.88,85.59,85.66,1030
1787579100,85.66,85.73,85.43,85.69,1162
1787579400,85.69,85.78,85.32,85.42,1518
1787579700,85.42,85.63,85.36,85.39,1105
1787580000,85.38,85.55,85.24,85.44,1614
1787580300,85.45,85.47,85.22,85.29,819
1787580600,85.3,85.42,85.28,85.35,571
1787580900,85.36,85.39,85.15,85.25,955
1787581200,85.25,85.28,85.05,85.17,1004
1787581500,85.17,85.21,84.76,84.92,2373
1787581800,84.92,85.12,84.9,85.07,1411
1787582100,85.08,85.1,84.97,85.01,657
1787582400,85.01,85.24,84.95,85.17,1332
1787582700,85.17,85.19,85,85.02,987
1787583000,85.01,85.05,84.82,84.86,1354
1787583300,84.87,85.01,84.82,85,1256
1787583600,85,85.16,84.99,85.14,954
1787583900,85.12,85.13,84.84,84.97,1182
1787584200,84.98,85.07,84.94,85,588
1787584500,85,85.08,84.97,85.03,530
1787584800,85.02,85.13,85.01,85.09,1150
1787585100,85.1,85.13,84.44,84.48,5119
1787585400,84.46,84.73,84.36,84.65,3118
1787585700,84.64,84.76,84.57,84.75,1492
1787586000,84.74,84.86,84.69,84.82,1033
1787586300,84.82,84.87,84.74,84.76,714
1787586600,84.74,84.84,84.66,84.72,1587
1787586900,84.73,84.83,84.63,84.8,668
1787587200,84.81,84.87,84.72,84.86,646
1787587500,84.86,84.97,84.74,84.95,715
1787587800,84.96,85,84.83,84.99,579
1787588100,84.99,85.21,84.98,85.21,1251
1787588400,85.21,85.27,85.04,85.08,1189
1787588700,85.07,85.36,85.02,85.28,1168
1787589000,85.28,85.28,85.15,85.26,867
1787589300,85.26,85.33,85.08,85.31,822
1787589600,85.31,85.42,85.29,85.36,534
1787589900,85.37,85.37,85.25,85.37,257
1787590200,85.37,85.41,85.3,85.3,610
1787590500,85.31,85.37,85.21,85.22,592
1787590800,85.22,85.23,84.95,85.03,1268
1787591100,85.03,85.24,84.72,85.02,2212
1787591400,85.03,85.07,84.8,84.92,951
1787591700,84.91,85.16,84.69,84.79,2047
1787592000,84.8,84.9,84.7,84.85,870
1787592300,84.84,84.92,84.79,84.85,633
1787592600,84.85,85.05,84.82,85.01,553
1787592900,85.01,85.06,84.95,84.97,411
1787593200,84.97,84.97,84.86,84.89,518
1787593500,84.87,84.98,84.81,84.91,514
1787593800,84.91,84.92,84.72,84.75,921
1787594100,84.75,84.81,84.7,84.81,745
1787594400,84.81,84.84,84.66,84.79,749
1787594700,84.79,84.83,84.76,84.77,517
1787595000,84.79,84.85,84.75,84.83,662
1787595300,84.83,84.85,84.73,84.79,932
1787595600,84.81,84.95,84.79,84.95,971
1787595900,84.94,85.08,84.91,84.98,4673
1787596200,84.99,85.03,84.88,85.01,1175
1787596500,85.01,85.11,84.99,85.1,520
1787596800,85.09,85.19,85.04,85.17,757
1787597100,85.18,85.22,85.14,85.22,630
1787597400,85.21,85.26,85.18,85.21,387
1787597700,85.21,85.22,85.16,85.18,302
1787598000,85.18,85.25,85.16,85.23,303
1787598300,85.22,85.29,85.2,85.24,308
1787598600,85.25,85.26,85.22,85.24,119
1787598900,85.23,85.23,85.19,85.23,164
1787599200,85.23,85.26,85.21,85.22,133
1787599500,85.21,85.23,85.18,85.19,170
1787599800,85.21,85.22,85.09,85.16,356
1787600100,85.16,85.2,85.05,85.07,591
1787600400,85.07,85.09,84.99,85.08,361
1787600700,85.08,85.09,85.01,85.04,236
1787601000,85.05,85.07,85,85.03,254
1787601300,85.04,85.07,84.99,85.03,356
1787601600,85.04,85.08,85,85,104
1787601900,85,85,84.96,84.98,164
1787602200,84.98,85.04,84.95,85.03,220
1787602500,85.02,85.05,84.99,85.04,145
1787602800,85.05,85.05,84.96,84.98,165
1787603100,84.97,84.99,84.94,84.96,71
1787603400,84.96,84.96,84.9,84.95,102
1787603700,84.95,84.96,84.91,84.93,138
1787604000,84.94,84.96,84.84,84.89,438
1787604300,84.88,84.95,84.86,84.94,245
1787604600,84.96,84.97,84.9,84.94,191
1787604900,84.93,85,84.93,84.98,241
1787608800,85.03,85.12,84.98,85.06,226
1787609100,85.06,85.12,84.97,85.03,130
1787609400,85.03,85.03,84.98,85.02,41
1787609700,85.02,85.09,84.99,85.05,106
1787610000,85.04,85.07,85.02,85.02,18
1787610300,85.03,85.07,85.02,85.07,19
1787610600,85.08,85.1,85.06,85.09,31
1787610900,85.07,85.09,85.06,85.09,7
1787611200,85.09,85.09,85.08,85.09,11
1787611500,85.1,85.11,85.08,85.1,48
1787611800,85.12,85.12,85.11,85.12,14
1787612100,85.11,85.13,85.1,85.1,28
1787612400,85.11,85.13,85.09,85.09,40
1787612700,85.1,85.12,85.1,85.11,40
1787613000,85.1,85.16,85.1,85.15,33
1787613300,85.16,85.17,85.13,85.16,37
1787613600,85.17,85.21,85.16,85.16,41
1787613900,85.19,85.21,85.17,85.18,22
1787614200,85.18,85.24,85.17,85.21,58
1787614500,85.2,85.2,85.11,85.14,48
1787614800,85.15,85.2,85.14,85.17,24
1787615100,85.2,85.21,85.18,85.19,9
1787615400,85.18,85.19,85.16,85.19,31
1787615700,85.18,85.23,85.18,85.19,40
1787616000,85.2,85.25,85.12,85.24,268
1787616300,85.25,85.25,85.1,85.12,151
1787616600,85.1,85.15,85.08,85.14,64
1787616900,85.15,85.17,85.07,85.13,91
1787617200,85.11,85.14,85.08,85.1,81
1787617500,85.11,85.13,85.08,85.11,50
1787617800,85.11,85.11,85.03,85.04,78
1787618100,85.04,85.1,85.04,85.08,25
1787618400,85.09,85.09,84.91,84.91,182
1787618700,84.91,84.96,84.89,84.9,105
1787619000,84.88,84.89,84.8,84.85,213
1787619300,84.85,84.85,84.75,84.78,194
1787619600,84.77,85.16,84.73,85.07,533
1787619900,85.06,85.3,84.98,85.28,433
1787620200,85.28,85.35,85.12,85.14,400
1787620500,85.14,85.2,85.08,85.1,195
1787620800,85.1,85.28,85.06,85.23,279
1787621100,85.22,85.34,85.22,85.24,222
1787621400,85.25,85.26,85.11,85.26,243
1787621700,85.25,85.29,85.14,85.28,150
1787622000,85.27,85.4,85.21,85.37,199
1787622300,85.37,85.43,85.33,85.42,168
1787622600,85.42,85.49,85.33,85.35,297
1787622900,85.34,85.49,85.32,85.46,153
1787623200,85.47,85.73,85.42,85.66,589
1787623500,85.66,85.79,85.56,85.67,422
1787623800,85.66,85.84,85.63,85.76,296
1787624100,85.77,85.79,85.68,85.79,160
1787624400,85.79,85.81,85.72,85.75,141
1787624700,85.75,85.77,85.67,85.7,128
1787625000,85.71,85.81,85.69,85.74,357
1787625300,85.74,85.77,85.58,85.6,225
1787625600,85.59,85.67,85.58,85.61,190
1787625900,85.61,85.64,85.54,85.57,178
1787626200,85.57,85.59,85.47,85.52,189
1787626500,85.53,85.61,85.53,85.56,136
1787626800,85.56,85.6,85.48,85.49,122
1787627100,85.49,85.53,85.3,85.3,400
1787627400,85.31,85.36,85.21,85.34,337
1787627700,85.34,85.35,85.13,85.21,353
1787628000,85.22,85.35,85.17,85.34,279
1787628300,85.35,85.37,85.29,85.35,132
1787628600,85.36,85.41,85.32,85.4,122
1787628900,85.4,85.41,85.37,85.39,41
1787629200,85.39,85.42,85.37,85.42,29
1787629500,85.42,85.42,85.38,85.4,55
1787629800,85.4,85.45,85.4,85.41,86
1787630100,85.41,85.43,85.41,85.43,29
1787630400,85.44,85.49,85.41,85.44,94
1787630700,85.46,85.49,85.4,85.4,145
1787631000,85.42,85.42,85.35,85.36,61
1787631300,85.36,85.37,85.27,85.31,130
1787631600,85.32,85.35,85.22,85.25,155
1787631900,85.26,85.28,85.25,85.27,52
1787632200,85.27,85.27,85.22,85.24,58
1787632500,85.26,85.27,85.21,85.22,58
1787632800,85.22,85.22,85.07,85.11,220
1787633100,85.12,85.13,85.08,85.09,88
1787633400,85.1,85.12,85.08,85.1,43
1787633700,85.1,85.12,85.06,85.08,83
1787634000,85.07,85.08,84.99,85.03,272
1787634300,85.04,85.09,85.03,85.08,95
1787634600,85.07,85.07,84.96,84.97,90
1787634900,84.98,84.99,84.93,84.94,92
1787635200,84.95,84.98,84.94,84.96,65
1787635500,84.95,84.98,84.91,84.96,103
1787635800,84.97,85.04,84.82,85.03,332
1787636100,85.04,85.09,84.98,85.02,197
1787636400,85.01,85.01,84.93,84.93,110
1787636700,84.94,84.99,84.64,84.72,661
1787637000,84.72,84.77,84.52,84.56,637
1787637300,84.57,84.58,84.28,84.47,1151
1787637600,84.47,84.53,84.24,84.32,737
1787637900,84.33,84.43,84.2,84.3,636
1787638200,84.3,84.35,84.26,84.28,467
1787638500,84.28,84.34,84.21,84.29,286
1787638800,84.27,84.31,84.14,84.16,447
1787639100,84.17,84.35,84.15,84.21,421
1787639400,84.2,84.31,84.11,84.3,330
1787639700,84.3,84.61,84.28,84.58,903
1787640000,84.58,84.58,84.39,84.46,345
1787640300,84.47,84.59,84.47,84.52,466
1787640600,84.51,84.51,84.14,84.17,690
1787640900,84.17,84.26,84.13,84.26,305
1787641200,84.27,84.31,84.2,84.24,409
1787641500,84.25,84.27,84.12,84.24,308
1787641800,84.22,84.44,84.21,84.41,477
1787642100,84.4,84.47,84.25,84.28,387
1787642400,84.29,84.44,84.26,84.44,190
1787642700,84.42,84.54,84.38,84.45,635
1787643000,84.46,84.56,84.41,84.48,800
1787643300,84.47,84.47,84.25,84.29,299
1787643600,84.29,84.44,84.29,84.37,361
1787643900,84.38,84.47,84.31,84.44,296
1787644200,84.43,84.6,84.38,84.53,428
1787644500,84.53,84.55,84.39,84.55,236
1787644800,84.55,84.71,84.53,84.57,439
1787645100,84.55,84.67,84.54,84.57,197
1787645400,84.57,84.61,84.52,84.59,304
1787645700,84.57,84.62,84.46,84.58,392
1787646000,84.58,84.58,83.5,83.56,3213
1787646300,83.61,83.96,83.5,83.93,1980
1787646600,83.93,84.09,83.43,83.5,1962
1787646900,83.49,83.75,83.49,83.65,880
1787647200,83.63,83.72,83.42,83.43,1281
1787647500,83.42,83.51,83.31,83.33,1571
1787647800,83.32,83.37,83.24,83.29,1206
1787648100,83.27,83.28,82.85,83.02,1883
1787648400,83.01,83.08,82.88,82.94,1119
1787648700,82.94,82.99,82.76,82.88,1312
1787649000,82.88,82.9,82.67,82.88,1092
1787649300,82.88,82.98,82.58,82.72,1340
1787649600,82.71,82.73,82.49,82.62,1434
1787649900,82.62,82.74,82.61,82.7,517
1787650200,82.68,82.74,82.36,82.42,1834
1787650500,82.42,82.5,82.25,82.27,1533
1787650800,82.26,82.44,82.2,82.32,1581
1787651100,82.31,82.38,82.07,82.1,1351
1787651400,82.09,82.18,82.04,82.12,998
1787651700,82.12,82.26,82.05,82.12,1095
1787652000,82.12,82.51,82.12,82.5,1924
1787652300,82.49,82.61,82.44,82.53,1204
1787652600,82.52,82.57,82.44,82.49,677
1787652900,82.48,82.52,82.43,82.49,550
1787653200,82.47,82.55,82.39,82.51,516
1787653500,82.5,82.57,82.37,82.4,637
1787653800,82.39,82.51,82.27,82.41,630
1787654100,82.41,82.43,82.27,82.34,507
1787654400,82.34,82.58,82.28,82.56,669
1787654700,82.56,82.59,82.42,82.49,501
1787655000,82.49,82.59,82.44,82.55,418
1787655300,82.56,82.57,82.41,82.45,308
1787655600,82.47,82.48,82.3,82.38,984
1787655900,82.39,82.73,82.37,82.6,545
1787656200,82.59,82.65,82.42,82.44,439
1787656500,82.43,82.61,82.41,82.54,310
1787656800,82.54,82.66,82.43,82.45,617
1787657100,82.46,82.55,82.44,82.51,352
1787657400,82.49,82.49,82.28,82.32,571
1787657700,82.31,82.43,82.28,82.29,547
1787658000,82.29,82.38,82.15,82.18,1002
1787658300,82.18,82.18,81.83,81.84,1864
1787658600,81.83,82.09,81.82,81.96,1406
1787658900,81.96,82.06,81.86,81.95,747
1787659200,81.97,82.04,81.88,81.97,722
1787659500,81.96,82.05,81.9,81.97,553
1787659800,81.96,82.35,81.93,82.31,2116
1787660100,82.31,82.42,82.19,82.34,1338
1787660400,82.34,82.6,82.34,82.57,1102
1787660700,82.56,82.59,82.3,82.34,718
1787661000,82.34,82.49,82.31,82.33,636
1787661300,82.34,82.45,82.27,82.42,911
1787661600,82.42,82.55,82.39,82.44,684
1787661900,82.44,82.44,82.32,82.38,435
1787662200,82.37,82.38,82.12,82.23,1468
1787662500,82.22,82.28,82.17,82.2,574
1787662800,82.21,82.28,82.09,82.1,1857
1787663100,82.11,82.18,82.02,82.09,1184
1787663400,82.09,82.14,81.81,82,2123
1787663700,82.01,82.37,81.99,82.36,1550
1787664000,82.36,82.49,82.34,82.43,1152
1787664300,82.43,82.63,82.36,82.4,1690
1787664600,82.4,82.64,82.39,82.44,1590
1787664900,82.45,82.45,82.3,82.32,1305
1787665200,82.32,82.4,82.19,82.23,881
1787665500,82.22,82.32,82.16,82.21,720
1787665800,82.21,82.34,82.14,82.29,877
1787666100,82.28,82.49,82.26,82.43,1528
1787666400,82.44,82.89,82.36,82.61,3761
1787666700,82.6,82.62,82.31,82.32,1053
1787667000,82.31,82.5,82.3,82.39,1014
1787667300,82.39,82.61,82.34,82.46,1579
1787667600,82.45,82.64,82.38,82.61,1164
1787667900,82.61,82.62,82.5,82.59,593
1787668200,82.6,83.31,82.6,82.8,4550
1787668500,82.79,82.81,82.66,82.78,1572
1787668800,82.79,82.8,82.51,82.52,867
1787669100,82.53,82.54,82.39,82.45,902
1787669400,82.45,82.64,82.3,82.38,1867
1787669700,82.38,82.52,82.3,82.5,774
1787670000,82.48,82.69,82.43,82.66,915
1787670300,82.66,82.68,82.52,82.53,584
1787670600,82.55,82.58,82.43,82.43,672
1787670900,82.43,82.55,82.38,82.41,643
1787671200,82.4,82.42,82.15,82.31,1952
1787671500,82.32,82.48,82.27,82.42,1675
1787671800,82.42,82.43,82.08,82.12,3615
1787672100,82.11,82.2,81.69,81.78,4700
1787672400,81.78,81.84,81.54,81.69,3565
1787672700,81.69,81.99,81.63,81.97,1736
1787673000,81.95,82.03,81.84,82.01,1150
1787673300,82.01,82.17,82.01,82.09,1269
1787673600,82.1,82.24,82.09,82.21,1235
1787673900,82.22,82.23,82.05,82.11,1111
1787674200,82.11,82.18,82.05,82.16,726
1787674500,82.15,82.23,82.02,82.19,822
1787674800,82.18,82.32,82.13,82.19,688
1787675100,82.18,82.36,82.09,82.32,1702
1787675400,82.31,82.36,82.25,82.33,795
1787675700,82.32,82.33,82.18,82.25,531
1787676000,82.25,82.38,82.24,82.28,972
1787676300,82.27,82.33,82.2,82.31,791
1787676600,82.29,82.4,82.23,82.4,510
1787676900,82.4,82.42,82.12,82.18,1902
1787677200,82.17,82.24,82.08,82.16,1530
1787677500,82.17,82.22,82.08,82.09,723
1787677800,82.11,82.18,82.07,82.18,470
1787678100,82.17,82.27,82.15,82.26,978
1787678400,82.25,82.36,82.21,82.35,1078
1787678700,82.35,82.4,82.21,82.21,734
1787679000,82.22,82.28,82.18,82.25,680
1787679300,82.25,82.32,82.2,82.27,494
1787679600,82.27,82.3,82.2,82.28,403
1787679900,82.27,82.29,82.14,82.16,570
1787680200,82.15,82.27,82.13,82.18,786
1787680500,82.17,82.17,82.1,82.13,615
1787680800,82.14,82.24,82.12,82.17,720
1787681100,82.17,82.18,82.08,82.15,622
1787681400,82.14,82.23,82.13,82.14,663
1787681700,82.14,82.18,82.07,82.14,761
1787682000,82.15,82.21,82.11,82.2,772
1787682300,82.2,82.45,82.18,82.29,5867
1787682600,82.3,82.37,82.28,82.34,1108
1787682900,82.34,82.45,82.3,82.42,517
1787683200,82.43,82.46,82.38,82.39,452
1787683500,82.39,82.4,82.31,82.32,312
1787683800,82.31,82.34,82.24,82.29,246
1787684100,82.29,82.3,82.25,82.3,202
1787684400,82.3,82.31,82.23,82.31,185
1787684700,82.32,82.39,82.32,82.38,275
1787685000,82.38,82.39,82.3,82.3,766
1787685300,82.3,82.31,82.25,82.25,316
1787685600,82.25,82.28,82.16,82.18,565
1787685900,82.19,82.26,82.17,82.24,1019
1787686200,82.25,82.3,82.1,82.12,515
1787686500,82.13,82.13,81.95,82.07,1131
1787686800,82.07,82.07,81.96,81.99,316
1787687100,81.99,82.05,81.78,81.84,816
1787687400,81.84,81.86,81.33,81.44,2497
1787687700,81.44,81.69,81.09,81.12,3495
1787688000,81.13,81.13,80.87,80.99,1950
1787688300,80.99,81,80.62,80.66,1469
1787688600,80.65,80.78,80.43,80.53,2237
1787688900,80.52,80.63,80.35,80.39,1703
1787689200,80.4,80.44,80.23,80.37,1006
1787689500,80.38,80.81,80.34,80.69,1543
1787689800,80.66,80.83,80.6,80.76,682
1787690100,80.81,80.89,80.65,80.86,442
1787690400,80.87,80.9,80.71,80.85,297
1787690700,80.83,81.08,80.8,81.08,686
1787691000,81.09,81.24,81.02,81.05,700
1787691300,81.04,81.13,80.96,81.11,701
1787695200,81.11,81.31,81.09,81.17,567
1787695500,81.17,81.28,81.1,81.18,123
1787695800,81.18,81.22,81.18,81.2,181
1787696100,81.21,81.21,81.04,81.09,183
1787696400,81.07,81.09,81,81.03,193
1787696700,81.04,81.07,80.93,81.01,289
1787697000,81.01,81.03,80.96,80.97,101
1787697300,80.98,81,80.96,80.99,43
1787697600,80.99,80.99,80.95,80.97,56
1787697900,80.99,81.04,80.97,81.04,73
1787698200,81.04,81.09,81,81.02,128
1787698500,81.03,81.05,81.01,81.01,25
1787698800,81.02,81.02,80.98,81,47
1787699100,80.99,81.01,80.96,80.99,52
1787699400,80.99,81.02,80.96,80.98,61
1787699700,80.97,81,80.96,80.99,37
1787700000,80.99,81.02,80.98,81,61
1787700300,80.98,81,80.98,81,26
1787700600,81,81.03,80.99,81.02,47
1787700900,81.02,81.05,81.01,81.01,70
1787701200,81.02,81.04,81.01,81.04,29
1787701500,81.04,81.07,81.03,81.06,61
1787701800,81.06,81.09,81.05,81.09,65
1787702100,81.1,81.15,80.97,80.98,303
1787702400,80.97,81.12,80.95,81.09,468
1787702700,81.09,81.12,80.84,80.87,396
1787703000,80.88,80.93,80.83,80.89,150
1787703300,80.9,80.96,80.8,80.83,290
1787703600,80.84,80.89,80.81,80.83,133
1787703900,80.82,80.93,80.82,80.92,195
1787704200,80.92,80.99,80.85,80.89,227
1787704500,80.88,81,80.88,80.95,177
1787704800,80.96,80.98,80.69,80.71,595
1787705100,80.71,80.8,80.58,80.61,496
1787705400,80.61,80.83,80.6,80.82,347
1787705700,80.83,80.84,80.6,80.72,482
1787706000,80.71,80.72,80.39,80.46,1430
1787706300,80.47,80.59,80.4,80.5,517
1787706600,80.5,80.51,80.33,80.39,376
1787706900,80.38,80.52,80.35,80.48,331
1787707200,80.49,80.5,80.4,80.45,151
1787707500,80.44,80.57,80.4,80.55,206
1787707800,80.54,80.62,80.4,80.49,501
1787708100,80.48,80.49,80.35,80.36,303
1787708400,80.37,80.56,80.35,80.45,293
1787708700,80.46,80.65,80.44,80.65,152
1787709000,80.66,80.69,80.55,80.59,207
1787709300,80.56,80.57,80.48,80.54,93
1787709600,80.52,80.54,80.36,80.4,217
1787709900,80.39,80.41,80.26,80.3,300
1787710200,80.31,80.46,80.29,80.29,403
1787710500,80.3,80.38,80.27,80.34,326
1787710800,80.35,80.39,80.33,80.38,111
1787711100,80.36,80.4,80.32,80.35,174
1787711400,80.35,80.44,80.33,80.36,96
1787711700,80.37,80.53,80.36,80.5,130
1787712000,80.49,80.55,80.33,80.39,685
1787712300,80.39,80.4,80.15,80.18,478
1787712600,80.17,80.35,80.13,80.32,262
1787712900,80.31,80.42,80.25,80.41,241
1787713200,80.4,80.42,80.21,80.23,274
1787713500,80.23,80.3,80.22,80.25,179
1787713800,80.25,80.28,80.2,80.28,179
1787714100,80.27,80.27,80.1,80.12,307
1787714400,80.13,80.21,80.08,80.15,281
1787714700,80.14,80.29,80.13,80.27,213
1787715000,80.28,80.31,80.19,80.2,279
1787715300,80.2,80.24,80.18,80.21,106
1787715600,80.22,80.29,80.2,80.28,138
1787715900,80.27,80.32,80.24,80.27,202
1787716200,80.29,80.32,80.25,80.26,108
1787716500,80.27,80.29,80.25,80.27,102
1787716800,80.27,80.4,80.26,80.38,220
1787717100,80.37,80.38,80.29,80.38,181
1787717400,80.37,80.43,80.31,80.4,208
1787717700,80.41,80.43,80.3,80.3,257
1787718000,80.3,80.32,80.25,80.27,117
1787718300,80.27,80.34,80.27,80.32,102
1787718600,80.32,80.34,80.29,80.3,60
1787718900,80.3,80.33,80.28,80.32,85
1787719200,80.34,80.34,80.27,80.29,74
1787719500,80.28,80.33,80.25,80.32,110
1787719800,80.32,80.54,80.32,80.54,395
1787720100,80.53,80.64,80.51,80.61,324
1787720400,80.61,80.62,80.43,80.49,297
1787720700,80.49,80.54,80.47,80.53,132
1787721000,80.53,80.6,80.52,80.59,174
1787721300,80.59,80.73,80.59,80.71,265
1787721600,80.69,80.72,80.66,80.69,167
1787721900,80.69,80.77,80.66,80.76,129
1787722200,80.75,80.78,80.63,80.74,361
1787722500,80.73,80.87,80.64,80.85,304
1787722800,80.85,80.9,80.82,80.88,266
1787723100,80.9,80.92,80.77,80.81,227
1787723400,80.81,80.89,80.78,80.8,226
1787723700,80.79,80.87,80.73,80.76,175
1787724000,80.78,80.87,80.7,80.82,201
1787724300,80.82,80.87,80.78,80.85,197
1787724600,80.84,80.89,80.79,80.88,155
1787724900,80.87,80.94,80.77,80.77,304
1787725200,80.77,80.84,80.76,80.84,121
1787725500,80.83,80.88,80.78,80.85,109
1787725800,80.81,80.84,80.65,80.69,327
1787726100,80.7,80.77,80.5,80.53,461
1787726400,80.53,80.54,80.31,80.31,494
1787726700,80.31,80.42,80.28,80.33,349
1787727000,80.35,80.48,80.32,80.42,352
1787727300,80.41,80.51,80.37,80.47,372
1787727600,80.48,80.63,80.31,80.34,827
1787727900,80.35,80.35,80.25,80.3,440
1787728200,80.3,80.42,80.21,80.27,462
1787728500,80.27,80.31,80.18,80.2,380
1787728800,80.2,80.31,80.17,80.29,424
1787729100,80.3,80.37,80.22,80.28,396
1787729400,80.27,80.34,80.02,80.07,755
1787729700,80.09,80.22,80.03,80.16,429
1787730000,80.19,80.22,80.02,80.04,454
1787730300,80.03,80.16,79.87,80,1100
1787730600,79.97,80.06,79.9,79.96,530
1787730900,79.96,80.02,79.85,79.91,594
1787731200,79.9,80.11,79.89,80.1,649
1787731500,80.1,80.18,80.01,80.06,561
1787731800,80.06,80.3,80.06,80.28,651
1787732100,80.28,80.3,80.11,80.23,503
1787732400,80.22,80.53,80.21,80.39,926
1787732700,80.41,80.44,80.04,80.04,1172
1787733000,80.06,80.25,79.68,79.88,1724
1787733300,79.88,79.93,79.69,79.83,1197
1787733600,79.85,80.01,79.79,79.93,755
1787733900,79.93,80.03,79.78,79.83,462
1787734200,79.83,79.85,79.68,79.84,531
1787734500,79.84,79.9,79.72,79.84,463
1787734800,79.84,79.99,79.82,79.9,677
1787735100,79.89,79.95,79.84,79.93,427
1787735400,79.93,79.98,79.73,79.94,726
1787735700,79.93,79.93,79.62,79.84,1463
1787736000,79.84,79.98,79.77,79.98,529
1787736300,79.97,80.2,79.92,80.2,1739
1787736600,80.19,80.25,79.96,79.96,729
1787736900,79.97,80.08,79.97,80.02,242
1787737200,80.01,80.01,79.79,79.84,326
1787737500,79.85,80.03,79.83,80.01,349
1787737800,80.01,80.08,79.9,80.04,849
1787738100,80.04,80.12,79.96,80.12,1046
1787738400,80.13,80.21,80.09,80.13,902
1787738700,80.11,80.22,80.03,80.03,535
1787739000,80.02,80.2,80.02,80.16,332
1787739300,80.15,80.27,79.96,80.23,652
1787739600,80.23,80.33,80.09,80.15,602
1787739900,80.17,80.25,80.12,80.15,212
1787740200,80.16,80.27,80.15,80.18,491
1787740500,80.16,80.23,80.07,80.08,245
1787740800,80.08,80.19,80.07,80.19,182
1787741100,80.19,80.32,80.18,80.29,270
1787741400,80.29,80.39,80.22,80.37,797
1787741700,80.37,80.42,80.2,80.23,338
1787742000,80.25,80.3,80.11,80.15,389
1787742300,80.16,80.33,80.09,80.32,311
1787742600,80.31,80.33,80.15,80.2,293
1787742900,80.21,80.23,80.13,80.14,160
1787743200,80.15,80.34,80.12,80.34,431
1787743500,80.34,80.36,80.19,80.2,848
1787743800,80.2,80.33,80.14,80.14,643
1787744100,80.15,80.41,80.14,80.37,765
1787744400,80.37,80.46,80.36,80.39,623
1787744700,80.38,80.52,80.33,80.51,960
1787745000,80.51,80.59,80.49,80.54,689
1787745300,80.55,80.68,80.51,80.55,1087
1787745600,80.55,80.65,80.51,80.58,666
1787745900,80.59,80.59,80.47,80.51,538
1787746200,80.51,80.53,80.41,80.43,694
1787746500,80.42,80.46,80.35,80.35,306
1787746800,80.34,80.44,80.29,80.36,627
1787747100,80.35,80.37,80.21,80.24,370
1787747400,80.23,80.38,80.2,80.24,1001
1787747700,80.23,80.3,80.22,80.27,273
1787748000,80.26,80.36,80.21,80.28,347
1787748300,80.28,80.3,80.18,80.2,599
1787748600,80.2,80.75,80.2,80.51,2170
1787748900,80.5,80.72,80.49,80.66,2902
1787749200,80.66,80.74,80.51,80.51,2004
1787749500,80.52,80.99,80.51,80.95,1929
1787749800,80.93,80.99,80.76,80.78,1182
1787750100,80.78,80.92,80.63,80.75,1403
1787750400,80.75,80.77,80.64,80.69,966
1787750700,80.68,80.77,80.62,80.7,935
1787751000,80.7,81.08,80.67,81.02,2137
1787751300,81.01,81.23,80.99,81.15,2225
1787751600,81.14,81.33,81.11,81.26,2211
1787751900,81.27,81.57,81.26,81.52,2528
1787752200,81.53,81.72,81.48,81.51,2332
1787752500,81.51,81.55,81.41,81.5,1869
1787752800,81.49,81.51,81.36,81.48,1132
1787753100,81.48,81.57,81.37,81.39,1072
1787753400,81.38,81.52,81.32,81.5,1281
1787753700,81.51,81.66,81.46,81.64,1930
1787754000,81.64,81.68,81.55,81.58,1361
1787754300,81.57,81.69,81.49,81.69,1422
1787754600,81.69,81.89,81.65,81.69,2078
1787754900,81.69,81.82,81.66,81.75,889
1787755200,81.74,81.85,81.68,81.8,992
1787755500,81.8,81.97,81.71,81.84,1809
1787755800,81.85,81.9,81.72,81.76,1291
1787756100,81.75,81.92,81.69,81.92,1252
1787756400,81.93,81.96,81.84,81.93,1233
1787756700,81.91,82,81.89,81.98,1223
1787757000,81.96,82.23,81.86,82.21,2092
1787757300,82.22,82.26,82.05,82.08,1789
1787757600,82.08,82.27,82.06,82.2,1287
1787757900,82.2,82.45,82.18,82.38,3086
1787758200,82.37,82.48,82.28,82.48,1726
1787758500,82.47,82.47,82.25,82.27,1515
1787758800,82.28,82.36,82.23,82.31,1456
1787759100,82.32,82.35,82.18,82.3,1316
1787759400,82.3,82.83,82.29,82.75,4429
1787759700,82.75,82.89,82.66,82.77,2715
1787760000,82.77,82.95,82.71,82.79,1493
1787760300,82.79,82.88,82.73,82.84,961
1787760600,82.83,82.95,82.82,82.89,930
1787760900,82.89,83.31,82.87,83.13,3194
1787761200,83.13,83.24,83.02,83.23,1927
1787761500,83.24,83.29,82.97,83.08,2223
1787761800,83.07,83.2,83.04,83.16,952
1787762100,83.15,83.18,83.02,83.15,823
1787762400,83.15,83.16,83.06,83.06,624
1787762700,83.05,83.08,82.94,82.98,1109
1787763000,82.98,82.98,82.79,82.85,2038
1787763300,82.86,82.86,82.74,82.77,1412
1787763600,82.77,82.84,82.61,82.63,1269
1787763900,82.62,82.73,82.61,82.66,812
1787764200,82.66,82.72,82.6,82.71,742
1787764500,82.71,82.75,82.57,82.61,840
1787764800,82.61,82.65,82.57,82.59,516
1787765100,82.58,82.71,82.57,82.68,541
1787765400,82.67,82.71,82.59,82.66,623
1787765700,82.65,82.68,82.58,82.63,360
1787766000,82.63,82.71,82.54,82.57,625
1787766300,82.57,82.64,82.54,82.63,395
1787766600,82.62,82.65,82.56,82.65,678
1787766900,82.64,82.66,82.5,82.55,871
1787767200,82.56,82.57,82.37,82.38,2133
1787767500,82.39,82.42,82.32,82.39,706
1787767800,82.38,82.38,82.27,82.36,894
1787768100,82.36,82.36,82.2,82.22,1091
1787768400,82.22,82.22,82.09,82.15,1262
1787768700,82.15,82.29,82.07,82.25,4238
1787769000,82.25,82.33,82.17,82.26,1370
1787769300,82.26,82.27,82.13,82.17,678
1787769600,82.17,82.22,82.13,82.13,524
1787769900,82.13,82.14,82.01,82.02,744
1787770200,82.01,82.08,81.98,82.03,767
1787770500,82.02,82.06,81.98,82,312
1787770800,82,82,81.87,81.88,362
1787771100,81.86,82,81.83,81.98,733
1787771400,81.98,82,81.95,81.97,390
1787771700,81.97,82.06,81.92,82.04,480
1787772000,82.03,82.05,81.96,82.01,310
1787772300,82.01,82.01,81.97,81.99,153
1787772600,82,82.08,81.98,82.02,280
1787772900,82.03,82.03,81.91,81.95,229
1787773200,81.95,81.98,81.94,81.97,86
1787773500,81.98,81.99,81.95,81.96,116
1787773800,81.95,81.98,81.93,81.97,283
1787774100,81.97,81.97,81.9,81.93,320
1787774400,81.92,81.93,81.86,81.92,289
1787774700,81.92,81.94,81.89,81.92,103
1787775000,81.91,81.92,81.86,81.87,128
1787775300,81.88,81.88,81.79,81.81,182
1787775600,81.82,81.9,81.8,81.82,286
1787775900,81.83,81.85,81.78,81.8,164
1787776200,81.8,81.81,81.74,81.78,176
1787776500,81.78,81.82,81.76,81.78,69
1787776800,81.79,81.81,81.77,81.8,95
1787777100,81.8,81.85,81.78,81.85,123
1787777400,81.84,81.87,81.78,81.81,328
1787777700,81.83,81.93,81.82,81.91,375
1787781600,82,82.13,81.89,81.89,509
1787781900,81.88,81.89,81.8,81.82,111
1787782200,81.81,81.85,81.8,81.8,36
1787782500,81.79,81.88,81.79,81.82,51
1787782800,81.82,81.84,81.78,81.83,35
1787783100,81.81,81.85,81.81,81.85,16
1787783400,81.85,81.89,81.85,81.88,69
1787783700,81.87,81.91,81.86,81.89,33
1787784000,81.89,81.89,81.86,81.86,11
1787784300,81.85,81.87,81.83,81.87,9
1787784600,81.87,81.87,81.83,81.84,10
1787784900,81.83,81.85,81.83,81.83,6
1787785200,81.8,81.81,81.75,81.79,88
1787785500,81.8,81.83,81.8,81.83,12
1787785800,81.83,81.86,81.83,81.84,15
1787786100,81.83,81.86,81.81,81.84,48
1787786400,81.84,81.86,81.83,81.83,6
1787786700,81.84,81.85,81.83,81.84,10
1787787000,81.85,81.85,81.82,81.82,5
1787787300,81.82,81.85,81.81,81.83,42
1787787600,81.82,81.83,81.82,81.82,22
1787787900,81.82,81.85,81.82,81.84,19
1787788200,81.83,81.85,81.83,81.85,17
1787788500,81.83,81.84,81.8,81.8,65
1787788800,81.81,81.82,81.67,81.67,291
1787789100,81.68,81.76,81.6,81.65,318
1787789400,81.66,81.69,81.56,81.64,201
1787789700,81.67,81.7,81.59,81.63,134
1787790000,81.64,81.67,81.61,81.64,80
1787790300,81.63,81.63,81.53,81.56,172
1787790600,81.55,81.62,81.54,81.59,64
1787790900,81.58,81.62,81.57,81.57,35
1787791200,81.59,81.62,81.56,81.57,67
1787791500,81.57,81.73,81.57,81.68,187
1787791800,81.67,81.71,81.64,81.66,69
1787792100,81.65,81.89,81.62,81.79,620
1787792400,81.8,82.17,81.73,81.86,1038
1787792700,81.84,81.94,81.76,81.92,388
1787793000,81.91,81.95,81.72,81.83,314
1787793300,81.83,82,81.72,81.94,537
1787793600,81.96,82.09,81.91,81.93,498
1787793900,81.95,82,81.93,81.96,111
1787794200,81.98,82,81.87,81.93,150
1787794500,81.86,81.86,81.72,81.78,176
1787794800,81.78,81.92,81.78,81.82,147
1787795100,81.81,81.81,81.74,81.74,87
1787795400,81.74,81.74,81.59,81.7,281
1787795700,81.69,81.7,81.57,81.62,108
1787796000,81.63,81.68,81.58,81.68,126
1787796300,81.67,81.68,81.59,81.65,96
1787796600,81.67,81.7,81.62,81.67,60
1787796900,81.66,81.67,81.58,81.67,84
1787797200,81.68,81.69,81.6,81.61,55
1787797500,81.62,81.62,81.56,81.6,156
1787797800,81.61,81.7,81.58,81.67,149
1787798100,81.66,81.73,81.64,81.68,129
1787798400,81.7,81.7,81.48,81.51,398
1787798700,81.5,81.61,81.48,81.53,393
1787799000,81.52,81.54,81.49,81.51,120
1787799300,81.51,81.53,81.44,81.44,226
1787799600,81.45,81.61,81.44,81.59,260
1787799900,81.57,81.73,81.57,81.7,321
1787800200,81.69,81.73,81.68,81.72,130
1787800500,81.71,81.74,81.7,81.71,92
1787800800,81.69,81.83,81.65,81.8,240
1787801100,81.81,81.9,81.77,81.78,352
1787801400,81.79,81.89,81.71,81.72,185
1787801700,81.72,81.86,81.71,81.85,93
1787802000,81.84,81.9,81.81,81.87,109
1787802300,81.86,81.87,81.83,81.84,60
1787802600,81.85,81.87,81.82,81.85,43
1787802900,81.85,81.86,81.82,81.84,50
1787803200,81.84,81.85,81.81,81.84,28
1787803500,81.81,81.84,81.78,81.78,47
1787803800,81.79,81.84,81.78,81.84,35
1787804100,81.83,81.88,81.83,81.84,81
1787804400,81.85,81.92,81.83,81.91,96
1787804700,81.9,81.91,81.87,81.89,32
1787805000,81.9,81.91,81.82,81.84,57
1787805300,81.84,81.85,81.79,81.81,41
1787805600,81.81,81.87,81.8,81.83,90
1787805900,81.83,81.87,81.8,81.83,53
1787806200,81.83,81.85,81.81,81.82,23
1787806500,81.83,81.84,81.81,81.83,23
1787806800,81.82,81.86,81.82,81.85,44
1787807100,81.84,81.85,81.83,81.83,21
1787807400,81.85,81.85,81.8,81.84,27
1787807700,81.83,81.83,81.76,81.77,59
1787808000,81.78,81.78,81.71,81.72,85
1787808300,81.72,81.72,81.59,81.59,204
1787808600,81.6,81.65,81.44,81.63,472
1787808900,81.63,81.65,81.54,81.57,161
1787809200,81.57,81.62,81.54,81.58,50
1787809500,81.57,81.69,81.57,81.64,130
1787809800,81.63,81.68,81.56,81.62,135
1787810100,81.61,81.61,81.42,81.43,367
1787810400,81.44,81.51,81.39,81.49,234
1787810700,81.49,81.5,81.38,81.43,163
1787811000,81.4,81.42,81.33,81.33,196
1787811300,81.34,81.41,81.31,81.38,304
1787811600,81.38,81.42,81.3,81.35,152
1787811900,81.35,81.4,81.28,81.31,219
1787812200,81.32,81.36,81.3,81.32,149
1787812500,81.31,81.31,81.04,81.07,922
1787812800,81.08,81.1,81.03,81.1,475
1787813100,81.1,81.22,81.02,81.21,459
1787813400,81.2,81.24,81.14,81.14,211
1787813700,81.15,81.16,81.02,81.03,449
1787814000,81.03,81.04,80.76,80.81,1177
1787814300,80.81,80.85,80.65,80.76,652
1787814600,80.76,80.89,80.69,80.77,604
1787814900,80.77,80.87,80.75,80.82,663
1787815200,80.84,80.97,80.79,80.97,475
1787815500,80.97,81.11,80.92,80.99,507
1787815800,81.01,81.15,81.01,81.08,457
1787816100,81.07,81.26,81.03,81.22,689
1787816400,81.2,81.22,81.04,81.07,316
1787816700,81.07,81.11,81.01,81.03,156
1787817000,81.01,81.17,81,81.09,396
1787817300,81.08,81.36,81.05,81.36,623
1787817600,81.36,81.43,81.26,81.3,623
1787817900,81.31,81.35,81.22,81.32,252
1787818200,81.34,81.42,81.2,81.4,256
1787818500,81.39,81.49,81.29,81.46,510
1787818800,81.47,81.58,81.44,81.53,674
1787819100,81.54,81.64,81.39,81.64,1035
1787819400,81.64,81.7,81.52,81.56,958
1787819700,81.56,81.64,81.49,81.62,343
1787820000,81.6,81.72,81.6,81.68,412
1787820300,81.67,81.71,81.52,81.54,380
1787820600,81.54,81.72,81.49,81.71,394
1787820900,81.71,81.83,81.71,81.82,496
1787821200,81.83,81.97,81.82,81.89,852
1787821500,81.87,82.02,81.87,81.94,385
1787821800,81.93,82.15,81.91,82.14,504
1787822100,82.12,82.22,82.06,82.2,647
1787822400,82.2,82.2,81.99,82.02,788
1787822700,82.03,82.14,82.01,82.09,273
1787823000,82.09,82.13,81.99,82.11,327
1787823300,82.1,82.13,82.05,82.07,317
1787823600,82.06,82.07,81.97,82.03,356
1787823900,82.04,82.1,82.01,82.1,277
1787824200,82.09,82.16,82.06,82.1,495
1787824500,82.11,82.21,82.11,82.19,536
1787824800,82.2,82.55,82.2,82.35,1429
1787825100,82.36,82.42,82.28,82.34,529
1787825400,82.34,82.36,82.17,82.22,431
1787825700,82.23,82.31,82.13,82.29,419
1787826000,82.28,82.35,82.24,82.28,187
1787826300,82.27,82.42,82.25,82.42,216
1787826600,82.43,82.47,82.35,82.35,187
1787826900,82.38,82.47,82.35,82.47,199
1787827200,82.45,82.46,82.13,82.15,634
1787827500,82.15,82.22,82.09,82.17,386
1787827800,82.18,82.46,82.18,82.35,436
1787828100,82.34,82.35,82.22,82.22,319
1787828400,82.24,82.45,82.21,82.38,443
1787828700,82.39,82.44,82.34,82.37,240
1787829000,82.37,82.45,82.22,82.24,619
1787829300,82.24,82.29,82.19,82.29,210
1787829600,82.3,82.52,82.3,82.38,822
1787829900,82.37,82.51,82.35,82.44,580
1787830200,82.44,82.45,82.15,82.26,1337
1787830500,82.25,82.52,82.25,82.42,628
1787830800,82.43,82.5,82.39,82.47,515
1787831100,82.47,82.6,82.46,82.6,712
1787831400,82.58,82.62,82.51,82.58,372
1787831700,82.56,82.59,82.46,82.46,610
1787832000,82.46,82.51,82.41,82.47,341
1787832300,82.47,82.55,82.44,82.5,271
1787832600,82.51,82.55,82.37,82.46,356
1787832900,82.46,82.47,82.24,82.24,411
1787833200,82.24,82.42,82.17,82.34,548
1787833500,82.35,82.49,82.18,82.45,817
1787833800,82.44,82.46,82.35,82.39,455
1787834100,82.38,82.55,82.38,82.46,387
1787834400,82.45,82.54,82.34,82.45,281
1787834700,82.45,82.7,82.41,82.64,726
1787835000,82.65,82.81,82.62,82.71,1016
1787835300,82.71,82.73,82.5,82.53,658
1787835600,82.52,82.77,82.47,82.63,1993
1787835900,82.64,82.67,82.39,82.41,1079
1787836200,82.42,82.56,82.4,82.5,812
1787836500,82.52,82.65,82.42,82.64,669
1787836800,82.64,82.68,82.47,82.57,570
1787837100,82.56,82.62,82.34,82.44,932
1787837400,82.45,82.87,82.36,82.7,2425
1787837700,82.71,82.8,82.63,82.71,886
1787838000,82.72,82.85,82.63,82.71,1028
1787838300,82.73,82.79,82.63,82.72,708
1787838600,82.72,82.83,82.66,82.73,884
1787838900,82.73,82.87,82.6,82.84,1500
1787839200,82.84,82.99,82.82,82.87,1585
1787839500,82.87,83.13,82.86,83.11,1427
1787839800,83.1,83.14,82.87,82.88,1478
1787840100,82.88,82.93,82.73,82.9,1450
1787840400,82.88,82.95,82.83,82.89,757
1787840700,82.89,82.9,82.65,82.7,1114
1787841000,82.7,82.77,82.62,82.62,865
1787841300,82.63,82.67,82.45,82.45,1010
1787841600,82.45,82.54,82.32,82.36,1684
1787841900,82.36,82.51,82.24,82.37,1621
1787842200,82.38,82.39,82.17,82.21,1185
1787842500,82.22,82.24,82,82.03,1329
1787842800,82.04,82.16,81.99,82.07,1429
1787843100,82.07,82.29,82.04,82.25,1006
1787843400,82.25,82.44,82.23,82.38,1050
1787843700,82.39,82.39,82.19,82.21,715
1787844000,82.23,82.34,82.16,82.27,928
1787844300,82.28,82.46,82.22,82.25,1357
1787844600,82.25,82.44,82.24,82.39,928
1787844900,82.39,82.46,82.35,82.44,579
1787845200,82.43,82.68,82.32,82.5,1938
1787845500,82.5,82.59,82.48,82.56,737
1787845800,82.56,82.58,82.41,82.51,846
1787846100,82.51,82.65,82.51,82.59,721
1787846400,82.6,82.73,82.57,82.62,968
1787846700,82.62,82.72,82.6,82.7,567
1787847000,82.69,82.72,82.51,82.6,706
1787847300,82.59,82.6,82.46,82.51,786
1787847600,82.5,82.74,82.44,82.72,608
1787847900,82.72,82.75,82.58,82.62,438
1787848200,82.61,82.76,82.6,82.74,815
1787848500,82.74,82.77,82.69,82.71,670
1787848800,82.71,82.8,82.68,82.79,782
1787849100,82.8,82.89,82.77,82.82,1472
1787849400,82.83,82.91,82.8,82.84,586
1787849700,82.83,82.83,82.69,82.75,782
1787850000,82.75,82.86,82.7,82.82,774
1787850300,82.83,82.87,82.78,82.84,1040
1787850600,82.83,82.93,82.8,82.82,425
1787850900,82.82,82.96,82.78,82.88,714
1787851200,82.88,82.92,82.85,82.88,335
1787851500,82.88,82.89,82.76,82.77,907
1787851800,82.78,82.92,82.66,82.73,1155
1787852100,82.73,82.77,82.68,82.73,393
1787852400,82.72,83.03,82.72,82.95,1001
1787852700,82.95,83.45,82.91,83.11,3697
1787853000,83.1,83.68,83.02,83.62,2652
1787853300,83.61,84.04,83.55,83.96,2849
1787853600,83.98,84.27,83.87,84.07,5212
1787853900,84.07,84.21,83.92,84.15,2165
1787854200,84.16,84.2,83.84,83.89,2004
1787854500,83.89,83.9,83.52,83.62,2966
1787854800,83.62,83.73,83.52,83.64,1376
1787855100,83.63,83.73,83.43,83.61,6303
1787855400,83.61,83.71,83.55,83.6,858
1787855700,83.59,83.83,83.59,83.8,675
1787856000,83.8,83.8,83.65,83.77,626
1787856300,83.76,83.81,83.72,83.79,310
1787856600,83.79,83.8,83.7,83.71,422
1787856900,83.72,83.79,83.68,83.76,406
1787857200,83.77,83.83,83.71,83.78,304
1787857500,83.79,83.89,83.65,83.88,1567
1787857800,83.88,83.95,83.83,83.9,491
1787858100,83.9,84,83.9,83.98,508
1787858400,83.99,84.02,83.75,83.78,802
1787858700,83.79,83.97,83.77,83.91,450
1787859000,83.9,83.99,83.84,83.88,359
1787859300,83.87,83.94,83.87,83.91,278
1787859600,83.91,83.96,83.82,83.82,213
1787859900,83.84,83.84,83.69,83.76,468
1787860200,83.76,83.76,83.62,83.67,349
1787860500,83.67,83.69,83.61,83.63,419
1787860800,83.63,83.7,83.6,83.67,241
1787861100,83.67,83.7,83.61,83.67,93
1787861400,83.67,83.68,83.59,83.59,134
1787861700,83.59,83.63,83.56,83.61,67
1787862000,83.63,83.65,83.58,83.58,65
1787862300,83.59,83.61,83.54,83.57,80
1787862600,83.56,83.58,83.48,83.52,342
1787862900,83.53,83.56,83.5,83.55,90
1787863200,83.53,83.54,83.5,83.53,120
1787863500,83.51,83.56,83.47,83.47,386
1787863800,83.48,83.55,83.45,83.5,263
1787864100,83.5,83.58,83.48,83.54,263
1787868000,83.67,83.78,83.45,83.68,574
1787868300,83.67,83.7,83.58,83.58,100
1787868600,83.59,83.67,83.59,83.63,51
1787868900,83.62,83.63,83.48,83.55,168
1787869200,83.55,83.66,83.53,83.63,122
1787869500,83.64,83.67,83.63,83.63,25
1787869800,83.63,83.64,83.62,83.64,11
1787870100,83.63,83.63,83.62,83.62,6
1787870400,83.63,83.64,83.62,83.62,14
1787870700,83.62,83.63,83.59,83.59,18
1787871000,83.62,83.62,83.59,83.6,17
1787871300,83.61,83.61,83.59,83.59,10
1787871600,83.6,83.6,83.58,83.59,12
1787871900,83.59,83.6,83.58,83.58,25
1787872200,83.59,83.6,83.57,83.59,21
1787872500,83.59,83.62,83.59,83.62,42
1787872800,83.61,83.64,83.6,83.62,24
1787873100,83.62,83.64,83.59,83.64,61
1787873400,83.61,83.63,83.58,83.6,30
1787873700,83.61,83.61,83.52,83.54,44
1787874000,83.56,83.56,83.53,83.54,22
1787874300,83.54,83.57,83.51,83.51,23
1787874600,83.51,83.53,83.49,83.52,39
1787874900,83.52,83.53,83.48,83.5,48
1787875200,83.49,83.53,83.41,83.46,354
1787875500,83.47,83.49,83.44,83.49,61
1787875800,83.49,83.51,83.39,83.43,101
1787876100,83.43,83.44,83.35,83.44,155
1787876400,83.44,83.47,83.4,83.44,49
1787876700,83.42,83.43,83.38,83.4,32
1787877000,83.4,83.4,83.32,83.32,41
1787877300,83.33,83.41,83.29,83.36,177
1787877600,83.37,83.39,83.33,83.35,71
1787877900,83.36,83.36,83.28,83.32,123
1787878200,83.33,83.36,83.28,83.3,75
1787878500,83.3,83.35,83.26,83.27,123
1787878800,83.28,83.39,83.27,83.31,274
1787879100,83.33,83.45,83.3,83.41,179
1787879400,83.41,83.48,83.35,83.42,194
1787879700,83.41,83.53,83.39,83.4,377
1787880000,83.4,83.45,83.3,83.42,95
1787880300,83.4,83.41,83.22,83.23,155
1787880600,83.22,83.23,83.03,83.05,333
1787880900,83.06,83.1,83.03,83.05,110
1787881200,83.05,83.14,83.03,83.12,160
1787881500,83.1,83.18,83.04,83.09,145
1787881800,83.1,83.12,83.04,83.08,113
1787882100,83.08,83.13,83.05,83.06,128
1787882400,83.06,83.23,83.05,83.19,214
1787882700,83.17,83.27,83.17,83.24,110
1787883000,83.24,83.33,83.2,83.31,221
1787883300,83.31,83.31,83.26,83.26,87
1787883600,83.27,83.36,83.27,83.34,66
1787883900,83.34,83.36,83.31,83.36,51
1787884200,83.36,83.46,83.36,83.41,271
1787884500,83.42,83.43,83.24,83.27,154
1787884800,83.28,83.28,83.17,83.24,128
1787885100,83.27,83.4,83.23,83.4,166
1787885400,83.39,83.44,83.26,83.27,176
1787885700,83.26,83.27,83.1,83.11,203
1787886000,83.09,83.18,83.06,83.08,172
1787886300,83.09,83.17,83.05,83.17,105
1787886600,83.16,83.21,83.13,83.19,171
1787886900,83.2,83.25,83.13,83.2,85
1787887200,83.18,83.21,83.16,83.19,44
1787887500,83.19,83.22,83.16,83.18,80
1787887800,83.19,83.24,83.14,83.14,129
1787888100,83.14,83.18,83.14,83.17,33
1787888400,83.16,83.18,83.11,83.11,38
1787888700,83.12,83.15,83.1,83.15,71
1787889000,83.13,83.15,83.12,83.13,22
1787889300,83.12,83.14,83.08,83.1,72
1787889600,83.09,83.14,83.09,83.11,47
1787889900,83.11,83.13,83.09,83.12,46
1787890200,83.12,83.13,83.08,83.09,23
1787890500,83.09,83.11,83.05,83.09,140
1787890800,83.09,83.11,83.07,83.09,68
1787891100,83.1,83.13,83.08,83.13,73
1787891400,83.13,83.2,83.12,83.18,62
1787891700,83.17,83.21,83.17,83.2,44
1787892000,83.19,83.24,83.17,83.23,79
1787892300,83.23,83.25,83.21,83.24,43
1787892600,83.25,83.28,83.23,83.26,95
1787892900,83.26,83.28,83.24,83.27,95
1787893200,83.27,83.34,83.23,83.26,202
1787893500,83.26,83.32,83.26,83.29,94
1787893800,83.29,83.3,83.26,83.29,30
1787894100,83.28,83.29,83.25,83.25,47
1787894400,83.26,83.27,83.23,83.23,35
1787894700,83.23,83.26,83.19,83.22,64
1787895000,83.22,83.22,82.99,83,426
1787895300,83,83.06,82.85,82.94,495
1787895600,82.92,83.26,82.92,83.22,206
1787895900,83.21,83.24,83.1,83.17,126
1787896200,83.17,83.23,83.14,83.18,65
1787896500,83.21,83.23,83.05,83.12,317
1787896800,83.12,83.24,83.07,83.16,251
1787897100,83.17,83.18,82.98,83.02,206
1787897400,83,83.09,82.94,83.05,207
1787897700,83.05,83.07,82.89,82.89,498
1787898000,82.9,82.95,82.85,82.92,541
1787898300,82.92,82.99,82.85,82.96,245
1787898600,82.97,83.05,82.87,82.91,735
1787898900,82.92,82.96,82.82,82.92,378
1787899200,82.91,82.97,82.79,82.83,485
1787899500,82.82,82.9,82.74,82.76,388
1787899800,82.77,82.88,82.76,82.87,245
1787900100,82.86,82.96,82.81,82.88,420
1787900400,82.88,82.92,82.75,82.86,550
1787900700,82.85,83.32,82.83,83.26,826
1787901000,83.27,83.29,82.97,83.01,434
1787901300,83,83.18,82.95,82.98,702
1787901600,82.96,83.06,82.93,83.02,433
1787901900,83.02,83.03,82.83,82.83,326
1787902200,82.83,82.86,82.67,82.81,487
1787902500,82.81,82.88,82.74,82.84,485
1787902800,82.86,82.98,82.82,82.84,261
1787903100,82.84,82.98,82.82,82.85,396
1787903400,82.87,82.95,82.82,82.93,313
1787903700,82.93,83.01,82.89,82.98,175
1787904000,82.99,83.04,82.92,82.93,271
1787904300,82.93,83.05,82.88,83.02,204
1787904600,83.04,83.04,82.88,82.94,159
1787904900,82.95,83.25,82.93,83.11,695
1787905200,83.12,83.12,82.83,83.02,648
1787905500,83.03,83.16,82.98,83.09,699
1787905800,83.09,83.2,82.74,82.83,1136
1787906100,82.86,82.9,82.54,82.58,1829
1787906400,82.58,82.93,82.58,82.93,405
1787906700,82.94,83.21,82.92,83.18,1195
1787907000,83.19,83.28,83.02,83.14,550
1787907300,83.14,83.32,83.1,83.31,451
1787907600,83.33,83.43,83.19,83.21,843
1787907900,83.22,83.5,83.22,83.4,467
1787908200,83.41,83.41,83.27,83.33,189
1787908500,83.3,83.36,83.18,83.19,387
1787908800,83.19,83.22,83.03,83.06,385
1787909100,83.05,83.14,82.89,83,507
1787909400,83.01,83.24,82.97,83.14,304
1787909700,83.16,83.37,83.15,83.26,248
1787910000,83.27,83.27,83.04,83.06,156
1787910300,83.06,83.21,82.93,83.19,258
1787910600,83.18,83.2,82.96,83.01,367
1787910900,82.97,83.11,82.94,83.07,424
1787911200,83.07,83.23,82.88,82.91,397
1787911500,82.91,83.11,82.87,83.11,314
1787911800,83.11,83.17,83.08,83.08,145
1787912100,83.09,83.21,83.06,83.19,233
1787912400,83.2,83.25,83.12,83.16,206
1787912700,83.14,83.34,83.13,83.33,279
1787913000,83.34,83.34,83.21,83.25,186
1787913300,83.24,83.42,83.24,83.33,470
1787913600,83.37,83.59,83.36,83.57,710
1787913900,83.6,83.62,83.53,83.54,488
1787914200,83.57,83.58,83.23,83.27,516
1787914500,83.26,83.3,83.23,83.26,230
1787914800,83.26,83.32,83.1,83.17,277
1787915100,83.17,83.3,83.12,83.27,284
1787915400,83.27,83.28,83.1,83.12,242
1787915700,83.12,83.17,83.06,83.1,255
1787916000,83.11,83.25,83.06,83.14,227
1787916300,83.11,83.16,83,83.08,275
1787916600,83.09,83.16,83.05,83.1,150
1787916900,83.11,83.15,83.04,83.06,192
1787917200,83.05,83.17,83.03,83.14,277
1787917500,83.15,83.18,83.07,83.09,165
1787917800,83.06,83.09,82.94,83,623
1787918100,83.02,83.02,82.86,82.91,320
1787918400,82.91,83.01,82.89,82.92,278
1787918700,82.92,82.99,82.87,82.96,252
1787919000,82.97,83.02,82.77,82.8,572
1787919300,82.82,82.9,82.8,82.86,332
1787919600,82.85,82.88,82.78,82.83,237
1787919900,82.82,82.84,82.66,82.74,768
1787920200,82.73,82.82,82.73,82.76,289
1787920500,82.75,82.76,82.62,82.7,558
1787920800,82.71,82.84,82.7,82.72,436
1787921100,82.73,82.78,82.57,82.63,736
1787921400,82.63,82.64,82.47,82.53,1260
1787921700,82.52,82.64,82.44,82.46,974
1787922000,82.47,82.56,82.37,82.4,1397
1787922300,82.41,82.58,82.25,82.56,1901
1787922600,82.54,82.67,82.43,82.62,970
1787922900,82.62,82.66,82.49,82.52,707
1787923200,82.51,82.59,82.45,82.47,647
1787923500,82.47,82.5,82.37,82.4,495
1787923800,82.4,82.7,82.38,82.57,1387
1787924100,82.58,82.72,82.53,82.63,784
1787924400,82.62,82.77,82.57,82.7,836
1787924700,82.69,82.81,82.59,82.64,1091
1787925000,82.63,82.68,82.46,82.52,676
1787925300,82.51,82.54,82.39,82.51,606
1787925600,82.52,82.56,82.33,82.48,1107
1787925900,82.46,82.53,82.32,82.51,965
1787926200,82.5,82.91,82.48,82.86,2122
1787926500,82.87,82.95,82.79,82.85,927
1787926800,82.85,82.93,82.77,82.82,469
1787927100,82.84,82.9,82.78,82.85,420
1787927400,82.84,83.04,82.82,82.91,971
1787927700,82.91,82.97,82.88,82.95,459
1787928000,82.94,83.14,82.91,82.98,933
1787928300,82.96,83.1,82.87,82.99,852
1787928600,82.99,83.08,82.9,82.91,632
1787928900,82.89,82.93,82.68,82.87,1013
1787929200,82.86,83.12,82.82,83.07,1039
1787929500,83.06,83.16,82.95,82.95,557
1787929800,82.94,83.21,82.88,83.15,701
1787930100,83.16,83.22,83.07,83.21,521
1787930400,83.21,83.23,83.11,83.17,791
1787930700,83.18,83.28,83.06,83.11,1422
1787931000,83.1,83.26,83.07,83.13,1169
1787931300,83.12,83.28,83.08,83.27,641
1787931600,83.27,83.29,83.16,83.21,608
1787931900,83.21,83.23,83.02,83.11,825
1787932200,83.12,83.22,83,83.17,662
1787932500,83.15,83.17,83,83.04,425
1787932800,83.04,83.08,82.9,83.03,1168
1787933100,83.04,83.17,82.97,83.17,640
1787933400,83.17,83.22,83.12,83.14,372
1787933700,83.15,83.27,83.13,83.23,565
1787934000,83.24,83.28,83.14,83.22,491
1787934300,83.22,83.25,83.09,83.11,649
1787934600,83.1,83.26,83.03,83.25,970
1787934900,83.25,83.38,83.22,83.29,1005
1787935200,83.3,83.48,83.3,83.45,1015
1787935500,83.45,83.52,83.38,83.42,430
1787935800,83.43,83.55,83.4,83.41,725
1787936100,83.41,83.54,83.39,83.52,497
1787936400,83.51,83.57,83.48,83.5,696
1787936700,83.49,83.71,83.47,83.51,997
1787937000,83.52,83.52,83.39,83.42,510
1787937300,83.42,83.43,83.31,83.35,682
1787937600,83.36,83.42,83.3,83.36,367
1787937900,83.37,83.42,83.34,83.36,445
1787938200,83.37,83.41,83.27,83.37,519
1787938500,83.37,83.43,83.33,83.37,396
1787938800,83.36,83.47,83.34,83.43,423
1787939100,83.43,83.49,83.38,83.44,512
1787939400,83.43,83.57,83.43,83.5,732
1787939700,83.5,83.51,83.43,83.46,501
1787940000,83.46,83.47,83.19,83.3,1193
1787940300,83.3,83.34,83.27,83.29,321
1787940600,83.28,83.35,83.27,83.32,363
1787940900,83.32,83.43,83.24,83.39,1665
1787941200,83.4,83.48,83.37,83.44,1024
1787941500,83.45,83.56,83.34,83.38,4871
1787941800,83.37,83.39,83.17,83.21,1436
1787942100,83.2,83.23,83.12,83.23,463
1787942400,83.23,83.27,83.2,83.23,337
1787942700,83.22,83.23,83.14,83.15,222
1787943000,83.15,83.18,83.13,83.14,183
1787943300,83.15,83.18,83.09,83.18,454
1787943600,83.18,83.31,83.17,83.22,936
1787943900,83.23,83.33,83.23,83.27,563
1787944200,83.28,83.34,83.27,83.31,244
1787944500,83.3,83.3,83.23,83.27,140
1787944800,83.28,83.3,83.26,83.28,155
1787945100,83.29,83.31,83.27,83.29,166
1787945400,83.31,83.41,83.28,83.39,344
1787945700,83.38,83.48,83.37,83.45,518
1787946000,83.45,83.52,83.39,83.45,294
1787946300,83.46,83.46,83.39,83.4,168
1787946600,83.4,83.41,83.35,83.37,231
1787946900,83.36,83.4,83.35,83.39,359
1787947200,83.4,83.42,83.33,83.42,175
1787947500,83.42,83.46,83.35,83.38,182
1787947800,83.37,83.44,83.35,83.44,120
1787948100,83.44,83.48,83.44,83.47,70
1787948400,83.46,83.47,83.43,83.44,56
1787948700,83.43,83.44,83.41,83.43,80
1787949000,83.43,83.46,83.41,83.45,105
1787949300,83.43,83.46,83.41,83.43,103
1787949600,83.43,83.45,83.39,83.39,111
1787949900,83.37,83.42,83.3,83.33,425
1787950200,83.34,83.45,83.33,83.43,173
1787950500,83.43,83.46,83.4,83.44,212
1788127200,84.69,85.63,84.53,85.49,3555
1788127500,85.48,85.69,85.24,85.24,1039
1788127800,85.26,85.3,84.97,85.01,576
1788128100,85,85.14,84.86,85.02,554
1788128400,85.01,85.03,84.88,84.91,315
1788128700,84.93,84.99,84.88,84.92,272
1788129000,84.92,84.96,84.77,84.93,510
1788129300,84.91,85.06,84.88,85.01,323
1788129600,85.01,85.01,84.85,84.85,235
1788129900,84.87,84.95,84.85,84.93,127
1788130200,84.93,84.93,84.87,84.88,91
1788130500,84.89,84.89,84.78,84.87,349
1788130800,84.88,84.9,84.76,84.77,154
1788131100,84.78,84.86,84.78,84.86,113
1788131400,84.87,84.87,84.8,84.82,174
1788131700,84.81,84.82,84.78,84.79,75
1788132000,84.79,84.84,84.77,84.81,71
1788132300,84.83,84.85,84.83,84.84,42
1788132600,84.83,84.84,84.78,84.82,102
1788132900,84.82,84.83,84.77,84.79,254
1788133200,84.78,84.79,84.71,84.71,434
1788133500,84.71,84.71,84.5,84.51,974
1788133800,84.51,84.69,84.44,84.67,393
1788134100,84.65,84.75,84.65,84.73,107
1788134400,84.73,84.77,84.57,84.73,211
1788134700,84.71,84.78,84.51,84.57,182
1788135000,84.59,84.65,84.58,84.58,107
1788135300,84.56,84.56,84.37,84.52,534
1788135600,84.52,84.52,84.37,84.39,156
1788135900,84.4,84.44,84.31,84.37,296
1788136200,84.37,84.4,84.22,84.24,263
1788136500,84.23,84.32,84.11,84.32,269
1788136800,84.32,84.42,84.29,84.35,156
1788137100,84.33,84.37,84.32,84.33,46
1788137400,84.32,84.36,84.29,84.3,134
1788137700,84.33,84.42,84.3,84.35,120
1788138000,84.35,85.13,84.34,84.94,1642
1788138300,84.94,85.14,84.91,85.08,680
1788138600,85.09,85.3,85.03,85.05,738
1788138900,85.07,85.15,84.97,85.05,616
1788139200,85.07,85.14,84.89,84.89,327
1788139500,84.88,85,84.83,84.9,274
1788139800,84.86,85.11,84.86,85.1,312
1788140100,85.11,85.4,85.09,85.29,823
1788140400,85.29,85.38,85.16,85.29,438
1788140700,85.29,85.29,85.15,85.2,214
1788141000,85.19,85.46,85.17,85.45,367
1788141300,85.45,85.48,85.17,85.19,281
1788141600,85.21,85.59,85.21,85.56,478
1788141900,85.55,85.59,85.39,85.45,286
1788142200,85.46,85.52,85.4,85.43,179
1788142500,85.4,85.41,85.2,85.34,709
1788142800,85.35,85.43,85.25,85.33,686
1788143100,85.32,85.37,85.29,85.35,118
1788143400,85.35,85.6,85.33,85.45,468
1788143700,85.47,85.63,85.35,85.4,383
1788144000,85.4,85.58,85.4,85.52,244
1788144300,85.53,85.54,85.35,85.39,490
1788144600,85.4,85.44,85.22,85.24,284
1788144900,85.25,85.26,85.02,85.03,353
1788145200,85.02,85.14,84.88,85.14,517
1788145500,85.15,85.16,85.09,85.15,94
1788145800,85.14,85.15,85.05,85.09,146
1788146100,85.07,85.1,84.98,85,142
1788146400,85.01,85.03,84.96,85,96
1788146700,85.01,85.04,84.93,84.98,122
1788147000,85,85.06,84.9,85.03,265
1788147300,85.02,85.09,84.97,85.09,143
1788147600,85.08,85.11,85.04,85.08,67
1788147900,85.06,85.08,85.01,85.08,77
1788148200,85.07,85.09,85.07,85.09,13
1788148500,85.1,85.12,85.05,85.11,53
1788148800,85.12,85.12,85.02,85.05,84
1788149100,85.04,85.09,85.03,85.08,29
1788149400,85.07,85.13,85.04,85.1,95
1788149700,85.09,85.13,85.03,85.06,62
1788150000,85.07,85.25,85.05,85.22,175
1788150300,85.23,85.37,85.22,85.35,239
1788150600,85.35,85.39,85.3,85.32,95
1788150900,85.33,85.33,85.18,85.21,139
1788151200,85.18,85.28,85.15,85.17,160
1788151500,85.18,85.22,85.13,85.22,207
1788151800,85.22,85.27,85.15,85.26,116
1788152100,85.27,85.37,85.24,85.35,184
1788152400,85.34,85.42,85.28,85.42,255
1788152700,85.41,85.56,85.36,85.54,377
1788153000,85.54,85.62,85.49,85.49,286
1788153300,85.5,85.63,85.45,85.58,225
1788153600,85.57,85.78,85.55,85.77,367
1788153900,85.76,85.83,85.72,85.8,296
1788154200,85.78,85.99,85.77,85.9,1006
1788154500,85.93,86.02,85.93,85.99,533
1788154800,86,86.01,85.7,85.74,430
1788155100,85.73,85.73,85.52,85.62,344
1788155400,85.59,85.74,85.56,85.74,179
1788155700,85.75,85.75,85.63,85.65,117
1788156000,85.65,85.8,85.64,85.78,377
1788156300,85.77,85.83,85.64,85.64,198
1788156600,85.62,85.73,85.61,85.69,112
1788156900,85.68,85.73,85.63,85.65,193
1788157200,85.62,85.62,85.48,85.53,190
1788157500,85.52,85.61,85.5,85.54,110
1788157800,85.51,85.64,85.51,85.61,172
1788158100,85.62,85.64,85.54,85.58,79
1788158400,85.59,85.71,85.56,85.57,263
1788158700,85.55,85.62,85.42,85.47,479
1788159000,85.49,85.56,85.47,85.54,168
1788159300,85.54,85.55,85.34,85.35,351
1788159600,85.35,85.42,85.21,85.21,594
1788159900,85.23,85.33,85,85.01,1061
1788160200,85,85.01,84.75,84.81,928
1788160500,84.8,84.84,84.51,84.51,1008
1788160800,84.5,84.68,84.47,84.63,1013
1788161100,84.63,84.83,84.63,84.77,768
1788161400,84.76,84.88,84.72,84.8,581
1788161700,84.8,84.91,84.7,84.89,413
1788162000,84.91,84.97,84.78,84.81,392
1788162300,84.82,85.07,84.81,85.03,656
1788162600,85.04,85.21,85.02,85.13,779
1788162900,85.12,85.46,85.11,85.43,758
1788163200,85.43,85.48,85.23,85.32,731
1788163500,85.32,85.44,85.26,85.35,301
1788163800,85.37,85.57,85.33,85.51,508
1788164100,85.51,85.66,85.39,85.6,609
1788164400,85.61,85.74,85.53,85.63,919
1788164700,85.64,85.73,85.43,85.69,1039
1788165000,85.68,85.87,85.61,85.81,961
1788165300,85.78,86.17,85.72,86.17,1400
1788165600,86.15,86.53,86.07,86.39,2203
1788165900,86.4,86.41,86.17,86.26,1057
1788166200,86.26,86.26,86.08,86.23,614
1788166500,86.24,86.47,86.21,86.41,600
1788166800,86.43,86.45,86.24,86.27,643
1788167100,86.25,86.38,86.2,86.3,481
1788167400,86.3,86.48,86.27,86.33,995
1788167700,86.33,86.58,86.32,86.4,1339
1788168000,86.41,86.44,86.07,86.08,790
1788168300,86.09,86.21,86.05,86.2,781
1788168600,86.21,86.23,86.14,86.14,394
1788168900,86.14,86.31,86.06,86.27,492
1788169200,86.26,86.28,86.2,86.25,249
1788169500,86.24,86.44,86.21,86.44,728
1788169800,86.44,86.62,86.43,86.56,1130
1788170100,86.57,86.63,86.48,86.49,791
1788170400,86.49,86.65,86.46,86.55,916
1788170700,86.55,86.61,86.43,86.6,485
1788171000,86.61,86.69,86.54,86.54,578
1788171300,86.53,86.79,86.53,86.69,507
1788171600,86.69,86.69,86.53,86.54,584
1788171900,86.53,86.55,86.2,86.25,702
1788172200,86.27,86.32,86.12,86.3,511
1788172500,86.27,86.41,86.25,86.38,541
1788172800,86.38,86.45,86.34,86.37,202
1788173100,86.34,86.48,86.34,86.39,212
1788173400,86.4,86.46,86.13,86.29,537
1788173700,86.29,86.29,86.17,86.21,291
1788174000,86.22,86.28,86.17,86.22,400
1788174300,86.21,86.39,86.19,86.35,396
1788174600,86.36,86.4,86.24,86.34,220
1788174900,86.32,86.42,86.27,86.3,243
1788175200,86.31,86.51,86.31,86.5,282
1788175500,86.5,86.56,86.44,86.5,338
1788175800,86.49,86.67,86.49,86.62,753
1788176100,86.62,86.69,86.56,86.63,410
1788176400,86.62,86.67,86.43,86.56,589
1788176700,86.56,86.64,86.52,86.62,290
1788177000,86.63,86.67,86.48,86.53,429
1788177300,86.53,86.53,86.33,86.38,775
1788177600,86.38,86.41,86.15,86.33,960
1788177900,86.33,86.54,86.11,86.14,1969
1788178200,86.14,86.27,86.07,86.09,851
1788178500,86.08,86.26,86.04,86.14,578
1788178800,86.12,86.19,86.05,86.13,390
1788179100,86.14,86.65,86.12,86.56,3480
1788179400,86.58,86.75,86.26,86.34,1203
1788179700,86.34,86.49,86.22,86.26,1698
1788180000,86.25,86.29,85.93,85.95,1606
1788180300,85.95,86.39,85.92,86.29,1070
1788180600,86.29,86.29,86.17,86.18,523
1788180900,86.18,86.25,86.03,86.06,809
1788181200,86.07,86.24,85.73,85.8,3188
1788181500,85.8,85.81,85.53,85.62,2360
1788181800,85.62,85.79,85.48,85.5,1422
1788182100,85.5,85.64,85.46,85.57,1320
1788182400,85.56,85.73,85.48,85.68,1151
1788182700,85.69,85.76,85.38,85.52,2386
1788183000,85.52,86.1,85.46,86.09,2386
1788183300,86.09,86.38,85.98,85.98,2458
1788183600,85.99,86.22,85.9,86.21,1193
1788183900,86.21,86.31,86.16,86.22,1250
1788184200,86.21,86.27,86.07,86.17,909
1788184500,86.17,86.19,85.96,85.99,1300
1788184800,85.99,86.05,85.57,85.69,1822
1788185100,85.69,85.76,85.57,85.59,1213
1788185400,85.59,85.61,85.44,85.57,897
1788185700,85.57,85.61,85.49,85.54,691
1788186000,85.54,85.78,85.52,85.71,953
1788186300,85.71,85.79,85.66,85.71,912
1788186600,85.7,85.72,85.42,85.51,1332
1788186900,85.5,85.5,85.27,85.35,1114
1788187200,85.36,85.54,85.29,85.4,777
1788187500,85.39,85.55,85.39,85.44,705
1788187800,85.43,85.44,85.3,85.4,837
1788188100,85.38,85.38,85.17,85.28,1203
1788188400,85.28,85.35,85.12,85.27,1612
1788188700,85.28,85.4,85.18,85.32,860
1788189000,85.33,85.37,85.11,85.22,962
1788189300,85.22,85.36,85.19,85.25,742
1788189600,85.27,85.5,85.25,85.42,829
1788189900,85.43,85.49,85.38,85.45,837
1788190200,85.45,85.6,85.23,85.52,1786
1788190500,85.5,85.62,85.45,85.6,720
1788190800,85.6,85.6,85.4,85.47,564
1788191100,85.46,85.55,85.32,85.51,617
1788191400,85.52,85.6,85.48,85.56,547
1788191700,85.57,85.65,85.47,85.56,791
1788192000,85.54,85.63,85.37,85.39,698
1788192300,85.4,85.54,85.37,85.5,622
1788192600,85.51,85.6,85.41,85.46,517
1788192900,85.45,85.57,85.43,85.53,314
1788193200,85.54,85.63,85.52,85.59,572
1788193500,85.59,85.66,85.57,85.65,519
1788193800,85.66,85.67,85.47,85.61,663
1788194100,85.61,85.61,85.44,85.44,519
1788194400,85.44,85.49,85.3,85.37,797
1788194700,85.37,85.48,85.28,85.38,490
1788195000,85.37,85.51,85.28,85.5,475
1788195300,85.51,85.61,85.5,85.6,421
1788195600,85.59,85.9,85.59,85.84,1187
1788195900,85.84,85.88,85.68,85.76,818
1788196200,85.75,85.79,85.66,85.71,489
1788196500,85.71,85.74,85.64,85.67,433
1788196800,85.67,85.74,85.61,85.68,532
1788197100,85.68,85.76,85.67,85.72,298
1788197400,85.72,85.77,85.63,85.65,468
1788197700,85.65,85.66,85.53,85.61,597
1788198000,85.62,85.65,85.56,85.58,371
1788198300,85.58,85.69,85.54,85.64,1087
1788198600,85.64,85.67,85.52,85.57,520
1788198900,85.56,85.58,85.49,85.51,488
1788199200,85.51,85.73,85.45,85.66,1522
1788199500,85.66,85.7,85.54,85.66,726
1788199800,85.66,85.71,85.62,85.65,470
1788200100,85.65,85.68,85.59,85.65,583
1788200400,85.64,85.84,85.63,85.83,883
1788200700,85.84,85.93,85.68,85.83,4338
1788201000,85.82,85.98,85.82,85.93,1175
1788201300,85.92,86,85.91,85.92,790
1788201600,85.92,85.97,85.83,85.86,465
1788201900,85.86,85.9,85.82,85.89,147
1788202200,85.88,85.88,85.74,85.77,313
1788202500,85.77,85.78,85.56,85.59,601
1788202800,85.59,85.67,85.54,85.66,532
1788203100,85.66,85.81,85.63,85.8,500
1788203400,85.8,85.85,85.7,85.73,491
1788203700,85.72,85.76,85.72,85.76,112
1788204000,85.75,85.79,85.68,85.68,289
1788204300,85.69,85.76,85.67,85.76,207
1788204600,85.76,85.81,85.76,85.78,146
1788204900,85.78,85.95,85.77,85.94,273
1788205200,85.94,86.02,85.93,85.97,629
1788205500,85.97,86,85.8,85.93,1001
1788205800,85.93,86.01,85.86,85.94,463
1788206100,85.94,86.01,85.91,85.98,403
1788206400,85.98,85.99,85.94,85.96,209
1788206700,85.95,85.97,85.89,85.95,163
1788207000,85.95,86.01,85.93,85.99,172
1788207300,85.99,86.17,85.98,86.17,255
1788207600,86.17,86.23,86.16,86.16,264
1788207900,86.16,86.35,86.11,86.3,455
1788208200,86.31,86.38,86.29,86.33,237
1788208500,86.33,86.37,86.31,86.33,116
1788208800,86.33,86.34,86.27,86.31,131
1788209100,86.32,86.32,86.28,86.3,90
1788209400,86.3,86.37,86.27,86.32,426
1788209700,86.32,86.38,86.29,86.31,261
1788213600,86.31,86.46,86.13,86.23,519
1788213900,86.22,86.34,86.15,86.27,149
1788214200,86.26,86.3,86.23,86.26,73
1788214500,86.25,86.28,86.24,86.25,32
1788214800,86.25,86.29,86.25,86.27,22
1788215100,86.27,86.29,86.24,86.26,22
1788215400,86.27,86.29,86.26,86.28,17
1788215700,86.28,86.28,86.25,86.25,7
1788216000,86.25,86.25,86.22,86.22,8
1788216300,86.21,86.24,86.21,86.24,21
1788216600,86.24,86.32,86.22,86.31,137
1788216900,86.32,86.43,86.32,86.41,151
1788217200,86.42,86.49,86.4,86.49,109
1788217500,86.48,86.48,86.41,86.43,57
1788217800,86.41,86.44,86.35,86.37,119
1788218100,86.36,86.39,86.3,86.36,77
1788218400,86.35,86.38,86.34,86.38,20
1788218700,86.36,86.4,86.32,86.33,70
1788219000,86.35,86.4,86.35,86.38,20
1788219300,86.39,86.43,86.36,86.38,61
1788219600,86.36,86.37,86.35,86.35,19
1788219900,86.38,86.46,86.38,86.41,87
1788220200,86.4,86.4,86.36,86.39,23
1788220500,86.38,86.42,86.38,86.41,52
1788220800,86.41,86.63,86.41,86.55,665
1788221100,86.56,86.71,86.54,86.66,379
1788221400,86.65,86.65,86.53,86.56,284
1788221700,86.54,86.64,86.53,86.59,148
1788222000,86.59,86.64,86.52,86.63,156
1788222300,86.63,86.65,86.59,86.62,82
1788222600,86.62,86.66,86.58,86.66,151
1788222900,86.65,86.7,86.61,86.65,222
1788223200,86.65,86.69,86.59,86.59,85
1788223500,86.6,86.67,86.59,86.66,119
1788223800,86.66,86.72,86.63,86.63,209
1788224100,86.64,86.68,86.55,86.55,235
1788224400,86.55,86.72,86.47,86.52,763
1788224700,86.53,86.62,86.5,86.52,183
1788225000,86.54,86.55,86.4,86.48,277
1788225300,86.48,86.64,86.48,86.53,243
1788225600,86.56,86.63,86.53,86.62,124
1788225900,86.61,86.66,86.5,86.55,127
1788226200,86.56,86.71,86.52,86.65,160
1788226500,86.67,86.73,86.58,86.59,276
1788226800,86.61,86.61,86.52,86.55,85
1788227100,86.54,86.55,86.43,86.44,209
1788227400,86.45,86.5,86.33,86.35,216
1788227700,86.33,86.38,86.31,86.34,111
1788228000,86.32,86.45,86.3,86.45,118
1788228300,86.45,86.46,86.34,86.38,35
1788228600,86.37,86.41,86.33,86.4,69
1788228900,86.4,86.54,86.37,86.53,97
1788229200,86.53,86.56,86.51,86.53,166
1788229500,86.52,86.54,86.45,86.45,89
1788229800,86.47,86.71,86.47,86.68,371
1788230100,86.68,86.77,86.64,86.72,320
1788230400,86.76,86.76,86.59,86.73,520
1788230700,86.73,86.78,86.7,86.75,220
1788231000,86.75,86.78,86.72,86.77,155
1788231300,86.78,86.82,86.59,86.64,520
1788231600,86.64,86.81,86.63,86.81,236
1788231900,86.8,86.82,86.76,86.78,165
1788232200,86.77,86.8,86.73,86.76,230
1788232500,86.76,86.76,86.61,86.62,235
1788232800,86.63,86.7,86.63,86.67,106
1788233100,86.67,86.71,86.65,86.68,72
1788233400,86.67,86.71,86.61,86.62,212
1788233700,86.63,86.66,86.61,86.65,122
1788234000,86.65,86.69,86.62,86.69,115
1788234300,86.69,86.7,86.64,86.69,93
1788234600,86.69,86.7,86.65,86.69,58
1788234900,86.69,86.75,86.69,86.75,89
1788235200,86.75,86.77,86.68,86.71,76
1788235500,86.71,86.71,86.64,86.65,25
1788235800,86.64,86.74,86.64,86.71,64
1788236100,86.7,86.75,86.67,86.75,42
1788236400,86.76,86.79,86.75,86.75,83
1788236700,86.77,86.78,86.72,86.74,55
1788237000,86.75,86.8,86.74,86.77,169
1788237300,86.78,86.92,86.78,86.87,518
1788237600,86.87,87.09,86.86,87.01,764
1788237900,87.02,87.04,86.96,86.98,206
1788238200,86.97,87.03,86.91,87.02,120
1788238500,87.03,87.06,86.99,87,124
1788238800,87.01,87.04,86.94,86.97,93
1788239100,86.98,87.05,86.98,86.99,107
1788239400,86.98,87,86.9,86.93,153
1788239700,86.93,86.95,86.88,86.91,133
1788240000,86.91,86.95,86.86,86.87,230
1788240300,86.88,86.98,86.86,86.92,89
1788240600,86.93,87.07,86.89,86.89,239
1788240900,86.89,86.89,86.38,86.56,1005
1788241200,86.53,86.53,86.3,86.43,577
1788241500,86.42,86.42,86.22,86.29,640
1788241800,86.3,86.44,86.28,86.31,515
1788242100,86.31,86.47,86.29,86.44,257
1788242400,86.44,86.53,86.39,86.51,406
1788242700,86.52,86.72,86.52,86.66,452
1788243000,86.66,86.77,86.59,86.76,394
1788243300,86.75,86.75,86.53,86.57,314
1788243600,86.56,86.65,86.52,86.65,148
1788243900,86.62,86.67,86.56,86.59,73
1788244200,86.57,86.58,86.3,86.48,564
1788244500,86.49,86.51,86.43,86.48,197
1788244800,86.47,86.47,86.4,86.45,144
1788245100,86.44,86.59,86.4,86.51,301
1788245400,86.5,86.53,86.37,86.48,295
1788245700,86.47,86.53,86.39,86.53,243
1788246000,86.54,86.54,86.34,86.42,630
1788246300,86.41,87.04,86.41,87.03,1181
1788246600,87.02,87.02,86.67,86.67,741
1788246900,86.69,87.14,86.68,87.1,1076
1788247200,87.11,87.17,87.01,87.13,650
1788247500,87.12,87.12,86.96,87.02,340
1788247800,87.03,87.11,86.93,87.07,395
1788248100,87.07,87.09,86.94,87.02,334
1788248400,87.02,87.11,87.02,87.1,275
1788248700,87.11,87.24,87.02,87.03,684
1788249000,87.03,87.22,87,87.17,520
1788249300,87.16,87.16,86.95,86.95,349
1788249600,86.95,87.11,86.9,87.05,405
1788249900,87.07,87.59,87.07,87.53,2726
1788250200,87.54,87.57,87.22,87.26,791
1788250500,87.26,87.39,87.18,87.27,586
1788250800,87.26,87.48,87.25,87.44,774
1788251100,87.44,87.58,87.33,87.56,1392
1788251400,87.57,87.65,87.35,87.42,1382
1788251700,87.42,87.77,87.42,87.71,1367
1788252000,87.73,87.98,87.7,87.92,2360
1788252300,87.92,88,87.83,87.9,863
1788252600,87.9,88.03,87.76,87.87,1430
1788252900,87.88,88.09,87.85,88.04,844
1788253200,88.03,88.03,87.83,87.84,818
1788253500,87.84,87.95,87.68,87.94,729
1788253800,87.94,87.94,87.75,87.81,463
1788254100,87.82,87.85,87.71,87.71,364
1788254400,87.71,87.91,87.71,87.89,318
1788254700,87.88,88.06,87.87,88.03,548
1788255000,88.04,88.13,87.89,87.93,616
1788255300,87.95,87.98,87.86,87.87,444
1788255600,87.87,87.96,87.84,87.9,649
1788255900,87.9,88.08,87.84,88.04,904
1788256200,88.05,88.1,87.91,88.01,792
1788256500,88.01,88.05,87.92,87.98,780
1788256800,87.97,88.11,87.85,87.86,913
1788257100,87.84,88.01,87.79,88.01,384
1788257400,88.02,88.06,87.91,87.91,396
1788257700,87.92,87.94,87.8,87.89,349
1788258000,87.89,87.94,87.68,87.74,651
1788258300,87.73,87.93,87.69,87.74,681
1788258600,87.74,87.76,87.61,87.61,547
1788258900,87.61,87.71,87.58,87.68,369
1788259200,87.69,87.82,87.67,87.79,332
1788259500,87.79,87.94,87.63,87.73,1472
1788259800,87.73,87.86,87.71,87.8,584
1788260100,87.8,87.84,87.7,87.8,313
1788260400,87.8,87.89,87.75,87.85,468
1788260700,87.86,87.99,87.83,87.83,522
1788261000,87.83,87.88,87.78,87.84,279
1788261300,87.84,87.85,87.75,87.76,402
1788261600,87.75,87.8,87.68,87.75,472
1788261900,87.76,87.83,87.61,87.65,501
1788262200,87.64,87.69,87.43,87.49,1065
1788262500,87.48,87.59,87.46,87.46,380
1788262800,87.46,87.55,87.45,87.55,265
1788263100,87.56,87.71,87.54,87.65,482
1788263400,87.64,87.81,87.57,87.78,529
1788263700,87.79,87.88,87.78,87.84,517
1788264000,87.85,88.02,87.77,87.81,1702
1788264300,87.78,87.86,87.69,87.69,1091
1788264600,87.7,87.8,87.35,87.35,2044
1788264900,87.35,87.67,87.3,87.65,1253
1788265200,87.65,87.91,87.65,87.89,967
1788265500,87.89,87.92,87.75,87.84,732
1788265800,87.84,87.99,87.84,87.94,896
1788266100,87.93,88.19,87.91,88.14,1335
1788266400,88.14,88.22,88.05,88.11,1580
1788266700,88.1,88.13,87.88,88.02,916
1788267000,88.03,88.09,87.92,87.95,631
1788267300,87.95,88.06,87.93,87.97,941
1788267600,87.97,88.38,87.96,88.29,3727
1788267900,88.29,88.34,88.11,88.17,1762
1788268200,88.18,88.25,88.1,88.16,1073
1788268500,88.16,88.26,88.06,88.15,1216
1788268800,88.15,88.29,88.15,88.24,1027
1788269100,88.24,88.41,88.13,88.22,1423
1788269400,88.23,88.24,88.02,88.09,1574
1788269700,88.09,88.39,88.07,88.34,1529
1788270000,88.34,88.44,88.25,88.36,1187
1788270300,88.37,88.51,88.32,88.43,1553
1788270600,88.45,88.51,88.3,88.51,1822
1788270900,88.5,88.53,88.31,88.36,1155
1788271200,88.36,88.38,88.11,88.11,1316
1788271500,88.12,88.18,87.96,88,1720
1788271800,88,88.1,87.61,87.64,2644
1788272100,87.64,87.74,87.57,87.67,1889
1788272400,87.67,87.75,87.48,87.6,1788
1788272700,87.59,87.71,87.56,87.59,1058
1788273000,87.6,87.69,87.5,87.53,1138
1788273300,87.54,87.93,87.52,87.93,1775
1788273600,87.93,87.95,87.77,87.79,1083
1788273900,87.8,87.82,87.57,87.72,1009
1788274200,87.71,87.83,87.58,87.75,1037
1788274500,87.76,87.96,87.66,87.94,847
1788274800,87.95,88.02,87.88,88,1670
1788275100,88.01,88.11,87.95,88.03,1229
1788275400,88.04,88.04,87.76,87.88,1298
1788275700,87.89,88.09,87.73,88.04,1274
1788276000,88.05,88.2,87.98,88.16,1248
1788276300,88.16,88.22,87.94,87.96,1603
1788276600,87.97,88.22,87.96,88.16,1551
1788276900,88.17,88.21,88.09,88.18,964
1788277200,88.17,88.25,88.09,88.21,1020
1788277500,88.21,88.28,88.18,88.27,1673
1788277800,88.28,88.38,88.24,88.34,1119
1788278100,88.34,88.38,88.27,88.34,880
1788278400,88.34,88.44,88.28,88.37,2108
1788278700,88.37,88.48,88.3,88.47,1469
1788279000,88.46,88.97,88.46,88.93,4779
1788279300,88.93,89.29,88.76,89.24,5017
1788279600,89.25,89.85,89.25,89.73,6270
1788279900,89.73,89.9,89.61,89.72,3753
1788280200,89.73,89.94,89.65,89.89,2830
1788280500,89.88,89.95,89.55,89.56,2184
1788280800,89.57,89.61,89.38,89.48,1888
1788281100,89.48,89.49,89.21,89.24,1869
1788281400,89.25,89.59,89.25,89.48,1914
1788281700,89.48,89.62,89.47,89.55,1281
1788282000,89.53,89.75,89.44,89.6,2152
1788282300,89.62,89.68,89.41,89.47,1077
1788282600,89.46,89.52,89.34,89.52,949
1788282900,89.52,89.65,89.51,89.57,1045
1788283200,89.57,89.61,89.47,89.58,620
1788283500,89.58,89.93,89.53,89.59,2559
1788283800,89.58,89.83,89.56,89.74,1437
1788284100,89.73,90.03,89.72,90.02,2843
1788284400,90.01,90.13,89.95,89.99,1724
1788284700,90,90.04,89.86,89.95,1172
1788285000,89.95,90.09,89.95,90.03,1308
1788285300,90.03,90.08,89.85,89.88,923
1788285600,89.89,89.97,89.66,89.87,1641
1788285900,89.88,90.03,89.85,90.03,999
1788286200,90.04,90.06,89.82,89.93,1670
1788286500,89.92,90.06,89.91,90.02,1233
1788286800,90.02,90.12,89.86,89.88,2124
1788287100,89.88,90.28,89.87,90.28,7025
1788287400,90.28,90.45,90.25,90.34,3251
1788287700,90.35,90.55,90.27,90.47,2194
1788288000,90.47,90.47,90.36,90.43,923
1788288300,90.42,90.55,90.41,90.43,899
1788288600,90.43,90.46,90.3,90.41,947
1788288900,90.43,90.54,90.4,90.51,600
1788289200,90.51,90.6,90.44,90.49,622
1788289500,90.5,90.51,90.34,90.42,317
1788289800,90.44,90.48,90.36,90.38,333
1788290100,90.38,90.45,90.31,90.41,473
1788290400,90.42,90.53,90.39,90.52,403
1788290700,90.51,90.59,90.5,90.57,394
1788291000,90.57,90.61,90.42,90.5,433
1788291300,90.5,90.64,90.46,90.59,649
1788291600,90.59,90.59,90.52,90.55,370
1788291900,90.55,90.56,90.49,90.53,253
1788292200,90.53,90.66,90.52,90.62,573
1788292500,90.62,90.68,90.59,90.64,507
1788292800,90.64,90.95,90.62,90.77,2884
1788293100,90.75,90.87,90.7,90.86,584
1788293400,90.88,90.97,90.84,90.93,500
1788293700,90.93,90.93,90.72,90.77,956
1788294000,90.77,90.77,90.7,90.7,334
1788294300,90.7,90.75,90.63,90.75,365
1788294600,90.73,90.89,90.7,90.78,369
1788294900,90.77,90.85,90.71,90.76,313
1788295200,90.76,90.77,90.44,90.53,1187
1788295500,90.54,90.67,90.54,90.65,231
1788295800,90.64,90.7,90.63,90.64,186
1788296100,90.63,90.7,90.6,90.68,426
1788300000,90.65,90.89,90.57,90.89,432
1788300300,90.86,90.9,90.79,90.87,190
1788300600,90.87,91.01,90.85,90.9,233
1788300900,90.93,90.93,90.82,90.86,144
1788301200,90.86,90.95,90.83,90.9,160
1788301500,90.88,90.98,90.87,90.96,113
1788301800,90.96,90.96,90.81,90.85,198
1788302100,90.84,90.88,90.78,90.85,142
1788302400,90.84,90.86,90.8,90.8,136
1788302700,90.81,90.82,90.73,90.73,60
1788303000,90.74,90.86,90.73,90.8,132
1788303300,90.81,90.86,90.81,90.84,32
1788303600,90.83,90.87,90.77,90.77,47
1788303900,90.8,90.82,90.78,90.79,64
1788304200,90.79,90.86,90.78,90.83,94
1788304500,90.83,90.85,90.78,90.78,60
1788304800,90.8,90.8,90.78,90.79,55
1788305100,90.79,90.81,90.79,90.79,99
1788305400,90.8,90.8,90.66,90.7,236
1788305700,90.71,90.79,90.67,90.79,73
1788306000,90.79,90.82,90.75,90.77,125
1788306300,90.76,90.81,90.73,90.78,208
1788306600,90.77,90.8,90.75,90.75,42
1788306900,90.76,90.79,90.75,90.77,38
1788307200,90.77,91.07,90.68,91.07,654
1788307500,91.06,91.23,90.99,91.1,681
1788307800,91.11,91.11,90.97,91.02,613
1788308100,91.02,91.02,90.84,90.97,355
1788308400,90.96,91.12,90.8,91.11,625
1788308700,91.11,91.32,91.09,91.14,520
1788309000,91.14,91.44,91.13,91.41,420
1788309300,91.41,91.54,91.3,91.5,660
1788309600,91.49,91.75,91.45,91.63,885
1788309900,91.63,91.7,91.53,91.62,383
1788310200,91.62,91.81,91.6,91.72,807
1788310500,91.71,92.07,91.56,92.05,1217
1788310800,92.06,92.29,91.71,91.83,2696
1788311100,91.83,91.88,91.69,91.79,813
1788311400,91.78,91.95,91.7,91.75,965
1788311700,91.77,91.82,91.39,91.71,1015
1788312000,91.68,91.8,91.53,91.72,451
1788312300,91.69,91.77,91.55,91.72,502
1788312600,91.69,91.78,91.63,91.65,240
1788312900,91.63,91.96,91.6,91.89,520
1788313200,91.88,91.99,91.85,91.93,388
1788313500,91.94,92,91.81,91.81,425
1788313800,91.83,91.84,91.4,91.51,966
1788314100,91.52,91.53,91.26,91.31,775
1788314400,91.3,91.54,91.26,91.33,541
1788314700,91.37,91.38,91.06,91.21,616
1788315000,91.19,91.21,91.03,91.05,392
1788315300,91.05,91.1,91.01,91.04,361
1788315600,91.05,91.13,90.96,90.97,269
1788315900,90.98,90.98,90.85,90.87,520
1788316200,90.86,90.99,90.83,90.87,437
1788316500,90.88,90.95,90.86,90.89,178
1788316800,90.89,90.92,90.81,90.87,415
1788317100,90.86,90.89,90.84,90.87,197
1788317400,90.87,90.94,90.77,90.83,486
1788317700,90.82,90.88,90.72,90.74,446
1788318000,90.75,90.82,90.64,90.77,472
1788318300,90.78,90.89,90.66,90.7,265
1788318600,90.72,90.79,90.68,90.75,210
1788318900,90.75,90.86,90.74,90.74,245
1788319200,90.72,90.81,90.67,90.78,246
1788319500,90.76,90.76,90.59,90.7,371
1788319800,90.69,90.77,90.65,90.73,299
1788320100,90.73,90.75,90.62,90.68,194
1788320400,90.66,90.72,90.63,90.66,283
1788320700,90.65,90.72,90.59,90.71,176
1788321000,90.72,90.79,90.62,90.62,178
1788321300,90.63,90.72,90.62,90.69,163
1788321600,90.7,90.72,90.64,90.65,142
1788321900,90.63,90.8,90.63,90.79,200
1788322200,90.78,90.8,90.72,90.76,100
1788322500,90.75,90.78,90.68,90.68,78
1788322800,90.68,90.7,90.63,90.68,93
1788323100,90.67,90.67,90.56,90.59,166
1788323400,90.6,90.6,90.45,90.53,283
1788323700,90.53,90.61,90.53,90.61,122
1788324000,90.6,90.63,90.51,90.57,78
1788324300,90.56,90.6,90.5,90.57,118
1788324600,90.56,90.6,90.53,90.54,51
1788324900,90.56,90.58,90.51,90.54,69
1788325200,90.55,90.71,90.5,90.67,185
1788325500,90.65,90.83,90.61,90.8,401
1788325800,90.8,90.8,90.65,90.69,131
1788326100,90.69,90.69,90.51,90.61,216
1788326400,90.62,90.63,90.47,90.52,220
1788326700,90.5,90.59,90.48,90.59,128
1788327000,90.59,90.62,90.5,90.57,258
1788327300,90.59,90.76,90.59,90.74,276
1788327600,90.74,90.77,90.59,90.63,143
1788327900,90.61,90.7,90.54,90.65,153
1788328200,90.68,90.82,90.66,90.78,251
1788328500,90.77,90.81,90.68,90.78,147
1788328800,90.78,90.86,90.66,90.84,293
1788329100,90.82,90.87,90.69,90.73,346
1788329400,90.73,90.86,90.64,90.84,296
1788329700,90.84,90.88,90.72,90.76,275
1788330000,90.74,90.8,90.7,90.74,203
1788330300,90.73,90.94,90.61,90.94,599
1788330600,90.95,90.97,90.68,90.71,695
1788330900,90.72,90.85,90.58,90.6,520
1788331200,90.58,90.73,90.44,90.71,1200
1788331500,90.7,90.83,90.63,90.8,646
1788331800,90.79,90.89,90.78,90.84,239
1788332100,90.82,90.83,90.57,90.62,295
1788332400,90.61,90.71,90.41,90.59,1084
1788332700,90.59,90.63,90.15,90.16,2935
1788333000,90.16,90.33,90.05,90.23,1252
1788333300,90.24,90.32,90.17,90.3,725
1788333600,90.28,90.37,90.1,90.21,636
1788333900,90.21,90.26,90.1,90.22,608
1788334200,90.23,90.27,90.09,90.15,647
1788334500,90.13,90.24,90.09,90.18,431
1788334800,90.18,90.18,89.92,90.07,1423
1788335100,90.06,90.21,89.94,90.2,900
1788335400,90.2,90.26,90.13,90.19,602
1788335700,90.19,90.26,90.06,90.15,358
1788336000,90.13,90.14,89.92,89.95,753
1788336300,89.94,90.12,89.94,90.04,460
1788336600,90.04,90.2,90,90.09,520
1788336900,90.09,90.34,89.99,90.31,744
1788337200,90.29,90.44,90.27,90.39,883
1788337500,90.39,90.41,90.04,90.23,1210
1788337800,90.23,90.23,90.03,90.21,758
1788338100,90.2,90.2,90.03,90.12,408
1788338400,90.1,90.42,90.06,90.33,444
1788338700,90.33,90.4,90.29,90.33,369
1788339000,90.34,90.46,90.34,90.38,500
1788339300,90.37,90.38,90.12,90.22,472
1788339600,90.22,90.38,90.21,90.27,393
1788339900,90.27,90.33,90.09,90.26,319
1788340200,90.26,90.49,90.25,90.47,439
1788340500,90.46,90.51,90.4,90.43,310
1788340800,90.44,90.62,90.44,90.6,443
1788341100,90.59,90.69,90.45,90.45,704
1788341400,90.46,90.54,90.42,90.48,258
1788341700,90.46,90.54,90.28,90.34,412
1788342000,90.35,90.36,90.2,90.35,354
1788342300,90.34,90.34,90.14,90.25,350
1788342600,90.25,90.39,90.23,90.37,401
1788342900,90.38,90.54,90.37,90.53,552
1788343200,90.53,90.58,90.42,90.56,324
1788343500,90.55,90.58,90.47,90.49,247
1788343800,90.5,90.53,90.17,90.18,566
1788344100,90.17,90.23,90.1,90.19,664
1788344400,90.18,90.22,90.1,90.2,356
1788344700,90.21,90.36,90.21,90.33,300
1788345000,90.34,90.43,90.3,90.41,495
1788345300,90.4,90.48,90.34,90.43,374
1788345600,90.43,90.54,90.39,90.43,332
1788345900,90.43,90.51,90.32,90.33,253
1788346200,90.36,90.42,90.26,90.28,226
1788346500,90.28,90.37,90.23,90.23,207
1788346800,90.24,90.42,90.21,90.33,595
1788347100,90.35,90.38,90.02,90.12,640
1788347400,90.12,90.16,89.41,89.52,2478
1788347700,89.53,89.84,89.51,89.77,2018
1788348000,89.77,89.83,89.6,89.69,539
1788348300,89.69,89.74,89.53,89.67,674
1788348600,89.68,89.69,89.45,89.48,755
1788348900,89.48,89.57,89.36,89.53,965
1788349200,89.52,89.72,89.52,89.56,639
1788349500,89.58,89.65,89.51,89.51,292
1788349800,89.51,89.52,89.14,89.17,1497
1788350100,89.17,89.24,89.06,89.11,1388
1788350400,89.11,89.32,89.05,89.18,1130
1788350700,89.17,89.29,89.04,89.19,944
1788351000,89.18,89.34,89.12,89.27,769
1788351300,89.28,89.57,89.28,89.57,901
1788351600,89.57,89.59,89.37,89.56,732
1788351900,89.55,89.71,89.52,89.7,718
1788352200,89.7,89.7,89.58,89.62,662
1788352500,89.62,89.66,89.46,89.49,799
1788352800,89.48,89.62,89.48,89.59,472
1788353100,89.59,89.72,89.59,89.69,505
1788353400,89.69,89.89,89.69,89.88,1040
1788353700,89.89,89.94,89.8,89.85,864
1788354000,89.85,89.87,89.41,89.64,2179
1788354300,89.64,89.68,89.49,89.66,1305
1788354600,89.66,89.75,89.57,89.73,717
1788354900,89.74,89.86,89.65,89.71,638
1788355200,89.7,89.75,89.5,89.52,930
1788355500,89.52,89.69,89.43,89.64,1142
1788355800,89.64,89.77,89.43,89.48,1427
1788356100,89.49,89.58,89.43,89.51,1067
1788356400,89.5,89.52,89.31,89.49,1189
1788356700,89.48,89.71,89.47,89.71,822
1788357000,89.69,89.72,89.47,89.54,1391
1788357300,89.55,89.55,89.06,89.08,1285
1788357600,89.08,89.26,88.97,89.15,2467
1788357900,89.15,89.67,89.14,89.61,1693
1788358200,89.62,89.72,89.42,89.56,2090
1788358500,89.55,89.61,89.41,89.45,707
1788358800,89.44,89.83,89.4,89.81,1049
1788359100,89.82,89.97,89.77,89.97,1176
1788359400,89.95,90.17,89.84,90.04,2527
1788359700,90.04,90.11,89.94,90.11,1914
1788360000,90.1,90.17,90,90.12,1434
1788360300,90.14,90.34,90.12,90.27,1645
1788360600,90.28,90.53,90.28,90.38,2091
1788360900,90.39,90.57,90.3,90.57,1648
1788361200,90.57,90.59,90.44,90.52,1102
1788361500,90.52,90.72,90.37,90.71,1353
1788361800,90.71,90.85,90.59,90.71,2005
1788362100,90.71,90.76,90.63,90.7,761
1788362400,90.7,90.86,90.61,90.7,1341
1788362700,90.69,90.74,90.53,90.58,1560
1788363000,90.59,90.86,90.56,90.84,1836
1788363300,90.83,90.91,90.6,90.64,1297
1788363600,90.64,90.84,90.6,90.82,1286
1788363900,90.82,90.98,90.71,90.84,1277
1788364200,90.84,90.9,90.6,90.71,1471
1788364500,90.73,90.85,90.54,90.57,1206
1788364800,90.59,90.7,90.53,90.68,963
1788365100,90.68,90.83,90.66,90.8,803
1788365400,90.81,90.82,90.56,90.67,1064
1788365700,90.67,90.89,90.62,90.83,959
1788366000,90.83,90.84,90.67,90.71,680
1788366300,90.7,90.94,90.64,90.92,780
1788366600,90.92,90.93,90.75,90.89,857
1788366900,90.89,90.98,90.84,90.96,555
1788367200,90.96,91.19,90.95,91.14,1363
1788367500,91.13,91.15,91,91.01,823
1788367800,91.01,91.06,90.89,90.93,898
1788368100,90.93,91.02,90.86,90.93,764
1788368400,90.93,91.02,90.72,90.93,1531
1788368700,90.93,91.21,90.93,91.16,1308
1788369000,91.17,91.21,91.03,91.19,1104
1788369300,91.19,91.2,91.03,91.07,740
1788369600,91.07,91.15,90.98,91.13,640
1788369900,91.11,91.2,91.03,91.05,808
1788370200,91.07,91.19,91.03,91.14,753
1788370500,91.15,91.27,91.1,91.19,732
1788370800,91.19,91.3,91.17,91.24,794
1788371100,91.24,91.24,90.94,91.02,1043
1788371400,91.02,91.09,90.92,91.03,764
1788371700,91.03,91.05,90.78,90.9,965
1788372000,90.9,91.22,90.86,91.18,1464
1788372300,91.18,91.47,91.16,91.38,1660
1788372600,91.39,91.48,91.33,91.36,781
1788372900,91.36,91.39,90.62,91.16,3602
1788373200,91.17,91.41,91.02,91.18,3233
1788373500,91.19,91.21,90.94,90.96,5125
1788373800,90.95,91,90.64,90.72,2103
1788374100,90.74,90.83,90.66,90.76,596
1788374400,90.75,90.76,90.67,90.72,410
1788374700,90.72,90.75,90.65,90.72,620
1788375000,90.73,90.82,90.73,90.78,368
1788375300,90.78,90.87,90.75,90.85,454
1788375600,90.85,90.95,90.74,90.78,681
1788375900,90.78,90.83,90.74,90.76,499
1788376200,90.76,90.84,90.75,90.84,183
1788376500,90.84,90.9,90.83,90.9,392
1788376800,90.9,91.01,90.88,90.94,356
1788377100,90.93,90.99,90.91,90.92,223
1788377400,90.91,90.94,90.87,90.91,377
1788377700,90.92,90.99,90.91,90.97,375
1788378000,90.98,91,90.94,90.95,224
1788378300,90.96,90.99,90.91,90.92,287
1788378600,90.92,90.92,90.77,90.8,536
1788378900,90.79,90.84,90.73,90.8,665
1788379200,90.8,90.8,90.48,90.54,626
1788379500,90.54,90.54,90.32,90.45,535
1788379800,90.43,90.48,90.36,90.45,244
1788380100,90.46,90.57,90.42,90.5,276
1788380400,90.51,90.7,90.5,90.7,287
1788380700,90.7,90.76,90.62,90.69,288
1788381000,90.69,90.72,90.57,90.72,154
1788381300,90.76,90.81,90.66,90.73,109
1788381600,90.74,90.78,90.7,90.72,84
1788381900,90.72,90.73,90.59,90.67,363
1788382200,90.67,90.7,90.59,90.66,305
1788382500,90.66,90.68,90.59,90.63,143
1788386400,90.7,90.74,90.63,90.74,158
1788386700,90.73,90.77,90.7,90.77,97
1788387000,90.76,90.76,90.71,90.73,36
1788387300,90.74,90.8,90.73,90.78,50
1788387600,90.8,90.8,90.74,90.74,31
1788387900,90.76,90.8,90.73,90.8,80
1788388200,90.8,90.81,90.75,90.78,51
1788388500,90.79,90.81,90.77,90.77,43
1788388800,90.76,90.78,90.74,90.75,19
1788389100,90.76,90.77,90.74,90.74,22
1788389400,90.75,90.77,90.75,90.77,7
1788389700,90.76,90.77,90.74,90.76,12
1788390000,90.74,90.75,90.71,90.71,25
1788390300,90.7,90.71,90.69,90.71,44
1788390600,90.7,90.71,90.68,90.69,28
1788390900,90.7,90.74,90.7,90.73,32
1788391200,90.72,90.72,90.67,90.67,39
1788391500,90.68,90.72,90.67,90.71,90
1788391800,90.71,90.71,90.68,90.68,45
1788392100,90.68,90.69,90.62,90.63,107
1788392400,90.64,90.64,90.59,90.63,213
1788392700,90.64,90.66,90.6,90.63,45
1788393000,90.63,90.64,90.6,90.64,18
1788393300,90.64,90.64,90.55,90.59,153
1788393600,90.6,90.76,90.57,90.6,343
1788393900,90.59,90.7,90.51,90.64,151
1788394200,90.65,90.73,90.59,90.68,104
1788394500,90.7,90.78,90.67,90.74,184
1788394800,90.75,90.85,90.7,90.82,228
1788395100,90.83,90.89,90.75,90.75,82
1788395400,90.76,90.79,90.69,90.74,101
1788395700,90.76,90.82,90.75,90.8,50
1788396000,90.8,90.83,90.73,90.73,41
1788396300,90.74,90.79,90.7,90.79,30
1788396600,90.81,90.87,90.73,90.77,109
1788396900,90.77,90.84,90.72,90.76,503
1788397200,90.77,90.77,90.53,90.73,564
1788397500,90.73,90.83,90.66,90.73,210
1788397800,90.72,90.79,90.68,90.7,135
1788398100,90.73,90.84,90.72,90.81,120
1788398400,90.81,90.99,90.79,90.98,289
1788398700,90.98,91.05,90.88,90.91,292
1788399000,90.91,90.95,90.83,90.87,126
1788399300,90.85,91.06,90.84,91.01,546
1788399600,91.02,91.22,91.02,91.21,613
1788399900,91.19,91.23,91.1,91.14,254
1788400200,91.17,91.24,91.11,91.19,232
1788400500,91.19,91.45,91.15,91.38,1213
1788400800,91.39,91.46,91.27,91.34,513
1788401100,91.35,91.35,91.2,91.21,129
1788401400,91.22,91.24,91.05,91.06,464
1788401700,91.09,91.09,90.96,91.01,179
1788402000,91.01,91.13,90.98,91.07,210
1788402300,91.09,91.16,91.06,91.11,159
1788402600,91.12,91.15,91.06,91.13,116
1788402900,91.13,91.31,91.11,91.25,242
1788403200,91.26,91.29,91.2,91.24,111
1788403500,91.21,91.21,91.04,91.04,173
1788403800,91.04,91.08,90.92,91.08,457
1788404100,91.08,91.1,90.96,91.08,244
1788404400,91.05,91.18,91.03,91.13,226
1788404700,91.15,91.17,91.05,91.15,159
1788405000,91.14,91.18,91.04,91.05,75
1788405300,91.06,91.06,90.97,91.03,154
1788405600,91.03,91.11,91.01,91.1,93
1788405900,91.11,91.15,91.1,91.12,168
1788406200,91.11,91.11,90.94,91,146
1788406500,91.02,91.02,90.99,91.01,45
1788406800,91.01,91.04,90.99,91,45
1788407100,91.01,91.01,90.95,90.98,35
1788407400,91,91,90.91,90.93,90
1788407700,90.91,91.06,90.88,91.03,162
1788408000,91.03,91.03,90.92,90.92,63
1788408300,90.93,90.99,90.92,90.94,98
1788408600,90.94,90.98,90.88,90.91,166
1788408900,90.91,90.91,90.78,90.8,206
1788409200,90.8,90.85,90.77,90.78,99
1788409500,90.78,90.86,90.77,90.85,89
1788409800,90.86,90.86,90.71,90.75,331
1788410100,90.76,90.78,90.73,90.73,182
1788410400,90.74,90.75,90.66,90.67,183
1788410700,90.68,90.71,90.63,90.64,218
1788411000,90.65,90.65,90.58,90.59,215
1788411300,90.58,90.61,90.56,90.57,144
1788411600,90.58,90.6,90.51,90.57,215
1788411900,90.58,90.64,90.57,90.59,165
1788412200,90.57,90.59,90.47,90.5,204
1788412500,90.51,90.53,90.33,90.37,465
1788412800,90.37,90.41,90.26,90.27,562
1788413100,90.27,90.32,90.19,90.21,583
1788413400,90.2,90.28,90.08,90.12,866
1788413700,90.09,90.11,89.89,89.94,1007
1788414000,89.92,90.15,89.85,90.15,599
1788414300,90.13,90.17,90.04,90.07,479
1788414600,90.07,90.09,89.85,89.99,352
1788414900,90.01,90.04,89.9,89.95,236
1788415200,89.94,90.01,89.89,89.89,331
1788415500,89.89,90.03,89.89,89.95,293
1788415800,89.96,90.11,89.92,90.06,370
1788416100,90.06,90.06,89.63,89.76,1198
1788416400,89.77,89.85,89.62,89.84,469
1788416700,89.85,90,89.82,89.95,602
1788417000,89.96,90.07,89.95,89.98,296
1788417300,89.99,90.12,89.97,90.11,204
1788417600,90.12,90.21,90.06,90.06,322
1788417900,90.05,90.15,89.89,90.12,652
1788418200,90.13,90.19,90.03,90.07,226
1788418500,90.07,90.09,89.99,90.05,297
1788418800,90.07,90.22,89.95,90.07,701
1788419100,90.08,90.22,90.05,90.13,347
1788419400,90.13,90.28,90.06,90.24,333
1788419700,90.25,90.25,90.12,90.25,276
1788420000,90.25,90.42,90.24,90.38,750
1788420300,90.38,90.59,90.37,90.57,793
1788420600,90.56,90.74,90.44,90.47,1026
1788420900,90.47,90.56,90.3,90.3,611
1788421200,90.31,90.59,90.3,90.53,560
1788421500,90.54,90.56,90.37,90.41,471
1788421800,90.42,90.57,90.37,90.54,245
1788422100,90.53,90.59,90.37,90.56,492
1788422400,90.57,90.73,90.24,90.43,2215
1788422700,90.41,90.41,89.57,89.96,4649
1788423000,89.95,90.33,89.89,90.33,1576
1788423300,90.33,90.56,90.27,90.52,1095
1788423600,90.53,90.75,90.45,90.64,991
1788423900,90.65,90.77,90.53,90.56,1483
1788424200,90.56,90.78,90.55,90.68,773
1788424500,90.69,90.93,90.69,90.83,894
1788424800,90.84,90.91,90.72,90.84,573
1788425100,90.87,90.95,90.76,90.94,762
1788425400,90.94,91.25,90.91,91.18,1410
1788425700,91.19,91.35,91.1,91.33,697
1788426000,91.33,91.58,91.28,91.53,1643
1788426300,91.51,91.68,91.38,91.4,1237
1788426600,91.4,91.43,91.3,91.31,558
1788426900,91.3,91.39,91.14,91.32,940
1788427200,91.33,91.63,91.3,91.59,797
1788427500,91.59,91.59,91.45,91.47,348
1788427800,91.48,91.63,91.42,91.57,436
1788428100,91.58,91.7,91.53,91.67,460
1788428400,91.67,91.75,91.59,91.65,623
1788428700,91.65,91.8,91.62,91.71,532
1788429000,91.73,91.89,91.69,91.88,734
1788429300,91.87,92.57,91.86,92.34,3947
1788429600,92.35,92.5,92.18,92.28,1852
1788429900,92.28,92.6,92.23,92.52,1028
1788430200,92.55,92.68,92.49,92.51,1407
1788430500,92.52,92.68,92.51,92.61,852
1788430800,92.62,92.92,92.62,92.92,1409
1788431100,92.92,92.97,92.64,92.65,1441
1788431400,92.65,92.97,92.58,92.9,1097
1788431700,92.91,93.14,92.83,92.97,1296
1788432000,92.97,92.99,92.84,92.91,978
1788432300,92.92,92.96,92.81,92.9,1117
1788432600,92.91,92.94,92.74,92.91,876
1788432900,92.91,93.11,92.86,92.86,1061
1788433200,92.86,92.86,92.46,92.62,1281
1788433500,92.63,92.68,92.14,92.19,1753
1788433800,92.18,92.36,92.11,92.31,1185
1788434100,92.3,92.35,92.17,92.3,719
1788434400,92.31,92.55,92.28,92.39,1167
1788434700,92.38,92.63,92.38,92.49,669
1788435000,92.47,92.91,92.39,92.44,1448
1788435300,92.44,92.78,92.41,92.65,967
1788435600,92.67,92.93,92.66,92.92,868
1788435900,92.92,93.08,92.92,93.02,1236
1788436200,93.04,93.04,92.9,92.98,710
1788436500,92.98,93.02,92.91,93.02,950
1788436800,93.01,93.06,92.78,92.8,1118
1788437100,92.81,92.92,92.6,92.62,889
1788437400,92.62,92.62,92.4,92.42,1077
1788437700,92.42,92.43,92.17,92.27,1670
1788438000,92.26,92.3,92.05,92.06,1329
1788438300,92.06,92.11,92,92.08,1006
1788438600,92.08,92.37,91.91,92.31,1895
1788438900,92.31,92.51,92.24,92.43,1076
1788439200,92.43,92.53,92.23,92.47,968
1788439500,92.47,92.49,92.13,92.16,1754
1788439800,92.15,92.17,91.91,91.96,1212
1788440100,91.95,91.95,91.58,91.8,2680
1788440400,91.81,92.06,91.81,91.96,2563
1788440700,91.95,91.98,91.72,91.86,1251
1788441000,91.86,91.89,91.63,91.69,1006
1788441300,91.69,91.94,91.59,91.94,876
1788441600,91.94,92,91.55,91.7,1228
1788441900,91.71,91.88,91.62,91.65,840
1788442200,91.65,91.96,91.59,91.84,1428
1788442500,91.84,91.9,91.53,91.71,1282
1788442800,91.72,91.99,91.72,91.94,1191
1788443100,91.94,92.28,91.91,92.27,1873
1788443400,92.27,92.28,92.02,92.09,1328
1788443700,92.08,92.14,91.68,91.79,1381
1788444000,91.8,92.22,91.71,92.2,1531
1788444300,92.21,92.27,92.01,92.09,1378
1788444600,92.1,92.11,91.91,91.99,918
1788444900,91.99,92.25,91.99,92.1,1151
1788445200,92.11,92.35,92.02,92.2,1004
1788445500,92.21,92.26,92.05,92.18,702
1788445800,92.2,92.39,92.18,92.39,1046
1788446100,92.4,92.49,92.27,92.33,1464
1788446400,92.33,92.39,92.06,92.1,1148
1788446700,92.1,92.24,91.91,92,1399
1788447000,92.01,92.11,91.79,92.07,1156
1788447300,92.07,92.48,91.97,92.04,2367
1788447600,92.03,92.21,91.89,92.15,1194
1788447900,92.16,92.59,92.15,92.48,1917
1788448200,92.48,92.55,92.35,92.47,1412
1788448500,92.47,92.59,92.29,92.35,1532
1788448800,92.35,92.5,92.24,92.5,953
1788449100,92.5,92.59,91.94,91.97,2374
1788449400,91.96,91.97,91.57,91.63,4358
1788449700,91.64,91.91,91.6,91.66,2211
1788450000,91.65,91.71,91.39,91.54,1776
1788450300,91.54,91.67,91.41,91.67,1295
1788450600,91.67,91.77,91.22,91.33,1923
1788450900,91.35,91.38,91.08,91.24,2229
1788451200,91.23,91.25,91.05,91.2,1233
1788451500,91.2,91.42,91.19,91.36,1368
1788451800,91.36,91.47,91.2,91.34,1019
1788452100,91.35,91.38,91.17,91.18,1185
1788452400,91.17,91.46,91.17,91.45,724
1788452700,91.44,91.7,91.44,91.68,1093
1788453000,91.66,91.71,91.53,91.55,1098
1788453300,91.57,91.81,91.37,91.48,1888
1788453600,91.47,91.58,91.44,91.49,626
1788453900,91.48,91.58,91.38,91.58,790
1788454200,91.57,91.65,91.42,91.45,685
1788454500,91.45,91.66,91.32,91.65,820
1788454800,91.65,91.75,91.6,91.6,894
1788455100,91.6,91.79,91.57,91.77,549
1788455400,91.76,92.01,91.75,91.96,1295
1788455700,91.96,92.08,91.91,91.95,1163
1788456000,91.94,92.04,91.92,91.94,762
1788456300,91.93,91.95,91.75,91.75,840
1788456600,91.74,91.74,91.63,91.72,946
1788456900,91.71,91.71,91.36,91.49,1247
1788457200,91.48,91.51,91.41,91.49,526
1788457500,91.48,91.56,91.46,91.48,394
1788457800,91.49,91.61,91.46,91.52,487
1788458100,91.53,91.55,91.28,91.34,1028
1788458400,91.35,91.5,91.28,91.29,1043
1788458700,91.28,91.32,91.02,91.02,1146
1788459000,91.02,91.17,90.93,91.03,1651
1788459300,91.02,91.17,90.86,91.07,2341
1788459600,91.06,91.22,90.97,91.21,1647
1788459900,91.21,91.36,91.2,91.35,4522
1788460200,91.33,91.44,91.29,91.41,891
1788460500,91.41,91.47,91.34,91.42,583
1788460800,91.43,91.48,91.41,91.43,432
1788461100,91.42,91.49,91.33,91.48,242
1788461400,91.47,91.66,91.43,91.55,836
1788461700,91.55,91.64,91.54,91.63,313
1788462000,91.64,91.69,91.62,91.65,387
1788462300,91.66,91.66,91.57,91.61,246
1788462600,91.61,91.63,91.51,91.61,345
1788462900,91.61,91.65,91.54,91.57,316
1788463200,91.56,91.62,91.55,91.57,388
1788463500,91.57,91.57,91.49,91.49,263
1788463800,91.5,91.5,91.34,91.4,349
1788464100,91.42,91.44,91.29,91.43,290
1788464400,91.42,91.44,91.38,91.43,199
1788464700,91.44,91.58,91.44,91.58,487
1788465000,91.58,91.67,91.58,91.62,391
1788465300,91.62,91.68,91.55,91.68,418
1788465600,91.67,91.86,91.67,91.74,564
1788465900,91.73,91.77,91.69,91.72,174
1788466200,91.72,91.72,91.64,91.7,126
1788466500,91.69,91.76,91.69,91.76,200
1788466800,91.76,91.76,91.68,91.71,77
1788467100,91.7,91.72,91.69,91.7,78
1788467400,91.7,91.73,91.68,91.71,54
1788467700,91.7,91.77,91.7,91.74,55
1788468000,91.72,91.73,91.59,91.65,348
1788468300,91.66,91.73,91.63,91.73,73
1788468600,91.7,91.78,91.67,91.74,217
1788468900,91.74,91.74,91.66,91.67,169
1788472800,91.67,91.82,91.59,91.68,117
1788473100,91.66,91.79,91.66,91.75,63
1788473400,91.75,91.82,91.73,91.76,102
1788473700,91.78,91.8,91.77,91.78,21
1788474000,91.77,91.77,91.75,91.75,13
1788474300,91.74,91.77,91.74,91.75,9
1788474600,91.75,91.75,91.72,91.74,20
1788474900,91.74,91.84,91.73,91.8,115
1788475200,91.77,91.8,91.74,91.74,66
1788475500,91.74,91.76,91.72,91.75,21
1788475800,91.78,91.78,91.74,91.76,10
1788476100,91.76,91.81,91.76,91.81,48
1788476400,91.81,91.81,91.77,91.8,15
1788476700,91.81,91.86,91.8,91.81,23
1788477000,91.81,91.87,91.8,91.85,35
1788477300,91.86,91.86,91.86,91.86,2
1788477600,91.87,91.88,91.84,91.85,52
1788477900,91.87,91.87,91.79,91.8,43
1788478200,91.8,91.83,91.77,91.83,89
1788478500,91.83,91.89,91.83,91.84,77
1788478800,91.85,91.86,91.83,91.86,17
1788479100,91.84,91.84,91.79,91.81,24
1788479400,91.77,91.81,91.76,91.8,30
1788479700,91.8,91.83,91.78,91.83,29
1788480000,91.85,91.92,91.76,91.77,280
1788480300,91.76,91.79,91.68,91.7,134
1788480600,91.69,91.73,91.58,91.6,160
1788480900,91.6,91.65,91.55,91.59,202
1788481200,91.59,91.67,91.54,91.6,114
1788481500,91.58,91.61,91.55,91.56,92
1788481800,91.57,91.57,91.49,91.51,98
1788482100,91.5,91.54,91.47,91.53,62
1788482400,91.53,91.61,91.53,91.55,74
1788482700,91.54,91.54,91.42,91.46,83
1788483000,91.46,91.49,91.4,91.48,72
1788483300,91.49,91.61,91.48,91.58,106
1788483600,91.58,91.76,91.49,91.66,585
1788483900,91.64,91.75,91.63,91.73,195
1788484200,91.73,91.78,91.68,91.73,218
1788484500,91.73,91.89,91.7,91.88,274
1788484800,91.88,91.92,91.73,91.86,274
1788485100,91.85,91.86,91.7,91.7,110
1788485400,91.7,91.88,91.69,91.83,108
1788485700,91.81,91.98,91.8,91.97,315
1788486000,91.98,92.03,91.88,91.88,281
1788486300,91.88,91.96,91.81,91.95,122
1788486600,91.92,92.11,91.92,92.09,479
1788486900,92.09,92.17,91.99,92,453
1788487200,92.01,92.1,91.9,92.01,356
1788487500,92.01,92.01,91.89,91.89,128
1788487800,91.87,91.92,91.81,91.85,176
1788488100,91.84,91.84,91.76,91.78,149
1788488400,91.78,91.8,91.67,91.69,171
1788488700,91.69,91.74,91.67,91.71,90
1788489000,91.72,91.88,91.67,91.86,184
1788489300,91.88,91.98,91.86,91.9,161
1788489600,91.9,92.04,91.89,92.01,165
1788489900,91.99,92.12,91.86,91.89,214
1788490200,91.9,91.96,91.84,91.95,130
1788490500,91.96,91.97,91.78,91.83,114
1788490800,91.82,91.83,91.67,91.7,107
1788491100,91.68,91.83,91.66,91.83,139
1788491400,91.83,91.91,91.77,91.77,81
1788491700,91.76,91.9,91.75,91.89,95
1788492000,91.88,91.98,91.87,91.95,63
1788492300,91.94,91.95,91.89,91.91,69
1788492600,91.9,91.98,91.86,91.96,58
1788492900,91.96,92,91.95,91.96,55
1788493200,91.98,92.02,91.96,91.96,65
1788493500,91.95,91.95,91.88,91.93,106
1788493800,91.92,92.03,91.91,91.98,161
1788494100,92.01,92.06,92,92.04,83
1788494400,92.03,92.11,92.02,92.06,184
1788494700,92.05,92.07,92.02,92.05,84
1788495000,92.07,92.13,92.06,92.08,140
1788495300,92.08,92.1,92.06,92.07,34
1788495600,92.07,92.08,91.98,91.98,133
1788495900,92.01,92.02,91.85,91.87,139
1788496200,91.86,91.88,91.82,91.85,111
1788496500,91.84,91.84,91.7,91.72,144
1788496800,91.73,91.78,91.63,91.69,164
1788497100,91.69,91.69,91.61,91.67,209
1788497400,91.67,91.69,91.65,91.67,43
1788497700,91.67,91.7,91.6,91.61,138
1788498000,91.59,91.65,91.53,91.57,159
1788498300,91.57,91.57,91.49,91.52,156
1788498600,91.53,91.56,91.43,91.45,190
1788498900,91.45,91.55,91.44,91.46,97
1788499200,91.47,91.52,91.45,91.49,67
1788499500,91.49,91.53,91.37,91.4,130
1788499800,91.41,91.52,91.35,91.4,281
1788500100,91.39,91.51,91.35,91.4,264
1788500400,91.39,91.56,91.38,91.5,133
1788500700,91.51,91.66,91.49,91.62,197
1788501000,91.65,91.7,91.52,91.54,161
1788501300,91.54,91.55,91.31,91.41,251
1788501600,91.4,91.64,91.4,91.58,252
1788501900,91.6,91.7,91.47,91.54,248
1788502200,91.54,91.55,91.41,91.48,281
1788502500,91.48,91.48,91.4,91.42,117
1788502800,91.41,91.41,91.31,91.4,290
1788503100,91.41,91.46,91.37,91.44,228
1788503400,91.44,91.54,91.36,91.48,243
1788503700,91.48,91.54,91.41,91.53,203
1788504000,91.53,91.59,91.33,91.35,264
1788504300,91.33,91.41,91.32,91.39,115
1788504600,91.42,91.63,91.38,91.61,349
1788504900,91.61,91.65,91.39,91.42,340
1788505200,91.43,91.67,91.43,91.62,569
1788505500,91.63,91.69,91.45,91.62,420
1788505800,91.63,91.67,91.46,91.58,297
1788506100,91.6,91.75,91.59,91.59,602
1788506400,91.59,91.63,91.38,91.47,426
1788506700,91.48,91.71,91.45,91.45,553
1788507000,91.47,91.52,91.24,91.31,632
1788507300,91.32,91.41,91.19,91.32,335
1788507600,91.31,91.32,91.02,91.1,623
1788507900,91.08,91.08,90.68,90.75,1357
1788508200,90.76,90.85,90.66,90.81,1004
1788508500,90.81,90.93,90.69,90.74,1177
1788508800,90.74,90.99,90.69,90.9,906
1788509100,90.9,91.03,90.67,90.7,825
1788509400,90.71,90.77,90.57,90.7,967
1788509700,90.69,90.8,90.56,90.66,672
1788510000,90.66,90.74,90.55,90.62,907
1788510300,90.63,90.77,90.43,90.7,1477
1788510600,90.68,90.83,90.61,90.66,936
1788510900,90.66,90.82,90.51,90.79,704
1788511200,90.78,90.94,90.67,90.75,687
1788511500,90.75,90.79,90.65,90.75,412
1788511800,90.76,90.78,90.58,90.61,402
1788512100,90.6,90.74,90.38,90.72,834
1788512400,90.72,90.85,90.68,90.8,554
1788512700,90.8,90.98,90.8,90.93,582
1788513000,90.93,91.04,90.9,90.97,540
1788513300,90.98,90.99,90.67,90.7,469
1788513600,90.71,90.84,90.67,90.81,236
1788513900,90.82,90.87,90.66,90.67,213
1788514200,90.67,90.79,90.61,90.78,270
1788514500,90.78,90.85,90.71,90.84,220
1788514800,90.86,90.94,90.73,90.92,221
1788515100,90.9,90.95,90.79,90.87,232
1788515400,90.86,91.02,90.85,91,373
1788515700,91,91.14,90.92,91.12,732
1788516000,91.11,91.11,90.92,90.94,554
1788516300,90.98,91.09,90.9,90.96,222
1788516600,90.95,91.05,90.94,90.97,297
1788516900,90.97,90.97,90.58,90.61,562
1788517200,90.63,90.82,90.59,90.81,293
1788517500,90.82,90.84,90.52,90.62,797
1788517800,90.61,90.65,90.44,90.56,496
1788518100,90.57,90.73,90.54,90.63,270
1788518400,90.63,90.65,90.53,90.57,207
1788518700,90.57,90.58,90.4,90.47,523
1788519000,90.45,90.53,90.33,90.4,408
1788519300,90.41,90.45,90.36,90.4,340
1788519600,90.41,90.52,90.41,90.5,475
1788519900,90.49,90.52,90.43,90.5,281
1788520200,90.49,90.68,90.48,90.61,456
1788520500,90.62,90.79,90.62,90.78,345
1788520800,90.75,90.79,90.56,90.6,275
1788521100,90.61,90.73,90.57,90.72,296
1788521400,90.72,90.87,90.72,90.78,433
1788521700,90.78,90.79,90.67,90.73,342
1788522000,90.73,90.79,90.67,90.76,255
1788522300,90.76,90.83,90.61,90.82,465
1788522600,90.83,90.86,90.64,90.73,690
1788522900,90.74,90.8,90.7,90.76,504
1788523200,90.75,90.77,90.61,90.64,664
1788523500,90.64,90.65,90.38,90.44,1089
1788523800,90.44,90.55,90.4,90.41,664
1788524100,90.42,90.48,90.38,90.46,798
1788524400,90.44,90.45,90.26,90.28,569
1788524700,90.29,90.4,90.26,90.32,505
1788525000,90.32,90.67,90.26,90.37,1962
1788525300,90.35,90.55,90.27,90.5,1026
1788525600,90.5,90.56,90.36,90.46,1276
1788525900,90.44,90.49,90.34,90.47,737
1788526200,90.45,90.45,89.91,89.99,2624
1788526500,89.99,90.04,89.86,89.91,1962
1788526800,89.91,90.24,89.89,90.17,3204
1788527100,90.16,90.28,90.06,90.23,1531
1788527400,90.24,90.41,90.18,90.34,1342
1788527700,90.34,90.45,90.22,90.31,1039
1788528000,90.3,90.3,90.12,90.19,1169
1788528300,90.19,90.27,89.91,90.12,1419
1788528600,90.12,90.17,89.69,89.7,2952
1788528900,89.69,89.72,89.15,89.17,3496
1788529200,89.17,89.24,88.86,89.21,5515
1788529500,89.21,89.31,88.98,89.04,2089
1788529800,89.03,89.04,88.74,88.76,2683
1788530100,88.76,89.03,88.72,89.02,2129
1788530400,89.03,89.64,89.03,89.56,4024
1788530700,89.55,89.55,89.02,89.3,2604
1788531000,89.3,89.31,89.17,89.21,1148
1788531300,89.21,89.53,89.18,89.53,1313
1788531600,89.53,89.71,89.53,89.64,2168
1788531900,89.64,89.71,89.44,89.63,1345
1788532200,89.63,89.95,89.62,89.87,1990
1788532500,89.87,90.07,89.76,90.05,1651
1788532800,90.05,90.36,90.05,90.29,2380
1788533100,90.28,90.69,90.22,90.63,2721
1788533400,90.63,90.86,90.47,90.82,2387
1788533700,90.82,90.91,90.76,90.88,1485
1788534000,90.88,90.99,90.28,90.31,2253
1788534300,90.3,90.43,90.16,90.3,1691
1788534600,90.3,90.46,90.23,90.34,1384
1788534900,90.34,90.48,90.32,90.41,994
1788535200,90.41,90.61,90.4,90.59,1270
1788535500,90.6,90.67,90.43,90.64,1430
1788535800,90.64,90.86,90.59,90.77,1939
1788536100,90.76,90.89,90.72,90.84,906
1788536400,90.84,90.85,90.56,90.77,1070
1788536700,90.77,90.87,90.73,90.79,1063
1788537000,90.8,91.1,90.71,91.1,2156
1788537300,91.1,91.14,90.96,90.97,1476
1788537600,90.97,90.97,90.76,90.89,1202
1788537900,90.88,91.06,90.8,90.89,707
1788538200,90.89,90.91,90.69,90.75,682
1788538500,90.75,90.77,90.5,90.57,873
1788538800,90.55,90.73,90.53,90.71,618
1788539100,90.7,90.74,90.55,90.6,471
1788539400,90.61,90.7,90.54,90.6,562
1788539700,90.59,90.75,90.59,90.74,425
1788540000,90.74,90.83,90.66,90.79,852
1788540300,90.81,90.9,90.65,90.82,1052
1788540600,90.81,90.98,90.76,90.92,959
1788540900,90.92,91.21,90.83,91.17,1927
1788541200,91.18,91.32,91.15,91.31,1415
1788541500,91.32,91.34,90.78,90.85,2235
1788541800,90.85,90.92,90.69,90.73,735
1788542100,90.72,90.86,90.67,90.69,832
1788542400,90.69,90.85,90.67,90.79,467
1788542700,90.79,90.99,90.75,90.98,809
1788543000,90.99,91.06,90.96,91.03,623
1788543300,91.03,91.08,90.91,90.95,650
1788543600,90.94,90.98,90.84,90.94,544
1788543900,90.94,91.06,90.91,90.91,527
1788544200,90.92,90.97,90.82,90.91,719
1788544500,90.9,90.92,90.82,90.82,575
1788544800,90.82,91.07,90.77,91,1134
1788545100,91.01,91.14,90.94,91.02,874
1788545400,91.03,91.04,90.98,91.04,585
1788545700,91.04,91.15,91.03,91.14,762
1788546000,91.14,91.17,91,91.14,1243
1788546300,91.14,91.61,91.1,91.5,6825
1788546600,91.5,91.57,91.37,91.49,1799
1788546900,91.49,91.65,91.44,91.58,1064
1788547200,91.57,91.78,91.46,91.65,1538
1788547500,91.65,91.73,91.58,91.6,498
1788547800,91.61,91.65,91.57,91.58,282
1788548100,91.59,91.61,91.5,91.51,375
1788548400,91.51,91.53,91.43,91.48,260
1788548700,91.49,91.51,91.44,91.44,174
1788549000,91.43,91.44,91.36,91.42,280
1788549300,91.41,91.49,91.41,91.47,257
1788549600,91.46,91.48,91.44,91.46,72
1788549900,91.47,91.53,91.46,91.49,253
1788550200,91.5,91.53,91.45,91.48,115
1788550500,91.48,91.48,91.38,91.39,108
1788550800,91.38,91.39,91.31,91.33,286
1788551100,91.34,91.38,91.31,91.34,338
1788551400,91.34,91.35,91.26,91.31,527
1788551700,91.31,91.43,91.26,91.36,1081
1788552000,91.36,91.44,91.31,91.43,197
1788552300,91.43,91.48,91.39,91.41,187
1788552600,91.39,91.41,91.31,91.32,67
1788552900,91.32,91.37,91.27,91.28,70
1788553200,91.29,91.31,91.23,91.25,111
1788553500,91.25,91.34,91.24,91.24,121
1788553800,91.25,91.28,91.19,91.2,94
1788554100,91.2,91.28,91.13,91.28,122
1788554400,91.27,91.33,91.25,91.27,139
1788554700,91.28,91.31,91.11,91.2,445
1788555000,91.18,91.3,91.16,91.29,119
1788555300,91.3,91.33,91.21,91.22,270
1788732000,92.26,92.57,91.72,92,1481
1788732300,92,92.29,91.86,92.16,823
1788732600,92.17,92.21,92.11,92.16,177
1788732900,92.18,92.2,92.11,92.18,68
1788733200,92.18,92.28,92.18,92.25,165
1788733500,92.23,92.3,92.15,92.26,161
1788733800,92.26,92.28,92.16,92.17,109
1788734100,92.18,92.23,92.14,92.16,73
1788734400,92.15,92.16,92.13,92.14,41
1788734700,92.12,92.13,92.01,92.01,153
1788735000,92.03,92.04,91.92,91.96,111
1788735300,91.98,92.07,91.97,92.04,103
1788735600,92.04,92.07,92.02,92.02,57
1788735900,92.01,92.03,91.95,92,71
1788736200,92,92,91.91,91.94,107
1788736500,91.94,92.1,91.93,92.1,217
1788736800,92.1,92.22,92.06,92.1,245
1788737100,92.13,92.15,92.11,92.13,45
1788737400,92.15,92.22,92.13,92.18,73
1788737700,92.18,92.19,92.14,92.14,57
1788738000,92.14,92.19,92.14,92.16,35
1788738300,92.16,92.17,92.11,92.13,46
1788738600,92.14,92.15,92.08,92.14,90
1788738900,92.15,92.2,92.08,92.09,108
1788739200,92.09,92.22,91.98,92.09,312
1788739500,92.11,92.12,92,92.02,133
1788739800,92,92.01,91.88,91.93,218
1788740100,91.93,91.93,91.77,91.82,287
1788740400,91.82,91.91,91.8,91.84,155
1788740700,91.83,91.85,91.77,91.8,116
1788741000,91.81,91.81,91.65,91.67,196
1788741300,91.69,91.8,91.68,91.8,96
1788741600,91.8,91.97,91.8,91.95,253
1788741900,91.95,91.96,91.87,91.9,169
1788742200,91.9,91.95,91.84,91.94,120
1788742500,91.94,92.01,91.84,91.98,319
1788742800,91.98,92.28,91.66,91.71,1052
1788743100,91.68,91.92,91.58,91.9,505
1788743400,91.91,91.96,91.85,91.93,234
1788743700,91.92,92.09,91.9,92.01,317
1788744000,91.98,92.07,91.91,92.01,104
1788744300,92.03,92.12,91.98,91.99,127
1788744600,92,92,91.91,91.94,82
1788744900,91.94,91.96,91.84,91.89,136
1788745200,91.9,91.95,91.86,91.88,54
1788745500,91.86,91.95,91.77,91.8,132
1788745800,91.82,91.85,91.74,91.81,130
1788746100,91.85,92,91.81,91.89,190
1788746400,91.9,92.03,91.9,92,104
1788746700,92,92.15,92,92.02,190
1788747000,92.03,92.12,92.01,92.12,78
1788747300,92.13,92.19,92.03,92.04,203
1788747600,92.02,92.08,92.02,92.06,35
1788747900,92.06,92.1,92.06,92.08,47
1788748200,92.07,92.14,91.96,92.13,256
1788748500,92.13,92.17,92.07,92.12,111
1788748800,92.12,92.18,92.09,92.14,78
1788749100,92.15,92.18,91.99,92.01,89
1788749400,92.03,92.1,92.01,92.09,37
1788749700,92.08,92.08,92.02,92.05,24
1788750000,92.08,92.19,92.08,92.15,95
1788750300,92.14,92.18,92.06,92.17,60
1788750600,92.19,92.26,92.19,92.25,113
1788750900,92.23,92.27,92.09,92.12,113
1788751200,92.1,92.16,92.02,92.15,66
1788751500,92.15,92.15,92.06,92.09,74
1788751800,92.09,92.18,92.05,92.07,168
1788752100,92.08,92.16,92.06,92.13,101
1788752400,92.13,92.31,92.12,92.26,185
1788752700,92.26,92.28,92.25,92.26,41
1788753000,92.26,92.37,92.24,92.35,146
1788753300,92.35,92.4,92.34,92.38,170
1788753600,92.37,92.43,92.36,92.42,165
1788753900,92.43,92.43,92.28,92.29,156
1788754200,92.3,92.3,92.23,92.26,98
1788754500,92.25,92.37,92.22,92.35,164
1788754800,92.33,92.41,92.31,92.4,110
1788755100,92.39,92.41,92.34,92.35,145
1788755400,92.36,92.38,92.34,92.38,36
1788755700,92.37,92.5,92.36,92.46,267
1788756000,92.45,92.56,92.45,92.55,191
1788756300,92.56,92.58,92.48,92.48,235
1788756600,92.48,92.53,92.48,92.53,65
1788756900,92.53,92.6,92.43,92.46,414
1788757200,92.47,92.54,92.47,92.52,65
1788757500,92.51,92.53,92.4,92.52,169
1788757800,92.51,92.51,92.44,92.44,47
1788758100,92.43,92.52,92.43,92.51,42
1788758400,92.51,92.54,92.49,92.49,44
1788758700,92.51,92.56,92.5,92.55,134
1788759000,92.54,92.6,92.45,92.58,285
1788759300,92.59,92.61,92.53,92.61,182
1788759600,92.63,92.81,92.63,92.7,568
1788759900,92.7,92.76,92.63,92.75,158
1788760200,92.75,92.85,92.75,92.84,257
1788760500,92.83,93.04,92.83,92.88,683
1788760800,92.89,92.9,92.74,92.8,365
1788761100,92.79,92.93,92.73,92.78,646
1788761400,92.78,92.8,92.7,92.79,186
1788761700,92.78,92.8,92.54,92.55,304
1788762000,92.57,92.76,92.55,92.76,158
1788762300,92.76,92.8,92.6,92.66,328
1788762600,92.65,92.7,92.58,92.59,180
1788762900,92.59,92.62,92.35,92.36,292
1788763200,92.36,92.37,92.25,92.35,498
1788763500,92.36,92.43,92.32,92.43,194
1788763800,92.43,92.45,92.28,92.31,160
1788764100,92.31,92.45,92.26,92.41,198
1788764400,92.4,92.58,92.2,92.26,470
1788764700,92.24,92.24,92,92.03,672
1788765000,92.02,92.03,91.9,91.99,528
1788765300,91.98,92.02,91.91,91.95,340
1788765600,91.93,92.18,91.93,92.04,377
1788765900,92.05,92.17,91.98,92.13,338
1788766200,92.14,92.2,91.97,92,376
1788766500,92,92,91.79,91.85,637
1788766800,91.83,91.9,91.77,91.87,333
1788767100,91.86,91.96,91.83,91.89,200
1788767400,91.89,91.9,91.58,91.66,881
1788767700,91.66,91.74,91.44,91.47,1196
1788768000,91.46,91.51,91.32,91.36,780
1788768300,91.37,91.49,91.11,91.14,989
1788768600,91.14,91.34,91.07,91.18,936
1788768900,91.15,91.2,91.01,91.07,613
1788769200,91.07,91.13,90.94,90.96,956
1788769500,90.96,91.08,90.87,91.01,1251
1788769800,90.99,91.07,90.9,90.95,626
1788770100,90.97,91.14,90.93,91.1,452
1788770400,91.1,91.35,91.1,91.31,612
1788770700,91.31,91.51,91.31,91.47,599
1788771000,91.48,91.49,91.36,91.46,233
1788771300,91.45,91.52,91.33,91.4,314
1788771600,91.39,91.43,91.29,91.37,431
1788771900,91.39,91.64,91.38,91.57,408
1788772200,91.57,91.61,91.47,91.49,286
1788772500,91.5,91.51,91.38,91.45,227
1788772800,91.46,91.53,91.43,91.49,139
1788773100,91.48,91.58,91.43,91.56,142
1788773400,91.56,91.64,91.52,91.61,188
1788773700,91.62,91.68,91.53,91.57,340
1788774000,91.57,91.61,91.43,91.56,375
1788774300,91.57,91.7,91.57,91.61,161
1788774600,91.61,91.63,91.52,91.58,188
1788774900,91.57,91.7,91.55,91.68,128
1788775200,91.69,91.69,91.54,91.57,232
1788775500,91.58,91.59,91.4,91.52,329
1788775800,91.52,91.55,91.37,91.52,478
1788776100,91.53,91.64,91.49,91.57,146
1788776400,91.57,91.62,91.48,91.48,144
1788776700,91.5,91.53,91.4,91.49,207
1788777000,91.49,91.54,91.38,91.54,229
1788777300,91.55,91.69,91.54,91.68,259
1788777600,91.68,91.73,91.6,91.7,198
1788777900,91.71,91.72,91.61,91.62,128
1788778200,91.61,92.12,91.61,92.11,957
1788778500,92.1,92.29,92.03,92.13,1312
1788778800,92.16,92.28,92.09,92.11,579
1788779100,92.13,92.27,92.06,92.19,589
1788779400,92.22,92.27,92.09,92.25,352
1788779700,92.26,92.3,92.17,92.18,274
1788780000,92.17,92.3,92.13,92.22,357
1788780300,92.22,92.26,92.16,92.25,247
1788780600,92.26,92.34,92.24,92.34,251
1788780900,92.33,92.36,92.29,92.35,220
1788781200,92.36,92.37,92.23,92.26,350
1788781500,92.26,92.39,92.26,92.31,227
1788781800,92.31,92.32,92.16,92.29,250
1788782100,92.3,92.31,92.21,92.26,92
1788782400,92.24,92.36,92.18,92.36,224
1788782700,92.34,92.42,92.32,92.38,211
1788783000,92.37,92.41,92.3,92.39,201
1788783300,92.39,92.43,92.3,92.3,316
1788783600,92.3,92.39,92.17,92.22,281
1788783900,92.21,92.42,92.2,92.38,455
1788784200,92.39,92.48,92.22,92.47,615
1788784500,92.47,92.52,92.42,92.48,461
1788784800,92.5,92.5,92.38,92.38,159
1788785100,92.4,92.43,92.26,92.31,245
1788785400,92.31,92.31,92.18,92.22,464
1788785700,92.23,92.39,92.22,92.28,277
1788786000,92.27,92.6,92.27,92.55,894
1788786300,92.55,92.65,92.35,92.36,891
1788786600,92.37,92.4,92.17,92.28,664
1788786900,92.29,92.36,92.07,92.19,772
1788787200,92.19,92.33,92.15,92.25,490
1788787500,92.25,92.33,92.16,92.3,472
1788787800,92.32,92.49,92.17,92.48,502
1788788100,92.49,92.6,92.44,92.52,732
1788788400,92.52,92.53,92.38,92.43,346
1788788700,92.43,92.54,92.34,92.51,283
1788789000,92.53,92.62,92.51,92.54,501
1788789300,92.53,92.68,92.51,92.58,548
1788789600,92.57,92.68,92.51,92.68,588
1788789900,92.69,92.76,92.63,92.69,977
1788790200,92.68,92.82,92.68,92.82,585
1788790500,92.82,92.85,92.55,92.59,809
1788790800,92.59,92.68,92.58,92.67,403
1788791100,92.66,92.76,92.64,92.69,402
1788791400,92.7,92.78,92.6,92.76,504
1788791700,92.77,92.8,92.68,92.72,517
1788792000,92.73,92.82,92.62,92.64,447
1788792300,92.64,92.81,92.64,92.79,431
1788792600,92.78,92.8,92.72,92.75,373
1788792900,92.75,92.99,92.75,92.95,1316
1788793200,92.96,93.13,92.94,93.12,1097
1788793500,93.12,93.29,93.11,93.23,1803
1788793800,93.24,93.28,92.9,92.96,1118
1788794100,92.97,93.05,92.84,92.89,605
1788794400,92.89,93.04,92.88,93,421
1788794700,93,93.14,92.87,93.05,823
1788795000,93.04,93.24,92.94,93.21,746
1788795300,93.21,93.23,92.93,92.93,594
1788795600,92.95,92.96,92.87,92.87,430
1788795900,92.86,92.94,92.77,92.89,408
1788796200,92.89,92.89,92.79,92.85,167
1788796500,92.84,93.15,92.83,93.05,528
1788796800,93.05,93.17,92.99,93.15,401
1788797100,93.14,93.19,93.07,93.08,395
1788797400,93.09,93.19,92.74,92.77,977
1788797700,92.77,92.82,92.65,92.72,545
1788798000,92.72,92.74,92.6,92.62,512
1788798300,92.63,92.72,92.52,92.68,526
1788798600,92.68,92.78,92.56,92.61,415
1788798900,92.6,92.68,92.58,92.65,176
1788799200,92.65,92.69,92.56,92.57,216
1788799500,92.58,92.62,92.57,92.62,134
1788799800,92.59,92.61,92.54,92.56,173
1788800100,92.55,92.61,92.46,92.47,367
1788800400,92.47,92.51,92.33,92.48,369
1788800700,92.5,92.59,92.41,92.56,182
1788801000,92.54,92.58,92.5,92.52,102
1788801300,92.52,92.65,92.52,92.65,193
1788801600,92.64,92.73,92.61,92.69,188
1788801900,92.67,92.78,92.63,92.74,325
1788802200,92.75,92.76,92.67,92.72,80
1788802500,92.69,92.77,92.69,92.75,59
1788802800,92.75,92.75,92.65,92.67,91
1788803100,92.65,92.8,92.65,92.75,107
1788803400,92.74,92.75,92.7,92.74,34
1788803700,92.75,92.77,92.69,92.72,66
1788804000,92.75,92.8,92.72,92.73,92
1788804300,92.74,92.79,92.74,92.79,39
1788804600,92.79,92.8,92.61,92.66,215
1788804900,92.67,92.71,92.55,92.67,189
1788805200,92.69,92.73,92.66,92.7,102
1788805500,92.7,92.7,92.62,92.7,65
1788818400,92.69,92.7,92.45,92.66,293
1788818700,92.66,92.7,92.63,92.64,124
1788819000,92.62,92.64,92.59,92.6,36
1788819300,92.61,92.67,92.61,92.66,67
1788819600,92.65,92.66,92.62,92.66,28
1788819900,92.67,92.71,92.65,92.68,52
1788820200,92.66,92.68,92.63,92.63,28
1788820500,92.63,92.64,92.61,92.63,6
1788820800,92.64,92.64,92.61,92.61,21
1788821100,92.61,92.61,92.6,92.61,7
1788821400,92.61,92.63,92.6,92.63,18
1788821700,92.63,92.66,92.61,92.64,38
1788822000,92.62,92.62,92.56,92.62,137
1788822300,92.62,92.65,92.59,92.59,79
1788822600,92.61,92.63,92.6,92.62,15
1788822900,92.62,92.84,92.6,92.62,376
1788823200,92.6,92.6,92.58,92.59,32
1788823500,92.6,92.62,92.57,92.61,33
1788823800,92.61,92.61,92.58,92.59,20
1788824100,92.59,92.6,92.55,92.57,55
1788824400,92.55,92.58,92.52,92.53,23
1788824700,92.53,92.54,92.51,92.52,37
1788825000,92.53,92.56,92.46,92.53,127
1788825300,92.52,92.52,92.51,92.52,7
1788825600,92.51,92.67,92.39,92.43,551
1788825900,92.44,92.52,92.41,92.44,203
1788826200,92.44,92.58,92.42,92.49,153
1788826500,92.5,92.56,92.44,92.54,107
1788826800,92.54,92.55,92.42,92.44,98
1788827100,92.43,92.45,92.22,92.25,549
1788827400,92.25,92.26,92.12,92.26,403
1788827700,92.26,92.37,92.26,92.32,152
1788828000,92.33,92.4,92.32,92.4,68
1788828300,92.39,92.42,92.3,92.42,105
1788828600,92.4,92.4,92.35,92.38,133
1788828900,92.38,92.4,92.3,92.4,190
1788829200,92.39,92.62,92.29,92.52,685
1788829500,92.51,92.55,92.44,92.52,169
1788829800,92.51,92.54,92.4,92.42,196
1788830100,92.42,92.58,92.42,92.47,132
1788830400,92.47,92.51,92.38,92.45,171
1788830700,92.45,92.46,92.33,92.35,85
1788831000,92.37,92.42,92.28,92.36,169
1788831300,92.38,92.45,92.33,92.4,224
1788831600,92.42,92.54,92.38,92.45,263
1788831900,92.46,92.47,92.36,92.41,133
1788832200,92.44,92.44,92.3,92.35,122
1788832500,92.35,92.41,92.29,92.36,91
1788832800,92.36,92.39,92.3,92.38,143
1788833100,92.36,92.43,92.29,92.42,129
1788833400,92.44,92.45,92.33,92.39,76
1788833700,92.36,92.42,92.36,92.4,65
1788834000,92.41,92.47,92.4,92.43,65
1788834300,92.45,92.52,92.38,92.49,116
1788834600,92.48,92.61,92.48,92.55,249
1788834900,92.55,92.61,92.49,92.55,262
1788835200,92.53,92.58,92.49,92.49,134
1788835500,92.48,92.48,92.38,92.45,157
1788835800,92.42,92.65,92.42,92.63,250
1788836100,92.63,92.79,92.63,92.77,222
1788836400,92.76,92.78,92.67,92.78,183
1788836700,92.78,92.78,92.68,92.72,98
1788837000,92.72,92.82,92.71,92.77,186
1788837300,92.78,92.88,92.78,92.84,237
1788837600,92.84,92.86,92.79,92.8,95
1788837900,92.81,92.93,92.81,92.87,219
1788838200,92.87,93.04,92.87,92.98,415
1788838500,92.99,93.04,92.97,93,152
1788838800,92.96,93.03,92.95,93.01,104
1788839100,93.04,93.06,92.9,92.92,176
1788839400,92.92,92.92,92.88,92.88,109
1788839700,92.87,92.91,92.85,92.86,73
1788840000,92.89,92.95,92.88,92.93,109
1788840300,92.94,92.98,92.86,92.89,209
1788840600,92.89,92.96,92.88,92.94,124
1788840900,92.95,93.05,92.95,93.03,211
1788841200,93.04,93.06,92.95,92.96,143
1788841500,92.96,93.02,92.94,93.02,101
1788841800,93.02,93.04,92.98,93.03,98
1788842100,93.03,93.08,93.01,93.01,121
1788842400,93.03,93.08,93.01,93.06,110
1788842700,93.07,93.17,93.06,93.15,341
1788843000,93.14,93.19,93.09,93.11,167
1788843300,93.11,93.12,93.03,93.06,133
1788843600,93.07,93.08,92.97,93.03,167
1788843900,93.03,93.13,93.03,93.09,129
1788844200,93.08,93.15,93.06,93.15,127
1788844500,93.14,93.22,93.13,93.21,251
1788844800,93.2,93.25,93.16,93.2,230
1788845100,93.19,93.33,93.18,93.3,322
1788845400,93.3,93.61,93.29,93.42,1309
1788845700,93.43,93.49,93.25,93.28,358
1788846000,93.29,93.43,93.26,93.38,323
1788846300,93.39,93.49,93.37,93.39,332
1788846600,93.39,93.77,93.37,93.7,1000
1788846900,93.71,93.75,93.54,93.6,424
1788847200,93.61,93.77,93.59,93.73,592
1788847500,93.74,93.85,93.65,93.69,572
1788847800,93.68,93.78,93.64,93.75,352
1788848100,93.75,94.19,93.75,94.18,1291
1788848400,94.18,94.21,93.8,93.84,1123
1788848700,93.85,93.89,93.61,93.71,742
1788849000,93.71,93.91,93.66,93.88,306
1788849300,93.87,93.95,93.82,93.87,380
1788849600,93.86,93.94,93.81,93.92,292
1788849900,93.93,94.07,93.89,94.07,558
1788850200,94.07,94.16,94,94.07,464
1788850500,94.07,94.2,94.02,94.08,608
1788850800,94.09,94.21,94.07,94.09,858
1788851100,94.09,94.1,93.84,94.01,1038
1788851400,94.02,94.21,94,94.2,612
1788851700,94.2,94.26,94.08,94.08,892
1788852000,94.11,94.27,94.05,94.2,536
1788852300,94.2,94.26,94.14,94.23,739
1788852600,94.23,94.36,94.14,94.28,931
1788852900,94.28,94.36,94.18,94.21,399
1788853200,94.21,94.37,94.19,94.24,466
1788853500,94.26,94.41,94.26,94.33,446
1788853800,94.34,94.48,94.33,94.46,660
1788854100,94.46,94.6,94.41,94.45,1218
1788854400,94.45,94.54,94.32,94.46,1216
1788854700,94.45,94.54,94.33,94.46,1415
1788855000,94.46,94.51,94.36,94.4,859
1788855300,94.41,94.49,94.27,94.36,1094
1788855600,94.35,94.45,94.29,94.4,915
1788855900,94.4,94.69,94.19,94.63,2242
1788856200,94.62,94.73,94.35,94.35,1471
1788856500,94.34,94.53,94.33,94.41,603
1788856800,94.4,94.52,94.32,94.52,559
1788857100,94.52,94.56,94.16,94.43,1455
1788857400,94.44,94.6,94.38,94.51,532
1788857700,94.52,94.67,94.43,94.44,951
1788858000,94.44,94.64,94.29,94.31,998
1788858300,94.32,94.45,94.24,94.36,443
1788858600,94.37,94.41,94.23,94.33,425
1788858900,94.34,94.42,94.3,94.32,585
1788859200,94.33,94.35,94.08,94.1,795
1788859500,94.1,94.21,94.07,94.13,737
1788859800,94.14,94.19,94,94,515
1788860100,94,94.09,93.97,93.97,587
1788860400,93.97,94.04,93.6,93.73,2300
1788860700,93.73,93.77,93.56,93.68,739
1788861000,93.69,93.82,93.67,93.73,876
1788861300,93.73,93.8,93.62,93.62,970
1788861600,93.62,93.93,93.56,93.93,1291
1788861900,93.92,94.02,93.87,93.95,612
1788862200,93.95,94.09,93.93,94.03,404
1788862500,94.03,94.06,93.97,93.97,330
1788862800,93.97,93.97,93.45,93.83,3368
1788863100,93.82,93.84,93.62,93.73,493
1788863400,93.72,93.83,93.69,93.82,438
1788863700,93.82,93.88,93.73,93.84,437
1788864000,93.83,94,93.83,93.98,612
1788864300,93.99,94.01,93.88,93.99,532
1788864600,93.97,93.99,93.92,93.94,329
1788864900,93.93,93.94,93.83,93.92,533
1788865200,93.93,94,93.88,93.92,464
1788865500,93.93,94.02,93.61,93.82,1446
1788865800,93.82,94.07,93.82,93.87,729
1788866100,93.88,93.88,93.67,93.78,681
1788866400,93.77,93.87,93.76,93.8,334
1788866700,93.8,93.87,93.74,93.79,367
1788867000,93.79,93.93,93.79,93.92,441
1788867300,93.93,94.01,93.88,93.91,448
1788867600,93.9,93.9,93.81,93.84,356
1788867900,93.84,93.97,93.83,93.83,350
1788868200,93.85,93.98,93.76,93.79,761
1788868500,93.78,93.84,93.68,93.7,628
1788868800,93.7,93.74,93.64,93.69,516
1788869100,93.69,93.86,93.67,93.84,459
1788869400,93.85,93.92,93.84,93.86,467
1788869700,93.85,93.93,93.82,93.92,422
1788870000,93.93,93.99,93.76,93.77,574
1788870300,93.76,93.76,93.45,93.47,1484
1788870600,93.46,93.57,93.35,93.56,2162
1788870900,93.55,93.55,93.35,93.37,666
1788871200,93.37,93.43,93,93.01,3099
1788871500,93.01,93.23,92.99,93.01,1704
1788871800,93,93.14,92.93,92.99,1660
1788872100,93,93.06,92.65,92.68,2406
1788872400,92.68,92.81,92.48,92.5,3672
1788872700,92.49,92.65,92.39,92.59,2475
1788873000,92.57,92.63,92.42,92.53,1753
1788873300,92.53,92.87,92.51,92.77,2087
1788873600,92.77,93.08,92.72,93.02,1729
1788873900,93.01,93.09,92.94,93.05,1316
1788874200,93.05,93.42,93.04,93.38,2110
1788874500,93.38,93.46,93.32,93.33,1509
1788874800,93.35,93.45,93.23,93.35,1354
1788875100,93.35,93.45,93.17,93.2,1783
1788875400,93.2,93.3,93.09,93.28,1125
1788875700,93.28,93.37,93.15,93.34,832
1788876000,93.33,93.37,93.19,93.23,1052
1788876300,93.23,93.38,93.19,93.35,1466
1788876600,93.35,93.47,93.18,93.47,1694
1788876900,93.48,93.51,93.38,93.48,816
1788877200,93.47,93.52,93.41,93.46,879
1788877500,93.47,93.48,93.26,93.27,1371
1788877800,93.27,93.35,93,93,1243
1788878100,93.01,93.05,92.89,92.94,1442
1788878400,92.95,93.08,92.91,93.02,966
1788878700,93.02,93.12,92.83,92.89,1414
1788879000,92.88,92.88,92.68,92.73,1333
1788879300,92.72,92.82,92.62,92.74,1276
1788879600,92.75,92.77,92.61,92.68,1162
1788879900,92.68,93,92.68,92.95,1417
1788880200,92.96,92.96,92.7,92.87,1137
1788880500,92.88,92.88,92.68,92.88,936
1788880800,92.87,93.15,92.87,93.03,1233
1788881100,93.03,93.04,92.84,92.99,1735
1788881400,92.99,93,92.55,92.78,2269
1788881700,92.78,92.83,92.36,92.38,1911
1788882000,92.39,92.5,92.29,92.37,1967
1788882300,92.37,92.49,92.29,92.44,1091
1788882600,92.43,92.46,92.2,92.22,1553
1788882900,92.23,92.42,92.23,92.36,1312
1788883200,92.37,92.39,92.15,92.2,1725
1788883500,92.2,92.25,92.08,92.25,1389
1788883800,92.24,92.31,92.03,92.04,1105
1788884100,92.04,92.38,92.02,92.37,1366
1788884400,92.37,92.44,92.2,92.21,892
1788884700,92.21,92.38,92.12,92.15,1282
1788885000,92.15,92.22,92.09,92.22,1368
1788885300,92.23,92.32,92.18,92.24,682
1788885600,92.23,92.25,91.95,92.13,2040
1788885900,92.1,92.24,92.09,92.18,700
1788886200,92.2,92.39,92.08,92.18,2804
1788886500,92.18,92.77,92.08,92.45,5561
1788886800,92.43,92.45,91.86,91.89,4669
1788887100,91.88,92.2,91.82,92.18,2000
1788887400,92.17,92.18,92.02,92.08,652
1788887700,92.07,92.29,92.04,92.07,1008
1788888000,92.07,92.18,91.96,92.04,728
1788888300,92.05,92.15,92.03,92.07,555
1788888600,92.07,92.12,92.02,92.07,466
1788888900,92.06,92.16,92.04,92.13,514
1788889200,92.14,92.17,92.06,92.14,432
1788889500,92.15,92.29,92.12,92.26,816
1788889800,92.26,92.4,92.21,92.27,953
1788890100,92.28,92.38,92.19,92.2,1994
1788890400,92.19,92.4,92.18,92.3,1003
1788890700,92.29,92.38,92.25,92.33,452
1788891000,92.34,92.48,92.28,92.39,974
1788891300,92.37,92.83,92.22,92.78,2217
1788891600,92.79,92.99,92.72,92.98,2137
1788891900,92.97,93.11,92.87,93.02,8076
1788892200,93,93.08,92.74,92.79,1804
1788892500,92.79,92.92,92.78,92.82,410
1788892800,92.81,92.86,92.79,92.83,348
1788893100,92.84,93.81,92.76,93.49,5675
1788893400,93.48,93.93,93.27,93.77,3568
1788893700,93.77,93.81,93.53,93.59,1122
1788894000,93.6,93.67,93.53,93.61,540
1788894300,93.6,93.67,93.56,93.64,502
1788894600,93.64,93.66,93.39,93.53,1430
1788894900,93.54,93.65,93.48,93.58,421
1788895200,93.6,93.63,93.53,93.57,275
1788895500,93.56,93.67,93.43,93.51,623
1788895800,93.53,93.55,93.17,93.35,924
1788896100,93.35,93.39,93.17,93.22,482
1788896400,93.23,93.38,93.17,93.29,444
1788896700,93.29,93.38,93.27,93.37,376
1788897000,93.36,93.99,93.36,93.63,3452
1788897300,93.63,93.88,93.56,93.83,1126
1788897600,93.81,94.04,93.8,93.98,1334
1788897900,94,94.06,93.93,94.01,507
1788898200,94.03,94.15,93.99,94.05,432
1788898500,94.04,94.17,94.02,94.03,362
1788898800,94.01,94.06,93.93,94.03,204
1788899100,94.04,94.34,93.98,94.16,1176
1788899400,94.18,94.36,94.15,94.29,620
1788899700,94.3,94.3,94.15,94.22,316
1788900000,94.23,94.28,94.06,94.08,364
1788900300,94.08,94.16,94.01,94.15,415
1788900600,94.16,94.26,94.15,94.26,297
1788900900,94.26,94.32,94.24,94.25,394
1788904800,94.31,94.33,94.15,94.28,421
1788905100,94.3,94.44,94.27,94.27,325
1788905400,94.28,94.39,94.28,94.37,79
1788905700,94.36,94.47,94.25,94.3,266
1788906000,94.31,94.36,94.24,94.28,100
1788906300,94.26,94.28,94.19,94.19,122
1788906600,94.17,94.28,94.17,94.25,141
1788906900,94.24,94.25,94.19,94.2,63
1788907200,94.2,94.24,94.19,94.24,87
1788907500,94.24,94.24,94.18,94.2,109
1788907800,94.18,94.24,94.15,94.24,56
1788908100,94.22,94.23,94.18,94.2,31
1788908400,94.21,94.31,94.2,94.24,78
1788908700,94.26,94.31,94.26,94.29,38
1788909000,94.28,94.29,94.25,94.28,17
1788909300,94.29,94.37,94.29,94.37,135
1788909600,94.35,94.37,94.31,94.32,60
1788909900,94.31,94.34,94.3,94.32,23
1788910200,94.36,94.41,94.34,94.4,72
1788910500,94.4,94.54,94.39,94.54,143
1788910800,94.54,94.54,94.48,94.53,165
1788911100,94.54,94.58,94.54,94.57,128
1788911400,94.57,94.78,94.56,94.61,531
1788911700,94.62,94.68,94.56,94.61,137
1788912000,94.59,94.66,94.47,94.5,761
1788912300,94.5,94.52,94.4,94.44,291
1788912600,94.45,94.5,94.33,94.45,246
1788912900,94.46,94.61,94.45,94.49,207
1788913200,94.48,94.73,94.47,94.64,412
1788913500,94.62,94.68,94.5,94.5,201
1788913800,94.5,94.57,94.5,94.55,86
1788914100,94.57,94.62,94.55,94.58,90
1788914400,94.61,94.68,94.55,94.62,162
1788914700,94.64,94.69,94.62,94.65,126
1788915000,94.65,94.65,94.55,94.55,201
1788915300,94.56,94.61,94.49,94.52,306
1788915600,94.54,94.78,94.47,94.69,1168
1788915900,94.67,94.77,94.59,94.62,409
1788916200,94.63,94.63,94.39,94.47,430
1788916500,94.48,94.57,94.26,94.31,508
1788916800,94.34,94.53,94.34,94.47,218
1788917100,94.46,94.52,94.39,94.51,259
1788917400,94.52,94.57,94.48,94.56,197
1788917700,94.57,94.57,94.4,94.44,200
1788918000,94.45,94.47,94.39,94.4,133
1788918300,94.39,94.42,94.33,94.34,174
1788918600,94.37,94.42,94.29,94.32,186
1788918900,94.32,94.38,94.25,94.34,215
1788919200,94.33,94.41,94.32,94.37,106
1788919500,94.38,94.42,94.31,94.38,69
1788919800,94.39,94.52,94.3,94.42,317
1788920100,94.43,94.47,94.38,94.41,145
1788920400,94.4,94.41,94.35,94.35,94
1788920700,94.35,94.37,94.19,94.22,415
1788921000,94.22,94.32,94.21,94.32,152
1788921300,94.35,94.46,94.34,94.42,174
1788921600,94.43,94.44,94.3,94.35,187
1788921900,94.35,94.36,94.27,94.33,142
1788922200,94.34,94.4,94.28,94.29,86
1788922500,94.3,94.37,94.24,94.37,109
1788922800,94.36,94.63,94.34,94.51,443
1788923100,94.52,94.68,94.45,94.65,311
1788923400,94.65,94.67,94.5,94.56,175
1788923700,94.55,94.65,94.54,94.56,132
1788924000,94.55,94.59,94.41,94.45,146
1788924300,94.46,94.46,94.37,94.42,194
1788924600,94.41,94.48,94.34,94.42,779
1788924900,94.41,94.41,94.19,94.22,406
1788925200,94.23,94.27,94.2,94.25,126
1788925500,94.24,94.26,94.2,94.24,128
1788925800,94.24,94.26,94.15,94.16,161
1788926100,94.16,94.18,94.13,94.17,154
1788926400,94.17,94.2,94.15,94.17,127
1788926700,94.18,94.27,94.18,94.25,124
1788927000,94.25,94.25,94.14,94.18,89
1788927300,94.18,94.19,94.13,94.17,77
1788927600,94.17,94.18,94.03,94.06,248
1788927900,94.07,94.1,94.01,94.01,191
1788928200,94.02,94.04,93.97,93.99,115
1788928500,93.98,94.03,93.97,94.03,105
1788928800,94.03,94.1,93.98,94.09,128
1788929100,94.1,94.1,94.01,94.03,90
1788929400,94.04,94.07,94,94.05,217
1788929700,94.04,94.06,93.99,93.99,96
1788930000,94,94.06,93.94,94.04,158
1788930300,94.04,94.04,93.88,93.88,216
1788930600,93.89,93.97,93.88,93.97,89
1788930900,93.97,94,93.91,93.96,69
1788931200,93.96,93.97,93.91,93.92,82
1788931500,93.92,93.95,93.89,93.94,113
1788931800,93.92,94.03,93.81,93.99,359
1788932100,94,94.03,93.76,93.88,373
1788932400,93.87,93.95,93.85,93.89,123
1788932700,93.88,93.96,93.8,93.86,146
1788933000,93.87,93.88,93.78,93.83,163
1788933300,93.84,93.93,93.78,93.84,145
1788933600,93.84,93.94,93.83,93.88,225
1788933900,93.9,94.03,93.87,94.02,367
1788934200,94.03,94.15,94.01,94.07,354
1788934500,94.07,94.23,94.07,94.23,345
1788934800,94.22,94.26,94.17,94.25,361
1788935100,94.25,94.38,94.24,94.33,490
1788935400,94.32,94.47,94.3,94.44,589
1788935700,94.45,94.47,94.26,94.26,312
1788936000,94.25,94.45,94.24,94.45,294
1788936300,94.44,94.49,94.29,94.32,341
1788936600,94.31,94.35,94.25,94.31,151
1788936900,94.32,94.34,94.22,94.22,234
1788937200,94.23,94.42,94.13,94.33,616
1788937500,94.32,94.35,94.22,94.3,275
1788937800,94.28,94.4,94.21,94.38,290
1788938100,94.38,94.85,94.36,94.84,1486
1788938400,94.83,94.83,94.62,94.67,724
1788938700,94.68,94.72,94.54,94.57,619
1788939000,94.57,94.71,94.54,94.56,531
1788939300,94.56,94.56,94.09,94.14,1511
1788939600,94.14,94.33,94.12,94.25,680
1788939900,94.25,94.49,94.23,94.44,606
1788940200,94.45,94.54,94.43,94.5,412
1788940500,94.48,94.53,94.42,94.47,271
1788940800,94.47,94.63,94.36,94.4,780
1788941100,94.4,94.6,94.31,94.35,735
1788941400,94.37,94.37,94.16,94.28,787
1788941700,94.28,94.32,94.18,94.26,534
1788942000,94.25,94.34,94.11,94.34,823
1788942300,94.34,94.36,94.16,94.3,934
1788942600,94.31,94.49,94.31,94.49,765
1788942900,94.49,94.88,94.47,94.82,1022
1788943200,94.84,94.89,94.56,94.85,1023
1788943500,94.85,94.85,94.6,94.65,467
1788943800,94.64,94.69,94.53,94.61,486
1788944100,94.62,94.71,94.54,94.69,393
1788944400,94.7,94.97,94.7,94.88,1318
1788944700,94.88,95.06,94.82,95.01,1255
1788945000,95.01,95.05,94.73,94.75,1186
1788945300,94.76,94.93,94.75,94.9,652
1788945600,94.9,95.06,94.9,95.04,1104
1788945900,95.04,95.08,94.91,95.04,601
1788946200,95.05,95.11,94.82,94.98,896
1788946500,94.98,95.18,94.96,95.04,1017
1788946800,95.05,95.16,95.05,95.09,609
1788947100,95.11,95.19,95.02,95.09,575
1788947400,95.09,95.26,95.03,95.25,882
1788947700,95.26,95.57,95.2,95.44,2936
1788948000,95.45,95.56,95.13,95.13,1382
1788948300,95.13,95.23,95.09,95.17,645
1788948600,95.17,95.29,95.11,95.18,599
1788948900,95.17,95.25,95.06,95.07,443
1788949200,95.06,95.24,95.06,95.21,483
1788949500,95.21,95.3,95.19,95.23,356
1788949800,95.25,95.39,95.16,95.2,553
1788950100,95.21,95.26,95.11,95.17,287
1788950400,95.17,95.31,95.16,95.23,284
1788950700,95.24,95.28,95.12,95.12,496
1788951000,95.12,95.13,94.86,94.88,1311
1788951300,94.87,95,94.81,94.92,645
1788951600,94.91,95.06,94.85,95.01,531
1788951900,95,95.07,94.96,95,359
1788952200,95.01,95.06,94.93,95.01,432
1788952500,95.01,95.24,95,95.2,654
1788952800,95.23,95.35,95.16,95.18,1157
1788953100,95.18,95.39,95.18,95.35,655
1788953400,95.34,95.61,95.32,95.45,1346
1788953700,95.44,95.63,95.42,95.6,740
1788954000,95.6,95.65,95.49,95.6,858
1788954300,95.6,95.61,95,95.07,2869
1788954600,95.07,95.31,94.89,95.28,3343
1788954900,95.28,95.52,95.28,95.52,905
1788955200,95.52,95.65,95.4,95.58,1259
1788955500,95.57,95.71,95.53,95.57,1063
1788955800,95.58,95.8,95.56,95.71,1077
1788956100,95.7,95.8,95.68,95.7,1089
1788956400,95.71,95.72,95.55,95.6,933
1788956700,95.6,95.94,95.59,95.94,1599
1788957000,95.94,95.96,95.8,95.88,1227
1788957300,95.88,95.92,95.76,95.85,842
1788957600,95.85,95.98,95.77,95.83,1009
1788957900,95.83,95.86,95.71,95.77,714
1788958200,95.77,95.84,95.74,95.82,678
1788958500,95.81,95.91,95.7,95.9,1013
1788958800,95.9,96.05,95.51,95.55,3055
1788959100,95.56,95.73,95.45,95.71,1535
1788959400,95.7,95.88,95.7,95.75,1281
1788959700,95.74,95.8,95.61,95.68,1584
1788960000,95.67,95.99,95.66,95.82,1772
1788960300,95.81,95.96,95.67,95.88,1579
1788960600,95.88,95.96,95.72,95.75,2225
1788960900,95.75,96.1,95.72,95.77,1833
1788961200,95.76,95.93,95.6,95.71,1219
1788961500,95.73,95.79,95.55,95.75,1205
1788961800,95.73,95.8,95.65,95.78,812
1788962100,95.78,95.87,95.7,95.73,1026
1788962400,95.72,95.85,95.58,95.68,1777
1788962700,95.69,95.88,95.67,95.8,1064
1788963000,95.8,95.8,95.57,95.6,1044
1788963300,95.59,96.14,95.57,96.03,2853
1788963600,96.03,96.43,95.95,96.38,4038
1788963900,96.39,96.43,95.89,95.9,3251
1788964200,95.9,96.14,95.86,96.03,1689
1788964500,96.04,96.09,95.87,95.95,1503
1788964800,95.96,96.14,95.89,96.14,1400
1788965100,96.14,96.26,96.08,96.2,1298
1788965400,96.2,96.35,96.11,96.25,1299
1788965700,96.24,96.34,96.2,96.23,994
1788966000,96.24,96.37,96.18,96.37,1317
1788966300,96.38,96.52,96.28,96.39,1881
1788966600,96.38,96.53,96.33,96.52,1100
1788966900,96.52,96.56,96.34,96.54,1026
1788967200,96.55,96.61,96.49,96.54,1978
1788967500,96.55,96.68,96.5,96.5,2010
1788967800,96.51,96.62,96.39,96.47,1761
1788968100,96.48,96.53,96.2,96.31,1817
1788968400,96.3,96.62,96.23,96.46,1688
1788968700,96.45,96.48,96.31,96.33,763
1788969000,96.33,96.42,96.29,96.41,858
1788969300,96.41,96.52,96.37,96.51,1345
1788969600,96.52,96.54,96.35,96.41,1149
1788969900,96.41,96.82,96.39,96.66,3195
1788970200,96.67,96.68,96.45,96.46,1048
1788970500,96.47,96.48,96.28,96.4,1350
1788970800,96.41,96.42,96.09,96.15,1346
1788971100,96.15,96.36,96.08,96.25,1600
1788971400,96.25,96.33,96.19,96.26,841
1788971700,96.25,96.26,95.79,95.84,2502
1788972000,95.84,95.84,95.65,95.75,2900
1788972300,95.75,95.82,95.65,95.68,1009
1788972600,95.67,95.81,95.64,95.68,1048
1788972900,95.67,95.71,95.54,95.55,1024
1788973200,95.55,95.57,95.25,95.36,1993
1788973500,95.36,95.43,95.23,95.32,1266
1788973800,95.32,95.38,95.2,95.27,1026
1788974100,95.26,95.39,95.15,95.37,1084
1788974400,95.38,95.43,95.25,95.35,1310
1788974700,95.34,95.66,95.34,95.66,1229
1788975000,95.65,95.88,95.65,95.85,1787
1788975300,95.85,95.93,95.75,95.81,1687
1788975600,95.8,95.8,95.62,95.68,944
1788975900,95.67,95.77,95.65,95.72,488
1788976200,95.7,95.76,95.62,95.74,930
1788976500,95.75,96.01,95.73,95.98,1320
1788976800,95.98,96.06,95.82,96,1478
1788977100,95.99,96.2,95.97,96.15,1545
1788977400,96.16,96.22,96.08,96.12,1027
1788977700,96.13,96.22,96.02,96.03,1040
1788978000,96.03,96.13,95.96,96.01,1204
1788978300,96,96.15,95.8,96.07,6528
1788978600,96.07,96.17,95.94,95.99,3171
1788978900,95.98,96.03,95.79,96.01,894
1788979200,96.01,96.32,95.99,96.32,1633
1788979500,96.31,96.44,96.27,96.29,1632
1788979800,96.3,96.46,96.3,96.42,597
1788980100,96.42,96.58,96.41,96.58,1529
1788980400,96.57,96.57,96.43,96.48,484
1788980700,96.49,96.51,96.38,96.44,592
1788981000,96.44,96.45,96.36,96.39,385
1788981300,96.39,96.42,96.32,96.35,309
1788981600,96.37,96.43,96.33,96.34,238
1788981900,96.34,96.35,96.27,96.33,239
1788982200,96.33,96.36,96.27,96.29,228
1788982500,96.29,96.46,96.29,96.42,317
1788982800,96.43,96.48,96.43,96.47,262
1788983100,96.47,96.61,96.45,96.61,370
1788983400,96.62,96.66,96.55,96.6,392
1788983700,96.59,96.68,96.59,96.66,324
1788984000,96.66,96.79,96.64,96.77,368
1788984300,96.77,96.89,96.7,96.87,582
1788984600,96.88,96.93,96.76,96.88,460
1788984900,96.86,96.87,96.81,96.84,183
1788985200,96.84,96.86,96.8,96.83,137
1788985500,96.81,96.82,96.73,96.74,299
1788985800,96.73,96.75,96.62,96.63,395
1788986100,96.65,96.67,96.59,96.67,188
1788986400,96.67,96.71,96.62,96.64,132
1788986700,96.65,96.68,96.63,96.68,115
1788987000,96.7,96.74,96.62,96.66,392
1788987300,96.67,96.73,96.63,96.67,285
1788991200,96.88,97.79,96.79,97.35,1716
1788991500,97.36,97.66,97.16,97.18,560
1788991800,97.17,97.23,97.11,97.21,205
1788992100,97.22,97.22,97.1,97.12,149
1788992400,97.1,97.13,96.99,97.03,324
1788992700,97.03,97.06,96.94,97.02,137
1788993000,97.02,97.14,97,97.06,143
1788993300,97.06,97.09,97.02,97.02,73
1788993600,97.01,97.04,96.93,96.93,88
1788993900,96.95,97.02,96.93,96.98,51
1788994200,96.98,97.01,96.96,96.99,84
1788994500,96.97,97.07,96.95,96.97,99
1788994800,96.96,97.05,96.93,97.05,53
1788995100,97.04,97.08,97,97.06,65
1788995400,97.05,97.14,97.04,97.14,75
1788995700,97.13,97.2,97.1,97.14,128
1788996000,97.15,97.16,97.1,97.13,32
1788996300,97.14,97.17,97.09,97.09,50
1788996600,97.08,97.14,97.07,97.13,59
1788996900,97.14,97.16,97.13,97.14,55
1788997200,97.15,97.2,97.14,97.15,83
1788997500,97.16,97.19,97.14,97.15,52
1788997800,97.15,97.16,97.05,97.07,74
1788998100,97.07,97.1,97,97.02,132
1788998400,97.02,97.1,96.95,97.03,410
1788998700,97.04,97.04,96.85,96.9,235
1788999000,96.9,96.9,96.71,96.77,316
1788999300,96.75,96.78,96.54,96.55,422
1788999600,96.56,96.67,96.51,96.59,262
1788999900,96.6,96.69,96.53,96.69,232
1789000200,96.7,96.73,96.53,96.64,222
1789000500,96.64,96.73,96.55,96.56,176
1789000800,96.57,96.62,96.55,96.57,110
1789001100,96.57,96.67,96.57,96.64,170
1789001400,96.65,96.72,96.56,96.6,628
1789001700,96.58,96.6,96.41,96.42,536
1789002000,96.42,96.59,96.42,96.51,340
1789002300,96.53,96.66,96.49,96.64,278
1789002600,96.64,96.73,96.5,96.55,268
1789002900,96.54,96.81,96.54,96.64,410
1789003200,96.64,96.82,96.61,96.81,249
1789003500,96.81,96.92,96.76,96.79,337
1789003800,96.8,96.82,96.66,96.71,259
1789004100,96.71,96.87,96.7,96.85,186
1789004400,96.85,96.88,96.71,96.78,172
1789004700,96.79,96.8,96.53,96.57,222
1789005000,96.56,96.56,96.32,96.34,425
1789005300,96.34,96.47,96.26,96.44,481
1789005600,96.43,96.48,96.33,96.37,194
1789005900,96.35,96.4,96.24,96.29,230
1789006200,96.3,96.41,96.29,96.39,139
1789006500,96.38,96.5,96.37,96.42,120
1789006800,96.43,96.5,96.4,96.48,54
1789007100,96.49,96.51,96.43,96.44,107
1789007400,96.45,96.51,96.38,96.38,162
1789007700,96.38,96.41,96.3,96.38,163
1789008000,96.37,96.4,96.14,96.23,416
1789008300,96.22,96.28,96.14,96.19,258
1789008600,96.19,96.29,96.11,96.16,240
1789008900,96.16,96.3,96.13,96.21,204
1789009200,96.22,96.22,95.94,96,497
1789009500,96.01,96.07,95.95,96.03,232
1789009800,96.03,96.13,96.03,96.09,267
1789010100,96.07,96.09,95.98,96,150
1789010400,96.02,96.12,95.99,96.05,161
1789010700,96.02,96.11,95.98,96.08,264
1789011000,96.08,96.1,95.99,96.02,180
1789011300,96.03,96.14,96.01,96.13,228
1789011600,96.12,96.19,96.09,96.14,186
1789011900,96.15,96.15,96.06,96.1,116
1789012200,96.11,96.12,96.04,96.07,147
1789012500,96.08,96.1,96.05,96.06,89
1789012800,96.06,96.13,96.06,96.12,149
1789013100,96.12,96.19,96.11,96.15,123
1789013400,96.14,96.15,96.06,96.08,111
1789013700,96.08,96.18,96.07,96.12,84
1789014000,96.13,96.14,96.1,96.1,40
1789014300,96.11,96.13,96.09,96.12,56
1789014600,96.13,96.17,96.13,96.15,43
1789014900,96.15,96.15,96.08,96.13,58
1789015200,96.11,96.19,96.1,96.18,55
1789015500,96.18,96.18,96.12,96.14,65
1789015800,96.15,96.2,96.1,96.17,126
1789016100,96.16,96.16,96.08,96.08,70
1789016400,96.09,96.19,96.07,96.16,190
1789016700,96.16,96.19,96.1,96.12,95
1789017000,96.12,96.13,95.91,95.94,212
1789017300,95.95,96.04,95.94,96.01,131
1789017600,96.02,96.07,96.01,96.03,81
1789017900,96.01,96.03,95.8,95.81,392
1789018200,95.83,95.83,95.4,95.54,1425
1789018500,95.55,95.73,95.5,95.73,481
1789018800,95.71,95.75,95.6,95.69,429
1789019100,95.64,95.65,95.48,95.58,353
1789019400,95.58,95.73,95.55,95.73,311
1789019700,95.72,95.78,95.52,95.59,392
1789020000,95.56,95.68,95.4,95.42,452
1789020300,95.42,95.56,95.41,95.55,254
1789020600,95.54,95.56,95.45,95.52,164
1789020900,95.52,95.63,95.46,95.58,238
1789021200,95.58,95.64,95.53,95.62,197
1789021500,95.61,95.62,95.37,95.43,511
1789021800,95.43,95.55,95.43,95.51,194
1789022100,95.52,95.56,95.39,95.43,181
1789022400,95.43,95.59,95.43,95.52,415
1789022700,95.5,95.54,95.42,95.48,395
1789023000,95.48,95.77,95.46,95.72,1009
1789023300,95.72,95.8,95.66,95.68,505
1789023600,95.68,95.83,95.63,95.83,462
1789023900,95.84,95.88,95.74,95.8,569
1789024200,95.82,95.92,95.67,95.89,457
1789024500,95.89,95.96,95.8,95.86,469
1789024800,95.84,95.99,95.78,95.98,548
1789025100,95.97,96.29,95.94,96.27,992
1789025400,96.26,96.43,96.18,96.39,1105
1789025700,96.37,96.4,96.17,96.29,488
1789026000,96.3,96.31,96.2,96.23,369
1789026300,96.23,96.34,96.18,96.28,430
1789026600,96.27,96.35,96.25,96.3,276
1789026900,96.29,96.32,96.19,96.28,257
1789027200,96.3,96.4,96.23,96.31,539
1789027500,96.32,96.51,96.32,96.51,548
1789027800,96.49,96.6,96.39,96.53,867
1789028100,96.54,96.68,96.52,96.59,579
1789028400,96.6,96.67,96.49,96.63,521
1789028700,96.62,96.77,96.48,96.61,1545
1789029000,96.61,96.99,96.58,96.87,1749
1789029300,96.87,97.02,96.8,96.97,801
1789029600,96.97,97.02,96.9,96.97,537
1789029900,96.97,97.14,96.89,97.13,1044
1789030200,97.12,97.29,97.08,97.27,1056
1789030500,97.28,97.51,97.27,97.45,1036
1789030800,97.46,97.47,97.18,97.19,954
1789031100,97.2,97.31,97.05,97.26,696
1789031400,97.26,97.27,97.15,97.21,532
1789031700,97.21,97.27,97.19,97.23,308
1789032000,97.22,97.27,97.15,97.27,315
1789032300,97.27,97.62,97.27,97.61,1096
1789032600,97.61,97.79,97.61,97.67,876
1789032900,97.67,97.72,97.59,97.68,527
1789033200,97.69,97.84,97.58,97.58,698
1789033500,97.58,97.63,97.49,97.5,721
1789033800,97.51,97.67,97.51,97.65,622
1789034100,97.65,97.78,97.63,97.67,689
1789034400,97.67,97.67,97.47,97.49,656
1789034700,97.49,97.52,97.4,97.51,566
1789035000,97.5,97.52,97.35,97.47,691
1789035300,97.49,97.53,97.32,97.33,577
1789035600,97.32,97.44,97.28,97.34,605
1789035900,97.34,97.42,97.21,97.35,526
1789036200,97.35,97.51,97.2,97.2,543
1789036500,97.21,97.28,97.04,97.09,687
1789036800,97.08,97.08,96.91,97.02,790
1789037100,97.02,97.18,96.99,97.09,419
1789037400,97.08,97.22,97.03,97.22,393
1789037700,97.22,97.29,96.65,97.23,3818
1789038000,97.22,97.6,97.21,97.5,1681
1789038300,97.49,97.66,97.43,97.63,653
1789038600,97.65,97.76,97.45,97.53,955
1789038900,97.52,97.62,97.42,97.47,550
1789039200,97.46,97.49,97.33,97.44,479
1789039500,97.44,97.49,97.37,97.47,370
1789039800,97.47,97.47,97.23,97.24,482
1789040100,97.25,97.29,97.12,97.13,519
1789040400,97.13,97.5,97.12,97.42,989
1789040700,97.44,97.58,97.38,97.52,505
1789041000,97.52,97.71,97.38,97.7,864
1789041300,97.71,98.59,97.71,98.58,5098
1789041600,98.57,98.96,98.41,98.9,2941
1789041900,98.88,99.24,98.86,99.08,3464
1789042200,99.06,99.28,98.94,99.25,1686
1789042500,99.23,99.35,98.81,98.97,2385
1789042800,98.95,99.52,98.87,99.42,2221
1789043100,99.42,99.9,99.34,99.89,2402
1789043400,99.88,100.44,99.69,100.39,4850
1789043700,100.4,100.65,100,100.52,3265
1789044000,100.52,100.88,100.41,100.51,3468
1789044300,100.51,100.64,100.1,100.11,3566
1789044600,100.11,100.35,99.97,100.21,3508
1789044900,100.22,100.37,100.05,100.07,2813
1789045200,100.06,100.09,99.49,99.78,5245
1789045500,99.78,100.25,99.76,100.07,3952
1789045800,100.06,100.29,99.99,100.25,2738
1789046100,100.24,100.28,100.04,100.08,2001
1789046400,100.08,100.15,99.94,100.09,1585
1789046700,100.1,100.15,99.92,100.01,2277
1789047000,100.01,100.03,99.62,99.68,2333
1789047300,99.69,99.75,99.35,99.39,2410
1789047600,99.4,99.63,99.33,99.49,2133
1789047900,99.49,99.54,99.17,99.25,2565
1789048200,99.24,99.52,99.2,99.52,3021
1789048500,99.52,99.53,99.17,99.29,1227
1789048800,99.3,99.48,99.15,99.44,1702
1789049100,99.43,99.66,99.36,99.46,1968
1789049400,99.46,99.65,99.33,99.61,1407
1789049700,99.6,99.7,99.03,99.19,2462
1789050000,99.18,99.5,98.67,98.85,3079
1789050300,98.86,99.07,98.57,98.98,4921
1789050600,98.98,99.41,98.94,99.29,1820
1789050900,99.28,99.46,99.14,99.39,1415
1789051200,99.4,99.77,99.31,99.65,1888
1789051500,99.68,99.99,99.64,99.85,1520
1789051800,99.84,100.03,99.78,99.91,1762
1789052100,99.92,100.09,99.72,99.77,2130
1789052400,99.76,100.14,99.72,100.09,2325
1789052700,100.08,100.2,100,100.15,1048
1789053000,100.17,100.17,100.02,100.08,1244
1789053300,100.1,100.33,100.03,100.28,2387
1789053600,100.28,100.47,100.26,100.29,1978
1789053900,100.29,100.54,100.21,100.35,2435
1789054200,100.35,100.56,100.24,100.46,2411
1789054500,100.46,100.91,100.39,100.76,3121
1789054800,100.76,100.83,100.55,100.74,2318
1789055100,100.74,101.22,100.73,101.21,2501
1789055400,101.21,101.56,101.15,101.52,3832
1789055700,101.51,101.73,101.44,101.67,2906
1789056000,101.64,101.72,101.21,101.59,3293
1789056300,101.6,101.67,101.39,101.58,2441
1789056600,101.57,101.89,101.48,101.87,2553
1789056900,101.87,102.07,101.78,101.8,2792
1789057200,101.8,101.98,101.6,101.75,2233
1789057500,101.75,101.85,101.53,101.64,1700
1789057800,101.64,102.6,101.41,101.95,4227
1789058100,101.96,102.2,101.63,101.73,2951
1789058400,101.74,101.74,101.37,101.38,1990
1789058700,101.38,101.4,101.14,101.35,2548
1789059000,101.35,101.63,101.34,101.48,1974
1789059300,101.47,101.59,101.24,101.36,1489
1789059600,101.38,101.66,101.26,101.41,1714
1789059900,101.42,101.73,101.4,101.71,1764
1789060200,101.7,101.76,101.55,101.66,1393
1789060500,101.68,101.88,101.67,101.79,1281
1789060800,101.78,101.87,101.49,101.79,1533
1789061100,101.78,101.89,101.71,101.75,1150
1789061400,101.75,102.02,101.75,101.99,1486
1789061700,101.98,102.05,101.91,101.97,1329
1789062000,101.97,101.99,101.68,101.72,1226
1789062300,101.73,101.92,101.72,101.85,1247
1789062600,101.85,102.02,101.64,101.86,1808
1789062900,101.85,101.99,101.84,101.97,782
1789063200,101.96,102.13,101.9,102.07,1693
1789063500,102.06,102.64,102.02,102.6,2794
1789063800,102.61,102.94,102.6,102.94,3336
1789064100,102.94,103.06,102.68,102.93,3066
1789064400,102.93,102.95,102.62,102.74,3179
1789064700,102.73,102.91,102.34,102.39,8423
1789065000,102.39,102.41,101.96,102.01,3185
1789065300,102,102.25,101.97,101.99,2018
1789065600,101.99,102.05,101.9,101.98,1014
1789065900,101.99,102.14,101.74,101.86,1481
1789066200,101.86,101.95,101.41,101.66,2513
1789066500,101.67,101.99,101.56,101.96,931
1789066800,101.98,102.35,101.98,102.35,1170
1789067100,102.34,102.35,101.97,102.06,1381
1789067400,102.04,102.33,102.01,102.26,947
1789067700,102.26,102.64,102.18,102.58,1038
1789068000,102.59,102.63,102.48,102.59,744
1789068300,102.57,102.72,102.53,102.69,640
1789068600,102.68,102.76,102.64,102.69,599
1789068900,102.7,102.85,102.69,102.74,635
1789069200,102.74,102.88,102.72,102.84,536
1789069500,102.84,102.93,102.64,102.69,783
1789069800,102.7,102.71,102.59,102.6,627
1789070100,102.6,102.77,102.58,102.76,392
1789070400,102.75,103.08,102.72,102.94,720
1789070700,102.94,102.99,102.81,102.94,436
1789071000,102.94,103.01,102.87,102.9,369
1789071300,102.89,102.94,102.83,102.91,187
1789071600,102.9,103.12,102.88,103.03,489
1789071900,103.05,103.13,102.98,103.08,327
1789072200,103.08,103.53,103.07,103.43,958
1789072500,103.43,103.75,103.43,103.68,1026
1789072800,103.68,103.89,103.56,103.86,891
1789073100,103.86,104,103.78,103.91,689
1789073400,103.9,103.97,103.8,103.85,398
1789073700,103.85,104.04,103.81,103.93,933
1789077600,104.32,104.44,103.92,104.23,1846
1789077900,104.21,104.26,103.89,103.96,343
1789078200,103.94,104.11,103.86,104.02,447
1789078500,104.03,104.05,103.91,103.91,147
1789078800,103.9,104.03,103.77,103.96,292
1789079100,103.95,104.08,103.9,104.06,179
1789079400,104.06,104.06,103.91,104.01,118
1789079700,104.01,104.05,103.95,103.98,159
1789080000,103.97,103.98,103.84,103.92,154
1789080300,103.93,103.93,103.83,103.87,172
1789080600,103.87,104.03,103.86,104.03,144
1789080900,104,104,103.86,103.86,104
1789081200,103.88,103.9,103.79,103.8,228
1789081500,103.8,103.82,103.74,103.78,83
1789081800,103.77,103.83,103.62,103.66,155
1789082100,103.66,103.74,103.65,103.71,107
1789082400,103.72,103.87,103.72,103.84,121
1789082700,103.83,103.89,103.8,103.85,61
1789083000,103.84,103.84,103.7,103.84,192
1789083300,103.82,103.97,103.76,103.97,132
1789083600,103.97,104.34,103.97,104.29,456
1789083900,104.27,104.35,104.15,104.19,376
1789084200,104.19,104.32,104.16,104.25,211
1789084500,104.24,104.46,104.22,104.27,637
1789084800,104.28,104.43,103.29,103.3,2345
1789085100,103.31,103.35,102.74,103.06,1502
1789085400,103.07,103.35,102.99,103.17,926
1789085700,103.18,103.22,102.97,103.03,402
1789086000,103.02,103.28,103,103.28,425
1789086300,103.26,103.3,102.99,102.99,643
1789086600,102.98,103.1,102.97,103.04,351
1789086900,103.06,103.15,102.95,103.07,200
1789087200,103.1,103.34,103.05,103.28,418
1789087500,103.28,103.48,103.2,103.45,399
1789087800,103.44,103.47,103.26,103.34,367
1789088100,103.34,103.37,103.11,103.17,353
1789088400,103.18,103.23,102.38,102.44,1644
1789088700,102.45,102.62,102.35,102.41,1078
1789089000,102.39,102.46,102.23,102.44,863
1789089300,102.41,102.64,102.3,102.56,524
1789089600,102.58,102.63,102.44,102.61,333
1789089900,102.62,102.62,102.47,102.57,343
1789090200,102.57,102.6,102.25,102.36,463
1789090500,102.35,102.37,102.16,102.34,487
1789090800,102.34,102.6,102.32,102.44,638
1789091100,102.45,102.62,102.44,102.6,343
1789091400,102.62,102.79,102.57,102.7,376
1789091700,102.69,102.85,102.61,102.62,442
1789092000,102.59,102.88,102.45,102.74,427
1789092300,102.72,102.95,102.64,102.9,652
1789092600,102.89,102.96,102.81,102.83,315
1789092900,102.83,102.9,102.71,102.71,268
1789093200,102.72,102.76,102.65,102.66,227
1789093500,102.66,102.82,102.66,102.73,221
1789093800,102.69,102.84,102.59,102.65,501
1789094100,102.66,102.68,102.54,102.6,228
1789094400,102.6,102.79,102.49,102.75,472
1789094700,102.74,102.88,102.59,102.62,354
1789095000,102.61,102.72,102.48,102.69,278
1789095300,102.68,102.92,102.68,102.91,407
1789095600,102.92,102.97,102.75,102.87,349
1789095900,102.87,103.16,102.87,103.09,705
1789096200,103.08,103.23,102.96,102.96,343
1789096500,102.98,103.12,102.97,103.09,232
1789096800,103.08,103.15,103.03,103.13,250
1789097100,103.13,103.22,103.09,103.12,459
1789097400,103.12,103.24,102.93,103.13,650
1789097700,103.13,103.15,102.92,103.01,337
1789098000,103.02,103.02,102.8,103.01,328
1789098300,103.02,103.43,103,103.42,486
1789098600,103.42,103.46,103.27,103.28,351
1789098900,103.28,103.33,103.18,103.31,281
1789099200,103.32,103.48,103,103.17,1194
1789099500,103.16,103.21,102.62,102.67,1179
1789099800,102.66,102.77,102.33,102.38,1144
1789100100,102.39,102.65,102.39,102.51,355
1789100400,102.51,102.51,102.35,102.44,265
1789100700,102.44,102.5,102.37,102.41,354
1789101000,102.41,102.54,102.38,102.46,203
1789101300,102.47,102.7,102.41,102.66,257
1789101600,102.66,102.69,102.47,102.56,264
1789101900,102.55,102.55,102.27,102.31,565
1789102200,102.31,102.35,102.12,102.31,677
1789102500,102.28,102.34,102.07,102.33,584
1789102800,102.33,102.36,102.13,102.18,373
1789103100,102.18,102.34,101.77,102.2,1936
1789103400,102.21,102.25,101.57,101.63,1323
1789103700,101.61,101.98,101.57,101.94,662
1789104000,101.97,102.04,101.85,101.92,533
1789104300,101.93,101.96,101.79,101.92,398
1789104600,101.89,101.89,101.48,101.53,948
1789104900,101.53,101.53,101.11,101.12,1850
1789105200,101.14,101.25,101.05,101.14,1418
1789105500,101.13,101.41,100.9,100.94,1806
1789105800,100.95,101.17,100.91,101.13,892
1789106100,101.13,101.42,101.1,101.38,891
1789106400,101.37,101.43,100.95,101.04,1047
1789106700,101.04,101.08,100.85,100.99,903
1789107000,100.95,101.23,100.73,100.94,1855
1789107300,100.94,101.35,100.93,101.28,939
1789107600,101.28,101.41,101.12,101.13,686
1789107900,101.12,101.27,101.06,101.12,445
1789108200,101.11,101.34,101.01,101.2,823
1789108500,101.2,101.26,100.88,100.99,765
1789108800,100.98,101.35,100.92,101.19,649
1789109100,101.21,101.25,100.9,101.09,541
1789109400,101.09,101.19,100.98,101.13,451
1789109700,101.14,101.29,101.06,101.09,360
1789110000,101.08,101.11,100.76,100.88,1370
1789110300,100.86,100.87,100.63,100.63,1452
1789110600,100.62,100.69,100.37,100.66,1513
1789110900,100.66,100.8,100.56,100.68,666
1789111200,100.68,100.98,100.6,100.72,869
1789111500,100.72,101.02,100.6,101.01,1044
1789111800,101,101.11,100.79,101.09,1016
1789112100,101.07,101.22,100.99,101.16,1139
1789112400,101.17,101.22,100.97,101.01,894
1789112700,101.02,101.16,100.89,101.14,509
1789113000,101.13,101.28,101.06,101.23,842
1789113300,101.21,101.21,100.98,101.03,574
1789113600,101.02,101.08,100.68,100.99,1148
1789113900,100.98,101.19,100.89,101.15,760
1789114200,101.13,101.33,100.87,100.88,2018
1789114500,100.89,100.91,100.2,100.53,1896
1789114800,100.54,100.75,100.08,100.44,2804
1789115100,100.43,100.73,100.35,100.65,1928
1789115400,100.64,100.72,99.91,100.02,2707
1789115700,100,100.31,99.98,100.13,1436
1789116000,100.12,100.15,99.87,100.12,1347
1789116300,100.09,100.13,99.81,99.98,1057
1789116600,99.97,100.01,99.76,99.93,1406
1789116900,99.93,100.03,99.8,99.84,931
1789117200,99.83,100.07,99.5,100.03,1916
1789117500,100.03,100.3,100,100.3,1032
1789117800,100.28,100.38,100.16,100.38,960
1789118100,100.39,100.5,100.23,100.3,1063
1789118400,100.32,100.34,100.19,100.28,431
1789118700,100.28,100.32,100,100.07,727
1789119000,100.05,100.19,99.86,99.87,583
1789119300,99.87,99.9,99.61,99.69,1418
1789119600,99.69,99.84,99.52,99.83,942
1789119900,99.81,99.96,99.78,99.78,724
1789120200,99.8,99.83,99.58,99.63,780
1789120500,99.64,99.82,99.44,99.81,1392
1789120800,99.82,100.3,99.12,99.2,4722
1789121100,99.22,99.39,99.09,99.1,1054
1789121400,99.11,99.37,99.1,99.17,691
1789121700,99.17,99.23,98.99,99.07,911
1789122000,99.07,99.15,98.93,99,1264
1789122300,99,99.28,98.97,99.13,797
1789122600,99.12,99.17,98.92,98.92,740
1789122900,98.93,99.12,98.88,99.08,739
1789123200,99.08,99.27,98.95,99.08,845
1789123500,99.07,99.12,98.89,98.92,512
1789123800,98.91,98.92,98.75,98.87,1022
1789124100,98.87,98.99,98.83,98.88,620
1789124400,98.88,99.01,98.8,98.89,1051
1789124700,98.89,99.21,98.82,99.18,643
1789125000,99.19,99.23,99.02,99.21,377
1789125300,99.22,99.28,99.03,99.17,577
1789125600,99.18,99.45,99.15,99.31,1106
1789125900,99.3,99.52,99.12,99.49,951
1789126200,99.5,99.71,99.49,99.69,1088
1789126500,99.69,99.77,99.39,99.42,1391
1789126800,99.44,99.52,99.26,99.26,830
1789127100,99.26,99.29,99.07,99.1,771
1789127400,99.1,99.27,99.1,99.26,597
1789127700,99.25,99.31,99.1,99.25,752
1789128000,99.24,99.59,99.1,99.54,1351
1789128300,99.54,99.71,99.45,99.52,1504
1789128600,99.51,99.6,99.3,99.52,948
1789128900,99.53,99.6,99.13,99.25,895
1789129200,99.23,99.27,98.99,99.16,765
1789129500,99.16,99.31,99.14,99.21,571
1789129800,99.2,99.44,99.12,99.16,1213
1789130100,99.17,99.33,99.06,99.32,1269
1789130400,99.31,99.66,99.28,99.56,1758
1789130700,99.56,99.84,99.5,99.73,1839
1789131000,99.72,99.72,99.21,99.48,1634
1789131300,99.47,99.48,99.29,99.39,770
1789131600,99.38,99.4,98.54,98.86,5832
1789131900,98.86,99.11,98.61,98.95,1838
1789132200,98.95,99.24,98.72,99,2044
1789132500,99,99.3,98.98,99.26,1429
1789132800,99.26,99.38,99.08,99.28,1627
1789133100,99.27,99.31,98.55,98.68,4143
1789133400,98.7,99.01,98.62,98.78,2521
1789133700,98.79,98.98,98.48,98.89,2582
1789134000,98.89,99.14,98.61,98.86,3185
1789134300,98.84,98.9,98.68,98.77,1656
1789134600,98.77,99.15,98.74,99.13,1618
1789134900,99.12,99.14,98.93,99.1,942
1789135200,99.12,99.15,98.76,98.96,1686
1789135500,98.95,99.24,98.93,99.17,1643
1789135800,99.17,99.67,99.15,99.61,3104
1789136100,99.6,99.7,99.4,99.51,1711
1789136400,99.5,99.7,99.45,99.62,957
1789136700,99.61,99.72,99.57,99.7,1636
1789137000,99.7,99.81,99.59,99.77,1180
1789137300,99.76,99.87,99.67,99.79,1115
1789137600,99.8,99.81,99.52,99.57,1639
1789137900,99.58,99.59,98.75,99.05,3647
1789138200,99.04,99.27,98.99,99.27,1392
1789138500,99.25,99.66,99.19,99.64,1364
1789138800,99.64,99.78,99.39,99.67,1422
1789139100,99.66,99.74,99.45,99.7,825
1789139400,99.69,99.77,99.5,99.58,860
1789139700,99.57,99.57,99.32,99.34,1037
1789140000,99.33,99.63,99.33,99.53,1227
1789140300,99.54,99.65,99.05,99.32,2323
1789140600,99.31,99.34,98.96,99.04,2038
1789140900,99.03,99.6,98.99,99.43,1551
1789141200,99.42,99.54,99.35,99.52,770
1789141500,99.53,99.61,99.4,99.41,1528
1789141800,99.42,99.51,99.33,99.46,488
1789142100,99.47,99.75,99.42,99.75,1094
1789142400,99.76,99.81,99.52,99.62,1059
1789142700,99.6,100.02,99.59,99.89,1129
1789143000,99.89,99.98,99.73,99.77,693
1789143300,99.78,99.92,99.57,99.73,841
1789143600,99.73,99.76,99.62,99.71,469
1789143900,99.7,100.01,99.41,99.96,3217
1789144200,99.97,100.28,99.72,99.84,4518
1789144500,99.83,100.16,99.77,100.14,1316
1789144800,100.15,100.23,99.67,99.69,2053
1789145100,99.7,99.96,99.7,99.9,988
1789145400,99.9,100.25,99.9,100.19,1132
1789145700,100.18,100.22,100.05,100.11,971
1789146000,100.12,100.16,100.02,100.09,923
1789146300,100.1,100.17,99.8,99.99,1872
1789146600,99.99,100.08,99.53,99.59,2342
1789146900,99.59,99.78,99.45,99.7,1605
1789147200,99.69,99.73,99.48,99.52,977
1789147500,99.5,99.57,99.4,99.49,1549
1789147800,99.49,99.59,99.31,99.53,1282
1789148100,99.52,99.71,99.51,99.7,721
1789148400,99.7,99.96,99.64,99.95,952
1789148700,99.96,99.99,99.77,99.82,810
1789149000,99.8,99.96,99.74,99.8,920
1789149300,99.78,99.88,99.74,99.82,709
1789149600,99.8,99.8,99.55,99.58,1379
1789149900,99.57,99.69,99.52,99.55,955
1789150200,99.56,99.83,99.54,99.81,1076
1789150500,99.81,100,99.79,99.93,1566
1789150800,99.93,100.49,99.85,100.38,5439
1789151100,100.38,100.39,99.94,100.08,9511
1789151400,100.08,100.17,99.93,100,2210
1789151700,100.01,100.08,99.87,100.04,805
1789152000,100.04,100.36,99.99,100.33,1082
1789152300,100.34,100.57,100.33,100.54,1328
1789152600,100.53,100.55,100.39,100.49,541
1789152900,100.49,100.52,100.42,100.48,747
1789153200,100.48,100.57,100.43,100.44,885
1789153500,100.44,100.52,100.39,100.46,479
1789153800,100.45,100.5,100.43,100.49,483
1789154100,100.48,100.63,100.44,100.61,637
1789154400,100.6,100.64,100.53,100.57,537
1789154700,100.58,100.64,100.56,100.6,315
1789155000,100.59,100.59,100.49,100.52,667
1789155300,100.53,100.65,100.45,100.65,575
1789155600,100.64,100.78,100.62,100.67,684
1789155900,100.68,100.7,100.51,100.64,418
1789156200,100.66,100.68,100.55,100.68,218
1789156500,100.67,100.69,100.56,100.62,450
1789156800,100.61,100.66,100.38,100.41,515
1789157100,100.41,100.48,100.3,100.32,277
1789157400,100.31,100.31,100.22,100.23,259
1789157700,100.22,100.43,100.22,100.36,208
1789158000,100.36,100.37,100.25,100.25,132
1789158300,100.26,100.32,100.19,100.3,169
1789158600,100.28,100.4,100.25,100.25,184
1789158900,100.25,100.36,100.24,100.29,88
1789159200,100.28,100.34,100.26,100.3,92
1789159500,100.29,100.33,100.04,100.04,566
1789159800,100.05,100.08,100.01,100.06,302
1789160100,100.04,100.07,99.97,99.99,454
1789336800,102.25,102.95,101.59,102.7,3420
1789337100,102.67,103.14,102.56,103.14,1423
1789337400,103.13,103.36,103.07,103.17,1373
1789337700,103.19,103.44,102.92,102.92,929
1789338000,102.94,102.94,102.78,102.84,491
1789338300,102.84,102.91,102.79,102.82,207
1789338600,102.81,102.83,102.49,102.6,633
1789338900,102.63,102.67,102.45,102.45,356
1789339200,102.49,102.52,102.31,102.36,358
1789339500,102.35,102.37,102.25,102.27,237
1789339800,102.27,102.4,102.23,102.33,214
1789340100,102.34,102.42,102.31,102.41,165
1789340400,102.43,102.46,102.33,102.34,113
1789340700,102.32,102.44,102.32,102.36,136
1789341000,102.35,102.37,102.29,102.34,88
1789341300,102.35,102.4,102.27,102.36,121
1789341600,102.35,102.43,102.35,102.43,113
1789341900,102.4,102.63,102.39,102.53,353
1789342200,102.54,102.55,102.38,102.43,187
1789342500,102.44,102.53,102.42,102.49,90
1789342800,102.5,102.51,102.42,102.44,94
1789343100,102.43,102.46,102.2,102.44,417
1789343400,102.44,102.48,102.37,102.46,82
1789343700,102.46,102.61,102.46,102.56,244
1789344000,102.54,102.82,102.3,102.4,592
1789344300,102.42,102.43,102.3,102.39,268
1789344600,102.43,102.51,102.35,102.45,162
1789344900,102.46,102.59,102.44,102.58,219
1789345200,102.6,102.82,102.56,102.77,301
1789345500,102.76,102.94,102.71,102.83,339
1789345800,102.84,102.85,102.68,102.81,122
1789346100,102.82,102.93,102.76,102.82,250
1789346400,102.82,102.95,102.78,102.81,216
1789346700,102.78,102.87,102.65,102.76,182
1789347000,102.77,102.83,102.69,102.72,102
1789347300,102.74,102.85,102.74,102.78,148
1789347600,102.79,103.34,102.66,103.32,1352
1789347900,103.34,103.36,103.14,103.25,710
1789348200,103.26,103.33,103.06,103.16,794
1789348500,103.17,103.6,103.08,103.45,1104
1789348800,103.44,103.49,102.8,102.92,803
1789349100,102.93,103.05,102.7,102.75,288
1789349400,102.78,103.15,102.77,102.98,399
1789349700,102.98,102.98,102.62,102.62,283
1789350000,102.64,102.65,102.5,102.54,350
1789350300,102.53,102.54,102.32,102.38,429
1789350600,102.38,102.56,102.33,102.44,264
1789350900,102.45,102.46,102.23,102.34,639
1789351200,102.34,102.55,102.31,102.54,399
1789351500,102.56,102.6,102.25,102.39,285
1789351800,102.38,102.4,102.2,102.35,209
1789352100,102.35,102.35,102.24,102.28,138
1789352400,102.28,102.49,102.28,102.49,129
1789352700,102.49,102.52,102.44,102.5,84
1789353000,102.5,102.58,102.42,102.48,212
1789353300,102.49,102.73,102.48,102.56,440
1789353600,102.61,102.78,102.59,102.78,233
1789353900,102.74,102.83,102.66,102.81,159
1789354200,102.79,102.97,102.75,102.88,302
1789354500,102.88,102.92,102.73,102.8,226
1789354800,102.82,102.98,102.77,102.85,258
1789355100,102.85,103,102.8,102.9,274
1789355400,102.91,103.05,102.91,103.02,170
1789355700,103.02,103.25,103.01,103.22,313
1789356000,103.24,103.26,103.12,103.16,206
1789356300,103.16,103.42,103.16,103.24,470
1789356600,103.26,103.42,103.2,103.28,240
1789356900,103.3,103.35,103.19,103.2,182
1789357200,103.19,103.4,103.18,103.35,322
1789357500,103.36,103.48,103.24,103.25,263
1789357800,103.26,103.35,103.19,103.2,133
1789358100,103.21,103.28,103.14,103.2,210
1789358400,103.2,103.2,103.05,103.07,301
1789358700,103.05,103.05,102.82,102.92,377
1789359000,102.93,103.08,102.9,103,165
1789359300,103,103.11,102.99,103.08,108
1789359600,103.09,103.1,102.95,102.96,67
1789359900,102.98,103,102.9,102.92,54
1789360200,102.92,103.16,102.89,103.04,234
1789360500,103.02,103.02,102.56,102.61,625
1789360800,102.61,102.91,102.6,102.89,359
1789361100,102.87,102.94,102.7,102.78,191
1789361400,102.74,102.75,102.64,102.66,258
1789361700,102.65,102.75,102.61,102.69,129
1789362000,102.68,102.75,102.61,102.61,150
1789362300,102.61,102.7,102.57,102.64,127
1789362600,102.66,102.73,102.54,102.57,176
1789362900,102.56,102.72,102.56,102.66,47
1789363200,102.64,102.82,102.58,102.79,164
1789363500,102.8,102.8,102.61,102.61,96
1789363800,102.62,102.82,102.39,102.52,352
1789364100,102.5,102.56,102.25,102.39,276
1789364400,102.39,102.55,102.39,102.41,386
1789364700,102.39,102.4,102.04,102.28,555
1789365000,102.28,102.51,102.2,102.33,463
1789365300,102.33,102.4,102.18,102.23,173
1789365600,102.22,102.5,102.16,102.44,306
1789365900,102.4,102.45,102.28,102.33,281
1789366200,102.3,102.36,101.97,102.13,603
1789366500,102.14,102.2,102.03,102.04,436
1789366800,102.07,102.34,102.06,102.27,561
1789367100,102.25,102.38,102.1,102.13,442
1789367400,102.11,102.36,101.94,102.32,585
1789367700,102.32,102.4,102.2,102.4,314
1789368000,102.38,102.87,102.3,102.81,1087
1789368300,102.8,102.85,102.63,102.68,500
1789368600,102.65,102.81,102.59,102.71,328
1789368900,102.7,102.88,102.59,102.87,329
1789369200,102.86,103.02,102.84,102.91,617
1789369500,102.92,103.09,102.82,103.02,499
1789369800,103,103.06,102.83,102.89,363
1789370100,102.87,102.88,102.56,102.62,517
1789370400,102.62,102.79,102.56,102.68,423
1789370700,102.66,102.71,102.47,102.58,509
1789371000,102.6,102.97,102.52,102.81,678
1789371300,102.81,103.29,102.8,103.24,807
1789371600,103.24,103.52,103.11,103.2,1142
1789371900,103.2,103.42,103.13,103.18,619
1789372200,103.17,103.22,102.9,102.97,484
1789372500,102.97,102.97,102.6,102.8,933
1789372800,102.79,102.79,102.22,102.4,1091
1789373100,102.39,102.51,102.28,102.41,756
1789373400,102.4,102.82,102.39,102.8,563
1789373700,102.8,103.26,102.74,103.24,1045
1789374000,103.25,103.63,103.11,103.56,1156
1789374300,103.57,103.73,103.46,103.68,1650
1789374600,103.7,103.8,103.45,103.48,1415
1789374900,103.46,103.48,103.11,103.13,590
1789375200,103.12,103.23,103.03,103.13,581
1789375500,103.13,103.37,103.06,103.3,543
1789375800,103.31,103.43,103.17,103.4,519
1789376100,103.41,103.58,103.29,103.43,669
1789376400,103.44,103.45,103.17,103.27,421
1789376700,103.29,103.38,103.17,103.27,283
1789377000,103.31,103.48,103.29,103.39,514
1789377300,103.39,103.83,103.37,103.71,1022
1789377600,103.72,103.83,103.42,103.42,471
1789377900,103.43,103.43,102.81,102.86,932
1789378200,102.87,103.12,102.78,103,504
1789378500,102.98,103.01,102.7,102.78,507
1789378800,102.78,102.78,102.4,102.65,1109
1789379100,102.63,102.73,102.5,102.7,452
1789379400,102.68,102.87,102.67,102.81,743
1789379700,102.81,102.86,102.61,102.62,653
1789380000,102.62,102.98,102.57,102.8,556
1789380300,102.78,102.78,102.43,102.64,515
1789380600,102.66,102.92,102.56,102.9,459
1789380900,102.9,102.97,102.66,102.69,457
1789381200,102.7,102.7,102.53,102.61,235
1789381500,102.6,102.61,102.34,102.43,586
1789381800,102.43,102.45,102.28,102.32,447
1789382100,102.31,102.45,102.29,102.41,414
1789382400,102.4,102.45,102.26,102.33,243
1789382700,102.33,102.43,102.31,102.38,187
1789383000,102.37,102.47,102.29,102.41,369
1789383300,102.4,102.52,102.27,102.52,392
1789383600,102.5,102.56,102.33,102.33,629
1789383900,102.32,102.65,102.32,102.48,393
1789384200,102.47,102.6,102.44,102.56,217
1789384500,102.55,102.98,102.55,102.94,496
1789384800,102.95,103.04,102.79,102.89,691
1789385100,102.91,103.12,102.88,103.1,344
1789385400,103.12,103.31,103.08,103.24,857
1789385700,103.23,103.25,103.09,103.18,466
1789386000,103.17,103.26,103.07,103.26,552
1789386300,103.27,103.46,103.2,103.37,903
1789386600,103.38,103.61,103.37,103.5,929
1789386900,103.51,103.65,103.41,103.51,951
1789387200,103.51,103.62,103.24,103.27,884
1789387500,103.25,103.32,102.94,103.05,1076
1789387800,103.05,103.17,103,103.08,572
1789388100,103.07,103.16,102.63,102.93,3632
1789388400,102.92,103.26,102.85,103.22,1085
1789388700,103.21,103.7,103.14,103.65,1956
1789389000,103.66,103.94,103.6,103.75,2205
1789389300,103.76,104.89,103.75,104.73,7239
1789389600,104.72,104.95,104.45,104.55,3948
1789389900,104.55,104.62,104.3,104.41,1652
1789390200,104.42,104.48,104.14,104.26,1735
1789390500,104.26,104.5,104.2,104.22,1365
1789390800,104.21,104.55,104.08,104.32,1727
1789391100,104.32,104.32,104.04,104.23,1373
1789391400,104.19,104.24,103.84,103.95,1625
1789391700,103.94,104.09,103.8,103.82,978
1789392000,103.82,103.95,103.55,103.75,1691
1789392300,103.74,104.04,103.71,103.93,1181
1789392600,103.94,104.03,103.53,103.62,1821
1789392900,103.61,103.79,103.51,103.73,1188
1789393200,103.73,103.97,103.72,103.8,1067
1789393500,103.81,104.18,103.73,104.15,1388
1789393800,104.15,104.16,103.4,104.13,3203
1789394100,104.12,104.47,104.06,104.4,2784
1789394400,104.4,104.51,104.16,104.47,1720
1789394700,104.46,104.46,103.92,104.04,1681
1789395000,104.03,104.31,103.93,104.3,1186
1789395300,104.29,104.29,103.99,104.05,758
1789395600,104.03,104.39,104.02,104.32,1356
1789395900,104.32,104.48,104.09,104.1,1873
1789396200,104.11,104.23,103.73,103.88,2136
1789396500,103.89,103.96,103.68,103.78,1310
1789396800,103.78,104.03,103.67,103.68,1463
1789397100,103.68,103.83,103.49,103.52,1287
1789397400,103.53,103.76,103.45,103.58,1689
1789397700,103.57,103.76,103.43,103.51,1726
1789398000,103.53,103.53,103.26,103.39,1724
1789398300,103.39,103.4,101.91,102.86,9464
1789398600,102.84,103.16,102.52,103.15,2603
1789398900,103.16,103.49,103.11,103.4,2794
1789399200,103.39,103.63,103.27,103.36,1779
1789399500,103.35,103.85,103.35,103.75,2469
1789399800,103.77,103.92,102.52,102.62,7158
1789400100,102.62,103,102.41,102.47,4935
1789400400,102.47,103,102.22,102.55,4896
1789400700,102.55,102.96,102.45,102.86,1972
1789401000,102.82,103.12,102.73,103.06,1833
1789401300,103.04,103.13,102.89,103.13,1366
1789401600,103.12,103.16,102.76,102.84,1294
1789401900,102.86,102.86,102.24,102.37,2164
1789402200,102.36,102.42,102.12,102.38,1598
1789402500,102.37,102.56,102.12,102.55,1593
1789402800,102.57,102.8,102.53,102.75,1161
1789403100,102.75,103.17,102.73,103.06,2200
1789403400,103.07,103.13,102.7,102.81,2067
1789403700,102.8,102.88,102.54,102.73,1260
1789404000,102.73,102.83,102.53,102.57,1211
1789404300,102.58,102.58,101.22,101.52,7804
1789404600,101.53,101.67,100.88,100.98,4806
1789404900,100.98,101.41,100.79,101.36,3598
1789405200,101.36,101.8,101.3,101.58,2433
1789405500,101.58,101.77,101.57,101.62,873
1789405800,101.63,101.81,101.52,101.8,992
1789406100,101.79,101.96,101.76,101.94,1166
1789406400,101.92,102.08,101.66,101.68,1810
1789406700,101.69,101.73,101.46,101.53,1364
1789407000,101.53,101.72,101.31,101.38,1316
1789407300,101.38,101.59,101.38,101.53,811
1789407600,101.53,101.58,101.36,101.51,707
1789407900,101.51,101.69,101.45,101.61,879
1789408200,101.61,101.66,101.29,101.36,1179
1789408500,101.37,101.72,101.32,101.72,1328
1789408800,101.71,101.74,101.37,101.55,2454
1789409100,101.54,101.56,101.13,101.18,1757
1789409400,101.19,101.53,101.16,101.43,1299
1789409700,101.44,101.65,101.39,101.54,1263
1789410000,101.53,101.6,101.37,101.55,1540
1789410300,101.53,101.58,101.21,101.23,9869
1789410600,101.22,101.25,100.77,100.85,2188
1789410900,100.84,100.84,100.54,100.62,2341
1789411200,100.61,100.72,100.53,100.71,987
1789411500,100.71,101.03,100.68,100.68,2087
1789411800,100.69,100.71,100.57,100.67,634
1789412100,100.67,101.09,100.67,101.05,1415
1789412400,101.05,101.2,100.77,100.99,2090
1789412700,101,101,100.7,100.89,859
1789413000,100.89,101.03,100.85,100.93,472
1789413300,100.94,101.07,100.89,101.03,327
1789413600,101.02,101.32,101.01,101.25,796
1789413900,101.25,101.31,101.22,101.28,341
1789414200,101.27,101.36,101.17,101.36,591
1789414500,101.36,101.49,101.33,101.4,582
1789414800,101.38,101.49,101.3,101.49,384
1789415100,101.5,101.96,101.47,101.66,1352
1789415400,101.67,101.74,101.59,101.73,490
1789415700,101.74,101.87,101.65,101.85,472
1789416000,101.84,101.89,101.72,101.88,404
1789416300,101.85,101.85,101.7,101.79,212
1789416600,101.82,101.91,101.74,101.79,332
1789416900,101.79,101.97,101.75,101.88,185
1789417200,101.86,101.91,101.77,101.81,199
1789417500,101.82,101.92,101.81,101.9,153
1789417800,101.88,102,101.88,101.95,238
1789418100,101.94,101.98,101.87,101.92,164
1789418400,101.93,102.08,101.92,102.01,219
1789418700,102.01,102.02,101.91,101.94,178
1789419000,101.93,102,101.84,101.91,344
1789419300,101.91,101.92,101.84,101.89,283
1789423200,102.01,102.06,101.86,101.96,277
1789423500,101.97,101.97,101.92,101.96,95
1789423800,101.97,102.01,101.97,102,63
1789424100,102,102.01,101.96,101.97,288
1789424400,101.98,101.98,101.95,101.98,135
1789424700,101.97,101.98,101.95,101.95,52
1789425000,101.95,101.95,101.83,101.89,173
1789425300,101.89,101.9,101.87,101.89,38
1789425600,101.9,101.99,101.9,101.96,51
1789425900,101.94,101.96,101.91,101.94,33
1789426200,101.94,101.95,101.94,101.95,3
1789426500,101.96,101.99,101.96,101.96,14
1789426800,101.97,102.02,101.97,101.99,117
1789427100,101.98,101.98,101.95,101.96,18
1789427400,101.97,101.97,101.96,101.97,13
1789427700,101.99,102.2,101.98,102.17,253
1789428000,102.17,102.22,102.16,102.17,75
1789428300,102.15,102.16,102.09,102.09,29
1789428600,102.09,102.09,102.04,102.09,71
1789428900,102.09,102.12,102.09,102.09,26
1789429200,102.08,102.1,102.05,102.06,27
1789429500,102.07,102.11,102.07,102.1,68
1789429800,102.11,102.12,102.09,102.1,47
1789430100,102.1,102.17,102.08,102.16,85
1789430400,102.17,102.36,102.11,102.22,526
1789430700,102.21,102.31,102.03,102.18,256
1789431000,102.17,102.38,102.17,102.24,201
1789431300,102.25,102.59,102.25,102.54,744
1789431600,102.55,102.72,102.55,102.58,663
1789431900,102.58,102.73,102.58,102.73,193
1789432200,102.71,102.79,102.61,102.78,323
1789432500,102.78,102.8,102.64,102.71,256
1789432800,102.7,102.8,102.68,102.74,109
1789433100,102.73,102.73,102.57,102.59,239
1789433400,102.6,102.7,102.57,102.59,107
1789433700,102.61,102.69,102.54,102.68,230
1789434000,102.68,102.85,102.42,102.51,755
1789434300,102.52,102.58,102.39,102.55,426
1789434600,102.55,102.56,102.22,102.24,369
1789434900,102.24,102.47,102.12,102.4,660
1789435200,102.4,102.53,102.26,102.29,397
1789435500,102.29,102.59,102.28,102.51,255
1789435800,102.5,102.52,102.24,102.3,250
1789436100,102.35,102.61,102.35,102.57,249
1789436400,102.56,102.88,102.56,102.8,454
1789436700,102.82,102.85,102.64,102.64,243
1789437000,102.65,102.95,102.65,102.92,663
1789437300,102.93,102.98,102.85,102.93,351
1789437600,102.94,102.95,102.82,102.88,231
1789437900,102.88,102.92,102.77,102.85,498
1789438200,102.85,102.86,102.67,102.69,293
1789438500,102.71,102.72,102.65,102.69,52
1789438800,102.71,102.8,102.71,102.79,84
1789439100,102.8,102.86,102.77,102.82,87
1789439400,102.81,102.97,102.72,102.93,354
1789439700,102.94,103.07,102.92,102.96,279
1789440000,102.97,103.15,102.96,103.15,314
1789440300,103.15,103.16,103,103.01,282
1789440600,103,103.02,102.92,102.93,193
1789440900,102.95,102.98,102.87,102.89,159
1789441200,102.87,102.91,102.76,102.83,286
1789441500,102.82,102.96,102.81,102.91,177
1789441800,102.91,102.93,102.79,102.9,224
1789442100,102.89,102.92,102.77,102.8,149
1789442400,102.79,102.84,102.76,102.76,141
1789442700,102.76,102.85,102.76,102.83,167
1789443000,102.86,102.89,102.78,102.83,144
1789443300,102.82,102.93,102.77,102.91,121
1789443600,102.92,103.01,102.9,102.94,179
1789443900,102.94,102.96,102.91,102.94,121
1789444200,102.94,103,102.85,102.85,180
1789444500,102.85,102.98,102.84,102.94,127
1789444800,102.95,103,102.91,102.94,184
1789445100,102.93,102.95,102.91,102.93,36
1789445400,102.91,103.05,102.89,103.03,109
1789445700,103.05,103.09,103,103.06,71
1789446000,103.04,103.19,103.04,103.12,193
1789446300,103.12,103.21,103.12,103.2,111
1789446600,103.21,103.27,103.17,103.18,156
1789446900,103.19,103.24,103.17,103.2,119
1789447200,103.18,103.22,103.14,103.22,67
1789447500,103.23,103.33,103.23,103.28,182
1789447800,103.3,103.33,103.22,103.23,247
1789448100,103.22,103.23,103.14,103.23,290
1789448400,103.24,103.24,103.06,103.13,115
1789448700,103.14,103.3,103.13,103.28,134
1789449000,103.3,103.32,103.24,103.3,83
1789449300,103.29,103.34,103.25,103.32,135
1789449600,103.31,103.35,103.19,103.3,135
1789449900,103.3,103.33,103.24,103.32,100
1789450200,103.32,103.42,103.25,103.29,407
1789450500,103.29,103.42,103.24,103.34,256
1789450800,103.33,103.34,103.11,103.11,257
1789451100,103.12,103.12,102.89,103.07,523
1789451400,103.07,103.13,102.72,102.79,530
1789451700,102.78,103.03,102.78,103.01,213
1789452000,103,103.2,102.92,103.09,375
1789452300,103.08,103.23,103.07,103.23,190
1789452600,103.2,103.24,103.15,103.2,195
1789452900,103.22,103.23,103.01,103.01,373
1789453200,103.03,103.27,102.96,103.26,282
1789453500,103.25,103.45,103.2,103.28,451
1789453800,103.29,103.4,103.23,103.28,256
1789454100,103.27,103.3,103.12,103.16,172
1789454400,103.15,103.15,102.98,103.13,351
1789454700,103.14,103.19,103,103.16,256
1789455000,103.16,103.46,103.07,103.42,347
1789455300,103.42,103.49,103.26,103.35,313
1789455600,103.35,103.45,103.25,103.36,473
1789455900,103.36,103.47,103.33,103.42,367
1789456200,103.4,103.49,103.28,103.4,346
1789456500,103.39,103.41,103.06,103.07,412
1789456800,103.09,103.16,103.01,103.07,408
1789457100,103.07,103.2,103.04,103.16,346
1789457400,103.15,103.28,103.06,103.17,275
1789457700,103.17,103.5,103.17,103.37,557
1789458000,103.36,103.48,103.18,103.34,398
1789458300,103.34,103.5,103.13,103.47,1044
1789458600,103.47,103.6,103.43,103.52,587
1789458900,103.54,103.56,103.42,103.46,369
1789459200,103.45,103.8,103.42,103.58,973
1789459500,103.55,103.77,103.51,103.73,717
1789459800,103.75,103.96,103.63,103.68,1333
1789460100,103.67,103.68,103.38,103.54,766
1789460400,103.52,103.55,103.31,103.52,651
1789460700,103.51,103.52,103.2,103.31,1568
1789461000,103.32,103.64,103.26,103.6,1057
1789461300,103.59,103.67,103.49,103.56,534
1789461600,103.56,103.78,103.54,103.7,875
1789461900,103.7,103.72,103.6,103.65,367
1789462200,103.63,103.68,103.55,103.61,391
1789462500,103.63,103.71,103.55,103.64,500
1789462800,103.65,103.71,103.43,103.45,467
1789463100,103.44,103.56,103.22,103.55,637
1789463400,103.57,103.59,103.35,103.49,448
1789463700,103.52,104.04,103.49,103.92,1154
1789464000,103.92,104.1,103.74,104.05,1317
1789464300,104.05,104.07,103.85,103.98,735
1789464600,104,104.21,103.96,104.09,1105
1789464900,104.1,104.17,104.01,104.01,579
1789465200,104.02,104.17,103.86,104.14,830
1789465500,104.13,104.19,103.91,103.98,787
1789465800,104,104.11,103.89,103.9,634
1789466100,103.9,103.91,103.63,103.63,930
1789466400,103.62,103.69,103.46,103.68,1011
1789466700,103.69,103.7,103.49,103.58,567
1789467000,103.59,103.73,103.31,103.62,928
1789467300,103.63,103.7,103.52,103.58,203
1789467600,103.57,103.62,103.45,103.51,602
1789467900,103.51,103.62,103.45,103.45,316
1789468200,103.45,103.49,103.24,103.32,672
1789468500,103.33,103.37,103.08,103.21,749
1789468800,103.19,103.21,103.04,103.1,395
1789469100,103.09,103.12,103,103.08,373
1789469400,103.06,103.06,102.75,102.75,999
1789469700,102.76,102.76,102.51,102.58,1143
1789470000,102.59,102.7,102.4,102.4,930
1789470300,102.4,102.49,102.2,102.26,1012
1789470600,102.25,102.62,102.24,102.55,848
1789470900,102.56,102.57,102.33,102.41,609
1789471200,102.43,102.49,102.2,102.35,721
1789471500,102.35,102.5,102.26,102.49,832
1789471800,102.46,102.55,102.22,102.29,686
1789472100,102.27,102.47,102.12,102.42,838
1789472400,102.42,102.47,102.31,102.42,723
1789472700,102.44,102.44,102.21,102.38,540
1789473000,102.38,102.42,102.21,102.28,594
1789473300,102.28,102.35,102.14,102.35,819
1789473600,102.34,102.52,102.28,102.38,727
1789473900,102.36,102.61,102.26,102.52,648
1789474200,102.5,102.64,102.41,102.58,522
1789474500,102.58,102.93,102.58,102.9,1267
1789474800,102.9,103.07,102.89,103,912
1789475100,103,103.04,102.85,103,614
1789475400,103.02,103.06,102.84,102.86,543
1789475700,102.85,102.9,102.67,102.78,685
1789476000,102.77,102.79,102.44,102.44,898
1789476300,102.45,102.47,101.29,101.34,6120
1789476600,101.35,101.65,101.21,101.41,3118
1789476900,101.42,101.85,101.3,101.8,3749
1789477200,101.79,101.91,101.28,101.32,2333
1789477500,101.32,101.83,101.29,101.83,1862
1789477800,101.81,102,101.71,101.84,1696
1789478100,101.85,101.88,101.5,101.68,1668
1789478400,101.68,102.29,101.6,102.16,3132
1789478700,102.16,103,102.13,102.93,3941
1789479000,102.93,103.76,102.88,103.7,7778
1789479300,103.69,103.76,103.23,103.54,3556
1789479600,103.54,103.72,103.47,103.56,2850
1789479900,103.57,103.67,103.21,103.23,2119
1789480200,103.23,103.29,102.77,102.84,2842
1789480500,102.83,103.35,102.82,103.27,2083
1789480800,103.27,103.52,103.25,103.5,1624
1789481100,103.49,103.61,103.35,103.43,1079
1789481400,103.41,103.63,103.41,103.6,1010
1789481700,103.58,103.75,103.46,103.54,1475
1789482000,103.53,103.81,103.39,103.74,1390
1789482300,103.74,103.86,103.63,103.77,2262
1789482600,103.76,104.18,103.64,104.1,2865
1789482900,104.11,104.43,104.08,104.42,2348
1789483200,104.41,104.49,104.11,104.13,1745
1789483500,104.13,104.27,104.03,104.07,1570
1789483800,104.09,104.75,104,104.3,5151
1789484100,104.3,104.81,104.3,104.7,3641
1789484400,104.7,104.8,104.54,104.62,3055
1789484700,104.62,104.82,104.5,104.69,1422
1789485000,104.71,104.97,104.58,104.8,2088
1789485300,104.81,104.91,104.57,104.68,1657
1789485600,104.68,104.79,104.53,104.56,1394
1789485900,104.57,104.77,104.52,104.68,1247
1789486200,104.68,104.88,104.52,104.75,2788
1789486500,104.74,104.77,104.43,104.64,1720
1789486800,104.64,104.65,104.25,104.27,1737
1789487100,104.27,104.75,104.15,104.63,2091
1789487400,104.65,104.73,104.29,104.63,4172
1789487700,104.64,105.06,104.54,104.95,3513
1789488000,104.95,105.2,104.92,104.98,1546
1789488300,104.98,105.25,104.98,105.18,1688
1789488600,105.16,105.64,105.13,105.61,2127
1789488900,105.59,105.65,105.44,105.55,1395
1789489200,105.56,105.58,105.24,105.39,2140
1789489500,105.38,105.49,105.15,105.36,1388
1789489800,105.37,105.53,105.22,105.35,1578
1789490100,105.37,105.81,105.37,105.81,1735
1789490400,105.8,106.06,105.79,105.97,2289
1789490700,105.98,106.1,105.89,105.91,1281
1789491000,105.91,106.1,105.86,106.03,1245
1789491300,106.03,106.22,105.99,106.14,1457
1789491600,106.14,106.21,105.9,106.07,1680
1789491900,106.07,106.52,106.05,106.52,2119
1789492200,106.52,106.55,106.38,106.46,1374
1789492500,106.48,106.59,106.37,106.38,1236
1789492800,106.37,106.58,106.33,106.52,1135
1789493100,106.54,106.75,106.45,106.5,2069
1789493400,106.5,106.67,106.47,106.52,1732
1789493700,106.52,106.58,106.22,106.37,1885
1789494000,106.36,106.44,106.26,106.42,908
1789494300,106.42,106.5,106.32,106.39,879
1789494600,106.4,106.64,106.4,106.52,1578
1789494900,106.5,106.57,106.43,106.47,1113
1789495200,106.46,106.54,106.08,106.1,1904
1789495500,106.1,106.16,105.94,106.06,2195
1789495800,106.06,106.06,105.81,105.96,1508
1789496100,105.94,105.98,105.78,105.78,1093
1789496400,105.78,105.8,105.65,105.71,2101
1789496700,105.71,105.96,105.6,105.82,5273
1789497000,105.82,106.04,105.77,105.91,1596
1789497300,105.91,106.13,105.89,106.07,702
1789497600,106.1,106.12,105.63,105.98,2539
1789497900,105.98,106.05,105.85,105.86,696
1789498200,105.86,105.89,105.78,105.87,337
1789498500,105.87,105.93,105.67,105.68,432
1789498800,105.69,105.71,105.45,105.52,772
1789499100,105.49,105.6,105.42,105.55,587
1789499400,105.54,105.74,105.49,105.66,725
1789499700,105.66,105.73,105.58,105.58,357
1789500000,105.59,105.64,105.56,105.62,255
1789500300,105.64,105.68,105.57,105.57,255
1789500600,105.58,105.68,105.48,105.65,295
1789500900,105.64,105.79,105.6,105.68,290
1789501200,105.68,105.77,105.64,105.77,176
1789501500,105.76,105.83,105.72,105.74,205
1789501800,105.75,105.87,105.72,105.81,441
1789502100,105.82,105.87,105.76,105.87,283
1789502400,105.88,106.1,105.83,106.05,419
1789502700,106.04,106.07,106,106.05,132
1789503000,106.05,106.15,105.98,106.09,282
1789503300,106.08,106.09,105.84,105.87,390
1789503600,105.88,105.97,105.83,105.84,251
1789503900,105.83,105.9,105.65,105.66,259
1789504200,105.65,105.68,105.44,105.6,346
1789504500,105.58,105.6,105.42,105.59,482
1789504800,105.62,105.64,105.56,105.61,137
1789505100,105.59,105.69,105.54,105.64,283
1789505400,105.63,105.63,105.46,105.46,237
1789505700,105.48,105.53,105.46,105.48,295
1789509600,105.48,105.63,105.34,105.37,210
1789509900,105.37,105.46,105.24,105.42,237
1789510200,105.4,105.5,105.35,105.47,127
1789510500,105.47,105.5,105.45,105.48,128
1789510800,105.48,105.49,105.42,105.47,42
1789511100,105.46,105.47,105.37,105.39,124
1789511400,105.39,105.39,105.28,105.3,121
1789511700,105.3,105.31,105.24,105.3,153
1789512000,105.31,105.4,105.29,105.39,93
1789512300,105.39,105.41,105.32,105.32,39
1789512600,105.34,105.35,105.27,105.34,30
1789512900,105.35,105.35,105.31,105.33,27
1789513200,105.34,105.35,105.32,105.33,32
1789513500,105.33,105.43,105.33,105.39,75
1789513800,105.39,105.4,105.38,105.38,15
1789514100,105.38,105.44,105.37,105.44,39
1789514400,105.43,105.44,105.41,105.42,32
1789514700,105.45,105.48,105.43,105.47,32
1789515000,105.46,105.47,105.43,105.44,27
1789515300,105.45,105.46,105.41,105.42,70
1789515600,105.42,105.42,105.35,105.42,43
1789515900,105.4,105.4,105.29,105.36,80
1789516200,105.35,105.37,105.34,105.34,20
1789516500,105.34,105.42,105.34,105.36,54
1789516800,105.36,105.42,105.22,105.29,543
1789517100,105.28,105.29,105.1,105.14,333
1789517400,105.15,105.19,105.01,105.02,295
1789517700,105.03,105.04,104.69,104.83,663
1789518000,104.85,105.02,104.85,104.98,134
1789518300,104.97,104.99,104.77,104.84,255
1789518600,104.85,104.94,104.8,104.92,188
1789518900,104.91,104.96,104.89,104.89,27
1789519200,104.89,104.98,104.79,104.96,127
1789519500,104.96,105.23,104.94,105.19,286
1789519800,105.17,105.29,105.11,105.25,321
1789520100,105.25,105.38,105.21,105.23,349
1789520400,105.24,105.25,104.82,104.93,845
1789520700,104.95,105.07,104.92,105.05,202
1789521000,105.08,105.13,104.77,104.89,380
1789521300,104.88,105.01,104.87,104.98,243
1789521600,104.97,104.97,104.86,104.94,108
1789521900,104.96,105.05,104.94,105.05,148
1789522200,105.06,105.25,104.92,105,364
1789522500,104.98,105.2,104.9,105.13,288
1789522800,105.11,105.22,105.09,105.12,78
1789523100,105.1,105.29,104.98,105.29,291
1789523400,105.3,105.33,105.21,105.25,171
1789523700,105.25,105.26,105.04,105.05,323
1789524000,105.04,105.11,104.87,104.89,428
1789524300,104.89,105.05,104.83,104.9,159
1789524600,104.94,105,104.85,104.86,117
1789524900,104.87,104.91,104.8,104.83,137
1789525200,104.83,104.87,104.78,104.84,159
1789525500,104.85,104.95,104.84,104.91,198
1789525800,104.92,104.93,104.72,104.73,370
1789526100,104.72,104.74,104.53,104.67,483
1789526400,104.65,104.91,104.65,104.89,214
1789526700,104.88,104.89,104.63,104.65,180
1789527000,104.71,104.77,104.61,104.65,118
1789527300,104.66,104.7,104.61,104.65,73
1789527600,104.66,104.67,104.54,104.58,273
1789527900,104.58,104.6,104.43,104.47,368
1789528200,104.45,104.45,104.35,104.39,320
1789528500,104.38,104.4,104.23,104.29,385
1789528800,104.29,104.45,104.27,104.43,236
1789529100,104.44,104.54,104.39,104.53,276
1789529400,104.53,104.72,104.52,104.71,691
1789529700,104.72,104.88,104.69,104.84,343
1789530000,104.85,105.01,104.84,104.97,378
1789530300,104.96,104.96,104.84,104.94,274
1789530600,104.93,105.03,104.85,104.86,189
1789530900,104.86,104.86,104.72,104.75,211
1789531200,104.74,104.77,104.62,104.68,254
1789531500,104.7,104.77,104.65,104.77,84
1789531800,104.75,104.78,104.7,104.7,107
1789532100,104.68,104.7,104.64,104.68,51
1789532400,104.68,104.68,104.52,104.55,125
1789532700,104.56,104.63,104.55,104.6,53
1789533000,104.6,104.62,104.54,104.59,64
1789533300,104.59,104.65,104.57,104.61,71
1789533600,104.62,104.68,104.58,104.67,97
1789533900,104.68,104.73,104.67,104.73,79
1789534200,104.69,104.76,104.67,104.68,122
1789534500,104.67,104.68,104.61,104.63,73
1789534800,104.63,104.87,104.62,104.77,321
1789535100,104.76,104.86,104.76,104.8,318
1789535400,104.79,104.8,104.69,104.69,107
1789535700,104.69,104.72,104.6,104.72,123
1789536000,104.71,104.82,104.71,104.79,115
1789536300,104.81,104.84,104.78,104.81,83
1789536600,104.82,104.86,104.54,104.61,367
1789536900,104.59,104.75,104.58,104.72,117
1789537200,104.71,104.72,104.56,104.57,124
1789537500,104.59,104.74,104.51,104.74,201
1789537800,104.76,104.95,104.65,104.84,318
1789538100,104.84,104.91,104.72,104.82,266
1789538400,104.83,104.89,104.7,104.74,282
1789538700,104.74,104.76,104.49,104.71,450
1789539000,104.71,104.76,104.58,104.69,221
1789539300,104.7,104.79,104.64,104.67,249
1789539600,104.64,104.71,104.59,104.65,133
1789539900,104.63,104.74,104.61,104.72,157
1789540200,104.72,104.85,104.71,104.81,198
1789540500,104.79,104.86,104.41,104.41,489
1789540800,104.4,104.54,104.39,104.47,405
1789541100,104.47,104.51,104.11,104.2,823
1789541400,104.19,104.26,104.13,104.24,284
1789541700,104.23,104.23,104.02,104.02,586
1789542000,104.02,104.03,103.76,103.86,1397
1789542300,103.86,104.32,103.77,104.26,1363
1789542600,104.26,104.29,103.94,103.96,745
1789542900,103.95,104.27,103.92,104.25,574
1789543200,104.25,104.31,104.07,104.25,343
1789543500,104.25,104.31,104.11,104.17,339
1789543800,104.15,104.19,104.02,104.06,498
1789544100,104.03,104.2,103.99,104.06,512
1789544400,104.07,104.14,103.96,104.04,346
1789544700,104.05,104.16,104.04,104.14,287
1789545000,104.12,104.24,104.06,104.22,445
1789545300,104.21,104.3,104.16,104.26,282
1789545600,104.26,104.66,104.24,104.56,945
1789545900,104.56,104.76,104.54,104.71,578
1789546200,104.72,104.79,104.53,104.58,455
1789546500,104.58,104.75,104.42,104.56,1134
1789546800,104.56,104.6,104.17,104.39,1484
1789547100,104.4,104.6,104.34,104.45,830
1789547400,104.44,104.67,104.3,104.59,744
1789547700,104.57,104.79,104.54,104.72,449
1789548000,104.7,104.81,104.49,104.5,546
1789548300,104.47,104.59,104.38,104.57,401
1789548600,104.58,104.61,104.48,104.54,172
1789548900,104.56,104.6,104.47,104.5,306
1789549200,104.51,104.83,104.42,104.69,567
1789549500,104.69,104.99,104.64,104.97,583
1789549800,104.97,104.97,104.83,104.93,369
1789550100,104.91,104.92,104.8,104.89,255
1789550400,104.92,104.97,104.8,104.89,294
1789550700,104.9,104.92,104.28,104.48,1613
1789551000,104.51,104.55,104.21,104.23,618
1789551300,104.25,104.26,103.91,104.01,1143
1789551600,104.02,104.22,104.02,104.08,411
1789551900,104.09,104.31,104.09,104.18,387
1789552200,104.16,104.16,103.97,104.01,526
1789552500,104,104.14,103.93,104.14,464
1789552800,104.14,104.21,103.93,104.06,313
1789553100,104.06,104.06,103.77,103.85,600
1789553400,103.83,103.91,103.72,103.82,517
1789553700,103.81,103.84,103.64,103.67,924
1789554000,103.68,103.85,103.57,103.83,715
1789554300,103.83,103.99,103.76,103.88,395
1789554600,103.86,104.01,103.76,103.98,320
1789554900,104.01,104.07,103.89,103.92,416
1789555200,103.93,103.98,103.54,103.58,761
1789555500,103.58,103.68,103.56,103.64,348
1789555800,103.61,103.75,103.51,103.71,472
1789556100,103.74,103.78,103.26,103.26,840
1789556400,103.27,103.53,102.85,103.32,3125
1789556700,103.33,103.54,103.27,103.41,882
1789557000,103.41,103.48,103.3,103.44,405
1789557300,103.46,103.5,103.38,103.43,249
1789557600,103.42,103.43,103.29,103.39,409
1789557900,103.38,103.39,103.14,103.28,630
1789558200,103.27,103.34,103.18,103.27,608
1789558500,103.28,103.28,103,103.05,817
1789558800,103.06,103.46,103.06,103.39,1873
1789559100,103.37,103.52,103.31,103.42,572
1789559400,103.42,103.54,103.34,103.35,643
1789559700,103.34,103.34,103.1,103.18,700
1789560000,103.19,103.31,102.94,103.3,969
1789560300,103.29,103.63,103.29,103.56,1149
1789560600,103.56,103.88,103.54,103.87,1104
1789560900,103.87,103.98,103.78,103.81,1567
1789561200,103.82,103.92,103.54,103.63,878
1789561500,103.64,103.73,103.54,103.66,893
1789561800,103.67,103.79,103.64,103.72,352
1789562100,103.72,103.96,103.68,103.82,1358
1789562400,103.81,103.99,103.75,103.93,833
1789562700,103.94,103.99,103.65,103.66,707
1789563000,103.67,104.02,103.62,104,1531
1789563300,104.01,104.22,104,104.09,2347
1789563600,104.1,104.12,103.73,104.07,2214
1789563900,104.06,104.1,103.79,103.84,1107
1789564200,103.83,103.88,103.58,103.67,1581
1789564500,103.67,103.93,103.59,103.83,1084
1789564800,103.84,104.12,103.81,104.04,1003
1789565100,104.03,104.1,103.93,104.06,689
1789565400,104.06,104.06,103.71,103.73,991
1789565700,103.72,103.79,103.52,103.53,1100
1789566000,103.53,103.63,103.44,103.59,1160
1789566300,103.61,103.7,103.52,103.64,679
1789566600,103.62,103.65,103.15,103.25,1665
1789566900,103.25,103.44,103.21,103.4,939
1789567200,103.37,103.91,103.19,103.81,2347
1789567500,103.81,103.84,103.64,103.82,882
1789567800,103.82,103.95,103.61,103.64,1561
1789568100,103.64,103.64,103.29,103.37,990
1789568400,103.36,103.41,103.11,103.19,975
1789568700,103.18,103.33,103.09,103.27,1082
1789569000,103.28,103.58,103.26,103.31,1552
1789569300,103.3,103.33,102.96,103.21,2015
1789569600,103.2,103.21,102.86,102.91,1617
1789569900,102.91,102.93,102.69,102.74,2698
1789570200,102.74,103.01,102.69,103,1927
1789570500,102.98,103.04,102.23,102.24,2849
1789570800,102.24,102.28,101.78,101.91,5042
1789571100,101.9,102.1,101.29,101.5,6301
1789571400,101.49,101.61,101.1,101.18,4934
1789571700,101.16,101.63,101.12,101.46,4035
1789572000,101.46,101.76,101.34,101.67,2491
1789572300,101.67,101.88,101.63,101.83,2576
1789572600,101.83,102.38,101.72,102.36,3465
1789572900,102.34,102.49,102.14,102.24,2383
1789573200,102.22,102.47,102.14,102.38,1233
1789573500,102.38,102.68,100.97,101.93,7509
1789573800,101.9,102.08,101.8,101.98,2104
1789574100,102,102.08,101.91,102,1421
1789574400,101.98,102.49,101.9,102.34,1878
1789574700,102.35,102.42,102.28,102.33,814
1789575000,102.31,102.5,102.18,102.25,924
1789575300,102.25,102.45,102.16,102.45,718
1789575600,102.44,102.54,102.37,102.45,812
1789575900,102.45,102.59,102.45,102.52,787
1789576200,102.53,102.58,102.42,102.53,754
1789576500,102.56,102.64,102.51,102.57,828
1789576800,102.59,102.72,102.5,102.62,848
1789577100,102.63,102.66,102.51,102.58,720
1789577400,102.6,102.69,102.46,102.69,800
1789577700,102.67,102.7,102.53,102.59,601
1789578000,102.59,102.62,102.41,102.41,743
1789578300,102.42,102.64,102.41,102.53,630
1789578600,102.53,102.64,102.46,102.6,801
1789578900,102.6,102.8,102.6,102.72,884
1789579200,102.71,102.73,102.56,102.64,364
1789579500,102.64,102.65,102.48,102.48,615
1789579800,102.46,102.6,102.3,102.45,1166
1789580100,102.45,102.49,102.32,102.44,601
1789580400,102.43,102.56,102.36,102.5,635
1789580700,102.5,102.53,102.27,102.43,808
1789581000,102.39,102.44,102.25,102.3,748
1789581300,102.3,102.4,102.25,102.29,797
1789581600,102.29,102.48,102.07,102.29,1494
1789581900,102.29,102.48,102.16,102.47,868
1789582200,102.46,102.54,102.38,102.43,721
1789582500,102.42,102.42,102.11,102.16,1157
1789582800,102.15,102.34,102.07,102.2,1523
1789583100,102.19,102.48,102.05,102.41,4628
1789583400,102.41,102.76,102.38,102.73,1745
1789583700,102.74,102.85,102.35,102.42,1198
1789584000,102.44,102.45,102.32,102.34,505
1789584300,102.34,102.39,102.27,102.28,516
1789584600,102.28,102.44,102.22,102.41,406
1789584900,102.42,102.74,102.36,102.62,605
1789585200,102.62,102.87,102.49,102.53,671
1789585500,102.53,102.63,102.47,102.48,346
1789585800,102.48,102.63,102.47,102.47,448
1789586100,102.46,102.47,102.28,102.42,349
1789586400,102.41,102.41,102.22,102.29,312
1789586700,102.29,102.29,102.08,102.18,342
1789587000,102.2,102.22,102.12,102.17,237
1789587300,102.16,102.16,101.72,101.85,739
1789587600,101.86,101.94,101.76,101.83,496
1789587900,101.84,102.08,101.84,101.97,345
1789588200,101.96,101.97,101.81,101.91,608
1789588500,101.89,102.06,101.84,102.04,462
1789588800,102.01,102.3,102.01,102.22,425
1789589100,102.2,102.2,102.01,102.07,142
1789589400,102.08,102.11,101.97,102.11,176
1789589700,102.11,102.17,102.03,102.09,146
1789590000,102.09,102.15,102.08,102.1,80
1789590300,102.1,102.18,102.06,102.09,132
1789590600,102.09,102.25,102.07,102.18,91
1789590900,102.17,102.18,101.99,102.13,107
1789591200,102.11,102.15,102.09,102.12,70
1789591500,102.12,102.16,102.11,102.13,106
1789591800,102.13,102.19,102,102.04,253
1789592100,102.07,102.1,101.98,102.02,473
1789596000,102.18,102.24,101.87,102.16,200
1789596300,102.16,102.16,102.03,102.06,25
1789596600,102.05,102.09,101.95,101.95,86
1789596900,101.96,101.99,101.91,101.95,26
1789597200,101.94,101.95,101.92,101.93,19
1789597500,101.94,101.94,101.91,101.91,21
1789597800,101.92,101.97,101.92,101.97,17
1789598100,101.97,101.99,101.95,101.97,30
1789598400,101.96,101.98,101.95,101.95,14
1789598700,101.97,101.98,101.96,101.96,11
1789599000,101.97,101.97,101.95,101.95,25
1789599300,101.94,102.04,101.94,102.04,36
1789599600,102.02,102.03,102,102.01,75
1789599900,102.01,102.04,102,102.02,34
1789600200,102.01,102.02,102,102.01,17
1789600500,102.02,102.03,101.99,102.01,69
1789600800,101.99,102,101.99,101.99,38
1789601100,102,102,101.99,101.99,2
1789601400,102,102.01,101.93,101.94,269
1789601700,101.94,101.96,101.89,101.94,164
1789602000,101.94,101.95,101.38,101.62,1340
1789602300,101.61,101.69,101.51,101.69,246
1789602600,101.65,101.77,101.64,101.77,45
1789602900,101.77,101.81,101.66,101.77,75
1789603200,101.76,101.79,101.51,101.55,387
1789603500,101.57,101.62,101.36,101.49,225
1789603800,101.53,101.58,101.43,101.56,189
1789604100,101.57,101.65,101.49,101.56,126
1789604400,101.57,101.6,101.48,101.55,117
1789604700,101.55,101.57,101.45,101.47,188
1789605000,101.48,101.5,101.39,101.45,215
1789605300,101.44,101.45,101.35,101.38,118
1789605600,101.37,101.4,101.25,101.32,253
1789605900,101.3,101.41,101.24,101.27,264
1789606200,101.27,101.32,101.07,101.2,580
1789606500,101.2,101.31,101.15,101.31,220
1789606800,101.3,101.52,101.2,101.39,289
1789607100,101.39,101.61,101.3,101.6,293
1789607400,101.59,102.09,101.59,101.94,680
1789607700,101.96,102.11,101.81,102.09,234
1789608000,102.07,102.19,102.06,102.09,430
1789608300,102.09,102.22,102.01,102.17,379
1789608600,102.17,102.3,102.09,102.29,401
1789608900,102.3,102.31,102.18,102.26,326
1789609200,102.26,102.35,102.23,102.31,180
1789609500,102.32,102.34,102.18,102.22,179
1789609800,102.22,102.25,102.13,102.17,141
1789610100,102.18,102.3,102.14,102.24,181
1789610400,102.26,102.32,102.18,102.2,109
1789610700,102.2,102.31,102.08,102.1,178
1789611000,102.13,102.37,102.11,102.32,193
1789611300,102.27,102.27,102.16,102.18,69
1789611600,102.17,102.27,102.17,102.22,118
1789611900,102.2,102.21,102.16,102.16,88
1789612200,102.15,102.17,101.98,102.17,205
1789612500,102.16,102.17,101.95,102.02,224
1789612800,102.02,102.19,101.94,102.19,129
1789613100,102.19,102.31,102.15,102.25,104
1789613400,102.25,102.36,102.23,102.36,104
1789613700,102.36,102.43,102.31,102.33,99
1789614000,102.34,102.46,102.29,102.4,86
1789614300,102.42,102.44,102.36,102.42,104
1789614600,102.39,102.42,102.29,102.33,60
1789614900,102.32,102.43,102.32,102.39,50
1789615200,102.37,102.39,102.29,102.29,49
1789615500,102.3,102.33,102.24,102.24,122
1789615800,102.24,102.39,102.03,102.07,461
1789616100,102.05,102.12,101.99,102.05,203
1789616400,102.06,102.14,102,102.11,122
1789616700,102.1,102.22,102.1,102.22,170
1789617000,102.23,102.38,102.23,102.35,220
1789617300,102.36,102.36,102.27,102.34,87
1789617600,102.34,102.36,102.29,102.31,98
1789617900,102.31,102.37,102.25,102.28,133
1789618200,102.29,102.33,102.28,102.33,45
1789618500,102.32,102.39,102.32,102.37,92
1789618800,102.38,102.38,102.32,102.35,66
1789619100,102.36,102.47,102.35,102.35,116
1789619400,102.35,102.4,102.33,102.35,49
1789619700,102.36,102.47,102.34,102.36,127
1789620000,102.39,102.4,102.14,102.19,620
1789620300,102.18,102.27,102.12,102.12,108
1789620600,102.13,102.22,102.13,102.2,69
1789620900,102.21,102.22,102.19,102.21,58
1789621200,102.2,102.22,102.1,102.14,82
1789621500,102.15,102.17,102.1,102.16,26
1789621800,102.19,102.26,102.19,102.23,93
1789622100,102.23,102.26,102.19,102.22,45
1789622400,102.22,102.25,102.19,102.19,36
1789622700,102.2,102.2,101.99,102.02,190
1789623000,102.02,102.12,101.76,101.78,466
1789623300,101.76,101.81,101.64,101.75,298
1789623600,101.76,101.89,101.72,101.79,238
1789623900,101.79,101.82,101.6,101.68,221
1789624200,101.66,101.66,101.41,101.43,271
1789624500,101.43,101.55,101.39,101.42,202
1789624800,101.43,101.49,101.3,101.33,357
1789625100,101.34,101.39,101.14,101.18,645
1789625400,101.17,101.28,101.12,101.27,458
1789625700,101.25,101.37,101.13,101.17,392
1789626000,101.17,101.2,101,101.04,623
1789626300,101.03,101.13,100.82,100.83,662
1789626600,100.84,100.85,100.39,100.51,1975
1789626900,100.5,100.92,100.43,100.91,1198
1789627200,100.91,101.18,100.8,101.15,751
1789627500,101.15,101.15,100.77,100.81,668
1789627800,100.82,100.97,100.68,100.76,382
1789628100,100.73,101,100.59,100.96,743
1789628400,100.95,101.32,100.91,101.31,1156
1789628700,101.31,101.32,100.79,100.8,819
1789629000,100.81,100.96,100.66,100.88,824
1789629300,100.87,101.1,100.86,100.98,395
1789629600,100.99,101.13,100.88,101.03,393
1789629900,101.04,101.04,100.85,100.93,328
1789630200,100.87,101.12,100.86,101.12,300
1789630500,101.13,101.45,101,101.03,775
1789630800,101.03,101.38,100.96,101.34,332
1789631100,101.34,101.51,101.34,101.44,445
1789631400,101.43,101.76,101.41,101.71,641
1789631700,101.73,101.8,101.51,101.6,443
1789632000,101.58,101.84,101.56,101.83,459
1789632300,101.83,101.86,101.68,101.8,428
1789632600,101.81,101.98,101.71,101.88,442
1789632900,101.9,101.92,101.76,101.83,437
1789633200,101.83,101.87,101.72,101.8,349
1789633500,101.78,101.8,101.26,101.4,1395
1789633800,101.41,101.5,101.26,101.32,920
1789634100,101.31,101.52,101.28,101.31,512
1789634400,101.29,101.53,101.24,101.32,406
1789634700,101.33,101.5,101.14,101.17,525
1789635000,101.15,101.25,101.04,101.12,485
1789635300,101.11,101.48,101.09,101.46,301
1789635600,101.45,101.59,101.3,101.5,379
1789635900,101.48,101.64,101.37,101.56,313
1789636200,101.55,101.63,101.42,101.51,202
1789636500,101.53,101.6,101.39,101.57,249
1789636800,101.6,101.83,101.52,101.81,370
1789637100,101.83,102.12,101.83,102.08,697
1789637400,102.08,102.08,101.93,101.95,408
1789637700,101.96,101.99,101.69,101.73,461
1789638000,101.77,101.77,101.12,101.27,879
1789638300,101.29,101.55,101.04,101.51,776
1789638600,101.49,101.49,101.2,101.26,452
1789638900,101.27,101.35,101.16,101.34,354
1789639200,101.34,101.34,100.89,100.9,578
1789639500,100.89,100.91,100.47,100.8,1345
1789639800,100.8,100.86,100.7,100.84,678
1789640100,100.83,101.27,100.75,101.24,783
1789640400,101.22,101.23,100.57,100.58,806
1789640700,100.59,100.78,100.56,100.66,634
1789641000,100.63,100.95,100.6,100.94,649
1789641300,100.94,100.96,100.61,100.69,589
1789641600,100.69,100.78,100.54,100.62,756
1789641900,100.62,100.86,100.53,100.79,455
1789642200,100.78,100.8,100.56,100.75,587
1789642500,100.75,100.92,100.56,100.64,835
1789642800,100.63,100.79,100.59,100.7,487
1789643100,100.66,100.69,100.36,100.42,1096
1789643400,100.43,100.66,100.33,100.36,1015
1789643700,100.36,100.59,100.33,100.59,923
1789644000,100.59,100.62,100.42,100.59,412
1789644300,100.61,100.77,100.5,100.66,648
1789644600,100.68,100.95,100.59,100.6,672
1789644900,100.61,100.76,100.61,100.75,467
1789645200,100.75,100.93,100.65,100.69,476
1789645500,100.69,100.77,100.63,100.75,264
1789645800,100.74,100.82,100.38,100.42,527
1789646100,100.43,100.48,99.59,99.95,3997
1789646400,99.96,100.27,99.65,99.94,3090
1789646700,99.93,100.05,99.38,99.45,4465
1789647000,99.47,99.53,99.1,99.51,3134
1789647300,99.51,99.87,99.44,99.46,2066
1789647600,99.47,99.52,99.27,99.42,1017
1789647900,99.4,99.48,99.17,99.2,1551
1789648200,99.2,99.59,99.14,99.25,1614
1789648500,99.25,99.7,99.24,99.67,1444
1789648800,99.66,100.09,99.55,100.05,1693
1789649100,100.04,100.15,99.86,99.9,1376
1789649400,99.88,99.98,99.7,99.76,875
1789649700,99.76,99.99,99.72,99.98,774
1789650000,99.97,99.98,99.59,99.87,1305
1789650300,99.85,100.08,99.83,99.99,1610
1789650600,99.98,100.37,99.95,100.19,1572
1789650900,100.18,100.38,100.1,100.22,970
1789651200,100.22,100.5,100.22,100.48,1102
1789651500,100.47,100.68,100.36,100.53,1569
1789651800,100.53,100.78,100.48,100.52,1552
1789652100,100.51,100.97,100.44,100.94,1787
1789652400,100.95,101.27,100.9,101.11,2290
1789652700,101.11,101.19,100.58,100.68,1831
1789653000,100.71,100.78,100.33,100.46,1605
1789653300,100.46,100.75,100.39,100.58,1208
1789653600,100.54,100.81,100.3,100.33,971
1789653900,100.31,100.5,100.27,100.37,833
1789654200,100.38,100.51,100.3,100.31,440
1789654500,100.32,100.56,100.27,100.53,775
1789654800,100.5,100.68,100.31,100.37,824
1789655100,100.38,100.57,100.36,100.57,563
1789655400,100.58,100.64,100.46,100.61,583
1789655700,100.61,100.81,100.57,100.77,993
1789656000,100.77,100.78,100.57,100.59,977
1789656300,100.6,100.98,100.59,100.97,1058
1789656600,100.97,101.11,100.86,101.01,1167
1789656900,101.01,101.26,100.93,101.18,1319
1789657200,101.17,101.22,100.98,101.15,1129
1789657500,101.14,101.15,100.83,100.87,935
1789657800,100.9,101.07,100.74,100.81,785
1789658100,100.81,100.91,100.6,100.66,972
1789658400,100.66,100.84,100.48,100.73,1408
1789658700,100.72,100.81,100.53,100.75,1178
1789659000,100.74,100.88,100.58,100.75,1518
1789659300,100.74,101.12,100.72,101.09,1037
1789659600,101.08,101.28,101.04,101.23,1620
1789659900,101.24,101.29,101.04,101.21,1529
1789660200,101.2,101.21,100.89,100.99,1192
1789660500,101,101.1,100.87,100.95,565
1789660800,100.96,101.06,100.72,100.85,855
1789661100,100.85,100.9,100.73,100.82,562
1789661400,100.82,101.09,100.81,101.01,845
1789661700,101.01,101.25,101.01,101.23,899
1789662000,101.23,101.3,101.01,101.02,682
1789662300,101.02,101.26,101.02,101.2,456
1789662600,101.22,101.95,101.22,101.85,2953
1789662900,101.83,101.84,101.47,101.58,1145
1789663200,101.58,101.73,101.48,101.58,889
1789663500,101.59,101.99,101.59,101.91,1167
1789663800,101.92,102.15,101.87,101.93,2070
1789664100,101.93,102.33,101.85,102.08,4322
1789664400,102.09,102.2,101.98,102.09,1213
1789664700,102.09,102.23,102.05,102.16,949
1789665000,102.18,102.4,102.15,102.34,1749
1789665300,102.35,102.41,102.08,102.12,2045
1789665600,102.12,102.31,101.97,102.27,1578
1789665900,102.27,102.28,102.09,102.15,561
1789666200,102.14,102.15,101.94,101.99,999
1789666500,101.99,102.08,101.94,101.97,686
1789666800,101.96,102.05,101.77,101.93,1131
1789667100,101.94,101.98,101.86,101.94,399
1789667400,101.95,102.13,101.91,102.04,879
1789667700,102.04,102.08,101.85,101.98,927
1789668000,101.98,102.04,101.86,101.88,540
1789668300,101.89,101.91,101.75,101.91,488
1789668600,101.92,101.93,101.65,101.68,708
1789668900,101.69,101.85,101.67,101.84,575
1789669200,101.85,102.15,101.82,102,1504
1789669500,102,102.04,101.73,102.03,5492
1789669800,102.03,102.1,101.93,101.97,1841
1789670100,101.96,101.98,101.88,101.9,917
1789670400,101.9,101.92,101.76,101.78,448
1789670700,101.77,101.87,101.76,101.82,299
1789671000,101.82,101.87,101.77,101.82,450
1789671300,101.82,101.87,101.79,101.83,194
1789671600,101.84,101.85,101.47,101.48,588
1789671900,101.49,101.5,101.3,101.36,369
1789672200,101.35,101.45,101.32,101.43,286
1789672500,101.44,101.49,101.25,101.29,423
1789672800,101.29,101.32,101.07,101.2,501
1789673100,101.19,101.23,101.14,101.18,337
1789673400,101.19,101.33,101.19,101.28,192
1789673700,101.28,101.29,101.2,101.23,236
1789674000,101.23,101.3,101.2,101.2,342
1789674300,101.21,101.22,101.16,101.2,146
1789674600,101.2,101.27,101.2,101.24,271
1789674900,101.24,101.28,101.17,101.24,299
1789675200,101.24,101.29,101.18,101.23,235
1789675500,101.22,101.23,101.07,101.15,160
1789675800,101.15,101.31,101.12,101.31,127
1789676100,101.31,101.32,101.25,101.26,128
1789676400,101.25,101.31,101.23,101.3,53
1789676700,101.29,101.29,101.18,101.19,77
1789677000,101.19,101.29,101.19,101.28,78
1789677300,101.28,101.36,101.27,101.27,61
1789677600,101.28,101.3,101.25,101.26,72
1789677900,101.25,101.28,101.21,101.26,112
1789678200,101.26,101.26,101.03,101.03,201
1789678500,101.03,101.09,100.98,101.09,239
1789682400,96.48,96.62,96.35,96.41,283
1789682700,96.41,96.53,96.4,96.48,78
1789683000,96.49,96.54,96.44,96.51,77
1789683300,96.52,96.59,96.51,96.59,26
1789683600,96.58,96.75,96.58,96.7,135
1789683900,96.7,96.7,96.58,96.61,154
1789684200,96.58,96.67,96.57,96.59,57
1789684500,96.58,96.63,96.58,96.61,17
1789684800,96.62,96.63,96.6,96.6,18
1789685100,96.61,96.64,96.61,96.63,11
1789685400,96.63,96.64,96.58,96.58,20
1789685700,96.58,96.6,96.55,96.57,71
1789686000,96.54,96.64,96.52,96.64,67
1789686300,96.65,96.69,96.62,96.64,62
1789686600,96.64,96.64,96.59,96.6,22
1789686900,96.6,96.6,96.55,96.56,23
1789687200,96.55,96.58,96.54,96.56,24
1789687500,96.55,96.55,96.5,96.53,78
1789687800,96.54,96.56,96.53,96.53,35
1789688100,96.55,96.55,96.49,96.54,30
1789688400,96.55,96.58,96.55,96.57,34
1789688700,96.58,96.63,96.55,96.61,40
1789689000,96.59,96.63,96.58,96.63,49
1789689300,96.64,96.67,96.5,96.52,109
1789689600,96.51,96.66,96.35,96.51,660
1789689900,96.51,96.55,96.43,96.43,125
1789690200,96.45,96.47,96.23,96.24,225
1789690500,96.24,96.45,96.21,96.41,192
1789690800,96.41,96.41,96.27,96.31,210
1789691100,96.31,96.38,96.31,96.34,75
1789691400,96.33,96.41,96.31,96.36,87
1789691700,96.35,96.42,96.33,96.36,63
1789692000,96.35,96.36,96.31,96.33,25
1789692300,96.33,96.4,96.31,96.39,58
1789692600,96.4,96.5,96.39,96.5,109
1789692900,96.49,96.65,96.43,96.6,215
1789693200,96.6,96.62,96.41,96.47,385
1789693500,96.46,96.56,96.38,96.46,192
1789693800,96.45,96.51,96.37,96.48,164
1789694100,96.48,96.75,96.48,96.63,237
1789694400,96.64,96.65,96.53,96.6,111
1789694700,96.6,96.73,96.56,96.73,230
1789695000,96.7,96.78,96.56,96.58,225
1789695300,96.58,96.62,96.34,96.35,342
1789695600,96.37,96.42,96.16,96.29,421
1789695900,96.31,96.32,96.23,96.28,115
1789696200,96.28,96.6,96.28,96.53,240
1789696500,96.55,96.63,96.49,96.61,197
1789696800,96.61,96.73,96.57,96.66,279
1789697100,96.67,96.73,96.6,96.73,188
1789697400,96.74,96.84,96.66,96.69,216
1789697700,96.68,96.69,96.64,96.64,61
1789698000,96.67,96.72,96.61,96.65,63
1789698300,96.66,96.7,96.61,96.65,47
1789698600,96.66,96.7,96.45,96.47,231
1789698900,96.47,96.53,96.44,96.5,126
1789699200,96.5,96.57,96.42,96.48,206
1789699500,96.48,96.53,96.46,96.48,137
1789699800,96.47,96.71,96.46,96.65,236
1789700100,96.66,96.73,96.57,96.68,181
1789700400,96.67,96.76,96.6,96.72,180
1789700700,96.72,96.74,96.69,96.73,99
1789701000,96.7,96.8,96.68,96.71,190
1789701300,96.74,96.74,96.59,96.62,91
1789701600,96.64,96.64,96.53,96.57,262
1789701900,96.57,96.61,96.49,96.51,121
1789702200,96.51,96.56,96.42,96.42,125
1789702500,96.42,96.47,96.39,96.47,150
1789702800,96.47,96.5,96.42,96.43,59
1789703100,96.43,96.44,96.35,96.37,105
1789703400,96.38,96.5,96.36,96.47,68
1789703700,96.48,96.55,96.48,96.53,102
1789704000,96.53,96.59,96.53,96.58,100
1789704300,96.57,96.6,96.46,96.49,127
1789704600,96.5,96.5,96.45,96.47,130
1789704900,96.47,96.6,96.46,96.56,163
1789705200,96.56,96.68,96.55,96.63,247
1789705500,96.64,96.65,96.56,96.57,128
1789705800,96.57,96.57,96.41,96.51,246
1789706100,96.51,96.55,96.45,96.45,102
1789706400,96.45,96.45,96.12,96.18,578
1789706700,96.17,96.37,96.12,96.33,271
1789707000,96.3,96.32,96.21,96.26,125
1789707300,96.26,96.35,96.23,96.34,137
1789707600,96.33,96.37,96.29,96.32,136
1789707900,96.32,96.52,96.3,96.41,228
1789708200,96.42,96.42,96.32,96.34,103
1789708500,96.34,96.38,96.3,96.38,90
1789708800,96.38,96.39,96.33,96.33,96
1789709100,96.34,96.35,96.3,96.34,125
1789709400,96.33,96.4,96.25,96.35,327
1789709700,96.29,96.32,96.03,96.1,517
1789710000,96.09,96.28,96.05,96.12,458
1789710300,96.11,96.43,96.09,96.32,758
1789710600,96.24,96.39,96.16,96.2,586
1789710900,96.2,96.34,96.18,96.31,270
1789711200,96.32,96.46,96.18,96.33,781
1789711500,96.33,96.39,96.16,96.26,487
1789711800,96.25,96.29,96.05,96.25,396
1789712100,96.26,96.39,96.14,96.16,263
1789712400,96.18,96.22,95.8,95.88,922
1789712700,95.9,95.91,95.71,95.73,745
1789713000,95.73,95.73,95.45,95.5,1460
1789713300,95.5,95.5,95.31,95.4,1310
1789713600,95.4,95.69,95.4,95.48,783
1789713900,95.49,95.64,95.46,95.48,667
1789714200,95.48,95.49,95.22,95.28,666
1789714500,95.28,95.38,95.25,95.37,520
1789714800,95.37,95.59,95.37,95.54,840
1789715100,95.55,95.71,95.55,95.62,683
1789715400,95.62,95.62,95.42,95.49,559
1789715700,95.46,95.5,95.2,95.22,709
1789716000,95.24,95.29,94.93,95.02,1525
1789716300,95.03,95.04,94.9,94.99,771
1789716600,94.97,95.2,94.93,94.96,1063
1789716900,94.96,94.98,94.83,94.86,686
1789717200,94.86,95.16,94.84,95.15,773
1789717500,95.13,95.36,95.12,95.32,628
1789717800,95.31,95.37,95.24,95.25,562
1789718100,95.24,95.41,95.24,95.33,656
1789718400,95.33,95.49,95.33,95.47,592
1789718700,95.46,95.54,95.37,95.49,586
1789719000,95.48,95.53,95.32,95.38,398
1789719300,95.38,95.5,95.21,95.32,656
1789719600,95.32,95.54,95.28,95.49,712
1789719900,95.49,95.76,95.47,95.74,1434
1789720200,95.73,95.87,95.69,95.72,1217
1789720500,95.72,95.8,95.63,95.74,484
1789720800,95.74,95.87,95.57,95.59,409
1789721100,95.6,95.69,95.51,95.55,602
1789721400,95.55,95.69,95.48,95.6,450
1789721700,95.6,95.65,95.45,95.56,412
1789722000,95.57,95.65,95.43,95.47,686
1789722300,95.47,95.49,95.24,95.28,798
1789722600,95.29,95.36,95.22,95.32,507
1789722900,95.32,95.39,95.2,95.24,362
1789723200,95.23,95.47,95.23,95.45,382
1789723500,95.43,95.79,95.41,95.69,822
1789723800,95.69,95.94,95.69,95.9,698
1789724100,95.9,96.37,95.8,96.37,1216
1789724400,96.37,96.51,96.31,96.45,1519
1789724700,96.46,96.51,96.3,96.36,781
1789725000,96.35,96.4,96.14,96.25,1102
1789725300,96.24,96.39,96.21,96.38,632
1789725600,96.38,96.44,96.27,96.34,666
1789725900,96.34,96.38,96.15,96.21,476
1789726200,96.21,96.43,96.19,96.26,576
1789726500,96.26,96.32,96.11,96.21,376
1789726800,96.2,96.23,95.94,95.98,544
1789727100,96.01,96.09,95.66,95.67,742
1789727400,95.67,95.9,95.54,95.84,722
1789727700,95.83,95.91,95.75,95.8,268
1789728000,95.78,95.9,95.75,95.76,334
1789728300,95.75,95.85,95.72,95.82,346
1789728600,95.79,95.8,95.64,95.67,445
1789728900,95.66,95.68,95.52,95.61,406
1789729200,95.62,95.65,95.41,95.43,665
1789729500,95.41,96.26,95.39,95.76,3508
1789729800,95.75,95.96,95.72,95.9,964
1789730100,95.92,96.4,95.91,96.33,1374
1789730400,96.34,96.35,96.02,96.09,698
1789730700,96.08,96.28,96.05,96.21,564
1789731000,96.21,96.23,95.93,96.08,740
1789731300,96.09,96.17,96.01,96.11,314
1789731600,96.11,96.2,96.05,96.18,368
1789731900,96.18,96.29,96.18,96.21,522
1789732200,96.22,96.39,96.2,96.35,784
1789732500,96.35,96.35,96.19,96.22,291
1789732800,96.22,96.3,95.87,96.03,1436
1789733100,96.02,96.49,95.65,96.31,2395
1789733400,96.3,96.56,96.3,96.33,1147
1789733700,96.35,96.58,96.3,96.55,918
1789734000,96.55,96.82,96.52,96.79,1156
1789734300,96.8,96.81,96.57,96.69,918
1789734600,96.69,96.79,96.67,96.75,596
1789734900,96.75,96.84,96.63,96.7,1019
1789735200,96.7,96.87,96.7,96.81,902
1789735500,96.82,96.95,96.67,96.72,1565
1789735800,96.73,96.78,96.6,96.69,655
1789736100,96.71,96.93,96.62,96.9,1019
1789736400,96.9,97.41,96.88,97.34,2987
1789736700,97.33,97.46,97.28,97.4,1492
1789737000,97.4,97.58,97.4,97.57,1071
1789737300,97.58,97.63,97.33,97.34,1288
1789737600,97.33,97.59,97.29,97.5,926
1789737900,97.5,97.64,97.47,97.59,859
1789738200,97.6,97.82,97.55,97.8,2365
1789738500,97.8,97.84,97.54,97.62,1373
1789738800,97.62,97.95,97.62,97.82,1697
1789739100,97.82,97.92,97.65,97.81,1266
1789739400,97.81,97.98,97.69,97.7,1339
1789739700,97.71,97.84,97.59,97.8,1216
1789740000,97.79,97.83,97.45,97.51,1675
1789740300,97.54,97.65,97.38,97.43,1737
1789740600,97.44,97.86,97.4,97.85,1755
1789740900,97.84,98.01,97.77,97.98,1668
1789741200,97.97,98.01,97.8,97.88,1711
1789741500,97.87,97.94,97.81,97.87,808
1789741800,97.87,97.9,97.68,97.7,1522
1789742100,97.7,97.82,97.44,97.56,2786
1789742400,97.57,97.85,97.47,97.68,1976
1789742700,97.67,97.72,97.13,97.14,2127
1789743000,97.15,97.17,96.85,97.05,1927
1789743300,97.05,97.14,96.92,97.05,1497
1789743600,97.06,97.17,96.8,96.84,1528
1789743900,96.84,97.06,96.82,97.05,970
1789744200,97.05,97.05,96.87,97.01,880
1789744500,97.01,97.21,96.92,97.16,945
1789744800,97.16,97.2,97.01,97.09,972
1789745100,97.09,97.19,96.94,97.19,1526
1789745400,97.18,97.36,97.03,97.26,1888
1789745700,97.28,97.36,97.17,97.23,880
1789746000,97.23,97.27,96.91,97.06,1148
1789746300,97.05,97.16,96.89,96.97,731
1789746600,96.96,97.17,96.95,97.13,1101
1789746900,97.15,97.15,96.81,96.82,908
1789747200,96.83,96.86,96.64,96.73,1250
1789747500,96.72,96.79,96.61,96.75,907
1789747800,96.75,96.81,96.57,96.6,1619
1789748100,96.61,96.71,96.57,96.66,856
1789748400,96.65,96.75,96.57,96.63,844
1789748700,96.61,96.72,96.23,96.32,3081
1789749000,96.33,96.52,96.1,96.23,2701
1789749300,96.21,96.37,95.9,95.92,1740
1789749600,95.92,96.05,95.87,95.99,1549
1789749900,95.99,96.2,95.97,96.09,941
1789750200,96.08,96.18,95.98,96.04,779
1789750500,96.03,96.04,95.84,96,1064
1789750800,95.99,96.17,95.97,96.07,915
1789751100,96.06,96.06,95.87,95.9,1026
1789751400,95.88,96,95.82,95.88,905
1789751700,95.89,95.91,95.72,95.78,1147
1789752000,95.78,95.93,95.69,95.73,1314
1789752300,95.73,95.91,95.73,95.9,780
1789752600,95.89,96.04,95.89,95.93,930
1789752900,95.95,95.98,95.82,95.91,1067
1789753200,95.91,96.1,95.86,96.03,958
1789753500,96.03,96.15,95.98,96.06,906
1789753800,96.07,96.17,95.96,96,980
1789754100,95.99,96.05,95.82,96.02,887
1789754400,96,96.11,95.82,95.91,1110
1789754700,95.91,96.01,95.81,96,976
1789755000,95.99,96.08,95.83,95.84,972
1789755300,95.84,96.03,95.76,95.95,1189
1789755600,95.95,95.98,95.78,95.94,1546
1789755900,95.94,96.14,95.88,96.04,4787
1789756200,96.04,96.04,95.84,95.84,1270
1789756500,95.84,95.87,95.71,95.72,861
1789756800,95.72,95.77,95.59,95.62,1138
1789757100,95.61,95.66,95.54,95.59,803
1789757400,95.59,95.61,95.48,95.48,532
1789757700,95.48,95.57,95.43,95.5,517
1789758000,95.51,95.52,95.39,95.42,479
1789758300,95.43,95.52,95.4,95.52,482
1789758600,95.51,95.59,95.5,95.53,444
1789758900,95.52,95.57,95.47,95.53,355
1789759200,95.52,95.57,95.47,95.52,447
1789759500,95.52,95.65,95.52,95.65,394
1789759800,95.64,95.66,95.58,95.6,308
1789760100,95.61,95.68,95.57,95.59,509
1789760400,95.6,95.64,95.57,95.6,345
1789760700,95.59,95.67,95.58,95.61,318
1789761000,95.61,95.63,95.56,95.59,705
1789761300,95.6,95.74,95.6,95.69,619
1789761600,95.68,95.7,95.61,95.69,333
1789761900,95.67,95.68,95.39,95.48,505
1789762200,95.44,95.45,95.18,95.35,649
1789762500,95.37,95.54,95.3,95.49,274
1789762800,95.5,95.54,95.4,95.46,232
1789763100,95.48,95.5,95.3,95.31,195
1789763400,95.33,95.36,95.15,95.27,382
1789763700,95.28,95.42,95.26,95.39,219
1789764000,95.36,95.41,95.33,95.35,201
1789764300,95.38,95.42,95.32,95.39,211
1789764600,95.39,95.5,95.35,95.45,244
1789764900,95.44,95.5,95.43,95.47,452
1789941600,96.75,97.22,96.67,96.86,1879
1789941900,96.85,96.93,96.7,96.77,732
1789942200,96.77,96.77,96.59,96.62,416
1789942500,96.62,96.67,96.59,96.59,266
1789942800,96.6,96.66,96.52,96.54,197
1789943100,96.53,96.55,96.45,96.48,149
1789943400,96.48,96.56,96.38,96.44,342
1789943700,96.44,96.46,96.16,96.23,458
1789944000,96.23,96.24,96.01,96.11,296
1789944300,96.1,96.1,95.92,95.99,362
1789944600,95.98,96.02,95.89,95.97,143
1789944900,95.96,95.98,95.88,95.91,97
1789945200,95.91,95.98,95.91,95.97,173
1789945500,95.97,95.99,95.85,95.88,109
1789945800,95.87,95.93,95.86,95.91,88
1789946100,95.9,96.06,95.9,96.04,403
1789946400,96.05,96.29,96.02,96.26,276
1789946700,96.27,96.33,96.11,96.11,189
1789947000,96.1,96.1,95.97,95.99,227
1789947300,95.99,95.99,95.9,95.96,129
1789947600,95.98,96.06,95.94,95.94,153
1789947900,95.94,95.94,95.86,95.88,120
1789948200,95.89,95.99,95.89,95.93,105
1789948500,95.9,95.92,95.62,95.66,386
1789948800,95.66,95.86,95.54,95.8,399
1789949100,95.78,95.81,95.71,95.71,94
1789949400,95.73,95.82,95.72,95.81,116
1789949700,95.83,95.83,95.59,95.61,292
1789950000,95.6,95.62,95.16,95.26,753
1789950300,95.25,95.41,95.24,95.34,276
1789950600,95.34,95.37,95.11,95.18,382
1789950900,95.2,95.23,94.54,94.67,1264
1789951200,94.67,94.88,94.33,94.86,1378
1789951500,94.86,94.88,94.53,94.61,522
1789951800,94.6,94.73,94.5,94.59,450
1789952100,94.6,94.73,94.53,94.63,354
1789952400,94.61,94.61,94.12,94.33,1291
1789952700,94.33,94.38,93.8,93.89,1214
1789953000,93.88,94.06,93.78,93.87,724
1789953300,93.86,93.93,93.62,93.73,765
1789953600,93.72,93.87,93.68,93.72,658
1789953900,93.73,93.79,93.58,93.79,642
1789954200,93.79,93.92,93.72,93.87,569
1789954500,93.83,94.11,93.76,93.89,682
1789954800,93.88,94.02,93.82,93.93,295
1789955100,93.94,94.07,93.89,94.06,303
1789955400,94.05,94.06,93.81,93.86,462
1789955700,93.86,94.03,93.67,93.95,510
1789956000,93.95,94.06,93.89,93.92,261
1789956300,93.94,94.12,93.9,94.01,305
1789956600,94.04,94.04,93.91,93.98,159
1789956900,93.99,94.1,93.94,94.01,205
1789957200,94.03,94.09,94.03,94.08,118
1789957500,94.07,94.09,93.94,93.96,228
1789957800,93.97,94.12,93.87,93.91,471
1789958100,93.89,93.97,93.82,93.96,193
1789958400,93.97,93.97,93.87,93.92,125
1789958700,93.9,93.94,93.75,93.83,318
1789959000,93.85,93.91,93.79,93.87,219
1789959300,93.86,94.08,93.83,94.06,282
1789959600,94.07,94.07,93.91,93.96,194
1789959900,93.96,94.08,93.93,93.97,179
1789960200,93.98,93.99,93.89,93.91,96
1789960500,93.91,93.99,93.87,93.92,126
1789960800,93.91,93.97,93.88,93.95,92
1789961100,93.96,93.97,93.85,93.94,134
1789961400,93.93,94.06,93.87,93.89,488
1789961700,93.88,93.88,93.75,93.87,442
1789962000,93.87,93.96,93.8,93.95,144
1789962300,93.94,93.98,93.81,93.93,195
1789962600,93.94,94.05,93.94,94.05,134
1789962900,94.05,94.06,93.95,94.01,74
1789963200,93.99,94.16,93.98,94.12,270
1789963500,94.11,94.14,94.03,94.04,178
1789963800,94.04,94.25,94,94.19,285
1789964100,94.18,94.21,93.84,93.86,383
1789964400,93.88,93.94,93.87,93.92,121
1789964700,93.91,93.99,93.9,93.94,147
1789965000,93.92,94.05,93.89,94.04,226
1789965300,94.06,94.09,94,94.02,92
1789965600,94.02,94.05,93.97,94.03,135
1789965900,94.05,94.06,93.92,93.93,92
1789966200,93.94,94.12,93.94,94.1,143
1789966500,94.1,94.13,94.01,94.09,116
1789966800,94.08,94.3,94.08,94.29,189
1789967100,94.29,94.39,94.24,94.27,216
1789967400,94.26,94.37,94.25,94.33,159
1789967700,94.34,94.38,94.25,94.27,198
1789968000,94.26,94.34,94.19,94.19,261
1789968300,94.19,94.29,94.15,94.2,200
1789968600,94.19,94.46,94.19,94.38,261
1789968900,94.39,94.41,94.18,94.22,245
1789969200,94.22,94.43,94.11,94.43,283
1789969500,94.45,94.71,94.36,94.69,541
1789969800,94.68,94.7,94.57,94.62,351
1789970100,94.63,94.69,94.55,94.62,170
1789970400,94.63,94.78,94.54,94.56,692
1789970700,94.56,94.59,94.48,94.53,415
1789971000,94.53,94.53,94.23,94.26,785
1789971300,94.26,94.3,93.87,93.96,878
1789971600,93.96,94.17,93.93,94.15,561
1789971900,94.13,94.3,94.09,94.12,393
1789972200,94.11,94.19,94.01,94.07,448
1789972500,94.06,94.07,93.94,94.01,243
1789972800,94,94.22,93.98,94.15,212
1789973100,94.14,94.19,94.08,94.15,283
1789973400,94.13,94.37,94.1,94.25,447
1789973700,94.24,94.27,94.12,94.14,275
1789974000,94.14,94.25,93.97,93.99,677
1789974300,94,94.09,93.76,93.87,910
1789974600,93.86,94.1,93.82,94.04,610
1789974900,94.03,94.11,93.97,94.07,370
1789975200,94.07,94.13,93.84,93.96,411
1789975500,93.96,94.01,93.86,93.97,429
1789975800,93.95,94,93.77,93.91,470
1789976100,93.93,94.04,93.86,93.86,366
1789976400,93.9,94,93.82,93.95,452
1789976700,93.95,94.3,93.95,94.24,900
1789977000,94.24,94.32,94.08,94.1,657
1789977300,94.09,94.19,93.89,94.19,415
1789977600,94.19,94.25,94.09,94.2,457
1789977900,94.22,94.33,94.12,94.22,778
1789978200,94.2,94.21,93.94,94.01,541
1789978500,94.03,94.08,93.97,94,446
1789978800,93.99,94.02,93.62,93.67,994
1789979100,93.67,93.79,93.46,93.76,1865
1789979400,93.76,94.03,93.68,93.74,1229
1789979700,93.75,93.92,93.64,93.91,630
1789980000,93.9,94.01,93.85,93.93,494
1789980300,93.94,94.15,93.88,94.07,591
1789980600,94.07,94.29,94.05,94.28,718
1789980900,94.28,94.31,94.11,94.2,583
1789981200,94.21,94.57,94.19,94.56,820
1789981500,94.56,94.59,94.15,94.23,645
1789981800,94.24,94.42,94.23,94.27,531
1789982100,94.27,94.37,94.21,94.32,250
1789982400,94.33,94.52,94.31,94.34,324
1789982700,94.35,94.37,94.2,94.32,312
1789983000,94.32,94.39,94.13,94.15,395
1789983300,94.16,94.21,94.13,94.18,233
1789983600,94.17,94.17,94.01,94.09,391
1789983900,94.09,94.23,94,94,343
1789984200,93.99,93.99,93.51,93.54,1691
1789984500,93.54,93.75,93.48,93.72,1083
1789984800,93.74,93.87,93.66,93.84,639
1789985100,93.83,93.84,93.69,93.69,496
1789985400,93.69,93.8,93.34,93.35,1384
1789985700,93.35,93.4,93.05,93.14,1912
1789986000,93.14,93.35,93.11,93.26,896
1789986300,93.27,93.28,93.01,93.02,935
1789986600,93.02,93.06,92.91,92.94,1356
1789986900,92.93,92.95,92.71,92.71,1341
1789987200,92.72,93.13,92.7,93.07,1331
1789987500,93.07,93.08,92.93,92.99,722
1789987800,92.98,93.1,92.89,92.95,726
1789988100,92.96,93.32,92.95,93.32,989
1789988400,93.31,93.54,93.31,93.54,1433
1789988700,93.54,93.63,93.48,93.58,911
1789989000,93.59,93.64,93.56,93.58,388
1789989300,93.58,93.62,93.47,93.5,586
1789989600,93.48,93.53,93.44,93.5,404
1789989900,93.47,93.58,93.37,93.56,606
1789990200,93.55,93.71,93.55,93.63,658
1789990500,93.63,93.7,93.43,93.58,920
1789990800,93.58,93.58,93.29,93.33,669
1789991100,93.32,93.47,93.31,93.38,320
1789991400,93.38,93.54,93.35,93.41,499
1789991700,93.41,93.57,93.33,93.48,505
1789992000,93.48,93.78,93.32,93.49,1651
1789992300,93.49,93.49,93.14,93.36,1047
1789992600,93.36,93.46,93.21,93.29,877
1789992900,93.3,93.35,93.17,93.21,699
1789993200,93.21,93.43,93.12,93.4,996
1789993500,93.4,93.61,93.3,93.58,725
1789993800,93.58,93.67,93.51,93.62,574
1789994100,93.62,93.69,93.52,93.54,420
1789994400,93.53,93.53,92.77,92.87,2730
1789994700,92.89,93.43,92.86,93.41,1371
1789995000,93.4,93.59,93.36,93.48,687
1789995300,93.49,93.7,93.48,93.7,664
1789995600,93.7,93.76,93.03,93.08,2540
1789995900,93.08,93.21,92.95,92.96,1328
1789996200,92.97,93.15,92.9,92.93,1228
1789996500,92.91,92.96,92.62,92.71,1918
1789996800,92.71,92.8,92.52,92.76,1843
1789997100,92.75,92.93,92.56,92.62,2828
1789997400,92.62,93.12,92.58,92.96,2802
1789997700,92.96,93.01,92.7,92.72,1574
1789998000,92.72,92.75,92.48,92.64,1782
1789998300,92.64,92.92,92.62,92.66,1145
1789998600,92.65,92.92,92.64,92.86,1634
1789998900,92.86,92.89,92.5,92.58,1702
1789999200,92.57,92.67,92.45,92.5,1508
1789999500,92.5,92.6,92.49,92.53,1048
1789999800,92.53,92.65,92.11,92.19,3647
1790000100,92.18,92.19,92,92.18,2965
1790000400,92.16,92.22,91.91,92.07,2424
1790000700,92.06,92.06,91.7,91.73,2752
1790001000,91.73,92.07,91.67,92,2813
1790001300,92,92.05,91.8,91.9,1527
1790001600,91.91,91.92,91.63,91.79,2143
1790001900,91.78,91.93,91.59,91.92,1574
1790002200,91.92,92.23,91.89,92.12,2258
1790002500,92.1,92.33,92.04,92.22,1787
1790002800,92.22,92.36,92.08,92.25,1595
1790003100,92.26,92.37,92.24,92.29,929
1790003400,92.29,92.38,92.08,92.1,1262
1790003700,92.08,92.24,92.06,92.22,815
1790004000,92.23,92.42,92.23,92.36,1173
1790004300,92.35,92.51,92.24,92.31,1630
1790004600,92.32,92.34,92.1,92.15,1936
1790004900,92.16,92.24,91.84,92.14,2490
1790005200,92.14,92.33,92.1,92.1,1424
1790005500,92.1,92.22,92.09,92.19,761
1790005800,92.19,92.34,91.7,92.3,2483
1790006100,92.3,92.38,92.19,92.31,977
1790006400,92.32,92.34,91.89,92,2068
1790006700,92,92.05,91.53,91.64,4853
1790007000,91.63,91.74,91.45,91.6,3071
1790007300,91.59,91.62,91.3,91.37,2012
1790007600,91.38,91.7,91.32,91.7,1430
1790007900,91.7,91.78,91.62,91.76,953
1790008200,91.76,91.82,91.53,91.57,1202
1790008500,91.59,91.6,91.27,91.38,1434
1790008800,91.38,91.4,91.29,91.38,878
1790009100,91.39,91.53,91.37,91.38,942
1790009400,91.39,91.39,91.22,91.23,914
1790009700,91.22,91.47,91.19,91.45,1451
1790010000,91.44,91.65,91.44,91.57,1254
1790010300,91.58,91.61,91.47,91.53,789
1790010600,91.52,91.69,91.51,91.69,827
1790010900,91.7,91.73,91.61,91.65,764
1790011200,91.66,91.75,91.64,91.7,750
1790011500,91.69,91.75,91.64,91.73,589
1790011800,91.74,92.12,91.73,92.03,1882
1790012100,92.03,92.12,91.97,92.02,832
1790012400,92.03,92.18,92.03,92.18,974
1790012700,92.17,92.27,92.11,92.27,1138
1790013000,92.28,92.29,92.04,92.09,1203
1790013300,92.09,92.21,92.07,92.18,919
1790013600,92.17,92.26,92.06,92.25,932
1790013900,92.23,92.32,92.19,92.28,919
1790014200,92.28,92.42,92.19,92.22,1501
1790014500,92.22,92.45,92.19,92.42,1419
1790014800,92.43,92.51,92.34,92.4,1880
1790015100,92.4,92.42,92.3,92.36,6016
1790015400,92.37,92.42,92.11,92.27,1531
1790015700,92.27,92.36,92.24,92.33,827
1790016000,92.33,92.46,92.31,92.39,782
1790016300,92.4,92.49,92.4,92.47,443
1790016600,92.48,92.59,92.47,92.55,740
1790016900,92.56,92.56,92.47,92.48,284
1790017200,92.48,92.53,92.44,92.49,313
1790017500,92.49,92.51,92.37,92.37,410
1790017800,92.37,92.48,92.37,92.43,366
1790018100,92.43,92.52,92.43,92.52,340
1790018400,92.5,92.55,92.41,92.41,519
1790018700,92.41,92.41,92.01,92.06,1130
1790019000,92.05,92.1,91.96,92.01,513
1790019300,92.01,92.12,91.97,91.99,404
1790019600,91.98,92.03,91.94,92.03,582
1790019900,92.02,92.11,92.02,92.1,288
1790020200,92.1,92.18,92.09,92.15,314
1790020500,92.15,92.22,92.12,92.14,351
1790020800,92.12,92.16,91.97,92,365
1790021100,91.98,92.06,91.95,92.04,156
1790021400,92.04,92.15,91.94,91.99,537
1790021700,91.97,92.06,91.96,92.03,89
1790022000,92.04,92.04,91.82,91.88,303
1790022300,91.88,91.95,91.87,91.95,171
1790022600,91.93,91.97,91.9,91.97,208
1790022900,91.96,92.05,91.92,92.03,111
1790023200,92.04,92.17,92.04,92.13,225
1790023500,92.13,92.15,91.99,92.02,153
1790023800,92.04,92.04,91.97,91.97,228
1790024100,91.99,92,91.91,91.97,347
1790028000,91.95,92.04,91.79,91.81,274
1790028300,91.8,91.84,91.76,91.8,74
1790028600,91.8,91.86,91.75,91.85,85
1790028900,91.84,91.92,91.81,91.92,46
1790029200,91.92,91.94,91.9,91.92,43
1790029500,91.93,91.99,91.93,91.99,116
1790029800,91.99,91.99,91.94,91.95,65
1790030100,91.96,92.13,91.96,92.11,159
1790030400,92.08,92.08,92.04,92.06,47
1790030700,92.06,92.09,92.05,92.08,35
1790031000,92.07,92.12,92.06,92.12,29
1790031300,92.12,92.18,92.12,92.16,65
1790031600,92.17,92.18,92.09,92.09,67
1790031900,92.09,92.09,92.03,92.06,31
1790032200,92.08,92.15,92.08,92.14,31
1790032500,92.15,92.16,92.11,92.13,48
1790032800,92.13,92.21,92.13,92.17,65
1790033100,92.18,92.34,92.18,92.32,199
1790033400,92.3,92.33,92.27,92.3,61
1790033700,92.29,92.29,92.2,92.23,39
1790034000,92.25,92.27,92.23,92.27,36
1790034300,92.25,92.26,92.17,92.22,73
1790034600,92.24,92.3,92.24,92.29,63
1790034900,92.28,92.31,92.25,92.29,49
1790035200,92.27,92.36,92.11,92.23,471
1790035500,92.23,92.26,92.18,92.22,107
1790035800,92.23,92.3,92.22,92.3,113
1790036100,92.29,92.46,92.29,92.44,277
1790036400,92.44,92.56,92.44,92.49,337
1790036700,92.5,92.56,92.48,92.52,166
1790037000,92.52,92.61,92.49,92.59,193
1790037300,92.6,92.73,92.6,92.61,287
1790037600,92.61,92.73,92.58,92.71,339
1790037900,92.71,92.76,92.62,92.72,334
1790038200,92.71,92.76,92.63,92.72,450
1790038500,92.72,92.77,92.69,92.72,306
1790038800,92.73,92.9,92.72,92.78,613
1790039100,92.78,92.91,92.78,92.78,178
1790039400,92.78,92.84,92.74,92.81,131
1790039700,92.82,92.83,92.74,92.76,163
1790040000,92.78,92.83,92.71,92.76,80
1790040300,92.77,92.89,92.76,92.81,136
1790040600,92.82,92.83,92.76,92.79,118
1790040900,92.78,92.84,92.75,92.84,200
1790041200,92.84,92.99,92.84,92.99,351
1790041500,92.97,92.99,92.75,92.87,205
1790041800,92.88,92.92,92.86,92.89,74
1790042100,92.88,93,92.83,92.98,220
1790042400,92.99,93,92.87,92.88,123
1790042700,92.87,93.01,92.84,92.92,193
1790043000,92.92,92.96,92.87,92.91,95
1790043300,92.9,92.9,92.81,92.85,141
1790043600,92.85,92.85,92.73,92.8,277
1790043900,92.8,92.9,92.78,92.86,194
1790044200,92.86,93,92.83,92.85,189
1790044500,92.85,92.98,92.84,92.96,112
1790044800,92.97,92.99,92.88,92.93,195
1790045100,92.92,92.99,92.91,92.93,164
1790045400,92.94,93.07,92.93,93.07,430
1790045700,93.07,93.17,93.02,93.12,447
1790046000,93.12,93.25,93.1,93.22,402
1790046300,93.22,93.27,93.15,93.18,203
1790046600,93.19,93.21,93.13,93.19,121
1790046900,93.17,93.25,93.16,93.16,138
1790047200,93.15,93.16,93.08,93.1,134
1790047500,93.1,93.17,93.1,93.15,62
1790047800,93.12,93.15,93.07,93.12,112
1790048100,93.11,93.14,93.05,93.09,107
1790048400,93.07,93.11,92.97,92.97,212
1790048700,92.98,92.98,92.91,92.96,224
1790049000,92.95,92.99,92.88,92.98,170
1790049300,92.97,93,92.93,93,92
1790049600,92.99,93.1,92.96,93.03,169
1790049900,93.02,93.23,93.01,93.21,433
1790050200,93.2,93.31,93.19,93.24,448
1790050500,93.25,93.37,93.22,93.35,243
1790050800,93.36,93.39,93.22,93.25,247
1790051100,93.26,93.3,93.21,93.21,105
1790051400,93.21,93.24,93.17,93.2,158
1790051700,93.21,93.23,93.15,93.21,75
1790052000,93.22,93.31,93.22,93.31,61
1790052300,93.3,93.39,93.28,93.37,113
1790052600,93.38,93.41,93.37,93.4,109
1790052900,93.41,93.41,93.35,93.38,105
1790053200,93.38,93.42,93.33,93.34,183
1790053500,93.34,93.4,93.32,93.34,85
1790053800,93.35,93.4,93.35,93.38,115
1790054100,93.4,93.43,93.37,93.43,52
1790054400,93.42,93.44,93.35,93.39,219
1790054700,93.39,93.39,93.35,93.39,67
1790055000,93.39,93.58,93.39,93.51,529
1790055300,93.52,93.53,93.4,93.5,286
1790055600,93.5,93.53,93.45,93.53,74
1790055900,93.53,93.57,93.4,93.4,159
1790056200,93.41,93.48,93.36,93.42,273
1790056500,93.45,93.56,93.4,93.55,257
1790056800,93.54,93.65,93.51,93.58,425
1790057100,93.59,93.75,93.59,93.75,443
1790057400,93.74,93.75,93.63,93.72,260
1790057700,93.72,93.78,93.63,93.77,386
1790058000,93.77,93.81,93.71,93.76,251
1790058300,93.76,93.78,93.65,93.66,211
1790058600,93.66,93.74,93.62,93.68,182
1790058900,93.7,93.7,93.59,93.6,254
1790059200,93.6,93.66,93.52,93.52,385
1790059500,93.54,93.55,93.4,93.48,503
1790059800,93.46,93.53,93.44,93.46,206
1790060100,93.44,93.64,93.42,93.63,504
1790060400,93.64,93.84,93.52,93.53,943
1790060700,93.53,93.54,93.32,93.35,557
1790061000,93.37,93.45,93.25,93.4,534
1790061300,93.39,93.44,93.16,93.24,484
1790061600,93.24,93.29,93.04,93.14,641
1790061900,93.13,93.21,93.02,93.07,497
1790062200,93.06,93.12,92.96,93,691
1790062500,92.99,93.03,92.91,92.97,460
1790062800,92.98,93.06,92.89,93,400
1790063100,93,93.17,92.93,93.14,470
1790063400,93.15,93.31,93.14,93.16,554
1790063700,93.16,93.27,93.07,93.24,512
1790064000,93.23,93.26,92.93,92.97,684
1790064300,92.97,93.03,92.9,92.97,487
1790064600,92.96,93.1,92.9,93.06,754
1790064900,93.05,93.09,92.85,92.85,649
1790065200,92.85,92.93,92.7,92.74,1039
1790065500,92.74,93.03,92.51,93.02,2551
1790065800,93.01,93.14,92.56,92.59,2214
1790066100,92.59,92.71,92.26,92.33,1452
1790066400,92.36,92.4,91.77,91.77,2795
1790066700,91.77,91.8,90.88,90.93,3861
1790067000,90.93,91,90.2,90.58,4616
1790067300,90.58,90.68,90.24,90.42,2432
1790067600,90.44,90.9,90.31,90.87,2587
1790067900,90.87,91.56,90.87,91.26,2897
1790068200,91.27,91.46,91.16,91.23,1553
1790068500,91.23,91.28,90.95,91.1,1742
1790068800,91.11,91.41,91.01,91.3,1164
1790069100,91.29,91.39,91.12,91.23,661
1790069400,91.2,91.35,90.88,90.9,1433
1790069700,90.89,91.1,90.88,90.95,641
1790070000,90.94,90.98,90.68,90.77,1376
1790070300,90.77,90.84,90.31,90.36,2667
1790070600,90.34,90.46,89.75,90.13,7678
1790070900,90.12,90.75,89.68,89.73,6660
1790071200,89.72,89.77,89.3,89.35,3799
1790071500,89.34,89.65,89.24,89.45,2585
1790071800,89.44,89.82,89.27,89.75,2059
1790072100,89.76,89.92,89.49,89.74,1965
1790072400,89.74,89.97,89.58,89.92,1285
1790072700,89.93,90.03,89.77,89.95,948
1790073000,89.95,89.95,89.71,89.72,640
1790073300,89.73,89.83,89.53,89.56,696
1790073600,89.55,89.63,89.16,89.31,1561
1790073900,89.31,89.77,89.31,89.7,1387
1790074200,89.68,89.68,89.25,89.38,961
1790074500,89.37,89.55,89.33,89.55,674
1790074800,89.55,90.04,89.55,90.02,1113
1790075100,90.02,90.77,89.91,90.5,4753
1790075400,90.49,90.68,90.2,90.38,3941
1790075700,90.37,90.58,90.29,90.47,1599
1790076000,90.47,90.65,90.1,90.14,1437
1790076300,90.13,90.27,90.06,90.2,675
1790076600,90.19,90.19,89.94,89.99,961
1790076900,90,90.13,89.9,90.01,916
1790077200,90.02,90.18,89.93,90.08,823
1790077500,90.08,90.15,89.8,89.99,1130
1790077800,90,90.07,89.93,89.94,477
1790078100,89.95,89.97,89.73,89.96,1039
1790078400,89.96,90.13,89.93,90.11,820
1790078700,90.11,90.5,90.06,90.47,925
1790079000,90.47,90.77,90.41,90.75,1172
1790079300,90.75,90.84,90.45,90.54,1099
1790079600,90.54,90.58,90.36,90.4,718
1790079900,90.4,90.43,90.29,90.33,548
1790080200,90.34,90.41,90.2,90.24,1157
1790080500,90.24,90.36,90.13,90.32,722
1790080800,90.31,90.41,90.19,90.4,736
1790081100,90.4,90.44,90.26,90.3,766
1790081400,90.32,90.4,90.24,90.32,710
1790081700,90.32,90.53,90.29,90.39,1063
1790082000,90.39,90.54,89.9,90,3776
1790082300,89.99,90.22,89.92,89.98,3023
1790082600,89.99,90.09,89.48,89.51,2739
1790082900,89.5,89.72,89.48,89.67,1802
1790083200,89.67,90.09,89.51,90.01,2197
1790083500,90,90.53,89.81,90.41,2794
1790083800,90.43,90.69,90.31,90.38,2682
1790084100,90.37,90.63,90.26,90.53,1432
1790084400,90.53,90.73,90.22,90.4,3129
1790084700,90.4,90.81,90.4,90.77,2181
1790085000,90.76,90.81,90.47,90.6,1652
1790085300,90.61,90.67,90.37,90.51,1840
1790085600,90.5,90.9,90.39,90.77,2131
1790085900,90.76,91.04,90.58,90.94,2041
1790086200,90.94,91.07,90.41,90.6,3545
1790086500,90.61,90.84,90.54,90.78,1729
1790086800,90.79,91.14,90.77,90.9,2199
1790087100,90.89,91.03,90.77,90.8,1469
1790087400,90.8,90.86,90.58,90.72,2438
1790087700,90.72,91.15,90.26,91.04,6926
1790088000,91.05,91.86,91.02,91.25,6338
1790088300,91.24,91.59,91.09,91.14,4225
1790088600,91.14,91.31,91.02,91.21,1862
1790088900,91.21,91.24,91.02,91.04,925
1790089200,91.02,91.38,90.98,91.24,1824
1790089500,91.25,91.34,91.09,91.26,2262
1790089800,91.25,91.43,91.16,91.29,2110
1790090100,91.29,91.29,90.96,91.11,1709
1790090400,91.12,91.38,91.06,91.27,1451
1790090700,91.26,91.43,91.21,91.41,1960
1790091000,91.42,91.66,91.36,91.48,2127
1790091300,91.48,91.68,91.35,91.68,1237
1790091600,91.69,91.77,91.58,91.64,1359
1790091900,91.65,91.78,91.61,91.68,1115
1790092200,91.69,91.77,91.59,91.68,866
1790092500,91.68,91.79,91.6,91.66,1003
1790092800,91.67,92.05,91.67,92.02,2029
1790093100,92.02,92.06,91.82,91.98,1544
1790093400,91.97,91.98,91.79,91.92,1195
1790093700,91.93,91.94,91.64,91.65,1098
1790094000,91.66,91.76,91.55,91.71,2110
1790094300,91.72,91.82,91.67,91.74,711
1790094600,91.74,91.77,91.6,91.63,728
1790094900,91.61,91.7,91.45,91.58,1149
1790095200,91.58,91.62,91.49,91.57,574
1790095500,91.57,91.63,91.03,91.21,3886
1790095800,91.22,91.44,91.19,91.41,1614
1790096100,91.4,91.5,91.32,91.4,780
1790096400,91.39,91.39,91.18,91.26,912
1790096700,91.25,91.29,91.15,91.17,690
1790097000,91.16,91.22,91.09,91.13,644
1790097300,91.13,91.29,91.08,91.26,670
1790097600,91.26,91.27,91.17,91.21,410
1790097900,91.2,91.34,91.04,91.08,743
1790098200,91.08,91.13,90.89,90.94,956
1790098500,90.94,91.04,90.89,90.95,852
1790098800,90.95,90.98,90.8,90.9,1258
1790099100,90.89,90.93,90.78,90.89,717
1790099400,90.89,91.03,89.95,90.05,9065
1790099700,90.07,90.09,89.47,89.61,5818
1790100000,89.6,89.99,89.51,89.86,5256
1790100300,89.86,89.93,89.58,89.65,2563
1790100600,89.65,89.98,89.64,89.81,2669
1790100900,89.82,90.17,89.7,90.17,2439
1790101200,90.17,90.42,90.13,90.32,3251
1790101500,90.32,90.66,90.18,90.63,7079
1790101800,90.63,90.76,90.49,90.7,2182
1790102100,90.7,90.93,90.5,90.53,1759
1790102400,90.54,90.82,90.52,90.7,1260
1790102700,90.72,90.72,90.58,90.61,631
1790103000,90.61,90.73,90.55,90.71,467
1790103300,90.71,90.76,90.57,90.62,456
1790103600,90.63,90.67,90.48,90.6,787
1790103900,90.6,90.6,90.34,90.4,715
1790104200,90.41,90.42,90.23,90.35,759
1790104500,90.34,90.42,90.23,90.27,420
1790104800,90.28,90.34,89.93,90.12,1467
1790105100,90.1,90.13,89.82,89.83,2085
1790105400,89.83,89.87,88.94,88.97,3009
1790105700,88.98,89.19,88.76,89.07,3185
1790106000,89.06,89.16,88.67,89.14,3477
1790106300,89.13,89.19,89,89.1,727
1790106600,89.1,89.56,89.07,89.47,1798
1790106900,89.46,89.73,89.45,89.59,948
1790107200,89.59,89.77,89.52,89.75,331
1790107500,89.74,89.86,89.67,89.69,353
1790107800,89.69,89.75,89.59,89.69,213
1790108100,89.7,89.86,89.69,89.83,234
1790108400,89.82,89.9,89.81,89.9,840
1790108700,89.87,90,89.87,89.87,303
1790109000,89.88,90.08,89.79,90.04,316
1790109300,90.03,90.03,89.87,89.89,124
1790109600,89.87,89.9,89.73,89.82,170
1790109900,89.84,89.94,89.81,89.89,101
1790110200,89.9,89.9,89.75,89.82,227
1790110500,89.84,89.95,89.8,89.85,502
1790114400,89.89,90,89.84,89.85,303
1790114700,89.85,89.88,89.68,89.75,140
1790115000,89.75,89.79,89.69,89.72,151
1790115300,89.72,89.75,89.64,89.64,77
1790115600,89.64,89.68,89.63,89.66,78
1790115900,89.66,89.7,89.64,89.68,42
1790116200,89.68,89.69,89.62,89.63,55
1790116500,89.63,89.71,89.62,89.71,83
1790116800,89.7,89.71,89.63,89.63,67
1790117100,89.66,89.69,89.65,89.65,24
1790117400,89.66,89.66,89.63,89.64,20
1790117700,89.65,89.66,89.63,89.64,14
1790118000,89.65,89.75,89.62,89.74,162
1790118300,89.72,89.73,89.69,89.7,37
1790118600,89.68,89.68,89.64,89.66,36
1790118900,89.65,89.74,89.65,89.71,78
1790119200,89.7,89.7,89.65,89.67,22
1790119500,89.68,89.71,89.66,89.67,47
1790119800,89.68,89.68,89.65,89.65,100
1790120100,89.66,89.68,89.61,89.63,82
1790120400,89.63,89.63,89.6,89.62,33
1790120700,89.59,89.69,89.59,89.69,70
1790121000,89.67,89.68,89.64,89.65,32
1790121300,89.65,89.66,89.56,89.56,91
1790121600,89.57,89.7,89.47,89.62,694
1790121900,89.61,89.76,89.58,89.58,375
1790122200,89.58,89.63,89.49,89.59,209
1790122500,89.6,89.8,89.55,89.78,269
1790122800,89.76,89.97,89.75,89.95,293
1790123100,89.93,89.95,89.83,89.89,238
1790123400,89.9,89.98,89.84,89.98,240
1790123700,89.97,90.16,89.95,90,435
1790124000,90.01,90.12,89.99,90.03,191
1790124300,90.01,90.17,90,90.12,241
1790124600,90.12,90.12,90.03,90.07,298
1790124900,90.06,90.1,90.01,90.03,279
1790125200,90.03,90.38,90.02,90.31,614
1790125500,90.32,90.38,90.19,90.25,373
1790125800,90.23,90.28,90.15,90.2,190
1790126100,90.2,90.22,90.12,90.16,152
1790126400,90.16,90.22,90.12,90.14,155
1790126700,90.17,90.28,90.14,90.19,232
1790127000,90.17,90.17,90.04,90.12,208
1790127300,90.11,90.15,90.08,90.12,94
1790127600,90.11,90.26,90.1,90.22,175
1790127900,90.22,90.3,90.07,90.07,142
1790128200,90.08,90.1,89.94,89.97,231
1790128500,89.98,89.99,89.91,89.91,105
1790128800,89.92,89.93,89.71,89.79,383
1790129100,89.79,89.82,89.72,89.76,163
1790129400,89.76,89.85,89.76,89.84,104
1790129700,89.85,90.01,89.81,89.86,496
1790130000,89.86,89.88,89.78,89.84,171
1790130300,89.82,89.84,89.66,89.72,329
1790130600,89.71,89.85,89.69,89.85,224
1790130900,89.84,89.93,89.78,89.93,158
1790131200,89.92,89.96,89.89,89.9,63
1790131500,89.9,89.9,89.64,89.72,237
1790131800,89.71,89.78,89.67,89.7,132
1790132100,89.68,89.74,89.62,89.66,167
1790132400,89.66,89.74,89.66,89.73,133
1790132700,89.74,89.86,89.71,89.82,227
1790133000,89.81,89.85,89.76,89.82,97
1790133300,89.83,89.88,89.67,89.75,358
1790133600,89.73,89.75,89.64,89.74,117
1790133900,89.71,89.73,89.62,89.64,227
1790134200,89.64,89.65,89.46,89.46,376
1790134500,89.45,89.45,89.28,89.4,419
1790134800,89.37,89.4,89.14,89.18,399
1790135100,89.17,89.21,89.04,89.16,330
1790135400,89.14,89.28,89.07,89.23,396
1790135700,89.23,89.36,89.22,89.36,338
1790136000,89.36,89.4,89.1,89.1,315
1790136300,89.1,89.17,88.95,89.15,703
1790136600,89.15,89.2,88.98,88.98,319
1790136900,88.99,89.03,88.95,89.01,240
1790137200,89,89.06,88.93,89,285
1790137500,88.99,89.02,88.93,88.97,175
1790137800,88.98,89.07,88.98,88.99,159
1790138100,88.99,89.06,88.93,88.99,148
1790138400,88.98,89.02,88.95,89,119
1790138700,89,89,88.85,88.93,316
1790139000,88.93,88.93,88.75,88.79,460
1790139300,88.81,88.91,88.71,88.91,362
1790139600,88.92,89.26,88.85,89.22,694
1790139900,89.22,89.29,89.14,89.21,285
1790140200,89.21,89.25,89.15,89.21,156
1790140500,89.2,89.27,89.18,89.23,107
1790140800,89.22,89.31,89.08,89.28,234
1790141100,89.29,89.35,89.28,89.31,287
1790141400,89.28,89.55,89.28,89.52,665
1790141700,89.51,89.57,89.44,89.54,268
1790142000,89.52,89.55,89.21,89.31,320
1790142300,89.3,89.47,89.28,89.43,164
1790142600,89.43,89.48,89.37,89.39,207
1790142900,89.4,89.43,89.25,89.31,161
1790143200,89.29,89.29,89.12,89.27,405
1790143500,89.27,89.28,89.08,89.27,373
1790143800,89.24,89.39,89.21,89.27,316
1790144100,89.3,89.35,89.2,89.28,241
1790144400,89.26,89.53,89.25,89.38,803
1790144700,89.37,89.45,89.3,89.41,240
1790145000,89.41,89.47,89.27,89.36,454
1790145300,89.36,89.39,89.22,89.38,354
1790145600,89.38,89.44,89.19,89.27,376
1790145900,89.27,89.45,89.24,89.32,325
1790146200,89.35,89.45,89.3,89.41,293
1790146500,89.41,89.61,89.34,89.6,509
1790146800,89.6,89.65,89.33,89.37,668
1790147100,89.36,89.48,89.2,89.47,610
1790147400,89.48,89.62,89.42,89.51,536
1790147700,89.5,89.83,89.5,89.72,1136
1790148000,89.72,90.03,89.68,90,856
1790148300,90,90.09,89.71,89.72,1072
1790148600,89.73,89.82,89.6,89.64,524
1790148900,89.65,89.88,89.64,89.86,477
1790149200,89.86,89.86,89.62,89.66,417
1790149500,89.65,89.95,89.64,89.82,498
1790149800,89.82,89.93,89.78,89.88,427
1790150100,89.86,89.94,89.51,89.53,654
1790150400,89.54,90.04,89.53,89.95,966
1790150700,89.96,90.08,89.86,90.05,391
1790151000,90.05,90.11,89.93,89.97,489
1790151300,89.98,90.22,89.96,90.08,546
1790151600,90.09,90.13,90.02,90.12,354
1790151900,90.13,90.32,90.12,90.31,1631
1790152200,90.31,90.36,90.22,90.29,705
1790152500,90.29,90.52,90.24,90.4,1041
1790152800,90.39,90.44,90.12,90.17,694
1790153100,90.15,90.18,90.01,90.05,602
1790153400,90.04,90.14,89.97,90.04,486
1790153700,90.03,90.06,89.82,89.93,621
1790154000,89.94,90.13,89.83,90.1,507
1790154300,90.11,90.15,89.98,90.03,318
1790154600,90.03,90.23,90.03,90.07,474
1790154900,90.08,90.15,89.87,89.91,450
1790155200,89.92,89.92,89.78,89.84,392
1790155500,89.85,89.98,89.78,89.98,544
1790155800,89.96,90.13,89.84,90.12,573
1790156100,90.11,90.15,90.01,90.12,378
1790156400,90.12,90.16,89.97,90.04,287
1790156700,90.04,90.36,90.04,90.23,601
1790157000,90.22,90.24,90.13,90.16,365
1790157300,90.19,90.2,90,90.03,361
1790157600,90.02,90.07,89.77,89.87,791
1790157900,89.86,89.89,89.65,89.81,665
1790158200,89.81,89.82,89.64,89.65,445
1790158500,89.64,89.66,89.45,89.48,670
1790158800,89.46,89.66,89.46,89.52,400
1790159100,89.52,89.57,89.44,89.51,387
1790159400,89.51,89.79,89.48,89.77,1226
1790159700,89.77,89.79,89.61,89.65,430
1790160000,89.66,89.89,89.62,89.8,493
1790160300,89.82,90.03,89.82,89.9,583
1790160600,89.89,89.98,89.81,89.85,396
1790160900,89.86,89.94,89.8,89.9,377
1790161200,89.9,90.09,89.9,90,639
1790161500,90,90.01,89.83,89.89,895
1790161800,89.88,90.21,89.85,90.18,1005
1790162100,90.17,90.27,90.08,90.14,841
1790162400,90.14,90.39,90.12,90.32,571
1790162700,90.32,90.73,90.27,90.59,1494
1790163000,90.58,90.82,90.52,90.79,1178
1790163300,90.8,91,90.76,90.84,1851
1790163600,90.83,90.93,90.72,90.74,878
1790163900,90.74,90.76,90.5,90.53,1451
1790164200,90.54,90.65,90.5,90.58,843
1790164500,90.58,90.76,90.57,90.72,744
1790164800,90.72,90.73,90.52,90.57,886
1790165100,90.56,90.69,90.55,90.64,509
1790165400,90.63,90.71,90.59,90.61,607
1790165700,90.6,90.65,90.5,90.61,750
1790166000,90.61,90.85,90.61,90.77,819
1790166300,90.76,90.84,90.55,90.59,1002
1790166600,90.6,90.71,90.51,90.66,936
1790166900,90.66,90.93,90.66,90.85,801
1790167200,90.85,91.01,90.83,90.96,904
1790167500,90.95,91.12,90.87,91.11,970
1790167800,91.12,91.26,91.05,91.15,1571
1790168100,91.13,91.25,91.06,91.07,1350
1790168400,91.06,91.36,91.04,91.04,2795
1790168700,91.04,91.18,91.01,91.07,1282
1790169000,91.07,91.22,90.98,91.04,1771
1790169300,91.03,91.03,90.84,90.92,1778
1790169600,90.92,91.17,90.71,91.14,3886
1790169900,91.14,91.43,90.99,91.28,2996
1790170200,91.28,91.35,91.06,91.08,1797
1790170500,91.08,91.42,91.08,91.37,2072
1790170800,91.37,91.61,91.31,91.6,2445
1790171100,91.61,92.01,91.61,91.99,3271
1790171400,92,92.09,91.9,92.03,3180
1790171700,92.03,92.12,91.88,91.98,2880
1790172000,91.98,91.99,91.79,91.83,1651
1790172300,91.82,91.89,91.53,91.54,1632
1790172600,91.56,92.15,91.55,92.01,3411
1790172900,92.02,92.12,91.71,91.97,2624
1790173200,91.97,92.06,91.84,91.84,1258
1790173500,91.84,92.14,91.83,92.1,1929
1790173800,92.1,92.1,91.74,91.83,1955
1790174100,91.83,91.94,91.53,91.83,2335
1790174400,91.82,92.19,91.77,92.17,1824
1790174700,92.17,92.28,91.88,92.04,2345
1790175000,92.04,92.14,91.08,91.33,5824
1790175300,91.34,91.66,91.23,91.41,4085
1790175600,91.41,91.51,91.14,91.28,2055
1790175900,91.27,91.37,91.18,91.32,1349
1790176200,91.32,91.76,91.18,91.75,2094
1790176500,91.75,91.85,91.55,91.69,1649
1790176800,91.69,91.84,91.59,91.83,1051
1790177100,91.83,92.72,91.82,92.67,5514
1790177400,92.65,92.89,92.43,92.85,3793
1790177700,92.85,92.86,92.6,92.76,1994
1790178000,92.77,92.79,92.51,92.57,1831
1790178300,92.56,92.61,92.46,92.49,1669
1790178600,92.5,92.68,92.44,92.67,1595
1790178900,92.67,92.7,92.57,92.57,1083
1790179200,92.56,92.62,92.51,92.54,916
1790179500,92.54,92.69,92.54,92.68,626
1790179800,92.67,92.8,92.66,92.67,949
1790180100,92.67,92.67,92.33,92.34,1271
1790180400,92.35,92.51,92.34,92.4,1194
1790180700,92.4,92.51,92.32,92.43,857
1790181000,92.43,92.55,92.4,92.44,856
1790181300,92.45,92.54,92.37,92.41,808
1790181600,92.41,92.5,92.34,92.37,885
1790181900,92.37,92.69,92.07,92.15,5246
1790182200,92.14,92.22,91.53,91.63,5537
1790182500,91.62,91.63,91.31,91.49,3421
1790182800,91.49,91.58,91.26,91.55,2777
1790183100,91.55,91.62,91.38,91.5,1876
1790183400,91.5,91.54,91.35,91.43,1230
1790183700,91.43,91.53,90.99,91.1,2062
1790184000,91.12,91.33,91.11,91.2,1882
1790184300,91.19,91.57,91.16,91.57,1354
1790184600,91.57,91.87,91.57,91.73,1917
1790184900,91.73,92.07,91.7,91.99,2234
1790185200,91.98,92.26,91.93,92.06,4265
1790185500,92.07,92.1,91.75,91.78,1729
1790185800,91.78,91.88,91.7,91.72,1143
1790186100,91.72,91.8,91.59,91.66,1069
1790186400,91.66,91.98,91.65,91.88,2056
1790186700,91.89,91.96,91.71,91.75,871
1790187000,91.75,91.9,91.75,91.87,817
1790187300,91.87,91.91,91.74,91.75,811
1790187600,91.74,92.08,91.73,92,1804
1790187900,92,92.27,91.91,92.18,5539
1790188200,92.19,92.68,92.19,92.63,2903
1790188500,92.61,92.84,92.55,92.83,1495
1790188800,92.84,92.88,92.63,92.64,957
1790189100,92.65,92.72,92.5,92.59,986
1790189400,92.57,92.58,92.34,92.44,864
1790189700,92.45,92.45,92.25,92.27,455
1790190000,92.29,92.33,92.14,92.2,1132
1790190300,92.19,92.32,92.15,92.28,591
1790190600,92.29,92.35,92.22,92.3,291
1790190900,92.31,92.46,92.31,92.43,525
1790191200,92.43,92.6,92.41,92.58,819
1790191500,92.58,92.78,92.5,92.74,902
1790191800,92.75,92.75,92.55,92.59,616
1790192100,92.6,92.74,92.54,92.74,348
1790192400,92.74,92.74,92.59,92.59,777
1790192700,92.61,92.64,92.45,92.51,363
1790193000,92.51,92.53,92.45,92.51,501
1790193300,92.5,92.59,92.49,92.59,231
1790193600,92.58,92.69,92.56,92.61,307
1790193900,92.6,92.67,92.56,92.63,398
1790194200,92.65,92.73,92.63,92.71,470
1790194500,92.69,92.86,92.69,92.77,268
1790194800,92.78,92.92,92.77,92.86,243
1790195100,92.85,92.89,92.76,92.76,161
1790195400,92.77,93.03,92.77,92.98,482
1790195700,92.97,93.02,92.92,92.96,141
1790196000,92.96,93.06,92.88,92.92,228
1790196300,92.91,92.93,92.74,92.75,490
1790196600,92.75,92.79,92.63,92.68,254
1790196900,92.67,92.73,92.66,92.71,195
1790200800,92.72,92.79,92.63,92.68,220
1790201100,92.67,92.73,92.66,92.66,58
1790201400,92.66,92.73,92.65,92.69,153
1790201700,92.69,92.7,92.64,92.65,73
1790202000,92.65,92.67,92.64,92.66,41
1790202300,92.65,92.65,92.59,92.6,78
1790202600,92.6,92.62,92.45,92.46,119
1790202900,92.47,92.48,92.37,92.41,178
1790203200,92.43,92.43,92.39,92.41,42
1790203500,92.42,92.48,92.27,92.29,143
1790203800,92.27,92.29,92.12,92.2,339
1790204100,92.2,92.27,92.2,92.22,86
1790204400,92.21,92.26,92.2,92.22,37
1790204700,92.25,92.26,92.22,92.26,17
1790205000,92.25,92.26,92.22,92.25,33
1790205300,92.24,92.26,92.18,92.21,43
1790205600,92.22,92.22,92.07,92.07,116
1790205900,92.09,92.12,92.06,92.09,95
1790206200,92.09,92.13,92.05,92.13,103
1790206500,92.13,92.2,92.1,92.14,74
1790206800,92.15,92.27,92.1,92.27,128
1790207100,92.25,92.26,92.08,92.14,159
1790207400,92.12,92.12,92.03,92.04,88
1790207700,92.05,92.14,92.05,92.14,44
1790208000,92.14,92.18,91.91,92.01,629
1790208300,92.01,92.07,91.96,91.98,125
1790208600,91.99,92,91.88,91.94,240
1790208900,91.93,91.94,91.77,91.78,265
1790209200,91.79,91.8,91.65,91.67,259
1790209500,91.67,91.68,91.54,91.62,259
1790209800,91.62,91.65,91.5,91.51,257
1790210100,91.51,91.56,91.45,91.56,192
1790210400,91.55,91.61,91.5,91.54,194
1790210700,91.55,91.58,91.47,91.53,265
1790211000,91.54,91.6,91.49,91.58,258
1790211300,91.56,91.66,91.54,91.62,535
1790211600,91.62,91.67,91.43,91.46,580
1790211900,91.47,91.51,91.29,91.39,309
1790212200,91.37,91.49,91.34,91.47,164
1790212500,91.47,91.51,91.38,91.4,168
1790212800,91.39,91.48,91.39,91.46,122
1790213100,91.44,91.5,91.44,91.47,96
1790213400,91.45,91.56,91.36,91.55,396
1790213700,91.54,91.66,91.49,91.66,281
1790214000,91.65,91.75,91.63,91.72,346
1790214300,91.73,91.73,91.61,91.66,128
1790214600,91.68,91.89,91.66,91.85,452
1790214900,91.86,91.95,91.86,91.9,124
1790215200,91.9,91.95,91.82,91.92,254
1790215500,91.93,92.07,91.87,91.99,385
1790215800,91.97,91.97,91.73,91.73,335
1790216100,91.73,91.73,91.46,91.49,414
1790216400,91.49,91.55,91.42,91.49,166
1790216700,91.5,91.53,91.4,91.45,240
1790217000,91.46,91.57,91.38,91.57,194
1790217300,91.55,91.6,91.41,91.47,435
1790217600,91.47,91.49,91.34,91.47,227
1790217900,91.46,91.47,91.37,91.41,82
1790218200,91.42,91.43,91.33,91.35,93
1790218500,91.36,91.38,91.3,91.33,146
1790218800,91.3,91.35,91.28,91.34,117
1790219100,91.33,91.34,91.26,91.34,181
1790219400,91.34,91.4,91.34,91.36,89
1790219700,91.36,91.37,91.25,91.29,145
1790220000,91.3,91.36,91.29,91.36,46
1790220300,91.34,91.34,91.25,91.31,233
1790220600,91.32,91.45,91.31,91.41,187
1790220900,91.4,91.46,91.37,91.45,135
1790221200,91.44,91.45,91.33,91.39,158
1790221500,91.39,91.4,91.29,91.31,118
1790221800,91.3,91.34,91.24,91.3,136
1790222100,91.26,91.33,91.23,91.29,107
1790222400,91.29,91.51,91.27,91.48,307
1790222700,91.47,91.47,91.28,91.36,218
1790223000,91.35,91.49,91.32,91.44,132
1790223300,91.44,91.49,91.39,91.43,110
1790223600,91.46,91.5,91.42,91.46,157
1790223900,91.46,91.52,91.43,91.47,205
1790224200,91.47,91.47,91.44,91.45,49
1790224500,91.45,91.51,91.44,91.49,146
1790224800,91.5,91.57,91.43,91.46,221
1790225100,91.46,91.46,91.41,91.43,51
1790225400,91.41,91.53,91.36,91.51,191
1790225700,91.49,91.49,91.42,91.46,54
1790226000,91.46,91.52,91.46,91.46,54
1790226300,91.47,91.49,91.33,91.39,106
1790226600,91.38,91.48,91.38,91.46,50
1790226900,91.46,91.57,91.45,91.54,114
1790227200,91.54,91.67,91.52,91.53,512
1790227500,91.53,91.6,91.52,91.55,122
1790227800,91.55,91.61,91.48,91.54,418
1790228100,91.55,92.11,91.53,92.11,562
1790228400,92.09,92.22,91.93,92.08,462
1790228700,92.09,92.14,91.9,91.9,243
1790229000,91.92,92.09,91.91,92.08,193
1790229300,92.09,92.26,92.04,92.14,324
1790229600,92.14,92.23,92.08,92.17,387
1790229900,92.18,92.19,91.93,92.02,329
1790230200,92.03,92.12,91.97,92.12,218
1790230500,92.11,92.2,92.09,92.19,345
1790230800,92.19,92.38,92.18,92.33,609
1790231100,92.33,92.53,92.31,92.5,602
1790231400,92.5,92.79,92.5,92.76,868
1790231700,92.76,92.83,92.61,92.67,1276
1790232000,92.65,92.79,92.65,92.77,335
1790232300,92.76,92.82,92.64,92.66,509
1790232600,92.64,92.73,92.56,92.67,545
1790232900,92.67,92.87,92.63,92.74,623
1790233200,92.76,92.76,92.54,92.65,581
1790233500,92.63,92.66,92.43,92.44,649
1790233800,92.44,92.52,92.35,92.41,794
1790234100,92.42,92.47,92.33,92.42,420
1790234400,92.41,92.45,92.18,92.31,551
1790234700,92.32,92.36,92.13,92.14,457
1790235000,92.13,92.28,92.13,92.23,478
1790235300,92.21,92.27,92,92.14,467
1790235600,92.12,92.22,92.06,92.15,426
1790235900,92.16,92.47,92.15,92.33,730
1790236200,92.34,92.45,92.21,92.26,467
1790236500,92.27,92.88,92.27,92.87,912
1790236800,92.88,93.28,92.79,93.22,2512
1790237100,93.22,93.69,93.18,93.59,2210
1790237400,93.59,94.4,93.59,94.36,3923
1790237700,94.37,94.67,94.18,94.44,4511
1790238000,94.44,94.5,94.32,94.33,2022
1790238300,94.34,94.69,94.22,94.62,2445
1790238600,94.63,94.64,94.08,94.3,1928
1790238900,94.31,94.47,94.15,94.19,1137
1790239200,94.2,94.28,94.12,94.19,652
1790239500,94.18,94.32,94.04,94.29,786
1790239800,94.31,94.46,94.31,94.44,762
1790240100,94.44,94.51,94.31,94.36,599
1790240400,94.36,94.37,94.05,94.07,800
1790240700,94.07,94.15,93.95,94.01,708
1790241000,94.02,94.03,93.81,93.81,1457
1790241300,93.82,93.99,93.76,93.81,688
1790241600,93.83,93.84,93.67,93.75,580
1790241900,93.76,93.82,93.69,93.8,693
1790242200,93.79,93.81,93.7,93.77,570
1790242500,93.76,93.88,93.75,93.86,432
1790242800,93.87,94,93.86,93.98,1030
1790243100,94,94.02,93.64,93.73,904
1790243400,93.75,93.88,93.67,93.84,953
1790243700,93.83,93.95,93.75,93.75,766
1790244000,93.76,93.91,93.69,93.85,493
1790244300,93.85,93.91,93.62,93.63,421
1790244600,93.63,93.66,93.33,93.58,1532
1790244900,93.57,93.62,93.21,93.22,918
1790245200,93.23,93.4,93.14,93.3,1071
1790245500,93.3,93.39,93.05,93.28,1220
1790245800,93.25,93.43,93.05,93.13,1043
1790246100,93.13,93.18,93.01,93.1,723
1790246400,93.09,93.2,93.02,93.16,545
1790246700,93.14,93.14,92.81,92.93,2291
1790247000,92.92,93.16,92.89,93.12,773
1790247300,93.12,93.24,93,93.12,751
1790247600,93.12,93.26,93.07,93.09,609
1790247900,93.09,93.29,93.03,93.24,577
1790248200,93.25,93.38,93.21,93.25,608
1790248500,93.27,93.46,92.89,93.41,1684
1790248800,93.41,93.44,93.22,93.39,460
1790249100,93.4,93.47,93.37,93.43,360
1790249400,93.43,93.44,93.28,93.43,458
1790249700,93.44,93.7,93.43,93.68,879
1790250000,93.68,93.76,93.63,93.68,459
1790250300,93.69,93.76,93.56,93.7,646
1790250600,93.71,93.77,93.56,93.7,750
1790250900,93.69,93.76,93.41,93.48,1040
1790251200,93.48,93.76,93.44,93.72,1054
1790251500,93.73,93.84,93.63,93.78,611
1790251800,93.8,93.9,93.67,93.79,856
1790252100,93.8,93.81,93.58,93.58,670
1790252400,93.57,93.69,93.5,93.57,378
1790252700,93.58,93.84,93.52,93.78,769
1790253000,93.78,93.94,93.74,93.84,607
1790253300,93.84,94,93.8,93.99,582
1790253600,93.99,93.99,93.73,93.75,700
1790253900,93.76,93.9,93.69,93.88,612
1790254200,93.89,93.92,93.64,93.65,628
1790254500,93.66,93.96,93.54,93.92,1138
1790254800,93.92,93.98,93.55,93.61,2781
1790255100,93.61,93.85,93.52,93.76,1446
1790255400,93.76,93.78,93.54,93.58,1147
1790255700,93.59,93.73,93.58,93.64,967
1790256000,93.66,93.95,93.59,93.92,1677
1790256300,93.92,94.05,93.87,93.94,1885
1790256600,93.95,94.23,93.93,94.16,2439
1790256900,94.15,94.45,94.11,94.33,1703
1790257200,94.34,94.47,94.24,94.28,1402
1790257500,94.27,94.37,94.13,94.27,1064
1790257800,94.28,94.31,93.94,94.02,1242
1790258100,94.02,94.2,93.96,94.11,1334
1790258400,94.13,94.3,93.95,93.96,1364
1790258700,93.98,94.17,93.97,94.06,1428
1790259000,94.06,94.3,94.04,94.28,1451
1790259300,94.28,94.61,94.16,94.58,2174
1790259600,94.59,94.77,94.52,94.69,1503
1790259900,94.7,94.75,94.53,94.68,1135
1790260200,94.69,94.85,94.64,94.8,1249
1790260500,94.8,95.09,94.78,95.04,2381
1790260800,95.04,95.29,95,95.24,2143
1790261100,95.24,95.37,95.16,95.22,1944
1790261400,95.23,95.35,95.06,95.27,2318
1790261700,95.28,95.73,95.28,95.56,3153
1790262000,95.57,95.84,95.48,95.68,2901
1790262300,95.69,95.86,95.63,95.78,1429
1790262600,95.79,95.96,95.63,95.95,2199
1790262900,95.96,96,95.79,95.88,2671
1790263200,95.87,95.96,95.69,95.85,1976
1790263500,95.82,96.43,95.82,96.41,4415
1790263800,96.4,96.46,96.24,96.33,2505
1790264100,96.32,96.46,96.18,96.32,1992
1790264400,96.33,96.33,96.11,96.24,1328
1790264700,96.23,96.33,96.06,96.31,1419
1790265000,96.33,96.41,96.19,96.37,1759
1790265300,96.38,96.51,96.33,96.48,1949
1790265600,96.48,96.78,96.38,96.65,3190
1790265900,96.65,96.68,96.53,96.61,1653
1790266200,96.62,96.72,96.34,96.34,1696
1790266500,96.34,96.4,93.75,94.06,20919
1790266800,94.04,94.65,93.6,94.44,9887
1790267100,94.43,94.81,94.07,94.12,3564
1790267400,94.1,94.23,93.7,93.82,4067
1790267700,93.82,93.97,93.47,93.52,4021
1790268000,93.53,93.77,93.31,93.74,3899
1790268300,93.74,93.99,93.54,93.95,3319
1790268600,93.95,94.36,93.69,94.35,2550
1790268900,94.34,94.49,94.28,94.42,2551
1790269200,94.41,94.59,93.81,94.28,3938
1790269500,94.28,94.35,94.06,94.28,2024
1790269800,94.26,94.72,94.26,94.34,3557
1790270100,94.32,94.58,94.3,94.58,1126
1790270400,94.57,94.96,94.57,94.88,3060
1790270700,94.9,95.01,94.75,94.78,2024
1790271000,94.78,94.94,94.68,94.88,1262
1790271300,94.86,95.34,94.86,95.29,1818
1790271600,95.27,95.61,95.2,95.57,2218
1790271900,95.57,95.65,95.47,95.5,1515
1790272200,95.51,95.62,95.36,95.51,2065
1790272500,95.51,95.56,95.18,95.3,1958
1790272800,95.3,95.33,95,95.24,1662
1790273100,95.24,95.25,94.88,94.9,1272
1790273400,94.9,95,94.49,94.55,1787
1790273700,94.57,94.85,94.39,94.82,2217
1790274000,94.82,94.87,94.59,94.65,1680
1790274300,94.65,94.71,94.27,94.71,6692
1790274600,94.71,94.72,94.56,94.6,1417
1790274900,94.6,94.85,93.88,94.26,4444
1790275200,94.28,94.59,94.28,94.55,1778
1790275500,94.57,94.57,94.34,94.37,573
1790275800,94.38,94.51,94.2,94.41,1407
1790276100,94.42,94.48,94.32,94.39,276
1790276400,94.41,95.06,94.41,94.96,2514
1790276700,94.96,94.97,94.83,94.86,648
1790277000,94.88,95.41,94.88,95.32,979
1790277300,95.31,95.45,95.1,95.42,1137
1790277600,95.42,95.48,95.3,95.34,719
1790277900,95.34,95.37,95.25,95.3,392
1790278200,95.3,95.44,95.17,95.2,665
1790278500,95.2,95.36,95.18,95.18,569
1790278800,95.19,95.31,95.17,95.3,419
1790279100,95.31,95.32,95.14,95.23,415
1790279400,95.21,95.24,95.05,95.12,500
1790279700,95.11,95.26,95.08,95.21,485
1790280000,95.22,95.3,95.15,95.27,279
1790280300,95.25,95.4,95.22,95.33,269
1790280600,95.34,95.38,95.29,95.34,229
1790280900,95.35,95.5,95.31,95.34,318
1790281200,95.32,95.36,95.14,95.3,521
1790281500,95.3,95.31,95.09,95.09,232
1790281800,95.08,95.1,94.93,94.93,251
1790282100,94.94,95.3,94.88,95.03,552
1790282400,95.04,95.06,94.9,94.93,272
1790282700,94.95,94.96,94.7,94.77,334
1790283000,94.78,94.88,94.68,94.81,238
1790283300,94.81,94.83,94.73,94.76,297
1790287200,94.75,94.75,94.27,94.5,656
1790287500,94.56,94.74,94.46,94.53,378
1790287800,94.5,94.52,94.46,94.48,103
1790288100,94.47,94.48,94.31,94.33,199
1790288400,94.37,94.38,94.28,94.34,93
1790288700,94.32,94.33,94.24,94.31,86
1790289000,94.31,94.45,94.31,94.41,237
1790289300,94.38,94.4,94.36,94.38,28
1790289600,94.4,94.51,94.4,94.42,225
1790289900,94.45,94.48,94.38,94.38,49
1790290200,94.39,94.42,94.36,94.39,35
1790290500,94.39,94.39,94.32,94.36,24
1790290800,94.34,94.41,94.27,94.35,208
1790291100,94.35,94.35,94.27,94.27,62
1790291400,94.27,94.29,94.21,94.21,104
1790291700,94.21,94.26,94.1,94.11,141
1790292000,94.13,94.14,94.03,94.09,241
1790292300,94.09,94.13,94.07,94.07,226
1790292600,94.08,94.11,94.03,94.06,120
1790292900,94.06,94.08,93.99,94.02,131
1790293200,94.01,94.03,93.94,93.94,155
1790293500,93.93,93.98,93.91,93.96,94
1790293800,93.97,93.99,93.9,93.95,175
1790294100,93.95,94.03,93.93,93.97,192
1790294400,93.97,94.07,93.81,93.85,736
1790294700,93.87,93.96,93.82,93.96,211
1790295000,93.95,93.95,93.75,93.92,264
1790295300,93.9,93.93,93.81,93.85,230
1790295600,93.86,93.95,93.85,93.85,192
1790295900,93.87,93.89,93.73,93.8,332
1790296200,93.8,93.85,93.69,93.72,250
1790296500,93.74,93.83,93.68,93.77,226
1790296800,93.77,93.79,93.64,93.77,205
1790297100,93.77,93.91,93.76,93.79,431
1790297400,93.78,93.8,93.61,93.65,261
1790297700,93.65,93.72,93.55,93.62,228
1790298000,93.61,93.73,93.61,93.7,309
1790298300,93.72,93.72,93.61,93.7,233
1790298600,93.72,93.73,93.51,93.53,350
1790298900,93.51,93.56,93.4,93.41,367
1790299200,93.41,93.42,93.3,93.35,412
1790299500,93.33,93.36,93.2,93.27,533
1790299800,93.27,93.4,93.24,93.28,361
1790300100,93.28,93.28,93.12,93.12,570
1790300400,93.12,93.2,93.07,93.12,346
1790300700,93.11,93.18,93.06,93.13,224
1790301000,93.14,93.38,93.14,93.3,422
1790301300,93.31,93.31,93.18,93.18,100
1790301600,93.18,93.25,93.07,93.21,376
1790301900,93.2,93.22,93.07,93.1,177
1790302200,93.11,93.15,93.02,93.06,262
1790302500,93.08,93.11,92.95,92.99,406
1790302800,92.98,93.14,92.95,93.12,268
1790303100,93.13,93.17,93.08,93.11,200
1790303400,93.11,93.19,93.04,93.15,236
1790303700,93.16,93.22,93.1,93.14,171
1790304000,93.14,93.15,93.04,93.07,171
1790304300,93.08,93.11,92.97,92.98,251
1790304600,93.01,93.1,93,93.03,237
1790304900,93.03,93.04,92.97,93,174
1790305200,93,93,92.87,92.9,341
1790305500,92.9,92.91,92.75,92.8,507
1790305800,92.82,92.89,92.72,92.89,381
1790306100,92.9,93.03,92.86,93.01,408
1790306400,93.02,93.04,92.84,92.92,242
1790306700,92.92,93.04,92.89,92.98,282
1790307000,92.99,93.13,92.99,93.08,465
1790307300,93.09,93.16,93.06,93.09,225
1790307600,93.09,93.13,93.04,93.09,191
1790307900,93.09,93.12,93,93.09,197
1790308200,93.09,93.14,93.06,93.1,124
1790308500,93.11,93.2,93.07,93.08,205
1790308800,93.1,93.11,93.06,93.09,114
1790309100,93.09,93.1,93.02,93.08,124
1790309400,93.08,93.17,93.01,93.17,101
1790309700,93.15,93.18,93.06,93.08,161
1790310000,93.07,93.11,93.07,93.08,48
1790310300,93.07,93.12,93.03,93.04,200
1790310600,93.05,93.09,92.97,93.04,137
1790310900,93.03,93.13,93,93.13,117
1790311200,93.12,93.12,93.04,93.11,43
1790311500,93.11,93.12,93.08,93.1,66
1790311800,93.13,93.19,93.1,93.16,96
1790312100,93.16,93.18,93.07,93.08,111
1790312400,93.07,93.14,93.03,93.12,108
1790312700,93.11,93.14,93.02,93.1,147
1790313000,93.1,93.13,93.06,93.08,68
1790313300,93.09,93.18,93.07,93.12,148
1790313600,93.11,93.22,92.98,93,287
1790313900,92.99,93.01,92.83,92.83,285
1790314200,92.83,92.84,92.64,92.69,487
1790314500,92.68,92.77,92.67,92.75,152
1790314800,92.75,92.88,92.55,92.55,424
1790315100,92.55,92.56,92.41,92.53,1285
1790315400,92.54,92.86,92.52,92.82,471
1790315700,92.82,92.98,92.78,92.81,379
1790316000,92.8,92.9,92.68,92.72,495
1790316300,92.71,92.74,92.49,92.52,360
1790316600,92.5,92.51,92.38,92.51,801
1790316900,92.5,92.89,92.49,92.84,800
1790317200,92.82,93.04,92.78,92.92,608
1790317500,92.91,93.09,92.9,93.04,422
1790317800,93.03,93.08,92.82,92.83,383
1790318100,92.83,93.02,92.78,92.97,257
1790318400,92.96,93.04,92.86,92.97,138
1790318700,92.97,93.05,92.89,92.97,313
1790319000,92.96,93.08,92.95,93.06,256
1790319300,93.07,93.19,93,93.04,451
1790319600,93.06,93.13,92.95,93.04,624
1790319900,93.02,93.24,93.02,93.18,854
1790320200,93.18,93.33,93.17,93.25,809
1790320500,93.26,93.63,93.13,93.58,999
1790320800,93.57,93.63,93.38,93.44,874
1790321100,93.43,93.67,93.4,93.54,638
1790321400,93.53,93.58,93.32,93.5,638
1790321700,93.49,93.51,93.33,93.44,460
1790322000,93.46,93.63,93.44,93.51,584
1790322300,93.51,93.63,93.47,93.5,643
1790322600,93.51,93.74,93.41,93.68,693
1790322900,93.7,93.71,93.54,93.58,451
1790323200,93.57,93.68,93.45,93.61,622
1790323500,93.62,93.73,93.55,93.55,607
1790323800,93.56,93.61,93.45,93.52,645
1790324100,93.52,93.63,93.42,93.62,674
1790324400,93.59,93.65,93.39,93.41,659
1790324700,93.41,93.57,93.25,93.3,1669
1790325000,93.31,93.37,93.01,93.07,1329
1790325300,93.07,93.42,93.02,93.35,801
1790325600,93.36,93.39,93.03,93.12,654
1790325900,93.09,93.09,92.76,92.81,960
1790326200,92.8,92.8,92.55,92.57,1014
1790326500,92.57,92.57,92.24,92.43,1486
1790326800,92.44,92.52,92.17,92.35,1079
1790327100,92.33,92.34,92.14,92.21,837
1790327400,92.21,92.71,92.19,92.69,1287
1790327700,92.68,92.93,92.66,92.93,908
1790328000,92.92,92.99,92.8,92.87,816
1790328300,92.87,93.07,92.83,93.01,754
1790328600,92.99,93.12,92.73,92.84,875
1790328900,92.86,92.93,92.76,92.8,429
1790329200,92.76,92.84,92.63,92.77,603
1790329500,92.77,93,92.75,92.96,640
1790329800,92.97,93.09,92.91,93.04,748
1790330100,93.02,93.12,92.81,93.06,892
1790330400,93.06,93.06,92.86,92.89,418
1790330700,92.88,92.98,92.84,92.89,290
1790331000,92.89,92.93,92.67,92.69,596
1790331300,92.7,92.87,92.69,92.83,484
1790331600,92.83,93.01,92.82,92.87,415
1790331900,92.87,92.91,92.77,92.84,285
1790332200,92.84,93.01,92.81,92.9,241
1790332500,92.89,93.06,92.82,93.01,326
1790332800,93.01,93.09,92.95,92.99,457
1790333100,92.98,93.12,92.9,93.07,472
1790333400,93.08,93.12,92.94,92.95,396
1790333700,92.96,93.05,92.88,92.91,247
1790334000,92.89,93,92.84,92.97,542
1790334300,92.98,92.98,92.69,92.74,676
1790334600,92.73,92.73,92.34,92.35,1536
1790334900,92.36,92.48,92.25,92.34,966
1790335200,92.34,92.54,92.32,92.53,626
1790335500,92.54,92.54,92.42,92.44,611
1790335800,92.45,92.51,92.31,92.33,431
1790336100,92.33,92.52,92.21,92.5,1133
1790336400,92.48,92.54,92.38,92.39,589
1790336700,92.4,92.48,92.28,92.48,425
1790337000,92.47,92.54,92.33,92.39,427
1790337300,92.4,92.54,92.36,92.53,436
1790337600,92.53,92.54,92.37,92.42,1109
1790337900,92.41,92.63,92.36,92.58,661
1790338200,92.58,92.89,92.55,92.77,1139
1790338500,92.78,92.97,92.78,92.81,754
1790338800,92.81,92.88,92.73,92.8,442
1790339100,92.79,92.86,92.76,92.83,305
1790339400,92.83,92.89,92.6,92.65,929
1790339700,92.66,92.74,92.52,92.56,770
1790340000,92.56,92.69,92.41,92.55,1140
1790340300,92.53,92.67,92.04,92.42,3082
1790340600,92.42,92.85,92.42,92.65,1754
1790340900,92.66,92.67,92.46,92.54,869
1790341200,92.53,92.72,92.41,92.72,1936
1790341500,92.71,92.91,92.58,92.59,1390
1790341800,92.58,92.64,92.41,92.58,1296
1790342100,92.59,92.81,92.52,92.59,1555
1790342400,92.56,93.16,92.55,93.06,2582
1790342700,93.07,93.21,92.97,93.17,1253
1790343000,93.18,93.33,93.07,93.21,1869
1790343300,93.19,93.45,93.16,93.28,1328
1790343600,93.28,93.32,93.16,93.17,1252
1790343900,93.17,93.41,93.12,93.33,1056
1790344200,93.34,93.4,93.23,93.34,811
1790344500,93.35,93.47,93.31,93.45,810
1790344800,93.42,93.66,93.4,93.61,2032
1790345100,93.62,93.9,93.6,93.69,1784
1790345400,93.68,93.78,93.35,93.37,1141
1790345700,93.37,93.5,93.21,93.48,1370
1790346000,93.47,93.82,93.44,93.82,1242
1790346300,93.81,93.93,93.72,93.87,1196
1790346600,93.87,94.07,93.86,93.98,1359
1790346900,93.99,94.07,93.82,93.89,1240
1790347200,93.88,94.11,93.88,94.04,1124
1790347500,94.04,94.14,93.77,93.89,2351
1790347800,93.9,94.03,93.84,93.84,988
1790348100,93.85,93.98,93.74,93.81,1170
1790348400,93.81,94.08,93.7,93.91,1270
1790348700,93.9,94.11,93.88,94.03,1085
1790349000,94.01,94.08,93.9,94.03,983
1790349300,94.03,94.11,93.84,94.1,1076
1790349600,94.11,94.23,93.83,94.08,2319
1790349900,94.09,94.17,93.89,94.14,1533
1790350200,94.13,94.17,93.75,94.06,5009
1790350500,94.05,94.18,93.94,93.97,1113
1790350800,93.96,94.13,93.78,94.12,1288
1790351100,94.12,94.19,93.87,94.13,1168
1790351400,94.13,94.19,93.54,93.69,3291
1790351700,93.7,93.79,92.83,92.85,5346
1790352000,92.84,92.88,91.67,91.94,10594
1790352300,91.94,92.21,91.56,91.73,6305
1790352600,91.74,91.85,91.51,91.61,4305
1790352900,91.63,91.97,91.54,91.81,3244
1790353200,91.81,92.42,91.75,92.3,5447
1790353500,92.28,92.32,91.54,91.59,4033
1790353800,91.58,92.92,91.51,92.21,6106
1790354100,92.2,92.29,91.89,92.24,3323
1790354400,92.25,92.29,91.84,92.02,2111
1790354700,92.05,92.29,91.96,92.27,1204
1790355000,92.26,92.26,91.97,92.08,996
1790355300,92.08,92.41,92.02,92.24,2916
1790355600,92.24,92.41,92.02,92.13,2627
1790355900,92.14,92.24,91.91,92.05,1917
1790356200,92.06,92.28,92.02,92.23,791
1790356500,92.23,92.31,92.1,92.23,815
1790356800,92.24,92.26,92.09,92.21,916
1790357100,92.22,92.27,92.04,92.13,851
1790357400,92.11,92.3,92.01,92.28,1103
1790357700,92.27,92.66,92.15,92.34,2142
1790358000,92.35,92.36,91.89,92.27,2018
1790358300,92.28,92.37,92.2,92.22,697
1790358600,92.22,92.34,92.12,92.25,1365
1790358900,92.25,92.28,92.09,92.15,982
1790359200,92.16,92.3,92.04,92.3,999
1790359500,92.3,92.39,92.15,92.31,1048
1790359800,92.3,92.35,91.98,91.99,1250
1790360100,91.99,92.18,91.82,92.11,1610
1790360400,92.12,92.28,92.05,92.26,1678
1790360700,92.27,92.66,92.06,92.24,9654
1790361000,92.23,92.25,92.05,92.08,2222
1790361300,92.07,92.43,92.07,92.28,1571
1790361600,92.29,92.29,92.12,92.14,610
1790361900,92.14,92.28,92.12,92.15,642
1790362200,92.14,92.21,92.03,92.08,649
1790362500,92.09,92.3,92.07,92.27,465
1790362800,92.27,92.48,92.2,92.44,1318
1790363100,92.43,92.54,92.38,92.46,605
1790363400,92.47,92.54,92.39,92.51,975
1790363700,92.5,92.74,92.48,92.62,717
1790364000,92.62,92.76,92.62,92.71,398
1790364300,92.7,92.78,92.62,92.66,563
1790364600,92.67,92.68,92.54,92.6,448
1790364900,92.59,92.68,92.21,92.39,1335
1790365200,92.38,92.5,92.34,92.36,365
1790365500,92.35,92.42,92.3,92.34,479
1790365800,92.33,92.35,92.21,92.29,415
1790366100,92.28,92.31,92.2,92.23,398
1790366400,92.22,92.5,92.21,92.45,494
1790366700,92.45,92.66,92.42,92.65,469
1790367000,92.65,92.87,92.63,92.86,420
1790367300,92.85,92.85,92.67,92.68,380
1790367600,92.67,92.74,92.62,92.63,736
1790367900,92.64,92.8,92.57,92.68,997
1790368200,92.69,92.91,92.68,92.82,270
1790368500,92.82,92.82,92.63,92.69,326
1790368800,92.7,92.71,92.48,92.54,209
1790369100,92.52,92.52,92.37,92.41,251
1790369400,92.42,92.49,92.32,92.45,229
1790369700,92.44,92.47,92.38,92.44,277
1790546400,93.58,93.8,93.16,93.34,2617
1790546700,93.35,93.38,93.14,93.26,1000
1790547000,93.28,93.32,93.12,93.27,307
1790547300,93.29,93.29,93.05,93.19,310
1790547600,93.19,93.38,93.18,93.27,269
1790547900,93.28,93.31,93.23,93.29,191
1790548200,93.3,93.63,93.3,93.62,306
1790548500,93.63,93.66,93.5,93.56,250
1790548800,93.56,93.59,93.52,93.55,99
1790549100,93.55,93.57,93.5,93.53,85
1790549400,93.52,93.62,93.51,93.52,172
1790549700,93.52,93.62,93.48,93.56,313
1790550000,93.54,93.6,93.37,93.38,250
1790550300,93.36,93.46,93.35,93.42,87
1790550600,93.41,93.53,93.37,93.5,83
1790550900,93.48,93.61,93.48,93.57,83
1790551200,93.57,93.59,93.54,93.58,35
1790551500,93.59,93.62,93.56,93.6,98
1790551800,93.59,93.66,93.56,93.65,218
1790552100,93.64,93.67,93.62,93.63,121
1790552400,93.62,93.76,93.56,93.58,245
1790552700,93.57,93.59,93.41,93.47,179
1790553000,93.46,93.46,93.29,93.36,292
1790553300,93.38,93.4,93.26,93.31,172
1790553600,93.3,93.36,93.13,93.34,509
1790553900,93.34,93.52,93.23,93.23,584
1790554200,93.23,93.26,93.07,93.23,278
1790554500,93.25,93.34,93.17,93.32,161
1790554800,93.33,93.5,93.33,93.44,208
1790555100,93.44,93.46,93.35,93.44,151
1790555400,93.45,93.47,93.14,93.18,401
1790555700,93.19,93.25,93.09,93.22,303
1790556000,93.23,93.27,93.07,93.07,121
1790556300,93.07,93.12,92.98,92.98,314
1790556600,92.99,93.06,92.9,93.03,252
1790556900,93.05,93.33,93.04,93.3,315
1790557200,93.3,93.3,92.68,92.69,1338
1790557500,92.7,93.18,92.7,93.1,536
1790557800,93.09,93.18,93.02,93.17,298
1790558100,93.2,93.38,93.08,93.3,398
1790558400,93.31,93.54,93.31,93.48,646
1790558700,93.47,93.7,93.38,93.68,523
1790559000,93.68,93.71,93.44,93.49,498
1790559300,93.49,93.6,93.39,93.42,224
1790559600,93.43,93.57,93.41,93.44,245
1790559900,93.47,93.55,93.35,93.44,407
1790560200,93.42,93.53,93.3,93.51,268
1790560500,93.5,93.51,93.17,93.3,334
1790560800,93.3,93.54,93.3,93.46,248
1790561100,93.43,94.33,93.43,94.09,1595
1790561400,94.09,94.1,93.82,93.9,619
1790561700,93.91,93.99,93.83,93.91,215
1790562000,93.9,94.05,93.87,93.87,278
1790562300,93.86,93.87,93.77,93.8,165
1790562600,93.79,93.83,93.53,93.64,317
1790562900,93.64,93.65,93.44,93.5,306
1790563200,93.48,93.57,93.37,93.38,188
1790563500,93.39,93.65,93.37,93.62,285
1790563800,93.58,93.58,93.44,93.47,177
1790564100,93.52,93.61,93.46,93.47,120
1790564400,93.48,93.49,93.36,93.44,129
1790564700,93.42,93.46,93.13,93.17,356
1790565000,93.16,93.31,93.12,93.31,261
1790565300,93.31,93.31,93.16,93.2,121
1790565600,93.22,93.33,93.15,93.33,93
1790565900,93.34,93.43,93.34,93.41,130
1790566200,93.42,93.71,93.42,93.71,438
1790566500,93.73,93.85,93.72,93.77,349
1790566800,93.8,93.85,93.73,93.76,139
1790567100,93.75,93.89,93.74,93.87,181
1790567400,93.87,93.93,93.76,93.84,159
1790567700,93.85,94.08,93.84,94.05,258
1790568000,94.05,94.17,93.98,94.12,319
1790568300,94.14,94.23,94.09,94.11,196
1790568600,94.08,94.16,94.01,94.03,209
1790568900,94.03,94.05,93.91,93.97,202
1790569200,93.95,94.06,93.91,94.05,169
1790569500,94.07,94.17,94.04,94.05,118
1790569800,94.05,94.18,93.99,94.16,176
1790570100,94.16,94.16,94.03,94.05,73
1790570400,94.06,94.07,93.98,94.01,125
1790570700,94.05,94.1,94.03,94.07,88
1790571000,94.09,94.2,94.08,94.13,143
1790571300,94.1,94.12,94.03,94.07,66
1790571600,94.06,94.17,94.02,94.11,134
1790571900,94.12,94.16,94.08,94.09,104
1790572200,94.1,94.16,94.02,94.16,255
1790572500,94.16,94.23,94.11,94.2,143
1790572800,94.17,94.32,94.16,94.31,330
1790573100,94.3,94.36,94.24,94.25,245
1790573400,94.27,94.52,94.25,94.5,506
1790573700,94.48,94.51,94.34,94.48,404
1790574000,94.5,94.73,94.48,94.7,504
1790574300,94.69,94.7,94.23,94.24,410
1790574600,94.27,94.42,94.21,94.4,380
1790574900,94.4,94.41,94.27,94.31,264
1790575200,94.32,94.39,94.14,94.36,428
1790575500,94.36,94.5,94.2,94.24,433
1790575800,94.24,94.24,93.78,93.9,990
1790576100,93.89,94.04,93.83,93.99,360
1790576400,93.98,94.24,93.98,94.12,460
1790576700,94.11,94.14,93.99,94.04,279
1790577000,94.04,94.19,94.01,94.1,373
1790577300,94.12,94.16,93.93,94.01,292
1790577600,94.01,94.05,93.79,93.89,579
1790577900,93.88,93.93,93.71,93.73,310
1790578200,93.72,93.72,93.35,93.47,700
1790578500,93.46,93.62,93.39,93.49,370
1790578800,93.48,94.08,93.46,94.04,1022
1790579100,94.05,94.1,93.86,93.89,553
1790579400,93.88,94.26,93.85,94.24,498
1790579700,94.26,94.49,94.19,94.43,854
1790580000,94.43,94.62,94.17,94.26,918
1790580300,94.26,94.43,94.17,94.19,915
1790580600,94.17,94.39,93.94,94.35,836
1790580900,94.34,94.34,94.13,94.16,405
1790581200,94.16,94.4,94.05,94.32,522
1790581500,94.31,94.55,94.24,94.47,631
1790581800,94.47,94.47,94.28,94.31,444
1790582100,94.31,94.45,94.16,94.37,478
1790582400,94.37,94.71,94.35,94.51,896
1790582700,94.5,94.79,94.44,94.5,612
1790583000,94.51,94.57,94.38,94.46,598
1790583300,94.45,94.73,94.41,94.71,560
1790583600,94.71,95.03,94.58,94.93,1534
1790583900,94.94,94.97,94.74,94.79,1102
1790584200,94.79,95.02,94.6,95.01,1224
1790584500,95,95.13,94.95,95.08,796
1790584800,95.07,95.15,94.96,95.03,406
1790585100,95.03,95.18,95.02,95.1,693
1790585400,95.08,95.45,95.05,95.43,873
1790585700,95.42,95.61,95.39,95.61,1121
1790586000,95.61,95.65,95.42,95.62,637
1790586300,95.61,95.71,95.48,95.67,644
1790586600,95.67,95.72,95.56,95.6,592
1790586900,95.6,95.75,95.53,95.57,514
1790587200,95.56,95.56,95.37,95.47,410
1790587500,95.47,95.54,95.41,95.5,400
1790587800,95.48,95.59,95.42,95.58,558
1790588100,95.56,95.63,95.48,95.55,432
1790588400,95.54,95.7,95.47,95.53,470
1790588700,95.51,95.76,95.45,95.75,640
1790589000,95.74,95.84,95.62,95.79,758
1790589300,95.81,95.96,95.73,95.89,1258
1790589600,95.88,95.99,95.75,95.92,1004
1790589900,95.93,96.39,95.9,96.19,1631
1790590200,96.18,96.44,96.02,96.26,1096
1790590500,96.25,96.27,96.13,96.2,457
1790590800,96.19,96.26,96.16,96.18,361
1790591100,96.18,96.47,96.12,96.31,731
1790591400,96.32,96.48,96.22,96.31,772
1790591700,96.3,96.45,96.26,96.43,524
1790592000,96.43,96.44,96.27,96.29,326
1790592300,96.3,96.34,96.14,96.27,725
1790592600,96.27,96.32,96.05,96.21,1332
1790592900,96.2,96.28,96.1,96.18,675
1790593200,96.18,96.47,95.93,96.43,1799
1790593500,96.42,96.54,96.3,96.31,701
1790593800,96.3,96.33,96.22,96.29,508
1790594100,96.3,96.33,95.55,95.89,3850
1790594400,95.89,95.95,95.69,95.77,1085
1790594700,95.76,95.88,95.69,95.75,534
1790595000,95.75,95.82,95.66,95.76,458
1790595300,95.77,95.77,95.6,95.65,615
1790595600,95.65,95.84,95.59,95.59,554
1790595900,95.58,95.75,95.58,95.74,514
1790596200,95.74,95.8,95.64,95.79,482
1790596500,95.79,95.95,95.64,95.93,799
1790596800,95.94,96.13,95.1,95.28,3378
1790597100,95.27,95.43,94.86,95.07,2869
1790597400,95.05,95.2,94.98,95.14,837
1790597700,95.15,95.15,94.91,95.05,823
1790598000,95.04,95.31,94.9,95.27,1023
1790598300,95.24,95.26,95.02,95.12,1072
1790598600,95.11,95.12,94.84,94.86,814
1790598900,94.85,94.91,94.71,94.83,2079
1790599200,94.84,94.95,94.65,94.65,772
1790599500,94.63,94.7,94.44,94.58,1323
1790599800,94.58,94.58,94.13,94.27,1776
1790600100,94.26,94.33,94.01,94.26,1178
1790600400,94.24,94.85,94.23,94.53,2489
1790600700,94.52,94.58,94.26,94.38,1223
1790601000,94.37,94.39,94.24,94.27,672
1790601300,94.27,94.41,93.98,94.1,1945
1790601600,94.12,94.38,94.04,94.11,900
1790601900,94.09,94.43,94.02,94.43,987
1790602200,94.44,94.45,94.13,94.31,1279
1790602500,94.3,94.36,94.14,94.28,908
1790602800,94.27,94.43,94.26,94.39,748
1790603100,94.38,94.64,94.15,94.26,2983
1790603400,94.24,94.32,94.01,94.1,1850
1790603700,94.1,94.28,93.75,93.86,2473
1790604000,93.85,94.11,93.7,94.07,1788
1790604300,94.06,94.2,93.89,93.9,1263
1790604600,93.9,94.17,93.86,94.03,1564
1790604900,94.02,94.1,93.83,93.97,1236
1790605200,93.98,94.1,93.92,93.95,1377
1790605500,93.94,94.29,93.91,94.16,1409
1790605800,94.16,94.47,94.11,94.37,1691
1790606100,94.35,94.56,94.31,94.5,1002
1790606400,94.49,94.72,94.46,94.68,1208
1790606700,94.68,95.29,94.67,95.26,3431
1790607000,95.25,95.36,94.81,95.35,4542
1790607300,95.35,95.7,95.34,95.64,2872
1790607600,95.63,95.68,95.46,95.47,2158
1790607900,95.46,95.6,95.35,95.49,2269
1790608200,95.5,95.52,95.24,95.38,1585
1790608500,95.38,95.43,95.1,95.23,1402
1790608800,95.23,95.5,95.17,95.48,1088
1790609100,95.49,95.53,95.09,95.35,2409
1790609400,95.35,95.53,95.24,95.46,1409
1790609700,95.45,95.69,95.39,95.59,1053
1790610000,95.58,95.67,95.38,95.49,1315
1790610300,95.49,95.6,95.4,95.43,1231
1790610600,95.43,95.56,95.3,95.32,1316
1790610900,95.33,95.34,95,95.02,1540
1790611200,95.02,95.13,94.8,94.83,1658
1790611500,94.82,94.9,94.47,94.52,2231
1790611800,94.52,94.71,94.35,94.51,1325
1790612100,94.52,94.7,93.83,93.87,6834
1790612400,93.88,93.89,92.83,92.91,7360
1790612700,92.93,93,91.99,92.27,8308
1790613000,92.28,93.04,92.02,92.74,7539
1790613300,92.72,93.02,92.68,92.94,3724
1790613600,92.93,93.21,92.77,93.14,2246
1790613900,93.15,93.41,92.86,93.34,2736
1790614200,93.34,93.34,93.02,93.08,2091
1790614500,93.07,93.11,92.84,93.1,1922
1790614800,93.09,93.3,93.04,93.12,1028
1790615100,93.13,93.43,92.98,93.25,1037
1790615400,93.24,93.31,91.25,91.29,11057
1790615700,91.3,92.4,91.3,92.3,6438
1790616000,92.28,92.44,92.08,92.44,1925
1790616300,92.43,92.9,92.39,92.84,2499
1790616600,92.84,92.84,92.57,92.58,1101
1790616900,92.58,92.7,92.48,92.63,1350
1790617200,92.62,92.69,92.54,92.68,677
1790617500,92.69,92.87,92.47,92.47,1813
1790617800,92.47,92.55,92.38,92.46,977
1790618100,92.46,92.96,92.45,92.78,2658
1790618400,92.79,92.95,92.49,92.51,995
1790618700,92.49,92.52,92.28,92.38,1087
1790619000,92.37,92.48,92.18,92.28,886
1790619300,92.28,92.52,92.22,92.39,1293
1790619600,92.42,92.54,92.37,92.38,1317
1790619900,92.37,92.7,92.32,92.56,6034
1790620200,92.56,92.62,92.37,92.5,2169
1790620500,92.5,92.71,92.41,92.62,655
1790620800,92.62,92.68,92.28,92.4,1527
1790621100,92.4,92.48,92.28,92.37,1012
1790621400,92.36,92.45,91.95,92.35,1775
1790621700,92.37,92.65,92.31,92.55,871
1790622000,92.54,92.61,92.42,92.47,721
1790622300,92.47,92.76,92.47,92.75,669
1790622600,92.75,92.84,92.65,92.8,237
1790622900,92.79,92.9,92.73,92.82,602
1790623200,92.83,93.02,92.83,93,510
1790623500,92.98,93.1,92.9,92.92,1103
1790623800,92.93,93.06,92.72,92.96,1070
1790624100,92.95,92.96,92.77,92.81,286
1790624400,92.8,92.88,92.76,92.77,282
1790624700,92.79,92.8,92.7,92.77,238
1790625000,92.78,92.9,92.74,92.9,240
1790625300,92.89,93.25,92.89,93.23,1029
1790625600,93.23,93.23,92.93,92.95,475
1790625900,92.94,93,92.83,92.9,289
1790626200,92.92,92.93,92.87,92.92,287
1790626500,92.93,93.06,92.92,93,117
1790626800,93,93.1,92.83,93.1,256
1790627100,93.1,93.27,93.02,93.23,274
1790627400,93.21,93.31,93.21,93.24,180
1790627700,93.23,93.33,93.23,93.26,91
1790628000,93.29,93.38,93.23,93.34,293
1790628300,93.29,93.43,93.23,93.42,171
1790628600,93.42,93.47,93.28,93.32,243
1790628900,93.31,93.33,93.23,93.29,161
1790632800,93.53,93.77,93.39,93.43,413
1790633100,93.44,93.46,93.12,93.16,276
1790633400,93.18,93.26,93.13,93.24,91
1790633700,93.25,93.34,93.1,93.12,320
1790634000,93.15,93.24,93.15,93.24,109
1790634300,93.21,93.25,93.2,93.23,43
1790634600,93.22,93.37,93.22,93.33,46
1790634900,93.33,93.39,93.33,93.38,50
1790635200,93.39,93.42,93.3,93.32,162
1790635500,93.32,93.36,93.28,93.34,47
1790635800,93.34,93.38,93.32,93.36,141
1790636100,93.36,93.39,93.34,93.34,31
1790636400,93.35,93.35,93.26,93.27,41
1790636700,93.28,93.33,93.22,93.28,51
1790637000,93.27,93.28,93.2,93.2,55
1790637300,93.19,93.21,93.07,93.12,151
1790637600,93.13,93.21,93.11,93.2,30
1790637900,93.18,93.18,93.15,93.18,31
1790638200,93.18,93.23,93.14,93.17,90
1790638500,93.19,93.21,93.18,93.21,22
1790638800,93.2,93.21,93.17,93.18,21
1790639100,93.2,93.23,93.2,93.22,26
1790639400,93.23,93.26,93.23,93.26,69
1790639700,93.27,93.27,93.15,93.17,70
1790640000,93.17,93.51,93.1,93.42,675
1790640300,93.41,93.55,93.37,93.49,308
1790640600,93.49,93.55,93.44,93.5,234
1790640900,93.47,93.57,93.37,93.4,299
1790641200,93.39,93.41,93.12,93.18,365
1790641500,93.17,93.22,93.11,93.15,169
1790641800,93.16,93.17,93,93.08,411
1790642100,93.08,93.17,93.02,93.14,84
1790642400,93.15,93.15,93.06,93.11,83
1790642700,93.09,93.38,93.07,93.38,205
1790643000,93.39,93.47,93.32,93.33,199
1790643300,93.33,93.54,93.29,93.54,245
1790643600,93.53,93.67,93.39,93.43,632
1790643900,93.45,93.48,93.33,93.46,186
1790644200,93.46,93.53,93.36,93.49,202
1790644500,93.48,93.56,93.39,93.5,139
1790644800,93.46,93.68,93.39,93.65,212
1790645100,93.65,93.74,93.59,93.66,255
1790645400,93.67,93.69,93.56,93.65,260
1790645700,93.65,93.96,93.63,93.94,654
1790646000,93.92,94.01,93.87,93.9,1243
1790646300,93.9,93.9,93.71,93.76,210
1790646600,93.75,93.81,93.66,93.73,222
1790646900,93.71,93.72,93.54,93.59,266
1790647200,93.6,93.71,93.55,93.55,269
1790647500,93.55,93.6,93.48,93.53,336
1790647800,93.54,93.64,93.5,93.55,134
1790648100,93.55,93.59,93.5,93.5,81
1790648400,93.5,93.59,93.4,93.51,341
1790648700,93.52,93.61,93.49,93.55,208
1790649000,93.54,93.72,93.45,93.62,288
1790649300,93.61,93.63,93.53,93.62,134
1790649600,93.61,93.93,93.61,93.9,211
1790649900,93.89,93.97,93.8,93.95,265
1790650200,93.94,94.01,93.82,93.93,242
1790650500,93.93,93.94,93.81,93.82,115
1790650800,93.8,93.85,93.72,93.83,163
1790651100,93.84,94.09,93.83,94,231
1790651400,94,94,93.92,93.93,115
1790651700,93.94,93.95,93.91,93.93,68
1790652000,93.91,93.97,93.87,93.93,136
1790652300,93.94,93.98,93.86,93.96,119
1790652600,93.96,93.98,93.88,93.94,124
1790652900,93.94,93.98,93.86,93.96,112
1790653200,93.98,94,93.88,93.99,197
1790653500,93.98,94.04,93.82,93.93,308
1790653800,93.93,94.06,93.93,94.01,115
1790654100,94.02,94.15,94.01,94.06,151
1790654400,94.06,94.19,94.01,94.17,277
1790654700,94.17,94.17,94.08,94.17,106
1790655000,94.17,94.25,94.15,94.22,162
1790655300,94.22,94.25,94.18,94.2,127
1790655600,94.19,94.21,94.1,94.1,81
1790655900,94.13,94.21,94.12,94.19,63
1790656200,94.2,94.36,94.2,94.32,283
1790656500,94.3,94.36,94.24,94.25,85
1790656800,94.26,94.28,94.22,94.25,30
1790657100,94.25,94.33,94.24,94.29,134
1790657400,94.29,94.33,94.28,94.29,58
1790657700,94.29,94.32,94.24,94.32,61
1790658000,94.3,94.31,94.24,94.27,97
1790658300,94.29,94.29,94.17,94.18,87
1790658600,94.19,94.27,94.17,94.26,61
1790658900,94.25,94.33,94.25,94.33,70
1790659200,94.33,94.38,94.24,94.29,124
1790659500,94.27,94.38,94.24,94.35,91
1790659800,94.34,94.73,94.33,94.61,785
1790660100,94.6,94.74,94.44,94.45,259
1790660400,94.45,94.52,94.28,94.34,365
1790660700,94.34,94.34,94.17,94.17,175
1790661000,94.16,94.17,94.02,94.12,310
1790661300,94.11,94.12,94.02,94.1,359
1790661600,94.11,94.14,94.02,94.09,409
1790661900,94.08,94.08,93.81,93.85,1344
1790662200,93.84,93.86,93.72,93.75,462
1790662500,93.76,94,93.71,94,386
1790662800,93.98,94.03,93.92,93.99,245
1790663100,93.99,94,93.82,93.88,231
1790663400,93.86,93.99,93.77,93.91,467
1790663700,93.92,93.97,93.85,93.91,213
1790664000,93.89,93.93,93.77,93.84,260
1790664300,93.84,94.06,93.81,94.04,313
1790664600,94.04,94.13,93.8,93.81,437
1790664900,93.83,94.05,93.83,93.97,190
1790665200,93.96,94.09,93.8,93.86,673
1790665500,93.83,93.94,93.72,93.76,648
1790665800,93.75,93.85,93.69,93.75,545
1790666100,93.74,93.8,93.56,93.68,517
1790666400,93.7,93.74,93.54,93.6,505
1790666700,93.59,93.62,93.48,93.53,402
1790667000,93.54,93.56,93.31,93.4,987
1790667300,93.39,93.46,93,93.1,1467
1790667600,93.09,93.31,93.03,93.27,1093
1790667900,93.27,93.42,93.22,93.29,444
1790668200,93.3,93.38,93.16,93.29,435
1790668500,93.29,93.49,93.17,93.43,629
1790668800,93.43,93.61,93.35,93.57,750
1790669100,93.57,93.68,93.45,93.54,898
1790669400,93.53,93.54,93.32,93.35,622
1790669700,93.34,93.34,92.92,92.95,1225
1790670000,92.93,92.99,92.66,92.89,1336
1790670300,92.88,93.01,92.68,93,1352
1790670600,93,93.07,92.81,93.02,1004
1790670900,93.01,93.09,92.7,92.76,556
1790671200,92.76,92.99,92.71,92.84,599
1790671500,92.83,92.84,92.7,92.73,407
1790671800,92.73,92.83,92.71,92.78,414
1790672100,92.8,92.83,92.62,92.67,571
1790672400,92.68,92.76,92.51,92.51,709
1790672700,92.51,92.63,92.44,92.47,576
1790673000,92.47,92.69,92.46,92.69,483
1790673300,92.69,92.83,92.51,92.53,472
1790673600,92.53,92.73,92.48,92.59,408
1790673900,92.6,92.73,92.6,92.73,180
1790674200,92.73,92.84,92.48,92.52,505
1790674500,92.54,92.59,92.42,92.43,571
1790674800,92.43,92.47,92.16,92.18,946
1790675100,92.17,92.31,92.08,92.22,1093
1790675400,92.21,92.5,92.19,92.45,939
1790675700,92.44,92.55,92.4,92.5,381
1790676000,92.49,92.5,92.23,92.3,705
1790676300,92.31,92.32,92.14,92.22,367
1790676600,92.22,92.34,92.14,92.26,279
1790676900,92.28,92.34,92.19,92.29,583
1790677200,92.28,92.29,92.19,92.24,323
1790677500,92.23,92.31,92.18,92.23,552
1790677800,92.21,92.36,92.18,92.31,600
1790678100,92.31,92.33,91.98,92.12,908
1790678400,92.11,92.28,92.07,92.17,400
1790678700,92.15,92.29,92,92.03,825
1790679000,92.02,92.1,91.85,91.89,787
1790679300,91.9,91.98,91.8,91.85,645
1790679600,91.83,92,91.68,91.87,1201
1790679900,91.86,91.87,91.67,91.68,735
1790680200,91.68,91.75,91.62,91.64,671
1790680500,91.63,91.86,91.57,91.78,1038
1790680800,91.77,91.81,91.64,91.67,524
1790681100,91.68,91.79,91.6,91.63,598
1790681400,91.62,91.69,91.46,91.62,1035
1790681700,91.62,91.72,91.55,91.64,664
1790682000,91.65,91.96,91.59,91.79,1009
1790682300,91.79,92.01,90.8,91.12,3021
1790682600,91.1,91.46,90.99,91.38,2671
1790682900,91.38,91.39,91.08,91.16,835
1790683200,91.15,91.28,90.75,90.81,1785
1790683500,90.78,91.14,90.75,91.12,1002
1790683800,91.13,91.29,91.05,91.07,927
1790684100,91.06,91.06,90.71,90.9,1588
1790684400,90.89,90.98,90.79,90.93,740
1790684700,90.93,90.97,90.65,90.66,1674
1790685000,90.67,90.71,90.33,90.53,2915
1790685300,90.51,90.7,90.33,90.57,1493
1790685600,90.55,90.74,90.41,90.44,1329
1790685900,90.45,90.7,90.42,90.5,1156
1790686200,90.49,90.71,90.37,90.61,1050
1790686500,90.61,90.78,90.56,90.77,946
1790686800,90.76,90.84,90.39,90.66,2776
1790687100,90.67,90.7,90.13,90.29,2606
1790687400,90.28,90.59,90.22,90.34,1843
1790687700,90.33,90.55,90.13,90.3,2262
1790688000,90.3,90.57,90.27,90.4,1204
1790688300,90.39,90.47,90.25,90.42,1011
1790688600,90.42,90.63,90.31,90.43,1860
1790688900,90.44,90.71,90.23,90.64,2278
1790689200,90.62,90.91,90.6,90.9,1556
1790689500,90.89,91.17,90.88,90.97,2806
1790689800,90.96,91.02,90.51,90.62,2225
1790690100,90.61,90.9,90.58,90.9,835
1790690400,90.89,91.38,90.73,91.35,2895
1790690700,91.32,91.34,91.16,91.29,1105
1790691000,91.27,91.46,91.25,91.42,1141
1790691300,91.42,91.44,91.12,91.28,1374
1790691600,91.27,91.52,91.06,91.1,2239
1790691900,91.11,91.27,91.05,91.21,581
1790692200,91.22,91.37,91.13,91.28,880
1790692500,91.26,91.51,91.22,91.37,1117
1790692800,91.37,91.42,91.04,91.09,2422
1790693100,91.09,91.46,91.06,91.37,1354
1790693400,91.37,91.43,91.23,91.25,820
1790693700,91.24,91.4,91.23,91.31,853
1790694000,91.32,91.6,91.3,91.58,1850
1790694300,91.58,91.73,91.42,91.66,1418
1790694600,91.66,91.69,91.41,91.57,1349
1790694900,91.56,91.72,91.46,91.68,695
1790695200,91.66,91.76,91.45,91.5,967
1790695500,91.49,91.68,91.39,91.44,1676
1790695800,91.43,91.64,91.29,91.42,2005
1790696100,91.42,91.59,91.35,91.47,800
1790696400,91.45,91.62,91.45,91.54,708
1790696700,91.53,91.64,90.06,90.28,12010
1790697000,90.27,90.92,90.09,90.56,9293
1790697300,90.56,90.88,90.3,90.33,2885
1790697600,90.32,90.55,90.24,90.51,2538
1790697900,90.51,90.78,90.33,90.36,2185
1790698200,90.35,90.56,90.24,90.54,2627
1790698500,90.54,90.69,90.31,90.32,1480
1790698800,90.32,90.46,90.26,90.45,1777
1790699100,90.45,90.45,90.23,90.27,1323
1790699400,90.26,90.48,90.25,90.34,2031
1790699700,90.35,90.56,90.27,90.5,1871
1790700000,90.49,90.84,90.38,90.76,1412
1790700300,90.75,90.85,90.46,90.5,1573
1790700600,90.49,90.49,90.25,90.35,1530
1790700900,90.37,90.64,90.34,90.64,956
1790701200,90.64,90.74,90.54,90.6,1216
1790701500,90.6,90.78,90.54,90.74,805
1790701800,90.73,90.73,90.4,90.48,1112
1790702100,90.48,90.57,90.22,90.46,1425
1790702400,90.45,90.65,90.44,90.51,1097
1790702700,90.51,90.56,90.28,90.29,923
1790703000,90.29,90.46,90.25,90.39,766
1790703300,90.4,90.43,90.25,90.28,680
1790703600,90.28,90.38,90.25,90.29,971
1790703900,90.29,90.29,90.07,90.13,2059
1790704200,90.13,90.18,90.01,90.12,1157
1790704500,90.13,90.14,90.03,90.1,791
1790704800,90.11,90.16,89.77,89.83,2730
1790705100,89.84,89.99,89.65,89.83,1930
1790705400,89.84,89.92,89.69,89.92,1540
1790705700,89.91,89.92,89.65,89.8,1573
1790706000,89.81,89.84,89.65,89.71,1148
1790706300,89.72,89.73,89.29,89.35,7138
1790706600,89.36,89.53,89.06,89.49,3718
1790706900,89.47,89.58,89.36,89.55,1346
1790707200,89.56,89.62,89.49,89.51,561
1790707500,89.52,89.6,89.43,89.48,621
1790707800,89.48,89.49,89.36,89.38,632
1790708100,89.38,89.49,89.34,89.44,381
1790708400,89.45,89.45,89.18,89.26,905
1790708700,89.27,89.31,89.23,89.25,302
1790709000,89.25,89.34,89.23,89.3,605
1790709300,89.3,89.34,89.24,89.26,279
1790709600,89.27,89.35,89.24,89.26,224
1790709900,89.24,89.34,89.22,89.3,245
1790710200,89.31,89.32,89.17,89.23,375
1790710500,89.23,89.27,89.09,89.13,584
1790710800,89.13,89.28,89.08,89.23,603
1790711100,89.23,89.31,89.21,89.29,397
1790711400,89.29,89.31,89.15,89.21,322
1790711700,89.22,89.28,89.07,89.13,948
1790712000,89.11,89.16,88.93,89.02,564
1790712300,89.02,89.06,88.92,89.05,278
1790712600,89.04,89.16,89.01,89.11,299
1790712900,89.12,89.12,89.04,89.08,119
1790713200,89.07,89.14,89.01,89.06,120
1790713500,89.07,89.09,88.91,88.97,357
1790713800,88.97,89.01,88.81,88.94,452
1790714100,88.91,88.92,88.81,88.9,293
1790714400,88.91,88.93,88.78,88.85,430
1790714700,88.84,88.95,88.82,88.91,141
1790715000,88.93,89.02,88.91,88.98,157
1790715300,89,89.02,88.93,88.94,415
1790719200,89,89.07,88.71,88.72,321
1790719500,88.73,88.74,88.58,88.61,352
1790719800,88.61,88.66,88.58,88.58,165
1790720100,88.61,88.74,88.6,88.69,163
1790720400,88.7,88.74,88.67,88.67,78
1790720700,88.69,89.14,88.67,89.07,626
1790721000,89.07,89.45,89.05,89.32,991
1790721300,89.32,89.57,89.31,89.42,648
1790721600,89.43,89.45,89.33,89.36,214
1790721900,89.35,89.43,89.34,89.37,151
1790722200,89.37,89.4,89.21,89.33,240
1790722500,89.33,89.37,89.27,89.3,114
1790722800,89.3,89.45,89.29,89.36,236
1790723100,89.35,89.45,89.33,89.37,183
1790723400,89.36,89.38,89.25,89.27,337
1790723700,89.26,89.26,89.11,89.24,181
1790724000,89.25,89.34,89.23,89.32,121
1790724300,89.32,89.38,89.23,89.28,216
1790724600,89.27,89.32,89.09,89.24,298
1790724900,89.22,89.31,89.19,89.21,270
1790725200,89.22,89.28,89.21,89.26,89
1790725500,89.27,89.27,89.14,89.22,136
1790725800,89.21,89.26,89.15,89.19,96
1790726100,89.2,89.22,89.04,89.08,201
1790726400,89.04,89.37,88.96,89.28,697
1790726700,89.29,89.41,89.24,89.3,299
1790727000,89.31,89.41,89.27,89.29,162
1790727300,89.3,89.33,89.16,89.28,133
1790727600,89.26,89.28,89.19,89.22,124
1790727900,89.2,89.3,89.16,89.25,115
1790728200,89.24,89.32,89.16,89.21,212
1790728500,89.21,89.36,89.21,89.28,156
1790728800,89.28,89.28,89.15,89.25,118
1790729100,89.24,89.39,89.24,89.34,157
1790729400,89.35,89.44,89.35,89.38,172
1790729700,89.38,89.39,89.23,89.37,195
1790730000,89.34,89.45,89.23,89.4,486
1790730300,89.4,89.58,89.32,89.5,466
1790730600,89.49,89.55,89.41,89.51,303
1790730900,89.53,89.89,89.51,89.81,1427
1790731200,89.83,89.86,89.54,89.73,633
1790731500,89.72,89.82,89.64,89.76,268
1790731800,89.76,89.86,89.64,89.66,232
1790732100,89.67,89.79,89.63,89.73,151
1790732400,89.74,89.75,89.48,89.57,237
1790732700,89.58,89.6,89.48,89.53,184
1790733000,89.53,89.64,89.5,89.58,103
1790733300,89.6,89.6,89.48,89.55,119
1790733600,89.53,89.56,89.41,89.5,426
1790733900,89.5,89.52,89.31,89.44,242
1790734200,89.45,89.52,89.34,89.34,191
1790734500,89.32,89.35,89.24,89.35,312
1790734800,89.36,89.4,89.29,89.29,131
1790735100,89.29,89.33,89.24,89.29,107
1790735400,89.28,89.55,89.25,89.54,302
1790735700,89.52,89.52,89.38,89.44,118
1790736000,89.43,89.45,89.34,89.43,94
1790736300,89.45,89.55,89.32,89.54,196
1790736600,89.55,89.59,89.5,89.56,251
1790736900,89.56,89.67,89.5,89.62,163
1790737200,89.62,89.68,89.58,89.66,97
1790737500,89.66,89.68,89.57,89.64,124
1790737800,89.63,89.71,89.6,89.69,102
1790738100,89.7,89.72,89.68,89.7,104
1790738400,89.71,89.73,89.63,89.71,134
1790738700,89.71,89.76,89.6,89.63,168
1790739000,89.62,89.74,89.55,89.6,187
1790739300,89.59,89.64,89.55,89.58,104
1790739600,89.57,89.74,89.56,89.74,192
1790739900,89.74,89.76,89.68,89.76,154
1790740200,89.76,89.8,89.73,89.75,150
1790740500,89.73,89.83,89.73,89.78,201
1790740800,89.77,89.82,89.75,89.77,109
1790741100,89.76,89.81,89.75,89.79,92
1790741400,89.79,89.79,89.66,89.7,109
1790741700,89.71,89.71,89.57,89.58,142
1790742000,89.58,89.58,89.44,89.46,162
1790742300,89.46,89.56,89.38,89.53,155
1790742600,89.56,89.56,89.47,89.51,86
1790742900,89.5,89.62,89.5,89.59,82
1790743200,89.59,89.6,89.42,89.49,192
1790743500,89.5,89.55,89.48,89.48,60
1790743800,89.5,89.57,89.46,89.46,86
1790744100,89.46,89.53,89.44,89.52,66
1790744400,89.53,89.63,89.53,89.57,111
1790744700,89.56,89.63,89.56,89.61,48
1790745000,89.6,89.73,89.56,89.7,313
1790745300,89.7,89.74,89.64,89.66,104
1790745600,89.65,89.7,89.65,89.68,63
1790745900,89.68,89.72,89.66,89.69,64
1790746200,89.7,89.71,89.49,89.56,269
1790746500,89.57,89.61,89.39,89.54,372
1790746800,89.54,89.56,89.4,89.52,150
1790747100,89.52,89.56,89.45,89.54,150
1790747400,89.55,89.69,89.54,89.63,186
1790747700,89.64,89.7,89.12,89.5,1092
1790748000,89.5,89.53,89.19,89.36,685
1790748300,89.36,89.49,89.25,89.35,575
1790748600,89.35,89.39,89.27,89.31,328
1790748900,89.3,89.32,89.07,89.3,605
1790749200,89.32,89.48,89.2,89.44,704
1790749500,89.45,89.76,89.35,89.72,569
1790749800,89.73,89.99,89.73,89.86,838
1790750100,89.83,89.88,89.54,89.7,1010
1790750400,89.69,89.75,89.56,89.6,399
1790750700,89.6,89.93,89.6,89.68,1082
1790751000,89.68,89.71,89.56,89.6,423
1790751300,89.61,89.79,89.6,89.74,330
1790751600,89.74,89.77,89.23,89.26,1111
1790751900,89.25,89.33,89.13,89.25,725
1790752200,89.25,89.34,89.17,89.24,553
1790752500,89.24,89.26,88.67,88.7,2106
1790752800,88.69,88.8,88.59,88.68,1076
1790753100,88.68,89.37,88.62,89.22,1572
1790753400,89.22,89.27,88.99,89.04,740
1790753700,89.03,89.14,88.94,89.04,678
1790754000,89.05,89.44,89.04,89.44,850
1790754300,89.44,89.47,89.21,89.24,686
1790754600,89.25,89.45,89.09,89.42,598
1790754900,89.41,89.61,89.4,89.6,755
1790755200,89.62,89.62,89.06,89.3,1494
1790755500,89.3,89.45,89.25,89.38,929
1790755800,89.38,89.59,89.29,89.47,1292
1790756100,89.47,89.63,89.33,89.58,1501
1790756400,89.59,89.62,89.39,89.46,887
1790756700,89.47,89.69,89.45,89.69,1107
1790757000,89.67,89.89,89.43,89.56,1587
1790757300,89.55,89.63,89.44,89.53,794
1790757600,89.52,89.73,89.39,89.61,1034
1790757900,89.62,89.64,89.36,89.45,733
1790758200,89.43,89.89,89.43,89.85,1156
1790758500,89.84,90.17,89.73,90.16,1091
1790758800,90.16,90.3,90.03,90.13,984
1790759100,90.12,90.31,90.09,90.3,717
1790759400,90.31,90.52,90.25,90.38,1108
1790759700,90.37,90.47,90.3,90.39,614
1790760000,90.38,90.42,90.28,90.39,473
1790760300,90.39,90.61,90.21,90.32,1077
1790760600,90.32,90.35,89.93,89.98,968
1790760900,89.97,90.21,89.95,90.17,678
1790761200,90.15,90.28,90.12,90.22,463
1790761500,90.23,90.23,90.05,90.16,554
1790761800,90.16,90.31,90.14,90.22,528
1790762100,90.22,90.26,90.14,90.2,287
1790762400,90.21,90.25,90.16,90.22,246
1790762700,90.22,90.32,90.09,90.31,389
1790763000,90.32,90.45,90.26,90.43,394
1790763300,90.43,90.47,90.24,90.4,923
1790763600,90.41,90.64,90.38,90.53,918
1790763900,90.54,90.57,90.31,90.39,315
1790764200,90.39,90.42,90.24,90.29,355
1790764500,90.29,90.29,90.06,90.08,763
1790764800,90.08,90.25,90.06,90.13,375
1790765100,90.12,90.42,90.1,90.28,416
1790765400,90.29,90.45,90.27,90.41,498
1790765700,90.4,90.6,90.35,90.57,600
1790766000,90.58,90.67,90.49,90.62,874
1790766300,90.61,90.72,90.58,90.68,527
1790766600,90.67,90.77,90.65,90.69,629
1790766900,90.7,90.77,90.64,90.73,518
1790767200,90.73,90.75,90.47,90.53,854
1790767500,90.54,90.67,90.49,90.61,485
1790767800,90.63,90.85,90.62,90.73,774
1790768100,90.72,90.77,90.61,90.68,495
1790768400,90.68,90.79,90.64,90.72,399
1790768700,90.71,90.87,90.66,90.85,678
1790769000,90.87,90.91,90.72,90.8,835
1790769300,90.8,90.82,90.6,90.61,607
1790769600,90.61,90.8,90.42,90.56,1105
1790769900,90.56,90.68,90.48,90.5,595
1790770200,90.5,90.54,90.46,90.52,470
1790770500,90.52,90.75,90.47,90.69,602
1790770800,90.69,90.69,90.36,90.41,623
1790771100,90.4,90.45,90.31,90.45,495
1790771400,90.43,90.46,90.13,90.34,1319
1790771700,90.34,90.58,90.29,90.52,780
1790772000,90.51,90.64,90.45,90.5,692
1790772300,90.5,91.1,90.37,90.69,4019
1790772600,90.68,90.7,90.36,90.37,1279
1790772900,90.37,90.41,90.2,90.36,988
1790773200,90.35,90.42,90.06,90.11,2183
1790773500,90.11,90.76,90.11,90.7,1717
1790773800,90.7,90.85,90.6,90.77,1175
1790774100,90.78,91.12,90.74,91.06,1805
1790774400,91.04,91.29,90.99,91.27,3024
1790774700,91.27,91.5,91.22,91.47,2561
1790775000,91.48,91.49,91.14,91.28,2285
1790775300,91.27,91.46,91.12,91.31,1702
1790775600,91.3,91.35,91.08,91.12,1114
1790775900,91.11,91.22,91.02,91.04,1983
1790776200,91.05,91.14,90.72,90.74,1814
1790776500,90.74,90.87,90.69,90.74,1906
1790776800,90.74,90.74,90.59,90.65,1201
1790777100,90.64,90.78,90.54,90.75,1241
1790777400,90.76,91.01,90.71,91.01,1863
1790777700,91.01,91.55,90.89,91.26,2561
1790778000,91.25,91.45,91.16,91.41,1534
1790778300,91.41,91.43,91.27,91.31,2376
1790778600,91.35,91.74,91.16,91.28,2385
1790778900,91.27,91.33,91.05,91.14,1801
1790779200,91.15,91.42,91.12,91.4,2701
1790779500,91.39,91.47,91.27,91.37,1507
1790779800,91.37,91.53,91.25,91.4,2177
1790780100,91.4,91.64,91.31,91.59,1480
1790780400,91.58,91.7,91.39,91.41,1523
1790780700,91.42,91.64,91.34,91.44,1002
1790781000,91.44,91.76,91.25,91.5,2532
1790781300,91.53,91.74,91.46,91.65,1326
1790781600,91.65,91.96,91.6,91.87,2097
1790781900,91.85,91.88,91.46,91.56,1963
1790782200,91.55,91.56,91.21,91.43,2645
1790782500,91.43,91.43,91.26,91.34,1590
1790782800,91.34,91.71,91.26,91.62,2536
1790783100,91.61,91.76,91.42,91.44,1615
1790783400,91.45,91.62,91.45,91.56,870
1790783700,91.56,91.56,91.14,91.16,1219
1790784000,91.17,91.52,91.14,91.32,1887
1790784300,91.31,91.48,91.29,91.46,868
1790784600,91.47,91.55,91.36,91.46,1094
1790784900,91.45,91.54,91.31,91.37,790
1790785200,91.36,91.49,91.33,91.4,767
1790785500,91.4,91.5,91.38,91.47,553
1790785800,91.46,91.53,91.38,91.49,561
1790786100,91.48,91.57,91.35,91.39,592
1790786400,91.4,91.44,91.18,91.25,670
1790786700,91.26,91.45,91.21,91.27,713
1790787000,91.27,91.29,91.21,91.21,711
1790787300,91.2,91.22,90.87,90.97,1700
1790787600,90.97,91.09,90.9,91.03,689
1790787900,91.02,91.03,90.85,90.88,874
1790788200,90.87,90.95,90.83,90.93,795
1790788500,90.92,91.01,90.83,90.89,753
1790788800,90.89,91.04,90.87,90.98,594
1790789100,90.97,91.08,90.97,90.98,652
1790789400,90.98,91.13,90.94,91.1,793
1790789700,91.1,91.1,90.74,90.77,1708
1790790000,90.77,90.94,90.76,90.87,640
1790790300,90.87,90.95,90.6,90.95,1616
1790790600,90.94,91.1,90.89,91.05,688
1790790900,91.06,91.06,90.63,90.66,1777
1790791200,90.67,90.78,90.65,90.77,1218
1790791500,90.77,90.77,90.63,90.64,1122
1790791800,90.63,90.81,90.57,90.77,1723
1790792100,90.77,90.78,90.55,90.66,2241
1790792400,90.67,90.74,90.52,90.55,1772
1790792700,90.55,90.64,90.33,90.38,7592
1790793000,90.38,90.71,90.36,90.69,2605
1790793300,90.69,90.9,90.67,90.78,874
1790793600,90.78,90.86,90.62,90.69,539
1790793900,90.69,90.7,90.61,90.62,250
1790794200,90.63,90.74,90.61,90.67,272
1790794500,90.66,90.7,90.52,90.6,437
1790794800,90.6,90.64,90.52,90.57,300
1790795100,90.58,90.65,90.51,90.65,361
1790795400,90.65,90.69,90.61,90.62,154
1790795700,90.63,90.64,90.55,90.56,163
1790796000,90.57,90.58,90.47,90.52,281
1790796300,90.53,90.64,90.53,90.63,286
1790796600,90.63,90.69,90.63,90.65,347
1790796900,90.65,90.66,90.39,90.45,514
1790797200,90.46,90.56,90.39,90.52,532
1790797500,90.51,90.55,90.43,90.52,367
1790797800,90.52,90.52,90.41,90.47,376
1790798100,90.48,90.59,90.45,90.53,446
1790798400,90.52,90.65,90.52,90.62,167
1790798700,90.62,90.64,90.57,90.57,137
1790799000,90.56,90.59,90.48,90.53,176
1790799300,90.52,90.57,90.49,90.56,107
1790799600,90.55,90.57,90.52,90.54,41
1790799900,90.55,90.55,90.43,90.46,185
1790800200,90.45,90.48,90.31,90.34,224
1790800500,90.34,90.38,90.26,90.32,212
1790800800,90.3,90.37,90.29,90.34,106
1790801100,90.33,90.43,90.31,90.34,216
1790801400,90.33,90.43,90.31,90.37,135
1790801700,90.36,90.38,90.32,90.34,218
1790805600,90.4,90.51,90.24,90.33,257
1790805900,90.31,90.31,90.19,90.26,117
1790806200,90.24,90.27,90.19,90.23,43
1790806500,90.22,90.24,90.14,90.14,72
1790806800,90.14,90.2,90.12,90.17,35
1790807100,90.18,90.18,90.12,90.16,41
1790807400,90.13,90.14,90.1,90.12,93
1790807700,90.12,90.13,90.02,90.03,184
1790808000,90.05,90.1,90.05,90.08,57
1790808300,90.07,90.08,90.04,90.06,41
1790808600,90.06,90.07,90.02,90.06,112
1790808900,90.06,90.15,90.05,90.12,114
1790809200,90.12,90.12,90.07,90.09,60
1790809500,90.09,90.19,90.07,90.16,92
1790809800,90.18,90.2,90.16,90.18,28
1790810100,90.17,90.18,90.04,90.06,109
1790810400,90.07,90.11,90.07,90.07,34
1790810700,90.09,90.1,90.08,90.09,14
1790811000,90.08,90.09,90.07,90.09,20
1790811300,90.09,90.09,90.02,90.02,37
1790811600,90.02,90.03,89.95,89.98,128
1790811900,89.97,89.97,89.86,89.94,157
1790812200,89.93,89.96,89.91,89.95,52
1790812500,89.95,90.02,89.9,90.01,102
1790812800,90.02,90.15,89.9,90.13,457
1790813100,90.14,90.36,90.13,90.26,482
1790813400,90.26,90.63,90.24,90.45,783
1790813700,90.43,90.5,90.39,90.41,158
1790814000,90.41,90.48,90.36,90.45,203
1790814300,90.43,90.53,90.41,90.44,170
1790814600,90.48,90.69,90.42,90.49,305
1790814900,90.5,90.56,90.45,90.54,103
1790815200,90.53,90.54,90.31,90.33,192
1790815500,90.33,90.42,90.31,90.35,96
1790815800,90.37,90.65,90.37,90.61,227
1790816100,90.61,90.64,90.44,90.44,170
1790816400,90.45,90.45,90.05,90.07,556
1790816700,90.08,90.13,90,90.09,163
1790817000,90.09,90.14,90.04,90.06,164
1790817300,90.07,90.13,90.02,90.11,219
1790817600,90.11,90.17,90.07,90.1,293
1790817900,90.11,90.13,89.98,90.1,276
1790818200,90.1,90.18,90.08,90.12,180
1790818500,90.1,90.23,90.06,90.15,230
1790818800,90.14,90.22,90.14,90.17,36
1790819100,90.17,90.28,90.17,90.26,67
1790819400,90.26,90.27,90.15,90.2,61
1790819700,90.22,90.4,90.22,90.38,168
1790820000,90.38,90.42,90.28,90.3,191
1790820300,90.31,90.42,90.29,90.36,130
1790820600,90.35,90.39,90.29,90.36,115
1790820900,90.38,90.38,90.25,90.25,110
1790821200,90.27,90.27,90.11,90.12,287
1790821500,90.13,90.13,89.93,89.93,404
1790821800,89.93,89.98,89.9,89.94,148
1790822100,89.94,90.01,89.87,89.94,254
1790822400,89.93,89.99,89.91,89.94,114
1790822700,89.95,89.98,89.82,89.83,256
1790823000,89.83,89.85,89.54,89.65,626
1790823300,89.66,89.7,89.58,89.59,236
1790823600,89.58,89.72,89.55,89.7,217
1790823900,89.7,89.7,89.59,89.65,92
1790824200,89.65,89.71,89.57,89.61,174
1790824500,89.6,89.65,89.54,89.56,86
1790824800,89.55,89.62,89.52,89.55,158
1790825100,89.54,89.62,89.53,89.61,115
1790825400,89.61,89.67,89.56,89.61,309
1790825700,89.61,89.64,89.53,89.56,112
1790826000,89.56,89.56,89.41,89.45,277
1790826300,89.46,89.46,89.36,89.4,248
1790826600,89.41,89.41,89.27,89.29,288
1790826900,89.29,89.29,89.13,89.14,369
1790827200,89.14,89.2,89.11,89.2,280
1790827500,89.2,89.27,89.13,89.25,247
1790827800,89.26,89.28,89.1,89.16,258
1790828100,89.15,89.25,89.14,89.2,249
1790828400,89.2,89.23,89.15,89.21,70
1790828700,89.21,89.27,89.19,89.24,134
1790829000,89.24,89.24,89.12,89.21,130
1790829300,89.22,89.22,89.15,89.2,81
1790829600,89.19,89.25,89.13,89.25,157
1790829900,89.24,89.25,89.2,89.22,95
1790830200,89.24,89.24,89.13,89.17,368
1790830500,89.19,89.19,89.07,89.08,147
1790830800,89.08,89.14,89,89.04,272
1790831100,89.04,89.04,88.83,88.85,390
1790831400,88.85,88.92,88.82,88.91,202
1790831700,88.92,88.98,88.89,88.92,179
1790832000,88.91,88.95,88.83,88.87,252
1790832300,88.88,88.89,88.79,88.82,199
1790832600,88.81,88.93,88.81,88.85,191
1790832900,88.84,89.16,88.81,89.15,397
1790833200,89.14,89.22,89.11,89.19,418
1790833500,89.19,89.47,89.18,89.42,716
1790833800,89.38,89.55,89.35,89.53,443
1790834100,89.52,89.67,89.5,89.54,558
1790834400,89.55,89.67,89.37,89.63,681
1790834700,89.61,89.71,89.49,89.69,276
1790835000,89.68,89.73,89.55,89.62,294
1790835300,89.62,89.66,89.53,89.61,165
1790835600,89.58,89.61,89.51,89.59,181
1790835900,89.6,89.61,89.46,89.49,211
1790836200,89.49,89.61,89.4,89.6,434
1790836500,89.62,90.2,89.6,90.18,1029
1790836800,90.18,90.43,90.18,90.32,1207
1790837100,90.3,90.58,90.25,90.52,845
1790837400,90.52,90.59,90.34,90.54,662
1790837700,90.53,90.86,90.47,90.86,1049
1790838000,90.85,91.03,90.72,90.89,1715
1790838300,90.89,91.06,90.81,91,1048
1790838600,90.99,91.53,90.94,91.49,1418
1790838900,91.48,91.87,91.41,91.78,2440
1790839200,91.76,92.08,91.58,92.03,1743
1790839500,92.04,92.62,92.03,92.52,2810
1790839800,92.52,92.58,91.99,92.04,2670
1790840100,92.04,92.19,91.98,92.07,1198
1790840400,92.07,92.25,91.9,92.09,1572
1790840700,92.1,92.23,91.83,91.91,1163
1790841000,91.9,92.22,91.73,92.2,1272
1790841300,92.19,92.48,92.13,92.4,1275
1790841600,92.39,92.45,92.19,92.22,1070
1790841900,92.21,92.4,92.2,92.26,764
1790842200,92.25,92.27,92.12,92.2,648
1790842500,92.21,92.4,92.08,92.4,1376
1790842800,92.4,92.57,92.24,92.39,1183
1790843100,92.39,92.68,92.21,92.64,1306
1790843400,92.67,92.82,92.6,92.65,1951
1790843700,92.65,92.86,92.59,92.74,1215
1790844000,92.73,92.87,92.69,92.71,896
1790844300,92.71,92.89,92.48,92.54,1186
1790844600,92.54,92.9,92.52,92.84,2031
1790844900,92.84,92.87,92.6,92.61,614
1790845200,92.62,92.79,92.61,92.68,663
1790845500,92.67,92.81,92.65,92.68,601
1790845800,92.68,92.76,92.49,92.6,1257
1790846100,92.6,92.65,92.42,92.53,1002
1790846400,92.54,92.57,92.2,92.34,1568
1790846700,92.34,92.41,92.14,92.24,913
1790847000,92.23,92.29,91.96,91.99,1046
1790847300,91.98,92.26,91.96,92.23,960
1790847600,92.24,92.45,92.24,92.43,856
1790847900,92.42,92.46,92.1,92.19,617
1790848200,92.21,92.4,92.21,92.33,631
1790848500,92.32,92.42,92.17,92.23,515
1790848800,92.24,92.54,92.2,92.34,1509
1790849100,92.37,92.48,92.05,92.16,780
1790849400,92.17,92.26,92.04,92.06,410
1790849700,92.07,92.08,91.78,91.87,1853
1790850000,91.87,91.93,91.71,91.91,853
1790850300,91.91,91.91,91.71,91.76,383
1790850600,91.75,91.86,91.7,91.74,481
1790850900,91.74,91.78,91.64,91.68,495
1790851200,91.7,91.72,91.24,91.55,1557
1790851500,91.54,91.56,91.38,91.39,671
1790851800,91.38,91.42,91.22,91.25,908
1790852100,91.24,91.41,91.24,91.38,514
1790852400,91.38,91.69,91.38,91.59,771
1790852700,91.6,92.25,91.6,92.09,2272
1790853000,92.12,92.37,92.02,92.2,976
1790853300,92.24,92.37,92.23,92.25,684
1790853600,92.26,92.31,92.13,92.24,520
1790853900,92.25,92.26,92.13,92.19,403
1790854200,92.19,92.22,92.11,92.19,416
1790854500,92.2,92.27,92.1,92.23,538
1790854800,92.22,92.22,92.02,92.08,427
1790855100,92.08,92.11,91.66,91.72,1207
1790855400,91.72,91.91,91.68,91.71,505
1790855700,91.73,91.78,91.5,91.62,710
1790856000,91.63,91.82,91.58,91.82,564
1790856300,91.82,91.85,91.61,91.62,636
1790856600,91.62,91.68,91.55,91.61,502
1790856900,91.62,91.87,91.33,91.42,2803
1790857200,91.41,91.76,91.41,91.67,1106
1790857500,91.67,91.92,91.46,91.58,2349
1790857800,91.6,91.72,91.49,91.62,685
1790858100,91.62,91.66,91.46,91.52,652
1790858400,91.54,91.58,91.46,91.5,683
1790858700,91.49,91.63,91.39,91.56,789
1790859000,91.55,91.76,91.43,91.59,878
1790859300,91.59,91.64,91.34,91.44,925
1790859600,91.43,91.45,90.8,91.01,2832
1790859900,91.02,91.09,90.85,90.9,2427
1790860200,90.9,91.02,90.71,90.97,2621
1790860500,90.97,91.31,90.85,90.91,1730
1790860800,90.91,90.93,90.57,90.76,2178
1790861100,90.76,90.83,90.58,90.65,1032
1790861400,90.66,90.8,90.5,90.75,2204
1790861700,90.76,91.05,90.72,90.98,1982
1790862000,90.97,91.43,90.95,91.4,1855
1790862300,91.38,91.39,91.17,91.26,1757
1790862600,91.25,91.55,91.21,91.38,1898
1790862900,91.39,91.47,91.2,91.31,970
1790863200,91.3,91.72,91.28,91.69,2465
1790863500,91.69,91.74,91.09,91.32,3034
1790863800,91.31,91.79,91.31,91.57,2635
1790864100,91.57,91.82,91.56,91.73,1302
1790864400,91.73,91.79,91.54,91.63,1064
1790864700,91.61,91.76,91.58,91.75,804
1790865000,91.75,91.94,91.5,91.71,1915
1790865300,91.7,91.94,91.68,91.8,799
1790865600,91.81,92.07,91.79,92.06,1371
1790865900,92.07,92.24,92.03,92.13,1336
1790866200,92.13,92.27,92.06,92.24,1437
1790866500,92.24,92.28,91.6,91.96,3206
1790866800,91.94,92.35,91.94,92.32,1753
1790867100,92.3,92.31,92.05,92.28,1108
1790867400,92.29,92.66,92.27,92.52,3348
1790867700,92.52,92.6,92.39,92.54,1223
1790868000,92.54,92.74,92.48,92.69,1120
1790868300,92.69,92.69,92.36,92.55,1777
1790868600,92.54,92.7,92.45,92.64,1343
1790868900,92.63,92.67,92.43,92.54,1051
1790869200,92.54,92.64,92.48,92.5,940
1790869500,92.5,92.95,92.5,92.93,1765
1790869800,92.94,92.97,92.84,92.9,1408
1790870100,92.89,92.93,92.55,92.66,2198
1790870400,92.64,92.66,92.42,92.42,1516
1790870700,92.42,92.42,92.14,92.17,1458
1790871000,92.17,92.17,91.73,91.84,3296
1790871300,91.84,91.96,91.72,91.81,1050
1790871600,91.81,91.86,91.69,91.76,765
1790871900,91.75,91.82,91.67,91.74,772
1790872200,91.74,91.79,91.65,91.77,902
1790872500,91.77,92.06,91.75,91.94,1199
1790872800,91.94,91.94,91.77,91.83,951
1790873100,91.83,92.02,91.83,91.99,677
1790873400,91.98,92.27,91.95,91.98,1967
1790873700,91.97,92.26,91.94,92.13,772
1790874000,92.12,92.18,91.99,92.13,718
1790874300,92.12,92.15,92,92.09,608
1790874600,92.09,92.19,91.98,92.12,429
1790874900,92.11,92.13,91.88,91.94,764
1790875200,91.93,91.96,91.6,91.66,1289
1790875500,91.66,91.82,91.59,91.76,926
1790875800,91.76,91.84,91.61,91.76,1350
1790876100,91.77,91.8,91.6,91.79,810
1790876400,91.77,91.96,91.67,91.89,724
1790876700,91.88,91.9,91.72,91.78,880
1790877000,91.79,92.63,91.77,92.6,3783
1790877300,92.58,93.68,92.47,93.46,8064
1790877600,93.47,93.56,92.96,93.01,3797
1790877900,93.03,93.36,92.9,93.2,1855
1790878200,93.23,93.28,92.87,92.98,2110
1790878500,92.99,93.11,92.76,92.88,1985
1790878800,92.88,92.97,92.32,92.55,3602
1790879100,92.56,93.07,92.56,92.98,7098
1790879400,92.98,93.1,92.78,92.84,2565
1790879700,92.85,93.15,92.68,93.03,2441
1790880000,93.04,93.13,92.99,92.99,398
1790880300,93,93.04,92.83,92.87,339
1790880600,92.87,92.96,92.86,92.93,369
1790880900,92.95,93.01,92.86,92.88,363
1790881200,92.88,92.98,92.84,92.88,419
1790881500,92.89,92.93,92.79,92.87,445
1790881800,92.88,93.09,92.87,93,719
1790882100,92.99,93.21,92.89,93.1,766
1790882400,93.1,93.19,93.03,93.19,213
1790882700,93.18,93.24,93.12,93.15,449
1790883000,93.16,93.37,93.14,93.24,643
1790883300,93.25,93.31,93.21,93.25,389
1790883600,93.25,93.26,93.03,93.05,465
1790883900,93.05,93.18,93.04,93.11,221
1790884200,93.11,93.27,93.07,93.26,327
1790884500,93.26,93.36,93.22,93.3,483
1790884800,93.3,93.33,93.03,93.08,317
1790885100,93.07,93.21,93.04,93.12,336
1790885400,93.12,93.17,93.01,93.04,277
1790885700,93.03,93.03,92.86,92.94,284
1790886000,92.93,92.96,92.9,92.93,70
1790886300,92.93,92.98,92.86,92.9,131
1790886600,92.92,93,92.87,92.91,170
1790886900,92.9,92.9,92.76,92.82,301
1790887200,92.8,93.02,92.79,92.95,126
1790887500,92.97,93.04,92.94,92.95,186
1790887800,92.94,92.95,92.82,92.87,430
1790888100,92.88,92.97,92.85,92.91,153
1790892000,93.46,93.51,93.08,93.15,583
1790892300,93.16,93.19,93.11,93.16,120
1790892600,93.17,93.18,93.12,93.18,48
1790892900,93.18,93.19,93.12,93.14,35
1790893200,93.13,93.16,93.1,93.16,73
1790893500,93.13,93.13,93.07,93.07,118
1790893800,93.06,93.08,93.01,93.04,143
1790894100,93.02,93.08,92.99,93.04,108
1790894400,93.02,93.06,93.01,93.06,37
1790894700,93.07,93.12,93.01,93.01,54
1790895000,93.01,93.05,93,93.04,43
1790895300,93.04,93.09,93.04,93.07,99
1790895600,93.08,93.08,93.05,93.05,27
1790895900,93.05,93.06,92.97,92.97,83
1790896200,92.98,93.01,92.98,93,38
1790896500,92.99,93.04,92.99,93.01,44
1790896800,93.02,93.06,93.02,93.03,44
1790897100,93.04,93.05,93.01,93.04,34
1790897400,93.03,93.03,92.99,93.01,35
1790897700,93.01,93.01,92.96,92.98,33
1790898000,93.01,93.04,92.96,92.96,87
1790898300,92.97,92.98,92.88,92.93,83
1790898600,92.94,92.98,92.92,92.95,54
1790898900,92.95,93.02,92.94,92.98,72
1790899200,93,93.04,92.87,93.03,430
1790899500,93,93.04,92.93,93.01,161
1790899800,93.04,93.08,92.92,92.98,102
1790900100,92.98,93.09,92.97,93.08,157
1790900400,93.09,93.18,93.06,93.13,181
1790900700,93.14,93.22,92.99,93,254
1790901000,93.01,93.05,92.96,92.97,81
1790901300,92.97,93.09,92.95,93.05,93
1790901600,93.06,93.15,93.05,93.14,93
1790901900,93.15,93.21,93.08,93.13,165
1790902200,93.1,93.16,93.03,93.16,204
1790902500,93.16,93.24,93.11,93.17,266
1790902800,93.17,93.17,92.85,92.9,483
1790903100,92.93,92.93,92.82,92.85,190
1790903400,92.85,92.87,92.79,92.82,235
1790903700,92.82,93.02,92.78,93.02,201
1790904000,93,93.04,92.93,92.95,86
1790904300,92.95,93.06,92.9,92.93,206
1790904600,92.92,92.98,92.87,92.88,88
1790904900,92.9,92.93,92.83,92.91,55
1790905200,92.91,92.98,92.89,92.94,113
1790905500,92.94,92.95,92.9,92.9,60
1790905800,92.91,93.13,92.91,93.09,226
1790906100,93.09,93.14,92.95,92.96,147
1790906400,92.97,93.06,92.79,92.82,313
1790906700,92.81,92.84,92.73,92.76,284
1790907000,92.76,92.83,92.64,92.83,244
1790907300,92.83,92.85,92.72,92.83,139
1790907600,92.84,92.96,92.84,92.95,89
1790907900,92.96,92.96,92.81,92.81,101
1790908200,92.81,92.86,92.8,92.86,101
1790908500,92.85,92.92,92.85,92.91,49
1790908800,92.91,92.94,92.84,92.85,158
1790909100,92.85,92.87,92.74,92.75,103
1790909400,92.75,92.85,92.7,92.71,296
1790909700,92.71,92.72,92.59,92.61,367
1790910000,92.61,92.67,92.53,92.53,229
1790910300,92.55,92.61,92.53,92.56,66
1790910600,92.56,92.61,92.55,92.57,96
1790910900,92.59,92.59,92.49,92.53,138
1790911200,92.55,92.59,92.53,92.57,67
1790911500,92.57,92.78,92.57,92.68,279
1790911800,92.67,92.7,92.62,92.66,152
1790912100,92.66,92.7,92.62,92.69,66
1790912400,92.66,92.69,92.64,92.66,59
1790912700,92.68,92.7,92.65,92.68,52
1790913000,92.69,92.75,92.63,92.63,124
1790913300,92.64,92.64,92.59,92.59,94
1790913600,92.58,92.59,92.45,92.56,545
1790913900,92.55,92.58,92.46,92.51,156
1790914200,92.49,92.51,92.44,92.45,120
1790914500,92.46,92.54,92.41,92.54,161
1790914800,92.53,92.64,92.52,92.58,152
1790915100,92.54,92.59,92.49,92.58,147
1790915400,92.59,92.66,92.55,92.6,152
1790915700,92.59,92.65,92.58,92.63,84
1790916000,92.67,92.71,92.52,92.64,135
1790916300,92.63,92.74,92.6,92.67,130
1790916600,92.67,92.71,92.61,92.66,82
1790916900,92.67,92.67,92.52,92.55,135
1790917200,92.54,92.59,92.39,92.41,256
1790917500,92.41,92.42,92.24,92.33,478
1790917800,92.31,92.34,92.13,92.28,696
1790918100,92.28,92.43,92.27,92.38,239
1790918400,92.37,92.44,92.37,92.44,95
1790918700,92.44,92.47,92.4,92.45,108
1790919000,92.46,92.48,92.41,92.41,62
1790919300,92.42,92.58,92.42,92.45,191
1790919600,92.44,92.51,92.4,92.47,96
1790919900,92.47,92.54,92.46,92.53,63
1790920200,92.53,92.71,92.53,92.68,232
1790920500,92.67,92.67,92.42,92.49,301
1790920800,92.49,92.66,92.48,92.57,408
1790921100,92.55,92.56,92.25,92.3,538
1790921400,92.28,92.37,92.12,92.2,404
1790921700,92.19,92.31,92.09,92.29,377
1790922000,92.29,92.29,92.11,92.17,350
1790922300,92.17,92.24,92.12,92.14,222
1790922600,92.15,92.21,92.07,92.19,392
1790922900,92.2,92.21,91.9,91.95,906
1790923200,91.95,91.97,91.78,91.83,452
1790923500,91.84,91.88,91.73,91.77,572
1790923800,91.77,91.99,91.69,91.97,592
1790924100,91.96,91.98,91.64,91.66,642
1790924400,91.66,91.68,91.48,91.61,1230
1790924700,91.6,91.74,91.47,91.62,968
1790925000,91.63,91.66,91.31,91.4,951
1790925300,91.38,91.45,91.23,91.26,1051
1790925600,91.25,91.35,91.17,91.29,710
1790925900,91.29,91.29,91.16,91.22,517
1790926200,91.21,91.23,91.1,91.11,521
1790926500,91.1,91.17,90.95,91.12,922
1790926800,91.13,91.2,90.83,90.85,961
1790927100,90.85,90.97,90.78,90.79,613
1790927400,90.79,90.87,90.64,90.81,923
1790927700,90.82,90.88,90.1,90.22,2369
1790928000,90.21,90.43,90.05,90.08,2651
1790928300,90.07,90.09,89.33,89.36,3865
1790928600,89.35,89.74,89.29,89.72,2565
1790928900,89.71,89.91,89.67,89.81,2711
1790929200,89.81,89.88,89.59,89.78,1443
1790929500,89.77,89.82,89.55,89.62,1406
1790929800,89.61,89.8,89.41,89.65,2052
1790930100,89.64,89.7,89.44,89.48,1057
1790930400,89.48,89.6,89.38,89.56,1439
1790930700,89.55,89.55,89.26,89.39,1357
1790931000,89.38,89.38,89.09,89.15,1385
1790931300,89.16,89.34,89.11,89.34,894
1790931600,89.33,89.65,89.24,89.4,1472
1790931900,89.41,89.48,89.32,89.37,616
1790932200,89.36,89.37,88.95,89.02,1849
1790932500,89.03,89.19,88.83,89.06,1844
1790932800,89.05,89.2,88.98,89.07,754
1790933100,89.08,89.24,88.95,89.24,796
1790933400,89.22,89.27,89.04,89.18,752
1790933700,89.18,89.24,88.98,89.17,577
1790934000,89.17,89.37,89.14,89.29,878
1790934300,89.29,89.67,89.15,89.28,3633
1790934600,89.27,89.4,89.13,89.18,1155
1790934900,89.19,89.22,89.12,89.18,1407
1790935200,89.16,89.37,89.02,89.21,1899
1790935500,89.22,89.47,89.21,89.4,562
1790935800,89.4,89.43,89.28,89.35,452
1790936100,89.37,89.54,89.36,89.5,585
1790936400,89.51,89.8,89.48,89.79,1312
1790936700,89.79,89.84,89.51,89.54,879
1790937000,89.53,89.61,89.26,89.29,712
1790937300,89.29,89.42,89.27,89.34,479
1790937600,89.35,89.41,89.3,89.37,270
1790937900,89.37,89.47,89.34,89.38,383
1790938200,89.39,89.49,89.34,89.34,285
1790938500,89.35,89.43,89.33,89.39,376
1790938800,89.42,89.44,89.19,89.24,839
1790939100,89.24,89.29,89.13,89.19,548
1790939400,89.2,89.37,89.2,89.32,589
1790939700,89.29,89.49,89.25,89.45,474
1790940000,89.44,89.45,89.27,89.34,361
1790940300,89.33,89.43,89.27,89.3,548
1790940600,89.28,89.38,89.16,89.19,586
1790940900,89.18,89.27,89.07,89.26,726
1790941200,89.25,89.42,89.23,89.37,597
1790941500,89.38,89.59,89.33,89.52,728
1790941800,89.51,89.55,89.35,89.38,364
1790942100,89.36,89.6,89.36,89.54,573
1790942400,89.54,89.61,89.49,89.57,424
1790942700,89.57,89.82,89.51,89.82,1072
1790943000,89.81,90.17,89.79,89.98,2080
1790943300,89.98,90.01,89.59,89.61,1153
1790943600,89.6,89.72,89.43,89.6,1018
1790943900,89.6,89.84,89.55,89.81,498
1790944200,89.82,89.84,89.33,89.4,1339
1790944500,89.39,89.48,89.18,89.2,1336
1790944800,89.22,89.5,89.22,89.49,1037
1790945100,89.48,89.49,89.32,89.4,581
1790945400,89.42,89.5,89.36,89.38,601
1790945700,89.39,89.41,89.24,89.29,921
1790946000,89.28,89.28,88.06,89.01,7573
1790946300,89.02,89.03,88.64,88.98,2150
1790946600,88.98,89.36,88.95,89.15,1912
1790946900,89.14,89.35,89.06,89.24,1142
1790947200,89.24,89.3,89.09,89.16,1051
1790947500,89.17,89.25,89.06,89.16,2053
1790947800,89.16,89.2,88.87,88.94,2131
1790948100,88.94,89.27,88.7,89.24,2230
1790948400,89.24,89.74,89.19,89.68,1972
1790948700,89.69,89.89,89.64,89.86,2331
1790949000,89.85,90.22,89.79,90.21,2350
1790949300,90.22,90.37,89.03,89.42,5147
1790949600,89.4,89.75,89.02,89.08,4548
1790949900,89.07,89.16,88.52,88.6,3638
1790950200,88.6,88.61,88.29,88.48,3588
1790950500,88.47,88.66,88.24,88.27,2657
1790950800,88.28,88.86,88.2,88.71,2194
1790951100,88.73,88.84,88.59,88.74,1498
1790951400,88.74,88.93,88.67,88.9,1899
1790951700,88.9,89.01,88.61,88.77,1107
1790952000,88.77,89.01,88.51,89,1519
1790952300,88.99,89.62,88.96,89.55,2603
1790952600,89.54,89.82,89.48,89.8,2455
1790952900,89.8,89.85,89.47,89.57,1546
1790953200,89.56,89.89,89.4,89.88,1815
1790953500,89.86,90.42,89.76,90.33,3086
1790953800,90.34,90.63,90.18,90.33,2834
1790954100,90.33,90.65,90.25,90.39,1943
1790954400,90.4,90.59,90.22,90.26,1523
1790954700,90.26,90.31,89.95,90.04,2798
1790955000,90.05,90.18,89.84,90,1801
1790955300,90,90.2,89.91,90.19,869
1790955600,90.19,90.4,90.15,90.34,1594
1790955900,90.36,90.95,90.31,90.9,2216
1790956200,90.91,90.96,90.77,90.9,1646
1790956500,90.9,91.02,90.8,90.96,1571
1790956800,90.96,91.24,90.86,90.93,1969
1790957100,90.94,91.09,90.69,90.71,1290
1790957400,90.73,90.76,90.6,90.68,1242
1790957700,90.7,90.72,90.48,90.57,1141
1790958000,90.55,91.08,90.42,91,2060
1790958300,90.97,91.42,90.82,91.37,2403
1790958600,91.38,91.48,91.26,91.42,1670
1790958900,91.42,91.49,91.29,91.32,902
1790959200,91.32,91.48,91.3,91.43,674
1790959500,91.44,91.53,91.37,91.46,771
1790959800,91.47,91.59,91.35,91.49,1347
1790960100,91.5,91.62,91.42,91.57,718
1790960400,91.56,91.65,91.37,91.42,1211
1790960700,91.42,91.52,91.32,91.49,978
1790961000,91.48,91.83,91.42,91.62,1200
1790961300,91.61,91.63,91.37,91.43,983
1790961600,91.44,91.58,91.41,91.47,950
1790961900,91.47,91.92,91.42,91.81,1368
1790962200,91.82,91.87,91.31,91.33,1258
1790962500,91.34,91.56,91.3,91.54,942
1790962800,91.55,91.63,91.49,91.56,464
1790963100,91.57,91.58,91.26,91.33,726
1790963400,91.33,91.66,91.25,91.42,1465
1790963700,91.42,91.46,91.26,91.43,730
1790964000,91.4,91.82,91.39,91.63,1358
1790964300,91.62,91.71,91.54,91.7,911
1790964600,91.7,91.81,91.54,91.61,1357
1790964900,91.62,92.02,91.62,92.02,1787
1790965200,92.01,92.01,91.59,91.64,2012
1790965500,91.64,91.65,91,91.1,7055
1790965800,91.1,91.27,91.07,91.12,2361
1790966100,91.14,91.31,91.11,91.22,1080
1790966400,91.23,91.23,91.08,91.11,597
1790966700,91.11,91.16,91.09,91.11,487
1790967000,91.11,91.23,91.06,91.17,737
1790967300,91.16,91.24,91.1,91.11,429
1790967600,91.11,91.12,91,91.08,492
1790967900,91.08,91.1,90.91,91.06,635
1790968200,91.06,91.16,91.04,91.07,865
1790968500,91.07,91.19,91.06,91.12,1035
1790968800,91.12,91.17,91.03,91.07,790
1790969100,91.07,91.21,91.03,91.17,542
1790969400,91.18,91.29,91.16,91.23,843
1790969700,91.22,91.31,91.21,91.31,259
1790970000,91.31,91.48,91.31,91.43,559
1790970300,91.44,91.49,91.4,91.44,248
1790970600,91.44,91.55,91.37,91.44,321
1790970900,91.43,91.55,91.39,91.54,507
1790971200,91.53,91.61,91.37,91.43,674
1790971500,91.44,91.53,91.37,91.4,248
1790971800,91.41,91.5,91.39,91.44,95
1790972100,91.45,91.5,91.4,91.46,155
1790972400,91.44,91.54,91.42,91.52,164
1790972700,91.53,91.53,91.37,91.4,223
1790973000,91.4,91.44,91.36,91.41,189
1790973300,91.4,91.49,91.39,91.42,161
1790973600,91.42,91.43,91.35,91.36,307
1790973900,91.37,91.42,91.26,91.29,242
1790974200,91.27,91.36,91.19,91.19,459
1790974500,91.22,91.28,91.22,91.26,299
1791151200,91.77,91.88,91.49,91.54,969
1791151500,91.56,91.57,91.33,91.36,401
1791151800,91.34,91.42,91.24,91.39,461
1791152100,91.39,91.43,91.28,91.38,204
1791152400,91.4,91.4,91.33,91.36,58
1791152700,91.35,91.35,91.27,91.29,82
1791153000,91.27,91.27,91.14,91.17,268
1791153300,91.16,91.24,91.11,91.17,162
1791153600,91.14,91.16,90.96,91.03,189
1791153900,91.05,91.08,90.98,91.03,78
1791154200,91.02,91.06,90.98,91.02,59
1791154500,91.01,91.07,90.99,91.05,70
1791154800,91.05,91.13,91.01,91.12,123
1791155100,91.11,91.16,91.03,91.16,81
1791155400,91.16,91.23,91.07,91.11,228
1791155700,91.11,91.15,91.04,91.07,85
1791156000,91.06,91.09,91.06,91.09,43
1791156300,91.1,91.1,91.06,91.07,19
1791156600,91.07,91.16,91.02,91.12,96
1791156900,91.11,91.18,91.08,91.08,75
1791157200,91.07,91.08,90.97,90.98,143
1791157500,91,91.01,90.88,90.9,165
1791157800,90.9,90.94,90.8,90.85,199
1791158100,90.87,90.89,90.8,90.85,154
1791158400,90.83,90.83,90.56,90.56,492
1791158700,90.59,90.82,90.51,90.68,299
1791159000,90.68,90.69,90.61,90.69,141
1791159300,90.69,90.78,90.58,90.7,207
1791159600,90.69,90.7,90.57,90.64,238
1791159900,90.63,90.73,90.63,90.65,110
1791160200,90.66,90.68,90.58,90.64,165
1791160500,90.64,90.74,90.63,90.69,92
1791160800,90.69,90.78,90.68,90.77,88
1791161100,90.77,90.77,90.65,90.66,197
1791161400,90.66,90.66,90.45,90.5,281
1791161700,90.5,90.53,90.3,90.34,477
1791162000,90.33,90.58,90.3,90.52,403
1791162300,90.51,90.67,90.47,90.66,186
1791162600,90.65,90.7,90.47,90.47,264
1791162900,90.47,90.52,90.43,90.45,127
1791163200,90.44,90.46,90.24,90.26,429
1791163500,90.26,90.28,90.21,90.23,361
1791163800,90.24,90.28,90.2,90.26,160
1791164100,90.25,90.34,90.24,90.24,108
1791164400,90.23,90.27,90.21,90.26,126
1791164700,90.25,90.27,90.13,90.16,199
1791165000,90.16,90.19,90.12,90.14,145
1791165300,90.16,90.23,90.14,90.2,98
1791165600,90.2,90.2,89.95,90.02,454
1791165900,90.03,90.06,89.91,89.95,377
1791166200,89.95,90.06,89.93,90.05,184
1791166500,90.03,90.08,90,90.06,134
1791166800,90.07,90.07,89.99,90.01,113
1791167100,90.02,90.06,89.93,90.01,155
1791167400,90.04,90.07,89.93,89.97,119
1791167700,89.96,90.12,89.96,90.11,158
1791168000,90.12,90.21,90.1,90.18,219
1791168300,90.19,90.33,90.14,90.32,214
1791168600,90.32,90.35,90.06,90.08,296
1791168900,90.09,90.14,89.94,89.96,255
1791169200,89.97,90.01,89.89,89.98,176
1791169500,89.99,90.1,89.99,90.09,191
1791169800,90.08,90.11,90.02,90.09,95
1791170100,90.1,90.12,89.98,89.99,104
1791170400,89.98,90.04,89.98,90.01,116
1791170700,90.03,90.03,89.98,90.01,131
1791171000,89.99,90.18,89.99,90.07,621
1791171300,90.08,90.12,90.04,90.06,116
1791171600,90.05,90.08,89.98,90.01,122
1791171900,90.02,90.09,89.96,90.08,130
1791172200,90.08,90.11,90.01,90.05,85
1791172500,90.04,90.04,89.88,89.91,150
1791172800,89.92,90.01,89.9,89.97,150
1791173100,89.98,89.99,89.9,89.94,72
1791173400,89.92,89.96,89.87,89.95,82
1791173700,89.94,89.95,89.81,89.85,282
1791174000,89.85,89.85,89.67,89.74,449
1791174300,89.75,89.92,89.72,89.91,174
1791174600,89.9,90.14,89.9,90.11,420
1791174900,90.1,90.3,90.07,90.25,429
1791175200,90.28,90.39,90.28,90.32,283
1791175500,90.31,90.35,90.19,90.23,156
1791175800,90.23,90.32,90.23,90.29,64
1791176100,90.29,90.43,90.28,90.33,232
1791176400,90.34,90.35,90.14,90.15,197
1791176700,90.16,90.17,89.93,89.97,329
1791177000,89.99,90,89.88,89.94,145
1791177300,89.93,90.04,89.93,89.96,162
1791177600,89.97,89.99,89.91,89.95,153
1791177900,89.95,90.13,89.93,90.12,171
1791178200,90.11,90.26,90.1,90.24,198
1791178500,90.24,90.31,90.19,90.27,280
1791178800,90.26,90.26,90.04,90.06,247
1791179100,90.06,90.06,89.82,89.86,288
1791179400,89.84,89.95,89.82,89.94,117
1791179700,89.92,89.92,89.83,89.86,100
1791180000,89.85,89.92,89.71,89.76,537
1791180300,89.75,89.82,89.72,89.75,196
1791180600,89.75,89.8,89.7,89.73,268
1791180900,89.73,89.83,89.6,89.83,595
1791181200,89.81,89.94,89.81,89.9,330
1791181500,89.89,90.06,89.87,90.06,167
1791181800,90.07,90.14,90,90.14,273
1791182100,90.13,90.2,90.08,90.12,217
1791182400,90.11,90.13,90.04,90.13,164
1791182700,90.11,90.17,90.03,90.17,174
1791183000,90.18,90.39,90.07,90.27,636
1791183300,90.26,90.3,89.99,90.05,367
1791183600,90.05,90.1,89.87,90.06,643
1791183900,90.06,90.09,89.87,90.08,354
1791184200,90.08,90.3,89.92,89.94,622
1791184500,89.94,90.01,89.86,89.9,349
1791184800,89.89,90.03,89.83,90,500
1791185100,89.98,90,89.73,89.8,516
1791185400,89.82,89.83,89.65,89.77,571
1791185700,89.76,89.88,89.67,89.75,517
1791186000,89.76,89.83,89.7,89.72,294
1791186300,89.71,89.82,89.65,89.72,369
1791186600,89.71,89.77,89.52,89.7,550
1791186900,89.72,89.8,89.55,89.56,383
1791187200,89.56,89.7,89.42,89.6,763
1791187500,89.59,89.61,89.49,89.54,534
1791187800,89.52,89.58,89.31,89.45,753
1791188100,89.45,89.56,89.35,89.5,612
1791188400,89.47,89.58,89.36,89.5,824
1791188700,89.5,90,89.42,89.99,3337
1791189000,89.98,90.38,89.77,90.29,2182
1791189300,90.3,90.98,90.18,90.64,3411
1791189600,90.63,90.88,90.5,90.69,1506
1791189900,90.7,91.22,90.24,90.35,3613
1791190200,90.36,90.46,89.98,90.45,2363
1791190500,90.43,90.74,90.38,90.62,1013
1791190800,90.62,90.74,90.53,90.59,746
1791191100,90.61,90.82,90.43,90.82,739
1791191400,90.8,91.02,90.74,90.93,636
1791191700,90.94,90.97,90.71,90.71,517
1791192000,90.72,90.74,90.15,90.17,900
1791192300,90.18,90.3,90.15,90.3,455
1791192600,90.3,90.42,90.25,90.42,377
1791192900,90.43,90.56,90.35,90.51,370
1791193200,90.51,90.64,90.46,90.58,413
1791193500,90.59,90.7,90.58,90.69,333
1791193800,90.68,90.77,90.63,90.67,479
1791194100,90.67,90.69,90.52,90.68,511
1791194400,90.68,90.85,90.68,90.81,446
1791194700,90.8,90.84,90.58,90.61,359
1791195000,90.6,90.69,90.43,90.62,606
1791195300,90.62,90.94,90.62,90.88,421
1791195600,90.89,90.9,90.48,90.52,497
1791195900,90.52,90.74,90.52,90.69,353
1791196200,90.68,90.77,90.65,90.72,372
1791196500,90.71,90.92,90.71,90.8,648
1791196800,90.82,90.95,90.71,90.76,448
1791197100,90.77,90.81,90.56,90.56,403
1791197400,90.57,90.7,90.25,90.36,1386
1791197700,90.36,90.36,89.84,90.27,2951
1791198000,90.28,90.66,90.25,90.65,1181
1791198300,90.64,90.66,90.45,90.51,607
1791198600,90.5,90.61,90.39,90.44,544
1791198900,90.45,90.46,90.2,90.2,321
1791199200,90.2,90.24,90.04,90.1,468
1791199500,90.08,90.12,89.42,89.73,2704
1791199800,89.72,90.05,89.67,90,1111
1791200100,89.99,90.32,89.99,90.24,581
1791200400,90.24,90.26,90.18,90.22,377
1791200700,90.24,90.44,90.23,90.42,737
1791201000,90.4,90.4,90.19,90.26,508
1791201300,90.25,90.26,90,90.05,655
1791201600,90.08,90.14,89.91,90.02,721
1791201900,90.02,90.14,89.96,90.14,388
1791202200,90.12,90.16,89.92,90.13,631
1791202500,90.12,90.36,90.11,90.35,525
1791202800,90.34,90.51,90.3,90.49,592
1791203100,90.49,90.52,90.32,90.38,525
1791203400,90.38,90.48,90.28,90.35,554
1791203700,90.36,90.38,90.18,90.2,471
1791204000,90.21,90.29,90.17,90.23,343
1791204300,90.21,90.4,90.06,90.14,1060
1791204600,90.16,90.3,89.95,90.04,923
1791204900,90.03,90.15,89.91,90.08,696
1791205200,90.08,90.1,89.53,89.58,2156
1791205500,89.58,89.7,89.44,89.52,1921
1791205800,89.51,89.51,89.16,89.44,2266
1791206100,89.43,89.48,89.2,89.2,1641
1791206400,89.21,89.75,89.12,89.69,3138
1791206700,89.68,89.73,89.46,89.68,2152
1791207000,89.69,89.77,89.51,89.6,1922
1791207300,89.59,89.86,89.57,89.64,1033
1791207600,89.62,89.77,89.55,89.71,1010
1791207900,89.73,89.82,89.58,89.81,1240
1791208200,89.8,89.87,89.48,89.62,1406
1791208500,89.62,89.86,89.52,89.73,974
1791208800,89.7,90.17,89.65,89.69,3335
1791209100,89.68,89.73,89.11,89.36,3236
1791209400,89.35,89.56,89.28,89.53,1880
1791209700,89.54,89.82,89.49,89.77,1359
1791210000,89.76,89.87,89.6,89.86,1145
1791210300,89.86,89.95,89.69,89.81,721
1791210600,89.82,90.1,89.78,90.08,1123
1791210900,90.04,90.11,89.98,90.08,588
1791211200,90.08,90.27,90.05,90.24,1101
1791211500,90.23,90.47,90.23,90.26,1631
1791211800,90.27,90.53,90.27,90.37,1650
1791212100,90.38,90.53,90.33,90.53,892
1791212400,90.54,90.75,90.44,90.7,1537
1791212700,90.68,91.09,90.68,90.96,2756
1791213000,90.96,91.2,90.91,91.17,1605
1791213300,91.17,91.31,91.07,91.23,1873
1791213600,91.25,91.29,90.97,91.05,1864
1791213900,91.03,91.1,90.66,90.72,2122
1791214200,90.73,90.76,90.35,90.47,2140
1791214500,90.47,90.82,90.41,90.65,1266
1791214800,90.63,90.77,90.6,90.69,787
1791215100,90.68,90.79,90.53,90.53,666
1791215400,90.53,90.64,90.18,90.19,1180
1791215700,90.2,90.28,90.03,90.21,1452
1791216000,90.22,90.4,90.17,90.2,1052
1791216300,90.19,90.33,90.15,90.23,560
1791216600,90.22,90.23,90.11,90.17,573
1791216900,90.16,90.24,90.1,90.24,464
1791217200,90.23,90.26,90.06,90.25,693
1791217500,90.24,90.35,89.91,90.09,1286
1791217800,90.09,90.26,90.05,90.13,650
1791218100,90.12,90.24,90.02,90.24,515
1791218400,90.23,90.34,90.02,90.03,568
1791218700,90.03,90.12,89.99,90.04,428
1791219000,90.04,90.15,90.01,90.11,499
1791219300,90.09,90.26,89.95,90.26,1138
1791219600,90.25,90.39,90.16,90.27,836
1791219900,90.26,90.28,90.02,90.15,595
1791220200,90.13,90.21,90.04,90.04,402
1791220500,90.04,90.12,89.95,90.01,793
1791220800,90.01,90.09,89.97,90.08,484
1791221100,90.07,90.09,89.98,90.03,342
1791221400,90.02,90.05,89.85,89.88,945
1791221700,89.9,89.92,89.75,89.84,970
1791222000,89.84,89.85,89.68,89.74,942
1791222300,89.74,89.8,89.67,89.67,685
1791222600,89.68,89.91,89.66,89.86,780
1791222900,89.85,90.05,89.82,90.01,729
1791223200,90,90.01,89.81,89.88,802
1791223500,89.88,90.14,89.87,89.91,1391
1791223800,89.9,90.07,89.87,90.05,1611
1791224100,90.03,90.06,89.86,89.95,1058
1791224400,89.96,89.98,89.79,89.79,1460
1791224700,89.79,89.85,89.29,89.33,8813
1791225000,89.33,89.4,89.22,89.22,2061
1791225300,89.22,89.28,89.04,89.2,1980
1791225600,89.19,89.19,88.74,88.98,1606
1791225900,88.98,89.03,88.89,88.91,403
1791226200,88.93,89,88.9,88.93,338
1791226500,88.91,88.93,88.84,88.88,489
1791226800,88.88,89.07,88.86,88.95,626
1791227100,88.95,89.12,88.94,89.08,553
1791227400,89.08,89.09,89,89.03,315
1791227700,89.03,89.07,88.98,89.04,237
1791228000,89.05,89.07,88.81,88.99,598
1791228300,89,89.01,88.9,88.95,148
1791228600,88.95,89.06,88.91,88.93,522
1791228900,88.95,89.09,88.93,89.05,517
1791229200,89.05,89.09,89,89.07,330
1791229500,89.06,89.11,89.03,89.1,291
1791229800,89.1,89.24,89.09,89.24,256