time,open,high,low,close,Volume
1789336800,102.25,102.5,101.59,102.12,1377
1789336860,102.07,102.57,102,102.48,881
1789336920,102.5,102.95,102.5,102.89,511
1789336980,102.9,102.93,102.6,102.68,418
1789337040,102.7,102.76,102.54,102.7,233
1789337100,102.67,102.69,102.56,102.67,218
1789337160,102.66,102.85,102.62,102.66,534
1789337220,102.68,102.74,102.62,102.7,122
1789337280,102.71,102.81,102.7,102.76,140
1789337340,102.74,103.14,102.74,103.14,409
1789337400,103.13,103.36,103.08,103.32,500
1789337460,103.34,103.34,103.18,103.22,274
1789337520,103.23,103.35,103.18,103.22,270
1789337580,103.26,103.3,103.07,103.12,214
1789337640,103.13,103.24,103.08,103.17,115
1789337700,103.19,103.33,103.17,103.3,243
1789337760,103.31,103.37,103.29,103.36,127
1789337820,103.36,103.43,103.33,103.35,184
1789337880,103.36,103.44,103.32,103.35,179
1789337940,103.37,103.37,102.92,102.92,196
1789338000,102.94,102.94,102.79,102.81,147
1789338060,102.84,102.9,102.82,102.86,131
1789338120,102.85,102.88,102.83,102.85,63
1789338180,102.85,102.89,102.78,102.78,77
1789338240,102.78,102.87,102.78,102.84,73
1789338300,102.84,102.9,102.83,102.84,76
1789338360,102.85,102.86,102.79,102.85,48
1789338420,102.85,102.91,102.85,102.86,35
1789338480,102.87,102.89,102.85,102.86,19
1789338540,102.86,102.87,102.8,102.82,29
1789338600,102.81,102.83,102.71,102.73,96
1789338660,102.74,102.77,102.6,102.6,230
1789338720,102.61,102.66,102.61,102.64,51
1789338780,102.65,102.66,102.49,102.54,157
1789338840,102.54,102.62,102.52,102.6,99
1789338900,102.63,102.67,102.59,102.61,65
1789338960,102.6,102.6,102.53,102.55,48
1789339020,102.55,102.59,102.49,102.59,56
1789339080,102.58,102.62,102.57,102.59,53
1789339140,102.59,102.59,102.45,102.45,134
1789339200,102.49,102.49,102.44,102.49,49
1789339260,102.5,102.52,102.49,102.49,66
1789339320,102.47,102.47,102.35,102.38,110
1789339380,102.37,102.41,102.33,102.35,86
1789339440,102.33,102.37,102.31,102.36,47
1789339500,102.35,102.35,102.3,102.32,52
1789339560,102.33,102.37,102.3,102.35,67
1789339620,102.35,102.37,102.32,102.32,17
1789339680,102.31,102.36,102.31,102.32,53
1789339740,102.31,102.31,102.25,102.27,48
1789339800,102.27,102.3,102.23,102.3,51
1789339860,102.28,102.29,102.26,102.28,36
1789339920,102.29,102.32,102.26,102.32,26
1789339980,102.32,102.4,102.31,102.34,69
1789340040,102.31,102.34,102.29,102.33,32
1789340100,102.34,102.38,102.33,102.34,34
1789340160,102.37,102.39,102.35,102.35,50
1789340220,102.34,102.35,102.32,102.34,16
1789340280,102.32,102.32,102.31,102.31,16
1789340340,102.32,102.42,102.32,102.41,49
1789340400,102.43,102.46,102.41,102.44,35
1789340460,102.44,102.44,102.33,102.37,37
1789340520,102.36,102.38,102.34,102.38,12
1789340580,102.37,102.37,102.35,102.36,20
1789340640,102.38,102.38,102.33,102.34,9
1789340700,102.32,102.38,102.32,102.38,43
1789340760,102.39,102.44,102.36,102.36,49
1789340820,102.35,102.35,102.32,102.34,15
1789340880,102.37,102.41,102.37,102.39,23
1789340940,102.38,102.38,102.35,102.36,6
1789341000,102.35,102.37,102.29,102.34,40
1789341060,102.33,102.36,102.32,102.34,20
1789341120,102.34,102.34,102.34,102.34,1
1789341180,102.33,102.37,102.31,102.35,13
1789341240,102.36,102.36,102.32,102.34,14
1789341300,102.35,102.35,102.31,102.32,14
1789341360,102.33,102.33,102.3,102.3,9
1789341420,102.31,102.31,102.28,102.29,16
1789341480,102.28,102.38,102.27,102.38,46
1789341540,102.39,102.4,102.35,102.36,36
1789341600,102.35,102.39,102.35,102.39,26
1789341660,102.37,102.39,102.35,102.35,12
1789341720,102.35,102.4,102.35,102.39,20
1789341780,102.37,102.41,102.37,102.41,24
1789341840,102.41,102.43,102.37,102.43,31
1789341900,102.4,102.43,102.39,102.41,33
1789341960,102.43,102.5,102.41,102.5,47
1789342020,102.49,102.53,102.46,102.53,104
1789342080,102.54,102.63,102.52,102.57,128
1789342140,102.56,102.58,102.53,102.53,41
1789342200,102.54,102.54,102.52,102.54,8
1789342260,102.54,102.55,102.52,102.54,18
1789342320,102.53,102.53,102.42,102.47,102
1789342380,102.47,102.47,102.38,102.41,34
1789342440,102.4,102.43,102.39,102.43,25
1789342500,102.44,102.48,102.42,102.47,18
1789342560,102.47,102.5,102.46,102.5,22
1789342620,102.51,102.53,102.5,102.51,15
1789342680,102.5,102.53,102.5,102.51,11
1789342740,102.5,102.5,102.49,102.49,24
1789342800,102.5,102.51,102.48,102.49,6
1789342860,102.49,102.51,102.46,102.48,29
1789342920,102.49,102.49,102.48,102.49,12
1789342980,102.49,102.49,102.44,102.44,17
1789343040,102.44,102.46,102.42,102.44,30
1789343100,102.43,102.44,102.34,102.36,38
1789343160,102.39,102.39,102.24,102.24,82
1789343220,102.24,102.27,102.2,102.25,67
1789343280,102.26,102.37,102.21,102.34,161
1789343340,102.34,102.46,102.34,102.44,69
1789343400,102.44,102.45,102.39,102.39,26
1789343460,102.4,102.45,102.37,102.45,22
1789343520,102.44,102.44,102.42,102.43,6
1789343580,102.45,102.48,102.43,102.46,13
1789343640,102.46,102.46,102.43,102.46,15
1789343700,102.46,102.57,102.46,102.57,54
1789343760,102.57,102.58,102.51,102.55,57
1789343820,102.56,102.6,102.54,102.59,40
1789343880,102.6,102.6,102.55,102.58,25
1789343940,102.58,102.61,102.53,102.56,68
1789344000,102.54,102.82,102.5,102.79,190
1789344060,102.81,102.81,102.53,102.54,105
1789344120,102.55,102.56,102.42,102.43,98
1789344180,102.43,102.43,102.32,102.34,100
1789344240,102.35,102.41,102.3,102.4,99
1789344300,102.42,102.43,102.33,102.36,31
1789344360,102.34,102.36,102.32,102.32,15
1789344420,102.32,102.35,102.3,102.34,85
1789344480,102.36,102.42,102.34,102.38,83
1789344540,102.37,102.41,102.35,102.39,54
1789344600,102.43,102.45,102.42,102.42,25
1789344660,102.41,102.51,102.4,102.47,58
1789344720,102.45,102.45,102.4,102.4,8
1789344780,102.41,102.41,102.37,102.41,31
1789344840,102.43,102.45,102.35,102.45,40
1789344900,102.46,102.56,102.45,102.51,53
1789344960,102.46,102.48,102.44,102.45,31
1789345020,102.46,102.52,102.45,102.47,55
1789345080,102.46,102.51,102.46,102.51,40
1789345140,102.52,102.59,102.52,102.58,40
1789345200,102.6,102.6,102.56,102.59,33
1789345260,102.59,102.61,102.57,102.59,38
1789345320,102.58,102.62,102.56,102.56,17
1789345380,102.56,102.79,102.56,102.74,110
1789345440,102.73,102.82,102.72,102.77,103
1789345500,102.76,102.93,102.71,102.87,175
1789345560,102.88,102.94,102.86,102.9,45
1789345620,102.9,102.9,102.79,102.83,47
1789345680,102.82,102.82,102.78,102.81,47
1789345740,102.84,102.88,102.83,102.83,25
1789345800,102.84,102.85,102.71,102.74,24
1789345860,102.76,102.78,102.68,102.68,25
1789345920,102.7,102.73,102.7,102.73,16
1789345980,102.76,102.82,102.75,102.76,29
1789346040,102.76,102.81,102.74,102.81,28
1789346100,102.82,102.82,102.76,102.79,24
1789346160,102.8,102.93,102.78,102.92,95
1789346220,102.9,102.9,102.84,102.84,95
1789346280,102.83,102.86,102.82,102.86,26
1789346340,102.86,102.86,102.82,102.82,10
1789346400,102.82,102.82,102.81,102.81,4
1789346460,102.84,102.93,102.84,102.92,63
1789346520,102.93,102.95,102.9,102.93,59
1789346580,102.95,102.95,102.83,102.84,63
1789346640,102.82,102.84,102.78,102.81,27
1789346700,102.78,102.78,102.65,102.76,75
1789346760,102.78,102.87,102.76,102.86,45
1789346820,102.85,102.86,102.81,102.83,20
1789346880,102.8,102.8,102.75,102.78,16
1789346940,102.79,102.79,102.76,102.76,26
1789347000,102.77,102.82,102.74,102.82,27
1789347060,102.81,102.83,102.73,102.78,20
1789347120,102.76,102.78,102.7,102.7,21
1789347180,102.72,102.73,102.69,102.71,14
1789347240,102.73,102.75,102.7,102.72,20
1789347300,102.74,102.81,102.74,102.77,57
1789347360,102.75,102.84,102.75,102.83,34
1789347420,102.81,102.84,102.8,102.81,11
1789347480,102.81,102.85,102.79,102.84,19
1789347540,102.81,102.84,102.78,102.78,27
1789347600,102.79,102.99,102.66,102.83,377
1789347660,102.82,103.03,102.78,102.98,278
1789347720,102.99,103.06,102.87,102.91,188
1789347780,102.91,103.14,102.89,103.07,199
1789347840,103.06,103.34,103.06,103.32,310
1789347900,103.34,103.36,103.17,103.35,244
1789347960,103.36,103.36,103.17,103.21,177
1789348020,103.22,103.28,103.18,103.25,93
1789348080,103.25,103.28,103.14,103.17,78
1789348140,103.18,103.33,103.18,103.25,118
1789348200,103.26,103.33,103.07,103.16,229
1789348260,103.17,103.17,103.06,103.1,201
1789348320,103.11,103.18,103.07,103.14,144
1789348380,103.14,103.22,103.11,103.15,138
1789348440,103.12,103.24,103.12,103.16,82
1789348500,103.17,103.17,103.08,103.11,139
1789348560,103.12,103.28,103.08,103.27,120
1789348620,103.28,103.47,103.28,103.43,350
1789348680,103.43,103.52,103.38,103.5,287
1789348740,103.51,103.6,103.43,103.45,208
1789348800,103.44,103.45,103.33,103.36,153
1789348860,103.34,103.49,103.32,103.37,237
1789348920,103.38,103.4,103.26,103.26,74
1789348980,103.29,103.29,103.16,103.16,61
1789349040,103.15,103.15,102.8,102.92,278
1789349100,102.93,103.05,102.91,102.94,85
1789349160,102.9,102.93,102.74,102.82,79
1789349220,102.79,102.86,102.7,102.74,65
1789349280,102.74,102.85,102.74,102.79,37
1789349340,102.78,102.79,102.75,102.75,22
1789349400,102.78,102.87,102.77,102.85,47
1789349460,102.85,102.94,102.81,102.87,125
1789349520,102.9,103.12,102.86,103.12,95
1789349580,103.13,103.15,103.08,103.11,61
1789349640,103.1,103.14,102.98,102.98,71
1789349700,102.98,102.98,102.75,102.77,86
1789349760,102.78,102.78,102.69,102.73,44
1789349820,102.74,102.75,102.69,102.72,33
1789349880,102.75,102.79,102.72,102.76,52
1789349940,102.76,102.8,102.62,102.62,68
1789350000,102.64,102.65,102.51,102.58,126
1789350060,102.58,102.6,102.53,102.53,57
1789350120,102.53,102.63,102.53,102.61,51
1789350180,102.6,102.61,102.57,102.57,53
1789350240,102.56,102.61,102.5,102.54,63
1789350300,102.53,102.54,102.42,102.54,100
1789350360,102.51,102.54,102.36,102.4,124
1789350420,102.41,102.45,102.37,102.37,48
1789350480,102.37,102.4,102.32,102.39,104
1789350540,102.38,102.43,102.34,102.38,53
1789350600,102.38,102.46,102.33,102.38,51
1789350660,102.38,102.56,102.38,102.53,42
1789350720,102.53,102.56,102.47,102.48,40
1789350780,102.49,102.5,102.45,102.46,20
1789350840,102.45,102.48,102.39,102.44,111
1789350900,102.45,102.46,102.34,102.36,117
1789350960,102.37,102.37,102.23,102.32,278
1789351020,102.35,102.39,102.31,102.33,112
1789351080,102.32,102.38,102.3,102.33,94
1789351140,102.32,102.34,102.26,102.34,38
1789351200,102.34,102.41,102.31,102.38,39
1789351260,102.39,102.4,102.33,102.35,35
1789351320,102.34,102.5,102.31,102.44,96
1789351380,102.45,102.48,102.38,102.4,61
1789351440,102.42,102.55,102.4,102.54,168
1789351500,102.56,102.6,102.44,102.46,91
1789351560,102.46,102.5,102.37,102.37,31
1789351620,102.36,102.38,102.28,102.32,68
1789351680,102.32,102.35,102.25,102.35,63
1789351740,102.34,102.41,102.33,102.39,32
1789351800,102.38,102.4,102.23,102.27,55
1789351860,102.28,102.29,102.2,102.21,59
1789351920,102.21,102.3,102.21,102.3,40
1789351980,102.3,102.33,102.25,102.33,33
1789352040,102.31,102.35,102.3,102.35,22
1789352100,102.35,102.35,102.29,102.29,12
1789352160,102.31,102.35,102.24,102.29,83
1789352220,102.29,102.34,102.29,102.32,18
1789352280,102.32,102.35,102.29,102.31,16
1789352340,102.3,102.3,102.27,102.28,9
1789352400,102.28,102.34,102.28,102.34,20
1789352460,102.34,102.49,102.34,102.47,73
1789352520,102.49,102.49,102.45,102.48,15
1789352580,102.46,102.47,102.45,102.47,5
1789352640,102.46,102.49,102.46,102.49,16
1789352700,102.49,102.5,102.44,102.48,15
1789352760,102.47,102.5,102.46,102.48,9
1789352820,102.48,102.52,102.47,102.52,17
1789352880,102.51,102.51,102.49,102.49,14
1789352940,102.49,102.5,102.46,102.5,29
1789353000,102.5,102.54,102.47,102.5,43
1789353060,102.5,102.58,102.48,102.5,32
1789353120,102.47,102.5,102.44,102.49,24
1789353180,102.49,102.54,102.42,102.44,81
1789353240,102.46,102.48,102.43,102.48,32
1789353300,102.49,102.66,102.48,102.62,154
1789353360,102.6,102.73,102.6,102.65,87
1789353420,102.64,102.68,102.62,102.64,29
1789353480,102.63,102.71,102.58,102.63,60
1789353540,102.63,102.66,102.5,102.56,110
1789353600,102.61,102.67,102.6,102.64,44
1789353660,102.59,102.72,102.59,102.72,50
1789353720,102.7,102.74,102.67,102.69,50
1789353780,102.68,102.71,102.64,102.65,31
1789353840,102.67,102.78,102.65,102.78,58
1789353900,102.74,102.74,102.66,102.7,24
1789353960,102.71,102.74,102.7,102.73,30
1789354020,102.72,102.77,102.69,102.75,17
1789354080,102.78,102.8,102.75,102.78,28
1789354140,102.78,102.83,102.76,102.81,60
1789354200,102.79,102.79,102.75,102.79,24
1789354260,102.79,102.91,102.78,102.9,114
1789354320,102.89,102.97,102.89,102.89,92
1789354380,102.9,102.9,102.83,102.89,47
1789354440,102.88,102.91,102.83,102.88,25
1789354500,102.88,102.92,102.88,102.9,25
1789354560,102.86,102.86,102.73,102.79,108
1789354620,102.78,102.8,102.75,102.8,18
1789354680,102.82,102.87,102.79,102.85,48
1789354740,102.85,102.86,102.79,102.8,27
1789354800,102.82,102.97,102.77,102.95,157
1789354860,102.96,102.98,102.86,102.88,46
1789354920,102.85,102.85,102.8,102.84,28
1789354980,102.84,102.85,102.81,102.82,16
1789355040,102.84,102.86,102.84,102.85,11
1789355100,102.85,102.85,102.8,102.84,16
1789355160,102.85,102.88,102.82,102.88,28
1789355220,102.88,102.97,102.84,102.97,131
1789355280,102.97,103,102.93,102.97,63
1789355340,102.98,103,102.9,102.9,36
1789355400,102.91,103.01,102.91,102.98,81
1789355460,103.01,103.01,102.98,103,23
1789355520,102.99,102.99,102.92,102.97,16
1789355580,102.99,103.02,102.95,103.01,32
1789355640,103.02,103.05,102.99,103.02,18
1789355700,103.02,103.06,103.01,103.05,37
1789355760,103.05,103.1,103.03,103.03,58
1789355820,103.05,103.25,103.05,103.19,139
1789355880,103.18,103.21,103.16,103.17,47
1789355940,103.17,103.23,103.17,103.22,32
1789356000,103.24,103.25,103.16,103.2,62
1789356060,103.2,103.25,103.17,103.2,69
1789356120,103.18,103.22,103.12,103.21,25
1789356180,103.2,103.23,103.18,103.2,21
1789356240,103.19,103.26,103.15,103.16,29
1789356300,103.16,103.38,103.16,103.37,158
1789356360,103.39,103.42,103.32,103.34,121
1789356420,103.33,103.35,103.28,103.33,69
1789356480,103.33,103.36,103.31,103.31,29
1789356540,103.3,103.32,103.22,103.24,93
1789356600,103.26,103.26,103.2,103.26,18
1789356660,103.26,103.42,103.26,103.38,139
1789356720,103.37,103.39,103.36,103.39,31
1789356780,103.38,103.38,103.3,103.32,27
1789356840,103.3,103.35,103.26,103.28,25
1789356900,103.3,103.31,103.28,103.3,24
1789356960,103.32,103.35,103.27,103.28,78
1789357020,103.29,103.29,103.2,103.22,49
1789357080,103.21,103.22,103.19,103.22,21
1789357140,103.23,103.23,103.2,103.2,10
1789357200,103.19,103.24,103.18,103.21,36
1789357260,103.22,103.27,103.21,103.26,59
1789357320,103.28,103.29,103.25,103.25,27
1789357380,103.25,103.4,103.25,103.32,179
1789357440,103.35,103.37,103.34,103.35,21
1789357500,103.36,103.4,103.31,103.38,48
1789357560,103.37,103.45,103.37,103.4,77
1789357620,103.42,103.48,103.38,103.43,67
1789357680,103.41,103.41,103.3,103.31,32
1789357740,103.29,103.29,103.24,103.25,39
1789357800,103.26,103.32,103.26,103.28,30
1789357860,103.28,103.35,103.23,103.34,42
1789357920,103.34,103.35,103.34,103.35,7
1789357980,103.35,103.35,103.28,103.29,13
1789358040,103.3,103.3,103.19,103.2,41
1789358100,103.21,103.21,103.14,103.16,39
1789358160,103.16,103.24,103.15,103.2,35
1789358220,103.2,103.26,103.15,103.24,65
1789358280,103.27,103.28,103.21,103.25,52
1789358340,103.24,103.24,103.2,103.2,19
1789358400,103.2,103.2,103.06,103.12,104
1789358460,103.11,103.14,103.09,103.14,37
1789358520,103.12,103.12,103.09,103.09,23
1789358580,103.1,103.1,103.05,103.05,49
1789358640,103.05,103.13,103.05,103.07,88
1789358700,103.05,103.05,102.98,102.99,82
1789358760,102.99,103.01,102.85,102.88,111
1789358820,102.88,102.93,102.82,102.9,50
1789358880,102.92,103.02,102.92,103,118
1789358940,103.02,103.02,102.92,102.92,16
1789359000,102.93,102.99,102.9,102.96,31
1789359060,102.96,102.97,102.93,102.96,27
1789359120,102.95,103.08,102.95,103.06,51
1789359180,103.05,103.05,103,103.03,45
1789359240,103.02,103.02,102.99,103,11
1789359300,103,103.04,102.99,103,13
1789359360,103.01,103.11,103.01,103.11,51
1789359420,103.11,103.11,103.08,103.08,9
1789359480,103.09,103.11,103.06,103.07,23
1789359540,103.08,103.08,103.06,103.08,12
1789359600,103.09,103.1,103.07,103.1,6
1789359660,103.05,103.05,103.01,103.02,14
1789359720,103.02,103.02,102.98,103,21
1789359780,103.01,103.01,102.95,102.95,16
1789359840,102.97,102.98,102.96,102.96,10
1789359900,102.98,102.99,102.91,102.97,27
1789359960,103,103,102.94,102.94,5
1789360020,102.92,102.94,102.92,102.92,6
1789360080,102.94,102.94,102.91,102.91,10
1789360140,102.9,102.92,102.9,102.92,6
1789360200,102.92,102.98,102.89,102.96,39
1789360260,102.97,103.06,102.96,103.06,72
1789360320,103.04,103.04,103.02,103.02,20
1789360380,103.02,103.16,103.01,103.07,74
1789360440,103.05,103.06,103.01,103.04,29
1789360500,103.02,103.02,102.74,102.83,195
1789360560,102.85,102.86,102.72,102.74,80
1789360620,102.75,102.77,102.67,102.77,71
1789360680,102.77,102.77,102.62,102.67,123
1789360740,102.67,102.69,102.56,102.61,156
1789360800,102.61,102.68,102.6,102.68,35
1789360860,102.67,102.77,102.65,102.75,161
1789360920,102.76,102.86,102.73,102.82,70
1789360980,102.81,102.88,102.81,102.88,60
1789361040,102.88,102.91,102.84,102.89,33
1789361100,102.87,102.94,102.83,102.86,44
1789361160,102.85,102.87,102.85,102.85,18
1789361220,102.87,102.89,102.85,102.85,10
1789361280,102.86,102.86,102.75,102.75,67
1789361340,102.75,102.79,102.7,102.78,52
1789361400,102.74,102.74,102.68,102.68,25
1789361460,102.71,102.75,102.69,102.75,13
1789361520,102.72,102.72,102.65,102.7,24
1789361580,102.66,102.7,102.66,102.69,109
1789361640,102.7,102.71,102.64,102.66,87
1789361700,102.65,102.7,102.65,102.68,22
1789361760,102.67,102.74,102.66,102.7,25
1789361820,102.75,102.75,102.69,102.69,7
1789361880,102.67,102.7,102.62,102.64,55
1789361940,102.64,102.69,102.61,102.69,20
1789362000,102.68,102.72,102.68,102.71,13
1789362060,102.69,102.75,102.64,102.68,46
1789362120,102.67,102.71,102.64,102.66,57
1789362180,102.68,102.68,102.62,102.62,24
1789362240,102.61,102.63,102.61,102.61,10
1789362300,102.61,102.65,102.6,102.64,32
1789362360,102.61,102.64,102.57,102.63,32
1789362420,102.65,102.7,102.58,102.59,47
1789362480,102.58,102.59,102.58,102.58,9
1789362540,102.59,102.64,102.59,102.64,7
1789362600,102.66,102.67,102.63,102.66,19
1789362660,102.66,102.73,102.66,102.72,19
1789362720,102.72,102.73,102.58,102.62,69
1789362780,102.63,102.63,102.57,102.57,35
1789362840,102.6,102.6,102.54,102.57,34
1789362900,102.56,102.62,102.56,102.6,8
1789362960,102.6,102.63,102.59,102.62,10
1789363020,102.61,102.64,102.58,102.64,11
1789363080,102.65,102.72,102.65,102.72,8
1789363140,102.7,102.7,102.63,102.66,10
1789363200,102.64,102.66,102.58,102.66,21
1789363260,102.7,102.73,102.67,102.67,26
1789363320,102.68,102.71,102.67,102.7,15
1789363380,102.73,102.79,102.7,102.77,69
1789363440,102.78,102.82,102.77,102.79,33
1789363500,102.8,102.8,102.72,102.76,42
1789363560,102.76,102.77,102.73,102.73,15
1789363620,102.72,102.72,102.67,102.67,14
1789363680,102.65,102.67,102.65,102.65,10
1789363740,102.67,102.67,102.61,102.61,15
1789363800,102.62,102.7,102.53,102.63,82
1789363860,102.66,102.82,102.66,102.79,35
1789363920,102.79,102.79,102.56,102.58,62
1789363980,102.57,102.58,102.39,102.4,126
1789364040,102.41,102.52,102.4,102.52,47
1789364100,102.5,102.56,102.44,102.45,37
1789364160,102.43,102.48,102.43,102.45,15
1789364220,102.44,102.48,102.43,102.44,17
1789364280,102.42,102.43,102.33,102.33,59
1789364340,102.35,102.39,102.25,102.39,148
1789364400,102.39,102.45,102.39,102.45,58
1789364460,102.43,102.46,102.4,102.44,93
1789364520,102.42,102.53,102.41,102.52,117
1789364580,102.51,102.55,102.42,102.47,52
1789364640,102.47,102.47,102.39,102.41,66
1789364700,102.39,102.4,102.33,102.4,37
1789364760,102.38,102.38,102.16,102.18,177
1789364820,102.17,102.22,102.12,102.15,92
1789364880,102.14,102.19,102.04,102.16,195
1789364940,102.17,102.29,102.16,102.28,54
1789365000,102.28,102.28,102.2,102.22,128
1789365060,102.23,102.35,102.23,102.35,132
1789365120,102.37,102.51,102.35,102.48,128
1789365180,102.47,102.47,102.38,102.4,47
1789365240,102.39,102.45,102.33,102.33,28
1789365300,102.33,102.39,102.33,102.38,21
1789365360,102.38,102.4,102.35,102.36,16
1789365420,102.37,102.37,102.33,102.33,42
1789365480,102.34,102.34,102.23,102.24,43
1789365540,102.24,102.24,102.18,102.23,51
1789365600,102.22,102.41,102.16,102.4,91
1789365660,102.39,102.4,102.27,102.32,75
1789365720,102.3,102.48,102.28,102.45,49
1789365780,102.44,102.5,102.43,102.47,56
1789365840,102.47,102.47,102.42,102.44,35
1789365900,102.4,102.43,102.37,102.42,20
1789365960,102.43,102.45,102.34,102.39,52
1789366020,102.4,102.43,102.35,102.36,27
1789366080,102.36,102.39,102.29,102.39,84
1789366140,102.39,102.43,102.28,102.33,98
1789366200,102.3,102.36,102.26,102.28,66
1789366260,102.3,102.3,101.97,102.12,305
1789366320,102.13,102.24,102.13,102.23,59
1789366380,102.23,102.23,102.11,102.14,47
1789366440,102.13,102.17,102.04,102.13,126
1789366500,102.14,102.16,102.04,102.08,103
1789366560,102.08,102.12,102.03,102.12,53
1789366620,102.09,102.19,102.04,102.11,107
1789366680,102.11,102.15,102.08,102.12,34
1789366740,102.12,102.2,102.03,102.04,139
1789366800,102.07,102.15,102.07,102.09,93
1789366860,102.1,102.23,102.06,102.19,66
1789366920,102.18,102.34,102.18,102.31,247
1789366980,102.31,102.33,102.21,102.26,126
1789367040,102.26,102.3,102.26,102.27,29
1789367100,102.25,102.37,102.22,102.35,54
1789367160,102.34,102.38,102.3,102.31,77
1789367220,102.29,102.3,102.18,102.2,119
1789367280,102.17,102.28,102.17,102.25,133
1789367340,102.21,102.23,102.1,102.13,59
1789367400,102.11,102.15,102.05,102.08,109
1789367460,102.06,102.13,101.94,102.13,151
1789367520,102.12,102.35,102.11,102.34,164
1789367580,102.32,102.35,102.27,102.28,80
1789367640,102.28,102.36,102.24,102.32,81
1789367700,102.32,102.33,102.25,102.31,66
1789367760,102.29,102.32,102.27,102.27,21
1789367820,102.27,102.36,102.23,102.27,80
1789367880,102.3,102.3,102.2,102.26,65
1789367940,102.26,102.4,102.24,102.4,82
1789368000,102.38,102.41,102.32,102.34,155
1789368060,102.34,102.46,102.3,102.46,86
1789368120,102.47,102.57,102.47,102.54,181
1789368180,102.55,102.69,102.54,102.69,265
1789368240,102.69,102.87,102.68,102.81,400
1789368300,102.8,102.85,102.72,102.84,169
1789368360,102.81,102.85,102.75,102.75,117
1789368420,102.76,102.81,102.75,102.77,49
1789368480,102.77,102.77,102.66,102.68,73
1789368540,102.69,102.71,102.63,102.68,92
1789368600,102.65,102.71,102.63,102.7,37
1789368660,102.68,102.8,102.59,102.78,120
1789368720,102.76,102.78,102.74,102.74,55
1789368780,102.78,102.8,102.74,102.79,42
1789368840,102.77,102.81,102.7,102.71,74
1789368900,102.7,102.71,102.62,102.62,52
1789368960,102.61,102.65,102.59,102.64,28
1789369020,102.64,102.75,102.64,102.72,47
1789369080,102.69,102.84,102.68,102.82,141
1789369140,102.81,102.88,102.81,102.87,61
1789369200,102.86,102.98,102.84,102.97,157
1789369260,102.98,103.01,102.93,103,146
1789369320,103.02,103.02,102.95,102.95,80
1789369380,102.94,103.01,102.92,102.96,108
1789369440,102.96,102.97,102.87,102.91,126
1789369500,102.92,102.99,102.91,102.91,121
1789369560,102.9,102.96,102.82,102.96,88
1789369620,102.94,103.03,102.92,103,94
1789369680,103.01,103.04,102.99,103.03,41
1789369740,103.04,103.09,102.97,103.02,155
1789369800,103,103.06,102.91,102.91,133
1789369860,102.92,103,102.88,102.95,57
1789369920,102.95,102.96,102.85,102.91,62
1789369980,102.91,102.93,102.87,102.87,33
1789370040,102.86,102.91,102.83,102.89,78
1789370100,102.87,102.88,102.78,102.81,108
1789370160,102.81,102.82,102.63,102.65,121
1789370220,102.67,102.68,102.56,102.66,201
1789370280,102.67,102.69,102.61,102.63,50
1789370340,102.63,102.64,102.61,102.62,37
1789370400,102.62,102.72,102.56,102.67,105
1789370460,102.67,102.78,102.66,102.73,90
1789370520,102.73,102.79,102.68,102.7,87
1789370580,102.72,102.73,102.58,102.6,66
1789370640,102.59,102.71,102.58,102.68,75
1789370700,102.66,102.71,102.63,102.64,80
1789370760,102.63,102.64,102.57,102.58,89
1789370820,102.56,102.65,102.47,102.57,190
1789370880,102.56,102.58,102.53,102.53,33
1789370940,102.55,102.61,102.48,102.58,117
1789371000,102.6,102.62,102.53,102.53,61
1789371060,102.53,102.75,102.52,102.71,106
1789371120,102.71,102.94,102.71,102.91,181
1789371180,102.89,102.97,102.86,102.87,237
1789371240,102.86,102.89,102.75,102.81,93
1789371300,102.81,102.87,102.8,102.83,122
1789371360,102.83,102.97,102.83,102.93,159
1789371420,102.94,102.97,102.88,102.93,82
1789371480,102.92,103.08,102.87,103.05,153
1789371540,103.05,103.29,103.03,103.24,291
1789371600,103.24,103.27,103.2,103.26,182
1789371660,103.24,103.44,103.21,103.41,247
1789371720,103.4,103.52,103.3,103.32,381
1789371780,103.29,103.35,103.17,103.19,189
1789371840,103.18,103.25,103.11,103.2,143
1789371900,103.2,103.42,103.16,103.41,150
1789371960,103.39,103.41,103.22,103.22,215
1789372020,103.23,103.35,103.23,103.24,56
1789372080,103.24,103.27,103.13,103.25,132
1789372140,103.24,103.26,103.15,103.18,66
1789372200,103.17,103.22,103.12,103.14,77
1789372260,103.15,103.15,103.03,103.09,92
1789372320,103.08,103.18,103.01,103.15,88
1789372380,103.14,103.15,103.09,103.11,71
1789372440,103.09,103.09,102.9,102.97,156
1789372500,102.97,102.97,102.71,102.8,271
1789372560,102.8,102.83,102.74,102.83,116
1789372620,102.84,102.86,102.64,102.68,194
1789372680,102.69,102.73,102.61,102.62,133
1789372740,102.62,102.81,102.6,102.8,219
1789372800,102.79,102.79,102.59,102.73,313
1789372860,102.73,102.73,102.54,102.56,193
1789372920,102.54,102.62,102.47,102.56,175
1789372980,102.54,102.54,102.29,102.29,204
1789373040,102.28,102.43,102.22,102.4,206
1789373100,102.39,102.46,102.31,102.35,228
1789373160,102.34,102.41,102.28,102.37,162
1789373220,102.36,102.5,102.33,102.46,146
1789373280,102.46,102.51,102.34,102.39,112
1789373340,102.39,102.43,102.36,102.41,108
1789373400,102.4,102.7,102.39,102.67,251
1789373460,102.67,102.69,102.59,102.61,90
1789373520,102.62,102.76,102.62,102.76,114
1789373580,102.73,102.8,102.71,102.77,50
1789373640,102.8,102.82,102.77,102.8,58
1789373700,102.8,103.01,102.74,102.97,202
1789373760,102.97,103.11,102.9,103.08,250
1789373820,103.08,103.17,103.03,103.14,147
1789373880,103.14,103.24,103.1,103.17,250
1789373940,103.18,103.26,103.08,103.24,196
1789374000,103.25,103.25,103.14,103.21,195
1789374060,103.22,103.22,103.11,103.12,79
1789374120,103.13,103.39,103.12,103.36,344
1789374180,103.34,103.42,103.31,103.36,239
1789374240,103.36,103.63,103.33,103.56,299
1789374300,103.57,103.58,103.46,103.53,121
1789374360,103.52,103.64,103.48,103.53,228
1789374420,103.54,103.65,103.52,103.59,263
1789374480,103.57,103.61,103.51,103.54,223
1789374540,103.53,103.73,103.53,103.68,815
1789374600,103.7,103.8,103.58,103.63,659
1789374660,103.62,103.71,103.57,103.61,289
1789374720,103.63,103.67,103.56,103.59,157
1789374780,103.58,103.62,103.51,103.51,164
1789374840,103.5,103.56,103.45,103.48,146
1789374900,103.46,103.48,103.4,103.4,56
1789374960,103.42,103.45,103.3,103.34,121
1789375020,103.31,103.31,103.13,103.15,174
1789375080,103.16,103.28,103.13,103.23,129
1789375140,103.24,103.27,103.11,103.13,110
1789375200,103.12,103.15,103.07,103.08,136
1789375260,103.08,103.19,103.06,103.07,152
1789375320,103.08,103.21,103.03,103.21,94
1789375380,103.19,103.23,103.11,103.2,136
1789375440,103.2,103.21,103.1,103.13,63
1789375500,103.13,103.19,103.09,103.13,118
1789375560,103.14,103.17,103.06,103.14,123
1789375620,103.15,103.16,103.06,103.11,47
1789375680,103.15,103.21,103.14,103.15,68
1789375740,103.17,103.37,103.17,103.3,187
1789375800,103.31,103.35,103.21,103.23,64
1789375860,103.23,103.32,103.17,103.19,141
1789375920,103.19,103.29,103.19,103.25,44
1789375980,103.24,103.31,103.24,103.31,122
1789376040,103.3,103.43,103.29,103.4,148
1789376100,103.41,103.41,103.3,103.31,101
1789376160,103.33,103.53,103.33,103.52,101
1789376220,103.49,103.58,103.48,103.52,141
1789376280,103.51,103.53,103.29,103.29,202
1789376340,103.31,103.47,103.31,103.43,124
1789376400,103.44,103.45,103.25,103.25,127
1789376460,103.26,103.28,103.17,103.2,119
1789376520,103.21,103.31,103.2,103.31,86
1789376580,103.3,103.32,103.23,103.3,46
1789376640,103.31,103.32,103.27,103.27,43
1789376700,103.29,103.38,103.27,103.3,89
1789376760,103.3,103.32,103.23,103.28,24
1789376820,103.28,103.28,103.22,103.22,35
1789376880,103.23,103.29,103.23,103.25,43
1789376940,103.26,103.31,103.17,103.27,92
1789377000,103.31,103.42,103.29,103.33,108
1789377060,103.34,103.45,103.32,103.41,148
1789377120,103.4,103.42,103.35,103.36,83
1789377180,103.37,103.48,103.32,103.44,106
1789377240,103.43,103.43,103.36,103.39,69
1789377300,103.39,103.55,103.37,103.54,118
1789377360,103.53,103.66,103.47,103.64,226
1789377420,103.65,103.76,103.63,103.72,151
1789377480,103.73,103.8,103.68,103.8,312
1789377540,103.81,103.83,103.71,103.71,215
1789377600,103.72,103.76,103.71,103.74,54
1789377660,103.75,103.83,103.69,103.81,86
1789377720,103.82,103.83,103.72,103.73,82
1789377780,103.73,103.73,103.54,103.54,161
1789377840,103.55,103.61,103.42,103.42,88
1789377900,103.43,103.43,103.33,103.37,104
1789377960,103.38,103.41,103.34,103.34,56
1789378020,103.34,103.34,103.07,103.07,309
1789378080,103.08,103.08,102.9,102.95,296
1789378140,102.97,102.97,102.81,102.86,167
1789378200,102.87,102.98,102.78,102.87,184
1789378260,102.88,103.01,102.85,103.01,76
1789378320,102.99,103.12,102.94,103.12,130
1789378380,103.11,103.12,103,103.03,56
1789378440,103.05,103.05,102.93,103,58
1789378500,102.98,103.01,102.88,102.9,49
1789378560,102.9,102.9,102.77,102.86,151
1789378620,102.86,102.89,102.82,102.87,64
1789378680,102.88,102.91,102.7,102.82,162
1789378740,102.83,102.86,102.78,102.78,81
1789378800,102.78,102.78,102.4,102.58,698
1789378860,102.59,102.65,102.51,102.6,129
1789378920,102.61,102.63,102.45,102.57,128
1789378980,102.56,102.6,102.5,102.51,65
1789379040,102.5,102.65,102.49,102.65,89
1789379100,102.63,102.63,102.55,102.6,78
1789379160,102.57,102.62,102.5,102.51,110
1789379220,102.52,102.62,102.5,102.6,54
1789379280,102.59,102.62,102.53,102.61,116
1789379340,102.62,102.73,102.62,102.7,94
1789379400,102.68,102.85,102.67,102.81,244
1789379460,102.81,102.85,102.73,102.84,210
1789379520,102.84,102.87,102.73,102.78,119
1789379580,102.77,102.82,102.74,102.77,91
1789379640,102.76,102.83,102.74,102.81,79
1789379700,102.81,102.86,102.73,102.77,135
1789379760,102.77,102.78,102.73,102.74,61
1789379820,102.75,102.78,102.68,102.75,87
1789379880,102.73,102.75,102.68,102.71,125
1789379940,102.72,102.77,102.61,102.62,245
1789380000,102.62,102.71,102.59,102.63,79
1789380060,102.65,102.84,102.57,102.82,171
1789380120,102.81,102.86,102.79,102.79,90
1789380180,102.77,102.98,102.77,102.92,140
1789380240,102.92,102.94,102.79,102.8,76
1789380300,102.78,102.78,102.52,102.52,137
1789380360,102.51,102.65,102.43,102.63,181
1789380420,102.62,102.62,102.45,102.51,107
1789380480,102.5,102.68,102.49,102.66,65
1789380540,102.66,102.68,102.64,102.64,25
1789380600,102.66,102.72,102.62,102.62,61
1789380660,102.62,102.68,102.61,102.65,34
1789380720,102.65,102.82,102.56,102.82,100
1789380780,102.82,102.82,102.74,102.77,81
1789380840,102.77,102.92,102.74,102.9,183
1789380900,102.9,102.95,102.87,102.89,69
1789380960,102.87,102.92,102.87,102.91,43
1789381020,102.9,102.97,102.9,102.92,103
1789381080,102.9,102.9,102.84,102.87,54
1789381140,102.86,102.9,102.66,102.69,188
1789381200,102.7,102.7,102.6,102.63,48
1789381260,102.64,102.67,102.53,102.55,61
1789381320,102.56,102.58,102.54,102.57,56
1789381380,102.57,102.62,102.55,102.56,44
1789381440,102.56,102.62,102.56,102.61,26
1789381500,102.6,102.61,102.51,102.52,61
1789381560,102.52,102.55,102.45,102.47,75
1789381620,102.49,102.5,102.45,102.5,62
1789381680,102.49,102.5,102.34,102.41,269
1789381740,102.41,102.47,102.4,102.43,119
1789381800,102.43,102.45,102.41,102.41,48
1789381860,102.42,102.43,102.33,102.39,81
1789381920,102.39,102.41,102.36,102.36,116
1789381980,102.38,102.39,102.28,102.37,168
1789382040,102.38,102.39,102.31,102.32,34
1789382100,102.31,102.38,102.3,102.34,112
1789382160,102.32,102.35,102.29,102.34,57
1789382220,102.36,102.45,102.36,102.44,177
1789382280,102.43,102.44,102.4,102.41,28
1789382340,102.43,102.43,102.35,102.41,40
1789382400,102.4,102.43,102.35,102.43,34
1789382460,102.44,102.45,102.26,102.32,67
1789382520,102.32,102.38,102.28,102.38,83
1789382580,102.37,102.42,102.37,102.4,36
1789382640,102.39,102.39,102.32,102.33,23
1789382700,102.33,102.35,102.31,102.31,30
1789382760,102.32,102.38,102.32,102.36,29
1789382820,102.34,102.41,102.34,102.36,35
1789382880,102.4,102.43,102.38,102.42,35
1789382940,102.42,102.42,102.32,102.38,58
1789383000,102.37,102.46,102.29,102.34,202
1789383060,102.35,102.39,102.35,102.38,36
1789383120,102.42,102.45,102.36,102.41,56
1789383180,102.41,102.47,102.41,102.41,40
1789383240,102.41,102.42,102.39,102.41,35
1789383300,102.4,102.44,102.32,102.33,105
1789383360,102.32,102.35,102.27,102.3,85
1789383420,102.3,102.35,102.3,102.35,45
1789383480,102.34,102.4,102.32,102.39,63
1789383540,102.39,102.52,102.35,102.52,94
1789383600,102.5,102.56,102.4,102.5,206
1789383660,102.49,102.52,102.36,102.4,157
1789383720,102.4,102.42,102.33,102.35,81
1789383780,102.34,102.46,102.34,102.38,118
1789383840,102.39,102.44,102.33,102.33,67
1789383900,102.32,102.54,102.32,102.54,107
1789383960,102.56,102.62,102.56,102.58,92
1789384020,102.57,102.63,102.55,102.59,69
1789384080,102.59,102.65,102.56,102.57,58
1789384140,102.59,102.59,102.47,102.48,67
1789384200,102.47,102.56,102.44,102.54,24
1789384260,102.53,102.55,102.49,102.53,35
1789384320,102.54,102.55,102.5,102.51,37
1789384380,102.52,102.6,102.49,102.5,75
1789384440,102.52,102.56,102.5,102.56,46
1789384500,102.55,102.63,102.55,102.55,74
1789384560,102.57,102.62,102.56,102.61,31
1789384620,102.6,102.75,102.59,102.74,109
1789384680,102.74,102.78,102.71,102.77,106
1789384740,102.79,102.98,102.79,102.94,176
1789384800,102.95,102.95,102.79,102.8,124
1789384860,102.82,103.04,102.82,103.01,275
1789384920,102.99,103.01,102.92,102.98,85
1789384980,102.98,102.99,102.93,102.96,92
1789385040,102.95,102.96,102.89,102.89,115
1789385100,102.91,103.05,102.88,102.98,93
1789385160,102.97,102.99,102.92,102.98,53
1789385220,102.97,103.02,102.96,103.02,30
1789385280,103.02,103.08,103.02,103.04,75
1789385340,103.03,103.12,103,103.1,93
1789385400,103.12,103.17,103.08,103.11,153
1789385460,103.11,103.23,103.08,103.21,273
1789385520,103.22,103.31,103.22,103.28,117
1789385580,103.28,103.31,103.18,103.19,246
1789385640,103.21,103.25,103.19,103.24,68
1789385700,103.23,103.24,103.18,103.19,52
1789385760,103.19,103.2,103.09,103.16,124
1789385820,103.16,103.25,103.16,103.19,143
1789385880,103.2,103.22,103.18,103.18,59
1789385940,103.17,103.2,103.14,103.18,88
1789386000,103.17,103.19,103.12,103.17,104
1789386060,103.17,103.24,103.14,103.22,124
1789386120,103.2,103.2,103.1,103.12,97
1789386180,103.12,103.15,103.07,103.1,69
1789386240,103.11,103.26,103.11,103.26,158
1789386300,103.27,103.29,103.2,103.26,78
1789386360,103.27,103.36,103.26,103.35,129
1789386420,103.37,103.42,103.33,103.38,235
1789386480,103.39,103.46,103.37,103.41,304
1789386540,103.41,103.41,103.29,103.37,157
1789386600,103.38,103.56,103.37,103.49,313
1789386660,103.48,103.51,103.45,103.46,82
1789386720,103.47,103.54,103.47,103.54,123
1789386780,103.53,103.61,103.51,103.58,226
1789386840,103.58,103.58,103.48,103.5,185
1789386900,103.51,103.53,103.41,103.44,281
1789386960,103.44,103.64,103.42,103.62,254
1789387020,103.62,103.63,103.56,103.59,85
1789387080,103.6,103.65,103.58,103.61,164
1789387140,103.62,103.63,103.51,103.51,167
1789387200,103.51,103.6,103.47,103.58,170
1789387260,103.59,103.62,103.43,103.45,163
1789387320,103.44,103.46,103.41,103.42,83
1789387380,103.42,103.44,103.31,103.34,210
1789387440,103.34,103.34,103.24,103.27,258
1789387500,103.25,103.32,103.25,103.27,165
1789387560,103.29,103.31,103.12,103.14,205
1789387620,103.13,103.2,103,103.01,237
1789387680,103.01,103.09,102.94,103.06,217
1789387740,103.05,103.06,102.96,103.05,252
1789387800,103.05,103.1,103,103.05,110
1789387860,103.04,103.09,103.02,103.03,55
1789387920,103.04,103.1,103.02,103.09,105
1789387980,103.1,103.15,103.09,103.13,171
1789388040,103.12,103.17,103.07,103.08,131
1789388100,103.07,103.16,103.06,103.09,134
1789388160,103.08,103.1,102.63,102.86,1612
1789388220,102.85,102.96,102.64,102.87,990
1789388280,102.88,103.03,102.88,103.03,155
1789388340,103.01,103.11,102.77,102.93,741
1789388400,102.92,103.08,102.85,102.99,289
1789388460,102.96,103,102.88,102.95,131
1789388520,103,103.18,103,103.16,184
1789388580,103.16,103.26,103.07,103.23,412
1789388640,103.22,103.24,103.18,103.22,69
1789388700,103.21,103.57,103.14,103.54,537
1789388760,103.54,103.58,103.46,103.5,286
1789388820,103.49,103.58,103.46,103.57,267
1789388880,103.56,103.65,103.43,103.63,411
1789388940,103.65,103.7,103.5,103.65,455
1789389000,103.66,103.85,103.64,103.76,589
1789389060,103.77,103.77,103.6,103.64,295
1789389120,103.64,103.9,103.62,103.77,508
1789389180,103.77,103.94,103.77,103.89,410
1789389240,103.89,103.89,103.74,103.75,403
1789389300,103.76,104.55,103.75,104.52,3017
1789389360,104.5,104.65,104.37,104.46,1627
1789389420,104.44,104.77,104.44,104.75,861
1789389480,104.74,104.89,104.7,104.8,1006
1789389540,104.81,104.82,104.55,104.73,728
1789389600,104.72,104.92,104.72,104.74,541
1789389660,104.74,104.95,104.57,104.63,1500
1789389720,104.63,104.82,104.6,104.79,607
1789389780,104.78,104.79,104.51,104.58,675
1789389840,104.58,104.66,104.45,104.55,625
1789389900,104.55,104.57,104.3,104.39,429
1789389960,104.38,104.52,104.37,104.47,277
1789390020,104.48,104.49,104.32,104.34,280
1789390080,104.34,104.54,104.32,104.5,392
1789390140,104.51,104.62,104.41,104.41,274
1789390200,104.42,104.48,104.22,104.23,362
1789390260,104.23,104.32,104.17,104.25,463
1789390320,104.25,104.31,104.14,104.17,385
1789390380,104.17,104.27,104.14,104.24,307
1789390440,104.25,104.33,104.19,104.26,218
1789390500,104.26,104.32,104.2,104.29,362
1789390560,104.3,104.37,104.27,104.32,233
1789390620,104.34,104.5,104.32,104.37,277
1789390680,104.38,104.44,104.33,104.44,239
1789390740,104.43,104.44,104.22,104.22,254
1789390800,104.21,104.29,104.14,104.14,638
1789390860,104.13,104.34,104.08,104.3,361
1789390920,104.29,104.43,104.22,104.39,253
1789390980,104.37,104.55,104.34,104.52,314
1789391040,104.52,104.52,104.28,104.32,161
1789391100,104.32,104.32,104.04,104.05,440
1789391160,104.06,104.2,104.06,104.18,271
1789391220,104.18,104.25,104.14,104.18,229
1789391280,104.17,104.27,104.13,104.24,205
1789391340,104.22,104.23,104.08,104.23,228
1789391400,104.19,104.24,104.05,104.12,167
1789391460,104.13,104.13,103.97,103.97,398
1789391520,103.98,104.13,103.96,104.01,313
1789391580,104.02,104.03,103.84,103.86,344
1789391640,103.86,103.96,103.85,103.95,403
1789391700,103.94,104.09,103.93,104.05,237
1789391760,104.04,104.04,103.92,103.99,145
1789391820,103.99,104.01,103.95,103.97,224
1789391880,103.96,103.98,103.85,103.87,180
1789391940,103.88,103.96,103.8,103.82,192
1789392000,103.82,103.93,103.82,103.92,218
1789392060,103.93,103.95,103.63,103.64,404
1789392120,103.65,103.75,103.55,103.7,551
1789392180,103.7,103.8,103.69,103.76,324
1789392240,103.75,103.77,103.69,103.75,194
1789392300,103.74,103.84,103.71,103.76,140
1789392360,103.76,103.9,103.74,103.86,244
1789392420,103.85,103.93,103.85,103.9,215
1789392480,103.88,104.04,103.88,104.01,413
1789392540,104.01,104.03,103.93,103.93,169
1789392600,103.94,104.03,103.8,103.86,448
1789392660,103.87,103.98,103.82,103.83,207
1789392720,103.82,103.82,103.57,103.57,597
1789392780,103.57,103.74,103.56,103.65,265
1789392840,103.65,103.67,103.53,103.62,304
1789392900,103.61,103.75,103.59,103.74,233
1789392960,103.74,103.79,103.7,103.75,218
1789393020,103.76,103.76,103.51,103.59,330
1789393080,103.6,103.76,103.59,103.71,283
1789393140,103.69,103.73,103.63,103.73,124
1789393200,103.73,103.78,103.72,103.78,122
1789393260,103.74,103.96,103.73,103.89,279
1789393320,103.88,103.97,103.74,103.82,392
1789393380,103.79,103.91,103.78,103.9,142
1789393440,103.9,103.9,103.76,103.8,132
1789393500,103.81,103.91,103.73,103.91,223
1789393560,103.9,104.07,103.9,103.97,409
1789393620,103.97,103.98,103.84,103.87,278
1789393680,103.88,104.05,103.86,104.02,234
1789393740,104.03,104.18,104.02,104.15,244
1789393800,104.15,104.15,103.92,103.94,288
1789393860,103.94,104.01,103.92,103.93,210
1789393920,103.94,103.94,103.4,103.84,1857
1789393980,103.84,104.02,103.77,103.97,398
1789394040,103.97,104.16,103.96,104.13,450
1789394100,104.12,104.32,104.1,104.27,785
1789394160,104.26,104.31,104.19,104.23,477
1789394220,104.25,104.31,104.2,104.2,444
1789394280,104.2,104.26,104.06,104.24,415
1789394340,104.23,104.47,104.22,104.4,663
1789394400,104.4,104.4,104.17,104.19,362
1789394460,104.18,104.37,104.16,104.18,381
1789394520,104.19,104.37,104.17,104.34,251
1789394580,104.34,104.43,104.29,104.42,223
1789394640,104.42,104.51,104.41,104.47,503
1789394700,104.46,104.46,104.35,104.35,338
1789394760,104.34,104.37,104.17,104.22,324
1789394820,104.21,104.28,104.13,104.15,228
1789394880,104.14,104.15,103.94,103.95,576
1789394940,103.93,104.05,103.92,104.04,215
1789395000,104.03,104.09,103.93,104.06,271
1789395060,104.05,104.19,104.02,104.17,175
1789395120,104.15,104.28,104.12,104.21,283
1789395180,104.22,104.27,104.04,104.06,286
1789395240,104.07,104.31,104.06,104.3,171
1789395300,104.29,104.29,104.15,104.16,197
1789395360,104.18,104.18,104.09,104.13,105
1789395420,104.12,104.13,104.05,104.1,135
1789395480,104.1,104.13,104.08,104.09,119
1789395540,104.08,104.08,103.99,104.05,202
1789395600,104.03,104.2,104.02,104.17,181
1789395660,104.16,104.24,104.15,104.19,161
1789395720,104.18,104.19,104.06,104.15,153
1789395780,104.16,104.21,104.11,104.18,170
1789395840,104.18,104.39,104.18,104.32,691
1789395900,104.32,104.33,104.19,104.26,203
1789395960,104.27,104.47,104.24,104.42,501
1789396020,104.42,104.48,104.37,104.4,440
1789396080,104.39,104.44,104.16,104.23,423
1789396140,104.23,104.35,104.09,104.1,306
1789396200,104.11,104.23,103.94,104.08,664
1789396260,104.07,104.1,103.97,104.02,246
1789396320,104.02,104.04,103.83,103.84,449
1789396380,103.82,103.89,103.75,103.88,403
1789396440,103.87,103.9,103.73,103.88,374
1789396500,103.89,103.96,103.85,103.87,302
1789396560,103.86,103.91,103.75,103.78,305
1789396620,103.79,103.84,103.68,103.8,274
1789396680,103.8,103.87,103.78,103.79,226
1789396740,103.78,103.84,103.73,103.78,203
1789396800,103.78,103.91,103.71,103.88,175
1789396860,103.9,103.97,103.85,103.95,245
1789396920,103.96,104.03,103.9,104.02,263
1789396980,104.01,104.01,103.77,103.87,331
1789397040,103.87,103.9,103.67,103.68,449
1789397100,103.68,103.71,103.53,103.57,322
1789397160,103.57,103.65,103.51,103.65,237
1789397220,103.63,103.83,103.6,103.83,218
1789397280,103.78,103.78,103.6,103.63,139
1789397340,103.62,103.64,103.49,103.52,371
1789397400,103.53,103.74,103.49,103.68,477
1789397460,103.67,103.72,103.48,103.5,313
1789397520,103.49,103.65,103.45,103.64,208
1789397580,103.63,103.76,103.62,103.69,219
1789397640,103.7,103.71,103.52,103.58,472
1789397700,103.57,103.61,103.52,103.53,233
1789397760,103.54,103.65,103.54,103.63,141
1789397820,103.62,103.76,103.55,103.73,533
1789397880,103.72,103.76,103.6,103.61,183
1789397940,103.62,103.66,103.43,103.51,636
1789398000,103.53,103.53,103.33,103.37,504
1789398060,103.36,103.44,103.26,103.36,365
1789398120,103.36,103.4,103.29,103.33,314
1789398180,103.33,103.38,103.26,103.3,293
1789398240,103.3,103.39,103.27,103.39,248
1789398300,103.39,103.4,101.97,102.45,2814
1789398360,102.47,102.62,101.91,102.29,3056
1789398420,102.31,102.73,102.26,102.72,2060
1789398480,102.73,102.84,102.67,102.78,931
1789398540,102.8,102.9,102.64,102.86,603
1789398600,102.84,102.85,102.52,102.66,809
1789398660,102.67,102.81,102.65,102.7,409
1789398720,102.7,102.83,102.68,102.71,430
1789398780,102.71,102.85,102.71,102.84,259
1789398840,102.83,103.16,102.8,103.15,696
1789398900,103.16,103.36,103.11,103.29,1002
1789398960,103.29,103.45,103.21,103.35,605
1789399020,103.34,103.44,103.25,103.39,425
1789399080,103.39,103.49,103.28,103.36,425
1789399140,103.35,103.43,103.31,103.4,337
1789399200,103.39,103.5,103.37,103.47,271
1789399260,103.49,103.58,103.44,103.49,445
1789399320,103.48,103.63,103.45,103.57,304
1789399380,103.57,103.57,103.38,103.39,338
1789399440,103.39,103.44,103.27,103.36,421
1789399500,103.35,103.49,103.35,103.43,239
1789399560,103.42,103.52,103.39,103.44,173
1789399620,103.43,103.6,103.35,103.56,424
1789399680,103.55,103.66,103.49,103.66,314
1789399740,103.64,103.85,103.59,103.75,1319
1789399800,103.77,103.88,103.69,103.77,598
1789399860,103.76,103.92,103.75,103.89,472
1789399920,103.89,103.92,103,103.32,2998
1789399980,103.3,103.36,102.58,102.61,1789
1789400040,102.62,102.81,102.52,102.62,1301
1789400100,102.62,102.8,102.58,102.77,897
1789400160,102.74,103,102.71,102.97,1214
1789400220,102.96,103,102.59,102.61,1009
1789400280,102.59,102.67,102.51,102.51,981
1789400340,102.51,102.58,102.41,102.47,834
1789400400,102.47,103,102.46,102.78,1603
1789400460,102.79,102.87,102.51,102.69,987
1789400520,102.7,102.7,102.48,102.61,465
1789400580,102.59,102.67,102.4,102.42,760
1789400640,102.43,102.63,102.22,102.55,1081
1789400700,102.55,102.68,102.47,102.56,683
1789400760,102.53,102.67,102.45,102.65,354
1789400820,102.64,102.72,102.54,102.72,358
1789400880,102.71,102.9,102.7,102.9,261
1789400940,102.89,102.96,102.82,102.86,316
1789401000,102.82,103.02,102.81,102.95,425
1789401060,102.95,103.02,102.89,102.96,364
1789401120,102.97,103,102.77,102.87,467
1789401180,102.86,102.95,102.73,102.83,276
1789401240,102.82,103.12,102.81,103.06,301
1789401300,103.04,103.1,102.93,102.95,319
1789401360,102.93,103.02,102.93,102.95,154
1789401420,102.95,103.08,102.92,102.94,283
1789401480,102.93,103.07,102.89,103.04,348
1789401540,103.05,103.13,102.99,103.13,262
1789401600,103.12,103.16,102.89,103.08,540
1789401660,103.06,103.07,102.85,102.89,247
1789401720,102.87,102.95,102.82,102.82,185
1789401780,102.84,102.88,102.78,102.79,157
1789401840,102.78,102.93,102.76,102.84,165
1789401900,102.86,102.86,102.53,102.57,446
1789401960,102.57,102.58,102.46,102.52,197
1789402020,102.51,102.58,102.24,102.34,727
1789402080,102.34,102.54,102.33,102.52,542
1789402140,102.51,102.55,102.37,102.37,252
1789402200,102.36,102.42,102.12,102.25,507
1789402260,102.23,102.33,102.22,102.28,438
1789402320,102.29,102.34,102.2,102.26,256
1789402380,102.22,102.36,102.22,102.35,233
1789402440,102.34,102.38,102.26,102.38,164
1789402500,102.37,102.4,102.17,102.18,439
1789402560,102.21,102.38,102.12,102.37,486
1789402620,102.38,102.47,102.37,102.39,209
1789402680,102.38,102.4,102.3,102.36,230
1789402740,102.35,102.56,102.33,102.55,229
1789402800,102.57,102.71,102.53,102.61,426
1789402860,102.63,102.72,102.55,102.64,186
1789402920,102.63,102.71,102.61,102.69,166
1789402980,102.7,102.8,102.7,102.73,212
1789403040,102.73,102.77,102.68,102.75,171
1789403100,102.75,102.94,102.73,102.86,311
1789403160,102.85,102.9,102.8,102.86,202
1789403220,102.85,103,102.85,103,350
1789403280,102.99,103.17,102.99,103.09,452
1789403340,103.11,103.17,102.97,103.06,885
1789403400,103.07,103.12,102.93,102.98,392
1789403460,102.98,103.13,102.76,102.9,697
1789403520,102.89,102.95,102.7,102.79,474
1789403580,102.82,102.85,102.75,102.8,286
1789403640,102.8,102.86,102.76,102.81,218
1789403700,102.8,102.88,102.7,102.71,278
1789403760,102.7,102.81,102.69,102.75,125
1789403820,102.76,102.77,102.54,102.63,279
1789403880,102.63,102.72,102.6,102.69,370
1789403940,102.69,102.79,102.69,102.73,208
1789404000,102.73,102.83,102.66,102.66,477
1789404060,102.65,102.67,102.55,102.62,220
1789404120,102.62,102.67,102.6,102.64,172
1789404180,102.64,102.65,102.54,102.55,133
1789404240,102.56,102.62,102.53,102.57,209
1789404300,102.58,102.58,102.46,102.47,101
1789404360,102.46,102.47,102.28,102.29,497
1789404420,102.28,102.34,101.52,101.65,3570
1789404480,101.66,101.67,101.22,101.37,2254
1789404540,101.38,101.6,101.36,101.52,1382
1789404600,101.53,101.67,101.45,101.55,753
1789404660,101.55,101.57,101.44,101.46,355
1789404720,101.46,101.53,101.16,101.24,1261
1789404780,101.23,101.24,100.88,100.96,1647
1789404840,100.95,101.05,100.88,100.98,790
1789404900,100.98,100.99,100.79,100.92,687
1789404960,100.91,100.94,100.8,100.86,822
1789405020,100.86,101.26,100.86,101.24,742
1789405080,101.22,101.38,101.19,101.32,770
1789405140,101.31,101.41,101.23,101.36,577
1789405200,101.36,101.57,101.3,101.51,688
1789405260,101.52,101.8,101.5,101.67,858
1789405320,101.68,101.75,101.62,101.72,267
1789405380,101.71,101.71,101.53,101.54,349
1789405440,101.53,101.58,101.44,101.58,271
1789405500,101.58,101.71,101.57,101.68,212
1789405560,101.68,101.77,101.62,101.77,207
1789405620,101.76,101.77,101.62,101.68,167
1789405680,101.68,101.74,101.66,101.71,116
1789405740,101.71,101.74,101.61,101.62,171
1789405800,101.63,101.78,101.6,101.74,186
1789405860,101.74,101.77,101.67,101.69,152
1789405920,101.68,101.69,101.52,101.67,441
1789405980,101.67,101.71,101.62,101.7,78
1789406040,101.7,101.81,101.7,101.8,135
1789406100,101.79,101.92,101.76,101.82,376
1789406160,101.84,101.9,101.81,101.89,147
1789406220,101.89,101.89,101.8,101.89,151
1789406280,101.86,101.95,101.86,101.89,336
1789406340,101.88,101.96,101.88,101.94,156
1789406400,101.92,101.95,101.85,101.9,195
1789406460,101.91,102.03,101.88,101.98,281
1789406520,101.98,102.08,101.94,102.02,238
1789406580,102.02,102.04,101.91,101.96,275
1789406640,101.95,101.95,101.66,101.68,821
1789406700,101.69,101.73,101.57,101.59,444
1789406760,101.59,101.67,101.58,101.63,105
1789406820,101.63,101.68,101.59,101.61,98
1789406880,101.6,101.65,101.55,101.63,335
1789406940,101.64,101.64,101.46,101.53,382
1789407000,101.53,101.72,101.37,101.4,510
1789407060,101.39,101.42,101.32,101.39,244
1789407120,101.37,101.5,101.31,101.48,259
1789407180,101.47,101.5,101.39,101.42,190
1789407240,101.41,101.42,101.37,101.38,113
1789407300,101.38,101.54,101.38,101.48,198
1789407360,101.47,101.59,101.42,101.58,204
1789407420,101.58,101.59,101.48,101.52,167
1789407480,101.52,101.52,101.41,101.48,168
1789407540,101.49,101.53,101.41,101.53,74
1789407600,101.53,101.58,101.46,101.5,150
1789407660,101.5,101.55,101.48,101.51,96
1789407720,101.51,101.53,101.36,101.41,222
1789407780,101.41,101.47,101.39,101.44,64
1789407840,101.44,101.57,101.44,101.51,175
1789407900,101.51,101.53,101.45,101.51,92
1789407960,101.5,101.54,101.46,101.53,85
1789408020,101.54,101.69,101.54,101.66,282
1789408080,101.64,101.64,101.53,101.59,278
1789408140,101.57,101.68,101.57,101.61,142
1789408200,101.61,101.65,101.57,101.61,112
1789408260,101.61,101.66,101.46,101.49,220
1789408320,101.49,101.54,101.31,101.35,250
1789408380,101.36,101.44,101.36,101.37,162
1789408440,101.38,101.38,101.29,101.36,435
1789408500,101.37,101.4,101.33,101.36,148
1789408560,101.36,101.4,101.32,101.36,228
1789408620,101.39,101.53,101.35,101.5,304
1789408680,101.5,101.55,101.45,101.52,203
1789408740,101.51,101.72,101.5,101.72,445
1789408800,101.71,101.74,101.37,101.58,1182
1789408860,101.57,101.67,101.48,101.48,508
1789408920,101.47,101.57,101.42,101.57,307
1789408980,101.56,101.66,101.52,101.61,237
1789409040,101.6,101.63,101.47,101.55,220
1789409100,101.54,101.56,101.43,101.47,372
1789409160,101.45,101.48,101.39,101.44,170
1789409220,101.43,101.46,101.24,101.3,384
1789409280,101.28,101.32,101.16,101.21,387
1789409340,101.2,101.26,101.13,101.18,444
1789409400,101.19,101.28,101.16,101.21,240
1789409460,101.2,101.29,101.16,101.29,159
1789409520,101.28,101.45,101.27,101.42,346
1789409580,101.39,101.53,101.39,101.43,350
1789409640,101.43,101.44,101.36,101.43,204
1789409700,101.44,101.48,101.39,101.45,341
1789409760,101.44,101.56,101.44,101.51,307
1789409820,101.5,101.65,101.46,101.57,350
1789409880,101.56,101.56,101.43,101.5,135
1789409940,101.54,101.55,101.47,101.54,130
1789410000,101.53,101.59,101.37,101.45,555
1789410060,101.44,101.51,101.38,101.45,333
1789410120,101.43,101.52,101.42,101.52,174
1789410180,101.51,101.6,101.49,101.55,209
1789410240,101.55,101.6,101.5,101.55,269
1789410300,101.53,101.53,101.21,101.31,664
1789410360,101.29,101.44,101.26,101.37,705
1789410420,101.36,101.45,101.24,101.3,567
1789410480,101.3,101.58,101.3,101.39,4256
1789410540,101.39,101.39,101.22,101.23,3677
1789410600,101.22,101.23,101.11,101.22,605
1789410660,101.22,101.25,101.16,101.22,367
1789410720,101.23,101.23,101.04,101.08,335
1789410780,101.07,101.07,100.83,100.83,509
1789410840,100.82,100.9,100.77,100.85,372
1789410900,100.84,100.84,100.72,100.8,460
1789410960,100.77,100.81,100.63,100.63,679
1789411020,100.64,100.7,100.58,100.68,541
1789411080,100.68,100.69,100.57,100.63,354
1789411140,100.63,100.65,100.54,100.62,307
1789411200,100.61,100.62,100.53,100.56,212
1789411260,100.56,100.7,100.55,100.7,225
1789411320,100.7,100.72,100.64,100.7,212
1789411380,100.68,100.68,100.55,100.64,207
1789411440,100.65,100.71,100.61,100.71,131
1789411500,100.71,100.82,100.7,100.79,255
1789411560,100.79,100.98,100.72,100.92,697
1789411620,100.91,101.03,100.8,100.84,590
1789411680,100.85,100.88,100.76,100.79,187
1789411740,100.81,100.83,100.68,100.68,358
1789411800,100.69,100.71,100.57,100.67,221
1789411860,100.65,100.71,100.64,100.68,104
1789411920,100.68,100.69,100.61,100.62,71
1789411980,100.61,100.66,100.57,100.61,89
1789412040,100.62,100.69,100.62,100.67,149
1789412100,100.67,100.91,100.67,100.85,462
1789412160,100.85,100.93,100.85,100.89,185
1789412220,100.89,101.03,100.85,100.99,359
1789412280,101,101.05,100.93,100.97,264
1789412340,100.98,101.09,100.98,101.05,145
1789412400,101.05,101.09,100.97,100.97,215
1789412460,100.98,101.15,100.96,101.05,256
1789412520,101.05,101.13,101.03,101.03,248
1789412580,101.02,101.04,100.99,101,49
1789412640,101.01,101.2,100.77,100.99,1322
1789412700,101,101,100.88,100.88,218
1789412760,100.88,100.91,100.76,100.77,286
1789412820,100.79,100.92,100.7,100.88,210
1789412880,100.85,100.88,100.84,100.86,53
1789412940,100.86,100.89,100.83,100.89,92
1789413000,100.89,100.95,100.85,100.91,69
1789413060,100.92,100.94,100.91,100.91,46
1789413120,100.92,101.02,100.89,101.01,110
1789413180,101.01,101.03,100.96,100.99,113
1789413240,100.99,101.01,100.93,100.93,134
1789413300,100.94,100.98,100.91,100.93,37
1789413360,100.91,100.93,100.89,100.91,89
1789413420,100.91,101.05,100.9,101.04,97
1789413480,101.05,101.07,101.02,101.04,52
1789413540,101.04,101.05,100.98,101.03,52
1789413600,101.02,101.12,101.01,101.12,129
1789413660,101.13,101.15,101.1,101.14,116
1789413720,101.12,101.24,101.12,101.2,157
1789413780,101.21,101.29,101.21,101.24,172
1789413840,101.25,101.32,101.21,101.25,222
1789413900,101.25,101.28,101.22,101.25,66
1789413960,101.26,101.29,101.24,101.27,32
1789414020,101.28,101.28,101.24,101.26,29
1789414080,101.27,101.3,101.22,101.29,57
1789414140,101.28,101.31,101.26,101.28,157
1789414200,101.27,101.32,101.2,101.22,104
1789414260,101.22,101.23,101.17,101.2,83
1789414320,101.21,101.27,101.21,101.26,154
1789414380,101.25,101.3,101.24,101.25,74
1789414440,101.27,101.36,101.27,101.36,176
1789414500,101.36,101.41,101.33,101.38,202
1789414560,101.38,101.41,101.36,101.41,57
1789414620,101.4,101.49,101.36,101.37,205
1789414680,101.37,101.42,101.36,101.38,65
1789414740,101.38,101.42,101.38,101.4,53
1789414800,101.38,101.39,101.32,101.35,65
1789414860,101.36,101.37,101.31,101.32,47
1789414920,101.3,101.39,101.3,101.37,91
1789414980,101.33,101.43,101.32,101.43,70
1789415040,101.45,101.49,101.43,101.49,111
1789415100,101.5,101.65,101.47,101.61,387
1789415160,101.63,101.96,101.61,101.71,606
1789415220,101.71,101.74,101.69,101.73,94
1789415280,101.73,101.78,101.71,101.74,95
1789415340,101.74,101.74,101.64,101.66,170
1789415400,101.67,101.73,101.64,101.7,213
1789415460,101.7,101.73,101.6,101.61,124
1789415520,101.61,101.67,101.59,101.67,90
1789415580,101.66,101.69,101.64,101.66,30
1789415640,101.68,101.74,101.67,101.73,33
1789415700,101.74,101.76,101.65,101.73,108
1789415760,101.74,101.85,101.73,101.85,143
1789415820,101.83,101.87,101.83,101.83,89
1789415880,101.83,101.87,101.8,101.84,53
1789415940,101.84,101.87,101.82,101.85,79
1789416000,101.84,101.85,101.72,101.77,279
1789416060,101.77,101.83,101.75,101.83,25
1789416120,101.82,101.88,101.82,101.87,34
1789416180,101.88,101.89,101.86,101.86,24
1789416240,101.86,101.89,101.85,101.88,42
1789416300,101.85,101.85,101.75,101.75,46
1789416360,101.76,101.78,101.73,101.76,56
1789416420,101.73,101.81,101.72,101.74,46
1789416480,101.76,101.81,101.75,101.77,22
1789416540,101.75,101.8,101.7,101.79,42
1789416600,101.82,101.85,101.79,101.83,67
1789416660,101.83,101.89,101.8,101.88,110
1789416720,101.89,101.91,101.75,101.75,78
1789416780,101.75,101.77,101.74,101.76,40
1789416840,101.77,101.79,101.76,101.79,37
1789416900,101.79,101.81,101.77,101.81,24
1789416960,101.79,101.81,101.75,101.81,16
1789417020,101.81,101.84,101.81,101.84,11
1789417080,101.86,101.9,101.84,101.88,22
1789417140,101.9,101.97,101.86,101.88,112
1789417200,101.86,101.91,101.83,101.86,91
1789417260,101.86,101.86,101.77,101.79,37
1789417320,101.8,101.87,101.8,101.84,33
1789417380,101.84,101.85,101.8,101.8,24
1789417440,101.81,101.82,101.79,101.81,14
1789417500,101.82,101.88,101.82,101.84,33
1789417560,101.83,101.88,101.83,101.88,7
1789417620,101.87,101.87,101.81,101.87,37
1789417680,101.85,101.86,101.83,101.85,43
1789417740,101.86,101.92,101.86,101.9,33
1789417800,101.88,101.93,101.88,101.93,34
1789417860,101.94,101.98,101.91,101.97,51
1789417920,101.96,102,101.95,101.96,59
1789417980,101.94,101.96,101.94,101.95,15
1789418040,101.93,101.96,101.92,101.95,79
1789418100,101.94,101.98,101.93,101.97,47
1789418160,101.94,101.94,101.91,101.94,22
1789418220,101.92,101.94,101.87,101.9,41
1789418280,101.9,101.95,101.9,101.93,47
1789418340,101.92,101.92,101.92,101.92,7
1789418400,101.93,101.95,101.92,101.95,29
1789418460,101.95,101.96,101.94,101.95,31
1789418520,101.96,102.08,101.94,102.06,112
1789418580,102.05,102.06,102,102.04,39
1789418640,102.03,102.04,102.01,102.01,8
1789418700,102.01,102.01,101.97,101.97,30
1789418760,101.97,101.97,101.91,101.93,29
1789418820,101.94,102,101.93,101.98,42
1789418880,102,102.02,101.97,102,56
1789418940,102,102.01,101.94,101.94,21
1789419000,101.93,102,101.89,101.93,167
1789419060,101.92,101.95,101.89,101.94,93
1789419120,101.94,101.94,101.93,101.93,12
1789419180,101.94,101.97,101.84,101.84,52
1789419240,101.88,101.91,101.88,101.91,20
1789419300,101.91,101.92,101.86,101.9,42
1789419360,101.9,101.91,101.85,101.87,26
1789419420,101.86,101.86,101.85,101.85,25
1789419480,101.87,101.88,101.85,101.85,101
1789419540,101.87,101.89,101.84,101.89,89
1789423200,102.01,102.06,101.86,101.95,64
1789423260,101.95,101.97,101.89,101.91,27
1789423320,101.97,101.97,101.92,101.97,24
1789423380,101.97,101.99,101.94,101.96,107
1789423440,101.95,101.98,101.95,101.96,55
1789423500,101.97,101.97,101.96,101.96,16
1789423560,101.96,101.96,101.95,101.95,3
1789423620,101.95,101.96,101.95,101.95,24
1789423680,101.94,101.95,101.92,101.94,26
1789423740,101.95,101.97,101.94,101.96,26
1789423800,101.97,101.98,101.97,101.98,5
1789423860,101.98,101.98,101.97,101.98,27
1789423920,101.97,102.01,101.97,101.99,20
1789423980,102.01,102.01,102.01,102.01,2
1789424040,101.99,102.01,101.99,102,9
1789424100,102,102,102,102,2
1789424160,102.01,102.01,101.96,101.98,86
1789424220,101.98,101.98,101.97,101.98,169
1789424280,101.97,101.98,101.97,101.97,23
1789424340,101.97,101.97,101.97,101.97,8
1789424400,101.98,101.98,101.97,101.97,59
1789424460,101.97,101.98,101.96,101.96,32
1789424520,101.95,101.95,101.95,101.95,30
1789424580,101.98,101.98,101.97,101.97,13
1789424640,101.98,101.98,101.98,101.98,1
1789424700,101.97,101.97,101.96,101.97,18
1789424760,101.97,101.98,101.97,101.97,7
1789424820,101.96,101.97,101.96,101.96,6
1789424880,101.97,101.98,101.96,101.97,10
1789424940,101.96,101.96,101.95,101.95,11
1789425000,101.95,101.95,101.95,101.95,6
1789425060,101.93,101.93,101.92,101.92,51
1789425120,101.91,101.91,101.9,101.91,20
1789425180,101.9,101.91,101.83,101.83,71
1789425240,101.85,101.9,101.85,101.89,25
1789425300,101.89,101.9,101.89,101.89,10
1789425360,101.88,101.88,101.87,101.88,17
1789425420,101.87,101.88,101.87,101.88,3
1789425480,101.9,101.9,101.89,101.89,2
1789425540,101.88,101.89,101.88,101.89,6
1789425600,101.9,101.91,101.9,101.91,6
1789425660,101.92,101.92,101.92,101.92,2
1789425720,101.93,101.98,101.93,101.98,21
1789425780,101.98,101.99,101.97,101.97,15
1789425840,101.96,101.97,101.96,101.96,7
1789425900,101.94,101.94,101.92,101.92,17
1789425960,101.91,101.93,101.91,101.93,10
1789426020,101.93,101.93,101.93,101.93,1
1789426080,101.95,101.95,101.95,101.95,3
1789426140,101.96,101.96,101.94,101.94,2
1789426320,101.94,101.94,101.94,101.94,2
1789426380,101.95,101.95,101.95,101.95,1
1789426500,101.96,101.97,101.96,101.97,4
1789426560,101.98,101.99,101.98,101.99,2
1789426620,101.97,101.97,101.97,101.97,1
1789426740,101.97,101.97,101.96,101.96,7
1789426800,101.97,102.02,101.97,102,54
1789426860,101.98,101.98,101.97,101.98,14
1789426920,101.97,101.99,101.97,101.99,9
1789426980,101.99,102,101.99,101.99,21
1789427040,102,102.01,101.99,101.99,19
1789427100,101.98,101.98,101.98,101.98,3
1789427160,101.97,101.97,101.97,101.97,1
1789427280,101.97,101.97,101.96,101.96,9
1789427340,101.95,101.96,101.95,101.96,5
1789427400,101.97,101.97,101.97,101.97,5
1789427460,101.97,101.97,101.96,101.96,3
1789427520,101.97,101.97,101.97,101.97,2
1789427580,101.97,101.97,101.97,101.97,3
1789427700,101.99,101.99,101.99,101.99,1
1789427760,101.98,102.03,101.98,102.03,31
1789427820,102.03,102.12,102.03,102.11,123
1789427880,102.11,102.2,102.1,102.19,73
1789427940,102.18,102.19,102.16,102.17,25
1789428000,102.17,102.22,102.16,102.19,46
1789428060,102.19,102.22,102.17,102.19,13
1789428120,102.19,102.2,102.18,102.18,8
1789428180,102.19,102.2,102.17,102.17,8
1789428300,102.15,102.16,102.14,102.15,10
1789428360,102.13,102.13,102.1,102.1,7
1789428420,102.11,102.11,102.1,102.11,5
1789428480,102.11,102.11,102.1,102.1,3
1789428540,102.1,102.1,102.09,102.09,4
1789428600,102.09,102.09,102.04,102.08,20
1789428660,102.08,102.09,102.06,102.07,24
1789428720,102.06,102.08,102.06,102.07,9
1789428780,102.07,102.09,102.07,102.09,14
1789428840,102.09,102.09,102.09,102.09,4
1789428900,102.09,102.09,102.09,102.09,1
1789428960,102.1,102.1,102.1,102.1,5
1789429020,102.11,102.12,102.09,102.11,11
1789429080,102.11,102.12,102.09,102.09,9
1789429200,102.08,102.08,102.07,102.07,2
1789429260,102.07,102.07,102.07,102.07,2
1789429380,102.07,102.07,102.07,102.07,1
1789429440,102.08,102.1,102.05,102.06,22
1789429500,102.07,102.07,102.07,102.07,4
1789429560,102.07,102.09,102.07,102.08,12
1789429620,102.08,102.11,102.07,102.07,42
1789429680,102.1,102.1,102.08,102.1,6
1789429740,102.1,102.1,102.1,102.1,4
1789429800,102.11,102.11,102.09,102.11,27
1789429860,102.11,102.12,102.11,102.11,5
1789429920,102.11,102.12,102.11,102.11,3
1789429980,102.11,102.12,102.11,102.12,4
1789430040,102.12,102.12,102.1,102.1,8
1789430160,102.1,102.1,102.08,102.1,37
1789430220,102.11,102.11,102.09,102.11,14
1789430280,102.1,102.1,102.1,102.1,3
1789430340,102.12,102.17,102.12,102.16,31
1789430400,102.17,102.25,102.11,102.23,232
1789430460,102.21,102.31,102.19,102.26,114
1789430520,102.26,102.3,102.21,102.29,45
1789430580,102.29,102.33,102.27,102.32,49
1789430640,102.32,102.36,102.21,102.22,86
1789430700,102.21,102.31,102.18,102.19,106
1789430760,102.18,102.18,102.11,102.13,33
1789430820,102.14,102.16,102.09,102.09,50
1789430880,102.08,102.12,102.03,102.1,57
1789430940,102.1,102.18,102.1,102.18,10
1789431000,102.17,102.34,102.17,102.32,71
1789431060,102.31,102.38,102.31,102.32,61
1789431120,102.34,102.34,102.28,102.29,16
1789431180,102.28,102.29,102.26,102.27,14
1789431240,102.27,102.3,102.22,102.24,39
1789431300,102.25,102.37,102.25,102.32,71
1789431360,102.32,102.34,102.3,102.31,28
1789431420,102.31,102.34,102.28,102.3,36
1789431480,102.3,102.38,102.3,102.36,74
1789431540,102.37,102.59,102.37,102.54,535
1789431600,102.55,102.7,102.55,102.63,385
1789431660,102.64,102.72,102.61,102.67,84
1789431720,102.66,102.7,102.64,102.65,51
1789431780,102.66,102.67,102.6,102.6,99
1789431840,102.59,102.63,102.56,102.58,44
1789431900,102.58,102.67,102.58,102.67,35
1789431960,102.67,102.71,102.64,102.7,42
1789432020,102.7,102.71,102.66,102.69,38
1789432080,102.69,102.69,102.67,102.68,24
1789432140,102.68,102.73,102.64,102.73,54
1789432200,102.71,102.73,102.66,102.7,53
1789432260,102.68,102.71,102.61,102.7,167
1789432320,102.69,102.7,102.68,102.7,17
1789432380,102.67,102.69,102.65,102.69,11
1789432440,102.7,102.79,102.7,102.78,75
1789432500,102.78,102.8,102.74,102.76,42
1789432560,102.75,102.75,102.66,102.67,141
1789432620,102.68,102.74,102.67,102.72,41
1789432680,102.72,102.73,102.71,102.72,8
1789432740,102.7,102.72,102.64,102.71,24
1789432800,102.7,102.74,102.68,102.73,27
1789432860,102.74,102.75,102.72,102.72,12
1789432920,102.72,102.73,102.7,102.73,19
1789432980,102.73,102.76,102.73,102.74,18
1789433040,102.76,102.8,102.74,102.74,33
1789433100,102.73,102.73,102.68,102.68,25
1789433160,102.68,102.69,102.64,102.69,25
1789433220,102.68,102.68,102.64,102.65,6
1789433280,102.65,102.65,102.61,102.63,77
1789433340,102.64,102.64,102.57,102.59,106
1789433400,102.6,102.63,102.59,102.62,23
1789433460,102.65,102.7,102.65,102.69,16
1789433520,102.66,102.67,102.58,102.59,24
1789433580,102.59,102.62,102.57,102.6,34
1789433640,102.59,102.61,102.58,102.59,10
1789433700,102.61,102.61,102.54,102.55,27
1789433760,102.56,102.66,102.56,102.64,43
1789433820,102.64,102.64,102.6,102.61,74
1789433880,102.6,102.68,102.57,102.63,51
1789433940,102.67,102.69,102.65,102.68,35
1789434000,102.68,102.79,102.67,102.74,155
1789434060,102.73,102.76,102.67,102.73,78
1789434120,102.74,102.85,102.73,102.74,132
1789434180,102.75,102.78,102.56,102.58,74
1789434240,102.57,102.58,102.42,102.51,316
1789434300,102.52,102.56,102.47,102.54,92
1789434360,102.54,102.57,102.47,102.55,99
1789434420,102.52,102.58,102.52,102.52,53
1789434480,102.53,102.53,102.49,102.51,43
1789434540,102.51,102.55,102.39,102.55,139
1789434600,102.55,102.56,102.48,102.51,36
1789434660,102.46,102.55,102.42,102.42,52
1789434720,102.43,102.43,102.33,102.4,123
1789434780,102.4,102.46,102.38,102.43,45
1789434840,102.39,102.45,102.22,102.24,113
1789434900,102.24,102.25,102.12,102.23,336
1789434960,102.24,102.36,102.23,102.28,137
1789435020,102.3,102.41,102.3,102.33,61
1789435080,102.33,102.47,102.33,102.43,83
1789435140,102.44,102.44,102.36,102.4,43
1789435200,102.4,102.53,102.39,102.46,137
1789435260,102.46,102.49,102.39,102.39,43
1789435320,102.37,102.47,102.37,102.4,74
1789435380,102.39,102.44,102.38,102.4,44
1789435440,102.41,102.41,102.26,102.29,99
1789435500,102.29,102.36,102.28,102.36,61
1789435560,102.36,102.42,102.34,102.38,31
1789435620,102.38,102.55,102.36,102.54,76
1789435680,102.53,102.59,102.48,102.55,71
1789435740,102.55,102.55,102.5,102.51,16
1789435800,102.5,102.52,102.48,102.48,42
1789435860,102.49,102.49,102.37,102.43,40
1789435920,102.46,102.52,102.4,102.42,51
1789435980,102.41,102.41,102.24,102.25,92
1789436040,102.27,102.33,102.26,102.3,25
1789436100,102.35,102.51,102.35,102.49,84
1789436160,102.48,102.52,102.47,102.51,41
1789436220,102.52,102.61,102.48,102.6,49
1789436280,102.61,102.61,102.55,102.57,47
1789436340,102.56,102.58,102.55,102.57,28
1789436400,102.56,102.85,102.56,102.78,223
1789436460,102.79,102.8,102.73,102.78,64
1789436520,102.79,102.83,102.77,102.78,54
1789436580,102.78,102.83,102.78,102.83,47
1789436640,102.85,102.88,102.8,102.8,66
1789436700,102.82,102.85,102.7,102.72,74
1789436760,102.74,102.77,102.73,102.74,31
1789436820,102.73,102.81,102.73,102.78,34
1789436880,102.76,102.79,102.73,102.73,46
1789436940,102.72,102.73,102.64,102.64,58
1789437000,102.65,102.8,102.65,102.73,31
1789437060,102.72,102.83,102.72,102.8,271
1789437120,102.81,102.89,102.8,102.85,117
1789437180,102.86,102.93,102.85,102.92,152
1789437240,102.93,102.95,102.91,102.92,92
1789437300,102.93,102.95,102.91,102.91,45
1789437360,102.9,102.92,102.85,102.85,105
1789437420,102.86,102.97,102.86,102.89,116
1789437480,102.87,102.93,102.87,102.88,42
1789437540,102.9,102.98,102.9,102.93,43
1789437600,102.94,102.95,102.86,102.87,89
1789437660,102.89,102.93,102.86,102.86,31
1789437720,102.87,102.94,102.87,102.89,53
1789437780,102.88,102.88,102.82,102.87,39
1789437840,102.88,102.93,102.87,102.88,19
1789437900,102.88,102.91,102.86,102.89,30
1789437960,102.89,102.91,102.87,102.88,70
1789438020,102.88,102.92,102.88,102.91,41
1789438080,102.9,102.91,102.77,102.8,281
1789438140,102.81,102.88,102.8,102.85,76
1789438200,102.85,102.86,102.75,102.75,110
1789438260,102.76,102.77,102.7,102.73,31
1789438320,102.73,102.74,102.67,102.74,76
1789438380,102.74,102.77,102.7,102.7,52
1789438440,102.73,102.75,102.69,102.69,24
1789438500,102.71,102.71,102.7,102.7,12
1789438560,102.71,102.72,102.68,102.71,9
1789438620,102.68,102.68,102.67,102.67,14
1789438680,102.68,102.71,102.65,102.65,14
1789438740,102.67,102.69,102.67,102.69,3
1789438800,102.71,102.73,102.71,102.72,7
1789438860,102.71,102.74,102.71,102.74,18
1789438920,102.73,102.75,102.73,102.75,5
1789438980,102.77,102.8,102.76,102.77,29
1789439040,102.76,102.8,102.75,102.79,25
1789439100,102.8,102.81,102.77,102.77,18
1789439160,102.81,102.81,102.81,102.81,4
1789439220,102.8,102.81,102.78,102.81,13
1789439280,102.83,102.86,102.83,102.83,34
1789439340,102.81,102.82,102.78,102.82,18
1789439400,102.81,102.86,102.78,102.78,27
1789439460,102.76,102.86,102.72,102.84,88
1789439520,102.85,102.96,102.84,102.95,86
1789439580,102.96,102.96,102.91,102.94,67
1789439640,102.91,102.97,102.87,102.93,86
1789439700,102.94,103,102.92,102.97,88
1789439760,102.97,103.07,102.96,102.96,113
1789439820,102.99,103.03,102.99,103.01,38
1789439880,103.01,103.02,102.99,103,26
1789439940,102.98,102.98,102.94,102.96,14
1789440000,102.97,103.02,102.96,103,54
1789440060,103.02,103.06,103.01,103.03,83
1789440120,103.03,103.12,103.01,103.11,90
1789440180,103.08,103.15,103.07,103.13,41
1789440240,103.14,103.15,103.11,103.15,46
1789440300,103.15,103.16,103.03,103.07,89
1789440360,103.08,103.11,103.03,103.04,78
1789440420,103.05,103.07,103,103.03,57
1789440480,103.03,103.08,103.02,103.07,27
1789440540,103.05,103.05,103,103.01,31
1789440600,103,103.02,102.96,102.99,37
1789440660,102.97,103,102.92,102.97,67
1789440720,102.98,102.99,102.95,102.99,26
1789440780,102.99,103,102.94,102.94,24
1789440840,102.95,102.98,102.92,102.93,39
1789440900,102.95,102.98,102.91,102.94,18
1789440960,102.92,102.95,102.91,102.94,42
1789441020,102.95,102.96,102.87,102.89,45
1789441080,102.9,102.91,102.87,102.87,39
1789441140,102.88,102.9,102.87,102.89,15
1789441200,102.87,102.91,102.78,102.89,124
1789441260,102.88,102.88,102.85,102.87,21
1789441320,102.84,102.85,102.79,102.82,38
1789441380,102.81,102.83,102.76,102.8,54
1789441440,102.81,102.83,102.79,102.83,49
1789441500,102.82,102.91,102.81,102.9,53
1789441560,102.9,102.91,102.87,102.91,26
1789441620,102.91,102.94,102.9,102.93,32
1789441680,102.93,102.96,102.9,102.9,25
1789441740,102.9,102.91,102.85,102.91,41
1789441800,102.91,102.93,102.88,102.9,45
1789441860,102.91,102.92,102.86,102.86,19
1789441920,102.84,102.86,102.82,102.82,86
1789441980,102.82,102.88,102.79,102.87,40
1789442040,102.87,102.9,102.87,102.9,34
1789442100,102.89,102.9,102.84,102.84,30
1789442160,102.84,102.92,102.82,102.87,45
1789442220,102.87,102.89,102.86,102.86,20
1789442280,102.85,102.86,102.84,102.84,9
1789442340,102.83,102.83,102.77,102.8,45
1789442400,102.79,102.79,102.76,102.77,21
1789442460,102.76,102.8,102.76,102.79,32
1789442520,102.79,102.84,102.79,102.79,47
1789442580,102.79,102.81,102.78,102.78,22
1789442640,102.76,102.78,102.76,102.76,19
1789442700,102.76,102.8,102.76,102.78,32
1789442760,102.8,102.83,102.78,102.81,26
1789442820,102.81,102.82,102.77,102.78,30
1789442880,102.77,102.79,102.76,102.77,24
1789442940,102.77,102.85,102.76,102.83,55
1789443000,102.86,102.89,102.79,102.8,53
1789443060,102.79,102.81,102.78,102.81,19
1789443120,102.81,102.82,102.79,102.82,27
1789443180,102.83,102.84,102.79,102.8,23
1789443240,102.8,102.84,102.8,102.83,22
1789443300,102.82,102.82,102.78,102.78,41
1789443360,102.78,102.82,102.77,102.82,15
1789443420,102.84,102.86,102.83,102.85,29
1789443480,102.86,102.88,102.86,102.88,9
1789443540,102.9,102.93,102.89,102.91,27
1789443600,102.92,102.94,102.92,102.94,19
1789443660,102.94,102.98,102.94,102.97,38
1789443720,102.98,103.01,102.95,102.95,58
1789443780,102.95,102.95,102.92,102.92,37
1789443840,102.91,102.94,102.9,102.94,27
1789443900,102.94,102.96,102.93,102.96,19
1789443960,102.95,102.96,102.94,102.96,14
1789444020,102.95,102.96,102.92,102.96,29
1789444080,102.95,102.96,102.95,102.96,17
1789444140,102.96,102.96,102.91,102.94,42
1789444200,102.94,102.95,102.93,102.95,7
1789444260,102.96,103,102.94,102.95,62
1789444320,102.94,102.94,102.9,102.91,30
1789444380,102.9,102.9,102.85,102.85,55
1789444440,102.85,102.87,102.85,102.85,26
1789444500,102.85,102.85,102.84,102.85,17
1789444560,102.86,102.95,102.86,102.94,32
1789444620,102.93,102.98,102.92,102.96,39
1789444680,102.93,102.95,102.93,102.93,16
1789444740,102.92,102.96,102.91,102.94,23
1789444800,102.95,102.96,102.94,102.94,41
1789444860,102.95,103,102.94,102.96,51
1789444920,102.95,102.98,102.95,102.97,19
1789444980,102.97,102.98,102.97,102.98,9
1789445040,102.97,103,102.91,102.94,64
1789445100,102.93,102.93,102.92,102.92,6
1789445160,102.95,102.95,102.91,102.93,20
1789445220,102.92,102.92,102.92,102.92,3
1789445280,102.91,102.91,102.91,102.91,2
1789445340,102.91,102.93,102.91,102.93,5
1789445400,102.91,102.91,102.89,102.9,13
1789445460,102.91,102.95,102.9,102.93,16
1789445520,102.95,102.98,102.94,102.97,15
1789445580,102.95,103,102.95,102.99,22
1789445640,103,103.05,103,103.03,43
1789445700,103.05,103.05,103.01,103.02,14
1789445760,103,103.01,103,103.01,4
1789445820,103.01,103.04,103.01,103.03,10
1789445880,103.03,103.04,103.03,103.04,11
1789445940,103.05,103.09,103.05,103.06,32
1789446000,103.04,103.06,103.04,103.05,19
1789446060,103.05,103.15,103.05,103.14,57
1789446120,103.13,103.15,103.13,103.15,26
1789446180,103.15,103.18,103.14,103.16,45
1789446240,103.17,103.19,103.12,103.12,46
1789446300,103.12,103.21,103.12,103.2,37
1789446360,103.21,103.21,103.17,103.17,21
1789446420,103.17,103.19,103.16,103.19,15
1789446480,103.19,103.21,103.18,103.2,21
1789446540,103.2,103.21,103.18,103.2,17
1789446600,103.21,103.24,103.2,103.23,47
1789446660,103.23,103.25,103.22,103.25,44
1789446720,103.26,103.27,103.25,103.26,14
1789446780,103.25,103.26,103.25,103.25,6
1789446840,103.26,103.27,103.17,103.18,45
1789446900,103.19,103.23,103.17,103.22,49
1789446960,103.2,103.21,103.18,103.18,30
1789447020,103.18,103.24,103.18,103.24,22
1789447080,103.24,103.24,103.2,103.22,11
1789447140,103.22,103.22,103.2,103.2,7
1789447200,103.18,103.19,103.16,103.16,9
1789447260,103.17,103.18,103.14,103.17,20
1789447320,103.17,103.17,103.17,103.17,7
1789447380,103.19,103.21,103.18,103.18,17
1789447440,103.2,103.22,103.2,103.22,14
1789447500,103.23,103.31,103.23,103.3,74
1789447560,103.31,103.31,103.28,103.29,20
1789447620,103.29,103.33,103.29,103.3,35
1789447680,103.3,103.3,103.27,103.29,20
1789447740,103.28,103.29,103.25,103.28,33
1789447800,103.3,103.3,103.26,103.26,19
1789447860,103.25,103.3,103.24,103.3,29
1789447920,103.28,103.33,103.28,103.31,17
1789447980,103.3,103.3,103.23,103.23,89
1789448040,103.24,103.27,103.22,103.23,93
1789448100,103.22,103.23,103.17,103.18,59
1789448160,103.2,103.22,103.15,103.17,90
1789448220,103.16,103.19,103.16,103.19,16
1789448280,103.19,103.19,103.14,103.16,106
1789448340,103.16,103.23,103.16,103.23,19
1789448400,103.24,103.24,103.09,103.1,73
1789448460,103.08,103.12,103.06,103.1,24
1789448520,103.12,103.12,103.09,103.1,4
1789448580,103.09,103.13,103.08,103.13,11
1789448640,103.13,103.13,103.13,103.13,3
1789448700,103.14,103.18,103.13,103.17,20
1789448760,103.17,103.24,103.17,103.23,23
1789448820,103.21,103.22,103.2,103.2,11
1789448880,103.21,103.26,103.19,103.23,40
1789448940,103.25,103.3,103.25,103.28,40
1789449000,103.3,103.3,103.24,103.24,24
1789449060,103.24,103.28,103.24,103.28,19
1789449120,103.27,103.28,103.26,103.27,14
1789449180,103.29,103.32,103.29,103.32,11
1789449240,103.31,103.32,103.29,103.3,15
1789449300,103.29,103.31,103.28,103.31,26
1789449360,103.33,103.34,103.3,103.32,22
1789449420,103.31,103.32,103.27,103.32,30
1789449480,103.32,103.32,103.25,103.25,32
1789449540,103.27,103.32,103.27,103.32,25
1789449600,103.31,103.32,103.19,103.26,53
1789449660,103.26,103.28,103.24,103.26,14
1789449720,103.28,103.28,103.28,103.28,1
1789449780,103.29,103.35,103.29,103.32,45
1789449840,103.34,103.34,103.29,103.3,22
1789449900,103.3,103.33,103.3,103.32,34
1789449960,103.33,103.33,103.3,103.33,15
1789450020,103.32,103.32,103.31,103.32,5
1789450080,103.29,103.3,103.24,103.25,24
1789450140,103.26,103.32,103.25,103.32,22
1789450200,103.32,103.37,103.3,103.35,121
1789450260,103.35,103.42,103.32,103.35,154
1789450320,103.36,103.38,103.35,103.37,21
1789450380,103.37,103.38,103.25,103.31,73
1789450440,103.32,103.36,103.29,103.29,38
1789450500,103.29,103.4,103.24,103.38,103
1789450560,103.39,103.41,103.35,103.35,56
1789450620,103.37,103.41,103.36,103.4,17
1789450680,103.39,103.42,103.35,103.38,42
1789450740,103.4,103.4,103.28,103.34,38
1789450800,103.33,103.34,103.24,103.25,42
1789450860,103.26,103.26,103.11,103.13,105
1789450920,103.14,103.19,103.14,103.19,33
1789450980,103.19,103.25,103.17,103.23,30
1789451040,103.22,103.22,103.11,103.11,47
1789451100,103.12,103.12,102.89,102.9,248
1789451160,102.92,102.97,102.9,102.93,106
1789451220,102.93,103.03,102.93,103,76
1789451280,102.95,103.04,102.95,103.04,40
1789451340,103.03,103.08,103.01,103.07,53
1789451400,103.07,103.13,102.96,102.97,100
1789451460,102.95,102.95,102.76,102.86,175
1789451520,102.87,102.87,102.73,102.73,69
1789451580,102.73,102.83,102.72,102.78,103
1789451640,102.78,102.79,102.72,102.79,83
1789451700,102.78,102.86,102.78,102.86,64
1789451760,102.88,102.99,102.88,102.92,61
1789451820,102.92,102.96,102.9,102.95,16
1789451880,102.98,102.98,102.94,102.97,13
1789451940,102.98,103.03,102.96,103.01,59
1789452000,103,103.04,102.92,103.04,85
1789452060,103.06,103.17,103.02,103.15,116
1789452120,103.15,103.17,103.11,103.16,60
1789452180,103.16,103.2,103.07,103.09,81
1789452240,103.1,103.12,103.09,103.09,33
1789452300,103.08,103.13,103.07,103.13,23
1789452360,103.14,103.21,103.12,103.21,55
1789452420,103.21,103.23,103.15,103.17,59
1789452480,103.18,103.22,103.17,103.2,24
1789452540,103.19,103.23,103.15,103.23,29
1789452600,103.2,103.23,103.18,103.21,66
1789452660,103.21,103.22,103.17,103.2,25
1789452720,103.17,103.23,103.15,103.23,39
1789452780,103.23,103.23,103.15,103.17,24
1789452840,103.18,103.24,103.16,103.2,41
1789452900,103.22,103.23,103.16,103.2,68
1789452960,103.2,103.22,103.16,103.19,36
1789453020,103.18,103.18,103.02,103.07,74
1789453080,103.08,103.16,103.06,103.06,123
1789453140,103.07,103.07,103.01,103.01,72
1789453200,103.03,103.03,102.97,102.98,69
1789453260,102.97,103.09,102.96,103.08,73
1789453320,103.1,103.13,103.09,103.09,36
1789453380,103.08,103.08,103.03,103.08,42
1789453440,103.1,103.27,103.09,103.26,62
1789453500,103.25,103.27,103.21,103.23,102
1789453560,103.23,103.28,103.2,103.26,34
1789453620,103.27,103.45,103.27,103.43,194
1789453680,103.43,103.43,103.33,103.33,73
1789453740,103.33,103.34,103.28,103.28,48
1789453800,103.29,103.37,103.29,103.36,43
1789453860,103.36,103.4,103.34,103.38,37
1789453920,103.36,103.36,103.24,103.27,91
1789453980,103.27,103.28,103.23,103.26,35
1789454040,103.29,103.33,103.27,103.28,50
1789454100,103.27,103.3,103.2,103.3,60
1789454160,103.29,103.3,103.23,103.23,7
1789454220,103.23,103.24,103.16,103.2,51
1789454280,103.2,103.2,103.12,103.13,27
1789454340,103.15,103.21,103.15,103.16,27
1789454400,103.15,103.15,103.06,103.08,158
1789454460,103.07,103.09,102.99,103.02,59
1789454520,102.99,103.02,102.98,103.01,29
1789454580,103,103.12,102.98,103.08,46
1789454640,103.11,103.13,103.07,103.13,59
1789454700,103.14,103.15,103,103.09,82
1789454760,103.1,103.19,103.08,103.16,62
1789454820,103.16,103.17,103.11,103.17,38
1789454880,103.17,103.19,103.14,103.17,37
1789454940,103.15,103.18,103.14,103.16,37
1789455000,103.16,103.17,103.15,103.16,12
1789455060,103.13,103.14,103.07,103.1,39
1789455120,103.08,103.22,103.08,103.22,57
1789455180,103.22,103.31,103.2,103.31,91
1789455240,103.3,103.46,103.3,103.42,148
1789455300,103.42,103.43,103.35,103.41,78
1789455360,103.44,103.49,103.35,103.35,103
1789455420,103.35,103.39,103.33,103.37,44
1789455480,103.36,103.36,103.26,103.35,40
1789455540,103.36,103.39,103.34,103.35,48
1789455600,103.35,103.42,103.3,103.37,149
1789455660,103.37,103.45,103.37,103.37,90
1789455720,103.39,103.39,103.25,103.29,85
1789455780,103.28,103.33,103.25,103.31,86
1789455840,103.32,103.36,103.28,103.36,63
1789455900,103.36,103.44,103.35,103.42,112
1789455960,103.43,103.46,103.37,103.37,69
1789456020,103.37,103.39,103.33,103.39,33
1789456080,103.39,103.45,103.39,103.43,64
1789456140,103.42,103.47,103.39,103.42,89
1789456200,103.4,103.4,103.28,103.29,83
1789456260,103.29,103.48,103.29,103.48,98
1789456320,103.48,103.49,103.43,103.46,87
1789456380,103.47,103.47,103.42,103.43,43
1789456440,103.45,103.46,103.38,103.4,35
1789456500,103.39,103.41,103.25,103.25,102
1789456560,103.25,103.28,103.13,103.16,136
1789456620,103.15,103.17,103.12,103.16,58
1789456680,103.14,103.19,103.1,103.14,45
1789456740,103.12,103.12,103.06,103.07,71
1789456800,103.09,103.1,103.02,103.06,94
1789456860,103.05,103.16,103.05,103.14,60
1789456920,103.14,103.14,103.04,103.04,52
1789456980,103.05,103.09,103.01,103.08,149
1789457040,103.09,103.14,103.07,103.07,53
1789457100,103.07,103.13,103.04,103.13,102
1789457160,103.13,103.18,103.08,103.16,69
1789457220,103.15,103.2,103.11,103.13,80
1789457280,103.12,103.15,103.07,103.13,53
1789457340,103.12,103.16,103.1,103.16,42
1789457400,103.15,103.18,103.12,103.15,46
1789457460,103.11,103.13,103.08,103.08,41
1789457520,103.08,103.21,103.06,103.19,63
1789457580,103.21,103.26,103.17,103.23,61
1789457640,103.22,103.28,103.14,103.17,64
1789457700,103.17,103.3,103.17,103.26,109
1789457760,103.26,103.32,103.22,103.22,90
1789457820,103.27,103.4,103.26,103.38,80
1789457880,103.37,103.5,103.3,103.44,166
1789457940,103.43,103.43,103.35,103.37,112
1789458000,103.36,103.41,103.34,103.4,42
1789458060,103.4,103.45,103.38,103.45,37
1789458120,103.44,103.48,103.41,103.41,83
1789458180,103.43,103.43,103.18,103.34,131
1789458240,103.33,103.38,103.32,103.34,105
1789458300,103.34,103.37,103.23,103.29,125
1789458360,103.28,103.34,103.23,103.31,123
1789458420,103.3,103.33,103.13,103.3,525
1789458480,103.32,103.44,103.31,103.37,129
1789458540,103.37,103.5,103.34,103.47,142
1789458600,103.47,103.52,103.43,103.48,149
1789458660,103.49,103.56,103.49,103.56,117
1789458720,103.58,103.6,103.51,103.52,142
1789458780,103.52,103.52,103.48,103.51,70
1789458840,103.52,103.57,103.44,103.52,109
1789458900,103.54,103.56,103.49,103.51,68
1789458960,103.52,103.52,103.44,103.44,42
1789459020,103.43,103.51,103.42,103.51,120
1789459080,103.51,103.51,103.44,103.44,52
1789459140,103.44,103.48,103.43,103.46,87
1789459200,103.45,103.7,103.42,103.68,262
1789459260,103.68,103.78,103.63,103.71,245
1789459320,103.74,103.8,103.69,103.75,205
1789459380,103.74,103.75,103.7,103.7,113
1789459440,103.71,103.74,103.56,103.58,148
1789459500,103.55,103.75,103.51,103.68,271
1789459560,103.69,103.72,103.65,103.65,115
1789459620,103.66,103.74,103.63,103.68,151
1789459680,103.69,103.76,103.68,103.75,69
1789459740,103.75,103.77,103.7,103.73,111
1789459800,103.75,103.77,103.69,103.7,97
1789459860,103.69,103.73,103.63,103.73,91
1789459920,103.73,103.84,103.71,103.83,174
1789459980,103.83,103.87,103.77,103.79,108
1789460040,103.8,103.96,103.65,103.68,863
1789460100,103.67,103.68,103.5,103.51,280
1789460160,103.51,103.61,103.46,103.57,151
1789460220,103.57,103.57,103.47,103.54,97
1789460280,103.56,103.56,103.4,103.41,140
1789460340,103.42,103.55,103.38,103.54,98
1789460400,103.52,103.55,103.48,103.51,81
1789460460,103.5,103.52,103.4,103.4,108
1789460520,103.39,103.47,103.39,103.42,136
1789460580,103.42,103.42,103.31,103.39,164
1789460640,103.39,103.53,103.39,103.52,162
1789460700,103.51,103.52,103.45,103.47,82
1789460760,103.45,103.45,103.35,103.38,89
1789460820,103.38,103.4,103.34,103.39,115
1789460880,103.41,103.48,103.27,103.36,477
1789460940,103.37,103.5,103.2,103.31,805
1789461000,103.32,103.46,103.26,103.29,390
1789461060,103.3,103.37,103.29,103.35,239
1789461120,103.36,103.44,103.33,103.43,149
1789461180,103.43,103.55,103.43,103.53,105
1789461240,103.52,103.64,103.52,103.6,174
1789461300,103.59,103.6,103.53,103.56,48
1789461360,103.55,103.57,103.49,103.57,80
1789461420,103.56,103.63,103.56,103.6,100
1789461480,103.59,103.67,103.49,103.58,233
1789461540,103.58,103.64,103.54,103.56,73
1789461600,103.56,103.72,103.54,103.68,135
1789461660,103.68,103.72,103.64,103.71,91
1789461720,103.72,103.78,103.63,103.66,436
1789461780,103.67,103.71,103.61,103.64,139
1789461840,103.65,103.73,103.65,103.7,74
1789461900,103.7,103.71,103.6,103.71,90
1789461960,103.71,103.72,103.65,103.69,55
1789462020,103.69,103.69,103.63,103.66,63
1789462080,103.66,103.69,103.61,103.65,113
1789462140,103.66,103.67,103.61,103.65,46
1789462200,103.63,103.66,103.56,103.65,110
1789462260,103.65,103.68,103.58,103.62,87
1789462320,103.64,103.65,103.57,103.59,36
1789462380,103.59,103.64,103.55,103.58,83
1789462440,103.58,103.62,103.55,103.61,75
1789462500,103.63,103.71,103.62,103.67,62
1789462560,103.66,103.71,103.64,103.66,82
1789462620,103.68,103.71,103.55,103.57,90
1789462680,103.58,103.61,103.57,103.61,33
1789462740,103.63,103.66,103.56,103.64,233
1789462800,103.65,103.71,103.62,103.66,157
1789462860,103.64,103.64,103.55,103.57,96
1789462920,103.58,103.6,103.55,103.57,59
1789462980,103.57,103.58,103.48,103.48,78
1789463040,103.47,103.49,103.43,103.45,77
1789463100,103.44,103.44,103.22,103.28,185
1789463160,103.27,103.34,103.24,103.32,90
1789463220,103.31,103.46,103.26,103.42,142
1789463280,103.41,103.44,103.38,103.44,67
1789463340,103.46,103.56,103.46,103.55,153
1789463400,103.57,103.59,103.49,103.53,77
1789463460,103.52,103.52,103.36,103.37,89
1789463520,103.38,103.4,103.38,103.38,22
1789463580,103.37,103.48,103.35,103.48,120
1789463640,103.48,103.58,103.43,103.49,140
1789463700,103.52,103.65,103.49,103.58,73
1789463760,103.6,103.77,103.57,103.75,84
1789463820,103.75,103.92,103.74,103.88,358
1789463880,103.9,104.04,103.9,103.97,495
1789463940,103.97,104.02,103.88,103.92,144
1789464000,103.92,104.01,103.85,104.01,141
1789464060,104,104.07,103.96,104,103
1789464120,104,104.01,103.93,103.94,50
1789464180,103.95,104.08,103.74,103.94,654
1789464240,103.97,104.1,103.89,104.05,369
1789464300,104.05,104.07,103.95,103.97,186
1789464360,103.98,103.99,103.91,103.93,158
1789464420,103.93,103.93,103.86,103.89,88
1789464480,103.88,103.97,103.85,103.95,156
1789464540,103.95,104.02,103.95,103.98,147
1789464600,104,104.14,103.96,104.13,484
1789464660,104.12,104.12,104.08,104.12,146
1789464720,104.12,104.21,104.1,104.17,218
1789464780,104.17,104.2,104.14,104.14,130
1789464840,104.14,104.16,104.05,104.09,127
1789464900,104.1,104.17,104.09,104.13,109
1789464960,104.14,104.15,104.1,104.11,100
1789465020,104.11,104.16,104.05,104.05,122
1789465080,104.05,104.13,104.04,104.07,104
1789465140,104.07,104.1,104.01,104.01,144
1789465200,104.02,104.17,104.02,104.08,190
1789465260,104.09,104.14,104.03,104.05,142
1789465320,104.05,104.05,103.86,103.88,238
1789465380,103.88,104.02,103.86,103.99,146
1789465440,104,104.16,103.99,104.14,114
1789465500,104.13,104.18,104.09,104.17,224
1789465560,104.18,104.19,104.14,104.16,80
1789465620,104.17,104.18,104.09,104.12,109
1789465680,104.12,104.13,103.93,103.93,209
1789465740,103.94,104.02,103.91,103.98,165
1789465800,104,104.04,103.97,104.04,109
1789465860,104.05,104.11,104.03,104.07,138
1789465920,104.07,104.08,103.99,103.99,113
1789465980,103.99,104.03,103.93,103.99,140
1789466040,103.98,104,103.89,103.9,134
1789466100,103.9,103.9,103.82,103.82,160
1789466160,103.84,103.84,103.79,103.83,103
1789466220,103.83,103.91,103.82,103.83,128
1789466280,103.83,103.9,103.82,103.84,179
1789466340,103.85,103.85,103.63,103.63,360
1789466400,103.62,103.63,103.46,103.55,490
1789466460,103.55,103.69,103.55,103.64,176
1789466520,103.62,103.63,103.5,103.59,196
1789466580,103.58,103.64,103.55,103.61,86
1789466640,103.63,103.68,103.6,103.68,63
1789466700,103.69,103.7,103.61,103.68,74
1789466760,103.66,103.68,103.61,103.61,78
1789466820,103.6,103.61,103.53,103.56,131
1789466880,103.55,103.6,103.49,103.59,148
1789466940,103.6,103.64,103.51,103.58,136
1789467000,103.59,103.59,103.45,103.52,130
1789467060,103.53,103.61,103.31,103.61,512
1789467120,103.59,103.73,103.58,103.7,188
1789467180,103.7,103.7,103.68,103.7,21
1789467240,103.69,103.69,103.61,103.62,77
1789467300,103.63,103.7,103.63,103.66,24
1789467360,103.63,103.66,103.6,103.61,49
1789467420,103.59,103.6,103.52,103.55,64
1789467480,103.54,103.59,103.54,103.57,24
1789467540,103.56,103.61,103.56,103.58,42
1789467600,103.57,103.61,103.45,103.48,122
1789467660,103.48,103.61,103.48,103.59,86
1789467720,103.58,103.62,103.56,103.59,45
1789467780,103.59,103.59,103.52,103.55,79
1789467840,103.55,103.55,103.47,103.51,270
1789467900,103.51,103.54,103.49,103.54,67
1789467960,103.54,103.59,103.54,103.58,38
1789468020,103.58,103.62,103.58,103.58,34
1789468080,103.59,103.62,103.58,103.6,21
1789468140,103.6,103.6,103.45,103.45,156
1789468200,103.45,103.49,103.44,103.48,84
1789468260,103.46,103.48,103.44,103.46,46
1789468320,103.47,103.47,103.35,103.35,158
1789468380,103.35,103.38,103.26,103.26,204
1789468440,103.26,103.39,103.24,103.32,180
1789468500,103.33,103.37,103.3,103.3,89
1789468560,103.29,103.32,103.28,103.28,119
1789468620,103.28,103.28,103.24,103.24,52
1789468680,103.23,103.24,103.08,103.13,343
1789468740,103.12,103.23,103.11,103.21,146
1789468800,103.19,103.21,103.14,103.2,78
1789468860,103.2,103.21,103.1,103.14,74
1789468920,103.14,103.14,103.04,103.09,91
1789468980,103.08,103.2,103.08,103.18,104
1789469040,103.16,103.16,103.09,103.1,48
1789469100,103.09,103.09,103,103.03,129
1789469160,103.04,103.09,103.02,103.06,84
1789469220,103.05,103.12,103.05,103.09,70
1789469280,103.11,103.12,103.1,103.1,33
1789469340,103.09,103.1,103.05,103.08,57
1789469400,103.06,103.06,102.95,103.03,184
1789469460,102.99,103,102.86,102.88,231
1789469520,102.87,102.91,102.82,102.87,119
1789469580,102.87,102.9,102.79,102.82,334
1789469640,102.82,102.83,102.75,102.75,131
1789469700,102.76,102.76,102.66,102.67,237
1789469760,102.66,102.68,102.58,102.59,281
1789469820,102.58,102.63,102.51,102.59,341
1789469880,102.59,102.63,102.57,102.57,178
1789469940,102.57,102.58,102.52,102.58,106
1789470000,102.59,102.66,102.55,102.61,239
1789470060,102.61,102.61,102.53,102.59,114
1789470120,102.59,102.6,102.53,102.56,150
1789470180,102.58,102.7,102.53,102.57,224
1789470240,102.55,102.55,102.4,102.4,203
1789470300,102.4,102.49,102.39,102.46,142
1789470360,102.46,102.48,102.35,102.43,182
1789470420,102.43,102.45,102.39,102.4,95
1789470480,102.41,102.42,102.31,102.35,235
1789470540,102.36,102.37,102.2,102.26,358
1789470600,102.25,102.42,102.24,102.39,228
1789470660,102.4,102.53,102.39,102.51,178
1789470720,102.5,102.6,102.48,102.59,141
1789470780,102.59,102.61,102.51,102.58,163
1789470840,102.57,102.62,102.55,102.55,138
1789470900,102.56,102.57,102.49,102.55,126
1789470960,102.54,102.54,102.37,102.41,167
1789471020,102.42,102.42,102.33,102.38,89
1789471080,102.36,102.42,102.34,102.41,91
1789471140,102.4,102.43,102.35,102.41,136
1789471200,102.43,102.49,102.38,102.4,101
1789471260,102.4,102.43,102.38,102.41,47
1789471320,102.41,102.41,102.2,102.3,256
1789471380,102.3,102.34,102.27,102.3,168
1789471440,102.29,102.37,102.26,102.35,149
1789471500,102.35,102.4,102.33,102.36,64
1789471560,102.37,102.41,102.29,102.29,73
1789471620,102.29,102.39,102.29,102.36,125
1789471680,102.37,102.43,102.26,102.32,396
1789471740,102.32,102.5,102.32,102.49,174
1789471800,102.46,102.55,102.46,102.49,183
1789471860,102.46,102.48,102.39,102.4,119
1789471920,102.4,102.41,102.31,102.32,132
1789471980,102.33,102.34,102.22,102.29,168
1789472040,102.3,102.31,102.26,102.29,84
1789472100,102.27,102.27,102.19,102.22,127
1789472160,102.22,102.27,102.21,102.22,119
1789472220,102.21,102.21,102.12,102.18,200
1789472280,102.18,102.34,102.18,102.32,145
1789472340,102.32,102.47,102.32,102.42,247
1789472400,102.42,102.46,102.32,102.32,367
1789472460,102.34,102.46,102.31,102.45,139
1789472520,102.45,102.47,102.4,102.41,87
1789472580,102.43,102.45,102.37,102.38,78
1789472640,102.38,102.46,102.38,102.42,52
1789472700,102.44,102.44,102.24,102.25,126
1789472760,102.25,102.33,102.24,102.25,88
1789472820,102.26,102.3,102.21,102.24,139
1789472880,102.24,102.28,102.24,102.28,80
1789472940,102.29,102.42,102.29,102.38,107
1789473000,102.38,102.38,102.27,102.35,124
1789473060,102.33,102.39,102.33,102.36,95
1789473120,102.36,102.38,102.33,102.38,75
1789473180,102.38,102.42,102.21,102.26,203
1789473240,102.25,102.31,102.24,102.28,97
1789473300,102.28,102.3,102.19,102.2,154
1789473360,102.2,102.23,102.16,102.16,216
1789473420,102.17,102.2,102.14,102.19,163
1789473480,102.19,102.26,102.16,102.25,181
1789473540,102.26,102.35,102.21,102.35,105
1789473600,102.34,102.39,102.28,102.31,146
1789473660,102.28,102.4,102.28,102.35,103
1789473720,102.35,102.52,102.35,102.49,258
1789473780,102.48,102.48,102.39,102.42,133
1789473840,102.4,102.44,102.36,102.38,87
1789473900,102.36,102.46,102.35,102.45,88
1789473960,102.45,102.46,102.28,102.31,110
1789474020,102.32,102.35,102.26,102.34,108
1789474080,102.34,102.46,102.33,102.46,94
1789474140,102.46,102.61,102.46,102.52,248
1789474200,102.5,102.52,102.41,102.46,81
1789474260,102.46,102.53,102.45,102.46,66
1789474320,102.45,102.53,102.44,102.53,36
1789474380,102.51,102.62,102.51,102.59,177
1789474440,102.59,102.64,102.56,102.58,162
1789474500,102.58,102.78,102.58,102.78,266
1789474560,102.77,102.81,102.73,102.76,300
1789474620,102.77,102.82,102.73,102.78,185
1789474680,102.77,102.86,102.76,102.86,231
1789474740,102.86,102.93,102.84,102.9,285
1789474800,102.9,103.01,102.89,102.99,217
1789474860,103,103.06,102.97,103.05,247
1789474920,103.05,103.07,102.92,102.93,223
1789474980,102.93,102.98,102.93,102.95,101
1789475040,102.95,103.02,102.94,103,124
1789475100,103,103,102.85,102.85,241
1789475160,102.86,102.93,102.86,102.89,121
1789475220,102.89,102.94,102.87,102.93,60
1789475280,102.95,103.04,102.93,103.03,128
1789475340,103.02,103.02,102.98,103,64
1789475400,103.02,103.06,102.99,103.05,84
1789475460,103.03,103.03,102.99,103,70
1789475520,103,103.03,102.95,103.01,146
1789475580,103.03,103.06,103.02,103.04,60
1789475640,103.03,103.03,102.84,102.86,183
1789475700,102.85,102.9,102.81,102.81,116
1789475760,102.81,102.89,102.78,102.81,101
1789475820,102.8,102.82,102.67,102.7,239
1789475880,102.72,102.81,102.68,102.78,158
1789475940,102.77,102.8,102.76,102.78,71
1789476000,102.77,102.79,102.67,102.69,116
1789476060,102.7,102.73,102.64,102.67,106
1789476120,102.66,102.73,102.65,102.72,70
1789476180,102.7,102.7,102.44,102.44,455
1789476240,102.46,102.5,102.44,102.44,151
1789476300,102.45,102.47,102.22,102.33,1092
1789476360,102.31,102.34,102.03,102.13,684
1789476420,102.13,102.16,101.86,101.86,1044
1789476480,101.86,101.93,101.42,101.45,1759
1789476540,101.44,101.48,101.29,101.34,1541
1789476600,101.35,101.46,101.21,101.46,1008
1789476660,101.46,101.6,101.36,101.5,786
1789476720,101.48,101.65,101.48,101.56,562
1789476780,101.55,101.57,101.4,101.51,438
1789476840,101.51,101.53,101.39,101.41,324
1789476900,101.42,101.72,101.3,101.52,1738
1789476960,101.51,101.71,101.51,101.7,344
1789477020,101.69,101.73,101.65,101.71,196
1789477080,101.7,101.83,101.7,101.77,501
1789477140,101.76,101.85,101.7,101.8,970
1789477200,101.79,101.91,101.62,101.82,849
1789477260,101.81,101.87,101.57,101.67,490
1789477320,101.67,101.67,101.51,101.53,269
1789477380,101.54,101.6,101.35,101.35,258
1789477440,101.34,101.39,101.28,101.32,467
1789477500,101.32,101.52,101.29,101.52,431
1789477560,101.51,101.64,101.45,101.54,458
1789477620,101.54,101.66,101.53,101.66,236
1789477680,101.67,101.72,101.63,101.65,356
1789477740,101.66,101.83,101.58,101.83,381
1789477800,101.81,101.9,101.8,101.88,350
1789477860,101.88,102,101.87,101.96,614
1789477920,101.93,101.93,101.71,101.79,437
1789477980,101.78,101.89,101.72,101.86,159
1789478040,101.86,101.89,101.81,101.84,136
1789478100,101.85,101.88,101.72,101.76,269
1789478160,101.75,101.78,101.55,101.62,492
1789478220,101.61,101.64,101.51,101.55,340
1789478280,101.55,101.68,101.5,101.67,250
1789478340,101.65,101.74,101.63,101.68,317
1789478400,101.68,101.71,101.6,101.67,133
1789478460,101.66,102.03,101.65,101.79,791
1789478520,101.8,102.22,101.76,102.19,998
1789478580,102.18,102.23,102.05,102.19,819
1789478640,102.19,102.29,102.14,102.16,391
1789478700,102.16,102.34,102.13,102.32,410
1789478760,102.32,102.62,102.32,102.6,1180
1789478820,102.59,102.74,102.58,102.74,895
1789478880,102.72,102.92,102.72,102.89,689
1789478940,102.89,103,102.85,102.93,767
1789479000,102.93,103.71,102.88,103.44,2917
1789479060,103.43,103.64,103.36,103.54,1602
1789479120,103.56,103.71,103.52,103.68,1322
1789479180,103.69,103.73,103.4,103.59,1169
1789479240,103.59,103.76,103.57,103.7,768
1789479300,103.69,103.76,103.45,103.45,931
1789479360,103.46,103.48,103.23,103.35,1051
1789479420,103.34,103.5,103.3,103.47,701
1789479480,103.48,103.62,103.43,103.57,429
1789479540,103.57,103.62,103.5,103.54,444
1789479600,103.54,103.6,103.47,103.56,430
1789479660,103.56,103.72,103.48,103.65,657
1789479720,103.65,103.68,103.55,103.62,586
1789479780,103.62,103.69,103.52,103.6,797
1789479840,103.61,103.64,103.48,103.56,380
1789479900,103.57,103.67,103.44,103.53,574
1789479960,103.53,103.65,103.51,103.54,303
1789480020,103.53,103.53,103.4,103.41,382
1789480080,103.4,103.42,103.27,103.33,450
1789480140,103.32,103.32,103.21,103.23,410
1789480200,103.23,103.29,103.04,103.04,488
1789480260,103.04,103.09,102.92,102.97,677
1789480320,102.96,103.03,102.9,102.97,540
1789480380,102.96,103.02,102.78,102.79,755
1789480440,102.81,102.9,102.77,102.84,382
1789480500,102.83,103.04,102.82,103.03,557
1789480560,103.04,103.13,102.95,103.08,412
1789480620,103.08,103.13,103.01,103.12,231
1789480680,103.11,103.23,103.09,103.17,322
1789480740,103.19,103.35,103.17,103.27,561
1789480800,103.27,103.37,103.25,103.35,482
1789480860,103.34,103.37,103.25,103.29,478
1789480920,103.29,103.39,103.26,103.31,170
1789480980,103.33,103.44,103.32,103.41,219
1789481040,103.4,103.52,103.39,103.5,275
1789481100,103.49,103.61,103.49,103.53,333
1789481160,103.54,103.55,103.35,103.48,242
1789481220,103.48,103.54,103.42,103.42,167
1789481280,103.43,103.47,103.39,103.42,120
1789481340,103.44,103.5,103.4,103.43,217
1789481400,103.41,103.52,103.41,103.52,208
1789481460,103.51,103.6,103.51,103.55,175
1789481520,103.53,103.56,103.46,103.55,203
1789481580,103.55,103.62,103.51,103.59,257
1789481640,103.6,103.63,103.53,103.6,167
1789481700,103.58,103.71,103.55,103.66,211
1789481760,103.67,103.75,103.64,103.7,363
1789481820,103.7,103.74,103.57,103.63,348
1789481880,103.63,103.66,103.46,103.5,411
1789481940,103.5,103.58,103.5,103.54,142
1789482000,103.53,103.54,103.39,103.47,265
1789482060,103.48,103.64,103.46,103.62,232
1789482120,103.62,103.66,103.56,103.65,239
1789482180,103.67,103.81,103.67,103.8,451
1789482240,103.81,103.81,103.72,103.74,203
1789482300,103.74,103.83,103.66,103.7,246
1789482360,103.72,103.73,103.64,103.65,260
1789482420,103.66,103.79,103.66,103.77,189
1789482480,103.76,103.84,103.74,103.75,214
1789482540,103.74,103.86,103.63,103.77,1353
1789482600,103.76,103.85,103.64,103.83,504
1789482660,103.83,103.84,103.7,103.79,374
1789482720,103.77,104.06,103.76,104.04,922
1789482780,104.06,104.18,103.93,104,723
1789482840,104.01,104.13,103.97,104.1,342
1789482900,104.11,104.29,104.08,104.27,571
1789482960,104.27,104.31,104.19,104.21,455
1789483020,104.21,104.32,104.19,104.24,433
1789483080,104.24,104.31,104.19,104.23,407
1789483140,104.22,104.43,104.21,104.42,482
1789483200,104.41,104.49,104.23,104.28,609
1789483260,104.25,104.3,104.23,104.27,221
1789483320,104.26,104.31,104.21,104.27,208
1789483380,104.27,104.37,104.27,104.32,262
1789483440,104.33,104.36,104.11,104.13,445
1789483500,104.13,104.22,104.1,104.19,420
1789483560,104.17,104.22,104.12,104.18,273
1789483620,104.17,104.17,104.03,104.04,296
1789483680,104.05,104.19,104.05,104.16,302
1789483740,104.19,104.27,104.07,104.07,279
1789483800,104.09,104.21,104,104.01,299
1789483860,104.01,104.75,104.01,104.45,3331
1789483920,104.45,104.48,104.23,104.27,659
1789483980,104.27,104.41,104.27,104.37,325
1789484040,104.36,104.41,104.21,104.3,537
1789484100,104.3,104.43,104.3,104.37,264
1789484160,104.37,104.47,104.3,104.46,203
1789484220,104.47,104.48,104.35,104.41,316
1789484280,104.42,104.81,104.37,104.6,2140
1789484340,104.59,104.78,104.58,104.7,718
1789484400,104.7,104.72,104.55,104.72,946
1789484460,104.7,104.79,104.57,104.75,801
1789484520,104.76,104.8,104.66,104.74,370
1789484580,104.75,104.77,104.54,104.59,711
1789484640,104.58,104.66,104.58,104.62,227
1789484700,104.62,104.67,104.5,104.64,374
1789484760,104.65,104.69,104.62,104.69,160
1789484820,104.69,104.79,104.65,104.77,380
1789484880,104.76,104.82,104.7,104.78,301
1789484940,104.78,104.78,104.67,104.69,207
1789485000,104.71,104.74,104.63,104.73,176
1789485060,104.74,104.75,104.58,104.61,284
1789485120,104.61,104.85,104.58,104.84,550
1789485180,104.85,104.97,104.79,104.85,748
1789485240,104.84,104.89,104.79,104.8,330
1789485300,104.81,104.85,104.76,104.82,297
1789485360,104.83,104.91,104.74,104.76,231
1789485420,104.76,104.82,104.74,104.78,220
1789485480,104.78,104.81,104.67,104.69,412
1789485540,104.69,104.71,104.57,104.68,497
1789485600,104.68,104.74,104.62,104.68,222
1789485660,104.67,104.68,104.61,104.63,202
1789485720,104.64,104.78,104.6,104.74,274
1789485780,104.75,104.79,104.56,104.59,382
1789485840,104.58,104.65,104.53,104.56,314
1789485900,104.57,104.69,104.52,104.65,320
1789485960,104.66,104.75,104.63,104.68,176
1789486020,104.67,104.74,104.67,104.7,136
1789486080,104.71,104.77,104.67,104.71,203
1789486140,104.69,104.77,104.66,104.68,412
1789486200,104.68,104.75,104.61,104.64,794
1789486260,104.63,104.7,104.52,104.66,436
1789486320,104.66,104.73,104.63,104.66,348
1789486380,104.66,104.87,104.66,104.87,766
1789486440,104.88,104.88,104.73,104.75,444
1789486500,104.74,104.77,104.61,104.63,299
1789486560,104.62,104.62,104.43,104.49,415
1789486620,104.48,104.69,104.45,104.64,368
1789486680,104.63,104.72,104.61,104.69,323
1789486740,104.69,104.73,104.63,104.64,315
1789486800,104.64,104.65,104.42,104.43,399
1789486860,104.42,104.45,104.31,104.45,366
1789486920,104.46,104.52,104.4,104.43,254
1789486980,104.43,104.44,104.27,104.32,441
1789487040,104.32,104.35,104.25,104.27,277
1789487100,104.27,104.46,104.15,104.42,662
1789487160,104.41,104.41,104.28,104.33,434
1789487220,104.33,104.61,104.33,104.61,307
1789487280,104.59,104.66,104.49,104.63,313
1789487340,104.64,104.75,104.62,104.63,375
1789487400,104.65,104.67,104.29,104.4,2536
1789487460,104.4,104.6,104.4,104.56,491
1789487520,104.56,104.59,104.5,104.58,204
1789487580,104.58,104.65,104.53,104.61,600
1789487640,104.58,104.73,104.58,104.63,341
1789487700,104.64,104.85,104.54,104.6,1138
1789487760,104.61,104.94,104.61,104.93,639
1789487820,104.92,104.94,104.83,104.92,320
1789487880,104.92,105.06,104.89,105.03,953
1789487940,105.04,105.05,104.95,104.95,463
1789488000,104.95,105.02,104.92,104.99,256
1789488060,105,105.05,104.93,104.98,182
1789488120,104.97,105.2,104.96,105.04,613
1789488180,105.03,105.11,105.02,105.03,303
1789488240,105.03,105.03,104.96,104.98,192
1789488300,104.98,105.15,104.98,105.09,312
1789488360,105.09,105.09,105.01,105.07,260
1789488420,105.07,105.21,105.06,105.18,271
1789488480,105.19,105.23,105.16,105.18,295
1789488540,105.18,105.25,105.12,105.18,550
1789488600,105.16,105.22,105.13,105.17,239
1789488660,105.16,105.3,105.13,105.24,298
1789488720,105.24,105.34,105.22,105.32,317
1789488780,105.32,105.42,105.31,105.4,368
1789488840,105.39,105.64,105.39,105.61,905
1789488900,105.59,105.61,105.44,105.47,435
1789488960,105.48,105.55,105.45,105.5,294
1789489020,105.5,105.57,105.48,105.52,239
1789489080,105.53,105.65,105.53,105.54,230
1789489140,105.54,105.58,105.51,105.55,197
1789489200,105.56,105.58,105.37,105.4,387
1789489260,105.4,105.46,105.39,105.43,273
1789489320,105.43,105.45,105.33,105.38,353
1789489380,105.4,105.44,105.24,105.37,732
1789489440,105.37,105.4,105.27,105.39,395
1789489500,105.38,105.49,105.33,105.46,238
1789489560,105.45,105.45,105.33,105.35,101
1789489620,105.35,105.35,105.15,105.25,474
1789489680,105.26,105.29,105.22,105.26,300
1789489740,105.27,105.39,105.17,105.36,275
1789489800,105.37,105.41,105.29,105.29,213
1789489860,105.29,105.53,105.27,105.37,862
1789489920,105.38,105.39,105.22,105.25,325
1789489980,105.23,105.36,105.23,105.35,87
1789490040,105.36,105.37,105.3,105.35,91
1789490100,105.37,105.49,105.37,105.47,253
1789490160,105.47,105.52,105.44,105.49,321
1789490220,105.5,105.63,105.48,105.59,327
1789490280,105.6,105.74,105.59,105.71,521
1789490340,105.71,105.81,105.69,105.81,313
1789490400,105.8,105.99,105.79,105.98,829
1789490460,105.98,105.98,105.83,105.92,421
1789490520,105.93,105.98,105.86,105.98,404
1789490580,105.98,106.03,105.97,106,314
1789490640,105.99,106.06,105.97,105.97,321
1789490700,105.98,106.03,105.89,106.03,347
1789490760,106.01,106.03,105.95,106.02,208
1789490820,106.02,106.1,105.99,106,280
1789490880,106.02,106.02,105.93,105.97,251
1789490940,105.97,105.98,105.89,105.91,195
1789491000,105.91,106,105.86,106,381
1789491060,105.99,106.05,105.98,106.01,263
1789491120,106.01,106.1,106,106.05,287
1789491180,106.05,106.08,106,106.06,106
1789491240,106.06,106.07,106,106.03,208
1789491300,106.03,106.09,105.99,106.03,184
1789491360,106.02,106.09,106.02,106.09,142
1789491420,106.08,106.18,106.08,106.18,424
1789491480,106.16,106.19,106.12,106.15,410
1789491540,106.15,106.22,106.12,106.14,297
1789491600,106.14,106.21,106.07,106.07,512
1789491660,106.07,106.07,105.95,105.97,520
1789491720,105.96,105.98,105.9,105.97,309
1789491780,105.98,106.09,105.97,106.03,224
1789491840,106.03,106.08,106.01,106.07,115
1789491900,106.07,106.25,106.05,106.24,298
1789491960,106.24,106.36,106.2,106.31,639
1789492020,106.31,106.38,106.24,106.36,307
1789492080,106.37,106.44,106.26,106.32,456
1789492140,106.31,106.52,106.29,106.52,419
1789492200,106.52,106.55,106.42,106.49,536
1789492260,106.48,106.51,106.4,106.44,218
1789492320,106.45,106.5,106.43,106.48,233
1789492380,106.47,106.48,106.38,106.43,175
1789492440,106.44,106.47,106.39,106.46,212
1789492500,106.48,106.59,106.4,106.49,376
1789492560,106.5,106.51,106.43,106.43,235
1789492620,106.43,106.49,106.41,106.49,259
1789492680,106.49,106.5,106.37,106.45,224
1789492740,106.45,106.49,106.38,106.38,142
1789492800,106.37,106.5,106.33,106.42,272
1789492860,106.42,106.58,106.42,106.48,445
1789492920,106.48,106.53,106.43,106.43,165
1789492980,106.43,106.47,106.42,106.46,99
1789493040,106.45,106.53,106.4,106.52,154
1789493100,106.54,106.63,106.5,106.55,590
1789493160,106.55,106.75,106.52,106.7,479
1789493220,106.69,106.72,106.65,106.69,385
1789493280,106.69,106.69,106.56,106.59,296
1789493340,106.58,106.67,106.45,106.5,319
1789493400,106.5,106.67,106.48,106.65,274
1789493460,106.64,106.66,106.47,106.56,596
1789493520,106.56,106.57,106.49,106.57,237
1789493580,106.56,106.63,106.47,106.6,436
1789493640,106.6,106.61,106.49,106.52,189
1789493700,106.52,106.58,106.34,106.35,555
1789493760,106.36,106.39,106.26,106.34,453
1789493820,106.33,106.36,106.3,106.35,159
1789493880,106.36,106.36,106.22,106.27,372
1789493940,106.27,106.42,106.26,106.37,346
1789494000,106.36,106.42,106.33,106.33,178
1789494060,106.32,106.37,106.3,106.36,105
1789494120,106.36,106.37,106.26,106.34,171
1789494180,106.36,106.41,106.33,106.37,258
1789494240,106.38,106.44,106.36,106.42,196
1789494300,106.42,106.5,106.35,106.37,293
1789494360,106.37,106.42,106.32,106.41,175
1789494420,106.41,106.43,106.38,106.41,150
1789494480,106.41,106.42,106.38,106.39,147
1789494540,106.4,106.41,106.39,106.39,114
1789494600,106.4,106.54,106.4,106.5,309
1789494660,106.5,106.63,106.49,106.61,292
1789494720,106.61,106.64,106.58,106.59,350
1789494780,106.59,106.6,106.51,106.55,318
1789494840,106.54,106.55,106.5,106.52,309
1789494900,106.5,106.57,106.45,106.53,217
1789494960,106.52,106.53,106.47,106.48,197
1789495020,106.48,106.52,106.43,106.52,315
1789495080,106.52,106.53,106.44,106.44,202
1789495140,106.45,106.53,106.44,106.47,182
1789495200,106.46,106.54,106.37,106.5,594
1789495260,106.5,106.5,106.31,106.31,270
1789495320,106.31,106.34,106.22,106.28,392
1789495380,106.28,106.38,106.25,106.28,252
1789495440,106.27,106.28,106.08,106.1,396
1789495500,106.1,106.16,106.02,106.05,581
1789495560,106.06,106.08,105.98,106.05,568
1789495620,106.04,106.05,105.96,106.01,302
1789495680,106,106.04,105.94,106.03,484
1789495740,106.02,106.1,106,106.06,260
1789495800,106.06,106.06,105.9,105.95,301
1789495860,105.95,105.95,105.81,105.86,444
1789495920,105.87,105.93,105.82,105.91,281
1789495980,105.91,105.94,105.85,105.9,225
1789496040,105.89,106.02,105.88,105.96,257
1789496100,105.94,105.98,105.9,105.91,255
1789496160,105.91,105.96,105.89,105.91,239
1789496220,105.91,105.93,105.85,105.87,186
1789496280,105.87,105.88,105.79,105.82,220
1789496340,105.82,105.84,105.78,105.78,193
1789496400,105.78,105.8,105.68,105.77,576
1789496460,105.76,105.77,105.66,105.67,574
1789496520,105.68,105.75,105.67,105.73,268
1789496580,105.72,105.79,105.65,105.7,448
1789496640,105.69,105.75,105.68,105.71,235
1789496700,105.71,105.84,105.7,105.74,231
1789496760,105.74,105.76,105.69,105.72,199
1789496820,105.72,105.82,105.63,105.82,523
1789496880,105.81,105.94,105.6,105.89,2201
1789496940,105.89,105.96,105.8,105.82,2119
1789497000,105.82,105.9,105.81,105.84,469
1789497060,105.84,105.91,105.77,105.88,294
1789497120,105.87,105.98,105.83,105.97,250
1789497180,105.97,106.04,105.93,105.95,448
1789497240,105.94,105.97,105.89,105.91,135
1789497300,105.91,106.09,105.89,106.06,206
1789497360,106.06,106.08,106.03,106.05,98
1789497420,106.07,106.13,106.03,106.04,194
1789497480,106.04,106.07,106.03,106.07,134
1789497540,106.05,106.1,106.03,106.07,70
1789497600,106.1,106.12,106.08,106.08,87
1789497660,106.07,106.12,105.63,105.73,1647
1789497720,105.72,105.92,105.69,105.87,553
1789497780,105.87,105.92,105.85,105.91,125
1789497840,105.91,105.99,105.85,105.98,127
1789497900,105.98,106.05,105.95,105.99,212
1789497960,106,106,105.87,105.96,214
1789498020,105.97,106.01,105.95,105.99,140
1789498080,106.01,106.01,105.94,105.95,66
1789498140,105.94,105.94,105.85,105.86,64
1789498200,105.86,105.88,105.78,105.81,107
1789498260,105.81,105.86,105.8,105.85,99
1789498320,105.84,105.89,105.82,105.87,54
1789498380,105.86,105.89,105.85,105.87,29
1789498440,105.86,105.89,105.85,105.87,48
1789498500,105.87,105.93,105.87,105.91,73
1789498560,105.91,105.91,105.81,105.86,67
1789498620,105.85,105.89,105.85,105.87,48
1789498680,105.85,105.85,105.81,105.82,38
1789498740,105.81,105.83,105.67,105.68,206
1789498800,105.69,105.71,105.63,105.67,153
1789498860,105.67,105.68,105.63,105.68,41
1789498920,105.69,105.69,105.47,105.51,334
1789498980,105.52,105.54,105.45,105.48,78
1789499040,105.49,105.53,105.47,105.52,166
1789499100,105.49,105.49,105.42,105.47,175
1789499160,105.45,105.5,105.42,105.49,145
1789499220,105.49,105.6,105.49,105.53,168
1789499280,105.52,105.56,105.51,105.54,64
1789499340,105.53,105.56,105.51,105.55,35
1789499400,105.54,105.55,105.49,105.5,143
1789499460,105.52,105.62,105.51,105.62,162
1789499520,105.61,105.67,105.56,105.56,125
1789499580,105.58,105.74,105.53,105.63,196
1789499640,105.64,105.66,105.58,105.66,99
1789499700,105.66,105.73,105.66,105.68,94
1789499760,105.66,105.68,105.62,105.66,73
1789499820,105.65,105.67,105.61,105.62,86
1789499880,105.61,105.63,105.61,105.61,18
1789499940,105.61,105.65,105.58,105.58,86
1789500000,105.59,105.64,105.58,105.61,88
1789500060,105.62,105.62,105.57,105.57,17
1789500120,105.57,105.58,105.56,105.57,29
1789500180,105.58,105.64,105.58,105.64,55
1789500240,105.63,105.64,105.59,105.62,66
1789500300,105.64,105.68,105.63,105.64,39
1789500360,105.63,105.64,105.59,105.63,119
1789500420,105.63,105.64,105.62,105.63,14
1789500480,105.62,105.64,105.61,105.62,43
1789500540,105.61,105.61,105.57,105.57,40
1789500600,105.58,105.61,105.48,105.48,80
1789500660,105.48,105.54,105.48,105.53,46
1789500720,105.54,105.56,105.53,105.55,44
1789500780,105.59,105.67,105.59,105.65,73
1789500840,105.64,105.68,105.62,105.65,52
1789500900,105.64,105.66,105.6,105.66,45
1789500960,105.65,105.72,105.63,105.72,49
1789501020,105.71,105.79,105.71,105.74,101
1789501080,105.75,105.76,105.74,105.76,33
1789501140,105.76,105.76,105.65,105.68,62
1789501200,105.68,105.71,105.68,105.69,18
1789501260,105.68,105.69,105.66,105.66,54
1789501320,105.66,105.69,105.64,105.68,40
1789501380,105.67,105.72,105.66,105.72,32
1789501440,105.7,105.77,105.7,105.77,32
1789501500,105.76,105.83,105.74,105.8,97
1789501560,105.8,105.8,105.75,105.75,30
1789501620,105.78,105.78,105.73,105.74,32
1789501680,105.74,105.78,105.72,105.77,27
1789501740,105.76,105.76,105.72,105.74,19
1789501800,105.75,105.85,105.72,105.8,194
1789501860,105.8,105.84,105.8,105.84,64
1789501920,105.83,105.87,105.82,105.83,66
1789501980,105.84,105.84,105.78,105.79,78
1789502040,105.8,105.84,105.8,105.81,39
1789502100,105.82,105.82,105.76,105.78,58
1789502160,105.79,105.81,105.79,105.81,19
1789502220,105.81,105.82,105.79,105.8,51
1789502280,105.82,105.85,105.81,105.84,78
1789502340,105.84,105.87,105.82,105.87,77
1789502400,105.88,105.91,105.83,105.87,54
1789502460,105.88,105.91,105.86,105.91,32
1789502520,105.89,106.03,105.88,106.01,189
1789502580,106.01,106.1,106.01,106.05,78
1789502640,106.04,106.06,106.02,106.05,66
1789502700,106.04,106.06,106,106,25
1789502760,106,106.06,106,106.06,36
1789502820,106.05,106.07,106.02,106.06,40
1789502880,106.05,106.06,106.04,106.05,22
1789502940,106.06,106.06,106.04,106.05,9
1789503000,106.05,106.05,106.01,106.03,35
1789503060,106.02,106.1,106.01,106.05,75
1789503120,106.04,106.04,106.01,106.01,19
1789503180,106,106.02,105.98,106.02,33
1789503240,106.03,106.15,106.03,106.09,120
1789503300,106.08,106.09,106.05,106.05,33
1789503360,106.05,106.05,105.99,106.02,33
1789503420,106.03,106.04,105.91,105.92,97
1789503480,105.92,105.93,105.87,105.87,175
1789503540,105.88,105.89,105.84,105.87,52
1789503600,105.88,105.97,105.88,105.97,74
1789503660,105.94,105.94,105.88,105.89,97
1789503720,105.9,105.94,105.88,105.88,47
1789503780,105.87,105.93,105.87,105.93,9
1789503840,105.91,105.91,105.83,105.84,24
1789503900,105.83,105.86,105.78,105.82,80
1789503960,105.83,105.9,105.83,105.88,20
1789504020,105.88,105.88,105.83,105.83,15
1789504080,105.83,105.83,105.75,105.78,49
1789504140,105.77,105.78,105.65,105.66,95
1789504200,105.65,105.68,105.5,105.54,137
1789504260,105.54,105.54,105.44,105.49,58
1789504320,105.5,105.52,105.46,105.5,61
1789504380,105.52,105.6,105.52,105.59,38
1789504440,105.57,105.62,105.52,105.6,52
1789504500,105.58,105.58,105.52,105.56,78
1789504560,105.55,105.57,105.5,105.54,41
1789504620,105.54,105.54,105.42,105.53,218
1789504680,105.54,105.56,105.49,105.55,127
1789504740,105.56,105.6,105.55,105.59,18
1789504800,105.62,105.63,105.59,105.6,50
1789504860,105.58,105.63,105.56,105.63,31
1789504920,105.63,105.64,105.6,105.63,15
1789504980,105.6,105.62,105.6,105.6,23
1789505040,105.59,105.61,105.58,105.61,18
1789505100,105.59,105.65,105.54,105.61,103
1789505160,105.6,105.66,105.58,105.63,64
1789505220,105.63,105.66,105.61,105.62,38
1789505280,105.64,105.66,105.62,105.62,16
1789505340,105.64,105.69,105.63,105.64,62
1789505400,105.63,105.63,105.5,105.55,126
1789505460,105.58,105.59,105.57,105.59,10
1789505520,105.58,105.58,105.55,105.55,42
1789505580,105.56,105.57,105.55,105.55,12
1789505640,105.57,105.57,105.46,105.46,47
1789505700,105.48,105.53,105.46,105.48,51
1789505760,105.5,105.52,105.5,105.52,66
1789505820,105.5,105.51,105.46,105.5,91
1789505880,105.5,105.53,105.5,105.53,45
1789505940,105.51,105.52,105.47,105.48,42
1789509600,105.48,105.61,105.43,105.61,86
1789509660,105.61,105.63,105.56,105.57,36
1789509720,105.53,105.53,105.49,105.5,13
1789509780,105.49,105.51,105.49,105.5,9
1789509840,105.53,105.53,105.34,105.37,66
1789509900,105.37,105.37,105.25,105.25,59
1789509960,105.25,105.37,105.24,105.37,56
1789510020,105.35,105.38,105.29,105.29,36
1789510080,105.3,105.42,105.3,105.42,35
1789510140,105.42,105.46,105.42,105.42,51
1789510200,105.4,105.41,105.35,105.37,17
1789510260,105.36,105.44,105.35,105.41,52
1789510320,105.4,105.4,105.38,105.38,14
1789510380,105.39,105.5,105.39,105.48,26
1789510440,105.46,105.47,105.45,105.47,18
1789510500,105.47,105.5,105.45,105.48,56
1789510560,105.47,105.5,105.47,105.5,7
1789510620,105.5,105.5,105.49,105.5,23
1789510680,105.5,105.5,105.49,105.5,10
1789510740,105.49,105.49,105.46,105.48,32
1789510800,105.48,105.49,105.48,105.49,2
1789510860,105.48,105.48,105.46,105.47,13
1789510920,105.47,105.47,105.44,105.47,12
1789510980,105.47,105.47,105.44,105.44,3
1789511040,105.42,105.49,105.42,105.47,12
1789511100,105.46,105.47,105.45,105.45,11
1789511160,105.44,105.44,105.44,105.44,5
1789511220,105.44,105.45,105.38,105.41,78
1789511280,105.41,105.42,105.41,105.42,5
1789511340,105.41,105.41,105.37,105.39,25
1789511400,105.39,105.39,105.29,105.33,31
1789511460,105.33,105.34,105.32,105.32,15
1789511520,105.35,105.36,105.33,105.33,6
1789511580,105.32,105.37,105.28,105.28,36
1789511640,105.31,105.31,105.3,105.3,33
1789511700,105.3,105.3,105.26,105.28,26
1789511760,105.28,105.31,105.27,105.28,57
1789511820,105.25,105.31,105.25,105.29,15
1789511880,105.28,105.31,105.24,105.31,14
1789511940,105.31,105.31,105.29,105.3,41
1789512000,105.31,105.31,105.29,105.31,17
1789512060,105.31,105.4,105.31,105.38,53
1789512120,105.37,105.38,105.36,105.37,13
1789512180,105.4,105.4,105.38,105.38,5
1789512240,105.37,105.39,105.37,105.39,5
1789512300,105.39,105.41,105.39,105.41,5
1789512360,105.41,105.41,105.39,105.39,2
1789512420,105.4,105.41,105.39,105.39,6
1789512480,105.38,105.38,105.38,105.38,4
1789512540,105.37,105.37,105.32,105.32,22
1789512600,105.34,105.34,105.32,105.32,3
1789512660,105.32,105.32,105.31,105.31,2
1789512720,105.31,105.31,105.27,105.3,7
1789512780,105.3,105.33,105.3,105.33,14
1789512840,105.35,105.35,105.34,105.34,4
1789512900,105.35,105.35,105.34,105.34,7
1789513020,105.34,105.34,105.32,105.32,8
1789513080,105.31,105.35,105.31,105.34,10
1789513140,105.33,105.33,105.33,105.33,2
1789513200,105.34,105.34,105.32,105.32,9
1789513260,105.33,105.34,105.32,105.32,9
1789513320,105.32,105.32,105.32,105.32,1
1789513380,105.33,105.35,105.32,105.32,6
1789513440,105.33,105.33,105.32,105.33,7
1789513500,105.33,105.33,105.33,105.33,3
1789513560,105.34,105.37,105.34,105.37,45
1789513620,105.37,105.43,105.37,105.43,17
1789513680,105.39,105.39,105.39,105.39,2
1789513740,105.38,105.39,105.38,105.39,8
1789513800,105.39,105.39,105.39,105.39,2
1789513860,105.4,105.4,105.39,105.39,2
1789513980,105.38,105.39,105.38,105.39,3
1789514040,105.38,105.39,105.38,105.38,8
1789514100,105.38,105.39,105.37,105.38,12
1789514160,105.37,105.38,105.37,105.38,3
1789514220,105.38,105.38,105.38,105.38,7
1789514280,105.38,105.43,105.38,105.43,9
1789514340,105.43,105.44,105.43,105.44,8
1789514400,105.43,105.43,105.41,105.41,7
1789514460,105.44,105.44,105.42,105.42,15
1789514520,105.42,105.43,105.42,105.43,3
1789514580,105.43,105.43,105.43,105.43,1
1789514640,105.43,105.44,105.42,105.42,6
1789514760,105.45,105.46,105.43,105.45,19
1789514820,105.46,105.48,105.46,105.47,5
1789514880,105.47,105.47,105.45,105.45,5
1789514940,105.46,105.47,105.46,105.47,3
1789515000,105.46,105.47,105.45,105.45,7
1789515060,105.46,105.47,105.46,105.47,4
1789515120,105.46,105.46,105.45,105.45,11
1789515180,105.44,105.45,105.44,105.45,2
1789515240,105.43,105.45,105.43,105.44,3
1789515300,105.45,105.45,105.45,105.45,1
1789515360,105.45,105.46,105.45,105.45,38
1789515420,105.43,105.43,105.41,105.43,19
1789515480,105.42,105.43,105.42,105.42,9
1789515540,105.42,105.42,105.42,105.42,3
1789515600,105.42,105.42,105.36,105.36,15
1789515660,105.37,105.38,105.35,105.38,12
1789515720,105.38,105.38,105.38,105.38,10
1789515780,105.39,105.41,105.39,105.41,3
1789515840,105.41,105.42,105.41,105.42,3
1789515960,105.4,105.4,105.33,105.33,20
1789516020,105.32,105.32,105.29,105.3,27
1789516080,105.31,105.34,105.31,105.33,15
1789516140,105.35,105.36,105.33,105.36,18
1789516200,105.35,105.35,105.35,105.35,1
1789516260,105.35,105.37,105.35,105.37,5
1789516320,105.36,105.36,105.36,105.36,1
1789516380,105.36,105.36,105.34,105.35,5
1789516440,105.34,105.35,105.34,105.34,8
1789516500,105.34,105.39,105.34,105.39,9
1789516560,105.39,105.42,105.39,105.39,14
1789516620,105.38,105.39,105.38,105.38,5
1789516680,105.4,105.41,105.4,105.41,2
1789516740,105.38,105.39,105.36,105.36,24
1789516800,105.36,105.41,105.31,105.36,151
1789516860,105.36,105.42,105.34,105.4,51
1789516920,105.41,105.41,105.29,105.3,52
1789516980,105.3,105.33,105.22,105.25,264
1789517040,105.26,105.29,105.25,105.29,25
1789517100,105.28,105.29,105.2,105.21,33
1789517160,105.21,105.24,105.17,105.18,83
1789517220,105.17,105.19,105.11,105.12,92
1789517280,105.13,105.2,105.1,105.17,93
1789517340,105.15,105.18,105.14,105.14,32
1789517400,105.15,105.19,105.13,105.14,103
1789517460,105.13,105.15,105.01,105.03,90
1789517520,105.04,105.06,105.01,105.01,60
1789517580,105.02,105.05,105.02,105.03,31
1789517640,105.02,105.04,105.02,105.02,11
1789517700,105.03,105.04,104.97,105,133
1789517760,105,105,104.84,104.87,133
1789517820,104.84,104.84,104.69,104.73,266
1789517880,104.72,104.86,104.72,104.83,47
1789517940,104.81,104.83,104.75,104.83,84
1789518000,104.85,104.95,104.85,104.9,36
1789518060,104.94,104.97,104.89,104.9,17
1789518120,104.92,104.93,104.91,104.92,14
1789518180,104.94,105.02,104.94,105,37
1789518240,104.99,104.99,104.95,104.98,30
1789518300,104.97,104.99,104.94,104.98,25
1789518360,104.95,104.95,104.84,104.85,31
1789518420,104.8,104.85,104.77,104.85,24
1789518480,104.86,104.89,104.81,104.84,118
1789518540,104.82,104.85,104.79,104.84,57
1789518600,104.85,104.86,104.82,104.82,47
1789518660,104.83,104.87,104.82,104.82,24
1789518720,104.84,104.84,104.8,104.82,14
1789518780,104.82,104.84,104.81,104.84,5
1789518840,104.85,104.94,104.82,104.92,98
1789518900,104.91,104.94,104.91,104.94,7
1789518960,104.92,104.96,104.92,104.95,7
1789519020,104.95,104.96,104.94,104.94,4
1789519080,104.92,104.92,104.92,104.92,1
1789519140,104.89,104.89,104.89,104.89,8
1789519200,104.89,104.89,104.88,104.88,7
1789519260,104.88,104.88,104.79,104.83,19
1789519320,104.83,104.93,104.83,104.91,51
1789519380,104.9,104.94,104.9,104.94,10
1789519440,104.94,104.98,104.93,104.96,40
1789519500,104.96,105.02,104.94,104.95,76
1789519560,104.95,105.02,104.95,104.99,18
1789519620,104.99,105.03,104.99,105.03,18
1789519680,105.02,105.08,105.02,105.08,46
1789519740,105.08,105.23,105.07,105.19,128
1789519800,105.17,105.28,105.17,105.27,108
1789519860,105.28,105.29,105.22,105.22,76
1789519920,105.22,105.24,105.12,105.15,51
1789519980,105.14,105.2,105.11,105.19,46
1789520040,105.21,105.25,105.2,105.25,40
1789520100,105.25,105.38,105.25,105.37,55
1789520160,105.37,105.38,105.24,105.29,99
1789520220,105.3,105.3,105.25,105.26,27
1789520280,105.28,105.29,105.26,105.28,10
1789520340,105.28,105.3,105.21,105.23,158
1789520400,105.24,105.25,104.92,104.93,349
1789520460,104.95,105.07,104.9,105.06,272
1789520520,105.03,105.1,104.97,105,68
1789520580,104.99,105,104.82,104.91,102
1789520640,104.89,105.01,104.87,104.93,54
1789520700,104.95,105.06,104.95,105,33
1789520760,104.94,105.01,104.92,105.01,57
1789520820,105.01,105.01,104.93,104.98,56
1789520880,104.98,105.04,104.96,105.03,37
1789520940,105.03,105.07,105.02,105.05,19
1789521000,105.08,105.13,104.95,104.98,87
1789521060,104.98,105,104.86,104.91,126
1789521120,104.92,104.94,104.87,104.92,50
1789521180,104.9,104.96,104.77,104.83,75
1789521240,104.87,104.93,104.86,104.89,42
1789521300,104.88,104.98,104.87,104.94,48
1789521360,104.92,105.01,104.9,104.96,97
1789521420,104.95,104.96,104.88,104.91,37
1789521480,104.94,104.98,104.92,104.97,23
1789521540,104.98,105.01,104.94,104.98,38
1789521600,104.97,104.97,104.89,104.89,24
1789521660,104.89,104.97,104.89,104.93,22
1789521720,104.94,104.95,104.87,104.93,30
1789521780,104.9,104.94,104.86,104.92,15
1789521840,104.92,104.96,104.89,104.94,17
1789521900,104.96,105.05,104.96,105,42
1789521960,104.96,105.01,104.94,104.99,50
1789522020,104.99,105.02,104.95,104.95,17
1789522080,104.96,105.03,104.96,105.01,19
1789522140,105,105.05,105,105.05,20
1789522200,105.06,105.16,105.05,105.15,77
1789522260,105.15,105.25,105.1,105.22,101
1789522320,105.21,105.21,105.05,105.08,86
1789522380,105.08,105.09,104.97,105.02,49
1789522440,105,105.01,104.92,105,51
1789522500,104.98,105.07,104.9,105.07,145
1789522560,105.07,105.14,105.07,105.1,30
1789522620,105.11,105.17,105.1,105.17,35
1789522680,105.15,105.18,105.14,105.17,38
1789522740,105.17,105.2,105.1,105.13,40
1789522800,105.11,105.16,105.11,105.14,16
1789522860,105.15,105.16,105.11,105.16,17
1789522920,105.14,105.22,105.14,105.2,27
1789522980,105.19,105.19,105.19,105.19,1
1789523040,105.16,105.17,105.09,105.12,17
1789523100,105.1,105.12,104.98,105.05,109
1789523160,105.05,105.16,105.05,105.16,30
1789523220,105.16,105.25,105.16,105.25,44
1789523280,105.22,105.28,105.18,105.26,74
1789523340,105.25,105.29,105.24,105.29,34
1789523400,105.3,105.33,105.26,105.29,57
1789523460,105.29,105.3,105.23,105.25,46
1789523520,105.28,105.28,105.24,105.25,15
1789523580,105.28,105.28,105.21,105.24,34
1789523640,105.27,105.28,105.23,105.25,19
1789523700,105.25,105.26,105.17,105.17,59
1789523760,105.17,105.18,105.14,105.17,32
1789523820,105.15,105.16,105.12,105.13,80
1789523880,105.14,105.14,105.05,105.09,90
1789523940,105.1,105.12,105.04,105.05,62
1789524000,105.04,105.07,104.96,104.98,81
1789524060,104.98,105.09,104.98,105.02,127
1789524120,105.03,105.11,104.9,104.91,141
1789524180,104.92,104.95,104.87,104.88,40
1789524240,104.89,104.96,104.89,104.89,39
1789524300,104.89,104.95,104.83,104.9,69
1789524360,104.89,104.97,104.89,104.95,18
1789524420,104.94,105.05,104.94,105,45
1789524480,104.99,105,104.95,104.96,18
1789524540,104.95,104.97,104.9,104.9,9
1789524600,104.94,104.96,104.85,104.9,41
1789524660,104.92,105,104.9,105,21
1789524720,104.98,105,104.93,104.93,19
1789524780,104.93,104.95,104.92,104.95,17
1789524840,104.94,104.94,104.86,104.86,19
1789524900,104.87,104.91,104.84,104.87,37
1789524960,104.9,104.9,104.83,104.83,21
1789525020,104.85,104.89,104.84,104.84,26
1789525080,104.84,104.84,104.8,104.82,34
1789525140,104.82,104.83,104.8,104.83,19
1789525200,104.83,104.83,104.81,104.82,10
1789525260,104.82,104.84,104.79,104.79,22
1789525320,104.8,104.82,104.78,104.8,30
1789525380,104.81,104.87,104.79,104.83,62
1789525440,104.82,104.84,104.81,104.84,35
1789525500,104.85,104.91,104.85,104.9,28
1789525560,104.9,104.92,104.85,104.87,52
1789525620,104.87,104.92,104.84,104.91,48
1789525680,104.9,104.94,104.9,104.94,13
1789525740,104.95,104.95,104.88,104.91,57
1789525800,104.92,104.93,104.78,104.81,71
1789525860,104.82,104.92,104.82,104.88,61
1789525920,104.84,104.84,104.81,104.84,15
1789525980,104.85,104.86,104.78,104.84,79
1789526040,104.82,104.82,104.72,104.73,144
1789526100,104.72,104.74,104.56,104.56,214
1789526160,104.57,104.62,104.54,104.56,80
1789526220,104.58,104.61,104.55,104.58,58
1789526280,104.57,104.66,104.53,104.65,72
1789526340,104.65,104.74,104.65,104.67,59
1789526400,104.65,104.78,104.65,104.74,44
1789526460,104.75,104.8,104.75,104.75,31
1789526520,104.76,104.9,104.75,104.88,53
1789526580,104.88,104.88,104.82,104.88,37
1789526640,104.87,104.91,104.87,104.89,49
1789526700,104.88,104.89,104.82,104.85,83
1789526760,104.87,104.89,104.82,104.83,10
1789526820,104.82,104.82,104.76,104.76,25
1789526880,104.76,104.77,104.68,104.68,21
1789526940,104.7,104.7,104.63,104.65,41
1789527000,104.71,104.77,104.69,104.77,45
1789527060,104.73,104.76,104.72,104.72,15
1789527120,104.71,104.72,104.66,104.66,18
1789527180,104.63,104.66,104.61,104.65,33
1789527240,104.67,104.68,104.65,104.65,7
1789527300,104.66,104.67,104.64,104.67,18
1789527360,104.67,104.7,104.61,104.61,20
1789527420,104.63,104.65,104.62,104.62,9
1789527480,104.64,104.69,104.63,104.69,20
1789527540,104.67,104.68,104.65,104.65,6
1789527600,104.66,104.67,104.63,104.63,41
1789527660,104.64,104.65,104.59,104.6,59
1789527720,104.6,104.6,104.54,104.58,76
1789527780,104.58,104.59,104.54,104.58,75
1789527840,104.57,104.58,104.55,104.58,22
1789527900,104.58,104.6,104.52,104.57,97
1789527960,104.55,104.57,104.45,104.46,105
1789528020,104.45,104.54,104.45,104.51,59
1789528080,104.52,104.53,104.43,104.44,67
1789528140,104.43,104.5,104.43,104.47,40
1789528200,104.45,104.45,104.37,104.4,127
1789528260,104.4,104.43,104.35,104.37,49
1789528320,104.4,104.44,104.36,104.42,44
1789528380,104.41,104.44,104.39,104.39,30
1789528440,104.39,104.43,104.38,104.39,70
1789528500,104.38,104.38,104.3,104.35,87
1789528560,104.37,104.38,104.26,104.27,137
1789528620,104.28,104.33,104.23,104.32,84
1789528680,104.33,104.4,104.32,104.38,48
1789528740,104.37,104.37,104.28,104.29,29
1789528800,104.29,104.33,104.27,104.31,69
1789528860,104.31,104.34,104.29,104.29,36
1789528920,104.3,104.4,104.3,104.39,63
1789528980,104.37,104.37,104.33,104.34,18
1789529040,104.35,104.45,104.35,104.43,50
1789529100,104.44,104.46,104.41,104.42,37
1789529160,104.4,104.42,104.39,104.4,36
1789529220,104.41,104.48,104.39,104.48,38
1789529280,104.47,104.49,104.43,104.46,54
1789529340,104.48,104.54,104.44,104.53,111
1789529400,104.53,104.67,104.52,104.64,295
1789529460,104.64,104.7,104.6,104.69,189
1789529520,104.68,104.72,104.63,104.69,114
1789529580,104.69,104.7,104.64,104.65,56
1789529640,104.65,104.71,104.64,104.71,37
1789529700,104.72,104.77,104.69,104.73,82
1789529760,104.74,104.83,104.72,104.82,104
1789529820,104.8,104.88,104.79,104.88,64
1789529880,104.88,104.88,104.82,104.82,55
1789529940,104.82,104.86,104.82,104.84,38
1789530000,104.85,104.87,104.84,104.87,54
1789530060,104.87,104.92,104.87,104.9,72
1789530120,104.9,104.92,104.88,104.92,71
1789530180,104.91,105.01,104.91,104.94,136
1789530240,104.94,104.98,104.92,104.97,45
1789530300,104.96,104.96,104.88,104.91,45
1789530360,104.9,104.92,104.88,104.88,56
1789530420,104.88,104.9,104.84,104.87,67
1789530480,104.89,104.89,104.87,104.89,20
1789530540,104.9,104.96,104.89,104.94,86
1789530600,104.93,105.03,104.93,104.95,108
1789530660,104.95,104.99,104.95,104.97,18
1789530720,104.94,104.94,104.85,104.87,40
1789530780,104.88,104.88,104.87,104.88,14
1789530840,104.88,104.88,104.86,104.86,9
1789530900,104.86,104.86,104.82,104.83,34
1789530960,104.82,104.85,104.79,104.8,36
1789531020,104.8,104.8,104.72,104.78,71
1789531080,104.78,104.78,104.75,104.78,21
1789531140,104.76,104.76,104.72,104.75,49
1789531200,104.74,104.74,104.62,104.67,88
1789531260,104.69,104.74,104.68,104.74,29
1789531320,104.73,104.77,104.73,104.73,24
1789531380,104.73,104.77,104.73,104.74,49
1789531440,104.73,104.74,104.66,104.68,64
1789531500,104.7,104.72,104.67,104.72,17
1789531560,104.71,104.71,104.65,104.67,14
1789531620,104.67,104.71,104.66,104.7,15
1789531680,104.7,104.75,104.7,104.75,15
1789531740,104.76,104.77,104.75,104.77,23
1789531800,104.75,104.77,104.74,104.76,11
1789531860,104.77,104.78,104.74,104.75,47
1789531920,104.75,104.78,104.74,104.74,32
1789531980,104.73,104.73,104.71,104.71,4
1789532040,104.73,104.73,104.7,104.7,13
1789532100,104.68,104.69,104.65,104.68,17
1789532160,104.66,104.68,104.66,104.67,6
1789532220,104.68,104.68,104.67,104.68,6
1789532280,104.68,104.68,104.64,104.66,12
1789532340,104.67,104.7,104.67,104.68,10
1789532400,104.68,104.68,104.6,104.64,29
1789532460,104.62,104.62,104.52,104.56,57
1789532520,104.58,104.59,104.53,104.54,25
1789532580,104.56,104.56,104.56,104.56,5
1789532640,104.54,104.56,104.54,104.55,9
1789532700,104.56,104.59,104.55,104.56,19
1789532760,104.58,104.59,104.58,104.59,2
1789532820,104.58,104.6,104.57,104.6,7
1789532880,104.6,104.63,104.58,104.58,18
1789532940,104.57,104.6,104.57,104.6,7
1789533000,104.6,104.62,104.6,104.62,6
1789533060,104.6,104.6,104.54,104.58,27
1789533120,104.57,104.58,104.57,104.58,6
1789533180,104.59,104.6,104.57,104.59,13
1789533240,104.59,104.6,104.57,104.59,12
1789533300,104.59,104.6,104.59,104.59,4
1789533360,104.58,104.58,104.57,104.58,12
1789533420,104.57,104.6,104.57,104.59,14
1789533480,104.59,104.65,104.59,104.62,34
1789533540,104.61,104.62,104.61,104.61,7
1789533600,104.62,104.62,104.58,104.59,12
1789533660,104.6,104.6,104.58,104.6,11
1789533720,104.6,104.6,104.58,104.59,9
1789533780,104.58,104.63,104.58,104.61,19
1789533840,104.65,104.68,104.63,104.67,46
1789533900,104.68,104.7,104.67,104.69,31
1789533960,104.69,104.71,104.69,104.7,16
1789534020,104.71,104.72,104.69,104.69,13
1789534080,104.69,104.69,104.69,104.69,5
1789534140,104.7,104.73,104.69,104.73,14
1789534200,104.69,104.71,104.69,104.71,14
1789534260,104.72,104.76,104.7,104.7,67
1789534320,104.7,104.73,104.7,104.7,20
1789534380,104.7,104.7,104.68,104.69,11
1789534440,104.69,104.69,104.67,104.68,10
1789534500,104.67,104.68,104.67,104.67,8
1789534560,104.66,104.66,104.62,104.65,30
1789534620,104.65,104.67,104.63,104.64,12
1789534680,104.64,104.64,104.64,104.64,3
1789534740,104.64,104.64,104.61,104.63,20
1789534800,104.63,104.65,104.62,104.64,11
1789534860,104.62,104.79,104.62,104.77,87
1789534920,104.76,104.86,104.75,104.84,111
1789534980,104.84,104.87,104.77,104.78,97
1789535040,104.78,104.78,104.76,104.77,15
1789535100,104.76,104.79,104.76,104.79,19
1789535160,104.79,104.8,104.77,104.79,31
1789535220,104.78,104.86,104.78,104.79,224
1789535280,104.78,104.82,104.78,104.8,30
1789535340,104.81,104.82,104.8,104.8,14
1789535400,104.79,104.8,104.78,104.8,13
1789535460,104.8,104.8,104.76,104.76,25
1789535520,104.76,104.76,104.75,104.75,7
1789535580,104.75,104.75,104.71,104.72,35
1789535640,104.72,104.72,104.69,104.69,27
1789535700,104.69,104.71,104.68,104.7,17
1789535760,104.71,104.71,104.7,104.7,5
1789535820,104.68,104.69,104.6,104.66,67
1789535880,104.64,104.7,104.64,104.7,29
1789535940,104.72,104.72,104.72,104.72,5
1789536000,104.71,104.74,104.71,104.72,25
1789536060,104.71,104.74,104.71,104.74,11
1789536120,104.75,104.77,104.74,104.76,38
1789536180,104.77,104.8,104.77,104.79,11
1789536240,104.79,104.82,104.79,104.79,30
1789536300,104.81,104.84,104.79,104.81,33
1789536360,104.82,104.83,104.82,104.83,6
1789536420,104.82,104.82,104.8,104.8,15
1789536480,104.8,104.8,104.8,104.8,9
1789536540,104.79,104.81,104.78,104.81,20
1789536600,104.82,104.85,104.79,104.82,52
1789536660,104.82,104.86,104.71,104.72,58
1789536720,104.71,104.74,104.69,104.74,27
1789536780,104.74,104.74,104.56,104.57,170
1789536840,104.56,104.61,104.54,104.61,60
1789536900,104.59,104.69,104.58,104.69,51
1789536960,104.68,104.71,104.67,104.71,19
1789537020,104.7,104.7,104.67,104.7,15
1789537080,104.69,104.73,104.68,104.7,15
1789537140,104.69,104.75,104.69,104.72,17
1789537200,104.71,104.72,104.64,104.64,48
1789537260,104.63,104.65,104.62,104.62,21
1789537320,104.62,104.66,104.62,104.65,11
1789537380,104.66,104.69,104.65,104.65,21
1789537440,104.64,104.65,104.56,104.57,23
1789537500,104.59,104.6,104.51,104.55,45
1789537560,104.55,104.59,104.54,104.59,27
1789537620,104.59,104.67,104.58,104.65,48
1789537680,104.65,104.69,104.63,104.69,43
1789537740,104.67,104.74,104.67,104.74,38
1789537800,104.76,104.77,104.65,104.72,46
1789537860,104.71,104.78,104.67,104.75,64
1789537920,104.76,104.85,104.76,104.85,44
1789537980,104.86,104.95,104.86,104.9,121
1789538040,104.89,104.89,104.84,104.84,43
1789538100,104.84,104.91,104.82,104.88,52
1789538160,104.86,104.91,104.76,104.77,79
1789538220,104.77,104.79,104.73,104.74,38
1789538280,104.72,104.88,104.72,104.83,62
1789538340,104.83,104.85,104.81,104.82,35
1789538400,104.83,104.83,104.7,104.74,46
1789538460,104.74,104.89,104.74,104.87,87
1789538520,104.86,104.88,104.82,104.82,33
1789538580,104.82,104.83,104.8,104.83,31
1789538640,104.8,104.82,104.73,104.74,85
1789538700,104.74,104.76,104.67,104.7,107
1789538760,104.69,104.75,104.66,104.74,61
1789538820,104.72,104.74,104.65,104.65,70
1789538880,104.65,104.65,104.49,104.62,175
1789538940,104.6,104.71,104.6,104.71,37
1789539000,104.71,104.76,104.63,104.64,50
1789539060,104.7,104.73,104.7,104.72,18
1789539120,104.71,104.72,104.67,104.67,7
1789539180,104.67,104.67,104.58,104.63,82
1789539240,104.64,104.7,104.63,104.69,64
1789539300,104.7,104.75,104.7,104.72,74
1789539360,104.75,104.79,104.71,104.73,45
1789539420,104.73,104.74,104.69,104.71,19
1789539480,104.69,104.7,104.67,104.67,33
1789539540,104.67,104.69,104.64,104.67,78
1789539600,104.64,104.66,104.61,104.62,33
1789539660,104.61,104.66,104.59,104.65,47
1789539720,104.62,104.7,104.62,104.69,10
1789539780,104.68,104.71,104.67,104.67,33
1789539840,104.67,104.69,104.64,104.65,10
1789539900,104.63,104.65,104.61,104.61,21
1789539960,104.61,104.67,104.61,104.67,19
1789540020,104.68,104.71,104.66,104.7,21
1789540080,104.68,104.74,104.68,104.7,64
1789540140,104.71,104.74,104.71,104.72,32
1789540200,104.72,104.85,104.71,104.78,82
1789540260,104.77,104.84,104.74,104.83,33
1789540320,104.81,104.82,104.75,104.77,43
1789540380,104.77,104.8,104.75,104.79,9
1789540440,104.8,104.83,104.78,104.81,31
1789540500,104.79,104.86,104.79,104.81,78
1789540560,104.81,104.86,104.79,104.8,51
1789540620,104.81,104.82,104.69,104.69,46
1789540680,104.68,104.68,104.44,104.46,226
1789540740,104.47,104.49,104.41,104.41,88
1789540800,104.4,104.46,104.39,104.42,63
1789540860,104.42,104.46,104.4,104.42,75
1789540920,104.42,104.53,104.41,104.48,173
1789540980,104.47,104.54,104.47,104.54,50
1789541040,104.53,104.53,104.47,104.47,44
1789541100,104.47,104.51,104.38,104.4,81
1789541160,104.41,104.41,104.35,104.38,104
1789541220,104.38,104.38,104.29,104.3,133
1789541280,104.3,104.34,104.15,104.18,257
1789541340,104.18,104.22,104.11,104.2,248
1789541400,104.19,104.24,104.13,104.22,107
1789541460,104.19,104.2,104.15,104.18,38
1789541520,104.17,104.24,104.15,104.23,40
1789541580,104.22,104.26,104.17,104.25,70
1789541640,104.24,104.26,104.22,104.24,29
1789541700,104.23,104.23,104.15,104.17,42
1789541760,104.17,104.17,104.11,104.15,45
1789541820,104.14,104.16,104.09,104.11,163
1789541880,104.11,104.13,104.06,104.06,164
1789541940,104.07,104.11,104.02,104.02,172
1789542000,104.02,104.03,103.79,103.88,800
1789542060,103.87,103.9,103.77,103.8,217
1789542120,103.8,103.93,103.79,103.91,137
1789542180,103.91,103.91,103.76,103.78,114
1789542240,103.78,103.9,103.78,103.86,129
1789542300,103.86,103.93,103.77,103.8,142
1789542360,103.8,104.23,103.8,104.06,881
1789542420,104.05,104.09,103.98,104.05,113
1789542480,104.05,104.32,104.05,104.27,153
1789542540,104.27,104.28,104.19,104.26,74
1789542600,104.26,104.29,104.19,104.19,119
1789542660,104.19,104.25,104.18,104.18,189
1789542720,104.17,104.2,104.04,104.08,182
1789542780,104.07,104.07,103.96,103.99,119
1789542840,103.99,104.05,103.94,103.96,136
1789542900,103.95,103.99,103.92,103.95,112
1789542960,103.99,104.06,103.94,103.99,70
1789543020,103.98,104.07,103.94,104.05,121
1789543080,104.06,104.26,104.06,104.23,200
1789543140,104.23,104.27,104.22,104.25,71
1789543200,104.25,104.31,104.24,104.27,83
1789543260,104.26,104.28,104.23,104.23,41
1789543320,104.21,104.25,104.18,104.23,93
1789543380,104.21,104.21,104.07,104.16,71
1789543440,104.17,104.25,104.16,104.25,55
1789543500,104.25,104.29,104.24,104.27,61
1789543560,104.26,104.29,104.25,104.28,48
1789543620,104.29,104.31,104.15,104.24,92
1789543680,104.22,104.25,104.14,104.14,65
1789543740,104.13,104.19,104.11,104.17,73
1789543800,104.15,104.19,104.02,104.09,118
1789543860,104.08,104.09,104.02,104.06,75
1789543920,104.04,104.13,104.04,104.13,82
1789543980,104.13,104.16,104.09,104.16,125
1789544040,104.14,104.16,104.04,104.06,98
1789544100,104.03,104.06,103.99,104.03,45
1789544160,104.02,104.1,104,104.05,62
1789544220,104.05,104.14,104.05,104.09,178
1789544280,104.1,104.14,104.08,104.1,99
1789544340,104.14,104.2,104.05,104.06,128
1789544400,104.07,104.13,104.04,104.06,72
1789544460,104.06,104.1,104.02,104.04,71
1789544520,104.03,104.13,104.02,104.05,74
1789544580,104.06,104.14,104.05,104.05,50
1789544640,104.07,104.07,103.96,104.04,79
1789544700,104.05,104.12,104.05,104.1,48
1789544760,104.1,104.15,104.07,104.11,75
1789544820,104.09,104.1,104.04,104.1,39
1789544880,104.12,104.14,104.09,104.11,53
1789544940,104.11,104.16,104.06,104.14,72
1789545000,104.12,104.2,104.11,104.16,56
1789545060,104.15,104.17,104.13,104.16,80
1789545120,104.16,104.21,104.13,104.16,105
1789545180,104.16,104.18,104.06,104.16,120
1789545240,104.18,104.24,104.15,104.22,84
1789545300,104.21,104.22,104.17,104.22,19
1789545360,104.23,104.28,104.2,104.27,38
1789545420,104.25,104.25,104.16,104.21,88
1789545480,104.22,104.3,104.22,104.26,87
1789545540,104.26,104.27,104.22,104.26,50
1789545600,104.26,104.37,104.24,104.37,137
1789545660,104.36,104.54,104.35,104.51,312
1789545720,104.52,104.66,104.49,104.64,274
1789545780,104.64,104.64,104.57,104.57,109
1789545840,104.57,104.63,104.54,104.56,113
1789545900,104.56,104.67,104.54,104.65,41
1789545960,104.64,104.66,104.56,104.65,71
1789546020,104.66,104.7,104.63,104.66,159
1789546080,104.69,104.76,104.62,104.75,124
1789546140,104.73,104.75,104.66,104.71,183
1789546200,104.72,104.79,104.64,104.71,177
1789546260,104.69,104.7,104.59,104.63,85
1789546320,104.62,104.64,104.58,104.59,87
1789546380,104.59,104.61,104.54,104.6,56
1789546440,104.59,104.59,104.53,104.58,50
1789546500,104.58,104.62,104.52,104.61,139
1789546560,104.61,104.69,104.58,104.67,49
1789546620,104.65,104.65,104.58,104.59,35
1789546680,104.59,104.74,104.59,104.73,175
1789546740,104.7,104.75,104.42,104.56,736
1789546800,104.56,104.6,104.39,104.58,463
1789546860,104.53,104.57,104.19,104.34,378
1789546920,104.31,104.36,104.2,104.21,271
1789546980,104.2,104.39,104.17,104.38,247
1789547040,104.38,104.44,104.33,104.39,125
1789547100,104.4,104.46,104.36,104.4,70
1789547160,104.4,104.4,104.34,104.38,49
1789547220,104.38,104.48,104.38,104.44,120
1789547280,104.41,104.55,104.4,104.52,170
1789547340,104.52,104.6,104.39,104.45,421
1789547400,104.44,104.5,104.36,104.4,201
1789547460,104.4,104.42,104.3,104.3,85
1789547520,104.31,104.41,104.31,104.41,114
1789547580,104.4,104.61,104.35,104.6,139
1789547640,104.58,104.67,104.54,104.59,205
1789547700,104.57,104.63,104.54,104.63,62
1789547760,104.64,104.79,104.63,104.78,121
1789547820,104.79,104.79,104.69,104.74,128
1789547880,104.74,104.77,104.73,104.77,18
1789547940,104.77,104.79,104.71,104.72,120
1789548000,104.7,104.81,104.67,104.8,120
1789548060,104.8,104.81,104.77,104.78,81
1789548120,104.78,104.78,104.7,104.7,55
1789548180,104.69,104.69,104.57,104.67,95
1789548240,104.64,104.66,104.49,104.5,195
1789548300,104.47,104.54,104.42,104.47,128
1789548360,104.47,104.47,104.38,104.44,156
1789548420,104.44,104.45,104.41,104.44,25
1789548480,104.42,104.5,104.38,104.5,39
1789548540,104.51,104.59,104.49,104.57,53
1789548600,104.58,104.61,104.53,104.54,43
1789548660,104.54,104.58,104.48,104.58,42
1789548720,104.59,104.59,104.52,104.52,23
1789548780,104.51,104.52,104.49,104.52,23
1789548840,104.53,104.54,104.51,104.54,41
1789548900,104.56,104.56,104.53,104.54,18
1789548960,104.53,104.59,104.49,104.59,26
1789549020,104.56,104.57,104.48,104.51,18
1789549080,104.54,104.6,104.47,104.52,143
1789549140,104.54,104.56,104.48,104.5,101
1789549200,104.51,104.58,104.42,104.44,141
1789549260,104.44,104.51,104.44,104.51,53
1789549320,104.53,104.64,104.5,104.5,180
1789549380,104.55,104.62,104.55,104.59,34
1789549440,104.62,104.83,104.62,104.69,159
1789549500,104.69,104.75,104.64,104.74,57
1789549560,104.74,104.81,104.73,104.81,95
1789549620,104.81,104.97,104.81,104.91,208
1789549680,104.92,104.96,104.89,104.93,70
1789549740,104.91,104.99,104.91,104.97,153
1789549800,104.97,104.97,104.83,104.88,124
1789549860,104.88,104.93,104.86,104.89,59
1789549920,104.88,104.92,104.83,104.87,60
1789549980,104.88,104.93,104.87,104.88,73
1789550040,104.87,104.93,104.87,104.93,53
1789550100,104.91,104.91,104.81,104.85,55
1789550160,104.86,104.92,104.81,104.83,80
1789550220,104.83,104.87,104.81,104.82,36
1789550280,104.8,104.86,104.8,104.86,21
1789550340,104.86,104.91,104.86,104.89,63
1789550400,104.92,104.93,104.9,104.9,39
1789550460,104.89,104.89,104.81,104.81,22
1789550520,104.8,104.87,104.8,104.87,36
1789550580,104.88,104.97,104.87,104.97,123
1789550640,104.94,104.96,104.88,104.89,74
1789550700,104.9,104.92,104.69,104.74,392
1789550760,104.78,104.78,104.47,104.55,538
1789550820,104.51,104.51,104.28,104.33,379
1789550880,104.32,104.54,104.3,104.43,180
1789550940,104.41,104.51,104.41,104.48,124
1789551000,104.51,104.55,104.46,104.52,65
1789551060,104.5,104.54,104.33,104.33,226
1789551120,104.34,104.36,104.21,104.22,173
1789551180,104.23,104.35,104.23,104.28,101
1789551240,104.3,104.31,104.23,104.23,53
1789551300,104.25,104.26,104.16,104.21,125
1789551360,104.18,104.19,104.03,104.11,301
1789551420,104.12,104.13,103.91,103.97,491
1789551480,103.97,104.02,103.94,104.02,124
1789551540,104.03,104.06,103.99,104.01,102
1789551600,104.02,104.14,104.02,104.05,128
1789551660,104.08,104.2,104.06,104.2,93
1789551720,104.19,104.22,104.17,104.17,47
1789551780,104.18,104.19,104.12,104.14,36
1789551840,104.15,104.17,104.08,104.08,107
1789551900,104.09,104.24,104.09,104.18,105
1789551960,104.17,104.22,104.16,104.22,45
1789552020,104.22,104.31,104.19,104.29,75
1789552080,104.29,104.29,104.17,104.24,71
1789552140,104.23,104.23,104.16,104.18,91
1789552200,104.16,104.16,104.06,104.06,112
1789552260,104.07,104.08,104.01,104.05,125
1789552320,104.05,104.05,103.98,104.02,100
1789552380,104.01,104.06,104,104.03,99
1789552440,104.03,104.03,103.97,104.01,90
1789552500,104,104.1,104,104.09,100
1789552560,104.1,104.1,104.04,104.04,58
1789552620,104.05,104.09,103.97,103.99,108
1789552680,103.97,104.02,103.93,104.01,104
1789552740,104,104.14,104,104.14,94
1789552800,104.14,104.21,104.13,104.13,116
1789552860,104.13,104.13,104.02,104.05,52
1789552920,104.07,104.11,104.02,104.02,51
1789552980,104,104.01,103.93,103.98,34
1789553040,103.97,104.06,103.97,104.06,60
1789553100,104.06,104.06,103.88,103.92,80
1789553160,103.95,103.97,103.88,103.97,110
1789553220,103.98,104,103.77,103.81,181
1789553280,103.81,103.92,103.77,103.85,127
1789553340,103.85,103.86,103.79,103.85,102
1789553400,103.83,103.91,103.83,103.86,65
1789553460,103.86,103.87,103.72,103.77,274
1789553520,103.78,103.79,103.75,103.79,57
1789553580,103.78,103.8,103.74,103.74,61
1789553640,103.74,103.82,103.74,103.82,60
1789553700,103.81,103.84,103.67,103.73,185
1789553760,103.73,103.74,103.65,103.69,274
1789553820,103.69,103.76,103.64,103.71,216
1789553880,103.7,103.71,103.66,103.7,55
1789553940,103.72,103.74,103.66,103.67,194
1789554000,103.68,103.75,103.62,103.68,172
1789554060,103.67,103.67,103.58,103.62,173
1789554120,103.62,103.7,103.57,103.69,123
1789554180,103.68,103.83,103.68,103.83,173
1789554240,103.82,103.85,103.78,103.83,74
1789554300,103.83,103.86,103.81,103.82,57
1789554360,103.83,103.85,103.76,103.79,111
1789554420,103.8,103.91,103.77,103.9,107
1789554480,103.91,103.99,103.89,103.91,71
1789554540,103.92,103.92,103.86,103.88,49
1789554600,103.86,103.93,103.81,103.81,62
1789554660,103.82,103.84,103.76,103.8,88
1789554720,103.83,103.91,103.82,103.91,47
1789554780,103.91,103.98,103.9,103.9,74
1789554840,103.9,104.01,103.9,103.98,49
1789554900,104.01,104.03,103.98,104.01,81
1789554960,104.01,104.07,104,104.07,121
1789555020,104.04,104.07,103.99,104.01,99
1789555080,104,104,103.95,103.99,38
1789555140,103.99,104.01,103.89,103.92,77
1789555200,103.93,103.98,103.77,103.79,152
1789555260,103.79,103.8,103.72,103.72,77
1789555320,103.7,103.74,103.69,103.74,33
1789555380,103.72,103.72,103.58,103.62,211
1789555440,103.62,103.65,103.54,103.58,288
1789555500,103.58,103.63,103.57,103.61,101
1789555560,103.62,103.62,103.56,103.56,36
1789555620,103.58,103.67,103.58,103.64,144
1789555680,103.65,103.68,103.64,103.64,42
1789555740,103.64,103.66,103.63,103.64,25
1789555800,103.61,103.66,103.51,103.66,208
1789555860,103.64,103.71,103.64,103.67,113
1789555920,103.66,103.71,103.66,103.7,38
1789555980,103.72,103.75,103.69,103.73,67
1789556040,103.72,103.74,103.67,103.71,46
1789556100,103.74,103.75,103.69,103.69,29
1789556160,103.69,103.71,103.64,103.68,105
1789556220,103.69,103.71,103.66,103.7,32
1789556280,103.69,103.71,103.67,103.71,33
1789556340,103.72,103.78,103.26,103.26,641
1789556400,103.27,103.38,102.85,103.23,1738
1789556460,103.23,103.53,103.23,103.39,698
1789556520,103.4,103.48,103.32,103.34,464
1789556580,103.33,103.47,103.27,103.29,148
1789556640,103.32,103.35,103.25,103.32,77
1789556700,103.33,103.37,103.27,103.35,95
1789556760,103.35,103.43,103.33,103.42,86
1789556820,103.41,103.52,103.41,103.47,216
1789556880,103.46,103.54,103.38,103.48,224
1789556940,103.47,103.47,103.32,103.41,261
1789557000,103.41,103.45,103.39,103.42,60
1789557060,103.41,103.48,103.3,103.37,174
1789557120,103.38,103.42,103.35,103.35,61
1789557180,103.36,103.47,103.36,103.41,67
1789557240,103.42,103.44,103.41,103.44,43
1789557300,103.46,103.49,103.38,103.49,102
1789557360,103.48,103.5,103.41,103.42,51
1789557420,103.42,103.45,103.4,103.43,34
1789557480,103.42,103.44,103.4,103.41,30
1789557540,103.4,103.44,103.4,103.43,32
1789557600,103.42,103.43,103.29,103.31,95
1789557660,103.29,103.41,103.29,103.37,139
1789557720,103.36,103.39,103.32,103.38,88
1789557780,103.38,103.4,103.36,103.36,38
1789557840,103.37,103.4,103.35,103.39,49
1789557900,103.38,103.39,103.27,103.27,74
1789557960,103.28,103.29,103.15,103.18,164
1789558020,103.18,103.19,103.14,103.18,116
1789558080,103.18,103.27,103.18,103.23,118
1789558140,103.22,103.29,103.22,103.28,158
1789558200,103.27,103.3,103.18,103.3,151
1789558260,103.3,103.32,103.26,103.29,149
1789558320,103.3,103.33,103.29,103.29,34
1789558380,103.3,103.34,103.24,103.27,98
1789558440,103.28,103.31,103.23,103.27,176
1789558500,103.28,103.28,103.14,103.2,140
1789558560,103.21,103.21,103.11,103.12,106
1789558620,103.12,103.12,103,103.04,271
1789558680,103.03,103.09,103.01,103.05,150
1789558740,103.04,103.15,103.03,103.05,150
1789558800,103.06,103.42,103.06,103.33,1203
1789558860,103.31,103.37,103.17,103.34,221
1789558920,103.33,103.46,103.33,103.36,242
1789558980,103.36,103.39,103.31,103.31,84
1789559040,103.33,103.44,103.33,103.39,123
1789559100,103.37,103.44,103.31,103.44,117
1789559160,103.44,103.52,103.4,103.47,126
1789559220,103.48,103.48,103.4,103.48,152
1789559280,103.48,103.51,103.45,103.5,109
1789559340,103.5,103.51,103.42,103.42,68
1789559400,103.42,103.54,103.39,103.44,163
1789559460,103.44,103.45,103.42,103.43,118
1789559520,103.44,103.44,103.35,103.37,217
1789559580,103.38,103.43,103.36,103.4,55
1789559640,103.39,103.41,103.34,103.35,90
1789559700,103.34,103.34,103.24,103.25,257
1789559760,103.25,103.27,103.16,103.17,188
1789559820,103.16,103.24,103.14,103.22,76
1789559880,103.22,103.25,103.13,103.17,100
1789559940,103.17,103.2,103.1,103.18,79
1789560000,103.19,103.19,103.03,103.08,182
1789560060,103.1,103.12,102.97,103,200
1789560120,102.98,103.18,102.94,103.15,274
1789560180,103.14,103.19,103.07,103.17,151
1789560240,103.19,103.31,103.19,103.3,162
1789560300,103.29,103.43,103.29,103.42,250
1789560360,103.42,103.47,103.38,103.47,259
1789560420,103.46,103.52,103.41,103.5,151
1789560480,103.5,103.6,103.48,103.57,290
1789560540,103.56,103.63,103.55,103.56,199
1789560600,103.56,103.7,103.54,103.68,201
1789560660,103.69,103.84,103.61,103.8,368
1789560720,103.8,103.81,103.69,103.79,174
1789560780,103.79,103.88,103.78,103.86,248
1789560840,103.84,103.87,103.81,103.87,113
1789560900,103.87,103.93,103.84,103.9,198
1789560960,103.9,103.91,103.82,103.83,136
1789561020,103.83,103.92,103.79,103.88,349
1789561080,103.89,103.98,103.79,103.83,723
1789561140,103.82,103.86,103.78,103.81,161
1789561200,103.82,103.92,103.81,103.82,203
1789561260,103.82,103.82,103.7,103.73,194
1789561320,103.73,103.73,103.54,103.54,194
1789561380,103.54,103.6,103.54,103.56,129
1789561440,103.55,103.64,103.55,103.63,158
1789561500,103.64,103.64,103.57,103.63,137
1789561560,103.64,103.68,103.57,103.66,155
1789561620,103.64,103.67,103.54,103.6,329
1789561680,103.6,103.7,103.57,103.6,112
1789561740,103.62,103.73,103.62,103.66,160
1789561800,103.67,103.72,103.64,103.66,75
1789561860,103.68,103.69,103.64,103.69,38
1789561920,103.68,103.79,103.68,103.79,141
1789561980,103.77,103.79,103.72,103.72,65
1789562040,103.72,103.74,103.7,103.72,33
1789562100,103.72,103.78,103.7,103.72,140
1789562160,103.7,103.84,103.68,103.79,436
1789562220,103.78,103.9,103.75,103.9,125
1789562280,103.9,103.96,103.88,103.89,352
1789562340,103.9,103.91,103.77,103.82,305
1789562400,103.81,103.88,103.81,103.83,80
1789562460,103.83,103.87,103.8,103.85,83
1789562520,103.87,103.91,103.75,103.89,225
1789562580,103.92,103.99,103.9,103.98,310
1789562640,103.97,103.98,103.92,103.93,135
1789562700,103.94,103.99,103.9,103.92,113
1789562760,103.92,103.92,103.76,103.76,172
1789562820,103.75,103.82,103.73,103.74,87
1789562880,103.74,103.75,103.67,103.73,127
1789562940,103.72,103.77,103.65,103.66,208
1789563000,103.67,103.85,103.62,103.7,627
1789563060,103.7,103.81,103.7,103.78,174
1789563120,103.79,103.89,103.73,103.87,177
1789563180,103.86,104,103.86,103.95,312
1789563240,103.94,104.02,103.9,104,241
1789563300,104.01,104.12,104,104.03,972
1789563360,104.02,104.1,104.02,104.09,157
1789563420,104.08,104.14,104.06,104.12,319
1789563480,104.13,104.21,104.12,104.18,394
1789563540,104.19,104.22,104,104.09,505
1789563600,104.1,104.12,103.73,103.97,1092
1789563660,103.96,103.98,103.88,103.96,373
1789563720,103.96,103.98,103.9,103.93,261
1789563780,103.93,103.96,103.81,103.95,247
1789563840,103.95,104.07,103.93,104.07,241
1789563900,104.06,104.07,103.99,104.05,207
1789563960,104.04,104.1,103.92,103.92,266
1789564020,103.93,103.95,103.8,103.82,247
1789564080,103.82,103.88,103.8,103.81,222
1789564140,103.79,103.86,103.79,103.84,165
1789564200,103.83,103.88,103.79,103.81,298
1789564260,103.81,103.86,103.74,103.84,350
1789564320,103.82,103.86,103.7,103.73,322
1789564380,103.73,103.82,103.58,103.63,432
1789564440,103.63,103.67,103.58,103.67,179
1789564500,103.67,103.77,103.65,103.71,223
1789564560,103.71,103.74,103.67,103.72,150
1789564620,103.71,103.72,103.59,103.67,189
1789564680,103.67,103.81,103.66,103.81,260
1789564740,103.81,103.93,103.81,103.83,262
1789564800,103.84,104.03,103.81,104.01,230
1789564860,104,104.07,103.97,104.07,158
1789564920,104.08,104.12,104.01,104.04,180
1789564980,104.03,104.03,103.94,103.99,142
1789565040,103.99,104.06,103.96,104.04,293
1789565100,104.03,104.08,103.97,104.03,185
1789565160,104.03,104.1,104.03,104.07,151
1789565220,104.06,104.08,104,104.06,149
1789565280,104.05,104.05,103.93,104,114
1789565340,103.99,104.06,103.99,104.06,90
1789565400,104.06,104.06,103.88,103.89,204
1789565460,103.88,103.91,103.86,103.88,226
1789565520,103.87,103.9,103.85,103.87,107
1789565580,103.87,103.87,103.79,103.81,123
1789565640,103.82,103.82,103.71,103.73,331
1789565700,103.72,103.75,103.69,103.69,117
1789565760,103.69,103.79,103.64,103.73,244
1789565820,103.72,103.77,103.68,103.68,230
1789565880,103.68,103.7,103.58,103.59,221
1789565940,103.59,103.63,103.52,103.53,288
1789566000,103.53,103.63,103.53,103.57,206
1789566060,103.57,103.59,103.5,103.52,189
1789566120,103.52,103.56,103.44,103.56,312
1789566180,103.54,103.55,103.44,103.5,263
1789566240,103.5,103.6,103.5,103.59,190
1789566300,103.61,103.66,103.59,103.66,209
1789566360,103.65,103.67,103.59,103.59,133
1789566420,103.6,103.63,103.52,103.54,134
1789566480,103.54,103.61,103.54,103.59,82
1789566540,103.61,103.7,103.61,103.64,121
1789566600,103.62,103.64,103.55,103.61,97
1789566660,103.61,103.65,103.59,103.59,47
1789566720,103.6,103.6,103.5,103.5,207
1789566780,103.49,103.49,103.2,103.23,769
1789566840,103.23,103.27,103.15,103.25,545
1789566900,103.25,103.37,103.21,103.32,284
1789566960,103.31,103.43,103.3,103.35,268
1789567020,103.35,103.4,103.28,103.35,164
1789567080,103.36,103.44,103.32,103.44,103
1789567140,103.42,103.42,103.35,103.4,120
1789567200,103.37,103.39,103.2,103.24,304
1789567260,103.24,103.3,103.19,103.28,347
1789567320,103.28,103.58,103.27,103.57,485
1789567380,103.55,103.79,103.55,103.74,464
1789567440,103.74,103.91,103.69,103.81,747
1789567500,103.81,103.81,103.71,103.74,255
1789567560,103.76,103.78,103.64,103.67,181
1789567620,103.67,103.78,103.67,103.68,135
1789567680,103.69,103.76,103.64,103.74,140
1789567740,103.73,103.84,103.73,103.82,171
1789567800,103.82,103.95,103.82,103.91,312
1789567860,103.91,103.93,103.75,103.78,597
1789567920,103.78,103.82,103.75,103.79,256
1789567980,103.81,103.89,103.72,103.76,203
1789568040,103.76,103.76,103.61,103.64,193
1789568100,103.64,103.64,103.48,103.5,251
1789568160,103.5,103.54,103.29,103.34,330
1789568220,103.35,103.41,103.33,103.38,136
1789568280,103.39,103.41,103.34,103.39,159
1789568340,103.38,103.39,103.35,103.37,114
1789568400,103.36,103.41,103.28,103.3,188
1789568460,103.31,103.32,103.14,103.17,229
1789568520,103.17,103.22,103.11,103.13,231
1789568580,103.14,103.24,103.11,103.21,143
1789568640,103.2,103.21,103.12,103.19,184
1789568700,103.18,103.19,103.13,103.18,128
1789568760,103.17,103.2,103.09,103.16,267
1789568820,103.15,103.29,103.14,103.24,323
1789568880,103.23,103.31,103.23,103.31,263
1789568940,103.32,103.33,103.24,103.27,101
1789569000,103.28,103.45,103.28,103.41,384
1789569060,103.42,103.56,103.4,103.56,380
1789569120,103.56,103.58,103.38,103.38,335
1789569180,103.39,103.43,103.28,103.36,311
1789569240,103.34,103.34,103.26,103.31,142
1789569300,103.3,103.33,103.23,103.3,182
1789569360,103.3,103.3,103.19,103.25,172
1789569420,103.26,103.29,103.01,103.02,521
1789569480,103.03,103.27,102.96,103.15,491
1789569540,103.15,103.26,103.12,103.21,649
1789569600,103.2,103.21,102.98,103.06,367
1789569660,103.04,103.12,102.97,103.12,402
1789569720,103.1,103.14,103.01,103.06,187
1789569780,103.06,103.11,103.03,103.08,174
1789569840,103.07,103.11,102.86,102.91,487
1789569900,102.91,102.91,102.77,102.77,607
1789569960,102.77,102.79,102.69,102.78,539
1789570020,102.8,102.93,102.76,102.77,757
1789570080,102.77,102.82,102.72,102.76,402
1789570140,102.75,102.81,102.72,102.74,393
1789570200,102.74,102.8,102.69,102.71,379
1789570260,102.72,102.82,102.7,102.82,347
1789570320,102.81,102.86,102.75,102.78,327
1789570380,102.8,102.95,102.76,102.92,595
1789570440,102.92,103.01,102.9,103,279
1789570500,102.98,103.02,102.89,102.99,252
1789570560,102.99,103.04,102.82,102.85,195
1789570620,102.83,102.83,102.68,102.68,307
1789570680,102.68,102.71,102.5,102.5,818
1789570740,102.49,102.49,102.23,102.24,1277
1789570800,102.24,102.28,102.09,102.16,1031
1789570860,102.16,102.22,101.95,102.2,1030
1789570920,102.2,102.2,102.05,102.13,542
1789570980,102.13,102.13,101.87,101.92,826
1789571040,101.92,101.96,101.78,101.91,1613
1789571100,101.9,102.1,101.83,102,712
1789571160,101.99,101.99,101.74,101.74,714
1789571220,101.73,101.76,101.29,101.74,2308
1789571280,101.74,101.87,101.56,101.68,1123
1789571340,101.69,101.85,101.36,101.5,1444
1789571400,101.49,101.61,101.44,101.53,1100
1789571460,101.53,101.54,101.17,101.44,1501
1789571520,101.43,101.47,101.21,101.31,827
1789571580,101.31,101.36,101.23,101.27,550
1789571640,101.29,101.3,101.1,101.18,956
1789571700,101.16,101.46,101.12,101.41,850
1789571760,101.41,101.63,101.4,101.59,1587
1789571820,101.58,101.59,101.35,101.51,669
1789571880,101.5,101.54,101.43,101.46,426
1789571940,101.45,101.52,101.41,101.46,503
1789572000,101.46,101.59,101.44,101.53,443
1789572060,101.51,101.51,101.34,101.42,366
1789572120,101.41,101.61,101.36,101.56,486
1789572180,101.57,101.75,101.56,101.72,737
1789572240,101.71,101.76,101.63,101.67,459
1789572300,101.67,101.75,101.63,101.75,263
1789572360,101.74,101.85,101.7,101.81,758
1789572420,101.81,101.82,101.68,101.73,428
1789572480,101.73,101.85,101.7,101.82,345
1789572540,101.82,101.88,101.74,101.83,782
1789572600,101.83,101.86,101.72,101.78,686
1789572660,101.78,102,101.77,102,480
1789572720,102,102.13,101.97,102.12,664
1789572780,102.12,102.26,102.1,102.24,806
1789572840,102.23,102.38,102.23,102.36,829
1789572900,102.34,102.49,102.28,102.29,733
1789572960,102.29,102.33,102.16,102.26,767
1789573020,102.25,102.33,102.16,102.29,324
1789573080,102.27,102.28,102.14,102.19,265
1789573140,102.19,102.25,102.15,102.24,294
1789573200,102.22,102.26,102.14,102.2,180
1789573260,102.2,102.31,102.18,102.3,172
1789573320,102.29,102.43,102.29,102.38,330
1789573380,102.37,102.47,102.34,102.46,328
1789573440,102.45,102.47,102.37,102.38,223
1789573500,102.38,102.54,102.38,102.54,349
1789573560,102.53,102.68,102.51,102.65,436
1789573620,102.64,102.66,100.97,101.66,3912
1789573680,101.68,101.79,101.39,101.71,1672
1789573740,101.71,101.98,101.54,101.93,1140
1789573800,101.9,102.04,101.8,101.98,590
1789573860,102.02,102.08,101.96,102.07,282
1789573920,102.07,102.08,101.94,101.98,435
1789573980,101.97,102,101.88,101.96,426
1789574040,101.96,102.07,101.89,101.98,371
1789574100,102,102.06,101.91,101.94,262
1789574160,101.95,102.08,101.94,101.96,319
1789574220,101.97,102.08,101.93,102.04,205
1789574280,102.04,102.08,101.97,102,202
1789574340,102,102.06,101.92,102,433
1789574400,101.98,102.12,101.9,101.98,387
1789574460,101.98,102.1,101.98,102.08,144
1789574520,102.09,102.34,102.08,102.31,495
1789574580,102.32,102.49,102.29,102.41,616
1789574640,102.43,102.44,102.22,102.34,236
1789574700,102.35,102.4,102.29,102.36,178
1789574760,102.39,102.42,102.28,102.35,231
1789574820,102.36,102.39,102.31,102.31,106
1789574880,102.33,102.4,102.28,102.29,191
1789574940,102.32,102.38,102.29,102.33,108
1789575000,102.31,102.34,102.25,102.25,165
1789575060,102.26,102.29,102.18,102.28,297
1789575120,102.29,102.38,102.29,102.38,107
1789575180,102.38,102.5,102.36,102.41,213
1789575240,102.42,102.45,102.25,102.25,142
1789575300,102.25,102.26,102.16,102.24,119
1789575360,102.26,102.38,102.25,102.37,162
1789575420,102.38,102.41,102.31,102.37,156
1789575480,102.37,102.4,102.32,102.35,181
1789575540,102.33,102.45,102.33,102.45,100
1789575600,102.44,102.54,102.41,102.42,263
1789575660,102.43,102.44,102.37,102.41,118
1789575720,102.4,102.51,102.39,102.49,140
1789575780,102.48,102.5,102.43,102.44,53
1789575840,102.45,102.54,102.41,102.45,238
1789575900,102.45,102.57,102.45,102.5,276
1789575960,102.48,102.52,102.45,102.46,127
1789576020,102.45,102.54,102.45,102.47,156
1789576080,102.48,102.56,102.47,102.54,131
1789576140,102.55,102.59,102.5,102.52,97
1789576200,102.53,102.55,102.42,102.47,221
1789576260,102.48,102.54,102.47,102.52,181
1789576320,102.53,102.57,102.48,102.54,96
1789576380,102.52,102.58,102.51,102.51,89
1789576440,102.53,102.54,102.49,102.53,167
1789576500,102.56,102.61,102.51,102.56,171
1789576560,102.56,102.64,102.54,102.63,214
1789576620,102.63,102.64,102.56,102.62,200
1789576680,102.62,102.63,102.58,102.62,110
1789576740,102.62,102.63,102.57,102.57,133
1789576800,102.59,102.66,102.55,102.61,197
1789576860,102.62,102.64,102.5,102.52,104
1789576920,102.52,102.64,102.51,102.62,241
1789576980,102.63,102.69,102.63,102.69,128
1789577040,102.68,102.72,102.59,102.62,178
1789577100,102.63,102.64,102.51,102.56,199
1789577160,102.57,102.63,102.55,102.6,164
1789577220,102.61,102.66,102.58,102.6,138
1789577280,102.61,102.65,102.59,102.64,108
1789577340,102.64,102.66,102.55,102.58,111
1789577400,102.6,102.6,102.5,102.5,214
1789577460,102.51,102.54,102.46,102.48,204
1789577520,102.5,102.58,102.5,102.55,142
1789577580,102.56,102.65,102.53,102.63,130
1789577640,102.64,102.69,102.64,102.69,110
1789577700,102.67,102.7,102.63,102.68,136
1789577760,102.68,102.69,102.65,102.66,91
1789577820,102.65,102.65,102.58,102.59,108
1789577880,102.6,102.6,102.54,102.54,141
1789577940,102.54,102.65,102.53,102.59,125
1789578000,102.59,102.62,102.47,102.53,165
1789578060,102.53,102.54,102.46,102.48,158
1789578120,102.48,102.58,102.45,102.56,168
1789578180,102.54,102.57,102.5,102.54,74
1789578240,102.53,102.54,102.41,102.41,178
1789578300,102.42,102.52,102.41,102.52,137
1789578360,102.53,102.53,102.45,102.49,91
1789578420,102.5,102.64,102.5,102.61,224
1789578480,102.61,102.63,102.56,102.56,86
1789578540,102.54,102.56,102.5,102.53,92
1789578600,102.53,102.64,102.5,102.57,174
1789578660,102.56,102.56,102.51,102.56,168
1789578720,102.56,102.58,102.51,102.55,151
1789578780,102.56,102.57,102.49,102.51,136
1789578840,102.51,102.6,102.46,102.6,172
1789578900,102.6,102.77,102.6,102.75,228
1789578960,102.76,102.8,102.65,102.69,208
1789579020,102.69,102.75,102.68,102.72,231
1789579080,102.72,102.72,102.62,102.63,129
1789579140,102.64,102.72,102.64,102.72,88
1789579200,102.71,102.73,102.64,102.66,68
1789579260,102.66,102.68,102.56,102.57,113
1789579320,102.58,102.64,102.57,102.64,41
1789579380,102.63,102.65,102.6,102.63,58
1789579440,102.62,102.67,102.6,102.64,84
1789579500,102.64,102.65,102.53,102.57,119
1789579560,102.58,102.6,102.55,102.58,100
1789579620,102.56,102.58,102.53,102.54,118
1789579680,102.53,102.58,102.51,102.58,138
1789579740,102.57,102.58,102.48,102.48,140
1789579800,102.46,102.47,102.3,102.33,318
1789579860,102.33,102.5,102.33,102.43,269
1789579920,102.44,102.48,102.43,102.48,162
1789579980,102.48,102.6,102.48,102.56,247
1789580040,102.56,102.56,102.43,102.45,170
1789580100,102.45,102.47,102.41,102.47,79
1789580160,102.49,102.49,102.36,102.36,125
1789580220,102.37,102.4,102.33,102.34,150
1789580280,102.35,102.38,102.32,102.34,153
1789580340,102.36,102.44,102.36,102.44,94
1789580400,102.43,102.43,102.37,102.41,45
1789580460,102.39,102.43,102.37,102.37,134
1789580520,102.36,102.56,102.36,102.52,185
1789580580,102.51,102.53,102.49,102.53,73
1789580640,102.52,102.56,102.49,102.5,198
1789580700,102.5,102.53,102.41,102.46,257
1789580760,102.48,102.48,102.39,102.4,99
1789580820,102.39,102.44,102.27,102.33,205
1789580880,102.33,102.38,102.32,102.37,182
1789580940,102.36,102.46,102.36,102.43,65
1789581000,102.39,102.44,102.38,102.42,95
1789581060,102.41,102.44,102.29,102.33,278
1789581120,102.32,102.35,102.27,102.29,147
1789581180,102.29,102.33,102.26,102.32,110
1789581240,102.32,102.32,102.25,102.3,118
1789581300,102.3,102.32,102.26,102.26,111
1789581360,102.28,102.38,102.28,102.36,149
1789581420,102.37,102.4,102.33,102.35,153
1789581480,102.33,102.34,102.25,102.29,176
1789581540,102.29,102.35,102.27,102.29,208
1789581600,102.29,102.48,102.07,102.28,593
1789581660,102.26,102.29,102.11,102.26,306
1789581720,102.25,102.35,102.22,102.27,220
1789581780,102.27,102.32,102.24,102.29,105
1789581840,102.29,102.3,102.17,102.29,270
1789581900,102.29,102.31,102.16,102.3,195
1789581960,102.28,102.39,102.25,102.3,166
1789582020,102.32,102.36,102.28,102.28,89
1789582080,102.27,102.3,102.21,102.22,157
1789582140,102.24,102.48,102.23,102.47,261
1789582200,102.46,102.46,102.38,102.44,170
1789582260,102.45,102.54,102.41,102.44,265
1789582320,102.43,102.52,102.41,102.41,132
1789582380,102.43,102.46,102.42,102.45,67
1789582440,102.45,102.46,102.41,102.43,87
1789582500,102.42,102.42,102.29,102.31,208
1789582560,102.29,102.31,102.21,102.29,343
1789582620,102.27,102.32,102.26,102.31,89
1789582680,102.3,102.3,102.22,102.22,99
1789582740,102.23,102.28,102.11,102.16,418
1789582800,102.15,102.34,102.15,102.23,370
1789582860,102.25,102.3,102.17,102.24,303
1789582920,102.23,102.26,102.18,102.22,202
1789582980,102.22,102.24,102.07,102.13,376
1789583040,102.13,102.24,102.13,102.2,272
1789583100,102.19,102.23,102.11,102.18,229
1789583160,102.16,102.34,102.05,102.3,316
1789583220,102.31,102.44,102.28,102.43,666
1789583280,102.42,102.48,102.34,102.42,1731
1789583340,102.42,102.45,102.4,102.41,1686
1789583400,102.41,102.49,102.38,102.49,485
1789583460,102.49,102.52,102.46,102.48,153
1789583520,102.48,102.71,102.48,102.69,507
1789583580,102.68,102.73,102.58,102.67,313
1789583640,102.66,102.76,102.66,102.73,287
1789583700,102.74,102.84,102.66,102.82,318
1789583760,102.82,102.85,102.75,102.75,281
1789583820,102.75,102.75,102.56,102.6,206
1789583880,102.6,102.63,102.52,102.6,130
1789583940,102.58,102.59,102.35,102.42,263
1789584000,102.44,102.45,102.37,102.4,71
1789584060,102.4,102.44,102.37,102.43,63
1789584120,102.41,102.42,102.34,102.37,72
1789584180,102.36,102.38,102.32,102.36,129
1789584240,102.36,102.37,102.32,102.34,170
1789584300,102.34,102.39,102.28,102.39,262
1789584360,102.39,102.39,102.32,102.32,66
1789584420,102.32,102.36,102.32,102.32,55
1789584480,102.31,102.39,102.31,102.38,31
1789584540,102.36,102.36,102.27,102.28,102
1789584600,102.28,102.3,102.26,102.27,41
1789584660,102.26,102.29,102.22,102.27,84
1789584720,102.27,102.34,102.26,102.3,73
1789584780,102.3,102.44,102.27,102.43,153
1789584840,102.41,102.44,102.39,102.41,55
1789584900,102.42,102.42,102.38,102.38,62
1789584960,102.39,102.52,102.36,102.49,128
1789585020,102.46,102.49,102.43,102.45,42
1789585080,102.45,102.64,102.44,102.62,177
1789585140,102.62,102.74,102.62,102.62,196
1789585200,102.62,102.87,102.61,102.8,263
1789585260,102.82,102.82,102.7,102.72,114
1789585320,102.72,102.72,102.64,102.65,58
1789585380,102.63,102.64,102.49,102.5,212
1789585440,102.5,102.54,102.49,102.53,24
1789585500,102.53,102.59,102.51,102.54,52
1789585560,102.55,102.58,102.5,102.57,89
1789585620,102.57,102.63,102.54,102.56,140
1789585680,102.55,102.55,102.5,102.51,44
1789585740,102.5,102.54,102.47,102.48,21
1789585800,102.48,102.58,102.48,102.52,106
1789585860,102.53,102.63,102.53,102.58,86
1789585920,102.58,102.6,102.48,102.48,118
1789585980,102.48,102.53,102.47,102.53,99
1789586040,102.53,102.56,102.47,102.47,39
1789586100,102.46,102.47,102.39,102.39,135
1789586160,102.37,102.38,102.28,102.37,109
1789586220,102.38,102.42,102.37,102.42,13
1789586280,102.41,102.47,102.4,102.4,42
1789586340,102.4,102.45,102.4,102.42,50
1789586400,102.41,102.41,102.32,102.32,42
1789586460,102.31,102.31,102.23,102.23,98
1789586520,102.24,102.29,102.22,102.27,74
1789586580,102.25,102.32,102.24,102.31,71
1789586640,102.31,102.33,102.26,102.29,27
1789586700,102.29,102.29,102.21,102.23,68
1789586760,102.2,102.22,102.11,102.14,81
1789586820,102.14,102.17,102.08,102.11,83
1789586880,102.12,102.22,102.12,102.2,47
1789586940,102.2,102.26,102.18,102.18,63
1789587000,102.2,102.22,102.17,102.2,65
1789587060,102.2,102.21,102.14,102.17,60
1789587120,102.18,102.18,102.15,102.15,18
1789587180,102.17,102.2,102.15,102.16,46
1789587240,102.15,102.18,102.12,102.17,48
1789587300,102.16,102.16,101.91,101.91,178
1789587360,101.91,101.92,101.78,101.83,181
1789587420,101.82,101.82,101.77,101.81,109
1789587480,101.81,101.83,101.72,101.77,190
1789587540,101.76,101.88,101.76,101.85,81
1789587600,101.86,101.91,101.8,101.82,88
1789587660,101.8,101.89,101.8,101.83,115
1789587720,101.85,101.93,101.84,101.9,92
1789587780,101.9,101.94,101.83,101.84,97
1789587840,101.84,101.87,101.76,101.83,104
1789587900,101.84,102.01,101.84,101.95,126
1789587960,101.96,101.97,101.92,101.93,37
1789588020,101.96,102.08,101.96,102.03,128
1789588080,102.04,102.06,101.99,101.99,32
1789588140,101.99,102,101.96,101.97,22
1789588200,101.96,101.96,101.85,101.85,105
1789588260,101.84,101.91,101.84,101.88,103
1789588320,101.87,101.9,101.83,101.9,66
1789588380,101.89,101.97,101.87,101.91,183
1789588440,101.89,101.93,101.81,101.91,151
1789588500,101.89,101.93,101.87,101.9,39
1789588560,101.89,101.94,101.84,101.94,62
1789588620,101.94,101.98,101.92,101.98,82
1789588680,101.96,102.01,101.95,101.99,96
1789588740,101.97,102.06,101.97,102.04,183
1789588800,102.01,102.18,102.01,102.18,97
1789588860,102.15,102.29,102.14,102.26,154
1789588920,102.25,102.29,102.25,102.26,36
1789588980,102.25,102.3,102.25,102.28,48
1789589040,102.29,102.3,102.2,102.22,90
1789589100,102.2,102.2,102.13,102.13,19
1789589160,102.12,102.15,102.09,102.1,30
1789589220,102.1,102.13,102.07,102.09,32
1789589280,102.09,102.09,102.01,102.03,19
1789589340,102.03,102.09,102.02,102.07,42
1789589400,102.08,102.11,102.01,102.05,58
1789589460,102.05,102.06,101.97,102.06,57
1789589520,102.07,102.07,102.01,102.05,17
1789589580,102.09,102.1,102.08,102.08,19
1789589640,102.07,102.11,102.07,102.11,25
1789589700,102.11,102.17,102.1,102.16,38
1789589760,102.14,102.16,102.13,102.14,11
1789589820,102.15,102.17,102.09,102.09,62
1789589880,102.11,102.11,102.05,102.05,20
1789589940,102.05,102.09,102.03,102.09,15
1789590000,102.09,102.13,102.09,102.1,30
1789590060,102.1,102.11,102.08,102.08,19
1789590120,102.11,102.15,102.11,102.13,18
1789590180,102.15,102.15,102.12,102.12,12
1789590240,102.1,102.1,102.1,102.1,1
1789590300,102.1,102.16,102.09,102.16,14
1789590360,102.17,102.18,102.12,102.13,28
1789590420,102.12,102.14,102.12,102.12,12
1789590480,102.11,102.13,102.1,102.1,12
1789590540,102.09,102.09,102.06,102.09,66
1789590600,102.09,102.11,102.07,102.07,10
1789590660,102.07,102.16,102.07,102.16,17
1789590720,102.18,102.25,102.18,102.22,36
1789590780,102.21,102.22,102.19,102.22,6
1789590840,102.16,102.21,102.16,102.18,22
1789590900,102.17,102.17,102.14,102.15,19
1789590960,102.14,102.18,102.14,102.17,13
1789591020,102.18,102.18,101.99,101.99,50
1789591080,102.02,102.11,102.02,102.11,21
1789591140,102.12,102.13,102.12,102.13,4
1789591200,102.11,102.13,102.1,102.11,38
1789591260,102.11,102.11,102.09,102.1,14
1789591320,102.11,102.15,102.11,102.15,5
1789591380,102.13,102.15,102.13,102.15,8
1789591440,102.13,102.13,102.12,102.12,5
1789591500,102.12,102.16,102.11,102.13,30
1789591560,102.14,102.15,102.12,102.14,23
1789591620,102.16,102.16,102.13,102.15,26
1789591680,102.15,102.15,102.12,102.12,10
1789591740,102.12,102.16,102.11,102.13,17
1789591800,102.13,102.13,102,102.03,76
1789591860,102.04,102.04,102.03,102.04,9
1789591920,102.06,102.19,102.06,102.15,57
1789591980,102.14,102.16,102.12,102.13,12
1789592040,102.12,102.12,102.03,102.04,99
1789592100,102.07,102.1,102.05,102.09,65
1789592160,102.07,102.1,102.04,102.08,42
1789592220,102.08,102.09,102.01,102.01,67
1789592280,102.04,102.08,102.01,102.01,112
1789592340,102.01,102.04,101.98,102.02,187
1789596000,102.18,102.24,101.87,101.94,94
1789596060,101.96,102.02,101.93,102.02,16
1789596120,102.03,102.03,102,102,5
1789596180,102.04,102.13,102.04,102.1,32
1789596240,102.12,102.19,102.05,102.16,53
1789596300,102.16,102.16,102.12,102.15,11
1789596360,102.07,102.07,102.06,102.06,2
1789596420,102.05,102.06,102.03,102.03,5
1789596480,102.03,102.04,102.03,102.04,4
1789596540,102.04,102.06,102.04,102.06,3
1789596600,102.05,102.09,102.05,102.09,3
1789596660,102.07,102.07,101.97,101.97,63
1789596720,101.98,102.02,101.96,102.02,14
1789596780,102.03,102.03,101.98,101.98,2
1789596840,101.97,101.97,101.95,101.95,4
1789596900,101.96,101.96,101.96,101.96,1
1789596960,101.99,101.99,101.95,101.95,5
1789597020,101.96,101.96,101.92,101.92,8
1789597080,101.94,101.97,101.91,101.97,9
1789597140,101.94,101.96,101.94,101.95,3
1789597260,101.94,101.95,101.92,101.92,13
1789597380,101.92,101.94,101.92,101.94,4
1789597440,101.94,101.94,101.93,101.93,2
1789597500,101.94,101.94,101.94,101.94,1
1789597560,101.94,101.94,101.93,101.93,9
1789597620,101.93,101.93,101.93,101.93,1
1789597680,101.94,101.94,101.91,101.91,10
1789597800,101.92,101.93,101.92,101.93,3
1789597860,101.92,101.92,101.92,101.92,1
1789597980,101.93,101.95,101.92,101.95,12
1789598040,101.97,101.97,101.97,101.97,1
1789598100,101.97,101.99,101.95,101.95,21
1789598160,101.95,101.95,101.95,101.95,1
1789598220,101.97,101.97,101.97,101.97,5
1789598280,101.96,101.96,101.96,101.96,2
1789598340,101.97,101.97,101.97,101.97,1
1789598400,101.96,101.97,101.96,101.97,5
1789598460,101.98,101.98,101.98,101.98,2
1789598520,101.96,101.97,101.96,101.97,3
1789598580,101.96,101.96,101.95,101.95,3
1789598640,101.95,101.95,101.95,101.95,1
1789598760,101.97,101.97,101.97,101.97,3
1789598820,101.98,101.98,101.97,101.97,3
1789598880,101.97,101.97,101.97,101.97,3
1789598940,101.97,101.97,101.96,101.96,2
1789599000,101.97,101.97,101.97,101.97,1
1789599060,101.96,101.96,101.96,101.96,1
1789599120,101.96,101.96,101.96,101.96,3
1789599180,101.95,101.95,101.95,101.95,17
1789599240,101.96,101.96,101.95,101.95,3
1789599300,101.94,101.94,101.94,101.94,1
1789599360,101.96,101.98,101.96,101.98,8
1789599420,101.99,102.03,101.98,102.03,22
1789599480,102.03,102.04,102.03,102.04,5
1789599600,102.02,102.03,102.01,102.03,9
1789599660,102.03,102.03,102,102.01,59
1789599720,102.01,102.01,102.01,102.01,1
1789599780,102.01,102.01,102.01,102.01,1
1789599840,102.01,102.02,102.01,102.01,5
1789599900,102.01,102.02,102,102.02,15
1789599960,102.03,102.04,102.02,102.04,11
1789600020,102.04,102.04,102.03,102.03,2
1789600080,102.03,102.03,102.02,102.02,5
1789600140,102.02,102.02,102.02,102.02,1
1789600200,102.01,102.02,102.01,102.02,3
1789600260,102.01,102.01,102,102,6
1789600320,102.01,102.01,102.01,102.01,1
1789600380,102,102,102,102,4
1789600440,102.01,102.01,102.01,102.01,3
1789600500,102.02,102.02,102.02,102.02,1
1789600560,102.02,102.03,102.02,102.03,4
1789600620,102.01,102.01,102,102.01,4
1789600680,101.99,102.01,101.99,102,59
1789600740,102.01,102.01,102.01,102.01,1
1789600800,101.99,102,101.99,102,25
1789600860,101.99,102,101.99,101.99,8
1789600920,101.99,101.99,101.99,101.99,5
1789601100,102,102,102,102,1
1789601340,101.99,101.99,101.99,101.99,1
1789601400,102,102.01,101.98,101.98,104
1789601460,101.98,101.99,101.98,101.99,32
1789601520,101.98,101.98,101.98,101.98,2
1789601580,101.98,101.99,101.97,101.97,84
1789601640,101.96,101.96,101.93,101.94,47
1789601700,101.94,101.94,101.93,101.93,41
1789601760,101.93,101.94,101.91,101.92,35
1789601820,101.92,101.92,101.9,101.9,42
1789601880,101.89,101.95,101.89,101.95,35
1789601940,101.95,101.96,101.94,101.94,11
1789602000,101.94,101.95,101.38,101.4,1116
1789602060,101.46,101.73,101.45,101.67,88
1789602120,101.7,101.8,101.68,101.8,46
1789602180,101.78,101.78,101.71,101.72,48
1789602240,101.71,101.72,101.6,101.62,42
1789602300,101.61,101.63,101.51,101.58,48
1789602360,101.56,101.66,101.56,101.6,37
1789602420,101.61,101.69,101.6,101.62,39
1789602480,101.64,101.64,101.54,101.57,58
1789602540,101.57,101.69,101.55,101.69,64
1789602600,101.65,101.73,101.64,101.7,16
1789602660,101.7,101.73,101.7,101.72,10
1789602720,101.73,101.74,101.72,101.74,7
1789602780,101.75,101.76,101.75,101.76,6
1789602840,101.75,101.77,101.75,101.77,6
1789602900,101.77,101.77,101.74,101.74,11
1789602960,101.73,101.73,101.7,101.7,16
1789603020,101.68,101.69,101.66,101.68,9
1789603080,101.68,101.7,101.68,101.7,10
1789603140,101.72,101.81,101.72,101.77,29
1789603200,101.76,101.79,101.57,101.61,165
1789603260,101.6,101.65,101.53,101.58,98
1789603320,101.58,101.61,101.53,101.55,35
1789603380,101.56,101.57,101.54,101.55,5
1789603440,101.54,101.58,101.51,101.55,84
1789603500,101.57,101.62,101.47,101.47,62
1789603560,101.45,101.5,101.36,101.45,83
1789603620,101.44,101.46,101.43,101.46,11
1789603680,101.5,101.59,101.48,101.52,34
1789603740,101.52,101.54,101.47,101.49,35
1789603800,101.53,101.57,101.43,101.49,93
1789603860,101.48,101.53,101.44,101.49,36
1789603920,101.5,101.56,101.5,101.55,31
1789603980,101.56,101.57,101.53,101.56,16
1789604040,101.55,101.58,101.55,101.56,13
1789604100,101.57,101.57,101.49,101.54,40
1789604160,101.54,101.6,101.54,101.57,18
1789604220,101.59,101.65,101.58,101.58,39
1789604280,101.58,101.58,101.56,101.57,17
1789604340,101.55,101.57,101.55,101.56,12
1789604400,101.57,101.57,101.49,101.54,23
1789604460,101.53,101.53,101.48,101.52,24
1789604520,101.55,101.56,101.53,101.55,46
1789604580,101.56,101.56,101.53,101.53,17
1789604640,101.59,101.6,101.55,101.55,7
1789604700,101.55,101.56,101.5,101.54,29
1789604760,101.53,101.54,101.45,101.52,78
1789604820,101.51,101.51,101.46,101.49,33
1789604880,101.49,101.57,101.49,101.5,38
1789604940,101.51,101.51,101.47,101.47,10
1789605000,101.48,101.5,101.46,101.48,42
1789605060,101.46,101.48,101.45,101.45,20
1789605120,101.45,101.49,101.44,101.44,99
1789605180,101.44,101.44,101.39,101.4,33
1789605240,101.4,101.45,101.39,101.45,21
1789605300,101.44,101.44,101.43,101.43,14
1789605360,101.42,101.45,101.41,101.41,32
1789605420,101.4,101.4,101.36,101.36,22
1789605480,101.37,101.39,101.35,101.38,34
1789605540,101.38,101.39,101.37,101.38,16
1789605600,101.37,101.37,101.33,101.33,15
1789605660,101.35,101.4,101.33,101.38,34
1789605720,101.39,101.39,101.26,101.27,105
1789605780,101.28,101.39,101.25,101.31,49
1789605840,101.31,101.34,101.29,101.32,50
1789605900,101.3,101.33,101.3,101.31,19
1789605960,101.33,101.41,101.32,101.37,45
1789606020,101.36,101.38,101.28,101.28,62
1789606080,101.28,101.33,101.27,101.29,56
1789606140,101.3,101.32,101.24,101.27,82
1789606200,101.27,101.32,101.14,101.15,155
1789606260,101.17,101.18,101.07,101.12,175
1789606320,101.09,101.25,101.07,101.25,103
1789606380,101.24,101.3,101.18,101.24,105
1789606440,101.23,101.25,101.18,101.2,42
1789606500,101.2,101.27,101.15,101.26,73
1789606560,101.26,101.27,101.25,101.26,17
1789606620,101.24,101.29,101.18,101.19,32
1789606680,101.21,101.26,101.18,101.25,59
1789606740,101.24,101.31,101.16,101.31,39
1789606800,101.3,101.52,101.2,101.43,117
1789606860,101.43,101.45,101.32,101.37,79
1789606920,101.37,101.45,101.32,101.32,30
1789606980,101.35,101.4,101.29,101.32,34
1789607040,101.3,101.39,101.25,101.39,29
1789607100,101.39,101.39,101.3,101.33,73
1789607160,101.33,101.41,101.33,101.41,49
1789607220,101.41,101.43,101.35,101.39,32
1789607280,101.41,101.47,101.4,101.41,50
1789607340,101.41,101.61,101.39,101.6,89
1789607400,101.59,101.79,101.59,101.78,170
1789607460,101.76,101.87,101.74,101.79,110
1789607520,101.78,101.99,101.73,101.98,181
1789607580,101.99,102.09,101.95,102.01,165
1789607640,102.02,102.04,101.9,101.94,54
1789607700,101.96,101.97,101.86,101.95,66
1789607760,101.92,101.92,101.89,101.91,21
1789607820,101.91,101.93,101.81,101.84,30
1789607880,101.84,101.97,101.83,101.96,44
1789607940,101.97,102.11,101.95,102.09,73
1789608000,102.07,102.15,102.06,102.14,50
1789608060,102.12,102.14,102.09,102.13,24
1789608120,102.13,102.18,102.13,102.17,113
1789608180,102.18,102.19,102.12,102.16,114
1789608240,102.15,102.19,102.08,102.09,129
1789608300,102.09,102.12,102.04,102.06,60
1789608360,102.05,102.09,102.04,102.05,30
1789608420,102.05,102.06,102.01,102.02,40
1789608480,102.02,102.19,102.01,102.19,146
1789608540,102.18,102.22,102.16,102.17,103
1789608600,102.17,102.18,102.09,102.17,71
1789608660,102.17,102.26,102.17,102.24,173
1789608720,102.22,102.22,102.14,102.16,50
1789608780,102.18,102.2,102.16,102.2,29
1789608840,102.19,102.3,102.15,102.29,78
1789608900,102.3,102.31,102.18,102.22,102
1789608960,102.23,102.28,102.2,102.21,48
1789609020,102.21,102.24,102.21,102.22,34
1789609080,102.21,102.26,102.18,102.23,77
1789609140,102.23,102.27,102.18,102.26,65
1789609200,102.26,102.34,102.23,102.29,63
1789609260,102.25,102.32,102.23,102.28,30
1789609320,102.28,102.3,102.27,102.3,19
1789609380,102.29,102.32,102.25,102.31,43
1789609440,102.31,102.35,102.31,102.31,25
1789609500,102.32,102.34,102.18,102.19,65
1789609560,102.24,102.26,102.18,102.21,39
1789609620,102.21,102.25,102.2,102.21,33
1789609680,102.22,102.23,102.2,102.23,19
1789609740,102.22,102.24,102.19,102.22,23
1789609800,102.22,102.25,102.15,102.18,43
1789609860,102.17,102.21,102.13,102.21,28
1789609920,102.21,102.21,102.17,102.17,21
1789609980,102.19,102.2,102.16,102.18,26
1789610040,102.17,102.22,102.16,102.17,23
1789610100,102.18,102.22,102.14,102.22,15
1789610160,102.22,102.3,102.22,102.22,35
1789610220,102.22,102.26,102.22,102.25,33
1789610280,102.26,102.27,102.23,102.26,53
1789610340,102.25,102.28,102.22,102.24,45
1789610400,102.26,102.32,102.18,102.21,39
1789610460,102.22,102.23,102.2,102.2,6
1789610520,102.22,102.25,102.2,102.24,24
1789610580,102.24,102.24,102.2,102.22,16
1789610640,102.22,102.25,102.2,102.2,24
1789610700,102.2,102.22,102.16,102.19,37
1789610760,102.18,102.29,102.18,102.24,39
1789610820,102.3,102.31,102.27,102.29,21
1789610880,102.27,102.27,102.1,102.11,53
1789610940,102.08,102.13,102.08,102.1,28
1789611000,102.13,102.14,102.13,102.13,11
1789611060,102.11,102.26,102.11,102.22,44
1789611120,102.24,102.34,102.24,102.34,30
1789611180,102.32,102.37,102.3,102.33,90
1789611240,102.31,102.34,102.31,102.32,18
1789611300,102.27,102.27,102.24,102.25,15
1789611360,102.25,102.25,102.22,102.22,19
1789611420,102.22,102.22,102.22,102.22,4
1789611480,102.19,102.19,102.16,102.16,14
1789611540,102.17,102.22,102.17,102.18,17
1789611600,102.17,102.22,102.17,102.22,16
1789611660,102.23,102.24,102.23,102.24,8
1789611720,102.25,102.27,102.23,102.27,70
1789611780,102.25,102.25,102.19,102.2,14
1789611840,102.19,102.22,102.18,102.22,10
1789611900,102.2,102.2,102.16,102.16,25
1789611960,102.18,102.21,102.18,102.19,15
1789612020,102.18,102.21,102.18,102.21,24
1789612080,102.21,102.21,102.17,102.19,18
1789612140,102.2,102.2,102.16,102.16,6
1789612200,102.15,102.15,102.1,102.14,21
1789612260,102.14,102.14,102.05,102.07,59
1789612320,102.06,102.08,102.05,102.07,13
1789612380,102.08,102.09,101.98,101.99,71
1789612440,102,102.17,102,102.17,41
1789612500,102.16,102.17,102.02,102.03,39
1789612560,101.99,102.02,101.95,101.99,56
1789612620,102,102.01,101.99,102.01,7
1789612680,102.03,102.04,101.95,101.96,49
1789612740,101.97,102.02,101.95,102.02,73
1789612800,102.02,102.04,102,102.03,45
1789612860,102,102.03,101.94,102.02,17
1789612920,101.99,102.02,101.99,102.01,11
1789612980,102.05,102.15,102.05,102.13,35
1789613040,102.14,102.19,102.14,102.19,21
1789613100,102.19,102.25,102.17,102.21,40
1789613160,102.16,102.27,102.15,102.22,37
1789613220,102.22,102.22,102.18,102.18,4
1789613280,102.18,102.25,102.18,102.25,7
1789613340,102.27,102.31,102.25,102.25,16
1789613400,102.25,102.29,102.24,102.26,16
1789613460,102.27,102.28,102.23,102.28,12
1789613520,102.27,102.31,102.26,102.31,11
1789613580,102.31,102.36,102.31,102.34,32
1789613640,102.36,102.36,102.31,102.36,33
1789613700,102.36,102.43,102.35,102.36,40
1789613760,102.4,102.4,102.33,102.34,18
1789613820,102.34,102.34,102.31,102.32,11
1789613880,102.31,102.37,102.31,102.35,15
1789613940,102.35,102.35,102.31,102.33,15
1789614000,102.34,102.35,102.29,102.35,21
1789614060,102.37,102.39,102.37,102.38,10
1789614120,102.4,102.42,102.4,102.41,16
1789614180,102.41,102.46,102.35,102.37,33
1789614240,102.35,102.4,102.35,102.4,6
1789614300,102.42,102.43,102.39,102.39,19
1789614360,102.38,102.43,102.38,102.4,9
1789614420,102.41,102.41,102.39,102.39,19
1789614480,102.39,102.44,102.39,102.43,40
1789614540,102.42,102.42,102.36,102.42,17
1789614600,102.39,102.42,102.34,102.38,22
1789614660,102.38,102.42,102.37,102.37,10
1789614720,102.35,102.35,102.29,102.32,15
1789614780,102.32,102.34,102.31,102.33,10
1789614840,102.33,102.33,102.33,102.33,3
1789614900,102.32,102.34,102.32,102.34,3
1789614960,102.32,102.34,102.32,102.34,3
1789615020,102.33,102.38,102.32,102.34,11
1789615080,102.36,102.43,102.36,102.4,29
1789615140,102.41,102.41,102.39,102.39,4
1789615200,102.37,102.39,102.36,102.38,8
1789615260,102.36,102.37,102.34,102.35,9
1789615320,102.34,102.35,102.32,102.35,9
1789615380,102.34,102.35,102.31,102.31,12
1789615440,102.33,102.33,102.29,102.29,11
1789615500,102.3,102.31,102.27,102.31,20
1789615560,102.32,102.33,102.3,102.3,6
1789615620,102.29,102.32,102.26,102.28,66
1789615680,102.29,102.3,102.25,102.25,15
1789615740,102.26,102.27,102.24,102.24,15
1789615800,102.24,102.39,102.1,102.11,217
1789615860,102.11,102.16,102.1,102.14,91
1789615920,102.15,102.15,102.1,102.13,36
1789615980,102.12,102.14,102.05,102.06,64
1789616040,102.06,102.11,102.03,102.07,53
1789616100,102.05,102.12,102.05,102.08,84
1789616160,102.09,102.12,102.06,102.09,38
1789616220,102.07,102.12,102.07,102.09,19
1789616280,102.09,102.09,101.99,102.05,42
1789616340,102.06,102.07,102.02,102.05,20
1789616400,102.06,102.07,102,102.02,33
1789616460,102.02,102.08,102.01,102.08,30
1789616520,102.09,102.1,102.06,102.07,13
1789616580,102.06,102.08,102.06,102.07,6
1789616640,102.09,102.14,102.09,102.11,40
1789616700,102.1,102.14,102.1,102.14,10
1789616760,102.15,102.18,102.14,102.17,42
1789616820,102.17,102.19,102.12,102.16,45
1789616880,102.14,102.21,102.14,102.2,37
1789616940,102.21,102.22,102.19,102.22,36
1789617000,102.23,102.35,102.23,102.35,30
1789617060,102.35,102.38,102.31,102.32,47
1789617120,102.31,102.38,102.31,102.35,57
1789617180,102.36,102.38,102.34,102.36,26
1789617240,102.37,102.38,102.33,102.35,60
1789617300,102.36,102.36,102.28,102.3,27
1789617360,102.29,102.31,102.29,102.3,10
1789617420,102.32,102.33,102.27,102.27,21
1789617480,102.28,102.28,102.27,102.27,6
1789617540,102.3,102.34,102.3,102.34,23
1789617600,102.34,102.36,102.32,102.36,20
1789617660,102.36,102.36,102.33,102.34,11
1789617720,102.33,102.36,102.32,102.34,40
1789617780,102.33,102.34,102.31,102.34,12
1789617840,102.34,102.34,102.29,102.31,15
1789617900,102.31,102.33,102.27,102.32,17
1789617960,102.31,102.36,102.31,102.35,28
1789618020,102.36,102.37,102.3,102.3,29
1789618080,102.33,102.35,102.3,102.3,41
1789618140,102.3,102.3,102.25,102.28,18
1789618200,102.29,102.3,102.29,102.3,4
1789618260,102.3,102.32,102.3,102.32,23
1789618320,102.3,102.3,102.28,102.28,2
1789618380,102.29,102.29,102.28,102.28,4
1789618440,102.29,102.33,102.29,102.33,12
1789618500,102.32,102.34,102.32,102.34,12
1789618560,102.33,102.39,102.33,102.37,27
1789618620,102.38,102.38,102.36,102.37,8
1789618680,102.35,102.37,102.35,102.37,28
1789618740,102.36,102.39,102.36,102.37,17
1789618800,102.38,102.38,102.37,102.38,8
1789618860,102.37,102.37,102.35,102.36,26
1789618920,102.35,102.37,102.34,102.37,9
1789618980,102.36,102.36,102.35,102.35,2
1789619040,102.34,102.35,102.32,102.35,21
1789619100,102.36,102.36,102.36,102.36,1
1789619160,102.36,102.39,102.36,102.38,34
1789619220,102.39,102.47,102.39,102.42,60
1789619280,102.41,102.41,102.37,102.38,7
1789619340,102.39,102.39,102.35,102.35,14
1789619400,102.35,102.38,102.35,102.38,7
1789619460,102.39,102.39,102.39,102.39,1
1789619520,102.38,102.4,102.35,102.35,24
1789619580,102.37,102.37,102.34,102.35,9
1789619640,102.35,102.35,102.33,102.35,8
1789619700,102.36,102.36,102.36,102.36,5
1789619760,102.34,102.47,102.34,102.4,78
1789619820,102.39,102.39,102.36,102.39,19
1789619880,102.39,102.39,102.37,102.37,16
1789619940,102.36,102.37,102.35,102.36,9
1789620000,102.39,102.39,102.36,102.37,3
1789620060,102.37,102.4,102.37,102.39,7
1789620120,102.38,102.39,102.38,102.39,3
1789620180,102.38,102.38,102.15,102.15,575
1789620240,102.15,102.19,102.14,102.19,32
1789620300,102.18,102.21,102.16,102.21,33
1789620360,102.21,102.22,102.16,102.22,28
1789620420,102.22,102.25,102.22,102.25,8
1789620480,102.25,102.27,102.17,102.17,20
1789620540,102.17,102.17,102.12,102.12,19
1789620600,102.13,102.16,102.13,102.16,23
1789620660,102.15,102.18,102.15,102.18,7
1789620720,102.21,102.21,102.14,102.15,20
1789620780,102.15,102.22,102.15,102.2,17
1789620840,102.21,102.21,102.2,102.2,2
1789620900,102.21,102.21,102.2,102.21,5
1789620960,102.2,102.2,102.2,102.2,2
1789621020,102.22,102.22,102.2,102.2,13
1789621080,102.21,102.21,102.21,102.21,2
1789621140,102.22,102.22,102.19,102.21,36
1789621200,102.2,102.22,102.2,102.21,5
1789621260,102.2,102.21,102.18,102.18,14
1789621320,102.19,102.2,102.13,102.13,23
1789621380,102.12,102.13,102.1,102.1,37
1789621440,102.12,102.14,102.12,102.14,3
1789621500,102.15,102.15,102.15,102.15,2
1789621560,102.15,102.17,102.15,102.17,4
1789621620,102.17,102.17,102.17,102.17,1
1789621680,102.15,102.15,102.14,102.14,2
1789621740,102.14,102.16,102.1,102.16,17
1789621800,102.19,102.22,102.19,102.22,8
1789621860,102.22,102.22,102.21,102.21,3
1789621920,102.25,102.25,102.23,102.25,8
1789621980,102.26,102.26,102.19,102.22,73
1789622040,102.23,102.23,102.23,102.23,1
1789622100,102.23,102.26,102.23,102.26,24
1789622160,102.26,102.26,102.22,102.22,9
1789622220,102.19,102.21,102.19,102.21,7
1789622280,102.23,102.23,102.23,102.23,2
1789622340,102.21,102.22,102.21,102.22,3
1789622400,102.22,102.22,102.2,102.2,3
1789622460,102.21,102.24,102.21,102.24,7
1789622520,102.24,102.24,102.22,102.23,9
1789622580,102.25,102.25,102.2,102.2,15
1789622640,102.2,102.2,102.19,102.19,2
1789622700,102.2,102.2,102.12,102.13,49
1789622760,102.1,102.11,102.1,102.1,6
1789622820,102.09,102.09,102.02,102.04,49
1789622880,102.03,102.06,102.01,102.05,43
1789622940,102.04,102.04,101.99,102.02,43
1789623000,102.02,102.08,101.98,102.08,60
1789623060,102.06,102.12,102,102.04,31
1789623120,102.07,102.09,102,102,26
1789623180,102,102,101.84,101.9,266
1789623240,101.89,101.91,101.76,101.78,83
1789623300,101.76,101.79,101.73,101.74,64
1789623360,101.75,101.78,101.64,101.77,71
1789623420,101.78,101.81,101.71,101.74,56
1789623480,101.76,101.78,101.71,101.75,56
1789623540,101.76,101.76,101.7,101.75,51
1789623600,101.76,101.82,101.73,101.81,55
1789623660,101.8,101.88,101.78,101.78,55
1789623720,101.78,101.83,101.72,101.82,50
1789623780,101.8,101.89,101.77,101.8,66
1789623840,101.82,101.83,101.79,101.79,12
1789623900,101.79,101.82,101.77,101.78,46
1789623960,101.76,101.79,101.73,101.75,41
1789624020,101.75,101.77,101.65,101.66,42
1789624080,101.68,101.71,101.6,101.68,53
1789624140,101.67,101.72,101.66,101.68,39
1789624200,101.66,101.66,101.54,101.55,36
1789624260,101.54,101.61,101.52,101.52,51
1789624320,101.54,101.55,101.49,101.51,47
1789624380,101.51,101.52,101.45,101.46,72
1789624440,101.44,101.51,101.41,101.43,65
1789624500,101.43,101.5,101.41,101.5,36
1789624560,101.49,101.55,101.47,101.55,39
1789624620,101.55,101.55,101.44,101.44,25
1789624680,101.42,101.55,101.42,101.5,44
1789624740,101.5,101.5,101.39,101.42,58
1789624800,101.43,101.49,101.39,101.49,75
1789624860,101.47,101.48,101.37,101.42,97
1789624920,101.44,101.46,101.37,101.4,59
1789624980,101.41,101.42,101.34,101.35,43
1789625040,101.36,101.36,101.3,101.33,83
1789625100,101.34,101.39,101.31,101.34,84
1789625160,101.34,101.35,101.17,101.26,221
1789625220,101.26,101.34,101.24,101.3,74
1789625280,101.3,101.38,101.28,101.37,80
1789625340,101.36,101.38,101.14,101.18,186
1789625400,101.17,101.21,101.12,101.17,148
1789625460,101.16,101.23,101.16,101.19,77
1789625520,101.17,101.28,101.17,101.28,75
1789625580,101.27,101.28,101.16,101.18,82
1789625640,101.2,101.28,101.14,101.27,76
1789625700,101.25,101.37,101.25,101.29,90
1789625760,101.3,101.37,101.28,101.29,68
1789625820,101.3,101.33,101.17,101.17,104
1789625880,101.16,101.19,101.13,101.17,89
1789625940,101.21,101.24,101.16,101.17,41
1789626000,101.17,101.2,101.13,101.13,47
1789626060,101.12,101.16,101.05,101.08,167
1789626120,101.08,101.09,101,101.07,153
1789626180,101.06,101.15,101.03,101.13,182
1789626240,101.13,101.14,101.01,101.04,74
1789626300,101.03,101.13,101.03,101.12,57
1789626360,101.09,101.13,100.96,100.97,131
1789626420,100.96,100.98,100.91,100.91,179
1789626480,100.93,100.97,100.93,100.97,77
1789626540,100.97,101.01,100.82,100.83,218
1789626600,100.84,100.85,100.7,100.72,391
1789626660,100.73,100.74,100.58,100.61,264
1789626720,100.6,100.64,100.54,100.58,348
1789626780,100.58,100.58,100.41,100.45,650
1789626840,100.45,100.52,100.39,100.51,322
1789626900,100.5,100.57,100.43,100.57,367
1789626960,100.57,100.67,100.49,100.66,222
1789627020,100.66,100.66,100.5,100.55,228
1789627080,100.56,100.65,100.56,100.6,160
1789627140,100.59,100.92,100.57,100.91,221
1789627200,100.91,100.91,100.84,100.84,87
1789627260,100.85,100.91,100.8,100.89,153
1789627320,100.88,101.02,100.86,100.98,217
1789627380,100.98,101.04,100.93,100.94,152
1789627440,100.98,101.18,100.98,101.15,142
1789627500,101.15,101.15,101,101.03,103
1789627560,101.01,101.01,100.88,100.94,278
1789627620,100.94,101,100.89,101,89
1789627680,100.98,100.98,100.77,100.84,135
1789627740,100.82,100.83,100.77,100.81,63
1789627800,100.82,100.97,100.82,100.87,127
1789627860,100.86,100.9,100.77,100.77,83
1789627920,100.78,100.82,100.78,100.79,40
1789627980,100.79,100.79,100.73,100.74,68
1789628040,100.73,100.77,100.68,100.76,64
1789628100,100.73,100.76,100.71,100.72,60
1789628160,100.72,100.73,100.59,100.68,212
1789628220,100.67,100.72,100.66,100.69,47
1789628280,100.67,100.75,100.63,100.66,93
1789628340,100.7,101,100.69,100.96,331
1789628400,100.95,101.04,100.91,100.99,372
1789628460,100.98,101.09,100.98,101.07,188
1789628520,101.08,101.23,101.05,101.15,174
1789628580,101.14,101.2,101.12,101.19,145
1789628640,101.19,101.32,101.19,101.31,277
1789628700,101.31,101.32,101.12,101.18,209
1789628760,101.16,101.18,101.08,101.17,134
1789628820,101.16,101.17,101.04,101.08,119
1789628880,101.08,101.09,100.99,101.03,130
1789628940,101.02,101.02,100.79,100.8,227
1789629000,100.81,100.82,100.7,100.71,104
1789629060,100.7,100.74,100.66,100.71,126
1789629120,100.69,100.93,100.69,100.92,171
1789629180,100.92,100.96,100.86,100.92,125
1789629240,100.89,100.91,100.74,100.88,298
1789629300,100.87,101.02,100.86,101.02,126
1789629360,101.03,101.09,100.99,101.06,59
1789629420,101.08,101.1,101.05,101.06,41
1789629480,101.06,101.08,100.98,101,69
1789629540,101.01,101.03,100.96,100.98,100
1789629600,100.99,101.04,100.93,100.94,65
1789629660,100.91,101.1,100.88,101.08,141
1789629720,101.08,101.13,101.02,101.06,128
1789629780,101.05,101.13,101.03,101.1,41
1789629840,101.08,101.09,101.02,101.03,18
1789629900,101.04,101.04,100.89,100.92,87
1789629960,100.91,100.96,100.89,100.91,58
1789630020,100.91,100.93,100.86,100.88,84
1789630080,100.89,100.92,100.85,100.87,60
1789630140,100.88,100.94,100.86,100.93,39
1789630200,100.87,100.93,100.86,100.92,28
1789630260,100.93,100.97,100.92,100.92,48
1789630320,100.9,101.03,100.88,100.98,94
1789630380,100.99,101.1,100.98,101.09,73
1789630440,101.07,101.12,101.05,101.12,57
1789630500,101.13,101.29,101.11,101.27,180
1789630560,101.22,101.45,101.22,101.29,198
1789630620,101.29,101.31,101.18,101.2,119
1789630680,101.21,101.33,101.16,101.25,140
1789630740,101.26,101.27,101,101.03,138
1789630800,101.03,101.12,100.96,101.11,106
1789630860,101.12,101.23,101.08,101.23,54
1789630920,101.23,101.28,101.2,101.25,62
1789630980,101.26,101.32,101.21,101.32,61
1789631040,101.32,101.38,101.27,101.34,49
1789631100,101.34,101.48,101.34,101.47,114
1789631160,101.47,101.51,101.39,101.49,129
1789631220,101.47,101.5,101.42,101.43,54
1789631280,101.44,101.46,101.42,101.45,46
1789631340,101.43,101.47,101.38,101.44,102
1789631400,101.43,101.5,101.41,101.49,90
1789631460,101.48,101.55,101.45,101.5,146
1789631520,101.49,101.66,101.46,101.65,125
1789631580,101.64,101.67,101.62,101.62,85
1789631640,101.61,101.76,101.61,101.71,195
1789631700,101.73,101.8,101.69,101.75,109
1789631760,101.75,101.75,101.64,101.72,94
1789631820,101.7,101.71,101.65,101.68,23
1789631880,101.69,101.7,101.59,101.61,72
1789631940,101.61,101.61,101.51,101.6,145
1789632000,101.58,101.66,101.56,101.57,100
1789632060,101.58,101.62,101.56,101.58,52
1789632120,101.59,101.69,101.59,101.68,122
1789632180,101.68,101.8,101.68,101.75,96
1789632240,101.76,101.84,101.75,101.83,89
1789632300,101.83,101.86,101.76,101.76,118
1789632360,101.75,101.83,101.68,101.72,106
1789632420,101.72,101.73,101.69,101.72,83
1789632480,101.71,101.8,101.68,101.76,60
1789632540,101.76,101.83,101.75,101.8,61
1789632600,101.81,101.82,101.76,101.76,63
1789632660,101.74,101.81,101.71,101.79,57
1789632720,101.8,101.93,101.78,101.91,153
1789632780,101.9,101.98,101.86,101.95,110
1789632840,101.94,101.94,101.86,101.88,59
1789632900,101.9,101.91,101.76,101.79,107
1789632960,101.77,101.86,101.76,101.86,35
1789633020,101.86,101.92,101.76,101.91,95
1789633080,101.9,101.91,101.81,101.85,132
1789633140,101.85,101.87,101.82,101.83,68
1789633200,101.83,101.83,101.72,101.8,106
1789633260,101.78,101.78,101.72,101.77,62
1789633320,101.77,101.8,101.72,101.79,74
1789633380,101.79,101.83,101.76,101.82,50
1789633440,101.83,101.87,101.78,101.8,57
1789633500,101.78,101.8,101.69,101.73,82
1789633560,101.74,101.75,101.58,101.6,112
1789633620,101.6,101.6,101.38,101.39,399
1789633680,101.37,101.42,101.31,101.34,240
1789633740,101.35,101.42,101.26,101.4,562
1789633800,101.41,101.44,101.29,101.4,405
1789633860,101.4,101.46,101.31,101.41,189
1789633920,101.4,101.46,101.35,101.45,110
1789633980,101.45,101.5,101.37,101.4,119
1789634040,101.38,101.38,101.26,101.32,97
1789634100,101.31,101.4,101.3,101.36,108
1789634160,101.37,101.5,101.37,101.47,96
1789634220,101.49,101.52,101.38,101.41,120
1789634280,101.42,101.46,101.4,101.41,84
1789634340,101.42,101.46,101.28,101.31,104
1789634400,101.29,101.41,101.24,101.39,91
1789634460,101.41,101.53,101.41,101.46,108
1789634520,101.48,101.49,101.34,101.37,90
1789634580,101.36,101.39,101.31,101.32,50
1789634640,101.34,101.37,101.3,101.32,67
1789634700,101.33,101.37,101.22,101.36,84
1789634760,101.34,101.46,101.34,101.43,103
1789634820,101.44,101.5,101.23,101.25,147
1789634880,101.26,101.32,101.24,101.28,82
1789634940,101.27,101.27,101.14,101.17,109
1789635000,101.15,101.19,101.1,101.13,128
1789635060,101.12,101.25,101.11,101.25,70
1789635120,101.24,101.24,101.04,101.18,165
1789635180,101.18,101.21,101.09,101.18,62
1789635240,101.15,101.15,101.08,101.12,60
1789635300,101.11,101.18,101.09,101.16,44
1789635360,101.17,101.31,101.12,101.29,100
1789635420,101.28,101.36,101.28,101.31,90
1789635480,101.28,101.37,101.28,101.34,15
1789635540,101.36,101.48,101.36,101.46,52
1789635600,101.45,101.45,101.35,101.42,55
1789635660,101.4,101.4,101.3,101.36,78
1789635720,101.35,101.45,101.33,101.45,38
1789635780,101.48,101.55,101.47,101.5,113
1789635840,101.52,101.59,101.49,101.5,95
1789635900,101.48,101.49,101.41,101.44,81
1789635960,101.41,101.44,101.37,101.41,39
1789636020,101.41,101.46,101.39,101.44,35
1789636080,101.44,101.61,101.44,101.59,88
1789636140,101.59,101.64,101.55,101.56,70
1789636200,101.55,101.63,101.55,101.57,42
1789636260,101.56,101.57,101.44,101.46,77
1789636320,101.44,101.51,101.42,101.5,43
1789636380,101.5,101.52,101.48,101.49,22
1789636440,101.5,101.55,101.5,101.51,18
1789636500,101.53,101.54,101.39,101.45,82
1789636560,101.46,101.5,101.42,101.42,27
1789636620,101.4,101.48,101.4,101.46,48
1789636680,101.46,101.52,101.45,101.51,46
1789636740,101.52,101.6,101.52,101.57,46
1789636800,101.6,101.61,101.56,101.56,41
1789636860,101.57,101.63,101.52,101.52,66
1789636920,101.52,101.57,101.52,101.54,27
1789636980,101.56,101.7,101.56,101.69,98
1789637040,101.7,101.83,101.69,101.81,138
1789637100,101.83,102.01,101.83,101.98,228
1789637160,101.97,102.08,101.97,102.05,223
1789637220,102.05,102.12,101.98,101.98,131
1789637280,101.96,101.99,101.95,101.98,41
1789637340,101.96,102.09,101.93,102.08,74
1789637400,102.08,102.08,101.94,102.03,87
1789637460,102.01,102.04,101.98,102.02,76
1789637520,102,102,101.93,101.95,69
1789637580,101.95,102,101.93,101.99,141
1789637640,102,102.01,101.95,101.95,35
1789637700,101.96,101.99,101.88,101.92,66
1789637760,101.92,101.95,101.87,101.92,55
1789637820,101.92,101.93,101.78,101.81,152
1789637880,101.83,101.92,101.8,101.84,60
1789637940,101.87,101.87,101.69,101.73,128
1789638000,101.77,101.77,101.66,101.68,150
1789638060,101.68,101.72,101.61,101.64,108
1789638120,101.64,101.65,101.48,101.54,90
1789638180,101.56,101.56,101.4,101.41,117
1789638240,101.4,101.43,101.12,101.27,414
1789638300,101.29,101.29,101.12,101.14,234
1789638360,101.17,101.29,101.04,101.26,312
1789638420,101.27,101.3,101.23,101.27,68
1789638480,101.3,101.49,101.3,101.46,96
1789638540,101.48,101.55,101.48,101.51,66
1789638600,101.49,101.49,101.3,101.36,143
1789638660,101.36,101.38,101.32,101.32,96
1789638720,101.31,101.35,101.26,101.26,115
1789638780,101.25,101.3,101.2,101.23,67
1789638840,101.23,101.28,101.21,101.26,31
1789638900,101.27,101.33,101.26,101.32,70
1789638960,101.29,101.33,101.25,101.28,55
1789639020,101.26,101.26,101.16,101.24,106
1789639080,101.23,101.29,101.22,101.29,66
1789639140,101.28,101.35,101.26,101.34,57
1789639200,101.34,101.34,101.28,101.29,41
1789639260,101.28,101.31,101.1,101.11,116
1789639320,101.1,101.12,101.05,101.07,121
1789639380,101.03,101.05,100.89,100.89,182
1789639440,100.89,100.96,100.89,100.9,118
1789639500,100.89,100.91,100.76,100.77,177
1789639560,100.78,100.79,100.5,100.59,401
1789639620,100.6,100.62,100.47,100.54,360
1789639680,100.53,100.69,100.52,100.68,208
1789639740,100.68,100.85,100.67,100.8,199
1789639800,100.8,100.86,100.7,100.75,154
1789639860,100.73,100.78,100.71,100.77,120
1789639920,100.77,100.83,100.74,100.79,181
1789639980,100.8,100.8,100.72,100.8,68
1789640040,100.81,100.86,100.75,100.84,155
1789640100,100.83,100.89,100.76,100.77,151
1789640160,100.75,100.91,100.75,100.9,80
1789640220,100.9,100.98,100.9,100.96,107
1789640280,100.97,101.01,100.88,101.01,91
1789640340,101,101.27,101,101.24,354
1789640400,101.22,101.23,101.12,101.13,97
1789640460,101.15,101.15,101.04,101.09,145
1789640520,101.09,101.1,100.94,100.96,103
1789640580,100.95,101,100.8,100.81,150
1789640640,100.79,100.79,100.57,100.58,311
1789640700,100.59,100.74,100.58,100.68,195
1789640760,100.66,100.74,100.64,100.67,84
1789640820,100.68,100.72,100.6,100.71,101
1789640880,100.72,100.78,100.69,100.72,108
1789640940,100.71,100.71,100.56,100.66,146
1789641000,100.63,100.76,100.6,100.69,171
1789641060,100.73,100.76,100.68,100.71,71
1789641120,100.72,100.84,100.72,100.8,220
1789641180,100.81,100.84,100.78,100.82,51
1789641240,100.82,100.95,100.82,100.94,136
1789641300,100.94,100.96,100.69,100.7,144
1789641360,100.7,100.8,100.68,100.75,97
1789641420,100.74,100.77,100.63,100.66,120
1789641480,100.65,100.7,100.64,100.69,30
1789641540,100.67,100.69,100.61,100.69,198
1789641600,100.69,100.73,100.65,100.66,127
1789641660,100.66,100.74,100.64,100.68,99
1789641720,100.69,100.72,100.6,100.69,84
1789641780,100.68,100.78,100.67,100.68,117
1789641840,100.7,100.71,100.54,100.62,329
1789641900,100.62,100.67,100.53,100.62,112
1789641960,100.64,100.76,100.63,100.73,146
1789642020,100.74,100.8,100.73,100.79,58
1789642080,100.8,100.85,100.76,100.79,48
1789642140,100.8,100.86,100.77,100.79,91
1789642200,100.78,100.8,100.68,100.7,97
1789642260,100.69,100.7,100.59,100.7,145
1789642320,100.7,100.71,100.56,100.61,148
1789642380,100.62,100.68,100.61,100.64,142
1789642440,100.64,100.75,100.64,100.75,55
1789642500,100.75,100.92,100.72,100.92,287
1789642560,100.91,100.91,100.7,100.72,112
1789642620,100.72,100.72,100.6,100.61,165
1789642680,100.6,100.65,100.56,100.57,161
1789642740,100.58,100.64,100.56,100.64,110
1789642800,100.63,100.79,100.61,100.72,147
1789642860,100.73,100.76,100.59,100.65,102
1789642920,100.66,100.72,100.61,100.63,136
1789642980,100.62,100.73,100.62,100.7,72
1789643040,100.69,100.7,100.66,100.7,30
1789643100,100.66,100.69,100.42,100.42,417
1789643160,100.42,100.49,100.36,100.44,250
1789643220,100.44,100.53,100.39,100.45,196
1789643280,100.45,100.45,100.36,100.43,165
1789643340,100.42,100.45,100.36,100.42,68
1789643400,100.43,100.5,100.36,100.48,217
1789643460,100.49,100.66,100.48,100.62,169
1789643520,100.62,100.65,100.52,100.53,143
1789643580,100.53,100.56,100.33,100.37,265
1789643640,100.38,100.42,100.33,100.36,221
1789643700,100.36,100.45,100.33,100.41,369
1789643760,100.4,100.49,100.39,100.46,142
1789643820,100.46,100.54,100.45,100.46,111
1789643880,100.46,100.57,100.46,100.52,164
1789643940,100.52,100.59,100.49,100.59,137
1789644000,100.59,100.62,100.44,100.45,88
1789644060,100.44,100.5,100.42,100.48,139
1789644120,100.46,100.52,100.46,100.52,37
1789644180,100.52,100.57,100.49,100.51,53
1789644240,100.52,100.61,100.5,100.59,95
1789644300,100.61,100.61,100.55,100.58,89
1789644360,100.59,100.61,100.5,100.57,121
1789644420,100.57,100.63,100.53,100.63,99
1789644480,100.64,100.75,100.64,100.72,231
1789644540,100.72,100.77,100.64,100.66,108
1789644600,100.68,100.82,100.68,100.8,137
1789644660,100.8,100.95,100.73,100.9,207
1789644720,100.91,100.92,100.77,100.81,134
1789644780,100.82,100.88,100.72,100.74,75
1789644840,100.76,100.78,100.59,100.6,119
1789644900,100.61,100.69,100.61,100.67,132
1789644960,100.68,100.74,100.64,100.73,77
1789645020,100.73,100.73,100.67,100.67,66
1789645080,100.69,100.69,100.61,100.64,69
1789645140,100.65,100.76,100.64,100.75,123
1789645200,100.75,100.92,100.75,100.91,143
1789645260,100.91,100.93,100.81,100.83,88
1789645320,100.85,100.86,100.74,100.76,129
1789645380,100.76,100.77,100.69,100.7,66
1789645440,100.69,100.71,100.65,100.69,50
1789645500,100.69,100.74,100.68,100.69,82
1789645560,100.69,100.71,100.63,100.69,34
1789645620,100.7,100.77,100.7,100.72,51
1789645680,100.71,100.76,100.69,100.71,22
1789645740,100.72,100.75,100.66,100.75,75
1789645800,100.74,100.82,100.68,100.7,83
1789645860,100.71,100.71,100.6,100.62,50
1789645920,100.61,100.64,100.48,100.48,93
1789645980,100.5,100.5,100.38,100.47,196
1789646040,100.47,100.49,100.38,100.42,105
1789646100,100.43,100.44,100.26,100.33,281
1789646160,100.34,100.48,100.34,100.34,200
1789646220,100.35,100.36,100.25,100.28,369
1789646280,100.28,100.3,99.59,99.89,2436
1789646340,99.9,100.06,99.83,99.95,711
1789646400,99.96,100.13,99.93,100.12,415
1789646460,100.12,100.27,100.12,100.25,344
1789646520,100.24,100.27,100.06,100.1,452
1789646580,100.1,100.19,100.01,100.02,245
1789646640,100.02,100.04,99.65,99.94,1634
1789646700,99.93,100.05,99.5,99.74,1483
1789646760,99.76,99.96,99.62,99.68,748
1789646820,99.67,99.81,99.66,99.72,767
1789646880,99.72,99.73,99.51,99.53,630
1789646940,99.52,99.53,99.38,99.45,837
1789647000,99.47,99.52,99.34,99.46,449
1789647060,99.45,99.45,99.1,99.2,1028
1789647120,99.2,99.39,99.1,99.33,657
1789647180,99.32,99.46,99.21,99.36,599
1789647240,99.36,99.53,99.36,99.51,401
1789647300,99.51,99.54,99.44,99.48,295
1789647360,99.48,99.77,99.48,99.77,470
1789647420,99.77,99.87,99.71,99.76,426
1789647480,99.77,99.81,99.72,99.74,385
1789647540,99.72,99.75,99.46,99.46,490
1789647600,99.47,99.52,99.35,99.5,304
1789647660,99.5,99.51,99.27,99.32,374
1789647720,99.34,99.44,99.3,99.43,132
1789647780,99.42,99.47,99.32,99.39,128
1789647840,99.38,99.46,99.38,99.42,79
1789647900,99.4,99.47,99.3,99.35,498
1789647960,99.43,99.44,99.32,99.37,216
1789648020,99.37,99.48,99.31,99.31,367
1789648080,99.31,99.32,99.17,99.26,320
1789648140,99.25,99.29,99.18,99.2,150
1789648200,99.2,99.31,99.14,99.27,317
1789648260,99.26,99.55,99.26,99.53,581
1789648320,99.52,99.55,99.44,99.49,230
1789648380,99.48,99.59,99.31,99.33,253
1789648440,99.33,99.37,99.22,99.25,233
1789648500,99.25,99.48,99.24,99.46,233
1789648560,99.46,99.58,99.41,99.56,387
1789648620,99.56,99.65,99.54,99.64,255
1789648680,99.65,99.7,99.6,99.62,339
1789648740,99.61,99.68,99.59,99.67,230
1789648800,99.66,99.72,99.62,99.65,300
1789648860,99.63,99.71,99.55,99.71,249
1789648920,99.69,99.93,99.69,99.9,358
1789648980,99.9,100.02,99.9,99.97,416
1789649040,99.98,100.09,99.97,100.05,370
1789649100,100.04,100.08,100,100.01,281
1789649160,100.01,100.15,99.99,100.05,216
1789649220,100.05,100.1,99.94,99.98,287
1789649280,99.99,100.04,99.97,100.01,243
1789649340,100,100.02,99.86,99.9,349
1789649400,99.88,99.94,99.83,99.91,332
1789649460,99.93,99.95,99.89,99.94,93
1789649520,99.95,99.98,99.86,99.89,120
1789649580,99.9,99.92,99.82,99.82,85
1789649640,99.84,99.84,99.7,99.76,245
1789649700,99.76,99.86,99.72,99.85,195
1789649760,99.85,99.95,99.85,99.89,229
1789649820,99.89,99.89,99.76,99.78,117
1789649880,99.79,99.87,99.74,99.85,122
1789649940,99.85,99.99,99.81,99.98,111
1789650000,99.97,99.98,99.59,99.62,428
1789650060,99.64,99.85,99.63,99.83,236
1789650120,99.83,99.87,99.72,99.72,243
1789650180,99.71,99.73,99.65,99.71,149
1789650240,99.7,99.87,99.66,99.87,249
1789650300,99.85,100.08,99.85,100.05,517
1789650360,100.06,100.08,99.96,99.99,258
1789650420,99.97,100.04,99.94,100.03,313
1789650480,100.03,100.05,99.83,99.91,321
1789650540,99.91,100.03,99.87,99.99,201
1789650600,99.98,100.2,99.95,100.18,301
1789650660,100.17,100.37,100.11,100.34,583
1789650720,100.32,100.36,100.24,100.29,281
1789650780,100.3,100.32,100.21,100.26,233
1789650840,100.24,100.28,100.17,100.19,174
1789650900,100.18,100.27,100.16,100.23,179
1789650960,100.27,100.37,100.21,100.33,149
1789651020,100.34,100.38,100.25,100.27,229
1789651080,100.27,100.28,100.1,100.11,196
1789651140,100.12,100.22,100.1,100.22,217
1789651200,100.22,100.37,100.22,100.36,149
1789651260,100.37,100.48,100.3,100.43,229
1789651320,100.42,100.44,100.32,100.33,390
1789651380,100.33,100.41,100.33,100.36,92
1789651440,100.35,100.5,100.35,100.48,242
1789651500,100.47,100.53,100.4,100.4,350
1789651560,100.4,100.58,100.36,100.53,342
1789651620,100.52,100.68,100.48,100.65,272
1789651680,100.64,100.67,100.55,100.58,248
1789651740,100.57,100.6,100.5,100.53,357
1789651800,100.53,100.64,100.49,100.5,305
1789651860,100.5,100.78,100.49,100.72,512
1789651920,100.73,100.76,100.48,100.48,346
1789651980,100.49,100.61,100.48,100.57,234
1789652040,100.57,100.62,100.48,100.52,155
1789652100,100.51,100.61,100.44,100.56,292
1789652160,100.57,100.73,100.56,100.71,274
1789652220,100.71,100.85,100.68,100.79,223
1789652280,100.79,100.95,100.74,100.91,452
1789652340,100.9,100.97,100.78,100.94,546
1789652400,100.95,101.01,100.9,100.99,333
1789652460,101,101.11,100.97,101.09,643
1789652520,101.09,101.22,101.08,101.21,411
1789652580,101.2,101.27,101,101.18,718
1789652640,101.17,101.18,101.09,101.11,185
1789652700,101.11,101.19,101.07,101.12,292
1789652760,101.11,101.12,100.8,100.82,561
1789652820,100.81,100.83,100.67,100.75,322
1789652880,100.73,100.76,100.58,100.66,498
1789652940,100.67,100.78,100.67,100.68,158
1789653000,100.71,100.78,100.52,100.56,312
1789653060,100.57,100.59,100.4,100.43,342
1789653120,100.42,100.48,100.33,100.45,444
1789653180,100.45,100.51,100.37,100.41,189
1789653240,100.41,100.53,100.41,100.46,318
1789653300,100.46,100.51,100.39,100.45,232
1789653360,100.46,100.47,100.43,100.46,81
1789653420,100.48,100.75,100.47,100.67,604
1789653480,100.67,100.69,100.54,100.61,198
1789653540,100.58,100.63,100.52,100.58,93
1789653600,100.54,100.69,100.52,100.66,111
1789653660,100.66,100.81,100.63,100.69,242
1789653720,100.71,100.72,100.52,100.55,151
1789653780,100.55,100.56,100.37,100.42,172
1789653840,100.41,100.43,100.3,100.33,295
1789653900,100.31,100.5,100.28,100.33,379
1789653960,100.33,100.45,100.27,100.42,196
1789654020,100.41,100.46,100.34,100.37,116
1789654080,100.36,100.47,100.31,100.46,71
1789654140,100.47,100.47,100.37,100.37,71
1789654200,100.38,100.42,100.36,100.41,83
1789654260,100.43,100.51,100.41,100.44,86
1789654320,100.43,100.43,100.36,100.4,86
1789654380,100.38,100.41,100.37,100.4,48
1789654440,100.43,100.45,100.3,100.31,137
1789654500,100.32,100.36,100.27,100.31,105
1789654560,100.32,100.37,100.29,100.32,108
1789654620,100.34,100.38,100.29,100.36,146
1789654680,100.36,100.54,100.33,100.51,182
1789654740,100.5,100.56,100.46,100.53,234
1789654800,100.5,100.58,100.45,100.54,246
1789654860,100.53,100.59,100.5,100.56,167
1789654920,100.58,100.68,100.55,100.57,190
1789654980,100.55,100.58,100.47,100.48,95
1789655040,100.48,100.48,100.31,100.37,126
1789655100,100.38,100.45,100.36,100.44,106
1789655160,100.43,100.56,100.43,100.47,99
1789655220,100.49,100.5,100.42,100.44,134
1789655280,100.45,100.53,100.4,100.47,131
1789655340,100.46,100.57,100.42,100.57,93
1789655400,100.58,100.63,100.5,100.51,124
1789655460,100.49,100.57,100.46,100.49,114
1789655520,100.48,100.55,100.48,100.53,75
1789655580,100.55,100.56,100.46,100.5,106
1789655640,100.53,100.64,100.5,100.61,164
1789655700,100.61,100.64,100.57,100.59,81
1789655760,100.6,100.78,100.6,100.75,318
1789655820,100.75,100.81,100.71,100.73,221
1789655880,100.72,100.74,100.64,100.7,181
1789655940,100.69,100.78,100.68,100.77,192
1789656000,100.77,100.77,100.66,100.68,104
1789656060,100.67,100.72,100.59,100.65,348
1789656120,100.65,100.67,100.57,100.65,163
1789656180,100.66,100.75,100.64,100.69,214
1789656240,100.69,100.78,100.59,100.59,148
1789656300,100.6,100.82,100.59,100.78,237
1789656360,100.77,100.8,100.69,100.73,139
1789656420,100.73,100.85,100.65,100.82,212
1789656480,100.82,100.91,100.78,100.87,264
1789656540,100.89,100.98,100.88,100.97,206
1789656600,100.97,100.97,100.86,100.97,208
1789656660,100.96,101.05,100.91,101.02,409
1789656720,101.03,101.05,100.93,100.93,134
1789656780,100.95,101.1,100.95,101.1,221
1789656840,101.09,101.11,100.99,101.01,195
1789656900,101.01,101.07,100.93,101.03,259
1789656960,101.03,101.1,101.03,101.1,141
1789657020,101.09,101.18,101.07,101.11,387
1789657080,101.11,101.24,101.05,101.23,278
1789657140,101.24,101.26,101.18,101.18,254
1789657200,101.17,101.22,101.1,101.17,307
1789657260,101.16,101.21,100.98,101.05,405
1789657320,101.04,101.11,101.01,101.1,203
1789657380,101.11,101.13,100.99,101.08,91
1789657440,101.08,101.15,101.08,101.15,123
1789657500,101.14,101.15,100.97,101.05,138
1789657560,101.05,101.07,100.98,101,104
1789657620,100.99,101.03,100.88,100.92,242
1789657680,100.92,100.97,100.87,100.88,228
1789657740,100.89,100.93,100.83,100.87,223
1789657800,100.9,101.07,100.89,101.03,185
1789657860,101.02,101.05,100.92,100.93,112
1789657920,100.93,100.93,100.74,100.84,273
1789657980,100.83,100.86,100.8,100.84,97
1789658040,100.84,100.86,100.81,100.81,118
1789658100,100.81,100.91,100.7,100.91,231
1789658160,100.89,100.89,100.76,100.81,190
1789658220,100.82,100.84,100.72,100.75,297
1789658280,100.76,100.8,100.68,100.69,115
1789658340,100.69,100.7,100.6,100.66,139
1789658400,100.66,100.68,100.48,100.49,288
1789658460,100.51,100.71,100.49,100.71,365
1789658520,100.71,100.8,100.7,100.78,300
1789658580,100.78,100.84,100.71,100.76,309
1789658640,100.76,100.77,100.72,100.73,146
1789658700,100.72,100.74,100.63,100.69,223
1789658760,100.69,100.7,100.57,100.62,136
1789658820,100.64,100.65,100.53,100.6,193
1789658880,100.6,100.6,100.54,100.56,132
1789658940,100.56,100.81,100.53,100.75,494
1789659000,100.74,100.88,100.67,100.79,933
1789659060,100.8,100.8,100.58,100.67,192
1789659120,100.65,100.76,100.6,100.7,146
1789659180,100.71,100.76,100.66,100.74,92
1789659240,100.74,100.77,100.68,100.75,155
1789659300,100.74,100.93,100.74,100.91,334
1789659360,100.92,100.95,100.78,100.8,226
1789659420,100.8,100.81,100.73,100.75,94
1789659480,100.75,100.87,100.72,100.84,143
1789659540,100.82,101.12,100.82,101.09,240
1789659600,101.08,101.12,101.04,101.08,179
1789659660,101.07,101.19,101.04,101.18,290
1789659720,101.18,101.28,101.17,101.23,501
1789659780,101.23,101.24,101.11,101.19,281
1789659840,101.2,101.24,101.08,101.23,369
1789659900,101.24,101.29,101.2,101.22,311
1789659960,101.22,101.25,101.14,101.16,208
1789660020,101.16,101.23,101.16,101.2,202
1789660080,101.2,101.21,101.08,101.11,251
1789660140,101.1,101.23,101.04,101.21,557
1789660200,101.2,101.21,100.99,101.01,372
1789660260,101,101.1,101,101.05,96
1789660320,101.05,101.05,100.89,100.96,300
1789660380,100.95,101.06,100.93,101.05,226
1789660440,101.05,101.1,100.97,100.99,198
1789660500,101,101.1,101,101.04,139
1789660560,101.06,101.09,101.01,101.05,75
1789660620,101.05,101.06,100.99,101.02,64
1789660680,101.04,101.05,100.91,100.93,83
1789660740,100.94,101.04,100.87,100.95,204
1789660800,100.96,101.06,100.92,100.94,195
1789660860,100.95,100.96,100.79,100.81,257
1789660920,100.81,100.87,100.75,100.83,139
1789660980,100.8,100.82,100.72,100.79,166
1789661040,100.78,100.86,100.77,100.85,98
1789661100,100.85,100.85,100.78,100.82,74
1789661160,100.81,100.9,100.78,100.85,102
1789661220,100.85,100.88,100.73,100.79,117
1789661280,100.79,100.85,100.73,100.83,224
1789661340,100.84,100.86,100.78,100.82,45
1789661400,100.82,100.93,100.81,100.92,249
1789661460,100.93,101.09,100.9,100.99,257
1789661520,101,101.06,100.97,101.02,160
1789661580,101.02,101.07,100.97,100.98,102
1789661640,100.99,101.04,100.99,101.01,77
1789661700,101.01,101.23,101.01,101.18,263
1789661760,101.17,101.2,101.13,101.19,163
1789661820,101.19,101.21,101.1,101.15,112
1789661880,101.14,101.18,101.11,101.15,79
1789661940,101.15,101.25,101.15,101.23,282
1789662000,101.23,101.3,101.21,101.22,280
1789662060,101.22,101.22,101.15,101.21,141
1789662120,101.16,101.16,101.01,101.07,145
1789662180,101.08,101.09,101.01,101.05,66
1789662240,101.07,101.07,101.01,101.02,50
1789662300,101.02,101.21,101.02,101.19,115
1789662360,101.18,101.19,101.13,101.16,71
1789662420,101.17,101.25,101.17,101.25,134
1789662480,101.26,101.26,101.16,101.17,51
1789662540,101.17,101.22,101.15,101.2,85
1789662600,101.22,101.5,101.22,101.46,678
1789662660,101.46,101.69,101.44,101.68,897
1789662720,101.68,101.73,101.53,101.64,397
1789662780,101.65,101.95,101.65,101.93,500
1789662840,101.92,101.95,101.77,101.85,481
1789662900,101.83,101.84,101.67,101.69,290
1789662960,101.67,101.67,101.47,101.55,377
1789663020,101.55,101.6,101.52,101.52,185
1789663080,101.52,101.65,101.51,101.6,176
1789663140,101.6,101.6,101.49,101.58,117
1789663200,101.58,101.58,101.51,101.51,61
1789663260,101.49,101.58,101.48,101.58,143
1789663320,101.57,101.73,101.57,101.71,363
1789663380,101.71,101.72,101.61,101.65,181
1789663440,101.65,101.67,101.58,101.58,141
1789663500,101.59,101.73,101.59,101.71,143
1789663560,101.72,101.76,101.69,101.74,89
1789663620,101.73,101.8,101.71,101.8,89
1789663680,101.8,101.99,101.78,101.96,539
1789663740,101.95,101.95,101.86,101.91,307
1789663800,101.92,102.13,101.87,102.08,696
1789663860,102.08,102.15,102.05,102.1,281
1789663920,102.1,102.11,101.99,102.02,317
1789663980,102.02,102.03,101.95,102,292
1789664040,102,102.08,101.92,101.93,484
1789664100,101.93,102.33,101.85,102.14,2382
1789664160,102.14,102.2,102.05,102.13,572
1789664220,102.12,102.21,102.07,102.15,574
1789664280,102.15,102.18,101.98,102.16,579
1789664340,102.18,102.18,102.05,102.08,215
1789664400,102.09,102.09,101.98,102.08,264
1789664460,102.07,102.2,102.05,102.1,262
1789664520,102.11,102.18,102.11,102.16,253
1789664580,102.16,102.18,102.01,102.07,322
1789664640,102.06,102.1,102.05,102.09,112
1789664700,102.09,102.23,102.05,102.18,307
1789664760,102.19,102.2,102.1,102.18,137
1789664820,102.19,102.22,102.17,102.21,181
1789664880,102.22,102.22,102.16,102.2,206
1789664940,102.21,102.22,102.15,102.16,118
1789665000,102.18,102.3,102.15,102.28,469
1789665060,102.28,102.29,102.23,102.29,282
1789665120,102.29,102.4,102.24,102.39,394
1789665180,102.38,102.4,102.21,102.32,459
1789665240,102.33,102.35,102.28,102.34,145
1789665300,102.35,102.41,102.33,102.37,295
1789665360,102.37,102.41,102.27,102.33,251
1789665420,102.33,102.37,102.18,102.21,546
1789665480,102.21,102.28,102.12,102.13,376
1789665540,102.14,102.17,102.08,102.12,577
1789665600,102.12,102.13,101.97,102.09,312
1789665660,102.1,102.2,102.1,102.2,284
1789665720,102.2,102.23,102.14,102.17,297
1789665780,102.18,102.26,102.14,102.25,296
1789665840,102.25,102.31,102.21,102.27,389
1789665900,102.27,102.28,102.11,102.11,116
1789665960,102.11,102.26,102.09,102.19,100
1789666020,102.2,102.25,102.18,102.19,102
1789666080,102.21,102.23,102.18,102.23,112
1789666140,102.23,102.26,102.13,102.15,131
1789666200,102.14,102.15,102.02,102.02,144
1789666260,102.01,102.08,101.97,102.05,244
1789666320,102.06,102.08,102,102.01,78
1789666380,102.02,102.02,101.94,101.98,453
1789666440,101.98,102.04,101.98,101.99,80
1789666500,101.99,102.02,101.94,101.98,163
1789666560,101.99,102.06,101.98,102.02,196
1789666620,102.02,102.04,101.97,102.04,57
1789666680,102.03,102.08,102.01,102.02,140
1789666740,102.03,102.06,101.94,101.97,130
1789666800,101.96,101.98,101.84,101.88,341
1789666860,101.88,101.91,101.83,101.85,192
1789666920,101.84,101.94,101.77,101.89,292
1789666980,101.88,102.05,101.88,101.99,217
1789667040,101.97,102,101.93,101.93,89
1789667100,101.94,101.95,101.86,101.91,126
1789667160,101.91,101.93,101.87,101.91,114
1789667220,101.91,101.95,101.9,101.95,52
1789667280,101.91,101.94,101.9,101.93,48
1789667340,101.93,101.98,101.93,101.94,59
1789667400,101.95,102.07,101.95,102.07,245
1789667460,102.06,102.13,102.02,102.06,322
1789667520,102.04,102.06,102,102.01,62
1789667580,102.01,102.02,101.95,101.98,98
1789667640,101.97,102.08,101.91,102.04,152
1789667700,102.04,102.08,102.02,102.05,86
1789667760,102.04,102.04,101.98,101.98,105
1789667820,101.99,101.99,101.85,101.95,321
1789667880,101.95,102.02,101.94,102.01,296
1789667940,102.03,102.03,101.94,101.98,119
1789668000,101.98,102.04,101.96,101.97,92
1789668060,101.95,101.97,101.91,101.96,88
1789668120,101.95,102.01,101.93,101.93,91
1789668180,101.93,101.98,101.9,101.93,124
1789668240,101.92,101.93,101.86,101.88,145
1789668300,101.89,101.91,101.85,101.88,72
1789668360,101.87,101.89,101.79,101.83,124
1789668420,101.83,101.83,101.79,101.79,64
1789668480,101.79,101.8,101.75,101.77,76
1789668540,101.78,101.91,101.76,101.91,152
1789668600,101.92,101.93,101.81,101.81,131
1789668660,101.83,101.83,101.78,101.79,76
1789668720,101.78,101.85,101.77,101.81,170
1789668780,101.79,101.79,101.72,101.74,145
1789668840,101.74,101.77,101.65,101.68,186
1789668900,101.69,101.74,101.67,101.74,91
1789668960,101.76,101.84,101.73,101.83,206
1789669020,101.83,101.85,101.75,101.84,107
1789669080,101.84,101.85,101.81,101.83,84
1789669140,101.81,101.84,101.78,101.84,87
1789669200,101.85,101.95,101.82,101.95,245
1789669260,101.94,102.11,101.93,102.09,425
1789669320,102.08,102.15,101.96,101.99,484
1789669380,102,102.03,101.94,101.99,122
1789669440,101.98,102.01,101.95,102,228
1789669500,102,102,101.8,101.88,600
1789669560,101.89,101.89,101.78,101.78,229
1789669620,101.78,101.87,101.77,101.84,823
1789669680,101.84,101.89,101.73,101.88,1839
1789669740,101.88,102.04,101.87,102.03,2001
1789669800,102.03,102.06,101.94,102.02,468
1789669860,102.03,102.09,101.97,102.06,313
1789669920,102.05,102.1,102,102.06,323
1789669980,102.05,102.06,101.93,102,643
1789670040,101.99,102.01,101.94,101.97,94
1789670100,101.96,101.98,101.91,101.96,106
1789670160,101.96,101.96,101.91,101.91,131
1789670220,101.91,101.95,101.9,101.94,165
1789670280,101.93,101.96,101.9,101.91,99
1789670340,101.91,101.92,101.88,101.9,416
1789670400,101.9,101.92,101.8,101.86,256
1789670460,101.84,101.84,101.81,101.81,16
1789670520,101.82,101.82,101.77,101.77,54
1789670580,101.76,101.84,101.76,101.81,74
1789670640,101.81,101.81,101.77,101.78,48
1789670700,101.77,101.83,101.76,101.79,119
1789670760,101.77,101.78,101.76,101.78,52
1789670820,101.78,101.85,101.78,101.84,56
1789670880,101.84,101.87,101.82,101.82,37
1789670940,101.83,101.85,101.82,101.82,35
1789671000,101.82,101.87,101.82,101.84,85
1789671060,101.85,101.86,101.83,101.83,105
1789671120,101.84,101.84,101.77,101.8,151
1789671180,101.81,101.82,101.77,101.78,56
1789671240,101.79,101.83,101.79,101.82,53
1789671300,101.82,101.82,101.79,101.81,26
1789671360,101.82,101.83,101.79,101.82,57
1789671420,101.83,101.84,101.83,101.84,26
1789671480,101.84,101.87,101.84,101.86,28
1789671540,101.84,101.85,101.81,101.83,57
1789671600,101.84,101.85,101.83,101.84,12
1789671660,101.83,101.83,101.73,101.74,153
1789671720,101.74,101.76,101.55,101.55,258
1789671780,101.55,101.57,101.48,101.51,88
1789671840,101.52,101.52,101.47,101.48,77
1789671900,101.49,101.5,101.47,101.47,85
1789671960,101.47,101.49,101.4,101.4,102
1789672020,101.4,101.4,101.32,101.32,89
1789672080,101.3,101.36,101.3,101.35,50
1789672140,101.37,101.37,101.33,101.36,43
1789672200,101.35,101.42,101.34,101.4,69
1789672260,101.4,101.4,101.32,101.35,103
1789672320,101.36,101.43,101.36,101.41,33
1789672380,101.41,101.45,101.41,101.44,45
1789672440,101.42,101.44,101.41,101.43,36
1789672500,101.44,101.49,101.43,101.46,98
1789672560,101.47,101.48,101.4,101.44,61
1789672620,101.44,101.47,101.41,101.41,47
1789672680,101.41,101.41,101.29,101.33,158
1789672740,101.31,101.32,101.25,101.29,59
1789672800,101.29,101.32,101.26,101.26,19
1789672860,101.27,101.28,101.17,101.21,220
1789672920,101.21,101.21,101.17,101.17,33
1789672980,101.16,101.18,101.12,101.18,118
1789673040,101.17,101.2,101.07,101.2,111
1789673100,101.19,101.23,101.15,101.21,83
1789673160,101.21,101.23,101.17,101.2,86
1789673220,101.19,101.2,101.16,101.19,41
1789673280,101.21,101.21,101.14,101.18,92
1789673340,101.17,101.2,101.15,101.18,35
1789673400,101.19,101.21,101.19,101.21,29
1789673460,101.22,101.25,101.22,101.23,19
1789673520,101.24,101.33,101.24,101.3,75
1789673580,101.3,101.32,101.3,101.31,12
1789673640,101.3,101.32,101.27,101.28,57
1789673700,101.28,101.29,101.24,101.28,46
1789673760,101.28,101.29,101.24,101.25,70
1789673820,101.25,101.27,101.24,101.25,48
1789673880,101.26,101.26,101.23,101.23,26
1789673940,101.23,101.24,101.2,101.23,46
1789674000,101.23,101.26,101.22,101.26,64
1789674060,101.28,101.28,101.22,101.22,44
1789674120,101.22,101.26,101.2,101.25,82
1789674180,101.25,101.3,101.24,101.25,60
1789674240,101.25,101.25,101.2,101.2,92
1789674300,101.21,101.22,101.16,101.18,24
1789674360,101.18,101.2,101.16,101.2,36
1789674420,101.2,101.2,101.18,101.19,23
1789674480,101.18,101.22,101.18,101.2,39
1789674540,101.19,101.21,101.19,101.2,24
1789674600,101.2,101.24,101.2,101.22,67
1789674660,101.21,101.22,101.2,101.21,40
1789674720,101.2,101.27,101.2,101.25,70
1789674780,101.25,101.27,101.24,101.27,35
1789674840,101.26,101.26,101.23,101.24,59
1789674900,101.24,101.28,101.22,101.23,101
1789674960,101.22,101.23,101.22,101.22,19
1789675020,101.22,101.22,101.17,101.21,46
1789675080,101.21,101.22,101.19,101.2,53
1789675140,101.21,101.25,101.19,101.24,80
1789675200,101.24,101.29,101.22,101.26,47
1789675260,101.26,101.26,101.18,101.19,24
1789675320,101.2,101.29,101.2,101.26,111
1789675380,101.25,101.27,101.18,101.2,47
1789675440,101.21,101.24,101.21,101.23,6
1789675500,101.22,101.23,101.16,101.17,30
1789675560,101.17,101.19,101.17,101.19,9
1789675620,101.17,101.2,101.12,101.19,48
1789675680,101.15,101.16,101.07,101.16,52
1789675740,101.16,101.16,101.14,101.15,21
1789675800,101.15,101.17,101.13,101.14,11
1789675860,101.14,101.14,101.12,101.13,37
1789675920,101.13,101.17,101.13,101.13,27
1789675980,101.12,101.18,101.12,101.18,17
1789676040,101.19,101.31,101.19,101.31,35
1789676100,101.31,101.32,101.27,101.29,75
1789676160,101.28,101.31,101.28,101.3,24
1789676220,101.29,101.3,101.28,101.3,9
1789676280,101.27,101.3,101.26,101.26,9
1789676340,101.26,101.27,101.25,101.26,11
1789676400,101.25,101.26,101.23,101.26,14
1789676460,101.25,101.25,101.24,101.24,9
1789676520,101.25,101.31,101.25,101.31,7
1789676580,101.31,101.31,101.26,101.28,16
1789676640,101.27,101.3,101.26,101.3,7
1789676700,101.29,101.29,101.23,101.24,22
1789676760,101.23,101.24,101.22,101.22,5
1789676820,101.23,101.23,101.18,101.2,13
1789676880,101.2,101.21,101.2,101.21,9
1789676940,101.22,101.23,101.19,101.19,28
1789677000,101.19,101.23,101.19,101.23,18
1789677060,101.23,101.27,101.23,101.27,14
1789677120,101.27,101.28,101.25,101.25,23
1789677180,101.26,101.29,101.25,101.27,16
1789677240,101.28,101.28,101.27,101.28,7
1789677300,101.28,101.32,101.28,101.32,9
1789677360,101.33,101.36,101.29,101.29,15
1789677420,101.3,101.31,101.3,101.3,4
1789677480,101.33,101.33,101.31,101.32,8
1789677540,101.32,101.32,101.27,101.27,25
1789677600,101.28,101.3,101.27,101.29,16
1789677660,101.28,101.28,101.25,101.26,19
1789677720,101.25,101.28,101.25,101.26,8
1789677780,101.26,101.26,101.25,101.26,24
1789677840,101.26,101.27,101.26,101.26,5
1789677900,101.25,101.27,101.24,101.26,7
1789677960,101.24,101.26,101.21,101.26,58
1789678020,101.28,101.28,101.24,101.25,16
1789678080,101.26,101.26,101.23,101.25,11
1789678140,101.25,101.26,101.25,101.26,20
1789678200,101.26,101.26,101.17,101.21,60
1789678260,101.22,101.23,101.21,101.23,27
1789678320,101.23,101.23,101.14,101.14,56
1789678380,101.14,101.16,101.14,101.15,8
1789678440,101.15,101.15,101.03,101.03,50
1789678500,101.03,101.06,100.98,100.99,166
1789678560,100.98,101.07,100.98,101.06,26
1789678620,101.04,101.08,101.04,101.08,16
1789678680,101.07,101.08,101.06,101.07,4
1789678740,101.07,101.09,101.07,101.09,27
1789682400,96.48,96.62,96.44,96.46,67
1789682460,96.48,96.51,96.35,96.36,73
1789682520,96.37,96.41,96.35,96.4,56
1789682580,96.41,96.45,96.39,96.44,47
1789682640,96.44,96.49,96.41,96.41,40
1789682700,96.41,96.45,96.4,96.45,19
1789682760,96.46,96.49,96.46,96.46,9
1789682820,96.47,96.5,96.46,96.5,8
1789682880,96.49,96.53,96.46,96.46,26
1789682940,96.45,96.48,96.45,96.48,16
1789683000,96.49,96.49,96.46,96.46,12
1789683060,96.45,96.47,96.44,96.47,6
1789683120,96.48,96.52,96.48,96.52,34
1789683180,96.53,96.54,96.52,96.54,12
1789683240,96.51,96.53,96.5,96.51,13
1789683300,96.52,96.52,96.51,96.52,5
1789683360,96.51,96.51,96.51,96.51,1
1789683480,96.51,96.54,96.51,96.54,8
1789683540,96.55,96.59,96.55,96.59,12
1789683600,96.58,96.67,96.58,96.65,34
1789683660,96.66,96.74,96.66,96.7,47
1789683720,96.71,96.75,96.71,96.72,30
1789683780,96.71,96.71,96.66,96.67,19
1789683840,96.67,96.7,96.67,96.7,5
1789683900,96.7,96.7,96.64,96.64,72
1789683960,96.62,96.68,96.6,96.66,26
1789684020,96.66,96.68,96.65,96.66,24
1789684080,96.66,96.66,96.63,96.63,5
1789684140,96.63,96.63,96.58,96.61,27
1789684200,96.58,96.67,96.58,96.67,24
1789684260,96.66,96.67,96.61,96.62,14
1789684320,96.6,96.6,96.57,96.59,7
1789684380,96.61,96.61,96.6,96.6,6
1789684440,96.6,96.6,96.58,96.59,6
1789684500,96.58,96.62,96.58,96.62,6
1789684560,96.63,96.63,96.62,96.63,6
1789684620,96.62,96.62,96.62,96.62,3
1789684680,96.61,96.61,96.61,96.61,2
1789684800,96.62,96.62,96.61,96.61,2
1789684860,96.62,96.63,96.61,96.61,4
1789684920,96.6,96.6,96.6,96.6,7
1789684980,96.62,96.63,96.6,96.6,5
1789685100,96.61,96.64,96.61,96.64,4
1789685160,96.62,96.63,96.62,96.63,7
1789685400,96.63,96.63,96.63,96.63,1
1789685520,96.63,96.63,96.63,96.63,1
1789685580,96.64,96.64,96.59,96.6,13
1789685640,96.59,96.59,96.58,96.58,5
1789685700,96.58,96.6,96.56,96.56,6
1789685760,96.57,96.6,96.57,96.59,10
1789685820,96.58,96.59,96.56,96.58,20
1789685880,96.56,96.57,96.55,96.57,19
1789685940,96.56,96.57,96.55,96.57,16
1789686000,96.54,96.55,96.52,96.52,22
1789686060,96.56,96.56,96.56,96.56,2
1789686120,96.58,96.58,96.58,96.58,5
1789686180,96.59,96.61,96.58,96.6,27
1789686240,96.61,96.64,96.61,96.64,11
1789686300,96.65,96.69,96.65,96.67,41
1789686360,96.64,96.65,96.64,96.65,9
1789686420,96.65,96.65,96.63,96.63,9
1789686480,96.63,96.63,96.63,96.63,1
1789686540,96.62,96.64,96.62,96.64,2
1789686660,96.64,96.64,96.63,96.63,3
1789686720,96.64,96.64,96.64,96.64,1
1789686780,96.63,96.63,96.62,96.63,7
1789686840,96.61,96.61,96.59,96.6,11
1789686900,96.6,96.6,96.6,96.6,1
1789686960,96.6,96.6,96.57,96.57,10
1789687020,96.58,96.6,96.58,96.59,4
1789687080,96.57,96.58,96.57,96.58,4
1789687140,96.57,96.59,96.55,96.56,4
1789687200,96.55,96.58,96.54,96.58,9
1789687260,96.57,96.57,96.57,96.57,1
1789687320,96.58,96.58,96.57,96.57,6
1789687380,96.54,96.54,96.54,96.54,1
1789687440,96.54,96.56,96.54,96.56,7
1789687500,96.55,96.55,96.51,96.51,25
1789687560,96.52,96.53,96.5,96.52,38
1789687620,96.53,96.53,96.52,96.52,3
1789687680,96.53,96.53,96.51,96.53,3
1789687740,96.51,96.53,96.51,96.53,9
1789687800,96.54,96.54,96.53,96.54,3
1789687860,96.54,96.56,96.54,96.55,22
1789687920,96.53,96.54,96.53,96.54,5
1789687980,96.54,96.54,96.53,96.54,3
1789688040,96.53,96.53,96.53,96.53,2
1789688100,96.55,96.55,96.53,96.54,4
1789688160,96.52,96.52,96.51,96.51,10
1789688220,96.51,96.51,96.49,96.51,8
1789688340,96.51,96.54,96.51,96.54,8
1789688400,96.55,96.57,96.55,96.56,9
1789688460,96.56,96.58,96.55,96.58,16
1789688520,96.58,96.58,96.57,96.57,2
1789688580,96.57,96.58,96.56,96.58,6
1789688640,96.57,96.57,96.57,96.57,1
1789688700,96.58,96.63,96.58,96.59,17
1789688760,96.56,96.57,96.55,96.57,4
1789688820,96.57,96.57,96.56,96.56,4
1789688880,96.56,96.59,96.56,96.59,4
1789688940,96.59,96.61,96.59,96.61,11
1789689000,96.59,96.59,96.58,96.59,8
1789689060,96.6,96.63,96.6,96.63,12
1789689120,96.62,96.63,96.62,96.63,5
1789689180,96.63,96.63,96.62,96.62,4
1789689240,96.63,96.63,96.61,96.63,20
1789689300,96.64,96.67,96.64,96.66,36
1789689360,96.66,96.67,96.6,96.6,25
1789689420,96.58,96.58,96.55,96.55,22
1789689480,96.55,96.56,96.55,96.56,4
1789689540,96.56,96.56,96.5,96.52,22
1789689600,96.51,96.6,96.35,96.59,513
1789689660,96.59,96.61,96.58,96.59,18
1789689720,96.58,96.63,96.56,96.61,30
1789689780,96.61,96.66,96.56,96.56,59
1789689840,96.55,96.57,96.51,96.51,40
1789689900,96.51,96.53,96.49,96.52,36
1789689960,96.54,96.55,96.51,96.51,8
1789690020,96.53,96.53,96.45,96.5,34
1789690080,96.5,96.5,96.45,96.46,39
1789690140,96.47,96.47,96.43,96.43,8
1789690200,96.45,96.47,96.45,96.47,10
1789690260,96.45,96.46,96.32,96.33,71
1789690320,96.34,96.37,96.34,96.35,43
1789690380,96.34,96.34,96.31,96.31,30
1789690440,96.31,96.33,96.23,96.24,71
1789690500,96.24,96.33,96.21,96.31,69
1789690560,96.32,96.42,96.32,96.42,61
1789690620,96.41,96.45,96.41,96.44,18
1789690680,96.43,96.43,96.38,96.39,26
1789690740,96.4,96.43,96.39,96.41,18
1789690800,96.41,96.41,96.32,96.32,35
1789690860,96.32,96.32,96.28,96.28,96
1789690920,96.28,96.33,96.27,96.31,35
1789690980,96.32,96.33,96.31,96.33,39
1789691040,96.34,96.34,96.31,96.31,5
1789691100,96.31,96.33,96.31,96.33,17
1789691160,96.33,96.36,96.32,96.33,23
1789691220,96.33,96.35,96.32,96.35,6
1789691280,96.36,96.38,96.35,96.38,18
1789691340,96.37,96.38,96.34,96.34,11
1789691400,96.33,96.34,96.31,96.34,30
1789691460,96.35,96.35,96.31,96.32,10
1789691520,96.35,96.37,96.35,96.35,9
1789691580,96.35,96.39,96.32,96.39,23
1789691640,96.4,96.41,96.36,96.36,15
1789691700,96.35,96.36,96.33,96.35,21
1789691760,96.36,96.4,96.34,96.4,14
1789691820,96.4,96.41,96.38,96.4,14
1789691880,96.4,96.42,96.37,96.37,11
1789691940,96.36,96.36,96.35,96.36,3
1789692000,96.35,96.35,96.34,96.35,3
1789692060,96.36,96.36,96.36,96.36,2
1789692120,96.34,96.34,96.34,96.34,6
1789692180,96.33,96.33,96.31,96.33,6
1789692240,96.34,96.34,96.33,96.33,8
1789692300,96.33,96.35,96.31,96.35,19
1789692360,96.36,96.38,96.35,96.37,10
1789692420,96.35,96.35,96.32,96.35,19
1789692480,96.36,96.36,96.36,96.36,2
1789692540,96.37,96.4,96.37,96.39,8
1789692600,96.4,96.48,96.4,96.41,68
1789692660,96.41,96.42,96.39,96.42,10
1789692720,96.43,96.43,96.42,96.42,7
1789692780,96.44,96.47,96.43,96.47,14
1789692840,96.48,96.5,96.48,96.5,10
1789692900,96.49,96.49,96.43,96.44,19
1789692960,96.43,96.49,96.43,96.48,8
1789693020,96.49,96.51,96.48,96.49,17
1789693080,96.5,96.6,96.5,96.59,92
1789693140,96.57,96.65,96.57,96.6,79
1789693200,96.6,96.61,96.47,96.49,186
1789693260,96.49,96.6,96.41,96.56,64
1789693320,96.56,96.62,96.53,96.55,46
1789693380,96.55,96.6,96.48,96.5,46
1789693440,96.48,96.52,96.42,96.47,43
1789693500,96.46,96.46,96.38,96.44,38
1789693560,96.43,96.49,96.43,96.46,20
1789693620,96.42,96.45,96.38,96.39,45
1789693680,96.4,96.56,96.39,96.47,63
1789693740,96.45,96.47,96.42,96.46,26
1789693800,96.45,96.46,96.4,96.41,28
1789693860,96.42,96.44,96.37,96.43,48
1789693920,96.42,96.46,96.41,96.41,45
1789693980,96.38,96.51,96.38,96.48,31
1789694040,96.46,96.5,96.44,96.48,12
1789694100,96.48,96.58,96.48,96.57,23
1789694160,96.58,96.75,96.58,96.69,92
1789694220,96.68,96.68,96.63,96.65,35
1789694280,96.65,96.69,96.65,96.67,21
1789694340,96.66,96.7,96.58,96.63,66
1789694400,96.64,96.65,96.53,96.59,35
1789694460,96.61,96.63,96.53,96.56,19
1789694520,96.55,96.65,96.55,96.6,14
1789694580,96.61,96.64,96.59,96.59,8
1789694640,96.57,96.63,96.57,96.6,35
1789694700,96.6,96.62,96.56,96.61,30
1789694760,96.61,96.62,96.57,96.62,13
1789694820,96.66,96.72,96.64,96.7,67
1789694880,96.7,96.71,96.67,96.67,74
1789694940,96.67,96.73,96.67,96.73,46
1789695000,96.7,96.74,96.68,96.71,33
1789695060,96.73,96.77,96.71,96.74,62
1789695120,96.75,96.78,96.66,96.67,51
1789695180,96.63,96.64,96.56,96.59,57
1789695240,96.6,96.62,96.57,96.58,22
1789695300,96.58,96.62,96.57,96.58,22
1789695360,96.57,96.57,96.47,96.49,57
1789695420,96.49,96.49,96.46,96.47,30
1789695480,96.48,96.49,96.37,96.4,165
1789695540,96.4,96.41,96.34,96.35,68
1789695600,96.37,96.42,96.34,96.35,27
1789695660,96.36,96.36,96.23,96.24,183
1789695720,96.23,96.25,96.18,96.2,123
1789695780,96.19,96.24,96.16,96.23,43
1789695840,96.23,96.29,96.18,96.29,45
1789695900,96.31,96.32,96.23,96.27,45
1789695960,96.27,96.32,96.27,96.31,20
1789696020,96.31,96.32,96.28,96.29,13
1789696080,96.29,96.3,96.27,96.27,15
1789696140,96.29,96.3,96.27,96.28,22
1789696200,96.28,96.42,96.28,96.42,69
1789696260,96.43,96.52,96.43,96.46,63
1789696320,96.49,96.56,96.49,96.51,36
1789696380,96.54,96.6,96.54,96.6,49
1789696440,96.58,96.58,96.53,96.53,23
1789696500,96.55,96.58,96.55,96.57,15
1789696560,96.59,96.61,96.55,96.61,64
1789696620,96.6,96.61,96.49,96.52,44
1789696680,96.53,96.63,96.53,96.6,53
1789696740,96.6,96.62,96.58,96.61,21
1789696800,96.61,96.71,96.57,96.66,115
1789696860,96.65,96.71,96.62,96.7,58
1789696920,96.72,96.73,96.69,96.71,65
1789696980,96.7,96.72,96.65,96.67,32
1789697040,96.69,96.69,96.66,96.66,9
1789697100,96.67,96.68,96.61,96.63,35
1789697160,96.63,96.67,96.6,96.64,24
1789697220,96.64,96.66,96.6,96.63,19
1789697280,96.63,96.73,96.63,96.7,75
1789697340,96.7,96.73,96.7,96.73,35
1789697400,96.74,96.81,96.72,96.79,87
1789697460,96.77,96.84,96.76,96.77,55
1789697520,96.77,96.79,96.76,96.78,13
1789697580,96.76,96.77,96.66,96.67,41
1789697640,96.67,96.69,96.67,96.69,20
1789697700,96.68,96.68,96.66,96.66,12
1789697760,96.66,96.69,96.65,96.69,21
1789697820,96.68,96.68,96.68,96.68,4
1789697880,96.67,96.67,96.65,96.66,15
1789697940,96.65,96.66,96.64,96.64,9
1789698000,96.67,96.68,96.63,96.65,17
1789698060,96.65,96.67,96.61,96.67,22
1789698120,96.66,96.68,96.66,96.68,4
1789698180,96.69,96.72,96.66,96.66,13
1789698240,96.65,96.66,96.65,96.65,7
1789698300,96.66,96.69,96.65,96.69,11
1789698360,96.7,96.7,96.68,96.68,6
1789698420,96.66,96.67,96.64,96.65,8
1789698480,96.64,96.64,96.61,96.62,13
1789698540,96.64,96.65,96.62,96.65,9
1789698600,96.66,96.7,96.6,96.65,36
1789698660,96.63,96.66,96.62,96.63,23
1789698720,96.64,96.67,96.62,96.64,20
1789698780,96.62,96.62,96.54,96.56,49
1789698840,96.54,96.54,96.45,96.47,103
1789698900,96.47,96.52,96.44,96.5,40
1789698960,96.5,96.53,96.47,96.49,15
1789699020,96.5,96.53,96.5,96.52,19
1789699080,96.51,96.52,96.49,96.49,13
1789699140,96.49,96.52,96.49,96.5,39
1789699200,96.5,96.5,96.42,96.49,62
1789699260,96.48,96.51,96.44,96.45,39
1789699320,96.46,96.49,96.46,96.47,21
1789699380,96.47,96.54,96.46,96.54,48
1789699440,96.55,96.57,96.48,96.48,36
1789699500,96.48,96.5,96.47,96.47,11
1789699560,96.49,96.51,96.48,96.49,20
1789699620,96.48,96.52,96.48,96.5,40
1789699680,96.49,96.53,96.48,96.5,30
1789699740,96.49,96.52,96.46,96.48,36
1789699800,96.47,96.48,96.46,96.46,5
1789699860,96.47,96.56,96.47,96.54,25
1789699920,96.53,96.65,96.51,96.64,77
1789699980,96.63,96.69,96.61,96.63,64
1789700040,96.63,96.71,96.58,96.65,65
1789700100,96.66,96.66,96.59,96.61,43
1789700160,96.62,96.63,96.61,96.63,4
1789700220,96.59,96.72,96.57,96.68,82
1789700280,96.68,96.73,96.66,96.66,42
1789700340,96.66,96.68,96.64,96.68,10
1789700400,96.67,96.68,96.6,96.64,76
1789700460,96.65,96.67,96.6,96.67,32
1789700520,96.69,96.75,96.68,96.75,31
1789700580,96.73,96.76,96.7,96.73,27
1789700640,96.68,96.72,96.68,96.72,14
1789700700,96.72,96.74,96.72,96.73,18
1789700760,96.71,96.73,96.69,96.69,18
1789700820,96.73,96.73,96.7,96.7,20
1789700880,96.7,96.73,96.69,96.72,24
1789700940,96.72,96.73,96.69,96.73,19
1789701000,96.7,96.74,96.69,96.74,36
1789701060,96.74,96.8,96.71,96.77,75
1789701120,96.76,96.76,96.68,96.69,41
1789701180,96.68,96.71,96.68,96.71,17
1789701240,96.73,96.74,96.7,96.71,21
1789701300,96.74,96.74,96.71,96.71,6
1789701360,96.7,96.73,96.7,96.71,16
1789701420,96.7,96.7,96.63,96.63,33
1789701480,96.64,96.64,96.59,96.63,21
1789701540,96.65,96.65,96.59,96.62,15
1789701600,96.64,96.64,96.53,96.55,114
1789701660,96.55,96.59,96.53,96.53,72
1789701720,96.54,96.59,96.53,96.58,20
1789701780,96.59,96.64,96.58,96.61,29
1789701840,96.58,96.61,96.56,96.57,27
1789701900,96.57,96.61,96.55,96.58,34
1789701960,96.56,96.56,96.51,96.53,42
1789702020,96.53,96.54,96.51,96.51,13
1789702080,96.5,96.52,96.49,96.51,24
1789702140,96.53,96.55,96.51,96.51,8
1789702200,96.51,96.51,96.49,96.51,5
1789702260,96.51,96.56,96.49,96.53,34
1789702320,96.52,96.52,96.48,96.48,13
1789702380,96.48,96.48,96.47,96.48,16
1789702440,96.47,96.48,96.42,96.42,57
1789702500,96.42,96.45,96.39,96.4,31
1789702560,96.43,96.43,96.39,96.42,21
1789702620,96.4,96.43,96.4,96.41,30
1789702680,96.4,96.43,96.4,96.42,27
1789702740,96.43,96.47,96.43,96.47,41
1789702800,96.47,96.5,96.46,96.46,24
1789702860,96.47,96.47,96.43,96.44,12
1789702920,96.43,96.43,96.43,96.43,1
1789702980,96.45,96.45,96.44,96.44,9
1789703040,96.44,96.44,96.42,96.43,13
1789703100,96.43,96.44,96.37,96.4,53
1789703160,96.41,96.44,96.41,96.43,18
1789703220,96.41,96.43,96.4,96.41,9
1789703280,96.41,96.42,96.38,96.38,9
1789703340,96.37,96.38,96.35,96.37,16
1789703400,96.38,96.39,96.36,96.39,31
1789703460,96.39,96.39,96.37,96.38,5
1789703520,96.37,96.42,96.37,96.42,12
1789703580,96.41,96.49,96.41,96.49,14
1789703640,96.5,96.5,96.47,96.47,6
1789703700,96.48,96.52,96.48,96.5,14
1789703760,96.48,96.5,96.48,96.5,8
1789703820,96.49,96.52,96.49,96.52,49
1789703880,96.52,96.53,96.49,96.49,21
1789703940,96.51,96.55,96.51,96.53,10
1789704000,96.53,96.56,96.53,96.55,21
1789704060,96.56,96.56,96.53,96.56,14
1789704120,96.55,96.59,96.55,96.58,21
1789704180,96.59,96.59,96.56,96.56,25
1789704240,96.56,96.59,96.55,96.58,19
1789704300,96.57,96.58,96.56,96.56,11
1789704360,96.57,96.6,96.56,96.56,25
1789704420,96.55,96.55,96.51,96.51,21
1789704480,96.53,96.53,96.46,96.49,61
1789704540,96.49,96.5,96.49,96.49,9
1789704600,96.5,96.5,96.45,96.49,45
1789704660,96.48,96.49,96.46,96.48,27
1789704720,96.48,96.49,96.47,96.47,13
1789704780,96.47,96.49,96.47,96.47,29
1789704840,96.48,96.49,96.47,96.47,16
1789704900,96.47,96.49,96.47,96.47,11
1789704960,96.47,96.5,96.46,96.49,28
1789705020,96.5,96.56,96.49,96.56,29
1789705080,96.54,96.6,96.53,96.56,78
1789705140,96.56,96.56,96.52,96.56,17
1789705200,96.56,96.63,96.55,96.63,48
1789705260,96.63,96.68,96.63,96.63,97
1789705320,96.64,96.65,96.63,96.65,38
1789705380,96.64,96.67,96.64,96.66,36
1789705440,96.66,96.68,96.62,96.63,28
1789705500,96.64,96.65,96.62,96.63,30
1789705560,96.64,96.64,96.61,96.62,28
1789705620,96.61,96.62,96.58,96.59,21
1789705680,96.59,96.6,96.56,96.6,29
1789705740,96.59,96.6,96.57,96.57,20
1789705800,96.57,96.57,96.45,96.5,87
1789705860,96.51,96.51,96.44,96.44,41
1789705920,96.44,96.47,96.41,96.47,62
1789705980,96.5,96.5,96.46,96.46,33
1789706040,96.48,96.52,96.47,96.51,23
1789706100,96.51,96.55,96.51,96.51,35
1789706160,96.51,96.51,96.5,96.5,16
1789706220,96.5,96.52,96.5,96.5,23
1789706280,96.5,96.51,96.47,96.47,23
1789706340,96.47,96.47,96.45,96.45,5
1789706400,96.45,96.45,96.45,96.45,14
1789706460,96.45,96.45,96.42,96.43,21
1789706520,96.42,96.43,96.26,96.26,190
1789706580,96.25,96.3,96.13,96.13,181
1789706640,96.13,96.22,96.12,96.18,172
1789706700,96.17,96.18,96.12,96.15,44
1789706760,96.16,96.25,96.14,96.24,70
1789706820,96.22,96.32,96.22,96.29,108
1789706880,96.29,96.36,96.29,96.35,33
1789706940,96.35,96.37,96.33,96.33,16
1789707000,96.3,96.32,96.29,96.32,13
1789707060,96.29,96.29,96.22,96.23,51
1789707120,96.22,96.26,96.21,96.24,17
1789707180,96.22,96.27,96.22,96.27,15
1789707240,96.27,96.28,96.24,96.26,29
1789707300,96.26,96.28,96.24,96.28,17
1789707360,96.29,96.29,96.23,96.27,18
1789707420,96.27,96.28,96.24,96.27,17
1789707480,96.26,96.35,96.26,96.31,53
1789707540,96.32,96.35,96.31,96.34,32
1789707600,96.33,96.35,96.3,96.3,26
1789707660,96.32,96.37,96.29,96.36,35
1789707720,96.36,96.36,96.33,96.34,7
1789707780,96.35,96.35,96.31,96.31,40
1789707840,96.33,96.35,96.32,96.32,28
1789707900,96.32,96.37,96.3,96.37,17
1789707960,96.37,96.46,96.37,96.45,56
1789708020,96.44,96.51,96.43,96.51,76
1789708080,96.51,96.52,96.43,96.44,54
1789708140,96.45,96.45,96.4,96.41,25
1789708200,96.42,96.42,96.37,96.37,29
1789708260,96.38,96.38,96.35,96.36,19
1789708320,96.38,96.38,96.33,96.33,6
1789708380,96.33,96.38,96.32,96.38,19
1789708440,96.37,96.37,96.33,96.34,30
1789708500,96.34,96.35,96.32,96.35,19
1789708560,96.33,96.35,96.33,96.35,16
1789708620,96.34,96.34,96.3,96.3,10
1789708680,96.31,96.34,96.31,96.34,26
1789708740,96.37,96.38,96.36,96.38,19
1789708800,96.38,96.38,96.34,96.37,12
1789708860,96.38,96.39,96.36,96.37,22
1789708920,96.36,96.38,96.35,96.38,13
1789708980,96.38,96.39,96.35,96.36,20
1789709040,96.37,96.37,96.33,96.33,29
1789709100,96.34,96.35,96.3,96.34,50
1789709160,96.33,96.34,96.32,96.34,19
1789709220,96.33,96.34,96.32,96.34,14
1789709280,96.34,96.34,96.32,96.32,7
1789709340,96.32,96.35,96.32,96.34,35
1789709400,96.33,96.35,96.25,96.34,129
1789709460,96.37,96.4,96.29,96.32,58
1789709520,96.3,96.32,96.25,96.29,37
1789709580,96.31,96.35,96.27,96.35,41
1789709640,96.34,96.38,96.32,96.35,62
1789709700,96.29,96.32,96.22,96.23,57
1789709760,96.23,96.27,96.19,96.19,64
1789709820,96.19,96.22,96.14,96.15,101
1789709880,96.15,96.19,96.11,96.19,82
1789709940,96.17,96.17,96.03,96.1,213
1789710000,96.09,96.14,96.05,96.14,60
1789710060,96.16,96.2,96.06,96.19,135
1789710120,96.17,96.28,96.15,96.16,99
1789710180,96.2,96.26,96.19,96.2,88
1789710240,96.21,96.21,96.09,96.12,76
1789710300,96.11,96.17,96.09,96.15,49
1789710360,96.19,96.43,96.16,96.43,265
1789710420,96.41,96.41,96.28,96.29,95
1789710480,96.29,96.34,96.23,96.24,285
1789710540,96.26,96.33,96.24,96.32,64
1789710600,96.24,96.26,96.16,96.23,267
1789710660,96.24,96.31,96.24,96.27,52
1789710720,96.28,96.37,96.26,96.37,74
1789710780,96.37,96.39,96.19,96.2,120
1789710840,96.2,96.22,96.16,96.2,73
1789710900,96.2,96.22,96.18,96.22,38
1789710960,96.23,96.3,96.23,96.28,92
1789711020,96.26,96.32,96.26,96.31,32
1789711080,96.32,96.33,96.3,96.31,27
1789711140,96.32,96.34,96.29,96.31,81
1789711200,96.32,96.32,96.18,96.23,96
1789711260,96.23,96.3,96.23,96.28,52
1789711320,96.29,96.41,96.29,96.36,192
1789711380,96.36,96.39,96.32,96.37,156
1789711440,96.37,96.46,96.32,96.33,285
1789711500,96.33,96.39,96.26,96.28,82
1789711560,96.26,96.26,96.16,96.19,176
1789711620,96.19,96.25,96.18,96.19,48
1789711680,96.18,96.26,96.17,96.23,74
1789711740,96.21,96.3,96.2,96.26,107
1789711800,96.25,96.25,96.2,96.25,33
1789711860,96.23,96.23,96.18,96.19,30
1789711920,96.17,96.17,96.05,96.1,225
1789711980,96.11,96.19,96.11,96.19,41
1789712040,96.18,96.29,96.17,96.25,67
1789712100,96.26,96.33,96.25,96.32,55
1789712160,96.3,96.39,96.28,96.28,75
1789712220,96.24,96.25,96.18,96.18,42
1789712280,96.18,96.28,96.18,96.24,19
1789712340,96.22,96.22,96.14,96.16,72
1789712400,96.18,96.22,96.08,96.15,132
1789712460,96.13,96.15,95.96,96.01,229
1789712520,95.98,96,95.88,95.93,187
1789712580,95.91,95.92,95.82,95.87,206
1789712640,95.87,95.89,95.8,95.88,168
1789712700,95.9,95.9,95.76,95.81,249
1789712760,95.83,95.91,95.81,95.9,65
1789712820,95.87,95.9,95.81,95.86,69
1789712880,95.85,95.9,95.84,95.84,71
1789712940,95.84,95.87,95.71,95.73,291
1789713000,95.73,95.73,95.58,95.6,328
1789713060,95.6,95.63,95.56,95.6,275
1789713120,95.58,95.64,95.51,95.61,286
1789713180,95.61,95.61,95.51,95.54,193
1789713240,95.53,95.55,95.45,95.5,378
1789713300,95.5,95.5,95.37,95.4,343
1789713360,95.4,95.46,95.36,95.43,170
1789713420,95.43,95.46,95.36,95.37,263
1789713480,95.37,95.43,95.31,95.42,275
1789713540,95.41,95.45,95.36,95.4,259
1789713600,95.4,95.52,95.4,95.49,246
1789713660,95.49,95.61,95.45,95.61,153
1789713720,95.6,95.69,95.57,95.61,169
1789713780,95.61,95.66,95.5,95.5,148
1789713840,95.5,95.53,95.45,95.48,67
1789713900,95.49,95.56,95.49,95.5,118
1789713960,95.51,95.61,95.46,95.61,101
1789714020,95.61,95.64,95.58,95.59,153
1789714080,95.58,95.58,95.47,95.51,253
1789714140,95.5,95.53,95.48,95.48,42
1789714200,95.48,95.49,95.41,95.43,97
1789714260,95.41,95.43,95.35,95.35,123
1789714320,95.36,95.37,95.28,95.29,124
1789714380,95.31,95.35,95.27,95.3,140
1789714440,95.29,95.3,95.22,95.28,182
1789714500,95.28,95.34,95.25,95.33,153
1789714560,95.32,95.34,95.25,95.3,110
1789714620,95.29,95.31,95.26,95.28,71
1789714680,95.26,95.29,95.25,95.29,49
1789714740,95.28,95.38,95.28,95.37,137
1789714800,95.37,95.59,95.37,95.55,437
1789714860,95.54,95.59,95.51,95.53,167
1789714920,95.54,95.58,95.51,95.54,127
1789714980,95.55,95.58,95.53,95.57,60
1789715040,95.57,95.57,95.52,95.54,49
1789715100,95.55,95.59,95.55,95.58,72
1789715160,95.59,95.68,95.55,95.67,189
1789715220,95.66,95.71,95.6,95.62,220
1789715280,95.61,95.64,95.57,95.6,82
1789715340,95.59,95.63,95.57,95.62,120
1789715400,95.62,95.62,95.51,95.56,64
1789715460,95.54,95.55,95.42,95.5,172
1789715520,95.51,95.55,95.49,95.53,44
1789715580,95.52,95.52,95.47,95.48,135
1789715640,95.48,95.5,95.42,95.49,144
1789715700,95.46,95.5,95.44,95.45,73
1789715760,95.45,95.46,95.34,95.34,136
1789715820,95.36,95.39,95.27,95.29,165
1789715880,95.3,95.38,95.26,95.33,166
1789715940,95.34,95.35,95.2,95.22,169
1789716000,95.24,95.26,95.13,95.26,357
1789716060,95.25,95.29,95.13,95.18,195
1789716120,95.19,95.19,95.03,95.05,300
1789716180,95.04,95.04,94.96,95,397
1789716240,95,95.04,94.93,95.02,276
1789716300,95.03,95.04,94.98,95.01,217
1789716360,95,95.01,94.94,94.98,144
1789716420,94.98,95,94.94,94.98,122
1789716480,94.98,95.01,94.9,94.96,183
1789716540,94.96,95,94.95,94.99,105
1789716600,94.97,95.01,94.94,94.99,151
1789716660,94.98,95.14,94.93,95.12,361
1789716720,95.11,95.2,95.09,95.18,227
1789716780,95.17,95.2,95.14,95.14,104
1789716840,95.14,95.15,94.96,94.96,220
1789716900,94.96,94.98,94.85,94.89,288
1789716960,94.88,94.91,94.86,94.88,114
1789717020,94.86,94.93,94.86,94.91,71
1789717080,94.91,94.95,94.89,94.93,89
1789717140,94.92,94.93,94.83,94.86,124
1789717200,94.86,94.99,94.84,94.98,168
1789717260,94.98,95.07,94.96,95,231
1789717320,94.99,95.11,94.94,95.1,184
1789717380,95.09,95.16,95.07,95.16,118
1789717440,95.15,95.16,95.09,95.15,72
1789717500,95.13,95.24,95.12,95.24,111
1789717560,95.24,95.31,95.2,95.3,201
1789717620,95.3,95.33,95.25,95.33,113
1789717680,95.33,95.35,95.32,95.35,81
1789717740,95.34,95.36,95.26,95.32,122
1789717800,95.31,95.33,95.26,95.28,55
1789717860,95.27,95.34,95.26,95.32,126
1789717920,95.31,95.33,95.24,95.31,123
1789717980,95.31,95.37,95.29,95.33,202
1789718040,95.31,95.31,95.25,95.25,56
1789718100,95.24,95.41,95.24,95.35,128
1789718160,95.34,95.36,95.27,95.3,171
1789718220,95.29,95.34,95.29,95.34,134
1789718280,95.33,95.34,95.26,95.3,151
1789718340,95.29,95.35,95.28,95.33,72
1789718400,95.33,95.47,95.33,95.43,233
1789718460,95.42,95.46,95.4,95.42,99
1789718520,95.41,95.45,95.39,95.44,71
1789718580,95.42,95.49,95.4,95.42,118
1789718640,95.43,95.47,95.43,95.47,71
1789718700,95.46,95.54,95.45,95.47,158
1789718760,95.45,95.49,95.43,95.44,83
1789718820,95.44,95.49,95.37,95.38,85
1789718880,95.38,95.47,95.37,95.45,140
1789718940,95.45,95.52,95.42,95.49,120
1789719000,95.48,95.53,95.43,95.45,73
1789719060,95.45,95.5,95.43,95.48,70
1789719120,95.47,95.49,95.34,95.38,110
1789719180,95.37,95.45,95.35,95.38,61
1789719240,95.36,95.4,95.32,95.38,84
1789719300,95.38,95.47,95.35,95.4,116
1789719360,95.4,95.5,95.39,95.48,133
1789719420,95.49,95.5,95.37,95.39,111
1789719480,95.38,95.4,95.26,95.27,156
1789719540,95.26,95.34,95.21,95.32,140
1789719600,95.32,95.4,95.28,95.35,123
1789719660,95.34,95.41,95.3,95.4,114
1789719720,95.39,95.51,95.39,95.49,184
1789719780,95.49,95.54,95.46,95.51,129
1789719840,95.5,95.54,95.48,95.49,162
1789719900,95.49,95.56,95.47,95.54,97
1789719960,95.53,95.59,95.49,95.53,405
1789720020,95.53,95.66,95.52,95.58,234
1789720080,95.58,95.65,95.57,95.6,137
1789720140,95.61,95.76,95.61,95.74,561
1789720200,95.73,95.8,95.71,95.72,535
1789720260,95.72,95.87,95.7,95.83,307
1789720320,95.83,95.86,95.79,95.82,144
1789720380,95.82,95.82,95.72,95.72,117
1789720440,95.71,95.76,95.69,95.72,114
1789720500,95.72,95.75,95.67,95.73,96
1789720560,95.71,95.77,95.69,95.73,52
1789720620,95.75,95.78,95.73,95.75,85
1789720680,95.75,95.8,95.63,95.76,177
1789720740,95.75,95.77,95.7,95.74,74
1789720800,95.74,95.87,95.73,95.8,113
1789720860,95.81,95.87,95.81,95.87,42
1789720920,95.85,95.86,95.76,95.77,41
1789720980,95.77,95.8,95.71,95.74,101
1789721040,95.72,95.73,95.57,95.59,112
1789721100,95.6,95.62,95.56,95.58,92
1789721160,95.59,95.69,95.58,95.66,152
1789721220,95.67,95.69,95.62,95.62,60
1789721280,95.62,95.63,95.56,95.56,75
1789721340,95.56,95.57,95.51,95.55,223
1789721400,95.55,95.62,95.53,95.59,75
1789721460,95.59,95.69,95.58,95.61,118
1789721520,95.61,95.64,95.55,95.55,27
1789721580,95.55,95.56,95.48,95.54,182
1789721640,95.51,95.6,95.51,95.6,48
1789721700,95.6,95.6,95.53,95.53,68
1789721760,95.53,95.54,95.45,95.48,67
1789721820,95.48,95.58,95.46,95.56,92
1789721880,95.58,95.65,95.53,95.54,93
1789721940,95.54,95.57,95.5,95.56,92
1789722000,95.57,95.65,95.52,95.53,124
1789722060,95.52,95.55,95.47,95.52,182
1789722120,95.51,95.56,95.48,95.48,78
1789722180,95.48,95.48,95.44,95.46,143
1789722240,95.49,95.5,95.43,95.47,159
1789722300,95.47,95.49,95.41,95.43,145
1789722360,95.42,95.43,95.33,95.33,268
1789722420,95.33,95.34,95.26,95.29,164
1789722480,95.29,95.31,95.24,95.27,112
1789722540,95.27,95.32,95.25,95.28,109
1789722600,95.29,95.34,95.25,95.27,174
1789722660,95.28,95.3,95.27,95.28,58
1789722720,95.28,95.33,95.22,95.28,66
1789722780,95.26,95.36,95.26,95.34,132
1789722840,95.35,95.36,95.3,95.32,77
1789722900,95.32,95.39,95.31,95.32,79
1789722960,95.32,95.35,95.27,95.3,90
1789723020,95.3,95.35,95.24,95.25,100
1789723080,95.24,95.3,95.24,95.27,34
1789723140,95.25,95.25,95.2,95.24,59
1789723200,95.23,95.31,95.23,95.3,73
1789723260,95.29,95.3,95.25,95.29,37
1789723320,95.28,95.32,95.25,95.3,49
1789723380,95.31,95.34,95.29,95.31,72
1789723440,95.31,95.47,95.31,95.45,151
1789723500,95.43,95.56,95.41,95.53,133
1789723560,95.53,95.63,95.53,95.6,205
1789723620,95.61,95.76,95.59,95.76,215
1789723680,95.76,95.79,95.66,95.66,137
1789723740,95.67,95.69,95.63,95.69,132
1789723800,95.69,95.85,95.69,95.82,113
1789723860,95.82,95.89,95.82,95.88,168
1789723920,95.87,95.92,95.86,95.88,170
1789723980,95.87,95.94,95.83,95.9,153
1789724040,95.9,95.91,95.88,95.9,94
1789724100,95.9,95.9,95.83,95.84,121
1789724160,95.83,95.85,95.8,95.83,80
1789724220,95.83,95.92,95.83,95.92,125
1789724280,95.93,96.13,95.92,96.09,376
1789724340,96.09,96.37,96.09,96.37,514
1789724400,96.37,96.48,96.35,96.43,535
1789724460,96.43,96.44,96.31,96.43,337
1789724520,96.42,96.51,96.31,96.31,331
1789724580,96.32,96.38,96.31,96.36,156
1789724640,96.37,96.47,96.36,96.45,160
1789724700,96.46,96.51,96.46,96.48,138
1789724760,96.48,96.48,96.36,96.36,198
1789724820,96.35,96.41,96.35,96.37,131
1789724880,96.35,96.38,96.3,96.33,202
1789724940,96.34,96.39,96.33,96.36,112
1789725000,96.35,96.4,96.3,96.33,265
1789725060,96.33,96.37,96.19,96.19,245
1789725120,96.19,96.22,96.14,96.19,278
1789725180,96.2,96.28,96.2,96.26,115
1789725240,96.28,96.32,96.24,96.25,199
1789725300,96.24,96.31,96.21,96.28,143
1789725360,96.27,96.36,96.26,96.31,160
1789725420,96.33,96.38,96.31,96.35,127
1789725480,96.36,96.36,96.28,96.3,111
1789725540,96.3,96.39,96.29,96.38,91
1789725600,96.38,96.44,96.3,96.37,318
1789725660,96.37,96.42,96.33,96.36,108
1789725720,96.38,96.38,96.27,96.32,101
1789725780,96.3,96.35,96.3,96.35,57
1789725840,96.34,96.41,96.33,96.34,82
1789725900,96.34,96.38,96.33,96.33,45
1789725960,96.32,96.33,96.22,96.22,80
1789726020,96.22,96.26,96.15,96.18,128
1789726080,96.2,96.23,96.15,96.23,132
1789726140,96.24,96.25,96.19,96.21,91
1789726200,96.21,96.31,96.19,96.31,58
1789726260,96.29,96.4,96.29,96.36,149
1789726320,96.37,96.43,96.32,96.34,240
1789726380,96.35,96.38,96.3,96.3,89
1789726440,96.3,96.3,96.25,96.26,40
1789726500,96.26,96.26,96.16,96.18,105
1789726560,96.18,96.18,96.11,96.13,97
1789726620,96.15,96.17,96.15,96.16,12
1789726680,96.18,96.23,96.18,96.18,72
1789726740,96.2,96.32,96.19,96.21,90
1789726800,96.2,96.23,96.09,96.13,162
1789726860,96.12,96.16,96.09,96.11,47
1789726920,96.1,96.11,96.02,96.02,137
1789726980,96.03,96.06,95.94,95.95,127
1789727040,95.95,96.01,95.94,95.98,71
1789727100,96.01,96.06,96.01,96.03,38
1789727160,96.04,96.09,95.98,95.98,181
1789727220,95.98,95.98,95.82,95.82,183
1789727280,95.81,95.84,95.72,95.73,241
1789727340,95.74,95.76,95.66,95.67,99
1789727400,95.67,95.67,95.54,95.55,214
1789727460,95.55,95.77,95.55,95.76,211
1789727520,95.77,95.9,95.77,95.9,175
1789727580,95.88,95.88,95.78,95.8,79
1789727640,95.83,95.86,95.8,95.84,43
1789727700,95.83,95.91,95.79,95.87,86
1789727760,95.89,95.89,95.82,95.82,42
1789727820,95.82,95.84,95.78,95.83,43
1789727880,95.81,95.81,95.75,95.81,64
1789727940,95.8,95.86,95.77,95.8,33
1789728000,95.78,95.83,95.75,95.82,64
1789728060,95.82,95.87,95.81,95.84,56
1789728120,95.84,95.9,95.84,95.87,107
1789728180,95.88,95.88,95.76,95.77,57
1789728240,95.77,95.79,95.75,95.76,50
1789728300,95.75,95.77,95.72,95.76,49
1789728360,95.76,95.84,95.76,95.77,112
1789728420,95.75,95.79,95.72,95.77,55
1789728480,95.77,95.83,95.76,95.82,48
1789728540,95.82,95.85,95.78,95.82,82
1789728600,95.79,95.79,95.74,95.78,38
1789728660,95.77,95.8,95.7,95.7,148
1789728720,95.7,95.77,95.7,95.73,116
1789728780,95.73,95.77,95.72,95.73,33
1789728840,95.72,95.72,95.64,95.67,110
1789728900,95.66,95.68,95.61,95.61,42
1789728960,95.62,95.62,95.52,95.53,66
1789729020,95.54,95.62,95.54,95.61,93
1789729080,95.61,95.61,95.55,95.59,145
1789729140,95.59,95.64,95.58,95.61,60
1789729200,95.62,95.65,95.53,95.62,120
1789729260,95.6,95.64,95.5,95.54,119
1789729320,95.53,95.53,95.45,95.48,159
1789729380,95.48,95.5,95.42,95.49,168
1789729440,95.47,95.47,95.41,95.43,99
1789729500,95.41,96.26,95.39,96.19,1698
1789729560,96.2,96.24,95.92,95.93,897
1789729620,95.92,95.98,95.87,95.95,259
1789729680,95.95,96.03,95.75,95.86,400
1789729740,95.83,95.84,95.72,95.76,254
1789729800,95.75,95.89,95.72,95.79,183
1789729860,95.78,95.94,95.78,95.93,224
1789729920,95.93,95.93,95.75,95.79,234
1789729980,95.79,95.87,95.77,95.85,145
1789730040,95.85,95.96,95.85,95.9,178
1789730100,95.92,96.07,95.91,96.03,271
1789730160,96.03,96.2,96.03,96.14,243
1789730220,96.15,96.29,96.15,96.24,238
1789730280,96.24,96.32,96.2,96.29,233
1789730340,96.29,96.4,96.24,96.33,389
1789730400,96.34,96.35,96.25,96.25,126
1789730460,96.25,96.27,96.14,96.19,220
1789730520,96.21,96.29,96.16,96.21,106
1789730580,96.21,96.23,96.15,96.18,70
1789730640,96.19,96.19,96.02,96.09,176
1789730700,96.08,96.12,96.05,96.11,68
1789730760,96.11,96.22,96.08,96.19,162
1789730820,96.19,96.25,96.17,96.18,83
1789730880,96.17,96.25,96.16,96.24,59
1789730940,96.23,96.28,96.17,96.21,192
1789731000,96.21,96.23,96.17,96.2,132
1789731060,96.21,96.22,96.13,96.16,131
1789731120,96.13,96.14,95.96,95.96,200
1789731180,95.96,95.99,95.93,95.97,122
1789731240,95.98,96.12,95.98,96.08,155
1789731300,96.09,96.13,96.07,96.07,38
1789731360,96.06,96.08,96.03,96.05,60
1789731420,96.04,96.08,96.01,96.01,46
1789731480,96.03,96.15,96.03,96.14,86
1789731540,96.15,96.17,96.1,96.11,84
1789731600,96.11,96.17,96.11,96.15,88
1789731660,96.15,96.16,96.05,96.07,81
1789731720,96.06,96.11,96.05,96.1,84
1789731780,96.11,96.2,96.08,96.18,76
1789731840,96.17,96.18,96.13,96.18,39
1789731900,96.18,96.25,96.18,96.23,126
1789731960,96.26,96.26,96.22,96.25,118
1789732020,96.23,96.29,96.22,96.22,104
1789732080,96.24,96.28,96.21,96.25,137
1789732140,96.27,96.27,96.2,96.21,37
1789732200,96.22,96.39,96.22,96.35,318
1789732260,96.36,96.38,96.26,96.26,257
1789732320,96.28,96.28,96.2,96.22,106
1789732380,96.22,96.28,96.21,96.27,43
1789732440,96.27,96.35,96.23,96.35,60
1789732500,96.35,96.35,96.24,96.29,60
1789732560,96.28,96.3,96.25,96.28,63
1789732620,96.28,96.28,96.23,96.24,40
1789732680,96.23,96.27,96.19,96.19,56
1789732740,96.21,96.27,96.2,96.22,72
1789732800,96.22,96.26,96.13,96.24,199
1789732860,96.23,96.27,96.15,96.15,100
1789732920,96.15,96.2,96.13,96.2,77
1789732980,96.23,96.3,96.15,96.27,155
1789733040,96.27,96.29,95.87,96.03,905
1789733100,96.02,96.2,95.65,96.16,1441
1789733160,96.15,96.4,96.14,96.35,402
1789733220,96.34,96.39,96.25,96.38,164
1789733280,96.37,96.49,96.32,96.4,221
1789733340,96.4,96.4,96.23,96.31,167
1789733400,96.3,96.37,96.3,96.36,41
1789733460,96.38,96.56,96.38,96.51,638
1789733520,96.52,96.54,96.45,96.48,162
1789733580,96.47,96.48,96.31,96.33,220
1789733640,96.34,96.36,96.32,96.33,86
1789733700,96.35,96.47,96.34,96.45,117
1789733760,96.44,96.47,96.39,96.39,57
1789733820,96.4,96.51,96.38,96.51,87
1789733880,96.49,96.56,96.3,96.44,474
1789733940,96.45,96.58,96.44,96.55,183
1789734000,96.55,96.64,96.54,96.59,256
1789734060,96.58,96.62,96.52,96.6,172
1789734120,96.61,96.63,96.55,96.61,159
1789734180,96.61,96.72,96.59,96.72,238
1789734240,96.73,96.82,96.71,96.79,331
1789734300,96.8,96.81,96.7,96.71,284
1789734360,96.71,96.73,96.69,96.71,158
1789734420,96.7,96.72,96.63,96.63,170
1789734480,96.63,96.7,96.61,96.66,156
1789734540,96.65,96.69,96.57,96.69,150
1789734600,96.69,96.77,96.67,96.75,139
1789734660,96.74,96.76,96.69,96.72,93
1789734720,96.72,96.79,96.69,96.75,155
1789734780,96.76,96.77,96.67,96.74,107
1789734840,96.74,96.78,96.72,96.75,102
1789734900,96.75,96.75,96.67,96.71,129
1789734960,96.72,96.84,96.72,96.8,245
1789735020,96.8,96.84,96.8,96.83,166
1789735080,96.83,96.83,96.63,96.65,329
1789735140,96.66,96.72,96.66,96.7,150
1789735200,96.7,96.81,96.7,96.81,169
1789735260,96.82,96.86,96.81,96.83,146
1789735320,96.83,96.87,96.72,96.73,248
1789735380,96.74,96.83,96.74,96.76,135
1789735440,96.77,96.81,96.73,96.81,204
1789735500,96.82,96.83,96.76,96.83,148
1789735560,96.84,96.89,96.8,96.86,362
1789735620,96.86,96.95,96.76,96.79,566
1789735680,96.8,96.83,96.77,96.79,153
1789735740,96.79,96.79,96.67,96.72,336
1789735800,96.73,96.78,96.66,96.67,146
1789735860,96.68,96.71,96.6,96.7,204
1789735920,96.72,96.75,96.69,96.71,86
1789735980,96.7,96.74,96.69,96.73,73
1789736040,96.73,96.75,96.69,96.69,146
1789736100,96.71,96.73,96.66,96.68,112
1789736160,96.68,96.69,96.62,96.62,137
1789736220,96.63,96.69,96.62,96.66,169
1789736280,96.67,96.81,96.67,96.79,360
1789736340,96.81,96.93,96.81,96.9,241
1789736400,96.9,97.16,96.88,97.08,1137
1789736460,97.08,97.2,97.05,97.18,364
1789736520,97.18,97.41,97.18,97.34,686
1789736580,97.32,97.32,97.12,97.2,484
1789736640,97.21,97.39,97.17,97.34,316
1789736700,97.33,97.36,97.28,97.35,247
1789736760,97.36,97.4,97.3,97.38,294
1789736820,97.38,97.46,97.31,97.46,343
1789736880,97.45,97.46,97.33,97.42,364
1789736940,97.41,97.45,97.36,97.4,244
1789737000,97.4,97.47,97.4,97.43,248
1789737060,97.43,97.49,97.42,97.46,153
1789737120,97.45,97.48,97.42,97.46,181
1789737180,97.47,97.55,97.46,97.51,275
1789737240,97.5,97.58,97.46,97.57,214
1789737300,97.58,97.63,97.48,97.49,479
1789737360,97.48,97.52,97.43,97.51,211
1789737420,97.5,97.52,97.41,97.43,189
1789737480,97.42,97.44,97.35,97.42,284
1789737540,97.41,97.45,97.33,97.34,125
1789737600,97.33,97.48,97.29,97.45,241
1789737660,97.43,97.56,97.43,97.55,165
1789737720,97.54,97.59,97.48,97.49,253
1789737780,97.48,97.52,97.45,97.5,115
1789737840,97.51,97.59,97.5,97.5,152
1789737900,97.5,97.59,97.47,97.57,209
1789737960,97.58,97.58,97.48,97.54,84
1789738020,97.54,97.64,97.53,97.62,288
1789738080,97.62,97.64,97.58,97.58,127
1789738140,97.58,97.62,97.56,97.59,151
1789738200,97.6,97.76,97.55,97.65,825
1789738260,97.65,97.77,97.64,97.7,533
1789738320,97.7,97.76,97.69,97.73,337
1789738380,97.73,97.78,97.65,97.68,303
1789738440,97.69,97.82,97.69,97.8,367
1789738500,97.8,97.81,97.73,97.79,270
1789738560,97.8,97.84,97.68,97.73,307
1789738620,97.72,97.77,97.69,97.72,195
1789738680,97.71,97.71,97.54,97.57,370
1789738740,97.57,97.62,97.55,97.62,231
1789738800,97.62,97.82,97.62,97.78,343
1789738860,97.78,97.84,97.76,97.83,241
1789738920,97.83,97.94,97.79,97.91,483
1789738980,97.92,97.95,97.88,97.92,280
1789739040,97.93,97.93,97.81,97.82,350
1789739100,97.82,97.92,97.76,97.76,329
1789739160,97.78,97.85,97.77,97.83,275
1789739220,97.84,97.84,97.73,97.75,185
1789739280,97.75,97.8,97.65,97.71,291
1789739340,97.7,97.82,97.68,97.81,186
1789739400,97.81,97.98,97.81,97.92,397
1789739460,97.92,97.98,97.86,97.87,275
1789739520,97.87,97.9,97.81,97.86,211
1789739580,97.86,97.86,97.81,97.82,173
1789739640,97.82,97.82,97.69,97.7,283
1789739700,97.71,97.73,97.59,97.71,336
1789739760,97.69,97.71,97.63,97.67,284
1789739820,97.67,97.75,97.66,97.73,248
1789739880,97.74,97.81,97.72,97.76,190
1789739940,97.76,97.84,97.73,97.8,158
1789740000,97.79,97.83,97.71,97.73,259
1789740060,97.73,97.79,97.71,97.71,189
1789740120,97.72,97.72,97.54,97.57,278
1789740180,97.56,97.67,97.51,97.6,591
1789740240,97.6,97.62,97.45,97.51,358
1789740300,97.54,97.59,97.48,97.58,441
1789740360,97.57,97.65,97.51,97.63,402
1789740420,97.62,97.63,97.52,97.59,154
1789740480,97.58,97.58,97.4,97.44,357
1789740540,97.44,97.47,97.38,97.43,383
1789740600,97.44,97.48,97.4,97.46,235
1789740660,97.45,97.57,97.42,97.54,337
1789740720,97.54,97.61,97.51,97.61,295
1789740780,97.6,97.77,97.57,97.73,423
1789740840,97.73,97.86,97.71,97.85,465
1789740900,97.84,97.89,97.77,97.84,354
1789740960,97.85,97.94,97.83,97.89,343
1789741020,97.88,98,97.88,97.96,420
1789741080,97.95,98.01,97.92,97.99,288
1789741140,97.98,98.01,97.96,97.98,263
1789741200,97.97,97.98,97.89,97.97,288
1789741260,97.95,98.01,97.93,97.94,204
1789741320,97.94,97.99,97.84,97.87,724
1789741380,97.88,97.91,97.85,97.9,224
1789741440,97.89,97.93,97.8,97.88,271
1789741500,97.87,97.89,97.85,97.86,129
1789741560,97.85,97.91,97.84,97.9,145
1789741620,97.91,97.92,97.83,97.84,205
1789741680,97.85,97.88,97.81,97.86,98
1789741740,97.86,97.94,97.86,97.87,231
1789741800,97.87,97.88,97.78,97.78,696
1789741860,97.77,97.87,97.74,97.86,246
1789741920,97.86,97.9,97.8,97.84,158
1789741980,97.83,97.9,97.76,97.84,167
1789742040,97.83,97.84,97.68,97.7,255
1789742100,97.7,97.74,97.65,97.72,279
1789742160,97.71,97.82,97.7,97.74,213
1789742220,97.74,97.75,97.67,97.67,182
1789742280,97.67,97.74,97.65,97.71,145
1789742340,97.7,97.7,97.44,97.56,1967
1789742400,97.57,97.64,97.47,97.64,447
1789742460,97.63,97.72,97.62,97.65,448
1789742520,97.64,97.82,97.62,97.69,426
1789742580,97.69,97.85,97.69,97.84,438
1789742640,97.83,97.84,97.65,97.68,217
1789742700,97.67,97.72,97.63,97.66,218
1789742760,97.66,97.66,97.41,97.42,460
1789742820,97.43,97.48,97.31,97.39,540
1789742880,97.38,97.38,97.25,97.26,407
1789742940,97.26,97.31,97.13,97.14,502
1789743000,97.15,97.17,97.06,97.07,501
1789743060,97.07,97.1,97,97.02,261
1789743120,97.01,97.03,96.85,96.92,540
1789743180,96.91,97.05,96.9,96.99,385
1789743240,96.98,97.08,96.95,97.05,240
1789743300,97.05,97.07,96.98,97.05,326
1789743360,97.05,97.05,96.92,97,247
1789743420,96.99,97.05,96.96,97.03,324
1789743480,97.02,97.14,97,97.01,474
1789743540,97.01,97.07,97.01,97.05,126
1789743600,97.06,97.17,97.04,97.13,408
1789743660,97.12,97.14,97.06,97.08,216
1789743720,97.07,97.08,96.89,96.93,409
1789743780,96.93,96.98,96.9,96.92,145
1789743840,96.93,96.94,96.8,96.84,350
1789743900,96.84,96.91,96.82,96.87,201
1789743960,96.88,97,96.88,96.97,264
1789744020,96.97,97,96.95,97,156
1789744080,97,97,96.91,96.95,184
1789744140,96.95,97.06,96.92,97.05,165
1789744200,97.05,97.05,96.93,96.98,201
1789744260,96.98,97.02,96.87,96.93,211
1789744320,96.93,97.01,96.91,96.93,236
1789744380,96.93,97.01,96.9,96.94,124
1789744440,96.95,97.05,96.95,97.01,108
1789744500,97.01,97.1,97,97.05,217
1789744560,97.03,97.06,97,97.02,59
1789744620,97.01,97.07,96.92,97.06,200
1789744680,97.06,97.21,97.04,97.2,252
1789744740,97.2,97.21,97.13,97.16,217
1789744800,97.16,97.2,97.01,97.07,431
1789744860,97.07,97.13,97.05,97.1,109
1789744920,97.11,97.15,97.04,97.08,160
1789744980,97.09,97.12,97.02,97.06,174
1789745040,97.07,97.12,97.07,97.09,98
1789745100,97.09,97.1,97.06,97.06,102
1789745160,97.08,97.08,96.96,96.97,224
1789745220,96.98,97.11,96.94,97.09,348
1789745280,97.08,97.13,97.02,97.11,308
1789745340,97.1,97.19,97.08,97.19,544
1789745400,97.18,97.26,97.03,97.17,712
1789745460,97.15,97.25,97.15,97.24,218
1789745520,97.24,97.36,97.24,97.28,436
1789745580,97.28,97.31,97.2,97.3,266
1789745640,97.29,97.35,97.26,97.26,256
1789745700,97.28,97.33,97.27,97.28,245
1789745760,97.27,97.36,97.21,97.31,218
1789745820,97.29,97.34,97.28,97.29,150
1789745880,97.29,97.3,97.22,97.23,135
1789745940,97.22,97.29,97.17,97.23,132
1789746000,97.23,97.27,97.1,97.13,186
1789746060,97.12,97.12,96.99,97,368
1789746120,96.99,97.05,96.91,97.02,299
1789746180,97.02,97.06,96.97,97.05,132
1789746240,97.04,97.07,96.98,97.06,163
1789746300,97.05,97.09,97.04,97.07,98
1789746360,97.08,97.09,97.02,97.06,106
1789746420,97.08,97.16,97.04,97.04,154
1789746480,97.05,97.07,97,97,130
1789746540,97.02,97.03,96.89,96.97,243
1789746600,96.96,97.13,96.95,97.09,352
1789746660,97.08,97.08,96.99,97.05,223
1789746720,97.04,97.12,97.03,97.1,164
1789746780,97.09,97.17,97.07,97.08,153
1789746840,97.08,97.15,97.03,97.13,209
1789746900,97.15,97.15,97.02,97.02,95
1789746960,97.03,97.03,96.89,96.92,276
1789747020,96.91,96.92,96.86,96.91,162
1789747080,96.9,96.94,96.87,96.94,120
1789747140,96.93,96.93,96.81,96.82,255
1789747200,96.83,96.86,96.76,96.79,406
1789747260,96.77,96.77,96.72,96.74,245
1789747320,96.73,96.75,96.64,96.71,312
1789747380,96.7,96.73,96.66,96.71,178
1789747440,96.72,96.78,96.71,96.73,109
1789747500,96.72,96.73,96.66,96.66,133
1789747560,96.66,96.7,96.61,96.7,256
1789747620,96.71,96.71,96.64,96.66,131
1789747680,96.65,96.7,96.63,96.67,111
1789747740,96.68,96.79,96.65,96.75,276
1789747800,96.75,96.81,96.7,96.8,159
1789747860,96.8,96.8,96.66,96.68,627
1789747920,96.67,96.71,96.63,96.65,219
1789747980,96.65,96.68,96.6,96.62,314
1789748040,96.62,96.65,96.57,96.6,300
1789748100,96.61,96.7,96.6,96.66,157
1789748160,96.66,96.66,96.59,96.63,92
1789748220,96.63,96.71,96.61,96.68,142
1789748280,96.68,96.71,96.57,96.62,260
1789748340,96.62,96.68,96.57,96.66,205
1789748400,96.65,96.75,96.64,96.72,235
1789748460,96.73,96.75,96.69,96.72,178
1789748520,96.73,96.75,96.71,96.72,88
1789748580,96.71,96.74,96.66,96.67,127
1789748640,96.67,96.67,96.57,96.63,216
1789748700,96.61,96.63,96.58,96.62,148
1789748760,96.62,96.72,96.61,96.67,159
1789748820,96.68,96.72,96.61,96.62,93
1789748880,96.63,96.64,96.35,96.49,1930
1789748940,96.47,96.52,96.23,96.32,751
1789749000,96.33,96.48,96.32,96.46,544
1789749060,96.45,96.52,96.34,96.34,374
1789749120,96.33,96.38,96.28,96.29,321
1789749180,96.28,96.32,96.12,96.13,1015
1789749240,96.13,96.27,96.1,96.23,447
1789749300,96.21,96.33,96.2,96.27,159
1789749360,96.28,96.37,96.26,96.31,238
1789749420,96.31,96.31,96.19,96.25,263
1789749480,96.24,96.24,96.15,96.18,186
1789749540,96.18,96.18,95.9,95.92,894
1789749600,95.92,95.95,95.87,95.94,395
1789749660,95.94,96.01,95.93,95.94,319
1789749720,95.94,95.96,95.87,95.91,257
1789749780,95.92,96.04,95.87,96.02,410
1789749840,96.03,96.05,95.97,95.99,168
1789749900,95.99,96.12,95.97,96.06,158
1789749960,96.06,96.13,96.05,96.11,107
1789750020,96.11,96.2,96.1,96.14,200
1789750080,96.15,96.17,96.05,96.16,311
1789750140,96.16,96.17,96.06,96.09,165
1789750200,96.08,96.09,95.98,96.07,237
1789750260,96.07,96.11,96.01,96.03,102
1789750320,96.03,96.18,96.03,96.14,200
1789750380,96.14,96.14,96.07,96.09,97
1789750440,96.09,96.11,96.01,96.04,143
1789750500,96.03,96.03,95.9,95.95,180
1789750560,95.94,95.96,95.93,95.96,95
1789750620,95.96,96,95.95,95.98,93
1789750680,95.97,96.04,95.84,96,554
1789750740,96.01,96.02,95.96,96,142
1789750800,95.99,96.08,95.97,96.05,287
1789750860,96.06,96.07,96.01,96.05,115
1789750920,96.04,96.17,96.04,96.12,308
1789750980,96.13,96.13,96.06,96.11,108
1789751040,96.11,96.13,96.05,96.07,97
1789751100,96.06,96.06,95.93,95.96,276
1789751160,95.96,95.97,95.87,95.91,292
1789751220,95.92,95.96,95.91,95.94,120
1789751280,95.94,96.04,95.92,95.97,175
1789751340,95.97,95.98,95.87,95.9,163
1789751400,95.88,95.95,95.87,95.94,144
1789751460,95.94,95.97,95.9,95.9,250
1789751520,95.9,95.92,95.82,95.9,212
1789751580,95.9,96,95.87,95.97,190
1789751640,95.97,95.99,95.87,95.88,109
1789751700,95.89,95.91,95.83,95.84,232
1789751760,95.82,95.86,95.78,95.81,216
1789751820,95.8,95.82,95.75,95.78,202
1789751880,95.78,95.84,95.72,95.84,227
1789751940,95.83,95.83,95.73,95.78,270
1789752000,95.78,95.9,95.77,95.89,230
1789752060,95.89,95.93,95.87,95.93,197
1789752120,95.92,95.93,95.78,95.8,368
1789752180,95.79,95.83,95.69,95.71,291
1789752240,95.72,95.76,95.69,95.73,228
1789752300,95.73,95.85,95.73,95.85,171
1789752360,95.83,95.91,95.83,95.86,148
1789752420,95.85,95.87,95.8,95.81,115
1789752480,95.82,95.87,95.76,95.86,175
1789752540,95.85,95.9,95.77,95.9,171
1789752600,95.89,96.04,95.89,96.02,357
1789752660,96.01,96.02,95.94,95.94,225
1789752720,95.95,95.95,95.9,95.92,102
1789752780,95.91,95.98,95.9,95.96,117
1789752840,95.96,95.98,95.91,95.93,129
1789752900,95.95,95.96,95.89,95.94,125
1789752960,95.93,95.95,95.82,95.93,323
1789753020,95.92,95.98,95.91,95.95,235
1789753080,95.95,95.97,95.83,95.85,285
1789753140,95.85,95.91,95.85,95.91,99
1789753200,95.91,95.95,95.86,95.94,125
1789753260,95.93,95.95,95.9,95.92,99
1789753320,95.92,95.97,95.9,95.95,97
1789753380,95.96,96.09,95.95,96.06,437
1789753440,96.06,96.1,96.01,96.03,200
1789753500,96.03,96.15,96.03,96.14,196
1789753560,96.13,96.14,96.06,96.06,285
1789753620,96.06,96.08,95.98,96.01,232
1789753680,96,96.03,96,96.03,102
1789753740,96.03,96.07,96.02,96.06,91
1789753800,96.07,96.17,96.07,96.11,306
1789753860,96.11,96.15,96.08,96.13,225
1789753920,96.13,96.13,96.01,96.04,169
1789753980,96.03,96.07,95.97,96,133
1789754040,96.01,96.02,95.96,96,147
1789754100,95.99,96.05,95.97,95.97,139
1789754160,95.98,96.02,95.98,96.01,106
1789754220,96,96,95.82,95.87,263
1789754280,95.87,95.97,95.86,95.97,141
1789754340,95.97,96.02,95.92,96.02,238
1789754400,96,96.11,95.98,96.02,337
1789754460,96.03,96.04,95.82,95.83,329
1789754520,95.83,95.94,95.83,95.92,227
1789754580,95.93,95.97,95.9,95.92,96
1789754640,95.91,95.93,95.9,95.91,121
1789754700,95.91,95.93,95.87,95.9,189
1789754760,95.9,95.9,95.81,95.83,280
1789754820,95.84,95.92,95.83,95.91,204
1789754880,95.9,96,95.9,95.99,171
1789754940,95.98,96.01,95.95,96,132
1789755000,95.99,96.06,95.97,96.03,109
1789755060,96.03,96.08,96.03,96.06,106
1789755120,96.06,96.07,95.83,95.86,352
1789755180,95.87,95.92,95.85,95.88,240
1789755240,95.88,95.9,95.84,95.84,165
1789755300,95.84,95.85,95.76,95.8,302
1789755360,95.81,95.89,95.79,95.88,243
1789755420,95.88,95.91,95.87,95.87,126
1789755480,95.87,96,95.84,95.98,250
1789755540,95.99,96.03,95.93,95.95,268
1789755600,95.95,95.96,95.88,95.89,257
1789755660,95.89,95.9,95.78,95.89,400
1789755720,95.89,95.94,95.88,95.92,300
1789755780,95.92,95.98,95.87,95.94,369
1789755840,95.93,95.97,95.9,95.94,220
1789755900,95.94,95.95,95.88,95.89,338
1789755960,95.89,96,95.88,95.99,350
1789756020,95.99,95.99,95.88,95.95,392
1789756080,95.94,96.14,95.92,96.11,2001
1789756140,96.11,96.13,96.03,96.04,1706
1789756200,96.04,96.04,95.86,95.9,461
1789756260,95.89,95.94,95.86,95.89,318
1789756320,95.89,95.93,95.87,95.91,164
1789756380,95.91,95.94,95.87,95.91,179
1789756440,95.91,95.96,95.84,95.84,148
1789756500,95.84,95.87,95.72,95.78,373
1789756560,95.79,95.83,95.77,95.79,145
1789756620,95.78,95.79,95.77,95.79,78
1789756680,95.79,95.82,95.78,95.81,90
1789756740,95.81,95.81,95.71,95.72,175
1789756800,95.72,95.74,95.71,95.71,98
1789756860,95.71,95.77,95.69,95.71,218
1789756920,95.71,95.71,95.62,95.69,412
1789756980,95.69,95.71,95.63,95.63,143
1789757040,95.64,95.67,95.59,95.62,267
1789757100,95.61,95.62,95.58,95.59,122
1789757160,95.58,95.62,95.54,95.62,149
1789757220,95.62,95.66,95.61,95.64,206
1789757280,95.64,95.66,95.57,95.6,280
1789757340,95.6,95.6,95.57,95.59,46
1789757400,95.59,95.61,95.58,95.58,44
1789757460,95.57,95.58,95.51,95.52,138
1789757520,95.53,95.54,95.48,95.5,208
1789757580,95.49,95.51,95.48,95.51,80
1789757640,95.51,95.52,95.48,95.48,62
1789757700,95.48,95.55,95.43,95.54,253
1789757760,95.54,95.57,95.52,95.52,83
1789757820,95.52,95.53,95.5,95.5,73
1789757880,95.49,95.51,95.49,95.5,30
1789757940,95.5,95.52,95.47,95.5,78
1789758000,95.51,95.52,95.45,95.47,79
1789758060,95.46,95.48,95.42,95.46,70
1789758120,95.45,95.45,95.41,95.41,141
1789758180,95.4,95.43,95.39,95.42,102
1789758240,95.43,95.46,95.41,95.42,87
1789758300,95.43,95.47,95.4,95.42,98
1789758360,95.42,95.44,95.4,95.42,42
1789758420,95.42,95.44,95.4,95.44,78
1789758480,95.45,95.48,95.42,95.48,127
1789758540,95.47,95.52,95.44,95.52,137
1789758600,95.51,95.57,95.5,95.57,141
1789758660,95.57,95.59,95.54,95.56,144
1789758720,95.56,95.59,95.55,95.56,44
1789758780,95.56,95.56,95.53,95.54,61
1789758840,95.53,95.54,95.5,95.53,54
1789758900,95.52,95.53,95.47,95.49,104
1789758960,95.49,95.51,95.47,95.48,47
1789759020,95.48,95.51,95.48,95.48,50
1789759080,95.47,95.53,95.47,95.52,45
1789759140,95.53,95.57,95.5,95.53,109
1789759200,95.52,95.57,95.51,95.53,52
1789759260,95.52,95.54,95.48,95.48,58
1789759320,95.47,95.51,95.47,95.51,40
1789759380,95.51,95.57,95.51,95.55,61
1789759440,95.56,95.57,95.5,95.52,236
1789759500,95.52,95.59,95.52,95.57,126
1789759560,95.57,95.63,95.55,95.58,113
1789759620,95.56,95.6,95.55,95.55,32
1789759680,95.55,95.59,95.55,95.57,52
1789759740,95.59,95.65,95.59,95.65,71
1789759800,95.64,95.64,95.61,95.63,62
1789759860,95.63,95.66,95.62,95.64,94
1789759920,95.64,95.64,95.63,95.63,30
1789759980,95.61,95.63,95.6,95.62,33
1789760040,95.61,95.64,95.58,95.6,89
1789760100,95.61,95.65,95.6,95.65,50
1789760160,95.65,95.68,95.61,95.61,56
1789760220,95.63,95.65,95.63,95.63,71
1789760280,95.63,95.66,95.62,95.63,52
1789760340,95.64,95.65,95.57,95.59,280
1789760400,95.6,95.64,95.59,95.61,78
1789760460,95.6,95.62,95.57,95.58,96
1789760520,95.58,95.64,95.58,95.63,63
1789760580,95.62,95.64,95.58,95.6,76
1789760640,95.6,95.61,95.59,95.6,32
1789760700,95.59,95.59,95.58,95.59,27
1789760760,95.59,95.65,95.59,95.63,85
1789760820,95.64,95.66,95.63,95.65,71
1789760880,95.65,95.65,95.64,95.64,19
1789760940,95.64,95.67,95.59,95.61,116
1789761000,95.61,95.62,95.58,95.61,117
1789761060,95.6,95.61,95.58,95.58,132
1789761120,95.58,95.61,95.58,95.58,75
1789761180,95.59,95.6,95.56,95.59,312
1789761240,95.58,95.63,95.58,95.59,69
1789761300,95.6,95.65,95.6,95.65,142
1789761360,95.65,95.72,95.65,95.7,185
1789761420,95.7,95.74,95.69,95.71,117
1789761480,95.72,95.73,95.69,95.7,87
1789761540,95.71,95.73,95.69,95.69,88
1789761600,95.68,95.7,95.61,95.65,99
1789761660,95.66,95.7,95.62,95.65,106
1789761720,95.64,95.66,95.63,95.66,88
1789761780,95.66,95.68,95.64,95.68,14
1789761840,95.68,95.69,95.67,95.69,26
1789761900,95.67,95.68,95.66,95.67,24
1789761960,95.66,95.67,95.63,95.63,43
1789762020,95.63,95.65,95.59,95.65,56
1789762080,95.66,95.66,95.49,95.53,242
1789762140,95.52,95.52,95.39,95.48,140
1789762200,95.44,95.45,95.18,95.31,385
1789762260,95.3,95.32,95.23,95.3,130
1789762320,95.3,95.38,95.29,95.31,45
1789762380,95.32,95.39,95.29,95.39,49
1789762440,95.38,95.38,95.28,95.35,40
1789762500,95.37,95.43,95.36,95.43,34
1789762560,95.4,95.43,95.3,95.39,90
1789762620,95.4,95.46,95.4,95.4,24
1789762680,95.41,95.54,95.41,95.48,93
1789762740,95.46,95.49,95.44,95.49,33
1789762800,95.5,95.5,95.41,95.41,33
1789762860,95.42,95.47,95.4,95.43,117
1789762920,95.43,95.5,95.43,95.5,27
1789762980,95.49,95.54,95.48,95.48,38
1789763040,95.49,95.5,95.44,95.46,17
1789763100,95.48,95.5,95.41,95.41,31
1789763160,95.42,95.44,95.41,95.41,13
1789763220,95.44,95.44,95.33,95.34,81
1789763280,95.34,95.37,95.3,95.31,47
1789763340,95.32,95.34,95.3,95.31,23
1789763400,95.33,95.33,95.2,95.24,74
1789763460,95.25,95.34,95.25,95.34,89
1789763520,95.34,95.36,95.29,95.3,43
1789763580,95.28,95.28,95.23,95.24,69
1789763640,95.23,95.28,95.15,95.27,107
1789763700,95.28,95.33,95.26,95.28,28
1789763760,95.28,95.33,95.28,95.32,18
1789763820,95.3,95.42,95.28,95.4,89
1789763880,95.39,95.42,95.35,95.39,55
1789763940,95.39,95.41,95.37,95.39,29
1789764000,95.36,95.4,95.34,95.37,58
1789764060,95.37,95.39,95.34,95.38,34
1789764120,95.37,95.39,95.33,95.37,42
1789764180,95.38,95.38,95.36,95.36,12
1789764240,95.37,95.41,95.35,95.35,55
1789764300,95.38,95.42,95.35,95.37,66
1789764360,95.38,95.38,95.36,95.37,22
1789764420,95.36,95.36,95.34,95.34,24
1789764480,95.35,95.38,95.32,95.38,77
1789764540,95.39,95.39,95.39,95.39,22
1789764600,95.39,95.39,95.36,95.36,13
1789764660,95.37,95.4,95.35,95.4,60
1789764720,95.4,95.47,95.4,95.45,44
1789764780,95.46,95.49,95.43,95.46,80
1789764840,95.47,95.5,95.44,95.45,47
1789764900,95.44,95.48,95.43,95.43,40
1789764960,95.44,95.46,95.44,95.44,37
1789765020,95.44,95.5,95.43,95.47,136
1789765080,95.48,95.49,95.44,95.46,83
1789765140,95.47,95.5,95.45,95.47,156
1789941600,96.75,97.22,96.67,96.95,986
1789941660,96.93,96.96,96.78,96.84,296
1789941720,96.81,96.94,96.81,96.9,222
1789941780,96.88,96.91,96.8,96.85,250
1789941840,96.86,96.87,96.78,96.86,125
1789941900,96.85,96.9,96.83,96.9,251
1789941960,96.91,96.93,96.8,96.82,140
1789942020,96.83,96.83,96.71,96.75,172
1789942080,96.73,96.79,96.73,96.74,67
1789942140,96.75,96.77,96.7,96.77,102
1789942200,96.77,96.77,96.65,96.67,120
1789942260,96.66,96.68,96.64,96.66,77
1789942320,96.65,96.68,96.59,96.63,109
1789942380,96.61,96.64,96.59,96.62,76
1789942440,96.63,96.63,96.59,96.62,34
1789942500,96.62,96.65,96.61,96.63,37
1789942560,96.62,96.67,96.6,96.64,85
1789942620,96.65,96.67,96.63,96.63,61
1789942680,96.62,96.63,96.59,96.6,42
1789942740,96.63,96.66,96.59,96.59,41
1789942800,96.6,96.66,96.59,96.66,22
1789942860,96.64,96.65,96.56,96.58,57
1789942920,96.58,96.6,96.56,96.56,31
1789942980,96.56,96.56,96.52,96.56,45
1789943040,96.55,96.56,96.53,96.54,42
1789943100,96.53,96.55,96.5,96.5,46
1789943160,96.51,96.52,96.5,96.52,21
1789943220,96.5,96.51,96.47,96.5,30
1789943280,96.49,96.49,96.45,96.47,33
1789943340,96.47,96.49,96.46,96.48,19
1789943400,96.48,96.56,96.47,96.48,160
1789943460,96.47,96.51,96.45,96.51,53
1789943520,96.48,96.51,96.38,96.48,80
1789943580,96.48,96.48,96.45,96.46,18
1789943640,96.46,96.49,96.43,96.44,31
1789943700,96.44,96.46,96.44,96.46,17
1789943760,96.46,96.46,96.26,96.28,163
1789943820,96.27,96.28,96.21,96.24,128
1789943880,96.25,96.25,96.16,96.23,122
1789943940,96.22,96.23,96.2,96.23,28
1789944000,96.23,96.24,96.17,96.19,62
1789944060,96.18,96.19,96.12,96.12,37
1789944120,96.12,96.12,96.01,96.1,165
1789944180,96.09,96.12,96.09,96.11,22
1789944240,96.09,96.11,96.09,96.11,10
1789944300,96.1,96.1,96.01,96.01,46
1789944360,96.03,96.04,96.01,96.01,25
1789944420,96.01,96.01,95.92,95.93,205
1789944480,95.93,96.04,95.93,95.99,66
1789944540,96,96.01,95.97,95.99,20
1789944600,95.98,96.02,95.97,95.99,24
1789944660,95.97,95.97,95.92,95.96,26
1789944720,95.94,95.95,95.89,95.95,56
1789944780,95.95,95.96,95.93,95.94,24
1789944840,95.96,95.99,95.96,95.97,13
1789944900,95.96,95.96,95.93,95.96,16
1789944960,95.97,95.98,95.95,95.95,20
1789945020,95.95,95.95,95.89,95.9,16
1789945080,95.89,95.93,95.89,95.92,28
1789945140,95.89,95.91,95.88,95.91,17
1789945200,95.91,95.93,95.91,95.92,38
1789945260,95.92,95.96,95.92,95.95,48
1789945320,95.93,95.97,95.93,95.94,34
1789945380,95.93,95.98,95.93,95.95,31
1789945440,95.96,95.98,95.96,95.97,22
1789945500,95.97,95.99,95.95,95.95,30
1789945560,95.97,95.97,95.95,95.96,7
1789945620,95.96,95.98,95.92,95.94,11
1789945680,95.92,95.92,95.87,95.89,43
1789945740,95.9,95.9,95.85,95.88,18
1789945800,95.87,95.89,95.87,95.88,17
1789945860,95.89,95.92,95.89,95.92,10
1789945920,95.93,95.93,95.88,95.88,14
1789945980,95.87,95.91,95.86,95.9,29
1789946040,95.88,95.91,95.86,95.91,18
1789946100,95.9,95.96,95.9,95.96,35
1789946160,95.97,96.05,95.97,96.02,60
1789946220,96.04,96.06,95.98,96,70
1789946280,96,96.06,95.9,96.05,200
1789946340,96.06,96.06,96.03,96.04,38
1789946400,96.05,96.05,96.03,96.04,11
1789946460,96.06,96.07,96.02,96.05,28
1789946520,96.05,96.06,96.03,96.03,10
1789946580,96.04,96.28,96.04,96.26,153
1789946640,96.23,96.29,96.22,96.26,74
1789946700,96.27,96.32,96.26,96.32,45
1789946760,96.31,96.33,96.22,96.27,48
1789946820,96.28,96.28,96.21,96.21,35
1789946880,96.2,96.24,96.18,96.22,28
1789946940,96.2,96.2,96.11,96.11,33
1789947000,96.1,96.1,96.01,96.03,67
1789947060,96.02,96.06,96.01,96.01,69
1789947120,96.01,96.03,95.98,96.01,26
1789947180,96.03,96.03,95.99,96.03,23
1789947240,96.03,96.03,95.97,95.99,42
1789947300,95.99,95.99,95.96,95.97,26
1789947360,95.95,95.97,95.92,95.93,21
1789947420,95.93,95.96,95.92,95.95,19
1789947480,95.96,95.96,95.9,95.94,37
1789947540,95.94,95.99,95.94,95.96,26
1789947600,95.98,96.06,95.98,96.03,33
1789947660,96.03,96.04,96.01,96.02,50
1789947720,96.02,96.02,95.99,95.99,18
1789947780,95.99,95.99,95.95,95.96,21
1789947840,95.95,95.97,95.94,95.94,31
1789947900,95.94,95.94,95.91,95.92,13
1789947960,95.91,95.92,95.89,95.92,54
1789948020,95.93,95.94,95.91,95.91,15
1789948080,95.91,95.91,95.86,95.87,24
1789948140,95.89,95.9,95.87,95.88,14
1789948200,95.89,95.92,95.89,95.92,23
1789948260,95.93,95.99,95.9,95.94,42
1789948320,95.95,95.96,95.9,95.93,22
1789948380,95.92,95.92,95.89,95.89,8
1789948440,95.89,95.93,95.89,95.93,10
1789948500,95.9,95.9,95.87,95.88,12
1789948560,95.9,95.92,95.86,95.88,40
1789948620,95.89,95.89,95.74,95.74,143
1789948680,95.73,95.73,95.63,95.68,115
1789948740,95.67,95.68,95.62,95.66,76
1789948800,95.66,95.74,95.54,95.72,179
1789948860,95.73,95.8,95.71,95.77,81
1789948920,95.76,95.82,95.76,95.81,29
1789948980,95.79,95.81,95.77,95.8,26
1789949040,95.8,95.86,95.8,95.8,84
1789949100,95.78,95.81,95.73,95.75,32
1789949160,95.74,95.81,95.74,95.78,20
1789949220,95.76,95.8,95.76,95.8,7
1789949280,95.81,95.81,95.72,95.74,15
1789949340,95.74,95.76,95.71,95.71,20
1789949400,95.73,95.75,95.73,95.75,20
1789949460,95.75,95.8,95.75,95.76,23
1789949520,95.77,95.78,95.72,95.72,21
1789949580,95.76,95.8,95.75,95.77,16
1789949640,95.79,95.82,95.79,95.81,36
1789949700,95.83,95.83,95.72,95.72,78
1789949760,95.71,95.73,95.59,95.66,152
1789949820,95.67,95.7,95.65,95.67,21
1789949880,95.67,95.67,95.61,95.63,22
1789949940,95.62,95.64,95.6,95.61,19
1789950000,95.6,95.62,95.54,95.54,51
1789950060,95.53,95.55,95.42,95.45,175
1789950120,95.46,95.49,95.39,95.39,96
1789950180,95.38,95.38,95.21,95.23,299
1789950240,95.21,95.26,95.16,95.26,132
1789950300,95.25,95.31,95.24,95.28,80
1789950360,95.3,95.39,95.29,95.38,74
1789950420,95.36,95.41,95.34,95.36,33
1789950480,95.35,95.37,95.28,95.36,69
1789950540,95.37,95.39,95.34,95.34,20
1789950600,95.34,95.37,95.27,95.31,62
1789950660,95.33,95.34,95.31,95.32,21
1789950720,95.3,95.31,95.21,95.22,73
1789950780,95.22,95.25,95.11,95.21,195
1789950840,95.19,95.21,95.17,95.18,31
1789950900,95.2,95.23,95.19,95.21,33
1789950960,95.22,95.22,95.13,95.16,75
1789951020,95.15,95.15,95.05,95.07,107
1789951080,95.06,95.06,94.97,95,222
1789951140,95,95.01,94.54,94.67,827
1789951200,94.67,94.67,94.33,94.48,559
1789951260,94.46,94.61,94.46,94.59,218
1789951320,94.58,94.87,94.52,94.84,299
1789951380,94.82,94.85,94.7,94.81,156
1789951440,94.79,94.88,94.73,94.86,146
1789951500,94.86,94.88,94.6,94.62,212
1789951560,94.61,94.64,94.56,94.63,86
1789951620,94.6,94.62,94.58,94.6,40
1789951680,94.6,94.64,94.53,94.57,120
1789951740,94.58,94.62,94.54,94.61,64
1789951800,94.6,94.69,94.59,94.62,103
1789951860,94.64,94.73,94.61,94.7,63
1789951920,94.7,94.7,94.56,94.59,102
1789951980,94.6,94.6,94.5,94.55,136
1789952040,94.54,94.6,94.51,94.59,46
1789952100,94.6,94.64,94.58,94.63,41
1789952160,94.63,94.71,94.61,94.65,70
1789952220,94.65,94.73,94.64,94.72,110
1789952280,94.71,94.73,94.61,94.62,69
1789952340,94.6,94.63,94.53,94.63,64
1789952400,94.61,94.61,94.24,94.35,639
1789952460,94.34,94.43,94.2,94.29,239
1789952520,94.27,94.35,94.12,94.18,224
1789952580,94.18,94.3,94.17,94.28,120
1789952640,94.3,94.37,94.25,94.33,69
1789952700,94.33,94.38,94.13,94.15,124
1789952760,94.14,94.15,94.07,94.13,165
1789952820,94.14,94.15,94.09,94.09,51
1789952880,94.08,94.08,93.83,93.89,661
1789952940,93.91,93.93,93.8,93.89,213
1789953000,93.88,93.91,93.83,93.91,108
1789953060,93.92,94.06,93.91,93.94,159
1789953120,93.94,93.94,93.81,93.82,141
1789953180,93.83,93.9,93.78,93.87,131
1789953240,93.87,93.99,93.83,93.87,185
1789953300,93.86,93.93,93.65,93.7,185
1789953360,93.68,93.78,93.62,93.73,167
1789953420,93.71,93.81,93.63,93.73,215
1789953480,93.74,93.87,93.69,93.81,128
1789953540,93.8,93.82,93.71,93.73,70
1789953600,93.72,93.76,93.68,93.76,64
1789953660,93.77,93.8,93.74,93.75,36
1789953720,93.78,93.86,93.71,93.83,111
1789953780,93.82,93.87,93.76,93.8,165
1789953840,93.78,93.8,93.68,93.72,282
1789953900,93.73,93.77,93.58,93.75,268
1789953960,93.74,93.76,93.61,93.64,151
1789954020,93.63,93.74,93.62,93.63,62
1789954080,93.65,93.73,93.65,93.73,68
1789954140,93.72,93.79,93.69,93.79,93
1789954200,93.79,93.83,93.74,93.75,168
1789954260,93.77,93.81,93.72,93.72,92
1789954320,93.75,93.85,93.74,93.8,132
1789954380,93.81,93.92,93.81,93.84,114
1789954440,93.84,93.87,93.79,93.87,63
1789954500,93.83,93.84,93.76,93.8,86
1789954560,93.8,94,93.79,94,129
1789954620,94.01,94.07,93.99,94.01,148
1789954680,94.01,94.11,93.93,93.94,202
1789954740,93.93,93.95,93.86,93.89,117
1789954800,93.88,93.94,93.82,93.91,106
1789954860,93.91,94.02,93.91,93.96,31
1789954920,93.98,93.98,93.93,93.98,75
1789954980,93.99,93.99,93.93,93.96,47
1789955040,93.95,93.99,93.91,93.93,36
1789955100,93.94,93.95,93.89,93.93,42
1789955160,93.92,93.93,93.9,93.9,30
1789955220,93.91,94.01,93.91,93.95,100
1789955280,93.96,94,93.93,94,46
1789955340,94.02,94.07,94.01,94.06,85
1789955400,94.05,94.05,93.94,94.04,105
1789955460,94.03,94.06,93.99,94.04,62
1789955520,94.04,94.06,93.92,93.93,86
1789955580,93.94,93.94,93.85,93.91,127
1789955640,93.92,93.92,93.81,93.86,82
1789955700,93.86,93.86,93.67,93.74,263
1789955760,93.74,93.86,93.73,93.84,79
1789955820,93.85,93.94,93.84,93.93,54
1789955880,93.91,93.97,93.91,93.97,29
1789955940,93.97,94.03,93.93,93.95,85
1789956000,93.95,94.01,93.95,94.01,34
1789956060,94.03,94.04,93.93,94,66
1789956120,94.02,94.05,94,94.03,33
1789956180,94.02,94.06,94,94.03,52
1789956240,94.02,94.02,93.89,93.92,76
1789956300,93.94,94.12,93.9,94.1,125
1789956360,94.09,94.12,94.03,94.05,63
1789956420,94.03,94.1,94.01,94.08,59
1789956480,94.08,94.08,94.04,94.04,35
1789956540,94.03,94.04,94.01,94.01,23
1789956600,94.04,94.04,93.99,94.02,50
1789956660,94.03,94.03,93.98,93.99,29
1789956720,93.99,93.99,93.94,93.94,30
1789956780,93.95,93.96,93.91,93.96,19
1789956840,93.96,93.98,93.94,93.98,31
1789956900,93.99,94,93.94,93.99,45
1789956960,94.01,94.07,93.98,94.05,25
1789957020,94.05,94.08,94.03,94.08,23
1789957080,94.08,94.1,94.04,94.06,69
1789957140,94.07,94.07,94.01,94.01,43
1789957200,94.03,94.09,94.03,94.06,38
1789957260,94.06,94.06,94.03,94.05,18
1789957320,94.05,94.05,94.03,94.04,20
1789957380,94.06,94.07,94.04,94.04,8
1789957440,94.06,94.09,94.06,94.08,34
1789957500,94.07,94.09,94.04,94.06,43
1789957560,94.04,94.09,94.04,94.07,34
1789957620,94.07,94.07,94.01,94.04,34
1789957680,94.05,94.06,93.94,93.97,96
1789957740,93.96,93.97,93.95,93.96,21
1789957800,93.97,94.07,93.97,94.06,59
1789957860,94.05,94.11,94.03,94.07,34
1789957920,94.06,94.12,94.02,94.06,105
1789957980,94.07,94.07,93.96,93.99,82
1789958040,93.97,94,93.87,93.91,191
1789958100,93.89,93.92,93.87,93.91,51
1789958160,93.91,93.91,93.82,93.89,82
1789958220,93.9,93.91,93.87,93.87,12
1789958280,93.88,93.92,93.88,93.92,12
1789958340,93.92,93.97,93.89,93.96,36
1789958400,93.97,93.97,93.91,93.94,52
1789958460,93.93,93.95,93.92,93.95,6
1789958520,93.91,93.91,93.87,93.89,29
1789958580,93.88,93.97,93.88,93.97,16
1789958640,93.96,93.96,93.92,93.92,22
1789958700,93.9,93.9,93.89,93.89,11
1789958760,93.9,93.9,93.84,93.86,23
1789958820,93.86,93.86,93.75,93.75,127
1789958880,93.76,93.94,93.76,93.93,98
1789958940,93.92,93.93,93.83,93.83,59
1789959000,93.85,93.88,93.79,93.84,76
1789959060,93.85,93.86,93.8,93.83,48
1789959120,93.87,93.9,93.83,93.88,35
1789959180,93.88,93.88,93.86,93.88,16
1789959240,93.89,93.91,93.87,93.87,44
1789959300,93.86,93.88,93.83,93.87,38
1789959360,93.89,94,93.89,93.98,57
1789959420,93.97,94.08,93.97,94.01,79
1789959480,94.01,94.05,93.97,94.04,65
1789959540,94.05,94.08,94.05,94.06,43
1789959600,94.07,94.07,93.93,93.99,61
1789959660,93.99,94.01,93.95,93.95,50
1789959720,93.94,94.05,93.91,94.05,61
1789959780,94.03,94.03,93.98,93.99,16
1789959840,93.99,93.99,93.96,93.96,6
1789959900,93.96,93.98,93.94,93.98,7
1789959960,93.98,94.08,93.95,94.08,42
1789960020,94.07,94.08,94.06,94.06,18
1789960080,94.05,94.05,93.93,93.95,88
1789960140,93.95,93.98,93.95,93.97,24
1789960200,93.98,93.98,93.96,93.96,17
1789960260,93.96,93.99,93.92,93.98,30
1789960320,93.97,93.97,93.93,93.94,17
1789960380,93.94,93.94,93.89,93.91,29
1789960440,93.89,93.91,93.89,93.91,3
1789960500,93.91,93.91,93.87,93.88,32
1789960560,93.88,93.91,93.88,93.91,16
1789960620,93.9,93.93,93.9,93.91,16
1789960680,93.93,93.98,93.92,93.98,24
1789960740,93.99,93.99,93.92,93.92,38
1789960800,93.91,93.92,93.88,93.92,17
1789960860,93.93,93.97,93.93,93.96,12
1789960920,93.95,93.95,93.92,93.92,18
1789960980,93.95,93.96,93.92,93.96,11
1789961040,93.94,93.95,93.91,93.95,34
1789961100,93.96,93.96,93.91,93.93,22
1789961160,93.91,93.94,93.91,93.91,20
1789961220,93.92,93.92,93.88,93.89,14
1789961280,93.86,93.95,93.85,93.93,27
1789961340,93.93,93.97,93.92,93.94,51
1789961400,93.93,94.04,93.91,94.03,193
1789961460,94.02,94.06,93.95,93.99,109
1789961520,93.97,94.02,93.97,93.99,67
1789961580,93.98,93.99,93.89,93.89,57
1789961640,93.89,93.93,93.87,93.89,62
1789961700,93.88,93.88,93.75,93.81,209
1789961760,93.82,93.85,93.76,93.78,75
1789961820,93.8,93.82,93.75,93.81,88
1789961880,93.81,93.88,93.81,93.84,49
1789961940,93.84,93.87,93.83,93.87,21
1789962000,93.87,93.88,93.83,93.86,36
1789962060,93.85,93.85,93.8,93.85,37
1789962120,93.84,93.85,93.83,93.85,13
1789962180,93.85,93.86,93.82,93.84,29
1789962240,93.86,93.96,93.86,93.95,29
1789962300,93.94,93.95,93.88,93.91,40
1789962360,93.89,93.89,93.84,93.86,18
1789962420,93.86,93.86,93.81,93.83,24
1789962480,93.84,93.97,93.84,93.95,56
1789962540,93.96,93.98,93.93,93.93,57
1789962600,93.94,93.98,93.94,93.98,20
1789962660,93.98,93.98,93.95,93.97,18
1789962720,93.97,93.97,93.96,93.97,6
1789962780,93.97,94.01,93.97,94,53
1789962840,93.99,94.05,93.97,94.05,37
1789962900,94.05,94.06,94.04,94.05,15
1789962960,94.05,94.06,94.03,94.04,22
1789963020,94,94,93.98,94,7
1789963080,93.99,94,93.97,93.97,15
1789963140,93.97,94.01,93.95,94.01,15
1789963200,93.99,94.05,93.99,94.03,39
1789963260,94.03,94.03,93.98,93.99,23
1789963320,93.99,94.03,93.99,94.01,25
1789963380,94,94.07,94,94.07,33
1789963440,94.07,94.16,94.06,94.12,150
1789963500,94.11,94.14,94.1,94.1,30
1789963560,94.11,94.14,94.1,94.12,24
1789963620,94.12,94.12,94.05,94.05,58
1789963680,94.04,94.07,94.03,94.04,36
1789963740,94.04,94.07,94.03,94.04,30
1789963800,94.04,94.11,94,94.11,68
1789963860,94.11,94.17,94.09,94.15,82
1789963920,94.14,94.15,94.13,94.15,10
1789963980,94.11,94.14,94.11,94.14,13
1789964040,94.13,94.25,94.13,94.19,112
1789964100,94.18,94.21,94.08,94.1,72
1789964160,94.1,94.14,93.93,93.95,113
1789964220,93.96,93.97,93.88,93.91,60
1789964280,93.9,93.93,93.85,93.88,83
1789964340,93.87,93.89,93.84,93.86,55
1789964400,93.88,93.91,93.87,93.88,38
1789964460,93.89,93.94,93.89,93.89,45
1789964520,93.91,93.91,93.9,93.91,7
1789964580,93.9,93.91,93.89,93.9,17
1789964640,93.9,93.94,93.89,93.92,14
1789964700,93.91,93.98,93.9,93.95,20
1789964760,93.94,93.99,93.94,93.95,35
1789964820,93.96,93.96,93.91,93.91,42
1789964880,93.93,93.98,93.93,93.94,33
1789964940,93.97,93.97,93.93,93.94,17
1789965000,93.92,93.94,93.89,93.91,81
1789965060,93.93,94,93.92,93.98,44
1789965120,93.97,93.99,93.96,93.99,8
1789965180,94,94.05,93.99,94.02,44
1789965240,94.02,94.04,94.01,94.04,49
1789965300,94.06,94.09,94.03,94.05,28
1789965360,94.06,94.09,94.06,94.07,24
1789965420,94.06,94.08,94.03,94.03,27
1789965480,94.03,94.04,94.02,94.02,3
1789965540,94,94.02,94,94.02,10
1789965600,94.02,94.02,94,94,8
1789965660,94.01,94.05,93.99,94,63
1789965720,94,94.05,93.97,94.05,26
1789965780,94.04,94.05,94.02,94.04,31
1789965840,94.04,94.04,94.02,94.03,7
1789965900,94.05,94.06,94.03,94.06,20
1789965960,94.04,94.04,93.99,94.01,36
1789966020,94,94.01,93.98,93.98,9
1789966080,93.95,93.97,93.94,93.94,18
1789966140,93.93,93.95,93.92,93.93,9
1789966200,93.94,93.98,93.94,93.98,16
1789966260,94,94.05,94,94.04,23
1789966320,94.04,94.07,94.01,94.07,16
1789966380,94.05,94.12,94.04,94.09,57
1789966440,94.08,94.11,94.02,94.1,31
1789966500,94.1,94.12,94.08,94.09,25
1789966560,94.08,94.11,94.07,94.11,28
1789966620,94.11,94.13,94.1,94.1,14
1789966680,94.1,94.11,94.07,94.07,15
1789966740,94.07,94.09,94.01,94.09,34
1789966800,94.08,94.11,94.08,94.11,19
1789966860,94.11,94.21,94.11,94.16,46
1789966920,94.16,94.26,94.15,94.24,66
1789966980,94.23,94.28,94.23,94.25,41
1789967040,94.26,94.3,94.26,94.29,17
1789967100,94.29,94.35,94.29,94.33,45
1789967160,94.33,94.39,94.32,94.35,95
1789967220,94.34,94.35,94.29,94.3,38
1789967280,94.31,94.31,94.25,94.26,24
1789967340,94.25,94.27,94.24,94.27,14
1789967400,94.26,94.27,94.25,94.26,19
1789967460,94.26,94.32,94.26,94.29,33
1789967520,94.28,94.36,94.27,94.33,23
1789967580,94.34,94.37,94.28,94.34,66
1789967640,94.32,94.34,94.31,94.33,18
1789967700,94.34,94.35,94.31,94.35,25
1789967760,94.35,94.36,94.27,94.3,59
1789967820,94.31,94.38,94.31,94.35,52
1789967880,94.35,94.35,94.32,94.33,28
1789967940,94.31,94.31,94.25,94.27,34
1789968000,94.26,94.26,94.21,94.24,61
1789968060,94.24,94.27,94.23,94.25,38
1789968120,94.24,94.27,94.2,94.27,60
1789968180,94.27,94.34,94.27,94.28,57
1789968240,94.28,94.29,94.19,94.19,45
1789968300,94.19,94.22,94.17,94.2,54
1789968360,94.19,94.2,94.19,94.2,22
1789968420,94.19,94.22,94.15,94.18,41
1789968480,94.2,94.29,94.18,94.26,52
1789968540,94.26,94.26,94.17,94.2,31
1789968600,94.19,94.26,94.19,94.24,35
1789968660,94.28,94.38,94.28,94.33,65
1789968720,94.33,94.39,94.29,94.38,52
1789968780,94.39,94.46,94.36,94.4,91
1789968840,94.4,94.4,94.35,94.38,18
1789968900,94.39,94.41,94.27,94.27,92
1789968960,94.3,94.32,94.26,94.27,29
1789969020,94.28,94.3,94.27,94.27,30
1789969080,94.28,94.28,94.18,94.19,60
1789969140,94.2,94.25,94.19,94.22,34
1789969200,94.22,94.22,94.11,94.13,71
1789969260,94.14,94.27,94.14,94.25,46
1789969320,94.23,94.35,94.22,94.32,91
1789969380,94.32,94.37,94.31,94.36,39
1789969440,94.37,94.43,94.37,94.43,36
1789969500,94.45,94.48,94.42,94.42,71
1789969560,94.41,94.44,94.36,94.37,32
1789969620,94.38,94.45,94.38,94.45,28
1789969680,94.46,94.65,94.46,94.65,224
1789969740,94.63,94.71,94.6,94.69,186
1789969800,94.68,94.68,94.57,94.64,146
1789969860,94.63,94.65,94.61,94.64,37
1789969920,94.64,94.7,94.63,94.68,63
1789969980,94.66,94.66,94.61,94.62,80
1789970040,94.63,94.65,94.6,94.62,25
1789970100,94.63,94.65,94.61,94.65,26
1789970160,94.66,94.69,94.58,94.58,38
1789970220,94.59,94.63,94.55,94.61,68
1789970280,94.61,94.66,94.61,94.66,11
1789970340,94.64,94.65,94.59,94.62,27
1789970400,94.63,94.64,94.56,94.56,67
1789970460,94.57,94.66,94.54,94.64,52
1789970520,94.64,94.75,94.64,94.73,198
1789970580,94.7,94.73,94.69,94.73,47
1789970640,94.74,94.78,94.54,94.56,328
1789970700,94.56,94.57,94.49,94.56,134
1789970760,94.56,94.56,94.48,94.48,155
1789970820,94.48,94.54,94.48,94.51,51
1789970880,94.52,94.59,94.51,94.53,47
1789970940,94.54,94.56,94.52,94.53,28
1789971000,94.53,94.53,94.43,94.49,72
1789971060,94.49,94.51,94.44,94.45,58
1789971120,94.46,94.46,94.34,94.4,220
1789971180,94.4,94.41,94.32,94.32,269
1789971240,94.33,94.33,94.23,94.26,166
1789971300,94.26,94.29,94.2,94.25,106
1789971360,94.25,94.3,94.23,94.24,112
1789971420,94.26,94.26,94.16,94.19,78
1789971480,94.18,94.18,94.04,94.06,222
1789971540,94.06,94.06,93.87,93.96,360
1789971600,93.96,94.05,93.96,93.97,124
1789971660,93.98,94.03,93.93,94.01,99
1789971720,94.01,94.12,94.01,94.07,81
1789971780,94.06,94.17,94.06,94.15,159
1789971840,94.15,94.17,94.07,94.15,98
1789971900,94.13,94.13,94.09,94.1,29
1789971960,94.1,94.29,94.1,94.29,154
1789972020,94.29,94.3,94.17,94.17,113
1789972080,94.18,94.18,94.11,94.12,23
1789972140,94.14,94.16,94.1,94.12,74
1789972200,94.11,94.16,94.01,94.16,192
1789972260,94.17,94.19,94.11,94.14,108
1789972320,94.13,94.16,94.1,94.12,82
1789972380,94.11,94.14,94.1,94.11,24
1789972440,94.11,94.12,94.05,94.07,42
1789972500,94.06,94.07,93.94,94.05,114
1789972560,94.04,94.07,94.03,94.05,25
1789972620,94.03,94.03,94,94.01,15
1789972680,94.01,94.03,93.95,94,43
1789972740,94.02,94.06,93.99,94.01,46
1789972800,94,94.02,93.98,94.02,34
1789972860,94.04,94.11,94.01,94.11,38
1789972920,94.1,94.22,94.09,94.21,74
1789972980,94.19,94.2,94.17,94.2,30
1789973040,94.19,94.19,94.13,94.15,36
1789973100,94.14,94.19,94.11,94.16,32
1789973160,94.15,94.18,94.08,94.11,39
1789973220,94.1,94.15,94.1,94.12,49
1789973280,94.1,94.19,94.1,94.18,63
1789973340,94.19,94.19,94.11,94.15,100
1789973400,94.13,94.13,94.1,94.13,39
1789973460,94.13,94.17,94.11,94.17,105
1789973520,94.18,94.18,94.14,94.16,42
1789973580,94.15,94.27,94.14,94.27,119
1789973640,94.27,94.37,94.24,94.25,142
1789973700,94.24,94.26,94.13,94.13,85
1789973760,94.14,94.21,94.13,94.2,46
1789973820,94.19,94.26,94.18,94.2,37
1789973880,94.21,94.27,94.21,94.24,36
1789973940,94.23,94.23,94.12,94.14,71
1789974000,94.14,94.18,94.06,94.1,201
1789974060,94.1,94.19,94.09,94.19,118
1789974120,94.19,94.25,94.16,94.21,109
1789974180,94.21,94.24,94.08,94.08,79
1789974240,94.07,94.11,93.97,93.99,170
1789974300,94,94.09,93.9,93.94,173
1789974360,93.95,94.03,93.9,94.03,74
1789974420,94.04,94.08,94.02,94.04,73
1789974480,94.04,94.06,93.99,94.04,66
1789974540,94.05,94.07,93.76,93.87,524
1789974600,93.86,93.98,93.82,93.96,187
1789974660,93.98,94.07,93.98,94.06,147
1789974720,94.06,94.06,93.97,94,116
1789974780,94.01,94.04,93.95,94.01,95
1789974840,94.01,94.1,94.01,94.04,65
1789974900,94.03,94.11,94,94.02,84
1789974960,94.01,94.03,93.97,94,42
1789975020,94,94.05,94,94,109
1789975080,93.98,94.03,93.97,93.99,38
1789975140,93.99,94.09,93.99,94.07,97
1789975200,94.07,94.13,94.04,94.12,77
1789975260,94.12,94.12,94.07,94.08,32
1789975320,94.07,94.08,93.96,93.98,88
1789975380,93.98,93.99,93.84,93.91,110
1789975440,93.91,93.99,93.89,93.96,104
1789975500,93.96,94.01,93.86,93.92,120
1789975560,93.91,93.93,93.87,93.87,93
1789975620,93.88,93.92,93.86,93.86,112
1789975680,93.86,93.94,93.86,93.94,35
1789975740,93.94,93.97,93.92,93.97,69
1789975800,93.95,93.95,93.88,93.89,60
1789975860,93.89,93.91,93.77,93.8,111
1789975920,93.79,93.92,93.79,93.92,150
1789975980,93.93,94,93.89,93.9,115
1789976040,93.9,93.94,93.9,93.91,34
1789976100,93.93,93.95,93.9,93.92,51
1789976160,93.92,93.98,93.9,93.93,63
1789976220,93.94,93.99,93.92,93.93,64
1789976280,93.95,94.04,93.95,93.98,81
1789976340,93.97,94,93.86,93.86,107
1789976400,93.9,93.92,93.85,93.91,60
1789976460,93.9,93.97,93.82,93.86,120
1789976520,93.88,93.89,93.86,93.88,40
1789976580,93.87,93.96,93.82,93.96,126
1789976640,93.96,94,93.93,93.95,106
1789976700,93.95,94.07,93.95,94.04,124
1789976760,94.04,94.28,94.01,94.23,320
1789976820,94.22,94.26,94.18,94.2,184
1789976880,94.22,94.27,94.19,94.24,125
1789976940,94.23,94.3,94.22,94.24,147
1789977000,94.24,94.24,94.13,94.16,85
1789977060,94.17,94.32,94.17,94.19,162
1789977120,94.19,94.21,94.13,94.21,67
1789977180,94.21,94.24,94.11,94.19,200
1789977240,94.19,94.21,94.08,94.1,143
1789977300,94.09,94.12,93.89,93.91,131
1789977360,93.92,94.01,93.89,93.94,99
1789977420,93.94,94.03,93.93,94.03,54
1789977480,94.01,94.05,94,94.05,52
1789977540,94.05,94.19,94.05,94.19,79
1789977600,94.19,94.2,94.09,94.12,114
1789977660,94.12,94.21,94.12,94.2,75
1789977720,94.2,94.21,94.18,94.21,61
1789977780,94.19,94.21,94.14,94.15,75
1789977840,94.16,94.25,94.15,94.2,132
1789977900,94.22,94.33,94.21,94.21,224
1789977960,94.21,94.27,94.14,94.15,141
1789978020,94.17,94.19,94.12,94.16,95
1789978080,94.16,94.16,94.12,94.16,37
1789978140,94.16,94.27,94.15,94.22,281
1789978200,94.2,94.21,94.15,94.15,112
1789978260,94.14,94.16,94.11,94.12,79
1789978320,94.1,94.12,93.94,93.96,110
1789978380,93.97,94.09,93.97,94.07,124
1789978440,94.06,94.14,93.97,94.01,116
1789978500,94.03,94.05,93.97,94.02,80
1789978560,94.03,94.04,93.97,94,77
1789978620,94.01,94.06,93.99,94.01,85
1789978680,94.03,94.08,94.02,94.08,73
1789978740,94.06,94.08,93.97,94,131
1789978800,93.99,94.02,93.97,93.98,51
1789978860,93.98,94,93.91,93.96,86
1789978920,93.97,94.01,93.79,93.8,176
1789978980,93.81,93.85,93.69,93.74,359
1789979040,93.73,93.8,93.62,93.67,322
1789979100,93.67,93.69,93.46,93.53,652
1789979160,93.53,93.65,93.51,93.56,261
1789979220,93.54,93.64,93.52,93.58,183
1789979280,93.57,93.63,93.51,93.54,230
1789979340,93.54,93.79,93.54,93.76,539
1789979400,93.76,94.01,93.75,93.97,555
1789979460,93.98,94.03,93.93,93.93,308
1789979520,93.93,93.94,93.82,93.89,119
1789979580,93.88,93.88,93.71,93.72,97
1789979640,93.72,93.79,93.68,93.74,150
1789979700,93.75,93.78,93.65,93.66,135
1789979760,93.66,93.73,93.64,93.73,113
1789979820,93.71,93.77,93.7,93.77,56
1789979880,93.78,93.87,93.78,93.85,104
1789979940,93.84,93.92,93.83,93.91,222
1789980000,93.9,94.01,93.9,94,188
1789980060,93.97,93.98,93.85,93.87,92
1789980120,93.87,93.97,93.86,93.92,94
1789980180,93.91,93.94,93.89,93.91,74
1789980240,93.91,93.95,93.91,93.93,46
1789980300,93.94,94.01,93.94,93.98,95
1789980360,93.96,94,93.88,93.89,116
1789980420,93.9,94.15,93.9,94.08,238
1789980480,94.07,94.13,94.01,94.01,96
1789980540,94.01,94.07,94.01,94.07,46
1789980600,94.07,94.23,94.07,94.19,168
1789980660,94.18,94.18,94.05,94.1,143
1789980720,94.1,94.14,94.09,94.11,70
1789980780,94.09,94.17,94.07,94.12,80
1789980840,94.14,94.29,94.14,94.28,257
1789980900,94.28,94.31,94.24,94.26,157
1789980960,94.25,94.31,94.24,94.29,95
1789981020,94.3,94.31,94.21,94.21,88
1789981080,94.22,94.22,94.11,94.14,133
1789981140,94.14,94.22,94.13,94.2,110
1789981200,94.21,94.33,94.19,94.29,125
1789981260,94.29,94.44,94.26,94.39,237
1789981320,94.4,94.45,94.32,94.43,74
1789981380,94.43,94.53,94.4,94.49,163
1789981440,94.49,94.57,94.45,94.56,221
1789981500,94.56,94.59,94.51,94.54,113
1789981560,94.54,94.54,94.41,94.44,131
1789981620,94.44,94.44,94.23,94.23,199
1789981680,94.23,94.24,94.15,94.19,102
1789981740,94.19,94.28,94.17,94.23,100
1789981800,94.24,94.29,94.23,94.27,46
1789981860,94.27,94.42,94.26,94.3,99
1789981920,94.33,94.35,94.28,94.31,62
1789981980,94.33,94.42,94.32,94.37,77
1789982040,94.36,94.36,94.24,94.27,247
1789982100,94.27,94.28,94.21,94.25,61
1789982160,94.25,94.33,94.25,94.3,41
1789982220,94.29,94.31,94.24,94.28,32
1789982280,94.28,94.35,94.27,94.34,69
1789982340,94.34,94.37,94.32,94.32,47
1789982400,94.33,94.42,94.32,94.41,89
1789982460,94.41,94.49,94.41,94.49,43
1789982520,94.5,94.52,94.32,94.33,92
1789982580,94.35,94.36,94.31,94.33,73
1789982640,94.32,94.35,94.32,94.34,27
1789982700,94.35,94.37,94.34,94.36,37
1789982760,94.35,94.35,94.31,94.31,54
1789982820,94.31,94.31,94.2,94.22,135
1789982880,94.21,94.24,94.2,94.21,43
1789982940,94.22,94.32,94.22,94.32,43
1789983000,94.32,94.33,94.24,94.25,109
1789983060,94.27,94.39,94.27,94.3,115
1789983120,94.31,94.31,94.17,94.18,64
1789983180,94.18,94.2,94.13,94.17,76
1789983240,94.15,94.19,94.15,94.15,31
1789983300,94.16,94.2,94.13,94.19,43
1789983360,94.19,94.19,94.14,94.18,82
1789983420,94.17,94.21,94.17,94.19,38
1789983480,94.19,94.21,94.17,94.2,18
1789983540,94.19,94.2,94.14,94.18,52
1789983600,94.17,94.17,94.11,94.11,41
1789983660,94.11,94.11,94.01,94.03,174
1789983720,94.02,94.11,94.01,94.11,88
1789983780,94.12,94.15,94.09,94.1,60
1789983840,94.09,94.11,94.07,94.09,28
1789983900,94.09,94.23,94.07,94.23,81
1789983960,94.22,94.23,94.05,94.1,88
1789984020,94.1,94.1,94.08,94.08,9
1789984080,94.07,94.09,94.01,94.01,119
1789984140,94.02,94.03,94,94,46
1789984200,93.99,93.99,93.76,93.84,638
1789984260,93.85,93.9,93.8,93.8,209
1789984320,93.79,93.86,93.79,93.83,169
1789984380,93.84,93.84,93.71,93.71,221
1789984440,93.7,93.72,93.51,93.54,454
1789984500,93.54,93.57,93.5,93.52,331
1789984560,93.53,93.7,93.48,93.66,311
1789984620,93.65,93.74,93.63,93.72,188
1789984680,93.71,93.74,93.7,93.7,94
1789984740,93.72,93.75,93.64,93.72,159
1789984800,93.74,93.83,93.66,93.83,253
1789984860,93.81,93.85,93.78,93.84,136
1789984920,93.85,93.87,93.78,93.81,114
1789984980,93.81,93.82,93.76,93.8,85
1789985040,93.79,93.85,93.76,93.84,51
1789985100,93.83,93.84,93.72,93.79,133
1789985160,93.78,93.81,93.77,93.8,54
1789985220,93.82,93.82,93.7,93.76,146
1789985280,93.76,93.78,93.75,93.77,54
1789985340,93.79,93.8,93.69,93.69,109
1789985400,93.69,93.8,93.67,93.74,187
1789985460,93.73,93.73,93.66,93.67,118
1789985520,93.65,93.65,93.57,93.63,170
1789985580,93.63,93.64,93.5,93.52,303
1789985640,93.52,93.55,93.34,93.35,606
1789985700,93.35,93.4,93.25,93.3,569
1789985760,93.28,93.32,93.21,93.23,337
1789985820,93.22,93.22,93.1,93.16,353
1789985880,93.16,93.23,93.05,93.09,419
1789985940,93.09,93.15,93.06,93.14,234
1789986000,93.14,93.24,93.12,93.12,191
1789986060,93.13,93.21,93.11,93.21,221
1789986120,93.21,93.25,93.19,93.24,92
1789986180,93.24,93.35,93.21,93.35,272
1789986240,93.35,93.35,93.26,93.26,120
1789986300,93.27,93.28,93.11,93.12,310
1789986360,93.12,93.17,93.07,93.14,114
1789986420,93.14,93.17,93.11,93.15,94
1789986480,93.15,93.15,93.1,93.13,55
1789986540,93.12,93.13,93.01,93.02,362
1789986600,93.02,93.06,92.95,92.98,281
1789986660,92.98,93.05,92.96,93.03,266
1789986720,93.02,93.04,92.95,92.99,370
1789986780,92.99,93,92.91,92.95,373
1789986840,92.95,92.96,92.92,92.94,66
1789986900,92.93,92.95,92.85,92.87,354
1789986960,92.86,92.89,92.78,92.85,372
1789987020,92.82,92.82,92.77,92.81,106
1789987080,92.8,92.82,92.76,92.82,201
1789987140,92.81,92.81,92.71,92.71,308
1789987200,92.72,92.83,92.7,92.82,248
1789987260,92.82,92.92,92.79,92.88,243
1789987320,92.89,93.03,92.89,93.02,281
1789987380,93.04,93.12,93.02,93.1,400
1789987440,93.09,93.13,93.05,93.07,159
1789987500,93.07,93.07,92.95,93.02,283
1789987560,93.03,93.03,92.93,93.02,174
1789987620,93.01,93.04,92.96,92.99,79
1789987680,93,93.08,93,93.07,116
1789987740,93.05,93.05,92.99,92.99,70
1789987800,92.98,93,92.91,92.97,150
1789987860,92.96,92.96,92.89,92.93,124
1789987920,92.95,93.08,92.95,93.05,168
1789987980,93.07,93.1,92.92,92.92,200
1789988040,92.94,92.98,92.93,92.95,84
1789988100,92.96,93.02,92.95,93.02,109
1789988160,93.02,93.09,92.99,93.07,161
1789988220,93.06,93.09,93.03,93.03,120
1789988280,93.04,93.23,93.03,93.22,316
1789988340,93.22,93.32,93.22,93.32,283
1789988400,93.31,93.46,93.31,93.41,579
1789988460,93.4,93.49,93.38,93.46,232
1789988520,93.46,93.47,93.41,93.46,175
1789988580,93.47,93.47,93.37,93.44,203
1789988640,93.43,93.54,93.42,93.54,244
1789988700,93.54,93.59,93.48,93.57,260
1789988760,93.58,93.6,93.55,93.58,190
1789988820,93.57,93.63,93.51,93.63,223
1789988880,93.62,93.62,93.58,93.59,88
1789988940,93.6,93.6,93.52,93.58,150
1789989000,93.59,93.62,93.56,93.6,56
1789989060,93.6,93.64,93.58,93.64,94
1789989120,93.64,93.64,93.57,93.57,92
1789989180,93.59,93.63,93.58,93.61,92
1789989240,93.62,93.64,93.57,93.58,54
1789989300,93.58,93.58,93.48,93.51,205
1789989360,93.52,93.55,93.5,93.53,121
1789989420,93.53,93.61,93.53,93.59,96
1789989480,93.59,93.62,93.48,93.5,111
1789989540,93.49,93.5,93.47,93.5,53
1789989600,93.48,93.51,93.47,93.5,78
1789989660,93.5,93.53,93.44,93.47,101
1789989720,93.48,93.52,93.48,93.48,56
1789989780,93.47,93.49,93.45,93.46,59
1789989840,93.46,93.51,93.45,93.5,110
1789989900,93.47,93.47,93.37,93.44,143
1789989960,93.43,93.44,93.38,93.39,71
1789990020,93.39,93.47,93.38,93.46,88
1789990080,93.45,93.51,93.44,93.51,153
1789990140,93.5,93.58,93.48,93.56,151
1789990200,93.55,93.63,93.55,93.62,163
1789990260,93.62,93.69,93.61,93.62,206
1789990320,93.64,93.69,93.6,93.69,100
1789990380,93.7,93.71,93.65,93.67,72
1789990440,93.67,93.7,93.62,93.63,117
1789990500,93.63,93.66,93.53,93.54,105
1789990560,93.54,93.6,93.53,93.56,178
1789990620,93.58,93.62,93.57,93.62,61
1789990680,93.62,93.7,93.62,93.68,121
1789990740,93.68,93.7,93.43,93.58,455
1789990800,93.58,93.58,93.29,93.29,302
1789990860,93.29,93.48,93.29,93.43,153
1789990920,93.42,93.43,93.4,93.43,54
1789990980,93.42,93.48,93.4,93.46,94
1789991040,93.45,93.45,93.32,93.33,66
1789991100,93.32,93.39,93.31,93.37,73
1789991160,93.36,93.39,93.35,93.37,63
1789991220,93.38,93.4,93.32,93.4,50
1789991280,93.4,93.47,93.39,93.42,76
1789991340,93.42,93.43,93.37,93.38,58
1789991400,93.38,93.54,93.38,93.5,177
1789991460,93.5,93.52,93.47,93.47,94
1789991520,93.47,93.47,93.4,93.41,98
1789991580,93.41,93.41,93.39,93.39,37
1789991640,93.38,93.41,93.35,93.41,93
1789991700,93.41,93.44,93.33,93.34,99
1789991760,93.34,93.5,93.34,93.47,84
1789991820,93.47,93.57,93.47,93.5,209
1789991880,93.5,93.5,93.43,93.44,68
1789991940,93.46,93.5,93.46,93.48,45
1789992000,93.48,93.58,93.48,93.56,121
1789992060,93.56,93.57,93.51,93.54,151
1789992120,93.54,93.78,93.35,93.5,781
1789992180,93.48,93.62,93.32,93.59,480
1789992240,93.58,93.6,93.44,93.49,118
1789992300,93.49,93.49,93.21,93.27,357
1789992360,93.25,93.29,93.14,93.21,254
1789992420,93.2,93.24,93.15,93.21,151
1789992480,93.22,93.35,93.22,93.3,134
1789992540,93.29,93.39,93.25,93.36,151
1789992600,93.36,93.39,93.33,93.38,79
1789992660,93.36,93.43,93.3,93.34,136
1789992720,93.33,93.46,93.31,93.44,216
1789992780,93.43,93.43,93.37,93.37,79
1789992840,93.37,93.37,93.21,93.29,367
1789992900,93.3,93.32,93.27,93.29,93
1789992960,93.3,93.3,93.24,93.26,112
1789993020,93.24,93.35,93.24,93.24,164
1789993080,93.25,93.29,93.22,93.25,177
1789993140,93.25,93.29,93.17,93.21,153
1789993200,93.21,93.21,93.12,93.13,284
1789993260,93.12,93.27,93.12,93.26,273
1789993320,93.26,93.43,93.25,93.41,236
1789993380,93.4,93.42,93.34,93.41,130
1789993440,93.4,93.42,93.37,93.4,73
1789993500,93.4,93.41,93.3,93.33,99
1789993560,93.33,93.42,93.33,93.39,157
1789993620,93.37,93.54,93.34,93.54,160
1789993680,93.53,93.61,93.52,93.54,155
1789993740,93.52,93.59,93.48,93.58,154
1789993800,93.58,93.59,93.51,93.56,132
1789993860,93.56,93.64,93.56,93.63,135
1789993920,93.6,93.64,93.58,93.64,101
1789993980,93.63,93.67,93.59,93.63,125
1789994040,93.64,93.67,93.58,93.62,81
1789994100,93.62,93.67,93.6,93.66,82
1789994160,93.66,93.69,93.53,93.56,122
1789994220,93.56,93.59,93.52,93.57,84
1789994280,93.58,93.62,93.52,93.57,92
1789994340,93.55,93.57,93.52,93.54,40
1789994400,93.53,93.53,93.42,93.46,125
1789994460,93.45,93.46,93.37,93.38,145
1789994520,93.38,93.49,93.37,93.48,111
1789994580,93.46,93.46,93.37,93.39,127
1789994640,93.4,93.4,92.77,92.87,2222
1789994700,92.89,93.19,92.86,93.17,633
1789994760,93.15,93.28,93.14,93.21,235
1789994820,93.22,93.28,93.18,93.28,166
1789994880,93.27,93.32,93.24,93.3,201
1789994940,93.31,93.43,93.29,93.41,136
1789995000,93.4,93.47,93.36,93.42,151
1789995060,93.41,93.51,93.38,93.48,154
1789995120,93.49,93.59,93.47,93.54,206
1789995180,93.54,93.54,93.45,93.48,92
1789995240,93.47,93.51,93.47,93.48,84
1789995300,93.49,93.59,93.49,93.55,140
1789995360,93.55,93.57,93.54,93.54,67
1789995420,93.52,93.57,93.48,93.55,97
1789995480,93.55,93.56,93.5,93.54,43
1789995540,93.55,93.7,93.55,93.7,317
1789995600,93.7,93.76,93.35,93.39,993
1789995660,93.4,93.41,93.18,93.25,448
1789995720,93.25,93.27,93.08,93.12,354
1789995780,93.12,93.22,93.09,93.15,348
1789995840,93.16,93.16,93.03,93.08,397
1789995900,93.08,93.11,93.01,93.1,314
1789995960,93.11,93.21,93.08,93.14,267
1789996020,93.14,93.15,93.04,93.15,227
1789996080,93.13,93.16,93.03,93.03,176
1789996140,93.03,93.05,92.95,92.96,344
1789996200,92.97,93.01,92.9,93.01,341
1789996260,93.01,93.15,93,93.11,319
1789996320,93.11,93.11,92.98,92.99,173
1789996380,92.98,92.99,92.91,92.97,213
1789996440,92.98,93,92.92,92.93,182
1789996500,92.91,92.96,92.89,92.91,262
1789996560,92.9,92.91,92.85,92.85,170
1789996620,92.86,92.87,92.71,92.73,490
1789996680,92.74,92.83,92.73,92.79,441
1789996740,92.78,92.78,92.62,92.71,555
1789996800,92.71,92.8,92.68,92.68,347
1789996860,92.67,92.67,92.53,92.56,641
1789996920,92.56,92.65,92.52,92.64,337
1789996980,92.64,92.74,92.6,92.71,340
1789997040,92.7,92.77,92.67,92.76,178
1789997100,92.75,92.92,92.75,92.85,674
1789997160,92.85,92.93,92.56,92.88,1612
1789997220,92.86,92.86,92.72,92.73,144
1789997280,92.73,92.78,92.64,92.67,235
1789997340,92.66,92.69,92.6,92.62,163
1789997400,92.62,92.95,92.58,92.89,1042
1789997460,92.89,92.95,92.84,92.89,380
1789997520,92.88,93.07,92.88,92.98,602
1789997580,92.99,93.12,92.99,93.09,512
1789997640,93.08,93.12,92.96,92.96,266
1789997700,92.96,93.01,92.87,92.94,468
1789997760,92.94,92.98,92.91,92.91,286
1789997820,92.91,92.92,92.78,92.81,365
1789997880,92.81,92.89,92.76,92.87,186
1789997940,92.87,92.88,92.7,92.72,269
1789998000,92.72,92.75,92.53,92.56,370
1789998060,92.55,92.67,92.48,92.63,662
1789998120,92.62,92.68,92.59,92.67,230
1789998180,92.66,92.69,92.58,92.64,325
1789998240,92.64,92.69,92.61,92.64,195
1789998300,92.64,92.74,92.62,92.72,293
1789998360,92.73,92.75,92.7,92.73,150
1789998420,92.74,92.92,92.74,92.89,311
1789998480,92.88,92.92,92.8,92.81,177
1789998540,92.79,92.8,92.64,92.66,214
1789998600,92.65,92.75,92.64,92.75,147
1789998660,92.75,92.89,92.73,92.89,480
1789998720,92.89,92.91,92.8,92.83,472
1789998780,92.84,92.87,92.77,92.8,163
1789998840,92.82,92.92,92.81,92.86,372
1789998900,92.86,92.89,92.71,92.72,209
1789998960,92.74,92.74,92.66,92.68,219
1789999020,92.68,92.69,92.59,92.61,335
1789999080,92.61,92.67,92.55,92.57,645
1789999140,92.57,92.58,92.5,92.58,294
1789999200,92.57,92.57,92.45,92.5,413
1789999260,92.51,92.56,92.48,92.55,125
1789999320,92.54,92.67,92.54,92.63,338
1789999380,92.62,92.62,92.52,92.54,197
1789999440,92.55,92.55,92.46,92.5,435
1789999500,92.5,92.6,92.49,92.53,235
1789999560,92.54,92.56,92.5,92.51,132
1789999620,92.51,92.6,92.5,92.53,243
1789999680,92.52,92.56,92.5,92.52,221
1789999740,92.53,92.58,92.53,92.53,217
1789999800,92.53,92.65,92.34,92.37,993
1789999860,92.37,92.38,92.13,92.28,910
1789999920,92.29,92.38,92.14,92.16,564
1789999980,92.16,92.29,92.11,92.28,694
1790000040,92.27,92.29,92.12,92.19,486
1790000100,92.18,92.19,92.08,92.1,524
1790000160,92.09,92.11,92,92.1,915
1790000220,92.1,92.19,92.07,92.09,647
1790000280,92.1,92.18,92.08,92.12,379
1790000340,92.11,92.19,92.08,92.18,500
1790000400,92.16,92.22,92.12,92.16,314
1790000460,92.16,92.2,91.91,92.07,1019
1790000520,92.07,92.08,91.93,91.98,395
1790000580,91.98,92.09,91.98,92.09,364
1790000640,92.09,92.12,92.03,92.07,332
1790000700,92.06,92.06,91.9,91.9,378
1790000760,91.93,92,91.91,91.92,466
1790000820,91.91,91.96,91.78,91.83,631
1790000880,91.83,91.83,91.7,91.72,734
1790000940,91.73,91.77,91.7,91.73,543
1790001000,91.73,91.93,91.67,91.9,700
1790001060,91.91,91.98,91.87,91.97,532
1790001120,91.97,92.07,91.93,92.02,551
1790001180,92.01,92.01,91.81,91.86,485
1790001240,91.86,92.02,91.85,92,545
1790001300,92,92.05,91.92,91.92,298
1790001360,91.91,91.97,91.9,91.95,279
1790001420,91.95,92.02,91.83,91.85,316
1790001480,91.84,91.96,91.8,91.94,373
1790001540,91.93,91.94,91.83,91.9,261
1790001600,91.91,91.92,91.81,91.86,230
1790001660,91.86,91.88,91.63,91.84,1193
1790001720,91.86,91.89,91.83,91.86,216
1790001780,91.86,91.91,91.83,91.84,281
1790001840,91.83,91.84,91.72,91.79,223
1790001900,91.78,91.81,91.74,91.78,149
1790001960,91.79,91.87,91.76,91.78,270
1790002020,91.76,91.77,91.59,91.66,410
1790002080,91.66,91.82,91.65,91.77,370
1790002140,91.78,91.93,91.78,91.92,375
1790002200,91.92,92,91.89,91.97,525
1790002260,91.96,92.05,91.94,92.04,297
1790002320,92.04,92.2,92.04,92.13,496
1790002380,92.12,92.23,92.08,92.23,503
1790002440,92.23,92.23,92.09,92.12,437
1790002500,92.1,92.24,92.04,92.21,208
1790002560,92.23,92.31,92.2,92.25,479
1790002620,92.25,92.33,92.23,92.25,457
1790002680,92.25,92.27,92.12,92.13,347
1790002740,92.12,92.22,92.07,92.22,296
1790002800,92.22,92.23,92.08,92.15,396
1790002860,92.15,92.32,92.14,92.31,434
1790002920,92.32,92.36,92.3,92.34,335
1790002980,92.33,92.36,92.31,92.36,322
1790003040,92.35,92.35,92.25,92.25,108
1790003100,92.26,92.34,92.24,92.32,148
1790003160,92.32,92.35,92.29,92.3,303
1790003220,92.3,92.33,92.27,92.33,147
1790003280,92.34,92.37,92.3,92.31,197
1790003340,92.31,92.32,92.27,92.29,134
1790003400,92.29,92.34,92.24,92.25,251
1790003460,92.25,92.35,92.2,92.35,337
1790003520,92.36,92.38,92.29,92.37,149
1790003580,92.36,92.36,92.16,92.18,280
1790003640,92.18,92.22,92.08,92.1,245
1790003700,92.08,92.13,92.07,92.11,168
1790003760,92.11,92.14,92.09,92.1,167
1790003820,92.1,92.16,92.06,92.09,114
1790003880,92.1,92.24,92.09,92.24,215
1790003940,92.23,92.23,92.13,92.22,151
1790004000,92.23,92.41,92.23,92.39,392
1790004060,92.38,92.42,92.32,92.36,231
1790004120,92.36,92.41,92.36,92.39,173
1790004180,92.4,92.41,92.31,92.35,193
1790004240,92.34,92.42,92.33,92.36,184
1790004300,92.35,92.37,92.28,92.34,153
1790004360,92.34,92.45,92.3,92.42,259
1790004420,92.43,92.44,92.38,92.44,181
1790004480,92.45,92.51,92.36,92.37,522
1790004540,92.37,92.38,92.24,92.31,515
1790004600,92.32,92.34,92.14,92.18,671
1790004660,92.18,92.3,92.17,92.23,342
1790004720,92.24,92.31,92.19,92.2,178
1790004780,92.19,92.24,92.14,92.17,388
1790004840,92.17,92.19,92.1,92.15,357
1790004900,92.16,92.24,92.15,92.17,191
1790004960,92.17,92.2,91.84,92,1298
1790005020,92,92.11,91.93,92.06,420
1790005080,92.06,92.17,91.99,92,391
1790005140,91.99,92.14,91.98,92.14,190
1790005200,92.14,92.32,92.1,92.31,467
1790005260,92.31,92.32,92.22,92.25,214
1790005320,92.25,92.33,92.2,92.24,305
1790005380,92.25,92.33,92.16,92.18,270
1790005440,92.19,92.19,92.1,92.1,168
1790005500,92.1,92.17,92.09,92.14,200
1790005560,92.14,92.17,92.11,92.12,87
1790005620,92.13,92.17,92.12,92.14,138
1790005680,92.12,92.2,92.09,92.19,188
1790005740,92.19,92.22,92.17,92.19,148
1790005800,92.19,92.19,91.7,92.01,1480
1790005860,92,92.07,91.93,92.03,357
1790005920,92.03,92.14,91.97,92.14,237
1790005980,92.13,92.18,92.12,92.16,115
1790006040,92.16,92.34,92.11,92.3,294
1790006100,92.3,92.33,92.19,92.19,240
1790006160,92.2,92.27,92.2,92.24,114
1790006220,92.26,92.35,92.2,92.35,253
1790006280,92.35,92.38,92.29,92.31,213
1790006340,92.31,92.34,92.28,92.31,157
1790006400,92.32,92.34,92.22,92.24,367
1790006460,92.23,92.25,92.13,92.14,321
1790006520,92.15,92.15,91.98,92.01,376
1790006580,92,92.03,91.92,91.96,498
1790006640,91.96,92,91.89,92,506
1790006700,92,92.04,91.97,92,354
1790006760,92,92.03,91.96,92,175
1790006820,92.01,92.05,91.53,91.79,3137
1790006880,91.79,91.86,91.71,91.75,396
1790006940,91.76,91.79,91.62,91.64,791
1790007000,91.63,91.74,91.47,91.54,782
1790007060,91.55,91.59,91.45,91.57,889
1790007120,91.58,91.71,91.57,91.58,603
1790007180,91.59,91.67,91.46,91.66,425
1790007240,91.67,91.72,91.57,91.6,372
1790007300,91.59,91.62,91.5,91.57,296
1790007360,91.57,91.6,91.53,91.55,270
1790007420,91.55,91.58,91.4,91.45,332
1790007480,91.44,91.45,91.3,91.35,660
1790007540,91.36,91.38,91.3,91.37,454
1790007600,91.38,91.41,91.32,91.41,267
1790007660,91.41,91.5,91.39,91.48,264
1790007720,91.47,91.49,91.4,91.47,299
1790007780,91.48,91.61,91.46,91.59,293
1790007840,91.59,91.7,91.52,91.7,307
1790007900,91.7,91.75,91.62,91.72,401
1790007960,91.72,91.72,91.64,91.7,171
1790008020,91.7,91.7,91.63,91.63,94
1790008080,91.64,91.75,91.64,91.74,139
1790008140,91.74,91.78,91.7,91.76,148
1790008200,91.76,91.82,91.73,91.73,221
1790008260,91.74,91.79,91.7,91.72,213
1790008320,91.72,91.76,91.68,91.69,133
1790008380,91.7,91.71,91.53,91.55,405
1790008440,91.55,91.58,91.53,91.57,230
1790008500,91.59,91.6,91.54,91.58,130
1790008560,91.59,91.6,91.49,91.49,224
1790008620,91.48,91.51,91.29,91.31,490
1790008680,91.32,91.38,91.27,91.37,339
1790008740,91.37,91.41,91.33,91.38,251
1790008800,91.38,91.39,91.35,91.38,194
1790008860,91.38,91.4,91.32,91.38,192
1790008920,91.37,91.37,91.29,91.34,187
1790008980,91.34,91.34,91.3,91.33,96
1790009040,91.33,91.39,91.32,91.38,209
1790009100,91.39,91.53,91.39,91.44,241
1790009160,91.45,91.51,91.37,91.42,307
1790009220,91.41,91.44,91.4,91.43,103
1790009280,91.44,91.5,91.43,91.46,124
1790009340,91.45,91.46,91.37,91.38,167
1790009400,91.39,91.39,91.27,91.29,217
1790009460,91.29,91.33,91.28,91.31,189
1790009520,91.31,91.35,91.25,91.26,188
1790009580,91.25,91.28,91.22,91.27,200
1790009640,91.26,91.29,91.23,91.23,120
1790009700,91.22,91.24,91.19,91.23,259
1790009760,91.22,91.31,91.21,91.26,374
1790009820,91.25,91.33,91.24,91.32,318
1790009880,91.31,91.4,91.31,91.4,252
1790009940,91.41,91.47,91.4,91.45,248
1790010000,91.44,91.58,91.44,91.53,414
1790010060,91.54,91.57,91.49,91.55,286
1790010120,91.55,91.61,91.53,91.59,194
1790010180,91.59,91.64,91.56,91.57,157
1790010240,91.58,91.65,91.57,91.57,203
1790010300,91.58,91.61,91.48,91.5,233
1790010360,91.49,91.57,91.47,91.55,173
1790010420,91.54,91.54,91.49,91.5,112
1790010480,91.52,91.54,91.49,91.54,153
1790010540,91.54,91.55,91.47,91.53,118
1790010600,91.52,91.57,91.51,91.54,245
1790010660,91.54,91.63,91.53,91.6,192
1790010720,91.59,91.6,91.54,91.57,86
1790010780,91.57,91.6,91.53,91.59,60
1790010840,91.6,91.69,91.58,91.69,244
1790010900,91.7,91.73,91.65,91.68,228
1790010960,91.67,91.68,91.65,91.67,171
1790011020,91.67,91.7,91.64,91.69,134
1790011080,91.67,91.7,91.66,91.68,91
1790011140,91.68,91.68,91.61,91.65,140
1790011200,91.66,91.72,91.64,91.69,170
1790011260,91.69,91.7,91.65,91.69,239
1790011320,91.69,91.75,91.69,91.73,195
1790011380,91.72,91.72,91.66,91.68,70
1790011440,91.67,91.7,91.66,91.7,76
1790011500,91.69,91.72,91.69,91.71,74
1790011560,91.69,91.72,91.65,91.68,111
1790011620,91.67,91.69,91.64,91.68,110
1790011680,91.68,91.72,91.64,91.71,170
1790011740,91.71,91.75,91.71,91.73,124
1790011800,91.74,91.77,91.73,91.77,120
1790011860,91.76,91.92,91.74,91.85,897
1790011920,91.84,91.9,91.83,91.89,98
1790011980,91.87,92.07,91.86,92.06,352
1790012040,92.06,92.12,92.02,92.03,415
1790012100,92.03,92.12,92.02,92.11,229
1790012160,92.1,92.11,92.03,92.05,199
1790012220,92.05,92.09,92.03,92.08,130
1790012280,92.08,92.1,92.03,92.03,105
1790012340,92.03,92.08,91.97,92.02,169
1790012400,92.03,92.1,92.03,92.09,189
1790012460,92.09,92.14,92.08,92.09,171
1790012520,92.08,92.09,92.03,92.07,158
1790012580,92.07,92.12,92.05,92.11,221
1790012640,92.11,92.18,92.11,92.18,235
1790012700,92.17,92.23,92.17,92.2,232
1790012760,92.2,92.21,92.11,92.19,254
1790012820,92.19,92.26,92.14,92.25,367
1790012880,92.24,92.25,92.19,92.21,114
1790012940,92.21,92.27,92.2,92.27,171
1790013000,92.28,92.29,92.25,92.27,160
1790013060,92.26,92.29,92.22,92.25,445
1790013120,92.25,92.26,92.18,92.19,221
1790013180,92.19,92.19,92.08,92.12,189
1790013240,92.12,92.13,92.04,92.09,188
1790013300,92.09,92.18,92.07,92.17,213
1790013360,92.18,92.21,92.13,92.19,155
1790013420,92.2,92.2,92.09,92.1,160
1790013480,92.1,92.18,92.09,92.18,133
1790013540,92.19,92.21,92.14,92.18,258
1790013600,92.17,92.18,92.1,92.16,244
1790013660,92.16,92.19,92.09,92.09,165
1790013720,92.08,92.17,92.06,92.14,140
1790013780,92.13,92.22,92.09,92.21,174
1790013840,92.22,92.26,92.2,92.25,209
1790013900,92.23,92.28,92.21,92.22,151
1790013960,92.22,92.24,92.2,92.23,124
1790014020,92.24,92.32,92.24,92.28,191
1790014080,92.28,92.28,92.21,92.24,84
1790014140,92.23,92.29,92.19,92.28,369
1790014200,92.28,92.4,92.27,92.38,297
1790014260,92.4,92.42,92.36,92.39,265
1790014320,92.38,92.41,92.35,92.38,203
1790014380,92.38,92.39,92.35,92.38,182
1790014440,92.38,92.38,92.19,92.22,554
1790014500,92.22,92.25,92.19,92.21,195
1790014560,92.22,92.35,92.21,92.34,254
1790014620,92.34,92.34,92.26,92.27,212
1790014680,92.28,92.35,92.25,92.31,169
1790014740,92.33,92.45,92.32,92.42,589
1790014800,92.43,92.47,92.36,92.39,468
1790014860,92.39,92.39,92.34,92.38,233
1790014920,92.4,92.51,92.39,92.45,550
1790014980,92.46,92.49,92.4,92.42,359
1790015040,92.43,92.45,92.38,92.4,270
1790015100,92.4,92.41,92.3,92.37,426
1790015160,92.36,92.41,92.32,92.35,442
1790015220,92.36,92.42,92.32,92.34,437
1790015280,92.33,92.41,92.3,92.36,2203
1790015340,92.36,92.4,92.34,92.36,2508
1790015400,92.37,92.42,92.28,92.29,544
1790015460,92.29,92.36,92.2,92.24,320
1790015520,92.24,92.26,92.16,92.16,195
1790015580,92.17,92.18,92.11,92.17,214
1790015640,92.17,92.28,92.16,92.27,258
1790015700,92.27,92.28,92.24,92.25,138
1790015760,92.25,92.35,92.25,92.35,266
1790015820,92.34,92.35,92.29,92.31,137
1790015880,92.31,92.35,92.26,92.32,174
1790015940,92.33,92.36,92.32,92.33,112
1790016000,92.33,92.42,92.33,92.4,200
1790016060,92.4,92.45,92.39,92.43,235
1790016120,92.43,92.46,92.35,92.35,219
1790016180,92.34,92.36,92.31,92.35,44
1790016240,92.36,92.41,92.36,92.39,84
1790016300,92.4,92.48,92.4,92.45,148
1790016360,92.44,92.49,92.43,92.44,116
1790016420,92.45,92.46,92.43,92.45,55
1790016480,92.45,92.45,92.42,92.44,57
1790016540,92.43,92.48,92.43,92.47,67
1790016600,92.48,92.55,92.47,92.49,237
1790016660,92.48,92.5,92.47,92.49,98
1790016720,92.49,92.54,92.48,92.53,89
1790016780,92.54,92.55,92.51,92.51,66
1790016840,92.52,92.59,92.52,92.55,250
1790016900,92.56,92.56,92.49,92.49,68
1790016960,92.49,92.52,92.47,92.5,102
1790017020,92.51,92.52,92.5,92.51,49
1790017080,92.5,92.51,92.49,92.5,23
1790017140,92.51,92.51,92.48,92.48,42
1790017200,92.48,92.49,92.44,92.46,45
1790017260,92.46,92.48,92.44,92.46,46
1790017320,92.47,92.48,92.46,92.48,38
1790017380,92.48,92.5,92.47,92.49,103
1790017440,92.49,92.53,92.49,92.49,81
1790017500,92.49,92.51,92.47,92.49,93
1790017560,92.48,92.48,92.43,92.45,87
1790017620,92.44,92.45,92.4,92.42,68
1790017680,92.42,92.44,92.4,92.43,66
1790017740,92.43,92.45,92.37,92.37,96
1790017800,92.37,92.42,92.37,92.4,46
1790017860,92.4,92.46,92.4,92.46,47
1790017920,92.46,92.48,92.43,92.45,124
1790017980,92.45,92.47,92.42,92.42,70
1790018040,92.42,92.44,92.39,92.43,79
1790018100,92.43,92.46,92.43,92.46,33
1790018160,92.46,92.5,92.45,92.48,75
1790018220,92.48,92.51,92.47,92.51,96
1790018280,92.49,92.51,92.48,92.5,88
1790018340,92.51,92.52,92.5,92.52,48
1790018400,92.5,92.55,92.5,92.51,154
1790018460,92.51,92.51,92.47,92.48,114
1790018520,92.48,92.5,92.44,92.44,75
1790018580,92.45,92.49,92.45,92.48,43
1790018640,92.49,92.5,92.41,92.41,133
1790018700,92.41,92.41,92.32,92.36,166
1790018760,92.36,92.38,92.3,92.31,95
1790018820,92.3,92.31,92.08,92.16,434
1790018880,92.16,92.19,92.08,92.1,235
1790018940,92.09,92.1,92.01,92.06,200
1790019000,92.05,92.1,92.04,92.07,63
1790019060,92.08,92.08,91.96,92.03,223
1790019120,92.04,92.05,92,92.03,59
1790019180,92.03,92.04,91.98,92.03,89
1790019240,92.03,92.04,91.99,92.01,79
1790019300,92.01,92.08,92,92.06,99
1790019360,92.07,92.12,92.03,92.06,87
1790019420,92.05,92.09,92.04,92.05,74
1790019480,92.06,92.06,91.97,92,107
1790019540,92,92.04,91.99,91.99,37
1790019600,91.98,92.01,91.94,91.96,115
1790019660,91.96,92.02,91.94,92,177
1790019720,92.01,92.03,91.94,91.99,194
1790019780,91.99,92.01,91.98,91.99,43
1790019840,92,92.03,91.99,92.03,53
1790019900,92.02,92.07,92.02,92.05,52
1790019960,92.05,92.09,92.05,92.05,68
1790020020,92.05,92.06,92.02,92.05,22
1790020080,92.05,92.07,92.04,92.06,57
1790020140,92.07,92.11,92.07,92.1,89
1790020200,92.1,92.14,92.09,92.14,89
1790020260,92.14,92.17,92.13,92.13,71
1790020320,92.14,92.14,92.1,92.12,66
1790020380,92.11,92.15,92.11,92.15,33
1790020440,92.14,92.18,92.14,92.15,55
1790020500,92.15,92.19,92.15,92.17,57
1790020560,92.17,92.22,92.17,92.21,79
1790020620,92.21,92.21,92.16,92.16,72
1790020680,92.15,92.17,92.14,92.14,46
1790020740,92.15,92.15,92.12,92.14,97
1790020800,92.12,92.16,92.07,92.11,135
1790020860,92.1,92.12,92.01,92.01,59
1790020920,92.01,92.02,91.97,92.01,92
1790020980,92.01,92.01,91.98,92.01,26
1790021040,92,92,91.97,92,53
1790021100,91.98,91.99,91.95,91.97,26
1790021160,91.97,91.99,91.97,91.97,27
1790021220,92,92.06,92,92.05,62
1790021280,92.03,92.03,92.01,92.02,27
1790021340,92.01,92.04,92,92.04,14
1790021400,92.04,92.08,92.01,92.07,47
1790021460,92.08,92.15,92,92,153
1790021520,92.02,92.09,91.99,92.01,136
1790021580,92.01,92.03,91.94,91.99,86
1790021640,91.97,92,91.94,91.99,115
1790021700,91.97,92.04,91.96,92.04,39
1790021760,92.03,92.06,92.01,92.02,22
1790021820,92.03,92.05,92.01,92.02,14
1790021940,92.04,92.05,92.01,92.03,14
1790022000,92.04,92.04,91.96,91.97,26
1790022060,91.97,91.97,91.87,91.89,139
1790022120,91.9,91.92,91.89,91.92,23
1790022180,91.9,91.91,91.84,91.86,71
1790022240,91.84,91.88,91.82,91.88,44
1790022300,91.88,91.89,91.87,91.89,23
1790022360,91.89,91.9,91.87,91.9,16
1790022420,91.9,91.91,91.87,91.89,78
1790022480,91.89,91.91,91.89,91.91,7
1790022540,91.91,91.95,91.88,91.95,47
1790022600,91.93,91.97,91.9,91.92,138
1790022660,91.94,91.95,91.92,91.93,11
1790022720,91.93,91.96,91.93,91.96,17
1790022780,91.95,91.97,91.94,91.95,21
1790022840,91.94,91.97,91.94,91.97,21
1790022900,91.96,91.96,91.96,91.96,2
1790022960,91.96,91.99,91.93,91.93,39
1790023020,91.92,91.99,91.92,91.98,36
1790023080,91.97,92.05,91.97,92.05,27
1790023140,92.05,92.05,92.03,92.03,7
1790023200,92.04,92.09,92.04,92.07,24
1790023260,92.07,92.1,92.06,92.1,26
1790023320,92.09,92.14,92.09,92.13,85
1790023380,92.12,92.16,92.12,92.15,79
1790023440,92.16,92.17,92.13,92.13,11
1790023500,92.13,92.15,92.11,92.14,20
1790023560,92.14,92.14,92.07,92.07,40
1790023620,92.08,92.08,92.06,92.06,14
1790023680,92.06,92.06,91.99,92.01,44
1790023740,92.01,92.02,91.99,92.02,35
1790023800,92.04,92.04,91.98,92,28
1790023860,92,92.02,91.99,92.02,40
1790023920,92.02,92.04,92,92,53
1790023980,92.02,92.03,92.02,92.02,38
1790024040,92.02,92.03,91.97,91.97,69
1790024100,91.99,91.99,91.91,91.95,98
1790024160,91.96,91.98,91.95,91.95,21
1790024220,91.95,91.99,91.91,91.92,105
1790024280,91.93,92,91.92,91.96,38
1790024340,91.97,91.99,91.93,91.97,85
1790028000,91.95,92.04,91.94,91.94,56
1790028060,91.94,91.95,91.9,91.9,37
1790028120,91.9,91.93,91.83,91.83,92
1790028180,91.83,91.87,91.79,91.8,62
1790028240,91.81,91.86,91.8,91.81,27
1790028300,91.8,91.8,91.77,91.8,9
1790028360,91.78,91.78,91.76,91.77,12
1790028420,91.78,91.82,91.77,91.82,15
1790028480,91.82,91.84,91.81,91.84,12
1790028540,91.83,91.84,91.77,91.8,26
1790028600,91.8,91.81,91.75,91.81,22
1790028660,91.81,91.85,91.79,91.82,28
1790028720,91.8,91.85,91.8,91.84,21
1790028780,91.84,91.84,91.82,91.84,5
1790028840,91.85,91.86,91.84,91.85,9
1790028900,91.84,91.84,91.81,91.84,12
1790028960,91.84,91.89,91.84,91.89,12
1790029020,91.88,91.88,91.87,91.87,3
1790029080,91.88,91.92,91.88,91.92,12
1790029140,91.91,91.92,91.91,91.92,7
1790029200,91.92,91.94,91.9,91.9,11
1790029260,91.92,91.94,91.92,91.92,13
1790029320,91.93,91.93,91.92,91.92,8
1790029380,91.93,91.93,91.91,91.91,2
1790029440,91.93,91.93,91.92,91.92,9
1790029500,91.93,91.99,91.93,91.97,27
1790029560,91.96,91.97,91.93,91.96,62
1790029620,91.98,91.98,91.95,91.97,13
1790029680,91.98,91.99,91.97,91.99,5
1790029740,91.98,91.99,91.97,91.99,9
1790029800,91.99,91.99,91.96,91.96,21
1790029860,91.95,91.96,91.94,91.96,19
1790029920,91.96,91.96,91.95,91.96,7
1790029980,91.97,91.97,91.97,91.97,5
1790030040,91.97,91.98,91.95,91.95,13
1790030100,91.96,92.01,91.96,92.01,17
1790030160,92,92,92,92,2
1790030220,92.01,92.03,92.01,92.01,8
1790030280,92.02,92.04,92.02,92.04,5
1790030340,92.05,92.13,92.04,92.11,127
1790030400,92.08,92.08,92.05,92.06,19
1790030460,92.07,92.07,92.07,92.07,2
1790030520,92.08,92.08,92.04,92.07,17
1790030580,92.06,92.07,92.06,92.07,8
1790030640,92.06,92.06,92.06,92.06,1
1790030700,92.06,92.08,92.06,92.08,6
1790030760,92.08,92.08,92.05,92.05,8
1790030820,92.06,92.08,92.05,92.07,9
1790030880,92.08,92.09,92.07,92.07,6
1790030940,92.06,92.08,92.05,92.08,6
1790031000,92.07,92.07,92.06,92.06,3
1790031060,92.06,92.09,92.06,92.08,11
1790031120,92.08,92.08,92.06,92.06,4
1790031180,92.09,92.09,92.08,92.09,5
1790031240,92.09,92.12,92.08,92.12,6
1790031300,92.12,92.14,92.12,92.14,10
1790031360,92.15,92.18,92.15,92.15,35
1790031420,92.16,92.16,92.16,92.16,7
1790031480,92.16,92.16,92.16,92.16,6
1790031540,92.16,92.16,92.16,92.16,7
1790031600,92.17,92.18,92.15,92.15,16
1790031660,92.14,92.16,92.14,92.16,8
1790031720,92.16,92.16,92.15,92.15,4
1790031780,92.15,92.15,92.12,92.12,21
1790031840,92.11,92.11,92.09,92.09,18
1790031900,92.09,92.09,92.03,92.04,22
1790031960,92.05,92.08,92.05,92.08,4
1790032020,92.08,92.09,92.08,92.09,2
1790032140,92.07,92.07,92.06,92.06,3
1790032200,92.08,92.08,92.08,92.08,1
1790032260,92.09,92.1,92.09,92.09,5
1790032380,92.08,92.1,92.08,92.08,6
1790032440,92.08,92.15,92.08,92.14,19
1790032500,92.15,92.16,92.11,92.11,20
1790032560,92.14,92.16,92.14,92.14,11
1790032620,92.14,92.15,92.12,92.12,15
1790032680,92.11,92.11,92.11,92.11,1
1790032740,92.13,92.13,92.13,92.13,1
1790032800,92.13,92.14,92.13,92.14,3
1790032860,92.15,92.21,92.15,92.19,53
1790032920,92.19,92.19,92.17,92.17,5
1790032980,92.17,92.17,92.17,92.17,3
1790033040,92.17,92.17,92.17,92.17,1
1790033100,92.18,92.22,92.18,92.18,19
1790033160,92.19,92.19,92.18,92.18,5
1790033220,92.2,92.22,92.2,92.22,8
1790033280,92.23,92.34,92.23,92.33,127
1790033340,92.32,92.33,92.27,92.32,40
1790033400,92.3,92.33,92.29,92.33,28
1790033460,92.31,92.31,92.27,92.29,15
1790033520,92.28,92.28,92.27,92.27,6
1790033580,92.28,92.3,92.27,92.28,11
1790033640,92.3,92.3,92.3,92.3,1
1790033700,92.29,92.29,92.24,92.24,20
1790033760,92.24,92.24,92.22,92.23,4
1790033820,92.22,92.22,92.2,92.2,9
1790033880,92.21,92.23,92.21,92.22,5
1790033940,92.23,92.23,92.23,92.23,1
1790034000,92.25,92.26,92.25,92.25,12
1790034060,92.23,92.23,92.23,92.23,1
1790034120,92.24,92.26,92.23,92.23,8
1790034180,92.24,92.25,92.24,92.25,7
1790034240,92.27,92.27,92.26,92.27,8
1790034300,92.25,92.26,92.22,92.26,7
1790034360,92.24,92.24,92.24,92.24,1
1790034420,92.22,92.25,92.21,92.21,20
1790034480,92.2,92.2,92.18,92.18,23
1790034540,92.18,92.22,92.17,92.22,22
1790034600,92.24,92.3,92.24,92.28,28
1790034660,92.29,92.3,92.28,92.3,13
1790034720,92.29,92.29,92.28,92.29,5
1790034780,92.28,92.29,92.26,92.28,9
1790034840,92.29,92.3,92.27,92.29,8
1790034900,92.28,92.3,92.28,92.29,6
1790034960,92.3,92.31,92.28,92.31,9
1790035020,92.31,92.31,92.25,92.25,17
1790035080,92.25,92.27,92.25,92.27,4
1790035140,92.27,92.31,92.27,92.29,13
1790035200,92.27,92.32,92.24,92.28,120
1790035260,92.28,92.36,92.19,92.19,143
1790035320,92.18,92.18,92.11,92.14,135
1790035380,92.15,92.23,92.15,92.21,62
1790035440,92.2,92.25,92.2,92.23,11
1790035500,92.23,92.25,92.19,92.19,15
1790035560,92.24,92.24,92.21,92.21,10
1790035620,92.2,92.26,92.2,92.21,27
1790035680,92.19,92.2,92.18,92.2,26
1790035740,92.21,92.22,92.2,92.22,29
1790035800,92.23,92.29,92.22,92.22,43
1790035860,92.22,92.29,92.22,92.28,32
1790035920,92.28,92.3,92.28,92.29,18
1790035980,92.3,92.3,92.27,92.28,18
1790036040,92.29,92.3,92.29,92.3,2
1790036100,92.29,92.34,92.29,92.34,32
1790036160,92.33,92.38,92.32,92.37,59
1790036220,92.37,92.42,92.37,92.42,50
1790036280,92.41,92.46,92.39,92.41,93
1790036340,92.41,92.44,92.4,92.44,43
1790036400,92.44,92.5,92.44,92.47,33
1790036460,92.47,92.52,92.47,92.5,87
1790036520,92.51,92.54,92.5,92.52,101
1790036580,92.52,92.53,92.49,92.53,31
1790036640,92.52,92.56,92.48,92.49,85
1790036700,92.5,92.51,92.49,92.5,33
1790036760,92.51,92.56,92.51,92.53,65
1790036820,92.53,92.53,92.48,92.5,26
1790036880,92.5,92.52,92.49,92.52,25
1790036940,92.53,92.53,92.5,92.52,17
1790037000,92.52,92.55,92.49,92.49,17
1790037060,92.5,92.55,92.5,92.51,33
1790037120,92.53,92.56,92.51,92.53,19
1790037180,92.53,92.61,92.53,92.59,60
1790037240,92.59,92.6,92.57,92.59,64
1790037300,92.6,92.63,92.6,92.62,30
1790037360,92.62,92.68,92.62,92.65,118
1790037420,92.65,92.73,92.64,92.67,76
1790037480,92.67,92.67,92.62,92.63,37
1790037540,92.64,92.66,92.6,92.61,26
1790037600,92.61,92.63,92.58,92.59,56
1790037660,92.6,92.66,92.6,92.63,48
1790037720,92.64,92.7,92.63,92.67,55
1790037780,92.65,92.73,92.65,92.68,145
1790037840,92.68,92.72,92.68,92.71,35
1790037900,92.71,92.73,92.69,92.71,47
1790037960,92.7,92.71,92.64,92.64,48
1790038020,92.64,92.68,92.62,92.63,53
1790038080,92.64,92.68,92.63,92.65,24
1790038140,92.66,92.76,92.65,92.72,162
1790038200,92.71,92.73,92.63,92.65,103
1790038260,92.64,92.67,92.63,92.65,55
1790038320,92.66,92.73,92.64,92.72,100
1790038380,92.73,92.76,92.71,92.74,98
1790038440,92.74,92.74,92.7,92.72,94
1790038500,92.72,92.74,92.71,92.72,40
1790038560,92.72,92.76,92.72,92.74,62
1790038620,92.74,92.75,92.7,92.7,67
1790038680,92.7,92.71,92.69,92.69,46
1790038740,92.69,92.77,92.69,92.72,91
1790038800,92.73,92.9,92.72,92.8,292
1790038860,92.81,92.89,92.81,92.87,162
1790038920,92.86,92.88,92.83,92.85,40
1790038980,92.84,92.85,92.77,92.78,36
1790039040,92.79,92.8,92.76,92.78,83
1790039100,92.78,92.82,92.78,92.82,29
1790039160,92.83,92.9,92.83,92.87,47
1790039220,92.88,92.9,92.86,92.89,20
1790039280,92.89,92.91,92.86,92.87,51
1790039340,92.87,92.88,92.78,92.78,31
1790039400,92.78,92.83,92.74,92.83,60
1790039460,92.81,92.84,92.81,92.83,23
1790039520,92.82,92.82,92.75,92.79,16
1790039580,92.79,92.82,92.79,92.82,11
1790039640,92.8,92.82,92.8,92.81,21
1790039700,92.82,92.83,92.8,92.8,24
1790039760,92.8,92.82,92.76,92.77,31
1790039820,92.77,92.82,92.74,92.78,37
1790039880,92.8,92.81,92.79,92.79,22
1790039940,92.79,92.79,92.75,92.76,49
1790040000,92.78,92.79,92.71,92.79,20
1790040060,92.8,92.83,92.8,92.8,28
1790040120,92.8,92.81,92.78,92.79,15
1790040180,92.79,92.82,92.79,92.81,9
1790040240,92.81,92.81,92.76,92.76,8
1790040300,92.77,92.85,92.76,92.84,46
1790040360,92.85,92.89,92.84,92.85,44
1790040420,92.85,92.85,92.83,92.83,19
1790040480,92.83,92.85,92.8,92.8,23
1790040540,92.81,92.83,92.81,92.81,4
1790040600,92.82,92.83,92.8,92.83,14
1790040660,92.8,92.82,92.76,92.78,44
1790040720,92.78,92.81,92.78,92.81,6
1790040780,92.8,92.8,92.76,92.77,24
1790040840,92.79,92.8,92.77,92.79,30
1790040900,92.78,92.78,92.75,92.77,41
1790040960,92.77,92.79,92.76,92.76,26
1790041020,92.76,92.78,92.76,92.76,33
1790041080,92.76,92.8,92.75,92.79,63
1790041140,92.8,92.84,92.79,92.84,37
1790041200,92.84,92.94,92.84,92.92,81
1790041260,92.93,92.99,92.92,92.98,131
1790041320,92.97,92.98,92.89,92.95,70
1790041380,92.95,92.98,92.93,92.95,47
1790041440,92.96,92.99,92.94,92.99,22
1790041500,92.97,92.99,92.91,92.94,52
1790041560,92.95,92.95,92.89,92.89,27
1790041620,92.89,92.89,92.84,92.85,36
1790041680,92.82,92.82,92.75,92.8,58
1790041740,92.8,92.87,92.8,92.87,32
1790041800,92.88,92.92,92.87,92.89,35
1790041860,92.88,92.91,92.88,92.9,15
1790041920,92.89,92.9,92.87,92.87,18
1790041980,92.88,92.88,92.86,92.86,4
1790042040,92.88,92.89,92.88,92.89,2
1790042100,92.88,92.88,92.87,92.88,6
1790042160,92.86,92.86,92.85,92.86,8
1790042220,92.87,92.87,92.83,92.84,34
1790042280,92.85,92.93,92.84,92.91,50
1790042340,92.94,93,92.94,92.98,122
1790042400,92.99,93,92.9,92.9,65
1790042460,92.96,92.96,92.91,92.93,24
1790042520,92.94,92.94,92.89,92.9,23
1790042580,92.93,92.93,92.9,92.9,2
1790042640,92.88,92.91,92.87,92.88,9
1790042700,92.87,92.88,92.84,92.85,18
1790042760,92.85,92.91,92.84,92.91,23
1790042820,92.9,93.01,92.9,93.01,114
1790042880,93,93,92.98,92.99,18
1790042940,92.99,92.99,92.92,92.92,20
1790043000,92.92,92.94,92.92,92.92,6
1790043060,92.93,92.96,92.93,92.93,16
1790043120,92.94,92.94,92.9,92.93,27
1790043180,92.92,92.94,92.92,92.93,18
1790043240,92.9,92.91,92.87,92.91,28
1790043300,92.9,92.9,92.86,92.88,52
1790043360,92.87,92.89,92.85,92.85,16
1790043420,92.86,92.87,92.84,92.84,24
1790043480,92.83,92.86,92.81,92.85,38
1790043540,92.85,92.87,92.85,92.85,11
1790043600,92.85,92.85,92.76,92.8,142
1790043660,92.8,92.81,92.77,92.79,70
1790043720,92.79,92.8,92.73,92.76,44
1790043780,92.76,92.8,92.75,92.8,20
1790043840,92.8,92.8,92.8,92.8,1
1790043900,92.8,92.81,92.78,92.81,6
1790043960,92.83,92.9,92.83,92.87,101
1790044020,92.87,92.88,92.85,92.85,22
1790044080,92.85,92.88,92.85,92.86,25
1790044140,92.87,92.9,92.85,92.86,40
1790044200,92.86,92.92,92.86,92.92,41
1790044260,92.93,92.95,92.92,92.95,46
1790044320,92.94,93,92.94,92.94,52
1790044380,92.93,92.96,92.91,92.92,19
1790044440,92.93,92.93,92.83,92.85,31
1790044500,92.85,92.97,92.84,92.96,50
1790044560,92.96,92.96,92.94,92.94,27
1790044620,92.93,92.95,92.93,92.95,11
1790044680,92.95,92.98,92.94,92.97,21
1790044740,92.96,92.96,92.96,92.96,3
1790044800,92.97,92.99,92.88,92.89,98
1790044860,92.89,92.96,92.88,92.95,59
1790044920,92.95,92.99,92.95,92.95,25
1790044980,92.94,92.94,92.91,92.91,7
1790045040,92.93,92.94,92.91,92.93,6
1790045100,92.92,92.97,92.91,92.96,59
1790045160,92.96,92.99,92.93,92.93,41
1790045220,92.94,92.99,92.94,92.98,28
1790045280,92.97,92.97,92.94,92.96,25
1790045340,92.97,92.98,92.93,92.93,11
1790045400,92.94,92.94,92.94,92.94,3
1790045460,92.94,93.01,92.93,93,164
1790045520,92.99,93.01,92.97,93.01,22
1790045580,93.01,93.05,93.01,93.04,137
1790045640,93.04,93.07,93.02,93.07,104
1790045700,93.07,93.17,93.07,93.11,249
1790045760,93.12,93.13,93.03,93.06,61
1790045820,93.07,93.07,93.03,93.04,28
1790045880,93.04,93.08,93.02,93.08,32
1790045940,93.08,93.14,93.07,93.12,77
1790046000,93.12,93.14,93.12,93.13,58
1790046060,93.12,93.23,93.1,93.21,193
1790046120,93.21,93.24,93.19,93.23,55
1790046180,93.23,93.24,93.21,93.23,58
1790046240,93.23,93.25,93.2,93.22,38
1790046300,93.22,93.27,93.22,93.22,48
1790046360,93.22,93.23,93.18,93.21,39
1790046420,93.21,93.21,93.16,93.18,70
1790046480,93.17,93.19,93.15,93.19,30
1790046540,93.19,93.19,93.16,93.18,16
1790046600,93.19,93.2,93.15,93.15,22
1790046660,93.14,93.17,93.14,93.14,26
1790046720,93.14,93.16,93.13,93.15,35
1790046780,93.15,93.18,93.15,93.18,26
1790046840,93.19,93.21,93.18,93.19,12
1790046900,93.17,93.23,93.17,93.23,21
1790046960,93.24,93.25,93.23,93.25,35
1790047020,93.24,93.24,93.2,93.2,24
1790047080,93.2,93.22,93.2,93.21,18
1790047140,93.22,93.23,93.16,93.16,40
1790047200,93.15,93.16,93.08,93.14,50
1790047260,93.16,93.16,93.09,93.12,47
1790047320,93.14,93.15,93.13,93.15,13
1790047380,93.16,93.16,93.13,93.13,17
1790047440,93.12,93.12,93.1,93.1,7
1790047500,93.1,93.12,93.1,93.12,6
1790047560,93.1,93.13,93.1,93.11,11
1790047620,93.12,93.17,93.12,93.16,22
1790047680,93.15,93.16,93.11,93.11,9
1790047740,93.13,93.17,93.13,93.15,14
1790047800,93.12,93.15,93.12,93.15,12
1790047860,93.14,93.14,93.11,93.12,16
1790047920,93.12,93.12,93.11,93.11,16
1790047980,93.12,93.12,93.08,93.08,42
1790048040,93.07,93.12,93.07,93.12,26
1790048100,93.11,93.14,93.11,93.12,15
1790048160,93.12,93.12,93.09,93.09,40
1790048220,93.09,93.11,93.07,93.11,17
1790048280,93.1,93.1,93.05,93.08,23
1790048340,93.07,93.09,93.06,93.09,12
1790048400,93.07,93.09,93.06,93.07,11
1790048460,93.07,93.09,93.05,93.06,31
1790048520,93.06,93.11,93.04,93.11,63
1790048580,93.08,93.08,93.06,93.06,19
1790048640,93.06,93.06,92.97,92.97,88
1790048700,92.98,92.98,92.92,92.95,96
1790048760,92.94,92.97,92.91,92.96,72
1790048820,92.95,92.96,92.93,92.95,24
1790048880,92.95,92.95,92.92,92.94,19
1790048940,92.93,92.96,92.93,92.96,13
1790049000,92.95,92.95,92.92,92.94,15
1790049060,92.93,92.95,92.91,92.91,26
1790049120,92.91,92.92,92.88,92.91,40
1790049180,92.9,92.91,92.89,92.91,22
1790049240,92.92,92.99,92.92,92.98,67
1790049300,92.97,92.97,92.94,92.94,15
1790049360,92.94,92.97,92.93,92.93,17
1790049420,92.94,92.96,92.93,92.93,17
1790049480,92.94,92.98,92.94,92.97,31
1790049540,92.98,93,92.98,93,12
1790049600,92.99,93.02,92.96,92.99,48
1790049660,92.98,93.07,92.97,93.05,48
1790049720,93.06,93.1,93.05,93.06,32
1790049780,93.07,93.1,93.06,93.09,33
1790049840,93.08,93.08,93.03,93.03,8
1790049900,93.02,93.06,93.01,93.06,25
1790049960,93.05,93.11,93.05,93.1,33
1790050020,93.09,93.1,93.09,93.09,19
1790050080,93.11,93.18,93.11,93.17,68
1790050140,93.18,93.23,93.17,93.21,288
1790050200,93.2,93.29,93.2,93.28,126
1790050260,93.27,93.31,93.25,93.25,47
1790050320,93.25,93.28,93.22,93.24,80
1790050380,93.23,93.27,93.21,93.25,86
1790050440,93.24,93.28,93.19,93.24,109
1790050500,93.25,93.3,93.23,93.25,59
1790050560,93.27,93.28,93.22,93.23,50
1790050620,93.23,93.31,93.22,93.3,67
1790050680,93.3,93.36,93.3,93.34,52
1790050740,93.34,93.37,93.34,93.35,15
1790050800,93.36,93.39,93.29,93.31,64
1790050860,93.3,93.3,93.25,93.27,82
1790050920,93.27,93.3,93.26,93.28,30
1790050980,93.3,93.31,93.25,93.26,52
1790051040,93.25,93.25,93.22,93.25,19
1790051100,93.26,93.26,93.23,93.24,7
1790051160,93.25,93.3,93.25,93.29,14
1790051220,93.29,93.29,93.27,93.27,21
1790051280,93.26,93.26,93.21,93.22,56
1790051340,93.22,93.22,93.21,93.21,7
1790051400,93.21,93.22,93.2,93.2,13
1790051460,93.21,93.24,93.2,93.23,44
1790051520,93.23,93.24,93.23,93.23,8
1790051580,93.22,93.22,93.17,93.21,70
1790051640,93.2,93.2,93.19,93.2,23
1790051700,93.21,93.22,93.2,93.22,12
1790051760,93.23,93.23,93.22,93.23,11
1790051820,93.22,93.22,93.18,93.18,19
1790051880,93.18,93.22,93.15,93.21,27
1790051940,93.2,93.21,93.2,93.21,6
1790052000,93.22,93.27,93.22,93.27,17
1790052060,93.26,93.26,93.25,93.26,9
1790052120,93.26,93.26,93.24,93.25,11
1790052180,93.25,93.27,93.25,93.27,9
1790052240,93.28,93.31,93.28,93.31,15
1790052300,93.3,93.32,93.28,93.32,18
1790052360,93.32,93.35,93.32,93.35,27
1790052420,93.36,93.39,93.33,93.37,44
1790052480,93.37,93.38,93.36,93.38,7
1790052540,93.37,93.39,93.37,93.37,17
1790052600,93.38,93.39,93.37,93.37,15
1790052660,93.38,93.4,93.38,93.38,33
1790052720,93.39,93.39,93.37,93.37,20
1790052780,93.38,93.39,93.37,93.38,14
1790052840,93.39,93.41,93.37,93.4,27
1790052900,93.41,93.41,93.38,93.38,18
1790052960,93.39,93.4,93.36,93.37,20
1790053020,93.36,93.39,93.35,93.38,33
1790053080,93.38,93.38,93.35,93.36,20
1790053140,93.36,93.39,93.36,93.38,14
1790053200,93.38,93.42,93.37,93.39,113
1790053260,93.38,93.38,93.37,93.38,11
1790053320,93.38,93.38,93.37,93.37,11
1790053380,93.38,93.38,93.37,93.37,28
1790053440,93.36,93.36,93.33,93.34,20
1790053500,93.34,93.36,93.32,93.35,25
1790053560,93.37,93.39,93.37,93.39,12
1790053620,93.39,93.4,93.36,93.37,18
1790053680,93.38,93.4,93.38,93.39,11
1790053740,93.39,93.39,93.34,93.34,19
1790053800,93.35,93.4,93.35,93.37,53
1790053860,93.37,93.39,93.37,93.39,13
1790053920,93.38,93.4,93.37,93.38,34
1790053980,93.38,93.4,93.37,93.4,6
1790054040,93.39,93.39,93.37,93.38,9
1790054100,93.4,93.4,93.38,93.39,4
1790054160,93.41,93.41,93.39,93.39,11
1790054220,93.39,93.39,93.37,93.37,4
1790054280,93.39,93.42,93.39,93.42,11
1790054340,93.42,93.43,93.4,93.43,22
1790054400,93.42,93.43,93.41,93.43,16
1790054460,93.43,93.44,93.37,93.38,91
1790054520,93.37,93.38,93.35,93.38,76
1790054580,93.37,93.39,93.36,93.39,23
1790054640,93.39,93.39,93.38,93.39,13
1790054700,93.39,93.39,93.36,93.36,16
1790054760,93.35,93.38,93.35,93.37,31
1790054820,93.38,93.38,93.36,93.38,12
1790054880,93.38,93.39,93.37,93.37,6
1790054940,93.39,93.39,93.39,93.39,2
1790055000,93.39,93.54,93.39,93.54,173
1790055060,93.54,93.57,93.51,93.51,108
1790055120,93.52,93.52,93.44,93.47,73
1790055180,93.48,93.56,93.47,93.56,105
1790055240,93.55,93.58,93.51,93.51,70
1790055300,93.52,93.52,93.4,93.43,76
1790055360,93.44,93.52,93.44,93.52,65
1790055420,93.52,93.52,93.4,93.42,77
1790055480,93.42,93.51,93.42,93.51,46
1790055540,93.52,93.53,93.48,93.5,22
1790055600,93.5,93.5,93.45,93.49,27
1790055660,93.47,93.49,93.47,93.49,14
1790055720,93.5,93.5,93.48,93.49,10
1790055780,93.47,93.51,93.47,93.51,12
1790055840,93.51,93.53,93.51,93.53,11
1790055900,93.53,93.55,93.51,93.54,28
1790055960,93.54,93.57,93.52,93.55,45
1790056020,93.54,93.55,93.53,93.53,15
1790056080,93.56,93.57,93.56,93.57,15
1790056140,93.54,93.54,93.4,93.4,56
1790056200,93.41,93.48,93.41,93.46,56
1790056260,93.43,93.48,93.39,93.39,37
1790056320,93.39,93.44,93.38,93.39,40
1790056380,93.38,93.41,93.37,93.39,66
1790056440,93.39,93.42,93.36,93.42,74
1790056500,93.45,93.45,93.42,93.43,9
1790056560,93.43,93.43,93.4,93.43,38
1790056620,93.42,93.51,93.42,93.51,39
1790056680,93.49,93.55,93.49,93.53,39
1790056740,93.53,93.56,93.5,93.55,132
1790056800,93.54,93.58,93.52,93.52,82
1790056860,93.53,93.63,93.53,93.62,148
1790056920,93.6,93.65,93.55,93.56,121
1790056980,93.57,93.58,93.51,93.52,49
1790057040,93.53,93.58,93.53,93.58,25
1790057100,93.59,93.69,93.59,93.64,164
1790057160,93.65,93.68,93.63,93.66,73
1790057220,93.67,93.69,93.65,93.69,30
1790057280,93.67,93.71,93.65,93.69,75
1790057340,93.7,93.75,93.68,93.75,101
1790057400,93.74,93.75,93.72,93.73,55
1790057460,93.73,93.73,93.69,93.69,50
1790057520,93.69,93.69,93.63,93.66,54
1790057580,93.65,93.71,93.65,93.71,50
1790057640,93.69,93.74,93.69,93.72,51
1790057700,93.72,93.72,93.67,93.68,41
1790057760,93.69,93.71,93.66,93.68,57
1790057820,93.69,93.73,93.63,93.65,89
1790057880,93.64,93.71,93.63,93.7,73
1790057940,93.71,93.78,93.71,93.77,126
1790058000,93.77,93.79,93.75,93.76,62
1790058060,93.77,93.81,93.75,93.8,47
1790058120,93.79,93.8,93.73,93.73,76
1790058180,93.73,93.75,93.71,93.72,42
1790058240,93.72,93.76,93.72,93.76,24
1790058300,93.76,93.78,93.71,93.73,44
1790058360,93.72,93.77,93.7,93.72,71
1790058420,93.72,93.72,93.68,93.69,27
1790058480,93.69,93.71,93.67,93.7,32
1790058540,93.69,93.71,93.65,93.66,37
1790058600,93.66,93.68,93.62,93.65,49
1790058660,93.65,93.71,93.64,93.7,26
1790058720,93.69,93.74,93.68,93.7,67
1790058780,93.7,93.7,93.64,93.64,22
1790058840,93.65,93.71,93.65,93.68,18
1790058900,93.7,93.7,93.68,93.69,9
1790058960,93.69,93.69,93.63,93.66,24
1790059020,93.67,93.69,93.64,93.64,41
1790059080,93.65,93.65,93.61,93.63,94
1790059140,93.61,93.64,93.59,93.6,86
1790059200,93.6,93.64,93.57,93.63,66
1790059260,93.63,93.64,93.6,93.6,38
1790059320,93.6,93.66,93.59,93.6,73
1790059380,93.6,93.6,93.55,93.55,88
1790059440,93.56,93.56,93.52,93.52,120
1790059500,93.54,93.54,93.48,93.48,91
1790059560,93.49,93.5,93.44,93.46,91
1790059620,93.47,93.55,93.47,93.47,116
1790059680,93.46,93.46,93.4,93.44,94
1790059740,93.46,93.5,93.43,93.48,111
1790059800,93.46,93.48,93.45,93.48,17
1790059860,93.49,93.53,93.48,93.49,42
1790059920,93.48,93.5,93.45,93.5,86
1790059980,93.52,93.52,93.47,93.48,19
1790060040,93.48,93.48,93.44,93.46,42
1790060100,93.44,93.47,93.43,93.45,28
1790060160,93.45,93.45,93.43,93.43,42
1790060220,93.44,93.51,93.42,93.45,234
1790060280,93.45,93.53,93.42,93.53,116
1790060340,93.55,93.64,93.53,93.63,84
1790060400,93.64,93.84,93.6,93.71,501
1790060460,93.71,93.74,93.68,93.69,117
1790060520,93.68,93.77,93.68,93.72,72
1790060580,93.74,93.74,93.65,93.7,74
1790060640,93.7,93.7,93.52,93.53,179
1790060700,93.53,93.54,93.45,93.49,212
1790060760,93.49,93.54,93.47,93.5,67
1790060820,93.5,93.5,93.43,93.44,78
1790060880,93.44,93.47,93.44,93.45,22
1790060940,93.48,93.48,93.32,93.35,178
1790061000,93.37,93.37,93.26,93.32,225
1790061060,93.33,93.35,93.28,93.3,73
1790061120,93.29,93.3,93.25,93.27,65
1790061180,93.28,93.45,93.27,93.39,150
1790061240,93.39,93.42,93.37,93.4,21
1790061300,93.39,93.44,93.39,93.39,42
1790061360,93.38,93.42,93.31,93.36,67
1790061420,93.34,93.34,93.24,93.25,129
1790061480,93.25,93.28,93.16,93.21,186
1790061540,93.21,93.26,93.21,93.24,60
1790061600,93.24,93.29,93.24,93.27,51
1790061660,93.26,93.26,93.16,93.21,76
1790061720,93.22,93.23,93.19,93.21,88
1790061780,93.21,93.22,93.13,93.15,138
1790061840,93.15,93.17,93.04,93.14,288
1790061900,93.13,93.15,93.08,93.13,101
1790061960,93.13,93.21,93.13,93.14,89
1790062020,93.15,93.15,93.05,93.06,88
1790062080,93.06,93.19,93.02,93.18,127
1790062140,93.17,93.19,93.07,93.07,92
1790062200,93.06,93.12,93.05,93.11,74
1790062260,93.1,93.11,93.06,93.06,96
1790062320,93.07,93.08,92.98,93,323
1790062380,93,93.04,92.98,92.99,131
1790062440,92.98,93.01,92.96,93,67
1790062500,92.99,93.01,92.92,92.99,196
1790062560,92.99,93.03,92.96,92.97,87
1790062620,92.96,92.99,92.91,92.93,76
1790062680,92.93,92.97,92.92,92.94,45
1790062740,92.94,92.98,92.93,92.97,56
1790062800,92.98,93.03,92.96,93.02,72
1790062860,93.02,93.02,92.89,92.92,160
1790062920,92.92,93.01,92.9,93.01,54
1790062980,93.02,93.06,93.01,93.05,50
1790063040,93.03,93.06,93,93,64
1790063100,93,93.05,92.94,92.97,86
1790063160,92.96,93,92.93,92.99,84
1790063220,92.98,93.12,92.98,93.08,134
1790063280,93.08,93.14,93.08,93.11,108
1790063340,93.1,93.17,93.09,93.14,58
1790063400,93.15,93.31,93.14,93.23,210
1790063460,93.23,93.31,93.23,93.3,113
1790063520,93.3,93.31,93.24,93.28,86
1790063580,93.26,93.26,93.2,93.2,66
1790063640,93.2,93.24,93.15,93.16,79
1790063700,93.16,93.16,93.07,93.13,70
1790063760,93.12,93.15,93.09,93.13,101
1790063820,93.13,93.18,93.11,93.18,77
1790063880,93.17,93.2,93.12,93.2,121
1790063940,93.19,93.27,93.15,93.24,143
1790064000,93.23,93.26,93.17,93.17,108
1790064060,93.16,93.2,93.08,93.11,101
1790064120,93.12,93.13,93.03,93.04,205
1790064180,93.04,93.06,92.98,93.02,141
1790064240,93.01,93.01,92.93,92.97,129
1790064300,92.97,92.99,92.9,92.92,90
1790064360,92.91,93.02,92.91,92.96,128
1790064420,92.95,92.99,92.93,92.95,101
1790064480,92.96,93.03,92.96,92.97,111
1790064540,92.97,93,92.95,92.97,57
1790064600,92.96,93.03,92.95,93,63
1790064660,93.01,93.01,92.96,93,79
1790064720,93,93.06,92.95,93.05,153
1790064780,93.06,93.06,93,93.01,103
1790064840,93.01,93.1,92.9,93.06,356
1790064900,93.05,93.09,93.02,93.04,72
1790064960,93.04,93.08,93,93,96
1790065020,93,93.03,92.88,92.9,216
1790065080,92.91,93,92.91,92.95,137
1790065140,92.94,92.94,92.85,92.85,128
1790065200,92.85,92.89,92.82,92.89,207
1790065260,92.88,92.93,92.8,92.82,141
1790065320,92.82,92.85,92.82,92.84,114
1790065380,92.83,92.88,92.73,92.78,189
1790065440,92.78,92.82,92.7,92.74,388
1790065500,92.74,92.86,92.51,92.85,990
1790065560,92.85,92.87,92.78,92.79,207
1790065620,92.77,92.78,92.71,92.78,146
1790065680,92.77,92.86,92.74,92.83,253
1790065740,92.84,93.03,92.84,93.02,955
1790065800,93.01,93.11,92.99,93.11,539
1790065860,93.11,93.14,92.9,92.91,602
1790065920,92.91,92.93,92.68,92.8,558
1790065980,92.79,92.79,92.56,92.58,235
1790066040,92.58,92.65,92.57,92.59,280
1790066100,92.59,92.69,92.58,92.64,153
1790066160,92.65,92.71,92.56,92.59,143
1790066220,92.59,92.63,92.48,92.51,251
1790066280,92.51,92.54,92.49,92.54,131
1790066340,92.53,92.54,92.26,92.33,774
1790066400,92.36,92.4,92.21,92.26,495
1790066460,92.27,92.32,92.2,92.27,425
1790066520,92.27,92.29,92.05,92.14,495
1790066580,92.14,92.15,91.93,91.96,623
1790066640,91.96,91.99,91.77,91.77,757
1790066700,91.77,91.8,91.66,91.7,703
1790066760,91.7,91.7,91.36,91.37,721
1790066820,91.38,91.38,91.1,91.25,871
1790066880,91.23,91.29,91.08,91.11,713
1790066940,91.11,91.15,90.88,90.93,853
1790067000,90.93,91,90.67,90.67,1323
1790067060,90.68,90.81,90.62,90.69,735
1790067120,90.71,90.71,90.41,90.42,807
1790067180,90.43,90.46,90.29,90.3,556
1790067240,90.3,90.66,90.2,90.58,1195
1790067300,90.58,90.68,90.49,90.56,723
1790067360,90.56,90.63,90.4,90.42,389
1790067420,90.4,90.45,90.24,90.27,428
1790067480,90.27,90.54,90.26,90.48,530
1790067540,90.45,90.51,90.3,90.42,362
1790067600,90.44,90.88,90.42,90.82,829
1790067660,90.81,90.83,90.56,90.58,452
1790067720,90.57,90.63,90.31,90.5,538
1790067780,90.51,90.73,90.47,90.72,413
1790067840,90.72,90.9,90.68,90.87,355
1790067900,90.87,91.01,90.87,90.99,408
1790067960,91,91.15,90.9,91.11,723
1790068020,91.13,91.37,91.13,91.26,692
1790068080,91.26,91.44,91.21,91.43,423
1790068140,91.44,91.56,91.21,91.26,651
1790068200,91.27,91.36,91.25,91.3,209
1790068260,91.27,91.46,91.2,91.29,551
1790068320,91.31,91.37,91.25,91.28,338
1790068380,91.27,91.27,91.16,91.22,287
1790068440,91.21,91.3,91.2,91.23,168
1790068500,91.23,91.28,91.03,91.04,825
1790068560,91.03,91.1,90.95,91.02,378
1790068620,91.04,91.1,90.99,91.1,294
1790068680,91.08,91.13,91.03,91.11,129
1790068740,91.09,91.11,91.03,91.1,116
1790068800,91.11,91.14,91.01,91.07,172
1790068860,91.08,91.13,91.04,91.12,130
1790068920,91.11,91.33,91.1,91.31,339
1790068980,91.31,91.41,91.29,91.33,223
1790069040,91.32,91.33,91.21,91.3,300
1790069100,91.29,91.34,91.24,91.32,131
1790069160,91.32,91.39,91.2,91.23,179
1790069220,91.23,91.25,91.12,91.18,132
1790069280,91.19,91.24,91.17,91.22,115
1790069340,91.2,91.23,91.14,91.23,104
1790069400,91.2,91.2,91.07,91.07,102
1790069460,91.08,91.13,91.03,91.05,150
1790069520,91.07,91.12,91.02,91.07,134
1790069580,91.07,91.35,91.07,91.13,680
1790069640,91.13,91.13,90.88,90.9,367
1790069700,90.89,91.04,90.88,91.04,246
1790069760,91.03,91.1,91,91.03,131
1790069820,91,91.01,90.88,90.93,137
1790069880,90.93,90.98,90.93,90.94,74
1790069940,90.93,90.97,90.92,90.95,53
1790070000,90.94,90.98,90.92,90.94,127
1790070060,90.94,90.96,90.76,90.88,467
1790070120,90.87,90.89,90.75,90.76,338
1790070180,90.75,90.78,90.68,90.7,250
1790070240,90.71,90.82,90.71,90.77,194
1790070300,90.77,90.84,90.77,90.82,184
1790070360,90.82,90.84,90.56,90.72,529
1790070420,90.72,90.72,90.46,90.51,565
1790070480,90.5,90.56,90.45,90.49,320
1790070540,90.48,90.48,90.31,90.36,1069
1790070600,90.34,90.36,90.24,90.3,746
1790070660,90.3,90.38,90.19,90.28,705
1790070720,90.28,90.46,89.75,90.01,3648
1790070780,90,90.11,89.76,90.03,1404
1790070840,90.01,90.37,89.95,90.13,1175
1790070900,90.12,90.72,90.1,90.72,1127
1790070960,90.7,90.75,89.8,90.15,2223
1790071020,90.17,90.5,90.17,90.25,853
1790071080,90.21,90.25,89.84,89.85,926
1790071140,89.85,89.92,89.68,89.73,1531
1790071200,89.72,89.77,89.57,89.59,1059
1790071260,89.59,89.65,89.42,89.63,1360
1790071320,89.62,89.64,89.43,89.45,424
1790071380,89.44,89.52,89.38,89.39,417
1790071440,89.38,89.48,89.3,89.35,539
1790071500,89.34,89.53,89.3,89.52,718
1790071560,89.51,89.65,89.47,89.54,651
1790071620,89.53,89.57,89.41,89.48,319
1790071680,89.5,89.51,89.24,89.28,619
1790071740,89.27,89.47,89.25,89.45,278
1790071800,89.44,89.58,89.41,89.51,415
1790071860,89.51,89.52,89.39,89.5,226
1790071920,89.49,89.49,89.27,89.43,415
1790071980,89.43,89.73,89.39,89.7,521
1790072040,89.69,89.82,89.6,89.75,482
1790072100,89.76,89.81,89.62,89.62,243
1790072160,89.6,89.68,89.57,89.6,260
1790072220,89.59,89.75,89.49,89.72,423
1790072280,89.73,89.92,89.7,89.87,609
1790072340,89.88,89.88,89.68,89.74,430
1790072400,89.74,89.84,89.68,89.81,376
1790072460,89.8,89.8,89.61,89.62,247
1790072520,89.62,89.71,89.58,89.71,208
1790072580,89.72,89.97,89.72,89.95,262
1790072640,89.94,89.96,89.9,89.92,192
1790072700,89.93,90.03,89.93,89.97,157
1790072760,89.95,89.96,89.8,89.91,348
1790072820,89.91,90.01,89.89,89.98,145
1790072880,89.97,89.99,89.77,89.79,145
1790072940,89.79,89.96,89.79,89.95,153
1790073000,89.95,89.95,89.74,89.82,141
1790073060,89.83,89.92,89.77,89.81,187
1790073120,89.8,89.87,89.73,89.74,101
1790073180,89.75,89.79,89.71,89.77,107
1790073240,89.78,89.81,89.72,89.72,104
1790073300,89.73,89.83,89.73,89.78,124
1790073360,89.78,89.83,89.72,89.79,162
1790073420,89.77,89.77,89.55,89.56,172
1790073480,89.56,89.63,89.53,89.61,131
1790073540,89.61,89.64,89.56,89.56,107
1790073600,89.55,89.63,89.51,89.58,124
1790073660,89.6,89.62,89.4,89.47,407
1790073720,89.47,89.47,89.35,89.39,288
1790073780,89.37,89.37,89.16,89.18,494
1790073840,89.2,89.31,89.17,89.31,248
1790073900,89.31,89.52,89.31,89.5,253
1790073960,89.5,89.75,89.47,89.67,341
1790074020,89.67,89.69,89.53,89.55,180
1790074080,89.56,89.77,89.56,89.72,476
1790074140,89.72,89.74,89.68,89.7,137
1790074200,89.68,89.68,89.34,89.42,261
1790074260,89.4,89.43,89.36,89.36,104
1790074320,89.38,89.39,89.28,89.32,172
1790074380,89.33,89.38,89.25,89.32,250
1790074440,89.31,89.4,89.3,89.38,174
1790074500,89.37,89.38,89.34,89.34,86
1790074560,89.34,89.41,89.33,89.34,174
1790074620,89.35,89.41,89.35,89.4,111
1790074680,89.39,89.4,89.34,89.35,85
1790074740,89.36,89.55,89.36,89.55,218
1790074800,89.55,89.83,89.55,89.82,360
1790074860,89.83,89.88,89.71,89.83,225
1790074920,89.82,89.83,89.76,89.82,105
1790074980,89.82,90.02,89.82,89.95,230
1790075040,89.95,90.04,89.93,90.02,193
1790075100,90.02,90.03,89.93,89.95,183
1790075160,89.95,89.99,89.91,89.97,129
1790075220,89.98,90.09,89.95,90.03,142
1790075280,90.05,90.1,89.99,90.06,250
1790075340,90.05,90.77,90,90.5,4049
1790075400,90.49,90.68,90.29,90.35,1343
1790075460,90.34,90.57,90.31,90.34,647
1790075520,90.33,90.62,90.2,90.55,982
1790075580,90.53,90.64,90.51,90.62,511
1790075640,90.61,90.66,90.31,90.38,458
1790075700,90.37,90.43,90.29,90.32,277
1790075760,90.35,90.47,90.35,90.38,332
1790075820,90.38,90.45,90.34,90.36,302
1790075880,90.38,90.58,90.36,90.51,366
1790075940,90.52,90.52,90.42,90.47,322
1790076000,90.47,90.65,90.46,90.52,250
1790076060,90.51,90.51,90.44,90.49,146
1790076120,90.48,90.49,90.29,90.31,258
1790076180,90.31,90.32,90.25,90.28,211
1790076240,90.31,90.33,90.1,90.14,572
1790076300,90.13,90.21,90.13,90.14,177
1790076360,90.14,90.22,90.06,90.2,242
1790076420,90.2,90.27,90.16,90.22,100
1790076480,90.24,90.25,90.12,90.19,117
1790076540,90.2,90.23,90.2,90.2,39
1790076600,90.19,90.19,90.01,90.02,310
1790076660,90.03,90.05,89.95,90.03,280
1790076720,90.02,90.04,89.95,90,174
1790076780,90,90.03,89.94,89.97,101
1790076840,89.96,90.03,89.94,89.99,96
1790076900,90,90.02,89.92,89.93,90
1790076960,89.93,90.03,89.9,89.98,185
1790077020,89.97,90.1,89.96,90.09,125
1790077080,90.09,90.13,90.05,90.06,311
1790077140,90.05,90.08,90,90.01,205
1790077200,90.02,90.02,89.93,89.93,213
1790077260,89.94,90.12,89.93,90.08,158
1790077320,90.08,90.15,90.07,90.09,115
1790077380,90.1,90.15,90.02,90.05,134
1790077440,90.05,90.18,90.04,90.08,203
1790077500,90.08,90.08,89.8,89.98,740
1790077560,89.99,90.15,89.99,90.07,143
1790077620,90.07,90.07,89.96,89.98,107
1790077680,89.98,90,89.9,89.91,63
1790077740,89.91,89.99,89.9,89.99,77
1790077800,90,90.06,89.97,90.06,55
1790077860,90.04,90.07,89.95,89.95,98
1790077920,89.96,90.03,89.94,90,80
1790077980,90,90.01,89.93,89.99,110
1790078040,89.98,90.02,89.94,89.94,134
1790078100,89.95,89.97,89.83,89.83,307
1790078160,89.84,89.91,89.84,89.84,93
1790078220,89.85,89.9,89.73,89.86,283
1790078280,89.87,89.93,89.85,89.88,272
1790078340,89.89,89.97,89.87,89.96,84
1790078400,89.96,90.07,89.93,90.06,274
1790078460,90.05,90.09,90.02,90.07,214
1790078520,90.04,90.13,90.04,90.12,163
1790078580,90.11,90.12,90.06,90.09,81
1790078640,90.07,90.13,90.07,90.11,88
1790078700,90.11,90.15,90.06,90.1,201
1790078760,90.11,90.17,90.07,90.1,87
1790078820,90.11,90.19,90.11,90.17,91
1790078880,90.16,90.38,90.15,90.36,272
1790078940,90.37,90.5,90.32,90.47,274
1790079000,90.47,90.54,90.41,90.54,235
1790079060,90.53,90.68,90.51,90.62,263
1790079120,90.61,90.66,90.58,90.61,253
1790079180,90.61,90.66,90.6,90.65,151
1790079240,90.65,90.77,90.65,90.75,270
1790079300,90.75,90.82,90.66,90.69,351
1790079360,90.68,90.74,90.62,90.74,148
1790079420,90.74,90.8,90.73,90.79,140
1790079480,90.78,90.84,90.68,90.68,155
1790079540,90.69,90.7,90.45,90.54,305
1790079600,90.54,90.55,90.45,90.51,151
1790079660,90.52,90.58,90.52,90.57,81
1790079720,90.56,90.56,90.42,90.42,140
1790079780,90.41,90.44,90.36,90.43,205
1790079840,90.43,90.44,90.37,90.4,141
1790079900,90.4,90.41,90.31,90.38,159
1790079960,90.37,90.43,90.32,90.36,168
1790080020,90.34,90.36,90.29,90.36,102
1790080080,90.37,90.37,90.31,90.33,55
1790080140,90.32,90.34,90.3,90.33,64
1790080200,90.34,90.37,90.21,90.28,108
1790080260,90.29,90.29,90.22,90.25,112
1790080320,90.24,90.4,90.2,90.36,335
1790080380,90.35,90.41,90.32,90.32,464
1790080440,90.31,90.31,90.21,90.24,138
1790080500,90.24,90.27,90.21,90.27,50
1790080560,90.26,90.31,90.13,90.31,348
1790080620,90.3,90.36,90.3,90.32,158
1790080680,90.31,90.32,90.29,90.31,62
1790080740,90.31,90.35,90.29,90.32,104
1790080800,90.31,90.33,90.19,90.24,128
1790080860,90.25,90.32,90.24,90.3,77
1790080920,90.3,90.37,90.29,90.35,199
1790080980,90.34,90.37,90.32,90.35,90
1790081040,90.36,90.41,90.33,90.4,242
1790081100,90.4,90.42,90.35,90.4,229
1790081160,90.4,90.4,90.26,90.35,163
1790081220,90.36,90.44,90.33,90.41,113
1790081280,90.41,90.43,90.32,90.33,128
1790081340,90.34,90.35,90.27,90.3,133
1790081400,90.32,90.38,90.32,90.35,133
1790081460,90.34,90.38,90.33,90.36,163
1790081520,90.36,90.4,90.35,90.37,122
1790081580,90.36,90.36,90.27,90.31,118
1790081640,90.3,90.34,90.24,90.32,174
1790081700,90.32,90.49,90.29,90.45,321
1790081760,90.44,90.53,90.43,90.48,174
1790081820,90.47,90.49,90.39,90.46,95
1790081880,90.47,90.53,90.46,90.5,226
1790081940,90.51,90.51,90.38,90.39,247
1790082000,90.39,90.54,90.26,90.33,1060
1790082060,90.33,90.37,90.04,90.05,1261
1790082120,90.05,90.12,89.96,90.07,572
1790082180,90.07,90.16,90,90.04,461
1790082240,90.05,90.06,89.9,90,422
1790082300,89.99,90.11,89.95,90.09,391
1790082360,90.08,90.22,89.92,90.07,1490
1790082420,90.08,90.15,90.02,90.07,421
1790082480,90.06,90.15,90.01,90.1,315
1790082540,90.1,90.19,89.97,89.98,406
1790082600,89.99,90.09,89.87,89.88,484
1790082660,89.88,89.95,89.8,89.88,608
1790082720,89.89,89.92,89.79,89.82,404
1790082780,89.82,89.82,89.52,89.52,722
1790082840,89.52,89.57,89.48,89.51,521
1790082900,89.5,89.65,89.48,89.55,422
1790082960,89.56,89.63,89.53,89.56,346
1790083020,89.55,89.63,89.51,89.56,212
1790083080,89.57,89.59,89.5,89.53,329
1790083140,89.53,89.72,89.5,89.67,493
1790083200,89.67,89.73,89.63,89.68,302
1790083260,89.68,89.68,89.51,89.62,337
1790083320,89.61,89.88,89.6,89.87,721
1790083380,89.87,90.09,89.86,90.05,502
1790083440,90.04,90.05,89.94,90.01,335
1790083500,90,90,89.86,89.86,423
1790083560,89.87,89.97,89.81,89.97,226
1790083620,89.97,90.16,89.95,90.13,483
1790083680,90.14,90.31,90.14,90.3,745
1790083740,90.3,90.53,90.24,90.41,917
1790083800,90.43,90.63,90.39,90.54,837
1790083860,90.55,90.69,90.55,90.57,694
1790083920,90.57,90.61,90.38,90.49,581
1790083980,90.5,90.51,90.35,90.35,310
1790084040,90.37,90.46,90.31,90.38,260
1790084100,90.37,90.46,90.31,90.39,243
1790084160,90.4,90.42,90.26,90.29,344
1790084220,90.3,90.45,90.27,90.44,260
1790084280,90.43,90.62,90.42,90.6,330
1790084340,90.6,90.63,90.49,90.53,255
1790084400,90.53,90.73,90.51,90.66,382
1790084460,90.64,90.66,90.32,90.62,1765
1790084520,90.62,90.65,90.41,90.41,309
1790084580,90.42,90.43,90.22,90.25,381
1790084640,90.25,90.4,90.25,90.4,292
1790084700,90.4,90.56,90.4,90.55,362
1790084760,90.54,90.63,90.51,90.57,464
1790084820,90.58,90.69,90.52,90.62,280
1790084880,90.62,90.81,90.62,90.73,493
1790084940,90.75,90.79,90.64,90.77,582
1790085000,90.76,90.81,90.64,90.65,329
1790085060,90.66,90.69,90.48,90.48,288
1790085120,90.48,90.62,90.47,90.55,140
1790085180,90.56,90.6,90.5,90.56,362
1790085240,90.55,90.64,90.52,90.6,533
1790085300,90.61,90.67,90.53,90.56,217
1790085360,90.57,90.6,90.53,90.56,178
1790085420,90.56,90.6,90.37,90.51,589
1790085480,90.51,90.56,90.45,90.55,357
1790085540,90.55,90.64,90.48,90.51,499
1790085600,90.5,90.63,90.39,90.59,403
1790085660,90.61,90.7,90.58,90.59,315
1790085720,90.58,90.81,90.58,90.78,508
1790085780,90.78,90.84,90.69,90.81,483
1790085840,90.81,90.9,90.74,90.77,422
1790085900,90.76,90.78,90.58,90.64,336
1790085960,90.64,90.82,90.62,90.78,340
1790086020,90.78,90.98,90.76,90.95,404
1790086080,90.94,91.02,90.92,90.94,625
1790086140,90.95,91.04,90.93,90.94,336
1790086200,90.94,91.07,90.94,91,254
1790086260,91,91.04,90.89,90.91,463
1790086320,90.9,90.99,90.88,90.9,248
1790086380,90.91,91.03,90.41,90.69,1908
1790086440,90.69,90.84,90.55,90.6,672
1790086500,90.61,90.71,90.54,90.67,594
1790086560,90.66,90.74,90.63,90.7,324
1790086620,90.69,90.74,90.66,90.71,145
1790086680,90.7,90.84,90.67,90.78,473
1790086740,90.76,90.79,90.66,90.78,193
1790086800,90.79,91.01,90.77,90.99,436
1790086860,90.99,91.14,90.97,91.12,788
1790086920,91.11,91.13,90.94,90.94,487
1790086980,90.95,91.01,90.91,90.94,247
1790087040,90.94,90.95,90.86,90.9,241
1790087100,90.89,91,90.87,90.99,248
1790087160,90.98,91.03,90.95,90.97,325
1790087220,90.97,91,90.92,90.99,177
1790087280,91,91.02,90.88,90.91,255
1790087340,90.92,90.97,90.77,90.8,464
1790087400,90.8,90.83,90.61,90.71,671
1790087460,90.71,90.76,90.58,90.63,312
1790087520,90.64,90.86,90.6,90.76,660
1790087580,90.73,90.78,90.69,90.73,407
1790087640,90.72,90.75,90.64,90.72,388
1790087700,90.72,91.03,90.72,90.96,1084
1790087760,90.94,90.95,90.76,90.8,380
1790087820,90.81,90.84,90.68,90.73,216
1790087880,90.72,90.81,90.6,90.74,1112
1790087940,90.75,91.15,90.26,91.04,4134
1790088000,91.05,91.33,91.02,91.26,1380
1790088060,91.27,91.66,91.25,91.56,1889
1790088120,91.56,91.86,91.52,91.78,1351
1790088180,91.77,91.82,91.54,91.58,910
1790088240,91.56,91.56,91.19,91.25,808
1790088300,91.24,91.48,91.18,91.42,1579
1790088360,91.42,91.59,91.39,91.56,839
1790088420,91.56,91.58,91.23,91.27,837
1790088480,91.26,91.31,91.1,91.24,591
1790088540,91.25,91.26,91.09,91.14,379
1790088600,91.14,91.16,91.02,91.12,478
1790088660,91.12,91.15,91.03,91.12,527
1790088720,91.13,91.26,91.11,91.18,341
1790088780,91.17,91.29,91.17,91.24,274
1790088840,91.24,91.31,91.2,91.21,242
1790088900,91.21,91.24,91.16,91.21,250
1790088960,91.21,91.22,91.1,91.19,194
1790089020,91.18,91.19,91.08,91.1,123
1790089080,91.08,91.13,91.05,91.05,156
1790089140,91.04,91.07,91.02,91.04,202
1790089200,91.02,91.1,90.98,91.02,210
1790089260,91.03,91.18,91.01,91.03,316
1790089320,91.05,91.1,91,91.1,136
1790089380,91.08,91.2,91.04,91.2,294
1790089440,91.2,91.38,91.15,91.24,868
1790089500,91.25,91.34,91.23,91.25,368
1790089560,91.25,91.33,91.15,91.26,808
1790089620,91.26,91.31,91.12,91.22,633
1790089680,91.22,91.24,91.12,91.2,190
1790089740,91.2,91.28,91.09,91.26,263
1790089800,91.25,91.27,91.16,91.27,184
1790089860,91.25,91.36,91.2,91.36,224
1790089920,91.34,91.39,91.29,91.32,284
1790089980,91.33,91.43,91.33,91.39,358
1790090040,91.39,91.39,91.18,91.29,1060
1790090100,91.29,91.29,91.04,91.07,540
1790090160,91.06,91.12,91.01,91.01,245
1790090220,91,91.1,90.96,91.08,425
1790090280,91.06,91.29,91.06,91.25,317
1790090340,91.25,91.25,91.09,91.11,182
1790090400,91.12,91.25,91.06,91.24,389
1790090460,91.24,91.27,91.16,91.18,256
1790090520,91.17,91.35,91.16,91.33,277
1790090580,91.33,91.38,91.24,91.32,190
1790090640,91.31,91.34,91.18,91.27,339
1790090700,91.26,91.3,91.23,91.29,320
1790090760,91.29,91.32,91.21,91.28,305
1790090820,91.29,91.34,91.22,91.34,375
1790090880,91.33,91.38,91.29,91.31,264
1790090940,91.3,91.43,91.22,91.41,696
1790091000,91.42,91.55,91.36,91.52,680
1790091060,91.51,91.58,91.43,91.57,423
1790091120,91.56,91.65,91.54,91.61,455
1790091180,91.61,91.66,91.48,91.54,364
1790091240,91.54,91.59,91.46,91.48,205
1790091300,91.48,91.5,91.42,91.45,172
1790091360,91.45,91.46,91.35,91.38,237
1790091420,91.38,91.46,91.38,91.44,154
1790091480,91.44,91.6,91.43,91.57,266
1790091540,91.56,91.68,91.52,91.68,408
1790091600,91.69,91.76,91.67,91.74,471
1790091660,91.75,91.77,91.6,91.63,295
1790091720,91.63,91.7,91.58,91.6,244
1790091780,91.6,91.71,91.6,91.7,183
1790091840,91.69,91.69,91.59,91.64,166
1790091900,91.65,91.72,91.64,91.69,231
1790091960,91.7,91.76,91.67,91.76,303
1790092020,91.75,91.78,91.62,91.63,293
1790092080,91.63,91.71,91.61,91.68,151
1790092140,91.67,91.7,91.64,91.68,137
1790092200,91.69,91.77,91.69,91.75,327
1790092260,91.75,91.77,91.64,91.68,177
1790092320,91.68,91.68,91.59,91.67,123
1790092380,91.67,91.69,91.64,91.69,132
1790092440,91.69,91.71,91.66,91.68,107
1790092500,91.68,91.77,91.67,91.75,164
1790092560,91.74,91.79,91.68,91.73,222
1790092620,91.73,91.76,91.62,91.62,210
1790092680,91.63,91.71,91.63,91.67,272
1790092740,91.66,91.67,91.6,91.66,135
1790092800,91.67,91.76,91.67,91.72,274
1790092860,91.72,91.82,91.7,91.77,468
1790092920,91.78,91.92,91.75,91.82,393
1790092980,91.82,91.94,91.8,91.93,241
1790093040,91.92,92.05,91.92,92.02,653
1790093100,92.02,92.05,91.98,92.02,288
1790093160,92.02,92.06,91.9,91.96,319
1790093220,91.96,91.99,91.9,91.94,220
1790093280,91.94,91.94,91.87,91.92,195
1790093340,91.92,92,91.82,91.98,522
1790093400,91.97,91.98,91.81,91.86,356
1790093460,91.88,91.97,91.85,91.9,68
1790093520,91.91,91.95,91.79,91.92,519
1790093580,91.92,91.94,91.87,91.92,168
1790093640,91.93,91.94,91.9,91.92,84
1790093700,91.93,91.94,91.84,91.85,164
1790093760,91.83,91.84,91.7,91.75,400
1790093820,91.75,91.81,91.75,91.79,97
1790093880,91.78,91.78,91.72,91.77,204
1790093940,91.77,91.79,91.64,91.65,233
1790094000,91.66,91.76,91.55,91.57,923
1790094060,91.57,91.75,91.56,91.75,495
1790094120,91.73,91.75,91.68,91.72,84
1790094180,91.7,91.7,91.58,91.66,392
1790094240,91.67,91.74,91.67,91.71,216
1790094300,91.72,91.8,91.67,91.79,233
1790094360,91.79,91.82,91.74,91.78,243
1790094420,91.77,91.78,91.73,91.74,84
1790094480,91.73,91.76,91.71,91.75,54
1790094540,91.75,91.76,91.71,91.74,97
1790094600,91.74,91.77,91.69,91.7,101
1790094660,91.71,91.77,91.71,91.74,163
1790094720,91.73,91.76,91.66,91.67,86
1790094780,91.67,91.69,91.6,91.69,201
1790094840,91.69,91.69,91.61,91.63,177
1790094900,91.61,91.7,91.59,91.61,248
1790094960,91.61,91.63,91.51,91.52,212
1790095020,91.51,91.54,91.48,91.49,232
1790095080,91.51,91.54,91.45,91.53,202
1790095140,91.54,91.61,91.53,91.58,255
1790095200,91.58,91.61,91.57,91.6,119
1790095260,91.6,91.61,91.49,91.54,180
1790095320,91.55,91.6,91.53,91.59,75
1790095380,91.59,91.62,91.54,91.55,142
1790095440,91.55,91.59,91.55,91.57,58
1790095500,91.57,91.58,91.52,91.57,74
1790095560,91.57,91.58,91.49,91.49,141
1790095620,91.49,91.61,91.49,91.57,98
1790095680,91.58,91.63,91.03,91.32,2631
1790095740,91.35,91.48,91.15,91.21,942
1790095800,91.22,91.39,91.19,91.3,456
1790095860,91.3,91.34,91.22,91.28,306
1790095920,91.27,91.37,91.21,91.37,307
1790095980,91.38,91.39,91.28,91.28,212
1790096040,91.27,91.44,91.26,91.41,333
1790096100,91.4,91.42,91.32,91.37,134
1790096160,91.35,91.48,91.34,91.46,203
1790096220,91.46,91.5,91.44,91.46,211
1790096280,91.45,91.45,91.38,91.41,104
1790096340,91.41,91.44,91.38,91.4,128
1790096400,91.39,91.39,91.29,91.33,337
1790096460,91.32,91.35,91.3,91.33,134
1790096520,91.34,91.36,91.31,91.33,103
1790096580,91.32,91.32,91.28,91.31,118
1790096640,91.32,91.32,91.18,91.26,220
1790096700,91.25,91.29,91.23,91.24,109
1790096760,91.23,91.29,91.19,91.19,149
1790096820,91.2,91.21,91.16,91.19,165
1790096880,91.18,91.22,91.15,91.17,183
1790096940,91.17,91.2,91.15,91.17,84
1790097000,91.16,91.22,91.16,91.21,99
1790097060,91.21,91.21,91.1,91.13,144
1790097120,91.14,91.15,91.09,91.13,219
1790097180,91.12,91.17,91.12,91.12,107
1790097240,91.13,91.15,91.1,91.13,75
1790097300,91.13,91.24,91.08,91.21,223
1790097360,91.2,91.21,91.13,91.18,175
1790097420,91.18,91.2,91.14,91.16,60
1790097480,91.15,91.24,91.15,91.23,104
1790097540,91.24,91.29,91.22,91.26,108
1790097600,91.26,91.26,91.18,91.18,72
1790097660,91.18,91.23,91.17,91.23,89
1790097720,91.23,91.27,91.22,91.25,86
1790097780,91.25,91.25,91.18,91.21,58
1790097840,91.2,91.23,91.18,91.21,105
1790097900,91.2,91.31,91.19,91.28,169
1790097960,91.28,91.34,91.26,91.26,162
1790098020,91.26,91.29,91.09,91.1,146
1790098080,91.08,91.12,91.06,91.09,146
1790098140,91.09,91.09,91.04,91.08,120
1790098200,91.08,91.13,91.04,91.07,102
1790098260,91.07,91.1,91.05,91.06,102
1790098320,91.06,91.08,91.01,91.02,214
1790098380,91.01,91.06,90.93,90.95,320
1790098440,90.96,90.96,90.89,90.94,218
1790098500,90.94,90.99,90.94,90.99,192
1790098560,90.99,91.04,90.95,90.97,144
1790098620,90.97,91,90.89,90.99,275
1790098680,90.99,91.01,90.92,90.94,129
1790098740,90.94,90.97,90.9,90.95,112
1790098800,90.95,90.97,90.9,90.96,140
1790098860,90.96,90.98,90.91,90.92,127
1790098920,90.92,90.92,90.83,90.84,290
1790098980,90.84,90.9,90.8,90.89,476
1790099040,90.9,90.94,90.87,90.9,225
1790099100,90.89,90.93,90.84,90.84,156
1790099160,90.84,90.85,90.78,90.8,158
1790099220,90.8,90.84,90.79,90.81,143
1790099280,90.8,90.88,90.8,90.86,99
1790099340,90.87,90.9,90.82,90.89,161
1790099400,90.89,91.03,90.86,90.98,821
1790099460,90.96,90.98,90.75,90.81,533
1790099520,90.82,90.83,90.1,90.42,3886
1790099580,90.39,90.55,90.35,90.51,794
1790099640,90.51,90.53,89.95,90.05,3031
1790099700,90.07,90.09,89.85,89.87,1754
1790099760,89.88,89.88,89.68,89.73,810
1790099820,89.72,89.79,89.55,89.66,1061
1790099880,89.65,89.66,89.47,89.61,1198
1790099940,89.6,89.69,89.56,89.61,995
1790100000,89.6,89.67,89.51,89.58,1044
1790100060,89.59,89.9,89.58,89.85,1509
1790100120,89.84,89.99,89.83,89.91,866
1790100180,89.91,89.92,89.84,89.89,487
1790100240,89.89,89.94,89.68,89.86,1350
1790100300,89.86,89.87,89.58,89.72,478
1790100360,89.71,89.8,89.68,89.75,552
1790100420,89.75,89.93,89.73,89.79,493
1790100480,89.79,89.8,89.66,89.71,417
1790100540,89.71,89.72,89.61,89.65,623
1790100600,89.65,89.81,89.64,89.73,795
1790100660,89.73,89.9,89.72,89.9,644
1790100720,89.9,89.92,89.84,89.9,364
1790100780,89.9,89.95,89.83,89.86,371
1790100840,89.85,89.98,89.77,89.81,495
1790100900,89.82,89.86,89.76,89.76,385
1790100960,89.75,89.87,89.7,89.82,548
1790101020,89.81,89.97,89.81,89.94,479
1790101080,89.94,89.96,89.88,89.95,303
1790101140,89.93,90.17,89.91,90.17,724
1790101200,90.17,90.28,90.13,90.15,942
1790101260,90.16,90.35,90.15,90.29,636
1790101320,90.28,90.41,90.23,90.38,557
1790101380,90.38,90.42,90.31,90.4,553
1790101440,90.39,90.41,90.29,90.32,563
1790101500,90.32,90.34,90.18,90.26,694
1790101560,90.27,90.34,90.2,90.34,604
1790101620,90.34,90.39,90.22,90.35,896
1790101680,90.36,90.56,90.36,90.55,2755
1790101740,90.55,90.66,90.5,90.63,2130
1790101800,90.63,90.63,90.51,90.56,669
1790101860,90.56,90.59,90.49,90.52,553
1790101920,90.54,90.61,90.51,90.6,329
1790101980,90.59,90.59,90.54,90.56,131
1790102040,90.56,90.76,90.56,90.7,500
1790102100,90.7,90.78,90.68,90.72,184
1790102160,90.72,90.93,90.64,90.64,1045
1790102220,90.63,90.63,90.51,90.55,243
1790102280,90.55,90.61,90.53,90.55,110
1790102340,90.56,90.58,90.5,90.53,177
1790102400,90.54,90.57,90.52,90.56,91
1790102460,90.56,90.81,90.56,90.71,535
1790102520,90.71,90.82,90.71,90.76,384
1790102580,90.75,90.8,90.72,90.75,133
1790102640,90.73,90.74,90.66,90.7,117
1790102700,90.72,90.72,90.62,90.64,121
1790102760,90.65,90.65,90.59,90.6,68
1790102820,90.59,90.63,90.58,90.61,164
1790102880,90.61,90.68,90.6,90.67,163
1790102940,90.67,90.68,90.6,90.61,115
1790103000,90.61,90.66,90.59,90.59,60
1790103060,90.59,90.6,90.55,90.59,60
1790103120,90.6,90.61,90.57,90.61,56
1790103180,90.61,90.64,90.58,90.63,104
1790103240,90.63,90.73,90.58,90.71,187
1790103300,90.71,90.71,90.68,90.69,56
1790103360,90.71,90.76,90.67,90.72,127
1790103420,90.73,90.74,90.68,90.68,52
1790103480,90.68,90.68,90.57,90.62,123
1790103540,90.59,90.65,90.57,90.62,98
1790103600,90.63,90.67,90.55,90.57,54
1790103660,90.57,90.61,90.49,90.53,359
1790103720,90.53,90.6,90.48,90.58,217
1790103780,90.58,90.61,90.56,90.58,119
1790103840,90.58,90.61,90.58,90.6,38
1790103900,90.6,90.6,90.54,90.54,49
1790103960,90.58,90.58,90.46,90.46,282
1790104020,90.47,90.5,90.44,90.46,115
1790104080,90.46,90.48,90.37,90.38,155
1790104140,90.39,90.42,90.34,90.4,114
1790104200,90.41,90.42,90.33,90.39,161
1790104260,90.39,90.41,90.32,90.36,219
1790104320,90.36,90.37,90.25,90.26,143
1790104380,90.27,90.32,90.23,90.32,162
1790104440,90.32,90.37,90.3,90.35,74
1790104500,90.34,90.41,90.3,90.41,162
1790104560,90.42,90.42,90.31,90.31,52
1790104620,90.3,90.37,90.23,90.24,111
1790104680,90.24,90.27,90.23,90.27,40
1790104740,90.27,90.3,90.23,90.27,55
1790104800,90.28,90.28,90.21,90.22,48
1790104860,90.21,90.34,90.21,90.3,155
1790104920,90.3,90.3,90.17,90.17,331
1790104980,90.18,90.18,90.11,90.15,300
1790105040,90.16,90.21,89.93,90.12,633
1790105100,90.1,90.13,89.82,89.89,1055
1790105160,89.91,90.05,89.88,90.03,260
1790105220,90.02,90.04,89.89,90.03,413
1790105280,90.01,90.01,89.86,89.88,216
1790105340,89.89,89.99,89.82,89.83,141
1790105400,89.83,89.87,89.72,89.74,134
1790105460,89.72,89.81,89.71,89.71,124
1790105520,89.74,89.77,89.26,89.34,962
1790105580,89.34,89.43,89.21,89.27,521
1790105640,89.24,89.31,88.94,88.97,1268
1790105700,88.98,89.02,88.9,88.92,744
1790105760,88.92,89.12,88.86,89.09,508
1790105820,89.09,89.11,88.84,88.97,586
1790105880,88.96,89.11,88.85,88.86,332
1790105940,88.87,89.19,88.76,89.07,1015
1790106000,89.06,89.07,88.81,88.87,431
1790106060,88.85,89.08,88.67,89.05,1871
1790106120,89.05,89.11,88.88,88.94,495
1790106180,88.93,89.12,88.93,89.05,450
1790106240,89.04,89.16,89,89.14,230
1790106300,89.13,89.19,89.12,89.14,137
1790106360,89.13,89.15,89.08,89.12,141
1790106420,89.11,89.16,89.06,89.06,195
1790106480,89.1,89.13,89.07,89.09,104
1790106540,89.07,89.1,89,89.1,150
1790106600,89.1,89.4,89.07,89.36,904
1790106660,89.35,89.47,89.33,89.46,247
1790106720,89.45,89.5,89.38,89.45,202
1790106780,89.44,89.56,89.4,89.48,313
1790106840,89.47,89.51,89.43,89.47,132
1790106900,89.46,89.6,89.45,89.6,245
1790106960,89.61,89.73,89.56,89.68,311
1790107020,89.66,89.66,89.58,89.6,144
1790107080,89.6,89.73,89.58,89.68,152
1790107140,89.68,89.7,89.56,89.59,96
1790107200,89.59,89.67,89.54,89.61,85
1790107260,89.59,89.59,89.52,89.58,65
1790107320,89.59,89.68,89.58,89.68,78
1790107380,89.65,89.69,89.63,89.65,20
1790107440,89.7,89.77,89.7,89.75,83
1790107500,89.74,89.77,89.73,89.77,34
1790107560,89.76,89.83,89.74,89.82,78
1790107620,89.82,89.86,89.79,89.79,103
1790107680,89.79,89.81,89.72,89.72,83
1790107740,89.72,89.75,89.67,89.69,55
1790107800,89.69,89.7,89.6,89.61,86
1790107860,89.62,89.65,89.59,89.65,64
1790107920,89.65,89.67,89.64,89.64,9
1790107980,89.63,89.65,89.63,89.65,4
1790108040,89.67,89.75,89.65,89.69,50
1790108100,89.7,89.75,89.7,89.73,74
1790108160,89.7,89.76,89.69,89.74,18
1790108220,89.76,89.86,89.74,89.86,97
1790108280,89.85,89.85,89.83,89.85,36
1790108340,89.83,89.83,89.8,89.83,9
1790108400,89.82,89.85,89.82,89.85,67
1790108460,89.85,89.9,89.85,89.87,691
1790108520,89.86,89.88,89.85,89.86,29
1790108580,89.86,89.86,89.81,89.82,16
1790108640,89.84,89.9,89.83,89.9,37
1790108700,89.87,89.94,89.87,89.92,127
1790108760,89.92,89.95,89.91,89.93,43
1790108820,89.93,90,89.92,89.97,46
1790108880,89.96,89.98,89.89,89.92,58
1790108940,89.9,89.91,89.87,89.87,29
1790109000,89.88,89.91,89.79,89.85,61
1790109060,89.87,89.94,89.87,89.93,22
1790109120,89.95,89.98,89.92,89.95,57
1790109180,89.94,90,89.92,90,89
1790109240,90.03,90.08,90.01,90.04,87
1790109300,90.03,90.03,89.96,89.98,27
1790109360,89.98,90.01,89.96,89.96,17
1790109420,89.93,89.95,89.91,89.91,17
1790109480,89.91,89.99,89.88,89.9,44
1790109540,89.91,89.92,89.87,89.89,19
1790109600,89.87,89.87,89.83,89.84,55
1790109660,89.86,89.9,89.86,89.88,19
1790109720,89.84,89.85,89.83,89.84,15
1790109780,89.84,89.84,89.73,89.81,58
1790109840,89.78,89.83,89.77,89.82,23
1790109900,89.84,89.89,89.83,89.88,26
1790109960,89.87,89.87,89.84,89.84,5
1790110020,89.83,89.84,89.81,89.84,11
1790110080,89.85,89.94,89.85,89.92,30
1790110140,89.92,89.93,89.87,89.89,29
1790110200,89.9,89.9,89.75,89.77,117
1790110260,89.77,89.83,89.75,89.82,31
1790110320,89.82,89.82,89.78,89.78,5
1790110380,89.77,89.82,89.77,89.81,27
1790110440,89.81,89.83,89.79,89.82,47
1790110500,89.84,89.87,89.8,89.82,31
1790110560,89.83,89.86,89.82,89.86,21
1790110620,89.86,89.87,89.81,89.82,37
1790110680,89.83,89.85,89.8,89.83,74
1790110740,89.86,89.95,89.81,89.85,339
1790114400,89.89,90,89.84,89.87,105
1790114460,89.87,89.96,89.86,89.96,41
1790114520,89.94,89.95,89.85,89.89,76
1790114580,89.87,89.97,89.87,89.95,57
1790114640,89.91,89.91,89.85,89.85,24
1790114700,89.85,89.88,89.81,89.84,27
1790114760,89.86,89.88,89.82,89.83,26
1790114820,89.82,89.84,89.81,89.81,12
1790114880,89.82,89.83,89.79,89.79,21
1790114940,89.79,89.79,89.68,89.75,54
1790115000,89.75,89.79,89.75,89.77,31
1790115060,89.78,89.78,89.74,89.74,31
1790115120,89.73,89.76,89.72,89.73,41
1790115180,89.73,89.73,89.69,89.71,30
1790115240,89.72,89.74,89.7,89.72,18
1790115300,89.72,89.74,89.69,89.71,20
1790115360,89.71,89.71,89.69,89.71,5
1790115420,89.71,89.75,89.71,89.72,12
1790115480,89.71,89.71,89.68,89.7,13
1790115540,89.69,89.7,89.64,89.64,27
1790115600,89.64,89.66,89.63,89.64,17
1790115660,89.66,89.68,89.63,89.66,28
1790115720,89.66,89.68,89.64,89.64,19
1790115780,89.63,89.65,89.63,89.64,9
1790115840,89.66,89.67,89.66,89.66,5
1790115900,89.66,89.7,89.64,89.7,24
1790115960,89.69,89.69,89.66,89.66,5
1790116080,89.66,89.67,89.66,89.67,5
1790116140,89.68,89.7,89.68,89.68,8
1790116200,89.68,89.69,89.68,89.68,5
1790116260,89.68,89.68,89.66,89.67,10
1790116320,89.67,89.67,89.64,89.64,12
1790116380,89.64,89.65,89.62,89.63,20
1790116440,89.63,89.63,89.62,89.63,8
1790116500,89.63,89.65,89.63,89.64,6
1790116560,89.63,89.64,89.62,89.64,33
1790116620,89.62,89.66,89.62,89.65,7
1790116680,89.66,89.7,89.66,89.69,27
1790116740,89.7,89.71,89.69,89.71,10
1790116800,89.7,89.71,89.68,89.69,12
1790116860,89.68,89.68,89.67,89.67,10
1790116920,89.68,89.68,89.67,89.67,6
1790116980,89.68,89.68,89.65,89.66,27
1790117040,89.65,89.67,89.63,89.63,12
1790117100,89.66,89.66,89.65,89.65,3
1790117160,89.68,89.68,89.66,89.66,4
1790117220,89.67,89.67,89.67,89.67,2
1790117280,89.68,89.69,89.65,89.66,12
1790117340,89.65,89.65,89.65,89.65,3
1790117400,89.66,89.66,89.66,89.66,4
1790117460,89.65,89.65,89.65,89.65,4
1790117520,89.65,89.65,89.63,89.63,6
1790117580,89.63,89.63,89.63,89.63,3
1790117640,89.64,89.65,89.64,89.64,3
1790117700,89.65,89.65,89.65,89.65,3
1790117820,89.66,89.66,89.66,89.66,1
1790117880,89.65,89.65,89.64,89.64,6
1790117940,89.63,89.64,89.63,89.64,4
1790118000,89.65,89.65,89.62,89.62,15
1790118060,89.64,89.69,89.64,89.68,16
1790118120,89.67,89.68,89.67,89.67,7
1790118180,89.67,89.69,89.65,89.69,38
1790118240,89.69,89.75,89.69,89.74,86
1790118300,89.72,89.73,89.69,89.71,23
1790118360,89.71,89.71,89.71,89.71,3
1790118420,89.7,89.7,89.69,89.69,5
1790118480,89.71,89.71,89.7,89.71,5
1790118540,89.7,89.7,89.7,89.7,1
1790118600,89.68,89.68,89.64,89.65,14
1790118660,89.65,89.66,89.65,89.66,8
1790118720,89.66,89.67,89.66,89.66,5
1790118780,89.66,89.66,89.64,89.64,7
1790118840,89.66,89.66,89.66,89.66,2
1790118900,89.65,89.68,89.65,89.68,6
1790118960,89.67,89.67,89.65,89.65,6
1790119020,89.65,89.74,89.65,89.73,42
1790119080,89.72,89.72,89.7,89.7,9
1790119140,89.7,89.72,89.7,89.71,15
1790119200,89.7,89.7,89.66,89.66,9
1790119260,89.66,89.66,89.66,89.66,1
1790119320,89.66,89.66,89.66,89.66,1
1790119380,89.65,89.67,89.65,89.67,5
1790119440,89.66,89.67,89.66,89.67,6
1790119500,89.68,89.71,89.68,89.71,12
1790119560,89.7,89.71,89.7,89.71,3
1790119620,89.7,89.7,89.68,89.69,7
1790119680,89.7,89.7,89.7,89.7,3
1790119740,89.69,89.69,89.66,89.67,22
1790119800,89.68,89.68,89.66,89.67,36
1790119860,89.67,89.67,89.66,89.67,36
1790119920,89.67,89.67,89.66,89.66,5
1790119980,89.65,89.68,89.65,89.66,22
1790120040,89.65,89.65,89.65,89.65,1
1790120100,89.66,89.67,89.65,89.65,4
1790120160,89.68,89.68,89.66,89.66,11
1790120220,89.66,89.66,89.66,89.66,7
1790120280,89.65,89.65,89.63,89.64,32
1790120340,89.64,89.64,89.61,89.63,28
1790120400,89.63,89.63,89.61,89.61,5
1790120460,89.63,89.63,89.62,89.62,7
1790120520,89.6,89.62,89.6,89.62,12
1790120580,89.63,89.63,89.62,89.62,5
1790120640,89.61,89.62,89.6,89.62,4
1790120700,89.59,89.62,89.59,89.62,11
1790120760,89.63,89.63,89.62,89.62,8
1790120820,89.64,89.69,89.64,89.68,38
1790120880,89.67,89.68,89.67,89.67,10
1790120940,89.68,89.69,89.68,89.69,3
1790121000,89.67,89.67,89.65,89.67,10
1790121060,89.67,89.67,89.66,89.66,2
1790121120,89.67,89.68,89.67,89.67,9
1790121180,89.66,89.66,89.64,89.64,6
1790121240,89.64,89.65,89.64,89.65,5
1790121300,89.65,89.66,89.65,89.66,3
1790121360,89.66,89.66,89.62,89.62,3
1790121420,89.61,89.61,89.58,89.59,13
1790121480,89.62,89.62,89.58,89.61,28
1790121540,89.59,89.6,89.56,89.56,44
1790121600,89.57,89.7,89.48,89.62,390
1790121660,89.63,89.64,89.51,89.6,78
1790121720,89.59,89.59,89.47,89.55,97
1790121780,89.57,89.64,89.56,89.6,63
1790121840,89.61,89.65,89.56,89.62,66
1790121900,89.61,89.66,89.58,89.63,50
1790121960,89.65,89.76,89.63,89.74,115
1790122020,89.73,89.73,89.68,89.73,35
1790122080,89.73,89.73,89.63,89.68,98
1790122140,89.66,89.67,89.58,89.58,77
1790122200,89.58,89.62,89.57,89.62,51
1790122260,89.61,89.63,89.49,89.51,55
1790122320,89.52,89.56,89.52,89.53,30
1790122380,89.51,89.59,89.5,89.59,44
1790122440,89.61,89.63,89.57,89.59,29
1790122500,89.6,89.67,89.6,89.6,28
1790122560,89.6,89.61,89.55,89.58,70
1790122620,89.59,89.69,89.59,89.69,36
1790122680,89.71,89.8,89.69,89.79,84
1790122740,89.78,89.8,89.76,89.78,51
1790122800,89.76,89.83,89.75,89.81,29
1790122860,89.81,89.85,89.8,89.85,46
1790122920,89.85,89.97,89.84,89.95,125
1790122980,89.95,89.96,89.92,89.94,44
1790123040,89.95,89.96,89.93,89.95,49
1790123100,89.93,89.95,89.88,89.88,61
1790123160,89.89,89.91,89.84,89.91,66
1790123220,89.89,89.89,89.84,89.88,20
1790123280,89.89,89.9,89.83,89.89,74
1790123340,89.87,89.89,89.86,89.89,17
1790123400,89.9,89.98,89.9,89.93,121
1790123460,89.95,89.97,89.84,89.88,54
1790123520,89.89,89.89,89.85,89.89,27
1790123580,89.91,89.92,89.91,89.91,9
1790123640,89.92,89.98,89.92,89.98,29
1790123700,89.97,89.99,89.95,89.95,31
1790123760,89.95,90.16,89.95,90.1,189
1790123820,90.09,90.09,90.05,90.06,54
1790123880,90.06,90.12,90.02,90.04,102
1790123940,90.02,90.04,90,90,59
1790124000,90.01,90.05,89.99,90.05,64
1790124060,90.05,90.07,90.02,90.06,36
1790124120,90.08,90.12,90.06,90.09,33
1790124180,90.09,90.09,90.04,90.04,28
1790124240,90.04,90.06,90.02,90.03,30
1790124300,90.01,90.05,90,90.03,25
1790124360,90.02,90.04,90,90.04,28
1790124420,90.05,90.06,90.03,90.04,25
1790124480,90.06,90.14,90.05,90.14,78
1790124540,90.14,90.17,90.07,90.12,85
1790124600,90.12,90.12,90.06,90.08,56
1790124660,90.07,90.09,90.03,90.03,68
1790124720,90.04,90.08,90.03,90.06,37
1790124780,90.07,90.1,90.05,90.08,102
1790124840,90.07,90.08,90.05,90.07,35
1790124900,90.06,90.1,90.05,90.09,49
1790124960,90.07,90.09,90.05,90.08,39
1790125020,90.07,90.09,90.03,90.08,73
1790125080,90.07,90.09,90.03,90.04,41
1790125140,90.05,90.08,90.01,90.03,77
1790125200,90.03,90.14,90.02,90.04,147
1790125260,90.06,90.18,90.04,90.14,139
1790125320,90.18,90.24,90.14,90.24,132
1790125380,90.24,90.28,90.2,90.28,97
1790125440,90.29,90.38,90.29,90.31,99
1790125500,90.32,90.34,90.2,90.29,119
1790125560,90.3,90.38,90.27,90.31,129
1790125620,90.29,90.33,90.19,90.28,85
1790125680,90.3,90.33,90.28,90.29,30
1790125740,90.27,90.28,90.25,90.25,10
1790125800,90.23,90.28,90.21,90.27,47
1790125860,90.27,90.27,90.18,90.2,75
1790125920,90.2,90.22,90.16,90.21,31
1790125980,90.18,90.2,90.15,90.15,23
1790126040,90.21,90.23,90.19,90.2,14
1790126100,90.2,90.22,90.18,90.22,18
1790126160,90.21,90.22,90.14,90.17,9
1790126220,90.16,90.17,90.12,90.14,57
1790126280,90.14,90.17,90.14,90.14,32
1790126340,90.14,90.16,90.12,90.16,36
1790126400,90.16,90.2,90.13,90.15,53
1790126460,90.16,90.19,90.15,90.15,29
1790126520,90.17,90.2,90.14,90.19,18
1790126580,90.18,90.22,90.18,90.21,32
1790126640,90.21,90.21,90.12,90.14,23
1790126700,90.17,90.19,90.15,90.19,36
1790126760,90.17,90.22,90.16,90.2,21
1790126820,90.22,90.22,90.19,90.2,10
1790126880,90.22,90.28,90.16,90.2,114
1790126940,90.19,90.23,90.14,90.19,51
1790127000,90.17,90.17,90.12,90.15,25
1790127060,90.15,90.17,90.12,90.12,56
1790127120,90.13,90.13,90.04,90.1,81
1790127180,90.09,90.13,90.09,90.13,25
1790127240,90.14,90.14,90.09,90.12,21
1790127300,90.11,90.15,90.09,90.11,17
1790127360,90.11,90.13,90.09,90.11,20
1790127420,90.11,90.13,90.11,90.12,8
1790127480,90.14,90.15,90.1,90.1,15
1790127540,90.08,90.12,90.08,90.12,34
1790127600,90.11,90.2,90.1,90.18,41
1790127660,90.2,90.26,90.2,90.24,50
1790127720,90.26,90.26,90.21,90.24,20
1790127780,90.23,90.23,90.2,90.21,20
1790127840,90.2,90.22,90.18,90.22,44
1790127900,90.22,90.3,90.21,90.22,29
1790127960,90.19,90.21,90.14,90.18,46
1790128020,90.2,90.2,90.18,90.2,11
1790128080,90.2,90.2,90.19,90.19,2
1790128140,90.19,90.19,90.07,90.07,54
1790128200,90.08,90.1,90.02,90.05,73
1790128260,90.04,90.06,89.98,90,48
1790128320,90,90.05,89.98,90.04,34
1790128380,90.04,90.06,89.97,90,40
1790128440,89.99,90,89.94,89.97,36
1790128500,89.98,89.99,89.93,89.93,34
1790128560,89.94,89.97,89.91,89.94,32
1790128620,89.96,89.99,89.94,89.96,19
1790128680,89.94,89.94,89.92,89.92,11
1790128740,89.92,89.94,89.91,89.91,9
1790128800,89.92,89.93,89.8,89.82,87
1790128860,89.83,89.85,89.71,89.8,127
1790128920,89.8,89.82,89.78,89.79,49
1790128980,89.78,89.8,89.76,89.77,59
1790129040,89.78,89.81,89.75,89.79,61
1790129100,89.79,89.79,89.72,89.75,65
1790129160,89.77,89.81,89.77,89.79,44
1790129220,89.79,89.82,89.79,89.8,30
1790129280,89.77,89.78,89.74,89.76,18
1790129340,89.77,89.77,89.75,89.76,6
1790129400,89.76,89.83,89.76,89.81,45
1790129460,89.82,89.83,89.81,89.81,13
1790129520,89.82,89.84,89.79,89.8,27
1790129580,89.79,89.81,89.78,89.79,8
1790129640,89.8,89.85,89.8,89.84,11
1790129700,89.85,89.95,89.85,89.94,76
1790129760,89.95,89.99,89.95,89.98,64
1790129820,89.97,90.01,89.93,89.95,63
1790129880,89.95,89.96,89.94,89.96,29
1790129940,89.94,89.94,89.81,89.86,264
1790130000,89.86,89.88,89.8,89.84,52
1790130060,89.84,89.86,89.78,89.8,46
1790130120,89.81,89.88,89.8,89.84,45
1790130180,89.81,89.81,89.79,89.79,12
1790130240,89.79,89.85,89.79,89.84,16
1790130300,89.82,89.84,89.8,89.8,39
1790130360,89.79,89.79,89.7,89.73,54
1790130420,89.75,89.75,89.66,89.68,99
1790130480,89.69,89.73,89.66,89.71,78
1790130540,89.72,89.74,89.7,89.72,59
1790130600,89.71,89.78,89.69,89.78,81
1790130660,89.79,89.8,89.73,89.74,34
1790130720,89.75,89.8,89.75,89.77,28
1790130780,89.79,89.82,89.78,89.79,46
1790130840,89.78,89.85,89.77,89.85,35
1790130900,89.84,89.87,89.83,89.83,23
1790130960,89.84,89.84,89.81,89.82,13
1790131020,89.81,89.92,89.78,89.9,69
1790131080,89.89,89.91,89.87,89.9,29
1790131140,89.91,89.93,89.9,89.93,24
1790131200,89.92,89.93,89.9,89.9,14
1790131260,89.91,89.92,89.91,89.91,7
1790131320,89.92,89.95,89.92,89.94,21
1790131380,89.93,89.93,89.91,89.92,6
1790131440,89.92,89.96,89.89,89.9,15
1790131500,89.9,89.9,89.85,89.85,14
1790131560,89.86,89.87,89.83,89.83,24
1790131620,89.82,89.86,89.81,89.81,17
1790131680,89.82,89.82,89.69,89.7,88
1790131740,89.7,89.72,89.64,89.72,94
1790131800,89.71,89.71,89.69,89.7,20
1790131860,89.69,89.78,89.67,89.77,34
1790131920,89.76,89.76,89.71,89.75,25
1790131980,89.76,89.76,89.69,89.74,17
1790132040,89.74,89.74,89.67,89.7,36
1790132100,89.68,89.74,89.67,89.73,32
1790132160,89.73,89.73,89.69,89.69,17
1790132220,89.72,89.72,89.67,89.69,38
1790132280,89.66,89.67,89.64,89.67,50
1790132340,89.65,89.66,89.62,89.66,30
1790132400,89.66,89.67,89.66,89.66,8
1790132460,89.68,89.74,89.68,89.74,47
1790132520,89.72,89.72,89.69,89.69,39
1790132580,89.69,89.72,89.68,89.69,26
1790132640,89.69,89.73,89.69,89.73,13
1790132700,89.74,89.77,89.71,89.77,18
1790132760,89.76,89.86,89.76,89.78,115
1790132820,89.78,89.79,89.76,89.76,23
1790132880,89.76,89.83,89.75,89.8,59
1790132940,89.83,89.85,89.82,89.82,12
1790133000,89.81,89.82,89.79,89.79,8
1790133060,89.8,89.81,89.76,89.81,33
1790133120,89.79,89.85,89.79,89.82,39
1790133180,89.8,89.8,89.79,89.79,8
1790133240,89.8,89.82,89.79,89.82,9
1790133300,89.83,89.88,89.82,89.83,36
1790133360,89.84,89.88,89.84,89.87,22
1790133420,89.86,89.87,89.83,89.83,18
1790133480,89.82,89.82,89.69,89.72,124
1790133540,89.73,89.75,89.67,89.75,158
1790133600,89.73,89.75,89.69,89.74,44
1790133660,89.72,89.72,89.7,89.7,11
1790133720,89.7,89.73,89.7,89.71,6
1790133780,89.71,89.73,89.64,89.71,37
1790133840,89.7,89.74,89.7,89.74,19
1790133900,89.71,89.72,89.7,89.72,10
1790133960,89.73,89.73,89.68,89.7,85
1790134020,89.7,89.7,89.62,89.65,41
1790134080,89.66,89.69,89.64,89.68,43
1790134140,89.68,89.68,89.62,89.64,48
1790134200,89.64,89.65,89.51,89.52,115
1790134260,89.51,89.62,89.5,89.59,114
1790134320,89.57,89.6,89.55,89.55,40
1790134380,89.57,89.59,89.51,89.51,42
1790134440,89.52,89.52,89.46,89.46,65
1790134500,89.45,89.45,89.41,89.44,55
1790134560,89.44,89.45,89.38,89.42,69
1790134620,89.41,89.41,89.28,89.4,195
1790134680,89.38,89.4,89.36,89.4,45
1790134740,89.41,89.42,89.38,89.4,55
1790134800,89.37,89.4,89.31,89.34,35
1790134860,89.33,89.33,89.26,89.28,82
1790134920,89.28,89.28,89.23,89.27,42
1790134980,89.28,89.29,89.14,89.22,182
1790135040,89.22,89.22,89.16,89.18,58
1790135100,89.17,89.18,89.12,89.18,85
1790135160,89.18,89.21,89.15,89.17,46
1790135220,89.15,89.15,89.1,89.12,61
1790135280,89.11,89.13,89.06,89.07,64
1790135340,89.07,89.16,89.04,89.16,74
1790135400,89.14,89.19,89.13,89.15,61
1790135460,89.15,89.15,89.08,89.09,86
1790135520,89.07,89.14,89.07,89.11,55
1790135580,89.12,89.13,89.1,89.13,6
1790135640,89.14,89.28,89.14,89.23,188
1790135700,89.23,89.26,89.22,89.25,38
1790135760,89.25,89.35,89.25,89.31,121
1790135820,89.32,89.35,89.31,89.32,83
1790135880,89.31,89.35,89.29,89.35,51
1790135940,89.34,89.36,89.31,89.36,45
1790136000,89.36,89.4,89.36,89.38,70
1790136060,89.38,89.38,89.27,89.28,48
1790136120,89.28,89.3,89.25,89.25,25
1790136180,89.25,89.25,89.15,89.15,108
1790136240,89.14,89.15,89.1,89.1,64
1790136300,89.1,89.12,89,89.03,273
1790136360,89.04,89.04,88.95,89,184
1790136420,89.01,89.07,88.98,89.05,96
1790136480,89.05,89.1,89.05,89.06,56
1790136540,89.06,89.17,89.05,89.15,94
1790136600,89.15,89.18,89.15,89.17,36
1790136660,89.18,89.2,89.13,89.13,84
1790136720,89.14,89.14,89.07,89.11,69
1790136780,89.12,89.16,89.1,89.12,38
1790136840,89.1,89.1,88.98,88.98,92
1790136900,88.99,89,88.97,89,48
1790136960,88.98,88.99,88.95,88.99,40
1790137020,88.99,88.99,88.95,88.98,18
1790137080,88.97,89.03,88.97,89.02,90
1790137140,89.02,89.03,88.99,89.01,44
1790137200,89,89.06,88.98,89.06,81
1790137260,89.05,89.06,88.98,89.01,102
1790137320,89.02,89.03,88.95,88.97,47
1790137380,88.96,88.97,88.93,88.94,44
1790137440,88.95,89,88.94,89,11
1790137500,88.99,89.02,88.93,88.94,42
1790137560,88.94,88.98,88.93,88.97,69
1790137620,88.98,88.99,88.96,88.97,19
1790137680,88.97,89.02,88.96,89.01,33
1790137740,88.99,88.99,88.97,88.97,12
1790137800,88.98,89.01,88.98,89.01,35
1790137860,89.02,89.02,88.99,89.01,29
1790137920,89,89.07,89,89.07,37
1790137980,89.05,89.05,89.01,89.01,25
1790138040,89.01,89.02,88.99,88.99,33
1790138100,88.99,88.99,88.93,88.97,34
1790138160,88.98,88.98,88.93,88.96,37
1790138220,88.95,89.03,88.95,89.02,34
1790138280,89.03,89.06,89,89.01,23
1790138340,89.01,89.01,88.99,88.99,20
1790138400,88.98,89,88.98,88.99,12
1790138460,88.99,88.99,88.96,88.96,48
1790138520,88.97,89,88.97,89,10
1790138580,89,89.02,88.95,88.98,38
1790138640,88.98,89,88.98,89,11
1790138700,89,89,88.85,88.96,168
1790138760,88.97,88.97,88.93,88.94,38
1790138820,88.94,88.96,88.91,88.92,44
1790138880,88.92,88.97,88.92,88.96,46
1790138940,88.96,88.96,88.93,88.93,20
1790139000,88.93,88.93,88.84,88.85,109
1790139060,88.86,88.88,88.76,88.76,150
1790139120,88.79,88.82,88.75,88.8,101
1790139180,88.8,88.81,88.76,88.81,60
1790139240,88.8,88.84,88.78,88.79,40
1790139300,88.81,88.84,88.78,88.81,50
1790139360,88.82,88.82,88.71,88.78,140
1790139420,88.79,88.83,88.77,88.83,66
1790139480,88.83,88.86,88.81,88.84,37
1790139540,88.85,88.91,88.85,88.91,69
1790139600,88.92,88.94,88.85,88.94,65
1790139660,88.95,89.04,88.93,89.03,106
1790139720,89.02,89.14,89.02,89.12,197
1790139780,89.12,89.26,89.11,89.22,265
1790139840,89.23,89.25,89.17,89.22,61
1790139900,89.22,89.27,89.21,89.24,64
1790139960,89.25,89.29,89.25,89.26,37
1790140020,89.26,89.29,89.14,89.18,109
1790140080,89.18,89.2,89.14,89.19,48
1790140140,89.19,89.23,89.18,89.21,27
1790140200,89.21,89.25,89.18,89.2,61
1790140260,89.2,89.2,89.16,89.17,28
1790140320,89.16,89.16,89.15,89.16,25
1790140380,89.16,89.19,89.16,89.16,23
1790140440,89.18,89.21,89.16,89.21,19
1790140500,89.2,89.22,89.18,89.19,16
1790140560,89.23,89.24,89.22,89.22,10
1790140620,89.21,89.27,89.21,89.27,56
1790140680,89.25,89.25,89.22,89.23,11
1790140740,89.24,89.25,89.23,89.23,14
1790140800,89.22,89.22,89.14,89.14,27
1790140860,89.14,89.14,89.09,89.09,41
1790140920,89.11,89.15,89.08,89.11,53
1790140980,89.13,89.16,89.13,89.15,27
1790141040,89.16,89.31,89.16,89.28,86
1790141100,89.29,89.34,89.28,89.28,92
1790141160,89.31,89.35,89.3,89.35,61
1790141220,89.34,89.34,89.29,89.3,28
1790141280,89.29,89.34,89.29,89.32,64
1790141340,89.32,89.34,89.3,89.31,42
1790141400,89.28,89.49,89.28,89.44,265
1790141460,89.45,89.53,89.43,89.52,185
1790141520,89.53,89.55,89.42,89.46,142
1790141580,89.47,89.48,89.42,89.48,37
1790141640,89.49,89.53,89.49,89.52,36
1790141700,89.51,89.55,89.5,89.52,66
1790141760,89.51,89.53,89.44,89.47,71
1790141820,89.45,89.55,89.45,89.48,62
1790141880,89.49,89.55,89.49,89.52,12
1790141940,89.52,89.57,89.5,89.54,57
1790142000,89.52,89.55,89.45,89.46,52
1790142060,89.44,89.44,89.21,89.24,162
1790142120,89.26,89.32,89.24,89.3,43
1790142180,89.32,89.33,89.27,89.29,18
1790142240,89.28,89.33,89.28,89.31,45
1790142300,89.3,89.34,89.28,89.32,35
1790142360,89.32,89.36,89.32,89.36,25
1790142420,89.37,89.38,89.33,89.37,29
1790142480,89.36,89.4,89.35,89.38,18
1790142540,89.37,89.47,89.36,89.43,57
1790142600,89.43,89.43,89.37,89.43,160
1790142660,89.42,89.48,89.38,89.45,21
1790142720,89.44,89.44,89.37,89.38,14
1790142780,89.39,89.4,89.37,89.4,6
1790142840,89.38,89.4,89.38,89.39,6
1790142900,89.4,89.43,89.37,89.37,28
1790142960,89.36,89.36,89.25,89.31,64
1790143020,89.32,89.35,89.3,89.32,35
1790143080,89.31,89.32,89.29,89.31,15
1790143140,89.31,89.35,89.29,89.31,19
1790143200,89.29,89.29,89.12,89.2,111
1790143260,89.18,89.24,89.18,89.23,40
1790143320,89.21,89.26,89.13,89.16,122
1790143380,89.15,89.18,89.15,89.17,26
1790143440,89.18,89.29,89.17,89.27,106
1790143500,89.27,89.28,89.16,89.17,89
1790143560,89.17,89.21,89.12,89.13,42
1790143620,89.13,89.16,89.08,89.13,89
1790143680,89.13,89.24,89.13,89.2,114
1790143740,89.18,89.27,89.18,89.27,39
1790143800,89.24,89.31,89.21,89.29,72
1790143860,89.31,89.36,89.28,89.33,62
1790143920,89.32,89.37,89.3,89.37,46
1790143980,89.37,89.39,89.24,89.26,99
1790144040,89.25,89.29,89.24,89.27,37
1790144100,89.3,89.35,89.29,89.31,67
1790144160,89.32,89.32,89.2,89.21,42
1790144220,89.22,89.31,89.22,89.3,36
1790144280,89.31,89.34,89.27,89.31,68
1790144340,89.29,89.3,89.27,89.28,28
1790144400,89.26,89.3,89.25,89.27,22
1790144460,89.26,89.53,89.26,89.49,309
1790144520,89.47,89.51,89.29,89.35,318
1790144580,89.33,89.41,89.32,89.38,71
1790144640,89.38,89.43,89.36,89.38,83
1790144700,89.37,89.39,89.31,89.39,47
1790144760,89.36,89.37,89.34,89.36,17
1790144820,89.33,89.36,89.3,89.33,18
1790144880,89.32,89.36,89.3,89.36,28
1790144940,89.37,89.45,89.36,89.41,130
1790145000,89.41,89.47,89.37,89.39,63
1790145060,89.4,89.46,89.34,89.35,66
1790145120,89.33,89.35,89.28,89.29,82
1790145180,89.28,89.44,89.27,89.41,178
1790145240,89.41,89.42,89.36,89.36,65
1790145300,89.36,89.39,89.28,89.32,95
1790145360,89.32,89.32,89.26,89.28,46
1790145420,89.27,89.29,89.22,89.28,97
1790145480,89.31,89.33,89.28,89.29,54
1790145540,89.3,89.39,89.26,89.38,62
1790145600,89.38,89.44,89.32,89.32,117
1790145660,89.35,89.36,89.26,89.29,66
1790145720,89.29,89.31,89.19,89.23,76
1790145780,89.24,89.3,89.21,89.3,46
1790145840,89.29,89.31,89.21,89.27,71
1790145900,89.27,89.45,89.27,89.44,131
1790145960,89.43,89.44,89.34,89.34,83
1790146020,89.32,89.36,89.26,89.27,46
1790146080,89.27,89.28,89.24,89.27,37
1790146140,89.24,89.32,89.24,89.32,28
1790146200,89.35,89.38,89.31,89.37,42
1790146260,89.35,89.36,89.3,89.35,40
1790146320,89.34,89.38,89.32,89.34,69
1790146380,89.36,89.43,89.36,89.41,79
1790146440,89.41,89.45,89.4,89.41,63
1790146500,89.41,89.48,89.34,89.39,168
1790146560,89.4,89.42,89.34,89.36,54
1790146620,89.37,89.48,89.37,89.45,44
1790146680,89.46,89.61,89.46,89.61,173
1790146740,89.6,89.61,89.58,89.6,70
1790146800,89.6,89.65,89.51,89.6,231
1790146860,89.61,89.62,89.42,89.44,164
1790146920,89.43,89.54,89.43,89.52,60
1790146980,89.5,89.51,89.36,89.43,136
1790147040,89.44,89.46,89.33,89.37,77
1790147100,89.36,89.36,89.22,89.29,172
1790147160,89.3,89.3,89.21,89.21,147
1790147220,89.23,89.35,89.2,89.3,100
1790147280,89.3,89.32,89.26,89.32,77
1790147340,89.36,89.48,89.36,89.47,114
1790147400,89.48,89.54,89.47,89.48,115
1790147460,89.48,89.49,89.42,89.46,83
1790147520,89.47,89.54,89.45,89.49,82
1790147580,89.49,89.58,89.46,89.56,104
1790147640,89.56,89.62,89.48,89.51,152
1790147700,89.5,89.67,89.5,89.62,274
1790147760,89.62,89.68,89.58,89.65,177
1790147820,89.64,89.8,89.64,89.8,310
1790147880,89.78,89.83,89.74,89.75,198
1790147940,89.74,89.75,89.68,89.72,177
1790148000,89.72,89.76,89.68,89.69,108
1790148060,89.69,89.76,89.69,89.72,89
1790148120,89.72,89.81,89.72,89.81,159
1790148180,89.81,89.96,89.81,89.91,261
1790148240,89.92,90.03,89.9,90,239
1790148300,90,90.09,89.97,89.97,246
1790148360,89.97,89.99,89.94,89.97,176
1790148420,89.96,89.97,89.81,89.86,242
1790148480,89.85,89.85,89.71,89.8,283
1790148540,89.8,89.81,89.72,89.72,125
1790148600,89.73,89.82,89.67,89.75,138
1790148660,89.75,89.75,89.61,89.63,160
1790148720,89.65,89.72,89.62,89.68,97
1790148780,89.67,89.7,89.6,89.64,107
1790148840,89.64,89.66,89.62,89.64,22
1790148900,89.65,89.74,89.64,89.7,95
1790148960,89.7,89.77,89.67,89.76,68
1790149020,89.76,89.79,89.7,89.72,81
1790149080,89.73,89.87,89.72,89.87,81
1790149140,89.87,89.88,89.78,89.86,152
1790149200,89.86,89.86,89.77,89.77,124
1790149260,89.77,89.85,89.74,89.75,133
1790149320,89.76,89.77,89.72,89.73,40
1790149380,89.75,89.76,89.68,89.69,45
1790149440,89.7,89.7,89.62,89.66,75
1790149500,89.65,89.75,89.64,89.73,56
1790149560,89.73,89.8,89.72,89.8,70
1790149620,89.81,89.95,89.8,89.92,182
1790149680,89.92,89.95,89.9,89.91,114
1790149740,89.89,89.9,89.79,89.82,76
1790149800,89.82,89.85,89.8,89.8,78
1790149860,89.81,89.82,89.78,89.81,60
1790149920,89.82,89.87,89.78,89.8,120
1790149980,89.8,89.92,89.8,89.9,86
1790150040,89.9,89.93,89.82,89.88,83
1790150100,89.86,89.94,89.83,89.86,104
1790150160,89.86,89.86,89.72,89.72,85
1790150220,89.71,89.73,89.59,89.59,230
1790150280,89.6,89.61,89.52,89.59,136
1790150340,89.57,89.58,89.51,89.53,99
1790150400,89.54,89.71,89.53,89.68,242
1790150460,89.68,89.77,89.64,89.76,127
1790150520,89.74,89.85,89.74,89.81,105
1790150580,89.8,90.04,89.79,90.01,371
1790150640,90,90.01,89.92,89.95,121
1790150700,89.96,90.03,89.93,89.95,82
1790150760,89.93,89.93,89.88,89.93,57
1790150820,89.91,89.94,89.86,89.93,68
1790150880,89.94,90.07,89.91,90.02,115
1790150940,90.03,90.08,90.02,90.05,69
1790151000,90.05,90.05,90.01,90.02,48
1790151060,90.02,90.11,89.97,90.1,197
1790151120,90.09,90.11,90.03,90.03,57
1790151180,90.02,90.02,89.93,89.95,94
1790151240,89.96,90.01,89.95,89.97,93
1790151300,89.98,90.02,89.96,89.99,54
1790151360,89.98,90.13,89.98,90.06,134
1790151420,90.08,90.15,90.05,90.15,160
1790151480,90.16,90.22,90.03,90.06,128
1790151540,90.06,90.14,90.06,90.08,70
1790151600,90.09,90.12,90.05,90.09,81
1790151660,90.09,90.1,90.02,90.05,68
1790151720,90.04,90.08,90.03,90.06,56
1790151780,90.07,90.09,90.05,90.06,60
1790151840,90.06,90.13,90.03,90.12,89
1790151900,90.13,90.19,90.12,90.16,303
1790151960,90.17,90.28,90.16,90.22,306
1790152020,90.23,90.24,90.16,90.22,142
1790152080,90.21,90.22,90.14,90.16,228
1790152140,90.18,90.32,90.18,90.31,652
1790152200,90.31,90.35,90.22,90.28,290
1790152260,90.29,90.36,90.26,90.36,152
1790152320,90.36,90.36,90.27,90.36,116
1790152380,90.33,90.33,90.29,90.32,51
1790152440,90.31,90.34,90.27,90.29,96
1790152500,90.29,90.31,90.24,90.31,80
1790152560,90.32,90.33,90.27,90.3,79
1790152620,90.3,90.48,90.29,90.47,526
1790152680,90.47,90.52,90.4,90.42,273
1790152740,90.41,90.43,90.37,90.4,83
1790152800,90.39,90.44,90.29,90.3,223
1790152860,90.29,90.29,90.18,90.18,197
1790152920,90.19,90.22,90.18,90.18,95
1790152980,90.18,90.22,90.16,90.21,51
1790153040,90.2,90.2,90.12,90.17,128
1790153100,90.15,90.18,90.12,90.13,123
1790153160,90.12,90.14,90.01,90.05,228
1790153220,90.06,90.12,90.06,90.07,120
1790153280,90.08,90.14,90.08,90.12,56
1790153340,90.12,90.12,90.03,90.05,75
1790153400,90.04,90.1,90.03,90.08,97
1790153460,90.08,90.14,90.06,90.11,74
1790153520,90.1,90.1,90,90,107
1790153580,90.03,90.07,90.03,90.03,79
1790153640,90.03,90.04,89.97,90.04,129
1790153700,90.03,90.06,90.02,90.04,60
1790153760,90.03,90.05,90,90.03,123
1790153820,90.03,90.03,89.82,89.9,314
1790153880,89.9,89.93,89.87,89.89,64
1790153940,89.89,89.93,89.87,89.93,60
1790154000,89.94,89.96,89.83,89.94,112
1790154060,89.95,89.97,89.9,89.94,85
1790154120,89.93,90.01,89.93,89.94,98
1790154180,89.95,90.06,89.95,90.02,71
1790154240,90.03,90.13,90.03,90.1,141
1790154300,90.11,90.15,90.03,90.13,98
1790154360,90.15,90.15,90.04,90.08,75
1790154420,90.09,90.13,90.07,90.07,39
1790154480,90.05,90.08,89.99,89.99,81
1790154540,89.99,90.05,89.98,90.03,25
1790154600,90.03,90.14,90.03,90.14,37
1790154660,90.13,90.23,90.11,90.2,164
1790154720,90.18,90.18,90.08,90.17,131
1790154780,90.16,90.19,90.13,90.18,65
1790154840,90.13,90.13,90.05,90.07,77
1790154900,90.08,90.15,90.08,90.13,45
1790154960,90.15,90.15,89.93,89.93,145
1790155020,89.94,90.06,89.89,89.92,97
1790155080,89.91,89.96,89.87,89.9,81
1790155140,89.9,89.94,89.88,89.91,82
1790155200,89.92,89.92,89.83,89.87,123
1790155260,89.87,89.89,89.84,89.88,85
1790155320,89.87,89.88,89.83,89.86,41
1790155380,89.85,89.85,89.78,89.81,63
1790155440,89.82,89.86,89.79,89.84,80
1790155500,89.85,89.86,89.8,89.84,67
1790155560,89.83,89.86,89.78,89.86,96
1790155620,89.88,89.9,89.82,89.9,114
1790155680,89.9,89.93,89.84,89.89,138
1790155740,89.89,89.98,89.85,89.98,129
1790155800,89.96,90.02,89.93,89.93,130
1790155860,89.92,89.92,89.84,89.85,92
1790155920,89.86,90.05,89.86,90.05,93
1790155980,90.07,90.12,90.03,90.03,156
1790156040,90.02,90.13,90.02,90.12,102
1790156100,90.11,90.14,90.09,90.14,36
1790156160,90.14,90.14,90.06,90.1,112
1790156220,90.1,90.15,90.08,90.12,67
1790156280,90.13,90.14,90.03,90.03,73
1790156340,90.04,90.14,90.01,90.12,90
1790156400,90.12,90.16,90.11,90.13,50
1790156460,90.13,90.14,90.07,90.09,51
1790156520,90.1,90.14,90.01,90.01,66
1790156580,90,90.03,89.97,90.02,85
1790156640,90.01,90.05,90.01,90.04,35
1790156700,90.04,90.19,90.04,90.18,155
1790156760,90.18,90.27,90.18,90.24,134
1790156820,90.24,90.34,90.24,90.3,166
1790156880,90.31,90.36,90.31,90.31,77
1790156940,90.3,90.31,90.23,90.23,69
1790157000,90.22,90.22,90.14,90.19,68
1790157060,90.19,90.2,90.13,90.16,105
1790157120,90.16,90.2,90.14,90.16,83
1790157180,90.17,90.24,90.17,90.23,53
1790157240,90.23,90.23,90.15,90.16,56
1790157300,90.19,90.2,90.13,90.16,37
1790157360,90.15,90.17,90.09,90.12,83
1790157420,90.11,90.15,90.02,90.04,142
1790157480,90.04,90.04,90,90.03,58
1790157540,90.03,90.06,90.02,90.03,41
1790157600,90.02,90.06,89.98,90.03,148
1790157660,90.03,90.07,89.97,89.98,106
1790157720,89.98,90,89.86,89.88,251
1790157780,89.88,89.9,89.81,89.83,102
1790157840,89.83,89.87,89.77,89.87,184
1790157900,89.86,89.89,89.8,89.81,68
1790157960,89.8,89.84,89.71,89.71,102
1790158020,89.71,89.73,89.65,89.69,176
1790158080,89.69,89.77,89.69,89.74,155
1790158140,89.73,89.82,89.72,89.81,164
1790158200,89.81,89.82,89.78,89.8,67
1790158260,89.79,89.8,89.69,89.7,77
1790158320,89.71,89.75,89.66,89.72,100
1790158380,89.72,89.76,89.71,89.72,85
1790158440,89.69,89.71,89.64,89.65,116
1790158500,89.64,89.66,89.58,89.59,155
1790158560,89.59,89.63,89.56,89.63,94
1790158620,89.63,89.65,89.6,89.63,45
1790158680,89.62,89.63,89.55,89.58,86
1790158740,89.57,89.57,89.45,89.48,290
1790158800,89.46,89.57,89.46,89.56,83
1790158860,89.57,89.64,89.54,89.62,103
1790158920,89.64,89.66,89.6,89.62,72
1790158980,89.62,89.63,89.52,89.54,93
1790159040,89.54,89.55,89.51,89.52,49
1790159100,89.52,89.55,89.51,89.55,50
1790159160,89.54,89.57,89.48,89.5,139
1790159220,89.5,89.52,89.44,89.52,120
1790159280,89.52,89.55,89.52,89.54,37
1790159340,89.52,89.53,89.5,89.51,41
1790159400,89.51,89.54,89.48,89.54,80
1790159460,89.54,89.69,89.54,89.66,411
1790159520,89.66,89.7,89.62,89.64,264
1790159580,89.64,89.65,89.6,89.64,98
1790159640,89.64,89.79,89.64,89.77,373
1790159700,89.77,89.79,89.75,89.78,90
1790159760,89.78,89.78,89.69,89.71,85
1790159820,89.71,89.76,89.71,89.72,114
1790159880,89.72,89.72,89.65,89.68,86
1790159940,89.68,89.68,89.61,89.65,55
1790160000,89.66,89.69,89.62,89.67,108
1790160060,89.66,89.7,89.65,89.65,53
1790160120,89.64,89.76,89.63,89.76,143
1790160180,89.75,89.89,89.71,89.85,141
1790160240,89.83,89.85,89.79,89.8,48
1790160300,89.82,90.03,89.82,89.97,216
1790160360,89.98,89.99,89.89,89.9,79
1790160420,89.9,89.92,89.88,89.91,58
1790160480,89.92,89.92,89.84,89.92,68
1790160540,89.91,89.98,89.9,89.9,162
1790160600,89.89,89.97,89.82,89.97,132
1790160660,89.98,89.98,89.9,89.91,98
1790160720,89.91,89.93,89.85,89.85,57
1790160780,89.85,89.87,89.83,89.84,29
1790160840,89.84,89.89,89.81,89.85,80
1790160900,89.86,89.9,89.8,89.82,81
1790160960,89.83,89.9,89.82,89.88,76
1790161020,89.89,89.91,89.82,89.9,110
1790161080,89.89,89.92,89.88,89.9,51
1790161140,89.9,89.94,89.86,89.9,59
1790161200,89.9,89.98,89.9,89.93,96
1790161260,89.93,89.95,89.9,89.93,117
1790161320,89.96,90.02,89.95,90,96
1790161380,90.01,90.09,89.99,90.02,202
1790161440,90.03,90.09,89.99,90,128
1790161500,90,90.01,89.97,89.99,45
1790161560,90.01,90.01,89.92,89.99,86
1790161620,89.98,89.99,89.93,89.95,187
1790161680,89.94,89.95,89.83,89.85,387
1790161740,89.86,89.89,89.85,89.89,190
1790161800,89.88,89.92,89.85,89.91,199
1790161860,89.91,89.94,89.85,89.88,190
1790161920,89.87,90.05,89.86,90.04,241
1790161980,90.05,90.07,90,90.06,111
1790162040,90.05,90.21,90.05,90.18,264
1790162100,90.17,90.24,90.13,90.2,250
1790162160,90.21,90.21,90.12,90.18,196
1790162220,90.17,90.27,90.17,90.19,147
1790162280,90.18,90.19,90.08,90.11,111
1790162340,90.1,90.18,90.1,90.14,137
1790162400,90.14,90.21,90.12,90.2,154
1790162460,90.2,90.23,90.19,90.21,48
1790162520,90.21,90.23,90.2,90.22,69
1790162580,90.22,90.39,90.22,90.34,222
1790162640,90.34,90.35,90.3,90.32,78
1790162700,90.32,90.44,90.27,90.43,301
1790162760,90.43,90.54,90.41,90.54,311
1790162820,90.55,90.66,90.49,90.62,390
1790162880,90.63,90.73,90.57,90.59,316
1790162940,90.6,90.63,90.55,90.59,176
1790163000,90.58,90.59,90.52,90.55,175
1790163060,90.55,90.66,90.53,90.66,212
1790163120,90.65,90.75,90.65,90.74,219
1790163180,90.74,90.79,90.69,90.75,266
1790163240,90.74,90.82,90.7,90.79,306
1790163300,90.8,90.9,90.77,90.88,564
1790163360,90.88,90.89,90.76,90.86,311
1790163420,90.86,90.9,90.83,90.85,163
1790163480,90.86,91,90.83,90.97,483
1790163540,90.95,90.96,90.81,90.84,330
1790163600,90.83,90.93,90.78,90.88,307
1790163660,90.87,90.88,90.8,90.85,141
1790163720,90.85,90.93,90.84,90.88,150
1790163780,90.88,90.9,90.79,90.82,78
1790163840,90.81,90.83,90.72,90.74,202
1790163900,90.74,90.76,90.68,90.68,162
1790163960,90.68,90.68,90.59,90.61,262
1790164020,90.61,90.62,90.56,90.57,243
1790164080,90.57,90.76,90.55,90.62,470
1790164140,90.62,90.62,90.5,90.53,314
1790164200,90.54,90.63,90.54,90.58,239
1790164260,90.58,90.59,90.5,90.56,171
1790164320,90.57,90.64,90.5,90.62,197
1790164380,90.62,90.65,90.56,90.64,110
1790164440,90.63,90.63,90.55,90.58,126
1790164500,90.58,90.64,90.57,90.61,100
1790164560,90.62,90.71,90.62,90.68,224
1790164620,90.67,90.71,90.65,90.68,151
1790164680,90.68,90.76,90.66,90.76,163
1790164740,90.76,90.76,90.71,90.72,106
1790164800,90.72,90.73,90.58,90.64,245
1790164860,90.64,90.67,90.57,90.59,221
1790164920,90.6,90.7,90.53,90.68,144
1790164980,90.67,90.68,90.54,90.54,138
1790165040,90.53,90.62,90.52,90.57,138
1790165100,90.56,90.63,90.55,90.61,111
1790165160,90.61,90.64,90.56,90.59,122
1790165220,90.59,90.68,90.58,90.66,81
1790165280,90.66,90.68,90.57,90.68,85
1790165340,90.67,90.69,90.63,90.64,110
1790165400,90.63,90.67,90.61,90.64,68
1790165460,90.64,90.66,90.6,90.65,147
1790165520,90.65,90.67,90.59,90.65,71
1790165580,90.65,90.71,90.62,90.64,184
1790165640,90.64,90.66,90.59,90.61,137
1790165700,90.6,90.65,90.59,90.64,94
1790165760,90.64,90.65,90.59,90.63,83
1790165820,90.63,90.65,90.59,90.63,94
1790165880,90.63,90.65,90.59,90.59,156
1790165940,90.6,90.62,90.5,90.61,323
1790166000,90.61,90.73,90.61,90.67,199
1790166060,90.66,90.74,90.65,90.72,108
1790166120,90.74,90.75,90.62,90.64,176
1790166180,90.62,90.77,90.62,90.76,92
1790166240,90.74,90.85,90.72,90.77,244
1790166300,90.76,90.84,90.74,90.79,135
1790166360,90.79,90.81,90.76,90.79,113
1790166420,90.8,90.83,90.71,90.76,281
1790166480,90.75,90.76,90.65,90.65,312
1790166540,90.67,90.67,90.55,90.59,161
1790166600,90.6,90.61,90.53,90.55,280
1790166660,90.55,90.61,90.51,90.61,208
1790166720,90.6,90.68,90.58,90.64,160
1790166780,90.64,90.68,90.56,90.65,146
1790166840,90.66,90.71,90.64,90.66,142
1790166900,90.66,90.79,90.66,90.77,121
1790166960,90.76,90.76,90.69,90.75,103
1790167020,90.73,90.92,90.72,90.87,212
1790167080,90.87,90.88,90.8,90.81,144
1790167140,90.83,90.93,90.79,90.85,221
1790167200,90.85,90.89,90.84,90.88,153
1790167260,90.9,90.9,90.83,90.9,117
1790167320,90.9,90.98,90.9,90.96,147
1790167380,90.96,90.96,90.88,90.94,217
1790167440,90.95,91.01,90.93,90.96,270
1790167500,90.95,90.99,90.9,90.93,135
1790167560,90.92,90.95,90.87,90.93,175
1790167620,90.94,90.94,90.89,90.92,117
1790167680,90.91,91.08,90.91,91.07,238
1790167740,91.07,91.12,91.07,91.11,305
1790167800,91.12,91.13,91.09,91.11,249
1790167860,91.11,91.15,91.05,91.14,202
1790167920,91.14,91.23,91.12,91.13,477
1790167980,91.14,91.26,91.12,91.15,466
1790168040,91.16,91.17,91.1,91.15,177
1790168100,91.13,91.21,91.12,91.14,224
1790168160,91.14,91.17,91.09,91.12,174
1790168220,91.13,91.25,91.12,91.22,299
1790168280,91.22,91.25,91.12,91.16,484
1790168340,91.17,91.18,91.06,91.07,169
1790168400,91.06,91.36,91.06,91.28,1165
1790168460,91.26,91.3,91.15,91.21,530
1790168520,91.21,91.24,91.15,91.18,323
1790168580,91.17,91.27,91.08,91.11,509
1790168640,91.12,91.16,91.04,91.04,268
1790168700,91.04,91.07,91.01,91.04,340
1790168760,91.04,91.09,91.01,91.06,269
1790168820,91.05,91.18,91.02,91.1,249
1790168880,91.1,91.17,91.04,91.04,176
1790168940,91.05,91.11,91.03,91.07,248
1790169000,91.07,91.22,91.01,91.17,621
1790169060,91.15,91.19,91.1,91.12,228
1790169120,91.12,91.14,90.98,90.99,199
1790169180,91,91.1,90.98,91.05,430
1790169240,91.05,91.09,91,91.04,293
1790169300,91.03,91.03,90.86,90.9,499
1790169360,90.9,90.98,90.84,90.95,387
1790169420,90.95,91.03,90.89,90.89,375
1790169480,90.9,91.01,90.88,91,331
1790169540,91,91.01,90.92,90.92,186
1790169600,90.92,90.94,90.85,90.91,157
1790169660,90.91,90.95,90.83,90.92,377
1790169720,90.92,90.92,90.85,90.89,142
1790169780,90.88,90.89,90.8,90.87,222
1790169840,90.86,91.17,90.71,91.14,2988
1790169900,91.14,91.27,91.07,91.2,717
1790169960,91.2,91.28,91.12,91.12,593
1790170020,91.11,91.15,90.99,91.13,444
1790170080,91.13,91.38,91.08,91.34,659
1790170140,91.35,91.43,91.25,91.28,583
1790170200,91.28,91.35,91.07,91.28,655
1790170260,91.27,91.3,91.19,91.21,273
1790170320,91.21,91.28,91.15,91.21,304
1790170380,91.21,91.33,91.2,91.27,255
1790170440,91.27,91.28,91.06,91.08,310
1790170500,91.08,91.4,91.08,91.22,948
1790170560,91.21,91.24,91.13,91.2,301
1790170620,91.2,91.33,91.19,91.29,204
1790170680,91.29,91.38,91.22,91.3,293
1790170740,91.31,91.42,91.31,91.37,326
1790170800,91.37,91.44,91.31,91.4,384
1790170860,91.4,91.55,91.4,91.5,811
1790170920,91.49,91.61,91.47,91.6,503
1790170980,91.59,91.61,91.51,91.54,393
1790171040,91.54,91.6,91.46,91.6,354
1790171100,91.61,91.79,91.61,91.74,801
1790171160,91.74,91.78,91.67,91.72,542
1790171220,91.72,91.9,91.7,91.87,657
1790171280,91.87,91.93,91.86,91.93,580
1790171340,91.92,92.01,91.92,91.99,691
1790171400,92,92.03,91.92,91.98,631
1790171460,91.98,92.03,91.95,91.95,565
1790171520,91.96,92.04,91.94,91.99,608
1790171580,92.01,92.03,91.94,91.99,481
1790171640,92,92.09,91.9,92.03,895
1790171700,92.03,92.12,91.94,92.05,1168
1790171760,92.05,92.11,92.02,92.03,402
1790171820,92.04,92.05,91.97,91.99,355
1790171880,91.99,92,91.88,91.95,570
1790171940,91.95,91.99,91.88,91.98,385
1790172000,91.98,91.99,91.82,91.85,430
1790172060,91.85,91.88,91.82,91.87,474
1790172120,91.88,91.95,91.85,91.91,311
1790172180,91.9,91.92,91.8,91.84,290
1790172240,91.83,91.86,91.79,91.83,146
1790172300,91.82,91.89,91.8,91.84,172
1790172360,91.83,91.84,91.61,91.66,455
1790172420,91.65,91.67,91.58,91.59,352
1790172480,91.59,91.66,91.56,91.6,360
1790172540,91.6,91.6,91.53,91.54,293
1790172600,91.56,91.76,91.55,91.73,1071
1790172660,91.73,91.97,91.71,91.83,974
1790172720,91.84,91.89,91.81,91.88,404
1790172780,91.9,92,91.9,91.98,490
1790172840,91.98,92.15,91.91,92.01,472
1790172900,92.02,92.12,91.9,91.9,532
1790172960,91.91,91.97,91.75,91.78,694
1790173020,91.77,91.91,91.71,91.84,672
1790173080,91.83,91.93,91.81,91.9,255
1790173140,91.91,92.02,91.89,91.97,471
1790173200,91.97,91.98,91.84,91.9,321
1790173260,91.91,91.99,91.91,91.99,321
1790173320,91.98,92.06,91.91,91.96,270
1790173380,91.96,91.97,91.84,91.86,194
1790173440,91.88,91.96,91.84,91.84,152
1790173500,91.84,92.08,91.83,92.06,571
1790173560,92.05,92.12,92,92.06,365
1790173620,92.05,92.14,92.01,92.13,523
1790173680,92.13,92.14,92,92.05,214
1790173740,92.04,92.11,91.98,92.1,256
1790173800,92.1,92.1,91.83,91.84,458
1790173860,91.85,91.87,91.74,91.75,581
1790173920,91.76,91.9,91.74,91.87,393
1790173980,91.87,91.92,91.83,91.87,330
1790174040,91.88,91.89,91.81,91.83,193
1790174100,91.83,91.9,91.81,91.81,182
1790174160,91.82,91.86,91.79,91.84,215
1790174220,91.84,91.91,91.53,91.81,1073
1790174280,91.82,91.94,91.68,91.74,504
1790174340,91.72,91.86,91.72,91.83,361
1790174400,91.82,92.06,91.77,92.01,389
1790174460,92.01,92.02,91.92,91.97,303
1790174520,91.96,92.06,91.9,92.02,296
1790174580,92.03,92.06,91.99,92.04,262
1790174640,92.04,92.19,92.03,92.17,574
1790174700,92.17,92.28,92.01,92.06,1096
1790174760,92.07,92.07,92.01,92.04,220
1790174820,92.02,92.06,91.9,91.96,329
1790174880,91.97,92.07,91.88,92.05,375
1790174940,92.06,92.06,91.98,92.04,325
1790175000,92.04,92.13,92.03,92.13,163
1790175060,92.12,92.14,91.63,91.82,1305
1790175120,91.82,91.95,91.71,91.91,587
1790175180,91.91,91.92,91.26,91.34,2290
1790175240,91.36,91.58,91.08,91.33,1475
1790175300,91.34,91.66,91.23,91.38,2007
1790175360,91.39,91.51,91.36,91.47,712
1790175420,91.47,91.56,91.31,91.4,669
1790175480,91.41,91.51,91.41,91.45,271
1790175540,91.44,91.47,91.33,91.41,426
1790175600,91.41,91.51,91.35,91.49,509
1790175660,91.49,91.51,91.41,91.45,274
1790175720,91.45,91.45,91.14,91.18,591
1790175780,91.19,91.27,91.17,91.25,267
1790175840,91.25,91.33,91.22,91.28,414
1790175900,91.27,91.33,91.21,91.27,312
1790175960,91.26,91.31,91.18,91.3,233
1790176020,91.3,91.31,91.18,91.26,169
1790176080,91.24,91.31,91.21,91.29,226
1790176140,91.28,91.37,91.27,91.32,409
1790176200,91.32,91.32,91.18,91.26,275
1790176260,91.25,91.39,91.2,91.36,241
1790176320,91.36,91.47,91.35,91.42,376
1790176380,91.43,91.58,91.4,91.53,558
1790176440,91.53,91.76,91.47,91.75,644
1790176500,91.75,91.81,91.71,91.77,399
1790176560,91.77,91.83,91.74,91.82,345
1790176620,91.8,91.85,91.7,91.71,276
1790176680,91.72,91.72,91.57,91.6,271
1790176740,91.6,91.72,91.55,91.69,358
1790176800,91.69,91.7,91.59,91.64,233
1790176860,91.65,91.71,91.62,91.69,221
1790176920,91.69,91.69,91.64,91.69,99
1790176980,91.68,91.79,91.66,91.74,275
1790177040,91.75,91.84,91.72,91.83,223
1790177100,91.83,91.91,91.82,91.88,365
1790177160,91.88,92.12,91.85,92.07,944
1790177220,92.06,92.22,92.05,92.21,545
1790177280,92.22,92.45,92.22,92.36,1165
1790177340,92.35,92.72,92.33,92.67,2495
1790177400,92.65,92.72,92.47,92.51,1297
1790177460,92.5,92.57,92.43,92.52,582
1790177520,92.52,92.62,92.46,92.59,482
1790177580,92.59,92.68,92.55,92.68,413
1790177640,92.68,92.89,92.68,92.85,1019
1790177700,92.85,92.86,92.72,92.72,434
1790177760,92.73,92.83,92.67,92.73,487
1790177820,92.73,92.79,92.69,92.71,401
1790177880,92.71,92.72,92.6,92.63,383
1790177940,92.64,92.79,92.61,92.76,289
1790178000,92.77,92.79,92.66,92.66,350
1790178060,92.67,92.77,92.6,92.74,549
1790178120,92.74,92.76,92.65,92.67,186
1790178180,92.67,92.68,92.52,92.56,356
1790178240,92.55,92.61,92.51,92.57,390
1790178300,92.56,92.61,92.52,92.54,409
1790178360,92.54,92.59,92.51,92.55,382
1790178420,92.55,92.61,92.55,92.57,355
1790178480,92.56,92.56,92.47,92.51,265
1790178540,92.52,92.52,92.46,92.49,258
1790178600,92.5,92.57,92.44,92.47,396
1790178660,92.46,92.55,92.45,92.55,349
1790178720,92.55,92.6,92.52,92.59,249
1790178780,92.59,92.66,92.58,92.62,358
1790178840,92.62,92.68,92.6,92.67,243
1790178900,92.67,92.7,92.59,92.61,245
1790178960,92.62,92.68,92.57,92.59,328
1790179020,92.6,92.64,92.58,92.63,182
1790179080,92.64,92.66,92.59,92.64,182
1790179140,92.63,92.64,92.57,92.57,146
1790179200,92.56,92.61,92.51,92.58,362
1790179260,92.58,92.6,92.52,92.58,204
1790179320,92.57,92.62,92.55,92.61,90
1790179380,92.6,92.61,92.54,92.55,108
1790179440,92.56,92.62,92.54,92.54,152
1790179500,92.54,92.62,92.54,92.61,83
1790179560,92.6,92.66,92.54,92.58,137
1790179620,92.58,92.62,92.56,92.6,201
1790179680,92.6,92.69,92.6,92.68,150
1790179740,92.67,92.68,92.66,92.68,55
1790179800,92.67,92.75,92.67,92.74,235
1790179860,92.74,92.77,92.7,92.75,257
1790179920,92.75,92.8,92.74,92.79,137
1790179980,92.79,92.79,92.71,92.76,159
1790180040,92.76,92.76,92.66,92.67,161
1790180100,92.67,92.67,92.47,92.5,386
1790180160,92.49,92.51,92.39,92.4,284
1790180220,92.41,92.48,92.4,92.47,101
1790180280,92.47,92.48,92.44,92.46,191
1790180340,92.46,92.47,92.33,92.34,309
1790180400,92.35,92.43,92.34,92.4,437
1790180460,92.39,92.45,92.36,92.38,163
1790180520,92.39,92.47,92.37,92.42,208
1790180580,92.43,92.51,92.43,92.48,280
1790180640,92.48,92.49,92.38,92.4,106
1790180700,92.4,92.47,92.32,92.36,357
1790180760,92.37,92.51,92.37,92.46,246
1790180820,92.45,92.48,92.42,92.48,137
1790180880,92.49,92.5,92.42,92.44,61
1790180940,92.44,92.45,92.42,92.43,56
1790181000,92.43,92.53,92.4,92.52,213
1790181060,92.53,92.54,92.44,92.51,162
1790181120,92.54,92.55,92.5,92.53,189
1790181180,92.52,92.54,92.43,92.46,154
1790181240,92.47,92.51,92.44,92.44,138
1790181300,92.45,92.5,92.45,92.5,81
1790181360,92.51,92.54,92.43,92.43,65
1790181420,92.44,92.45,92.37,92.39,177
1790181480,92.41,92.43,92.38,92.38,149
1790181540,92.39,92.44,92.37,92.41,336
1790181600,92.41,92.41,92.37,92.37,96
1790181660,92.38,92.41,92.36,92.4,93
1790181720,92.4,92.5,92.39,92.48,217
1790181780,92.47,92.47,92.36,92.38,373
1790181840,92.38,92.38,92.34,92.37,106
1790181900,92.37,92.69,92.36,92.44,2293
1790181960,92.44,92.53,92.31,92.45,1015
1790182020,92.43,92.48,92.21,92.27,777
1790182080,92.27,92.33,92.14,92.14,600
1790182140,92.13,92.2,92.07,92.15,561
1790182200,92.14,92.22,91.96,92.05,1675
1790182260,92.05,92.07,91.82,91.89,883
1790182320,91.89,91.94,91.75,91.91,1052
1790182380,91.91,91.91,91.53,91.6,1232
1790182440,91.62,91.71,91.56,91.63,695
1790182500,91.62,91.63,91.46,91.49,1215
1790182560,91.51,91.54,91.41,91.43,546
1790182620,91.43,91.52,91.31,91.51,678
1790182680,91.5,91.61,91.45,91.58,632
1790182740,91.57,91.58,91.45,91.49,350
1790182800,91.49,91.51,91.31,91.33,491
1790182860,91.33,91.41,91.26,91.3,509
1790182920,91.3,91.45,91.29,91.32,643
1790182980,91.32,91.48,91.3,91.44,589
1790183040,91.42,91.58,91.41,91.55,545
1790183100,91.55,91.62,91.51,91.56,534
1790183160,91.56,91.57,91.42,91.47,509
1790183220,91.47,91.54,91.41,91.48,201
1790183280,91.49,91.53,91.44,91.44,249
1790183340,91.44,91.53,91.38,91.5,383
1790183400,91.5,91.54,91.39,91.42,345
1790183460,91.42,91.5,91.41,91.46,242
1790183520,91.46,91.47,91.41,91.41,212
1790183580,91.41,91.47,91.39,91.46,154
1790183640,91.46,91.47,91.35,91.43,277
1790183700,91.43,91.53,91.41,91.5,311
1790183760,91.5,91.5,91.27,91.3,328
1790183820,91.31,91.33,91.18,91.19,363
1790183880,91.18,91.2,90.99,91.07,719
1790183940,91.07,91.13,91.04,91.1,341
1790184000,91.12,91.31,91.11,91.26,435
1790184060,91.25,91.28,91.14,91.26,513
1790184120,91.25,91.26,91.14,91.18,393
1790184180,91.18,91.31,91.15,91.29,266
1790184240,91.28,91.33,91.19,91.2,275
1790184300,91.19,91.26,91.16,91.25,216
1790184360,91.25,91.29,91.23,91.26,242
1790184420,91.26,91.47,91.26,91.46,397
1790184480,91.46,91.53,91.44,91.5,270
1790184540,91.5,91.57,91.5,91.57,229
1790184600,91.57,91.73,91.57,91.65,487
1790184660,91.65,91.83,91.63,91.75,695
1790184720,91.75,91.83,91.74,91.79,232
1790184780,91.78,91.87,91.78,91.86,230
1790184840,91.87,91.87,91.73,91.73,273
1790184900,91.73,91.87,91.7,91.84,181
1790184960,91.84,91.88,91.82,91.83,311
1790185020,91.84,91.94,91.79,91.93,584
1790185080,91.93,91.99,91.9,91.95,572
1790185140,91.95,92.07,91.93,91.99,586
1790185200,91.98,92.15,91.93,92.03,1505
1790185260,92.03,92.21,91.93,92.07,1213
1790185320,92.08,92.26,92.05,92.24,658
1790185380,92.23,92.23,92.11,92.15,538
1790185440,92.16,92.21,91.99,92.06,351
1790185500,92.07,92.1,91.93,91.98,489
1790185560,91.98,91.99,91.81,91.88,498
1790185620,91.88,91.9,91.78,91.84,328
1790185680,91.85,91.93,91.8,91.89,171
1790185740,91.89,91.91,91.75,91.78,243
1790185800,91.78,91.78,91.7,91.77,210
1790185860,91.78,91.8,91.71,91.71,264
1790185920,91.71,91.78,91.71,91.78,186
1790185980,91.79,91.88,91.75,91.86,284
1790186040,91.86,91.87,91.72,91.72,199
1790186100,91.72,91.8,91.68,91.72,246
1790186160,91.71,91.72,91.59,91.63,280
1790186220,91.63,91.69,91.61,91.69,140
1790186280,91.68,91.75,91.64,91.71,224
1790186340,91.7,91.7,91.63,91.66,179
1790186400,91.66,91.94,91.65,91.85,760
1790186460,91.86,91.92,91.78,91.87,390
1790186520,91.88,91.96,91.86,91.92,475
1790186580,91.91,91.96,91.88,91.91,211
1790186640,91.91,91.98,91.88,91.88,220
1790186700,91.89,91.93,91.87,91.89,148
1790186760,91.9,91.96,91.78,91.8,292
1790186820,91.81,91.83,91.76,91.8,192
1790186880,91.79,91.79,91.73,91.78,103
1790186940,91.77,91.77,91.71,91.75,136
1790187000,91.75,91.82,91.75,91.81,195
1790187060,91.8,91.85,91.78,91.79,158
1790187120,91.79,91.9,91.79,91.83,221
1790187180,91.84,91.87,91.8,91.83,132
1790187240,91.83,91.9,91.82,91.87,111
1790187300,91.87,91.89,91.84,91.88,213
1790187360,91.87,91.91,91.81,91.88,199
1790187420,91.89,91.9,91.78,91.82,185
1790187480,91.83,91.84,91.78,91.78,86
1790187540,91.8,91.85,91.74,91.75,128
1790187600,91.74,91.88,91.73,91.88,287
1790187660,91.87,92.01,91.8,91.99,398
1790187720,91.99,92.01,91.92,91.98,343
1790187780,91.98,92.08,91.9,91.98,494
1790187840,91.98,92.05,91.96,92,282
1790187900,92,92.01,91.91,91.93,469
1790187960,91.95,92.06,91.91,92.03,344
1790188020,92.03,92.06,91.97,91.99,464
1790188080,92,92.2,92,92.19,1838
1790188140,92.19,92.27,92.16,92.18,2424
1790188200,92.19,92.49,92.19,92.46,1329
1790188260,92.46,92.47,92.36,92.38,544
1790188320,92.38,92.64,92.38,92.58,545
1790188380,92.59,92.65,92.55,92.63,215
1790188440,92.63,92.68,92.57,92.63,270
1790188500,92.61,92.63,92.56,92.59,213
1790188560,92.6,92.67,92.55,92.57,384
1790188620,92.57,92.74,92.57,92.72,263
1790188680,92.71,92.76,92.68,92.75,254
1790188740,92.76,92.84,92.72,92.83,381
1790188800,92.84,92.88,92.82,92.84,313
1790188860,92.84,92.85,92.72,92.75,179
1790188920,92.74,92.76,92.65,92.65,159
1790188980,92.66,92.68,92.64,92.65,111
1790189040,92.65,92.7,92.63,92.64,195
1790189100,92.65,92.71,92.63,92.68,231
1790189160,92.68,92.72,92.66,92.66,90
1790189220,92.65,92.67,92.54,92.56,262
1790189280,92.56,92.59,92.5,92.54,259
1790189340,92.53,92.61,92.53,92.59,144
1790189400,92.57,92.58,92.5,92.52,146
1790189460,92.53,92.54,92.42,92.44,235
1790189520,92.44,92.44,92.39,92.41,197
1790189580,92.4,92.41,92.34,92.38,177
1790189640,92.39,92.47,92.39,92.44,109
1790189700,92.45,92.45,92.31,92.33,102
1790189760,92.34,92.34,92.28,92.3,110
1790189820,92.31,92.31,92.25,92.28,97
1790189880,92.28,92.31,92.27,92.29,70
1790189940,92.29,92.29,92.25,92.27,76
1790190000,92.29,92.33,92.22,92.22,206
1790190060,92.22,92.23,92.16,92.18,173
1790190120,92.18,92.21,92.15,92.16,280
1790190180,92.16,92.28,92.14,92.23,356
1790190240,92.22,92.28,92.19,92.2,117
1790190300,92.19,92.25,92.18,92.24,116
1790190360,92.23,92.23,92.15,92.19,144
1790190420,92.19,92.3,92.19,92.27,178
1790190480,92.26,92.28,92.22,92.27,60
1790190540,92.28,92.32,92.26,92.28,93
1790190600,92.29,92.3,92.27,92.28,66
1790190660,92.27,92.27,92.22,92.24,48
1790190720,92.22,92.24,92.22,92.24,25
1790190780,92.24,92.27,92.24,92.25,53
1790190840,92.26,92.35,92.25,92.3,99
1790190900,92.31,92.4,92.31,92.39,100
1790190960,92.39,92.43,92.34,92.35,154
1790191020,92.35,92.43,92.35,92.43,140
1790191080,92.41,92.46,92.41,92.44,67
1790191140,92.42,92.44,92.38,92.43,64
1790191200,92.43,92.48,92.41,92.48,83
1790191260,92.48,92.6,92.48,92.56,565
1790191320,92.56,92.57,92.54,92.57,64
1790191380,92.58,92.58,92.52,92.54,75
1790191440,92.55,92.58,92.54,92.58,32
1790191500,92.58,92.59,92.52,92.53,72
1790191560,92.52,92.67,92.5,92.62,253
1790191620,92.62,92.7,92.58,92.69,205
1790191680,92.68,92.78,92.66,92.73,217
1790191740,92.74,92.78,92.74,92.74,155
1790191800,92.75,92.75,92.62,92.67,173
1790191860,92.68,92.69,92.55,92.65,178
1790191920,92.66,92.71,92.65,92.65,85
1790191980,92.64,92.64,92.61,92.63,100
1790192040,92.64,92.64,92.59,92.59,80
1790192100,92.6,92.6,92.54,92.59,140
1790192160,92.59,92.66,92.59,92.63,59
1790192220,92.63,92.68,92.62,92.66,35
1790192280,92.66,92.72,92.66,92.71,20
1790192340,92.7,92.74,92.69,92.74,94
1790192400,92.74,92.74,92.67,92.67,382
1790192460,92.66,92.67,92.59,92.64,109
1790192520,92.64,92.68,92.6,92.63,153
1790192580,92.64,92.65,92.63,92.64,46
1790192640,92.63,92.64,92.59,92.59,87
1790192700,92.61,92.64,92.58,92.58,22
1790192760,92.57,92.57,92.47,92.48,142
1790192820,92.49,92.49,92.45,92.47,81
1790192880,92.49,92.53,92.48,92.52,45
1790192940,92.52,92.52,92.48,92.51,73
1790193000,92.51,92.53,92.45,92.53,113
1790193060,92.51,92.53,92.48,92.52,30
1790193120,92.51,92.53,92.45,92.47,286
1790193180,92.47,92.49,92.46,92.48,40
1790193240,92.49,92.52,92.48,92.51,32
1790193300,92.5,92.58,92.5,92.53,72
1790193360,92.52,92.56,92.49,92.56,40
1790193420,92.55,92.57,92.54,92.57,26
1790193480,92.57,92.57,92.56,92.57,21
1790193540,92.55,92.59,92.55,92.59,72
1790193600,92.58,92.69,92.56,92.66,75
1790193660,92.66,92.68,92.61,92.66,39
1790193720,92.66,92.66,92.63,92.65,95
1790193780,92.66,92.67,92.62,92.63,46
1790193840,92.64,92.64,92.58,92.61,52
1790193900,92.6,92.67,92.57,92.62,138
1790193960,92.63,92.65,92.59,92.6,37
1790194020,92.59,92.61,92.56,92.61,71
1790194080,92.6,92.64,92.6,92.63,66
1790194140,92.63,92.64,92.61,92.63,86
1790194200,92.65,92.67,92.63,92.66,179
1790194260,92.66,92.73,92.64,92.7,155
1790194320,92.7,92.7,92.66,92.68,25
1790194380,92.67,92.73,92.67,92.73,84
1790194440,92.71,92.71,92.7,92.71,27
1790194500,92.69,92.7,92.69,92.7,4
1790194560,92.71,92.8,92.71,92.8,73
1790194620,92.81,92.86,92.81,92.84,66
1790194680,92.84,92.84,92.79,92.79,107
1790194740,92.8,92.8,92.77,92.77,18
1790194800,92.78,92.81,92.77,92.81,31
1790194860,92.82,92.83,92.79,92.83,20
1790194920,92.83,92.85,92.81,92.85,63
1790194980,92.85,92.88,92.83,92.88,47
1790195040,92.89,92.92,92.86,92.86,82
1790195100,92.85,92.89,92.82,92.83,48
1790195160,92.85,92.85,92.81,92.85,26
1790195220,92.83,92.85,92.8,92.81,31
1790195280,92.82,92.82,92.78,92.79,38
1790195340,92.79,92.79,92.76,92.76,18
1790195400,92.77,92.81,92.77,92.81,27
1790195460,92.83,92.83,92.82,92.82,24
1790195520,92.82,92.95,92.82,92.94,120
1790195580,92.95,93.03,92.95,92.97,285
1790195640,92.96,93,92.94,92.98,26
1790195700,92.97,92.99,92.92,92.94,23
1790195760,92.94,93,92.94,92.99,64
1790195820,93,93.02,92.97,92.97,30
1790195880,92.96,92.97,92.93,92.93,15
1790195940,92.95,92.96,92.95,92.96,9
1790196000,92.96,92.96,92.88,92.88,33
1790196060,92.9,92.95,92.88,92.94,57
1790196120,92.97,93.06,92.96,93.02,65
1790196180,92.99,93.01,92.93,92.93,18
1790196240,92.96,92.98,92.9,92.92,55
1790196300,92.91,92.93,92.88,92.88,34
1790196360,92.89,92.92,92.88,92.88,46
1790196420,92.89,92.92,92.76,92.82,301
1790196480,92.82,92.85,92.82,92.82,72
1790196540,92.81,92.81,92.74,92.75,37
1790196600,92.75,92.79,92.68,92.68,72
1790196660,92.72,92.72,92.66,92.66,23
1790196720,92.68,92.75,92.68,92.73,52
1790196780,92.73,92.76,92.7,92.76,25
1790196840,92.76,92.77,92.63,92.68,82
1790196900,92.67,92.73,92.67,92.71,35
1790196960,92.72,92.73,92.66,92.66,22
1790197020,92.67,92.7,92.67,92.68,17
1790197080,92.71,92.71,92.68,92.68,45
1790197140,92.68,92.72,92.67,92.71,76
1790200800,92.72,92.79,92.66,92.66,56
1790200860,92.68,92.73,92.66,92.67,54
1790200920,92.66,92.69,92.63,92.66,50
1790200980,92.66,92.72,92.66,92.68,41
1790201040,92.7,92.72,92.68,92.68,19
1790201100,92.67,92.73,92.67,92.73,20
1790201160,92.72,92.73,92.7,92.7,22
1790201220,92.7,92.72,92.7,92.7,6
1790201280,92.69,92.7,92.68,92.68,5
1790201340,92.67,92.67,92.66,92.66,5
1790201400,92.66,92.67,92.66,92.66,30
1790201460,92.65,92.68,92.65,92.67,12
1790201520,92.67,92.68,92.66,92.68,19
1790201580,92.68,92.73,92.67,92.72,90
1790201640,92.7,92.7,92.69,92.69,2
1790201700,92.69,92.69,92.69,92.69,2
1790201760,92.68,92.7,92.68,92.68,9
1790201820,92.68,92.69,92.66,92.67,29
1790201880,92.66,92.66,92.65,92.65,17
1790201940,92.66,92.66,92.64,92.65,16
1790202000,92.65,92.66,92.64,92.65,10
1790202060,92.64,92.65,92.64,92.65,5
1790202120,92.66,92.66,92.66,92.66,5
1790202180,92.66,92.67,92.64,92.64,20
1790202240,92.66,92.66,92.66,92.66,1
1790202300,92.65,92.65,92.63,92.64,14
1790202360,92.62,92.62,92.61,92.61,8
1790202420,92.63,92.63,92.59,92.61,14
1790202480,92.62,92.65,92.62,92.65,17
1790202540,92.64,92.64,92.6,92.6,25
1790202600,92.6,92.62,92.59,92.59,33
1790202660,92.58,92.59,92.58,92.59,3
1790202720,92.59,92.59,92.57,92.57,6
1790202780,92.57,92.57,92.5,92.52,52
1790202840,92.52,92.52,92.45,92.46,25
1790202900,92.47,92.48,92.44,92.44,38
1790202960,92.46,92.47,92.45,92.47,8
1790203020,92.47,92.47,92.44,92.45,18
1790203080,92.44,92.45,92.41,92.42,69
1790203140,92.41,92.42,92.37,92.41,45
1790203200,92.43,92.43,92.42,92.42,11
1790203260,92.41,92.42,92.4,92.4,10
1790203320,92.41,92.41,92.39,92.39,9
1790203380,92.4,92.43,92.4,92.43,7
1790203440,92.42,92.42,92.4,92.41,5
1790203500,92.42,92.45,92.42,92.45,6
1790203560,92.45,92.48,92.44,92.46,33
1790203620,92.46,92.46,92.34,92.36,44
1790203680,92.34,92.37,92.32,92.37,30
1790203740,92.36,92.37,92.27,92.29,30
1790203800,92.27,92.28,92.22,92.22,77
1790203860,92.21,92.24,92.16,92.16,87
1790203920,92.15,92.22,92.12,92.22,100
1790203980,92.22,92.29,92.14,92.14,68
1790204040,92.18,92.2,92.17,92.2,7
1790204100,92.2,92.22,92.2,92.21,12
1790204160,92.2,92.27,92.2,92.22,50
1790204220,92.23,92.25,92.22,92.25,13
1790204280,92.25,92.25,92.24,92.24,6
1790204340,92.23,92.23,92.22,92.22,5
1790204400,92.21,92.23,92.2,92.23,8
1790204460,92.24,92.25,92.24,92.25,8
1790204520,92.24,92.24,92.21,92.22,10
1790204580,92.24,92.25,92.24,92.25,3
1790204640,92.26,92.26,92.22,92.22,8
1790204760,92.25,92.25,92.25,92.25,1
1790204820,92.25,92.25,92.25,92.25,1
1790204880,92.26,92.26,92.22,92.23,13
1790204940,92.26,92.26,92.26,92.26,2
1790205000,92.25,92.25,92.24,92.24,4
1790205060,92.22,92.22,92.22,92.22,1
1790205120,92.25,92.25,92.23,92.23,6
1790205180,92.24,92.24,92.24,92.24,3
1790205240,92.24,92.26,92.24,92.25,19
1790205300,92.24,92.26,92.24,92.26,4
1790205360,92.24,92.24,92.21,92.22,18
1790205420,92.21,92.21,92.18,92.18,15
1790205480,92.19,92.19,92.18,92.18,4
1790205540,92.21,92.21,92.21,92.21,2
1790205600,92.22,92.22,92.18,92.18,9
1790205660,92.17,92.17,92.15,92.17,9
1790205720,92.15,92.18,92.13,92.17,21
1790205780,92.18,92.19,92.13,92.13,12
1790205840,92.14,92.14,92.07,92.07,65
1790205900,92.09,92.12,92.07,92.09,41
1790205960,92.07,92.11,92.06,92.11,26
1790206020,92.11,92.11,92.09,92.1,11
1790206080,92.07,92.1,92.07,92.07,13
1790206140,92.07,92.09,92.07,92.09,4
1790206200,92.09,92.1,92.09,92.09,10
1790206260,92.08,92.11,92.07,92.09,18
1790206320,92.09,92.09,92.05,92.09,38
1790206380,92.1,92.1,92.08,92.08,9
1790206440,92.09,92.13,92.09,92.13,28
1790206500,92.13,92.17,92.13,92.16,25
1790206560,92.17,92.2,92.17,92.18,26
1790206620,92.17,92.17,92.15,92.15,13
1790206680,92.14,92.14,92.1,92.14,7
1790206740,92.14,92.14,92.13,92.14,3
1790206800,92.15,92.16,92.1,92.14,37
1790206860,92.13,92.16,92.11,92.16,17
1790206920,92.16,92.17,92.15,92.17,5
1790206980,92.18,92.22,92.18,92.22,19
1790207040,92.22,92.27,92.2,92.27,50
1790207100,92.25,92.26,92.18,92.2,51
1790207160,92.21,92.22,92.17,92.18,17
1790207220,92.18,92.18,92.14,92.15,31
1790207280,92.16,92.16,92.08,92.11,35
1790207340,92.1,92.14,92.09,92.14,25
1790207400,92.12,92.12,92.08,92.08,33
1790207460,92.07,92.07,92.05,92.05,27
1790207520,92.04,92.05,92.03,92.03,16
1790207580,92.04,92.05,92.04,92.05,2
1790207640,92.03,92.06,92.03,92.04,10
1790207700,92.05,92.05,92.05,92.05,1
1790207760,92.07,92.11,92.07,92.11,11
1790207820,92.09,92.09,92.07,92.09,8
1790207880,92.1,92.11,92.1,92.11,2
1790207940,92.13,92.14,92.11,92.14,22
1790208000,92.14,92.18,92.01,92.04,290
1790208060,92.03,92.06,91.91,91.94,183
1790208120,91.93,92.08,91.91,92.08,87
1790208180,92.07,92.07,92.02,92.02,41
1790208240,92.02,92.08,92,92.01,28
1790208300,92.01,92.04,92,92.01,19
1790208360,92.02,92.02,91.96,92,41
1790208420,92,92.02,91.99,92.02,15
1790208480,92.01,92.07,92.01,92.07,22
1790208540,92.04,92.06,91.98,91.98,28
1790208600,91.99,91.99,91.88,91.91,62
1790208660,91.9,92,91.89,91.96,84
1790208720,91.96,91.96,91.91,91.91,25
1790208780,91.91,91.92,91.89,91.9,47
1790208840,91.92,91.95,91.92,91.94,22
1790208900,91.93,91.94,91.79,91.83,92
1790208960,91.82,91.84,91.77,91.79,32
1790209020,91.79,91.82,91.78,91.79,36
1790209080,91.81,91.85,91.78,91.85,35
1790209140,91.85,91.87,91.78,91.78,70
1790209200,91.79,91.8,91.75,91.76,32
1790209260,91.74,91.74,91.65,91.68,106
1790209320,91.68,91.72,91.67,91.7,38
1790209380,91.71,91.73,91.65,91.66,57
1790209440,91.66,91.68,91.65,91.67,26
1790209500,91.67,91.68,91.62,91.64,63
1790209560,91.64,91.66,91.58,91.64,71
1790209620,91.63,91.66,91.61,91.62,35
1790209680,91.62,91.63,91.58,91.58,30
1790209740,91.58,91.62,91.54,91.62,60
1790209800,91.62,91.65,91.58,91.61,55
1790209860,91.61,91.62,91.52,91.6,70
1790209920,91.6,91.61,91.56,91.57,35
1790209980,91.58,91.61,91.54,91.57,35
1790210040,91.55,91.55,91.5,91.51,62
1790210100,91.51,91.52,91.51,91.52,16
1790210160,91.51,91.55,91.45,91.53,87
1790210220,91.52,91.53,91.46,91.47,29
1790210280,91.47,91.52,91.47,91.52,16
1790210340,91.51,91.56,91.48,91.56,44
1790210400,91.55,91.57,91.54,91.54,51
1790210460,91.53,91.53,91.5,91.51,10
1790210520,91.53,91.56,91.51,91.54,26
1790210580,91.54,91.6,91.54,91.59,92
1790210640,91.58,91.61,91.54,91.54,15
1790210700,91.55,91.58,91.55,91.56,22
1790210760,91.55,91.58,91.53,91.58,34
1790210820,91.57,91.58,91.55,91.55,55
1790210880,91.55,91.56,91.47,91.52,112
1790210940,91.51,91.57,91.5,91.53,42
1790211000,91.54,91.58,91.51,91.58,56
1790211060,91.55,91.56,91.49,91.52,54
1790211120,91.52,91.53,91.49,91.53,38
1790211180,91.54,91.56,91.5,91.53,31
1790211240,91.54,91.6,91.54,91.58,79
1790211300,91.56,91.62,91.54,91.58,78
1790211360,91.57,91.64,91.56,91.62,199
1790211420,91.63,91.66,91.6,91.66,96
1790211480,91.66,91.66,91.57,91.62,70
1790211540,91.6,91.64,91.54,91.62,92
1790211600,91.62,91.67,91.51,91.53,222
1790211660,91.53,91.54,91.47,91.48,105
1790211720,91.47,91.5,91.43,91.46,98
1790211780,91.47,91.53,91.43,91.5,119
1790211840,91.49,91.53,91.45,91.46,36
1790211900,91.47,91.5,91.44,91.48,72
1790211960,91.5,91.51,91.36,91.39,75
1790212020,91.38,91.38,91.29,91.32,95
1790212080,91.31,91.38,91.31,91.38,30
1790212140,91.38,91.43,91.38,91.39,37
1790212200,91.37,91.4,91.35,91.39,43
1790212260,91.4,91.43,91.34,91.36,33
1790212320,91.36,91.42,91.36,91.38,27
1790212380,91.37,91.42,91.36,91.41,25
1790212440,91.39,91.49,91.39,91.47,36
1790212500,91.47,91.51,91.45,91.46,54
1790212560,91.45,91.48,91.45,91.46,26
1790212620,91.47,91.49,91.47,91.48,7
1790212680,91.49,91.51,91.45,91.5,52
1790212740,91.47,91.47,91.38,91.4,29
1790212800,91.39,91.46,91.39,91.44,17
1790212860,91.44,91.48,91.43,91.43,37
1790212920,91.42,91.46,91.4,91.44,41
1790212980,91.42,91.44,91.41,91.44,11
1790213040,91.43,91.46,91.42,91.46,16
1790213100,91.44,91.45,91.44,91.45,4
1790213160,91.46,91.48,91.46,91.48,13
1790213220,91.47,91.5,91.46,91.49,16
1790213280,91.5,91.5,91.47,91.47,31
1790213340,91.46,91.49,91.46,91.47,32
1790213400,91.45,91.5,91.45,91.5,17
1790213460,91.5,91.56,91.48,91.48,186
1790213520,91.49,91.49,91.36,91.38,81
1790213580,91.4,91.53,91.4,91.5,47
1790213640,91.52,91.56,91.51,91.55,65
1790213700,91.54,91.61,91.54,91.57,87
1790213760,91.57,91.6,91.53,91.55,37
1790213820,91.53,91.59,91.53,91.55,17
1790213880,91.56,91.58,91.49,91.51,46
1790213940,91.53,91.66,91.53,91.66,94
1790214000,91.65,91.73,91.64,91.73,131
1790214060,91.72,91.72,91.63,91.66,77
1790214120,91.67,91.69,91.66,91.67,22
1790214180,91.69,91.75,91.68,91.75,35
1790214240,91.74,91.75,91.69,91.72,81
1790214300,91.73,91.73,91.61,91.64,47
1790214360,91.64,91.68,91.63,91.65,29
1790214420,91.66,91.69,91.64,91.69,16
1790214480,91.7,91.71,91.69,91.7,13
1790214540,91.7,91.7,91.66,91.66,23
1790214600,91.68,91.84,91.66,91.82,123
1790214660,91.82,91.89,91.81,91.86,59
1790214720,91.84,91.86,91.81,91.83,75
1790214780,91.83,91.86,91.83,91.83,17
1790214840,91.83,91.87,91.77,91.85,178
1790214900,91.86,91.9,91.86,91.89,32
1790214960,91.9,91.91,91.88,91.91,22
1790215020,91.92,91.94,91.9,91.9,20
1790215080,91.9,91.95,91.9,91.92,28
1790215140,91.92,91.92,91.88,91.9,22
1790215200,91.9,91.91,91.82,91.88,51
1790215260,91.89,91.92,91.85,91.9,42
1790215320,91.88,91.89,91.84,91.85,63
1790215380,91.86,91.89,91.84,91.88,40
1790215440,91.9,91.95,91.89,91.92,58
1790215500,91.93,91.94,91.87,91.94,37
1790215560,91.93,91.99,91.93,91.99,63
1790215620,91.95,92.04,91.94,92.02,153
1790215680,92.02,92.07,92.01,92.02,116
1790215740,91.99,91.99,91.96,91.99,16
1790215800,91.97,91.97,91.91,91.92,41
1790215860,91.93,91.93,91.84,91.85,58
1790215920,91.84,91.85,91.77,91.81,115
1790215980,91.83,91.83,91.76,91.76,32
1790216040,91.77,91.81,91.73,91.73,89
1790216100,91.73,91.73,91.63,91.67,92
1790216160,91.65,91.67,91.54,91.54,112
1790216220,91.54,91.58,91.49,91.5,99
1790216280,91.53,91.55,91.46,91.49,68
1790216340,91.5,91.52,91.48,91.49,43
1790216400,91.49,91.52,91.48,91.52,22
1790216460,91.51,91.51,91.44,91.46,57
1790216520,91.48,91.55,91.42,91.55,48
1790216580,91.54,91.55,91.52,91.52,30
1790216640,91.51,91.52,91.49,91.49,9
1790216700,91.5,91.53,91.5,91.52,24
1790216760,91.5,91.5,91.42,91.44,50
1790216820,91.42,91.45,91.42,91.42,27
1790216880,91.42,91.47,91.4,91.44,107
1790216940,91.45,91.47,91.42,91.45,32
1790217000,91.46,91.46,91.38,91.43,50
1790217060,91.43,91.47,91.38,91.44,46
1790217120,91.46,91.54,91.46,91.53,51
1790217180,91.51,91.56,91.49,91.55,34
1790217240,91.55,91.57,91.54,91.57,13
1790217300,91.55,91.6,91.54,91.56,53
1790217360,91.55,91.55,91.41,91.45,297
1790217420,91.47,91.51,91.44,91.44,31
1790217480,91.43,91.45,91.43,91.43,6
1790217540,91.45,91.5,91.45,91.47,48
1790217600,91.47,91.49,91.43,91.44,27
1790217660,91.43,91.44,91.43,91.43,9
1790217720,91.43,91.43,91.34,91.36,116
1790217780,91.38,91.48,91.38,91.47,57
1790217840,91.47,91.49,91.46,91.47,18
1790217900,91.46,91.46,91.43,91.46,12
1790217960,91.47,91.47,91.41,91.41,13
1790218020,91.42,91.45,91.37,91.43,35
1790218080,91.41,91.42,91.39,91.41,12
1790218140,91.43,91.44,91.41,91.41,10
1790218200,91.42,91.43,91.39,91.39,8
1790218260,91.38,91.4,91.33,91.35,30
1790218320,91.35,91.37,91.35,91.37,11
1790218380,91.38,91.41,91.36,91.38,21
1790218440,91.39,91.39,91.35,91.35,23
1790218500,91.36,91.38,91.31,91.38,76
1790218560,91.36,91.36,91.34,91.34,4
1790218620,91.33,91.34,91.31,91.34,23
1790218680,91.33,91.33,91.3,91.3,12
1790218740,91.31,91.33,91.3,91.33,31
1790218800,91.3,91.34,91.28,91.28,23
1790218860,91.29,91.29,91.28,91.28,35
1790218920,91.29,91.35,91.28,91.33,29
1790218980,91.32,91.32,91.3,91.32,10
1790219040,91.34,91.35,91.31,91.34,20
1790219100,91.33,91.34,91.29,91.3,47
1790219160,91.29,91.32,91.26,91.31,62
1790219220,91.31,91.33,91.29,91.3,24
1790219280,91.29,91.33,91.29,91.33,29
1790219340,91.3,91.34,91.3,91.34,19
1790219400,91.34,91.39,91.34,91.35,25
1790219460,91.35,91.4,91.34,91.38,26
1790219520,91.39,91.39,91.35,91.35,13
1790219580,91.34,91.37,91.34,91.36,20
1790219640,91.35,91.36,91.34,91.36,5
1790219700,91.36,91.37,91.35,91.35,16
1790219760,91.35,91.35,91.27,91.34,39
1790219820,91.33,91.33,91.3,91.3,4
1790219880,91.3,91.3,91.25,91.29,36
1790219940,91.29,91.3,91.25,91.29,50
1790220000,91.3,91.32,91.3,91.32,5
1790220060,91.32,91.32,91.31,91.32,5
1790220120,91.3,91.3,91.29,91.29,3
1790220180,91.31,91.35,91.31,91.32,12
1790220240,91.33,91.36,91.3,91.36,21
1790220300,91.34,91.34,91.27,91.34,124
1790220360,91.32,91.32,91.29,91.29,17
1790220420,91.3,91.34,91.29,91.31,35
1790220480,91.3,91.32,91.25,91.29,38
1790220540,91.29,91.31,91.29,91.31,19
1790220600,91.32,91.39,91.31,91.38,39
1790220660,91.38,91.42,91.34,91.36,72
1790220720,91.35,91.36,91.34,91.35,13
1790220780,91.38,91.45,91.38,91.41,52
1790220840,91.42,91.42,91.41,91.41,11
1790220900,91.4,91.4,91.38,91.4,15
1790220960,91.39,91.4,91.37,91.37,6
1790221020,91.37,91.41,91.37,91.4,28
1790221080,91.39,91.42,91.38,91.42,26
1790221140,91.42,91.46,91.42,91.45,60
1790221200,91.44,91.45,91.38,91.4,50
1790221260,91.41,91.41,91.33,91.38,76
1790221320,91.39,91.41,91.39,91.39,17
1790221380,91.4,91.41,91.4,91.41,6
1790221440,91.4,91.4,91.38,91.39,9
1790221500,91.39,91.4,91.37,91.39,14
1790221560,91.38,91.39,91.31,91.32,48
1790221620,91.32,91.36,91.32,91.36,15
1790221680,91.37,91.37,91.35,91.35,23
1790221740,91.35,91.35,91.29,91.31,18
1790221800,91.3,91.34,91.3,91.32,29
1790221860,91.34,91.34,91.29,91.29,22
1790221920,91.29,91.32,91.29,91.29,18
1790221980,91.28,91.32,91.24,91.31,58
1790222040,91.3,91.3,91.29,91.3,9
1790222100,91.26,91.27,91.23,91.24,23
1790222160,91.24,91.3,91.24,91.27,27
1790222220,91.3,91.31,91.28,91.29,8
1790222280,91.31,91.32,91.28,91.3,31
1790222340,91.32,91.33,91.27,91.29,18
1790222400,91.29,91.42,91.27,91.39,88
1790222460,91.38,91.4,91.38,91.38,15
1790222520,91.39,91.45,91.38,91.43,25
1790222580,91.43,91.51,91.39,91.46,112
1790222640,91.45,91.48,91.41,91.48,67
1790222700,91.47,91.47,91.43,91.43,16
1790222760,91.42,91.43,91.35,91.35,86
1790222820,91.35,91.36,91.28,91.34,86
1790222880,91.35,91.38,91.35,91.36,19
1790222940,91.37,91.4,91.36,91.36,11
1790223000,91.35,91.36,91.32,91.36,15
1790223060,91.35,91.35,91.33,91.35,28
1790223120,91.35,91.39,91.35,91.38,14
1790223180,91.4,91.49,91.4,91.48,56
1790223240,91.48,91.49,91.44,91.44,19
1790223300,91.44,91.46,91.39,91.39,32
1790223360,91.39,91.4,91.39,91.4,9
1790223420,91.41,91.45,91.41,91.44,17
1790223480,91.44,91.49,91.44,91.47,43
1790223540,91.47,91.47,91.43,91.43,9
1790223600,91.46,91.49,91.45,91.48,49
1790223660,91.48,91.5,91.48,91.5,16
1790223720,91.49,91.49,91.44,91.45,36
1790223780,91.46,91.47,91.42,91.44,39
1790223840,91.43,91.46,91.43,91.46,17
1790223900,91.46,91.46,91.44,91.45,8
1790223960,91.45,91.45,91.43,91.43,5
1790224020,91.43,91.49,91.43,91.49,13
1790224080,91.5,91.52,91.47,91.51,164
1790224140,91.49,91.49,91.47,91.47,15
1790224200,91.47,91.47,91.44,91.45,15
1790224260,91.46,91.47,91.46,91.47,8
1790224320,91.46,91.46,91.45,91.45,11
1790224380,91.46,91.46,91.44,91.44,10
1790224440,91.45,91.45,91.45,91.45,5
1790224500,91.45,91.45,91.44,91.44,19
1790224560,91.45,91.46,91.45,91.45,35
1790224620,91.45,91.47,91.44,91.47,9
1790224680,91.46,91.46,91.44,91.45,15
1790224740,91.46,91.51,91.46,91.49,68
1790224800,91.5,91.55,91.5,91.52,76
1790224860,91.53,91.57,91.49,91.51,87
1790224920,91.51,91.52,91.51,91.51,6
1790224980,91.5,91.5,91.43,91.43,46
1790225040,91.44,91.46,91.44,91.46,6
1790225100,91.46,91.46,91.46,91.46,2
1790225160,91.45,91.45,91.42,91.43,12
1790225220,91.44,91.44,91.41,91.43,15
1790225280,91.44,91.46,91.44,91.44,13
1790225340,91.45,91.45,91.43,91.43,9
1790225400,91.41,91.48,91.36,91.46,158
1790225460,91.45,91.47,91.45,91.46,9
1790225520,91.46,91.47,91.46,91.47,3
1790225580,91.47,91.51,91.47,91.5,11
1790225640,91.52,91.53,91.51,91.51,10
1790225700,91.49,91.49,91.46,91.47,9
1790225760,91.45,91.47,91.45,91.47,9
1790225820,91.48,91.49,91.48,91.49,2
1790225880,91.48,91.49,91.48,91.49,9
1790225940,91.47,91.47,91.42,91.46,25
1790226000,91.46,91.52,91.46,91.5,17
1790226060,91.48,91.48,91.47,91.47,3
1790226120,91.48,91.51,91.48,91.51,15
1790226180,91.49,91.49,91.46,91.47,6
1790226240,91.49,91.49,91.46,91.46,13
1790226300,91.47,91.49,91.47,91.48,13
1790226360,91.46,91.46,91.44,91.44,7
1790226420,91.44,91.44,91.41,91.41,17
1790226480,91.41,91.42,91.33,91.38,53
1790226540,91.37,91.39,91.37,91.39,16
1790226600,91.38,91.41,91.38,91.39,13
1790226660,91.39,91.39,91.39,91.39,2
1790226720,91.4,91.43,91.38,91.42,10
1790226780,91.42,91.48,91.42,91.48,23
1790226840,91.46,91.46,91.46,91.46,2
1790226900,91.46,91.48,91.45,91.45,16
1790226960,91.46,91.47,91.45,91.45,7
1790227020,91.47,91.49,91.47,91.49,8
1790227080,91.5,91.57,91.5,91.56,59
1790227140,91.56,91.57,91.52,91.54,24
1790227200,91.54,91.54,91.53,91.54,7
1790227260,91.54,91.67,91.54,91.63,401
1790227320,91.62,91.62,91.6,91.62,39
1790227380,91.64,91.65,91.55,91.56,41
1790227440,91.55,91.57,91.52,91.53,24
1790227500,91.53,91.57,91.52,91.57,24
1790227560,91.57,91.57,91.56,91.56,5
1790227620,91.55,91.59,91.55,91.59,7
1790227680,91.6,91.6,91.53,91.53,50
1790227740,91.53,91.55,91.53,91.55,36
1790227800,91.55,91.55,91.48,91.48,174
1790227860,91.53,91.55,91.5,91.55,50
1790227920,91.55,91.61,91.53,91.57,132
1790227980,91.58,91.59,91.52,91.58,23
1790228040,91.58,91.58,91.54,91.54,39
1790228100,91.55,91.7,91.53,91.69,73
1790228160,91.7,91.8,91.7,91.74,66
1790228220,91.75,91.83,91.75,91.83,50
1790228280,91.84,91.97,91.82,91.94,119
1790228340,91.94,92.11,91.94,92.11,254
1790228400,92.09,92.1,91.93,91.94,128
1790228460,91.95,92.13,91.93,92.1,95
1790228520,92.09,92.14,92.01,92.14,81
1790228580,92.14,92.16,92.09,92.15,76
1790228640,92.15,92.22,92.08,92.08,82
1790228700,92.09,92.14,92.02,92.09,53
1790228760,92.08,92.13,92.06,92.09,55
1790228820,92.09,92.1,92.04,92.06,23
1790228880,92.07,92.07,91.91,91.91,68
1790228940,91.94,91.95,91.9,91.9,44
1790229000,91.92,92.02,91.91,91.99,43
1790229060,92,92.04,91.99,92.04,25
1790229120,92.05,92.06,91.99,92.02,55
1790229180,92.01,92.04,92.01,92.03,26
1790229240,92.02,92.09,92.01,92.08,44
1790229300,92.09,92.13,92.08,92.09,55
1790229360,92.07,92.17,92.04,92.15,72
1790229420,92.16,92.26,92.12,92.26,114
1790229480,92.24,92.25,92.17,92.19,56
1790229540,92.18,92.18,92.13,92.14,27
1790229600,92.14,92.23,92.1,92.21,118
1790229660,92.2,92.23,92.14,92.19,130
1790229720,92.15,92.18,92.08,92.14,80
1790229780,92.12,92.17,92.12,92.13,31
1790229840,92.14,92.18,92.12,92.17,28
1790229900,92.18,92.18,92.08,92.15,114
1790229960,92.14,92.19,92.12,92.14,66
1790230020,92.13,92.13,92.07,92.08,47
1790230080,92.06,92.06,91.93,91.94,70
1790230140,91.95,92.03,91.93,92.02,32
1790230200,92.03,92.07,91.97,91.97,70
1790230260,91.97,92.06,91.97,92.05,28
1790230320,92.07,92.1,92.03,92.03,57
1790230380,92.01,92.07,91.99,92.05,25
1790230440,92.04,92.12,92.04,92.12,38
1790230500,92.11,92.2,92.09,92.2,95
1790230560,92.2,92.2,92.15,92.15,92
1790230620,92.18,92.18,92.14,92.17,39
1790230680,92.15,92.19,92.15,92.18,36
1790230740,92.18,92.19,92.11,92.19,83
1790230800,92.19,92.29,92.18,92.26,223
1790230860,92.28,92.35,92.28,92.32,89
1790230920,92.31,92.35,92.29,92.35,53
1790230980,92.34,92.38,92.31,92.38,132
1790231040,92.35,92.37,92.3,92.33,112
1790231100,92.33,92.43,92.31,92.42,170
1790231160,92.42,92.42,92.32,92.38,62
1790231220,92.37,92.49,92.37,92.49,111
1790231280,92.49,92.51,92.44,92.5,169
1790231340,92.51,92.53,92.49,92.5,90
1790231400,92.5,92.66,92.5,92.61,227
1790231460,92.6,92.64,92.58,92.62,91
1790231520,92.62,92.64,92.57,92.64,140
1790231580,92.65,92.76,92.63,92.73,228
1790231640,92.74,92.79,92.7,92.76,182
1790231700,92.76,92.83,92.67,92.67,223
1790231760,92.69,92.73,92.61,92.7,439
1790231820,92.71,92.8,92.7,92.76,138
1790231880,92.77,92.79,92.74,92.75,247
1790231940,92.76,92.76,92.65,92.67,229
1790232000,92.65,92.71,92.65,92.66,45
1790232060,92.67,92.79,92.67,92.76,98
1790232120,92.76,92.77,92.66,92.67,87
1790232180,92.68,92.7,92.65,92.68,32
1790232240,92.68,92.78,92.66,92.77,73
1790232300,92.76,92.77,92.7,92.7,73
1790232360,92.7,92.79,92.69,92.76,106
1790232420,92.76,92.81,92.74,92.8,115
1790232480,92.8,92.82,92.66,92.71,130
1790232540,92.69,92.69,92.64,92.66,85
1790232600,92.64,92.64,92.56,92.58,129
1790232660,92.59,92.63,92.56,92.62,110
1790232720,92.62,92.67,92.61,92.64,89
1790232780,92.64,92.73,92.64,92.7,95
1790232840,92.69,92.7,92.62,92.67,122
1790232900,92.67,92.87,92.66,92.83,203
1790232960,92.82,92.84,92.73,92.82,103
1790233020,92.81,92.81,92.67,92.68,80
1790233080,92.66,92.77,92.63,92.74,204
1790233140,92.75,92.76,92.71,92.74,33
1790233200,92.76,92.76,92.55,92.66,283
1790233260,92.65,92.71,92.59,92.66,127
1790233320,92.65,92.67,92.62,92.66,57
1790233380,92.65,92.67,92.54,92.63,85
1790233440,92.62,92.65,92.58,92.65,29
1790233500,92.63,92.63,92.56,92.62,56
1790233560,92.63,92.66,92.52,92.52,131
1790233620,92.53,92.66,92.52,92.59,174
1790233680,92.59,92.65,92.46,92.53,166
1790233740,92.52,92.53,92.43,92.44,122
1790233800,92.44,92.44,92.38,92.41,130
1790233860,92.42,92.45,92.38,92.42,196
1790233920,92.43,92.52,92.37,92.39,226
1790233980,92.39,92.44,92.35,92.37,139
1790234040,92.37,92.43,92.35,92.41,103
1790234100,92.42,92.42,92.37,92.37,60
1790234160,92.36,92.43,92.33,92.43,168
1790234220,92.43,92.45,92.39,92.45,77
1790234280,92.44,92.47,92.4,92.4,77
1790234340,92.39,92.42,92.37,92.42,38
1790234400,92.41,92.45,92.39,92.41,80
1790234460,92.39,92.41,92.21,92.24,217
1790234520,92.23,92.25,92.18,92.22,118
1790234580,92.22,92.29,92.18,92.28,69
1790234640,92.27,92.32,92.25,92.31,67
1790234700,92.32,92.32,92.27,92.27,77
1790234760,92.28,92.36,92.28,92.34,154
1790234820,92.35,92.36,92.29,92.32,49
1790234880,92.3,92.3,92.17,92.19,98
1790234940,92.18,92.23,92.13,92.14,79
1790235000,92.13,92.18,92.13,92.17,87
1790235060,92.16,92.28,92.15,92.26,114
1790235120,92.27,92.27,92.16,92.18,162
1790235180,92.18,92.19,92.15,92.17,48
1790235240,92.17,92.24,92.16,92.23,67
1790235300,92.21,92.27,92.21,92.21,44
1790235360,92.2,92.2,92.13,92.13,96
1790235420,92.14,92.15,92.08,92.08,127
1790235480,92.08,92.12,92,92.1,137
1790235540,92.12,92.15,92.1,92.14,63
1790235600,92.12,92.13,92.06,92.1,78
1790235660,92.11,92.17,92.1,92.13,79
1790235720,92.18,92.22,92.17,92.17,62
1790235780,92.17,92.18,92.07,92.13,148
1790235840,92.12,92.15,92.07,92.15,59
1790235900,92.16,92.24,92.15,92.23,120
1790235960,92.23,92.28,92.21,92.25,125
1790236020,92.26,92.39,92.24,92.38,207
1790236080,92.37,92.47,92.3,92.36,231
1790236140,92.35,92.37,92.32,92.33,47
1790236200,92.34,92.45,92.29,92.29,150
1790236260,92.28,92.31,92.21,92.23,107
1790236320,92.24,92.26,92.21,92.24,37
1790236380,92.23,92.31,92.22,92.24,77
1790236440,92.26,92.3,92.24,92.26,96
1790236500,92.27,92.44,92.27,92.41,114
1790236560,92.41,92.49,92.37,92.44,125
1790236620,92.45,92.54,92.44,92.52,140
1790236680,92.52,92.65,92.49,92.65,172
1790236740,92.65,92.88,92.63,92.87,361
1790236800,92.88,92.95,92.79,92.89,731
1790236860,92.89,93.05,92.85,92.91,711
1790236920,92.9,93.04,92.9,92.94,238
1790236980,92.95,93.05,92.95,93.02,130
1790237040,93.04,93.28,93.02,93.22,702
1790237100,93.22,93.33,93.18,93.32,444
1790237160,93.31,93.42,93.3,93.38,376
1790237220,93.38,93.52,93.36,93.45,328
1790237280,93.44,93.68,93.44,93.67,534
1790237340,93.67,93.69,93.54,93.59,528
1790237400,93.59,93.69,93.59,93.68,233
1790237460,93.68,93.77,93.67,93.77,338
1790237520,93.76,93.97,93.74,93.92,883
1790237580,93.92,94.14,93.84,94.1,1106
1790237640,94.1,94.4,94.03,94.36,1363
1790237700,94.37,94.63,94.18,94.6,1238
1790237760,94.6,94.63,94.45,94.51,825
1790237820,94.49,94.56,94.36,94.45,1050
1790237880,94.44,94.67,94.43,94.61,578
1790237940,94.62,94.65,94.41,94.44,820
1790238000,94.44,94.5,94.33,94.41,617
1790238060,94.4,94.49,94.32,94.37,366
1790238120,94.36,94.44,94.33,94.41,378
1790238180,94.38,94.5,94.33,94.45,423
1790238240,94.45,94.49,94.33,94.33,238
1790238300,94.34,94.41,94.22,94.41,409
1790238360,94.41,94.6,94.37,94.58,518
1790238420,94.58,94.66,94.52,94.55,422
1790238480,94.58,94.69,94.54,94.59,426
1790238540,94.58,94.67,94.45,94.62,670
1790238600,94.63,94.64,94.25,94.34,531
1790238660,94.33,94.33,94.16,94.18,334
1790238720,94.17,94.25,94.08,94.13,311
1790238780,94.13,94.23,94.11,94.19,187
1790238840,94.19,94.38,94.14,94.3,565
1790238900,94.31,94.47,94.29,94.31,294
1790238960,94.33,94.44,94.32,94.36,343
1790239020,94.37,94.46,94.31,94.4,125
1790239080,94.4,94.44,94.25,94.27,204
1790239140,94.26,94.27,94.15,94.19,171
1790239200,94.2,94.28,94.17,94.27,142
1790239260,94.27,94.28,94.12,94.2,189
1790239320,94.19,94.22,94.15,94.2,113
1790239380,94.21,94.22,94.13,94.14,109
1790239440,94.13,94.21,94.12,94.19,99
1790239500,94.18,94.25,94.15,94.21,119
1790239560,94.19,94.23,94.06,94.08,156
1790239620,94.09,94.16,94.04,94.12,212
1790239680,94.13,94.18,94.11,94.16,100
1790239740,94.16,94.32,94.15,94.29,199
1790239800,94.31,94.43,94.31,94.41,256
1790239860,94.41,94.43,94.34,94.36,115
1790239920,94.37,94.44,94.37,94.4,90
1790239980,94.4,94.45,94.35,94.35,218
1790240040,94.37,94.46,94.36,94.44,83
1790240100,94.44,94.51,94.36,94.43,141
1790240160,94.44,94.45,94.37,94.4,133
1790240220,94.39,94.51,94.39,94.49,116
1790240280,94.49,94.51,94.34,94.38,108
1790240340,94.38,94.4,94.31,94.36,101
1790240400,94.36,94.37,94.24,94.24,132
1790240460,94.25,94.27,94.12,94.13,303
1790240520,94.12,94.16,94.08,94.12,111
1790240580,94.11,94.14,94.06,94.1,161
1790240640,94.11,94.14,94.05,94.07,93
1790240700,94.07,94.15,94.06,94.1,92
1790240760,94.08,94.13,94.03,94.03,229
1790240820,94.03,94.03,93.98,94.01,160
1790240880,94.01,94.03,93.98,93.98,78
1790240940,93.99,94.03,93.95,94.01,149
1790241000,94.02,94.03,93.96,93.97,200
1790241060,93.96,93.97,93.86,93.94,425
1790241120,93.94,93.97,93.87,93.91,372
1790241180,93.91,93.93,93.84,93.86,226
1790241240,93.87,93.87,93.81,93.81,234
1790241300,93.82,93.84,93.76,93.77,250
1790241360,93.78,93.97,93.76,93.97,195
1790241420,93.97,93.99,93.82,93.87,105
1790241480,93.87,93.9,93.81,93.84,57
1790241540,93.84,93.87,93.78,93.81,81
1790241600,93.83,93.84,93.76,93.77,44
1790241660,93.79,93.79,93.67,93.75,167
1790241720,93.74,93.8,93.68,93.77,226
1790241780,93.77,93.78,93.75,93.78,100
1790241840,93.78,93.78,93.75,93.75,43
1790241900,93.76,93.76,93.69,93.72,66
1790241960,93.71,93.78,93.7,93.72,223
1790242020,93.72,93.8,93.72,93.77,205
1790242080,93.78,93.78,93.74,93.75,91
1790242140,93.77,93.82,93.76,93.8,108
1790242200,93.79,93.79,93.7,93.73,107
1790242260,93.74,93.78,93.7,93.73,189
1790242320,93.73,93.76,93.71,93.76,79
1790242380,93.76,93.79,93.73,93.78,51
1790242440,93.77,93.81,93.75,93.77,144
1790242500,93.76,93.84,93.75,93.82,72
1790242560,93.82,93.88,93.78,93.84,161
1790242620,93.84,93.84,93.78,93.8,58
1790242680,93.79,93.87,93.77,93.85,60
1790242740,93.85,93.88,93.84,93.86,81
1790242800,93.87,93.93,93.86,93.88,146
1790242860,93.9,93.98,93.89,93.96,232
1790242920,93.96,93.97,93.89,93.94,116
1790242980,93.93,93.97,93.9,93.96,166
1790243040,93.95,94,93.91,93.98,370
1790243100,94,94,93.92,93.98,82
1790243160,93.99,94.02,93.87,93.87,265
1790243220,93.86,93.88,93.78,93.85,187
1790243280,93.85,93.85,93.64,93.69,268
1790243340,93.7,93.76,93.69,93.73,102
1790243400,93.75,93.85,93.75,93.84,105
1790243460,93.84,93.86,93.77,93.82,116
1790243520,93.83,93.83,93.7,93.72,323
1790243580,93.71,93.77,93.67,93.73,297
1790243640,93.74,93.88,93.73,93.84,112
1790243700,93.83,93.86,93.82,93.82,92
1790243760,93.83,93.89,93.82,93.86,247
1790243820,93.87,93.95,93.86,93.91,195
1790243880,93.92,93.92,93.84,93.85,99
1790243940,93.84,93.86,93.75,93.75,133
1790244000,93.76,93.79,93.7,93.74,149
1790244060,93.75,93.76,93.69,93.71,79
1790244120,93.71,93.89,93.71,93.89,113
1790244180,93.89,93.91,93.86,93.88,65
1790244240,93.89,93.89,93.78,93.85,87
1790244300,93.85,93.89,93.81,93.87,90
1790244360,93.88,93.91,93.85,93.9,67
1790244420,93.89,93.89,93.84,93.85,59
1790244480,93.86,93.86,93.69,93.69,96
1790244540,93.69,93.69,93.62,93.63,109
1790244600,93.63,93.66,93.33,93.53,817
1790244660,93.52,93.54,93.42,93.52,150
1790244720,93.55,93.63,93.51,93.62,232
1790244780,93.6,93.63,93.55,93.61,183
1790244840,93.61,93.63,93.48,93.58,150
1790244900,93.57,93.62,93.53,93.54,135
1790244960,93.54,93.59,93.34,93.35,377
1790245020,93.34,93.42,93.32,93.35,127
1790245080,93.35,93.35,93.27,93.27,149
1790245140,93.27,93.29,93.21,93.22,130
1790245200,93.23,93.38,93.2,93.35,115
1790245260,93.37,93.4,93.3,93.3,99
1790245320,93.29,93.31,93.25,93.26,39
1790245380,93.24,93.24,93.15,93.15,138
1790245440,93.16,93.4,93.14,93.3,680
1790245500,93.3,93.39,93.2,93.28,441
1790245560,93.29,93.32,93.22,93.27,119
1790245620,93.26,93.31,93.24,93.26,87
1790245680,93.27,93.29,93.05,93.09,277
1790245740,93.12,93.3,93.11,93.28,296
1790245800,93.25,93.43,93.24,93.34,392
1790245860,93.34,93.34,93.1,93.1,282
1790245920,93.09,93.11,93.05,93.08,144
1790245980,93.09,93.19,93.07,93.18,93
1790246040,93.19,93.21,93.1,93.13,132
1790246100,93.13,93.15,93.07,93.08,73
1790246160,93.07,93.18,93.04,93.12,142
1790246220,93.13,93.15,93.06,93.09,263
1790246280,93.09,93.12,93.01,93.07,178
1790246340,93.06,93.14,93.05,93.1,67
1790246400,93.09,93.18,93.08,93.18,116
1790246460,93.17,93.2,93.12,93.13,101
1790246520,93.14,93.14,93.07,93.12,90
1790246580,93.1,93.12,93.06,93.1,78
1790246640,93.07,93.17,93.02,93.16,160
1790246700,93.14,93.14,93.01,93.05,103
1790246760,93.05,93.05,92.96,93.01,307
1790246820,93.01,93.08,92.94,93.04,242
1790246880,93.04,93.13,93.03,93.11,130
1790246940,93.12,93.12,92.81,92.93,1509
1790247000,92.92,93,92.89,92.92,303
1790247060,92.94,93.01,92.91,92.98,129
1790247120,92.98,93.03,92.96,93,99
1790247180,92.99,93.03,92.98,93.03,104
1790247240,93.04,93.16,93.03,93.12,138
1790247300,93.12,93.24,93.12,93.19,191
1790247360,93.18,93.22,93.15,93.2,166
1790247420,93.2,93.2,93.02,93.02,135
1790247480,93.03,93.11,93,93.05,173
1790247540,93.07,93.12,93.06,93.12,86
1790247600,93.12,93.2,93.11,93.19,240
1790247660,93.19,93.26,93.16,93.17,142
1790247720,93.16,93.21,93.07,93.1,117
1790247780,93.11,93.15,93.07,93.07,52
1790247840,93.07,93.13,93.07,93.09,58
1790247900,93.09,93.12,93.03,93.12,143
1790247960,93.11,93.17,93.09,93.17,62
1790248020,93.18,93.23,93.16,93.22,68
1790248080,93.22,93.27,93.17,93.25,111
1790248140,93.26,93.29,93.21,93.24,193
1790248200,93.25,93.33,93.21,93.32,116
1790248260,93.31,93.37,93.29,93.35,89
1790248320,93.36,93.36,93.31,93.33,86
1790248380,93.33,93.38,93.28,93.3,113
1790248440,93.31,93.31,93.22,93.25,204
1790248500,93.27,93.35,92.89,93.09,831
1790248560,93.1,93.13,92.96,93.06,268
1790248620,93.02,93.24,93.01,93.23,168
1790248680,93.24,93.43,93.23,93.38,255
1790248740,93.37,93.46,93.37,93.41,162
1790248800,93.41,93.44,93.22,93.26,153
1790248860,93.26,93.4,93.25,93.37,113
1790248920,93.36,93.37,93.28,93.34,69
1790248980,93.35,93.37,93.31,93.34,55
1790249040,93.34,93.4,93.33,93.39,70
1790249100,93.4,93.45,93.39,93.41,129
1790249160,93.41,93.44,93.37,93.38,90
1790249220,93.39,93.42,93.39,93.41,21
1790249280,93.4,93.47,93.38,93.46,70
1790249340,93.45,93.46,93.43,93.43,50
1790249400,93.43,93.43,93.33,93.42,147
1790249460,93.43,93.44,93.35,93.38,70
1790249520,93.37,93.37,93.31,93.33,97
1790249580,93.34,93.36,93.28,93.35,80
1790249640,93.36,93.43,93.33,93.43,64
1790249700,93.44,93.57,93.43,93.48,231
1790249760,93.48,93.56,93.47,93.56,87
1790249820,93.56,93.65,93.56,93.64,226
1790249880,93.64,93.67,93.61,93.66,171
1790249940,93.67,93.7,93.65,93.68,164
1790250000,93.68,93.69,93.64,93.67,80
1790250060,93.67,93.74,93.63,93.7,171
1790250120,93.7,93.72,93.69,93.71,49
1790250180,93.7,93.76,93.7,93.75,69
1790250240,93.75,93.76,93.68,93.68,90
1790250300,93.69,93.76,93.68,93.74,147
1790250360,93.75,93.76,93.68,93.69,125
1790250420,93.71,93.71,93.65,93.66,53
1790250480,93.66,93.66,93.56,93.63,190
1790250540,93.62,93.72,93.62,93.7,131
1790250600,93.71,93.75,93.7,93.74,168
1790250660,93.73,93.77,93.64,93.69,258
1790250720,93.7,93.7,93.56,93.64,105
1790250780,93.64,93.66,93.6,93.65,126
1790250840,93.65,93.7,93.6,93.7,93
1790250900,93.69,93.76,93.68,93.74,82
1790250960,93.75,93.76,93.69,93.7,102
1790251020,93.71,93.72,93.64,93.64,72
1790251080,93.65,93.65,93.52,93.54,189
1790251140,93.52,93.58,93.41,93.48,595
1790251200,93.48,93.67,93.44,93.64,372
1790251260,93.64,93.66,93.56,93.61,158
1790251320,93.63,93.67,93.5,93.58,272
1790251380,93.6,93.73,93.58,93.73,162
1790251440,93.72,93.76,93.7,93.72,90
1790251500,93.73,93.74,93.64,93.65,172
1790251560,93.65,93.71,93.63,93.69,72
1790251620,93.69,93.83,93.69,93.83,138
1790251680,93.82,93.83,93.71,93.78,112
1790251740,93.77,93.84,93.77,93.78,117
1790251800,93.8,93.81,93.76,93.76,52
1790251860,93.77,93.87,93.76,93.84,141
1790251920,93.84,93.9,93.82,93.84,191
1790251980,93.83,93.85,93.72,93.72,190
1790252040,93.71,93.79,93.67,93.79,282
1790252100,93.8,93.81,93.64,93.64,184
1790252160,93.63,93.71,93.62,93.69,153
1790252220,93.7,93.71,93.65,93.7,81
1790252280,93.7,93.73,93.66,93.69,83
1790252340,93.66,93.73,93.58,93.58,169
1790252400,93.57,93.61,93.5,93.58,97
1790252460,93.59,93.63,93.54,93.61,72
1790252520,93.6,93.69,93.6,93.67,57
1790252580,93.66,93.69,93.6,93.62,88
1790252640,93.62,93.68,93.57,93.57,64
1790252700,93.58,93.68,93.52,93.64,169
1790252760,93.63,93.77,93.62,93.65,227
1790252820,93.66,93.77,93.65,93.74,96
1790252880,93.72,93.84,93.69,93.77,184
1790252940,93.77,93.84,93.77,93.78,93
1790253000,93.78,93.83,93.74,93.78,112
1790253060,93.77,93.83,93.75,93.83,101
1790253120,93.83,93.9,93.82,93.86,172
1790253180,93.86,93.94,93.83,93.9,151
1790253240,93.9,93.9,93.81,93.84,71
1790253300,93.84,93.85,93.81,93.83,55
1790253360,93.82,93.9,93.8,93.86,83
1790253420,93.85,93.93,93.82,93.92,96
1790253480,93.93,93.99,93.9,93.95,189
1790253540,93.95,94,93.93,93.99,159
1790253600,93.99,93.99,93.92,93.94,108
1790253660,93.95,93.96,93.85,93.89,234
1790253720,93.88,93.91,93.83,93.86,101
1790253780,93.86,93.86,93.73,93.76,127
1790253840,93.76,93.82,93.75,93.75,130
1790253900,93.76,93.79,93.74,93.74,131
1790253960,93.74,93.75,93.69,93.71,83
1790254020,93.71,93.79,93.7,93.78,111
1790254080,93.78,93.85,93.71,93.73,161
1790254140,93.74,93.9,93.74,93.88,126
1790254200,93.89,93.92,93.8,93.8,117
1790254260,93.8,93.82,93.7,93.72,100
1790254320,93.72,93.78,93.67,93.69,105
1790254380,93.68,93.72,93.68,93.7,83
1790254440,93.69,93.7,93.64,93.65,223
1790254500,93.66,93.69,93.54,93.57,266
1790254560,93.56,93.7,93.54,93.64,224
1790254620,93.64,93.75,93.64,93.69,196
1790254680,93.69,93.82,93.69,93.81,174
1790254740,93.84,93.96,93.81,93.92,278
1790254800,93.92,93.98,93.66,93.7,1203
1790254860,93.7,93.71,93.58,93.6,581
1790254920,93.61,93.67,93.55,93.62,474
1790254980,93.63,93.69,93.55,93.68,258
1790255040,93.68,93.76,93.58,93.61,265
1790255100,93.61,93.62,93.52,93.58,207
1790255160,93.57,93.67,93.57,93.66,159
1790255220,93.66,93.79,93.64,93.76,496
1790255280,93.77,93.85,93.76,93.77,449
1790255340,93.77,93.79,93.72,93.76,135
1790255400,93.76,93.78,93.6,93.73,434
1790255460,93.73,93.73,93.62,93.63,138
1790255520,93.65,93.7,93.59,93.63,349
1790255580,93.63,93.64,93.54,93.6,142
1790255640,93.61,93.62,93.56,93.58,84
1790255700,93.59,93.71,93.58,93.7,297
1790255760,93.67,93.72,93.6,93.71,199
1790255820,93.72,93.73,93.64,93.7,161
1790255880,93.7,93.72,93.67,93.7,135
1790255940,93.7,93.72,93.62,93.64,175
1790256000,93.66,93.68,93.62,93.64,100
1790256060,93.64,93.72,93.59,93.72,257
1790256120,93.71,93.84,93.71,93.83,376
1790256180,93.82,93.95,93.82,93.89,604
1790256240,93.88,93.94,93.87,93.92,340
1790256300,93.92,94.01,93.92,93.95,270
1790256360,93.95,93.98,93.87,93.93,398
1790256420,93.93,94.05,93.93,93.99,609
1790256480,93.99,94.03,93.95,94.01,401
1790256540,94.01,94.02,93.87,93.94,207
1790256600,93.95,94.03,93.93,93.95,321
1790256660,93.95,94.14,93.94,94.1,669
1790256720,94.09,94.14,94.07,94.1,329
1790256780,94.12,94.23,94.1,94.2,875
1790256840,94.2,94.2,94.11,94.16,245
1790256900,94.15,94.21,94.11,94.17,235
1790256960,94.17,94.3,94.14,94.29,316
1790257020,94.3,94.45,94.29,94.34,718
1790257080,94.34,94.34,94.27,94.33,238
1790257140,94.32,94.36,94.28,94.33,196
1790257200,94.34,94.41,94.32,94.41,436
1790257260,94.4,94.47,94.4,94.45,279
1790257320,94.45,94.47,94.28,94.32,339
1790257380,94.32,94.33,94.25,94.25,217
1790257440,94.25,94.31,94.24,94.28,131
1790257500,94.27,94.37,94.18,94.19,230
1790257560,94.18,94.27,94.18,94.21,204
1790257620,94.21,94.29,94.18,94.26,166
1790257680,94.27,94.29,94.13,94.17,224
1790257740,94.17,94.3,94.17,94.27,240
1790257800,94.28,94.31,94.2,94.22,174
1790257860,94.21,94.26,94.16,94.24,290
1790257920,94.24,94.24,94.04,94.08,207
1790257980,94.07,94.11,93.94,94.01,354
1790258040,94,94.04,93.98,94.02,217
1790258100,94.02,94.07,94,94.04,174
1790258160,94.04,94.06,93.96,93.99,170
1790258220,93.99,94.12,93.99,94.11,390
1790258280,94.1,94.19,94.09,94.14,316
1790258340,94.15,94.2,94.11,94.11,284
1790258400,94.13,94.3,94.1,94.11,538
1790258460,94.1,94.12,94.01,94.03,188
1790258520,94.03,94.05,93.97,94.04,266
1790258580,94.04,94.12,94.03,94.04,211
1790258640,94.04,94.04,93.95,93.96,161
1790258700,93.98,94.1,93.97,94.04,329
1790258760,94.04,94.17,94.02,94.1,286
1790258820,94.1,94.11,94.03,94.05,212
1790258880,94.05,94.15,94.05,94.09,423
1790258940,94.09,94.09,94.04,94.06,178
1790259000,94.06,94.15,94.05,94.13,141
1790259060,94.13,94.14,94.04,94.09,156
1790259120,94.09,94.23,94.07,94.16,233
1790259180,94.16,94.26,94.14,94.24,375
1790259240,94.24,94.3,94.19,94.28,546
1790259300,94.28,94.38,94.16,94.37,427
1790259360,94.36,94.46,94.36,94.4,353
1790259420,94.4,94.6,94.4,94.56,759
1790259480,94.55,94.59,94.42,94.44,355
1790259540,94.45,94.61,94.44,94.58,280
1790259600,94.59,94.65,94.52,94.59,393
1790259660,94.58,94.64,94.54,94.62,240
1790259720,94.62,94.64,94.55,94.6,276
1790259780,94.61,94.65,94.54,94.63,183
1790259840,94.63,94.77,94.62,94.69,411
1790259900,94.7,94.75,94.66,94.69,255
1790259960,94.69,94.7,94.57,94.58,332
1790260020,94.58,94.62,94.53,94.62,200
1790260080,94.62,94.64,94.57,94.59,115
1790260140,94.6,94.71,94.6,94.68,233
1790260200,94.69,94.82,94.67,94.77,475
1790260260,94.77,94.77,94.65,94.66,187
1790260320,94.64,94.81,94.64,94.8,254
1790260380,94.8,94.85,94.76,94.76,227
1790260440,94.77,94.81,94.75,94.8,106
1790260500,94.8,94.86,94.78,94.82,444
1790260560,94.82,94.97,94.8,94.91,705
1790260620,94.9,94.9,94.84,94.85,326
1790260680,94.87,95.03,94.87,95.02,418
1790260740,95.02,95.09,94.96,95.04,488
1790260800,95.04,95.13,95,95.11,497
1790260860,95.12,95.15,95.04,95.11,340
1790260920,95.1,95.24,95.07,95.19,655
1790260980,95.18,95.29,95.14,95.28,344
1790261040,95.28,95.29,95.19,95.24,307
1790261100,95.24,95.33,95.17,95.31,495
1790261160,95.31,95.37,95.3,95.31,363
1790261220,95.31,95.31,95.22,95.26,309
1790261280,95.26,95.27,95.16,95.18,495
1790261340,95.19,95.27,95.18,95.22,282
1790261400,95.23,95.25,95.06,95.19,966
1790261460,95.18,95.22,95.14,95.17,314
1790261520,95.17,95.26,95.1,95.24,405
1790261580,95.26,95.31,95.21,95.26,289
1790261640,95.26,95.35,95.22,95.27,344
1790261700,95.28,95.41,95.28,95.38,415
1790261760,95.4,95.48,95.4,95.44,532
1790261820,95.45,95.63,95.45,95.6,837
1790261880,95.6,95.73,95.58,95.69,820
1790261940,95.71,95.71,95.55,95.56,549
1790262000,95.57,95.61,95.48,95.6,838
1790262060,95.61,95.72,95.57,95.69,271
1790262120,95.69,95.84,95.66,95.8,655
1790262180,95.8,95.84,95.75,95.83,619
1790262240,95.83,95.83,95.68,95.68,518
1790262300,95.69,95.76,95.63,95.75,315
1790262360,95.74,95.79,95.7,95.75,332
1790262420,95.77,95.84,95.75,95.78,281
1790262480,95.77,95.78,95.72,95.77,237
1790262540,95.77,95.86,95.77,95.78,264
1790262600,95.79,95.81,95.7,95.72,293
1790262660,95.71,95.71,95.63,95.69,522
1790262720,95.7,95.8,95.65,95.78,370
1790262780,95.79,95.95,95.76,95.93,625
1790262840,95.92,95.96,95.87,95.95,389
1790262900,95.96,95.98,95.81,95.97,565
1790262960,95.95,95.96,95.79,95.93,993
1790263020,95.93,95.97,95.89,95.93,355
1790263080,95.94,95.95,95.88,95.95,293
1790263140,95.95,96,95.87,95.88,465
1790263200,95.87,95.92,95.82,95.89,439
1790263260,95.89,95.96,95.86,95.86,320
1790263320,95.86,95.86,95.69,95.71,568
1790263380,95.71,95.82,95.7,95.81,337
1790263440,95.82,95.88,95.76,95.85,312
1790263500,95.82,96.04,95.82,95.97,877
1790263560,95.98,96.13,95.96,96.12,576
1790263620,96.12,96.37,96.1,96.31,1195
1790263680,96.31,96.37,96.25,96.29,738
1790263740,96.29,96.43,96.29,96.41,1029
1790263800,96.4,96.43,96.32,96.41,880
1790263860,96.42,96.44,96.24,96.31,499
1790263920,96.31,96.44,96.31,96.33,402
1790263980,96.32,96.45,96.31,96.42,333
1790264040,96.42,96.46,96.32,96.33,391
1790264100,96.32,96.36,96.27,96.28,442
1790264160,96.28,96.43,96.18,96.4,624
1790264220,96.4,96.45,96.35,96.36,393
1790264280,96.35,96.46,96.35,96.44,237
1790264340,96.43,96.44,96.3,96.32,296
1790264400,96.33,96.33,96.18,96.22,238
1790264460,96.22,96.23,96.11,96.2,418
1790264520,96.2,96.3,96.16,96.17,284
1790264580,96.18,96.23,96.13,96.22,145
1790264640,96.22,96.25,96.16,96.24,243
1790264700,96.23,96.29,96.15,96.17,318
1790264760,96.17,96.18,96.06,96.15,398
1790264820,96.16,96.22,96.13,96.2,262
1790264880,96.19,96.23,96.14,96.2,126
1790264940,96.2,96.33,96.2,96.31,315
1790265000,96.33,96.41,96.29,96.3,399
1790265060,96.3,96.3,96.23,96.25,229
1790265120,96.25,96.32,96.19,96.3,294
1790265180,96.29,96.37,96.29,96.34,343
1790265240,96.33,96.4,96.29,96.37,494
1790265300,96.38,96.47,96.33,96.45,385
1790265360,96.44,96.48,96.41,96.41,245
1790265420,96.42,96.45,96.4,96.41,379
1790265480,96.42,96.47,96.4,96.42,356
1790265540,96.41,96.51,96.4,96.48,584
1790265600,96.48,96.64,96.38,96.6,940
1790265660,96.6,96.72,96.55,96.7,907
1790265720,96.7,96.72,96.64,96.69,512
1790265780,96.69,96.77,96.67,96.71,415
1790265840,96.72,96.78,96.64,96.65,416
1790265900,96.65,96.68,96.58,96.61,514
1790265960,96.6,96.64,96.53,96.59,497
1790266020,96.6,96.66,96.58,96.59,255
1790266080,96.59,96.64,96.58,96.62,203
1790266140,96.62,96.62,96.55,96.61,184
1790266200,96.62,96.72,96.61,96.67,247
1790266260,96.69,96.7,96.66,96.67,178
1790266320,96.67,96.71,96.61,96.62,144
1790266380,96.62,96.7,96.62,96.65,462
1790266440,96.65,96.66,96.34,96.34,665
1790266500,96.34,96.4,95.06,95.16,6502
1790266560,95.16,95.24,94.23,94.33,4995
1790266620,94.32,94.5,94.12,94.16,3165
1790266680,94.15,94.2,93.8,94.09,2961
1790266740,94.1,94.24,93.75,94.06,2880
1790266800,94.04,94.15,93.6,94.12,3609
1790266860,94.12,94.26,94.05,94.24,1752
1790266920,94.23,94.48,94.23,94.34,1726
1790266980,94.33,94.62,94.32,94.55,1557
1790267040,94.54,94.65,94.33,94.44,1243
1790267100,94.43,94.77,94.41,94.75,874
1790267160,94.75,94.81,94.44,94.59,785
1790267220,94.57,94.64,94.3,94.36,809
1790267280,94.36,94.4,94.2,94.22,507
1790267340,94.23,94.27,94.07,94.12,589
1790267400,94.1,94.11,93.94,94,833
1790267460,94,94.18,93.99,94.17,616
1790267520,94.16,94.23,94.01,94.1,525
1790267580,94.09,94.13,93.78,93.8,930
1790267640,93.8,93.88,93.7,93.82,1163
1790267700,93.82,93.97,93.61,93.69,1003
1790267760,93.69,93.7,93.47,93.57,797
1790267820,93.57,93.73,93.54,93.73,747
1790267880,93.73,93.83,93.64,93.82,682
1790267940,93.81,93.85,93.52,93.52,792
1790268000,93.53,93.64,93.37,93.37,583
1790268060,93.38,93.51,93.31,93.45,926
1790268120,93.45,93.55,93.36,93.54,913
1790268180,93.54,93.61,93.43,93.56,748
1790268240,93.57,93.77,93.43,93.74,729
1790268300,93.74,93.95,93.73,93.85,810
1790268360,93.85,93.86,93.54,93.69,1058
1790268420,93.67,93.95,93.63,93.9,714
1790268480,93.89,93.92,93.79,93.89,344
1790268540,93.89,93.99,93.89,93.95,393
1790268600,93.95,93.95,93.87,93.93,398
1790268660,93.93,93.94,93.7,93.72,383
1790268720,93.71,93.99,93.69,93.96,296
1790268780,93.97,94.22,93.96,94.21,605
1790268840,94.21,94.36,94.12,94.35,868
1790268900,94.34,94.45,94.28,94.45,638
1790268960,94.45,94.49,94.42,94.43,527
1790269020,94.42,94.46,94.38,94.39,549
1790269080,94.4,94.41,94.31,94.33,469
1790269140,94.33,94.42,94.29,94.42,368
1790269200,94.41,94.59,94.28,94.29,684
1790269260,94.3,94.3,94.03,94.12,666
1790269320,94.11,94.19,93.92,93.98,353
1790269380,94,94.1,93.81,94.07,787
1790269440,94.07,94.4,94.03,94.28,1448
1790269500,94.28,94.34,94.16,94.28,495
1790269560,94.27,94.31,94.17,94.22,376
1790269620,94.23,94.26,94.06,94.14,486
1790269680,94.15,94.35,94.15,94.28,404
1790269740,94.29,94.32,94.22,94.28,263
1790269800,94.26,94.72,94.26,94.57,1895
1790269860,94.57,94.61,94.51,94.54,453
1790269920,94.54,94.57,94.42,94.53,417
1790269980,94.51,94.55,94.43,94.45,295
1790270040,94.43,94.45,94.31,94.34,497
1790270100,94.32,94.54,94.32,94.37,307
1790270160,94.37,94.37,94.3,94.36,140
1790270220,94.36,94.43,94.32,94.41,260
1790270280,94.4,94.48,94.4,94.47,246
1790270340,94.48,94.58,94.43,94.58,173
1790270400,94.57,94.8,94.57,94.71,820
1790270460,94.7,94.78,94.64,94.71,668
1790270520,94.73,94.75,94.57,94.62,578
1790270580,94.62,94.85,94.61,94.8,446
1790270640,94.81,94.96,94.78,94.88,548
1790270700,94.9,94.95,94.86,94.92,510
1790270760,94.91,95,94.88,94.91,486
1790270820,94.89,94.94,94.85,94.89,266
1790270880,94.9,95.01,94.88,94.95,422
1790270940,94.96,94.96,94.75,94.78,340
1790271000,94.78,94.8,94.68,94.73,395
1790271060,94.73,94.79,94.7,94.71,254
1790271120,94.72,94.83,94.71,94.82,209
1790271180,94.83,94.94,94.82,94.83,229
1790271240,94.82,94.9,94.82,94.88,175
1790271300,94.86,94.99,94.86,94.99,214
1790271360,94.98,95.04,94.96,94.98,301
1790271420,95,95.23,95,95.19,585
1790271480,95.19,95.34,95.17,95.31,516
1790271540,95.29,95.29,95.23,95.29,202
1790271600,95.27,95.31,95.25,95.28,198
1790271660,95.27,95.43,95.22,95.27,614
1790271720,95.27,95.29,95.2,95.28,320
1790271780,95.29,95.52,95.27,95.48,551
1790271840,95.49,95.61,95.47,95.57,535
1790271900,95.57,95.65,95.51,95.62,510
1790271960,95.61,95.63,95.53,95.57,289
1790272020,95.57,95.63,95.54,95.54,240
1790272080,95.53,95.58,95.49,95.55,263
1790272140,95.55,95.56,95.47,95.5,213
1790272200,95.51,95.62,95.51,95.54,287
1790272260,95.53,95.54,95.43,95.49,320
1790272320,95.49,95.54,95.46,95.48,352
1790272380,95.48,95.52,95.36,95.36,689
1790272440,95.37,95.6,95.37,95.51,417
1790272500,95.51,95.56,95.43,95.49,300
1790272560,95.48,95.53,95.4,95.52,388
1790272620,95.52,95.52,95.31,95.39,561
1790272680,95.39,95.46,95.27,95.28,285
1790272740,95.28,95.3,95.18,95.3,424
1790272800,95.3,95.33,95.1,95.11,478
1790272860,95.11,95.11,95,95.06,446
1790272920,95.07,95.18,95.05,95.13,257
1790272980,95.13,95.24,95.04,95.2,154
1790273040,95.19,95.29,95.15,95.24,327
1790273100,95.24,95.25,95.07,95.15,229
1790273160,95.14,95.16,95.02,95.04,204
1790273220,95.02,95.07,94.95,94.96,261
1790273280,94.95,95,94.88,94.98,325
1790273340,94.99,95.01,94.88,94.9,253
1790273400,94.9,95,94.89,94.97,301
1790273460,94.97,94.99,94.88,94.94,199
1790273520,94.93,94.93,94.73,94.79,322
1790273580,94.79,94.79,94.59,94.64,478
1790273640,94.64,94.64,94.49,94.55,487
1790273700,94.57,94.57,94.39,94.47,415
1790273760,94.47,94.49,94.39,94.45,322
1790273820,94.44,94.84,94.41,94.74,650
1790273880,94.72,94.84,94.63,94.81,488
1790273940,94.81,94.85,94.72,94.82,342
1790274000,94.82,94.84,94.7,94.74,284
1790274060,94.74,94.87,94.64,94.65,439
1790274120,94.66,94.78,94.59,94.75,418
1790274180,94.75,94.79,94.66,94.69,240
1790274240,94.68,94.71,94.62,94.65,299
1790274300,94.65,94.66,94.3,94.44,1419
1790274360,94.44,94.45,94.27,94.37,570
1790274420,94.38,94.61,94.33,94.6,462
1790274480,94.6,94.71,94.49,94.62,2176
1790274540,94.63,94.71,94.57,94.71,2065
1790274600,94.71,94.72,94.64,94.68,440
1790274660,94.66,94.71,94.58,94.68,309
1790274720,94.67,94.7,94.62,94.64,114
1790274780,94.63,94.67,94.56,94.65,358
1790274840,94.64,94.68,94.6,94.6,196
1790274900,94.6,94.75,94.54,94.71,454
1790274960,94.71,94.81,94.66,94.79,322
1790275020,94.79,94.85,94.74,94.74,229
1790275080,94.74,94.8,94.12,94.13,1794
1790275140,94.13,94.29,93.88,94.26,1645
1790275200,94.28,94.5,94.28,94.35,625
1790275260,94.35,94.42,94.28,94.3,343
1790275320,94.31,94.45,94.3,94.4,266
1790275380,94.41,94.58,94.41,94.41,245
1790275440,94.44,94.59,94.35,94.55,299
1790275500,94.57,94.57,94.42,94.43,69
1790275560,94.45,94.52,94.42,94.48,204
1790275620,94.47,94.5,94.43,94.45,63
1790275680,94.43,94.49,94.43,94.44,54
1790275740,94.45,94.46,94.34,94.37,183
1790275800,94.38,94.46,94.2,94.35,693
1790275860,94.36,94.42,94.34,94.4,101
1790275920,94.39,94.46,94.32,94.36,251
1790275980,94.37,94.45,94.37,94.45,98
1790276040,94.42,94.51,94.38,94.41,264
1790276100,94.42,94.47,94.42,94.45,49
1790276160,94.46,94.48,94.34,94.36,59
1790276220,94.35,94.42,94.32,94.39,78
1790276280,94.4,94.42,94.38,94.41,37
1790276340,94.4,94.44,94.38,94.39,53
1790276400,94.41,94.63,94.41,94.53,611
1790276460,94.53,94.85,94.47,94.62,794
1790276520,94.63,94.95,94.57,94.9,517
1790276580,94.89,94.92,94.83,94.83,241
1790276640,94.84,95.06,94.82,94.96,351
1790276700,94.96,94.97,94.83,94.88,171
1790276760,94.89,94.94,94.85,94.87,110
1790276820,94.89,94.94,94.88,94.91,166
1790276880,94.92,94.97,94.92,94.93,94
1790276940,94.92,94.93,94.83,94.86,107
1790277000,94.88,94.95,94.88,94.94,48
1790277060,94.94,95.13,94.94,95.11,195
1790277120,95.11,95.16,95.07,95.14,170
1790277180,95.14,95.24,95.12,95.22,175
1790277240,95.23,95.41,95.23,95.32,391
1790277300,95.31,95.31,95.12,95.14,258
1790277360,95.14,95.23,95.11,95.14,138
1790277420,95.13,95.34,95.1,95.34,308
1790277480,95.35,95.41,95.25,95.39,289
1790277540,95.38,95.45,95.37,95.42,144
1790277600,95.42,95.47,95.41,95.47,109
1790277660,95.48,95.48,95.39,95.39,118
1790277720,95.39,95.42,95.33,95.36,365
1790277780,95.34,95.37,95.32,95.35,61
1790277840,95.35,95.35,95.3,95.34,66
1790277900,95.34,95.37,95.3,95.33,102
1790277960,95.33,95.33,95.28,95.28,105
1790278020,95.29,95.32,95.27,95.32,65
1790278080,95.31,95.35,95.29,95.3,36
1790278140,95.29,95.31,95.25,95.3,84
1790278200,95.3,95.44,95.3,95.37,208
1790278260,95.37,95.4,95.34,95.37,133
1790278320,95.37,95.41,95.34,95.35,94
1790278380,95.35,95.35,95.29,95.29,55
1790278440,95.29,95.31,95.17,95.2,175
1790278500,95.2,95.36,95.18,95.29,201
1790278560,95.29,95.32,95.26,95.31,101
1790278620,95.31,95.33,95.29,95.29,35
1790278680,95.29,95.3,95.25,95.28,81
1790278740,95.27,95.29,95.18,95.18,151
1790278800,95.19,95.26,95.17,95.21,135
1790278860,95.2,95.25,95.19,95.25,114
1790278920,95.25,95.28,95.23,95.26,53
1790278980,95.27,95.31,95.23,95.24,92
1790279040,95.25,95.3,95.25,95.3,25
1790279100,95.31,95.32,95.28,95.29,39
1790279160,95.28,95.29,95.16,95.18,69
1790279220,95.18,95.23,95.14,95.2,132
1790279280,95.2,95.26,95.19,95.21,127
1790279340,95.19,95.23,95.17,95.23,48
1790279400,95.21,95.24,95.15,95.23,99
1790279460,95.22,95.22,95.07,95.13,147
1790279520,95.14,95.16,95.05,95.06,108
1790279580,95.05,95.13,95.05,95.13,101
1790279640,95.13,95.13,95.1,95.12,45
1790279700,95.11,95.13,95.08,95.08,38
1790279760,95.1,95.15,95.08,95.15,92
1790279820,95.14,95.19,95.12,95.19,116
1790279880,95.16,95.2,95.15,95.19,67
1790279940,95.18,95.26,95.17,95.21,172
1790280000,95.22,95.23,95.15,95.22,88
1790280060,95.23,95.26,95.19,95.22,86
1790280120,95.22,95.28,95.22,95.24,35
1790280180,95.26,95.29,95.22,95.29,40
1790280240,95.3,95.3,95.27,95.27,30
1790280300,95.25,95.25,95.22,95.22,16
1790280360,95.24,95.3,95.24,95.3,18
1790280420,95.31,95.34,95.27,95.31,54
1790280480,95.29,95.33,95.29,95.31,24
1790280540,95.32,95.4,95.31,95.33,157
1790280600,95.34,95.38,95.33,95.37,85
1790280660,95.37,95.38,95.34,95.34,61
1790280720,95.35,95.36,95.29,95.3,37
1790280780,95.31,95.36,95.31,95.36,8
1790280840,95.37,95.37,95.32,95.34,38
1790280900,95.35,95.42,95.35,95.4,64
1790280960,95.42,95.5,95.41,95.48,82
1790281020,95.48,95.48,95.43,95.46,61
1790281080,95.44,95.46,95.35,95.36,69
1790281140,95.35,95.37,95.31,95.34,42
1790281200,95.32,95.34,95.31,95.32,52
1790281260,95.3,95.32,95.19,95.2,189
1790281320,95.21,95.3,95.14,95.28,183
1790281380,95.28,95.36,95.28,95.34,28
1790281440,95.31,95.33,95.28,95.3,69
1790281500,95.3,95.31,95.28,95.3,41
1790281560,95.28,95.3,95.27,95.29,36
1790281620,95.29,95.3,95.17,95.19,93
1790281680,95.2,95.2,95.13,95.15,32
1790281740,95.15,95.16,95.09,95.09,30
1790281800,95.08,95.1,95.05,95.07,55
1790281860,95.08,95.09,95.04,95.05,29
1790281920,95.04,95.07,94.99,94.99,70
1790281980,95.01,95.01,94.97,94.99,33
1790282040,94.98,94.98,94.93,94.93,64
1790282100,94.94,94.98,94.88,94.97,155
1790282160,94.98,95.09,94.98,95.06,78
1790282220,95.07,95.27,95.07,95.26,180
1790282280,95.28,95.3,95.14,95.16,78
1790282340,95.16,95.16,95.02,95.03,61
1790282400,95.04,95.06,95.01,95.01,29
1790282460,95,95,94.92,94.92,107
1790282520,94.93,94.96,94.9,94.95,45
1790282580,94.95,94.96,94.91,94.92,76
1790282640,94.94,94.98,94.93,94.93,15
1790282700,94.95,94.96,94.88,94.89,98
1790282760,94.89,94.9,94.81,94.81,44
1790282820,94.83,94.83,94.71,94.75,94
1790282880,94.76,94.76,94.7,94.74,51
1790282940,94.74,94.81,94.73,94.77,47
1790283000,94.78,94.84,94.68,94.83,116
1790283060,94.85,94.88,94.81,94.83,29
1790283120,94.82,94.85,94.81,94.81,22
1790283180,94.83,94.87,94.81,94.87,19
1790283240,94.86,94.87,94.8,94.81,52
1790283300,94.81,94.81,94.76,94.76,35
1790283360,94.78,94.81,94.75,94.78,44
1790283420,94.78,94.83,94.73,94.77,109
1790283480,94.78,94.82,94.76,94.8,41
1790283540,94.79,94.8,94.76,94.76,68
1790287200,94.75,94.75,94.53,94.53,140
1790287260,94.51,94.54,94.27,94.45,174
1790287320,94.44,94.48,94.37,94.48,111
1790287380,94.49,94.49,94.43,94.45,55
1790287440,94.46,94.61,94.43,94.5,176
1790287500,94.56,94.62,94.53,94.61,78
1790287560,94.61,94.68,94.59,94.68,103
1790287620,94.68,94.74,94.54,94.61,96
1790287680,94.6,94.6,94.46,94.51,94
1790287740,94.54,94.54,94.52,94.53,7
1790287800,94.5,94.51,94.47,94.51,16
1790287860,94.51,94.52,94.48,94.48,14
1790287920,94.49,94.52,94.46,94.5,48
1790287980,94.49,94.51,94.47,94.5,15
1790288040,94.5,94.5,94.46,94.48,10
1790288100,94.47,94.48,94.47,94.48,8
1790288160,94.46,94.47,94.35,94.39,31
1790288220,94.39,94.4,94.34,94.36,36
1790288280,94.35,94.38,94.34,94.35,84
1790288340,94.34,94.37,94.31,94.33,40
1790288400,94.37,94.38,94.31,94.35,30
1790288460,94.35,94.35,94.3,94.33,20
1790288520,94.32,94.34,94.31,94.31,11
1790288580,94.32,94.32,94.28,94.29,19
1790288640,94.3,94.34,94.3,94.34,13
1790288700,94.32,94.32,94.31,94.32,4
1790288760,94.33,94.33,94.24,94.28,41
1790288820,94.29,94.33,94.29,94.31,15
1790288880,94.31,94.32,94.29,94.29,6
1790288940,94.29,94.31,94.29,94.31,20
1790289000,94.31,94.44,94.31,94.42,182
1790289060,94.43,94.45,94.39,94.39,32
1790289120,94.4,94.42,94.4,94.41,8
1790289180,94.41,94.42,94.41,94.42,4
1790289240,94.4,94.41,94.39,94.41,11
1790289300,94.38,94.39,94.36,94.36,9
1790289360,94.37,94.4,94.37,94.4,2
1790289420,94.4,94.4,94.37,94.37,4
1790289480,94.37,94.37,94.37,94.37,6
1790289540,94.37,94.38,94.36,94.38,7
1790289600,94.4,94.5,94.4,94.5,165
1790289660,94.48,94.51,94.46,94.51,17
1790289720,94.51,94.51,94.46,94.48,15
1790289780,94.48,94.49,94.46,94.46,12
1790289840,94.46,94.46,94.42,94.42,16
1790289900,94.45,94.48,94.43,94.43,10
1790289960,94.44,94.44,94.41,94.41,6
1790290020,94.41,94.46,94.41,94.46,23
1790290080,94.42,94.42,94.41,94.41,4
1790290140,94.4,94.4,94.38,94.38,6
1790290200,94.39,94.39,94.37,94.37,8
1790290260,94.37,94.38,94.36,94.37,16
1790290320,94.38,94.42,94.38,94.42,6
1790290380,94.42,94.42,94.4,94.4,4
1790290440,94.39,94.39,94.39,94.39,1
1790290500,94.39,94.39,94.37,94.37,4
1790290560,94.37,94.38,94.37,94.38,2
1790290620,94.37,94.37,94.37,94.37,4
1790290680,94.36,94.37,94.32,94.33,10
1790290740,94.36,94.36,94.35,94.36,4
1790290800,94.34,94.41,94.32,94.37,67
1790290860,94.36,94.38,94.31,94.32,83
1790290920,94.32,94.35,94.27,94.35,52
1790290980,94.36,94.36,94.34,94.34,4
1790291040,94.35,94.35,94.35,94.35,2
1790291100,94.35,94.35,94.35,94.35,1
1790291160,94.35,94.35,94.32,94.34,8
1790291220,94.34,94.34,94.32,94.32,17
1790291280,94.32,94.32,94.3,94.3,18
1790291340,94.3,94.3,94.27,94.27,18
1790291400,94.27,94.27,94.24,94.26,28
1790291460,94.27,94.29,94.26,94.29,13
1790291580,94.25,94.25,94.22,94.22,36
1790291640,94.22,94.22,94.21,94.21,27
1790291700,94.21,94.26,94.21,94.22,31
1790291760,94.24,94.24,94.18,94.2,36
1790291820,94.2,94.22,94.2,94.21,6
1790291880,94.22,94.22,94.19,94.19,7
1790291940,94.19,94.19,94.1,94.11,61
1790292000,94.13,94.14,94.03,94.03,120
1790292060,94.05,94.1,94.04,94.06,88
1790292120,94.06,94.08,94.06,94.07,8
1790292180,94.08,94.1,94.08,94.1,5
1790292240,94.09,94.1,94.07,94.09,20
1790292300,94.09,94.1,94.07,94.09,18
1790292360,94.09,94.1,94.08,94.1,7
1790292420,94.09,94.13,94.08,94.1,88
1790292480,94.12,94.13,94.1,94.12,41
1790292540,94.1,94.11,94.07,94.07,72
1790292600,94.08,94.11,94.06,94.09,48
1790292660,94.08,94.1,94.05,94.06,15
1790292720,94.06,94.07,94.04,94.05,21
1790292780,94.04,94.05,94.03,94.03,23
1790292840,94.04,94.06,94.04,94.06,13
1790292900,94.06,94.08,94.06,94.06,16
1790292960,94.06,94.06,94,94.01,57
1790293020,94.02,94.03,94.01,94.03,14
1790293080,94.03,94.03,93.99,94,32
1790293140,94.01,94.02,94.01,94.02,12
1790293200,94.01,94.03,94.01,94.02,8
1790293260,94.02,94.02,94,94.01,24
1790293320,94.01,94.01,93.96,93.98,33
1790293380,93.98,93.98,93.94,93.97,37
1790293440,93.97,93.98,93.94,93.94,53
1790293500,93.93,93.94,93.92,93.92,18
1790293560,93.93,93.97,93.91,93.96,44
1790293620,93.96,93.97,93.92,93.92,14
1790293680,93.93,93.94,93.93,93.94,2
1790293740,93.97,93.98,93.95,93.96,16
1790293800,93.97,93.98,93.94,93.94,7
1790293860,93.96,93.99,93.96,93.97,66
1790293920,93.98,93.99,93.95,93.95,42
1790293980,93.94,93.94,93.9,93.91,32
1790294040,93.92,93.95,93.9,93.95,28
1790294100,93.95,93.96,93.95,93.96,11
1790294160,93.95,93.96,93.95,93.96,12
1790294220,93.95,93.99,93.93,93.97,38
1790294280,93.97,94.02,93.97,94.02,83
1790294340,94.01,94.03,93.95,93.97,48
1790294400,93.97,94.07,93.92,94.02,271
1790294460,94.01,94.01,93.81,93.84,255
1790294520,93.86,93.95,93.83,93.92,117
1790294580,93.91,93.96,93.9,93.92,26
1790294640,93.91,93.91,93.82,93.85,67
1790294700,93.87,93.87,93.82,93.84,29
1790294760,93.86,93.94,93.85,93.91,51
1790294820,93.91,93.96,93.88,93.88,25
1790294880,93.88,93.92,93.88,93.91,33
1790294940,93.91,93.96,93.89,93.96,73
1790295000,93.95,93.95,93.89,93.91,27
1790295060,93.89,93.91,93.88,93.91,6
1790295120,93.92,93.94,93.91,93.92,46
1790295180,93.94,93.94,93.75,93.79,121
1790295240,93.8,93.93,93.8,93.92,64
1790295300,93.9,93.91,93.85,93.87,24
1790295360,93.81,93.93,93.81,93.83,74
1790295420,93.83,93.9,93.83,93.88,36
1790295480,93.9,93.91,93.81,93.87,48
1790295540,93.88,93.91,93.84,93.85,48
1790295600,93.86,93.94,93.86,93.88,92
1790295660,93.89,93.92,93.89,93.92,32
1790295720,93.92,93.95,93.86,93.87,48
1790295780,93.86,93.86,93.85,93.86,5
1790295840,93.86,93.87,93.85,93.85,15
1790295900,93.87,93.89,93.82,93.82,82
1790295960,93.84,93.87,93.82,93.84,51
1790296020,93.84,93.84,93.77,93.78,45
1790296080,93.79,93.82,93.73,93.82,111
1790296140,93.82,93.82,93.8,93.8,43
1790296200,93.8,93.85,93.77,93.79,102
1790296260,93.8,93.8,93.77,93.78,21
1790296320,93.77,93.79,93.77,93.79,8
1790296380,93.81,93.81,93.77,93.78,28
1790296440,93.78,93.78,93.69,93.72,91
1790296500,93.74,93.74,93.68,93.73,69
1790296560,93.73,93.76,93.72,93.73,55
1790296620,93.74,93.74,93.69,93.73,43
1790296680,93.75,93.83,93.75,93.79,53
1790296740,93.78,93.78,93.75,93.77,6
1790296800,93.77,93.77,93.72,93.74,33
1790296860,93.77,93.77,93.67,93.7,59
1790296920,93.67,93.68,93.66,93.67,23
1790296980,93.67,93.72,93.64,93.7,57
1790297040,93.72,93.79,93.71,93.77,33
1790297100,93.77,93.86,93.77,93.79,100
1790297160,93.81,93.83,93.79,93.82,21
1790297220,93.82,93.91,93.82,93.83,125
1790297280,93.81,93.81,93.76,93.79,159
1790297340,93.79,93.8,93.78,93.79,26
1790297400,93.78,93.78,93.72,93.78,32
1790297460,93.78,93.8,93.77,93.78,26
1790297520,93.76,93.79,93.7,93.74,36
1790297580,93.72,93.76,93.66,93.67,44
1790297640,93.66,93.67,93.61,93.65,123
1790297700,93.65,93.65,93.63,93.65,13
1790297760,93.66,93.72,93.66,93.71,51
1790297820,93.7,93.7,93.64,93.66,23
1790297880,93.66,93.67,93.57,93.57,90
1790297940,93.6,93.64,93.55,93.62,51
1790298000,93.61,93.73,93.61,93.65,90
1790298060,93.65,93.69,93.63,93.67,113
1790298120,93.66,93.7,93.64,93.69,77
1790298180,93.68,93.71,93.68,93.69,20
1790298240,93.69,93.7,93.67,93.7,9
1790298300,93.72,93.72,93.63,93.67,34
1790298360,93.65,93.66,93.61,93.62,49
1790298420,93.62,93.64,93.62,93.62,17
1790298480,93.62,93.67,93.61,93.67,71
1790298540,93.66,93.72,93.64,93.7,62
1790298600,93.72,93.73,93.62,93.63,53
1790298660,93.64,93.64,93.56,93.56,92
1790298720,93.56,93.61,93.52,93.6,96
1790298780,93.6,93.61,93.57,93.6,43
1790298840,93.59,93.59,93.51,93.53,66
1790298900,93.51,93.56,93.51,93.56,50
1790298960,93.54,93.54,93.47,93.51,97
1790299020,93.5,93.5,93.45,93.45,40
1790299080,93.46,93.49,93.42,93.47,77
1790299140,93.48,93.49,93.4,93.41,103
1790299200,93.41,93.41,93.3,93.39,199
1790299260,93.39,93.42,93.35,93.35,41
1790299320,93.37,93.39,93.37,93.37,46
1790299380,93.37,93.37,93.33,93.36,42
1790299440,93.35,93.35,93.31,93.35,84
1790299500,93.33,93.36,93.3,93.32,75
1790299560,93.31,93.34,93.3,93.3,46
1790299620,93.29,93.29,93.2,93.26,318
1790299680,93.27,93.3,93.26,93.26,39
1790299740,93.26,93.3,93.25,93.27,55
1790299800,93.27,93.32,93.26,93.29,59
1790299860,93.29,93.4,93.24,93.29,205
1790299920,93.27,93.31,93.26,93.29,30
1790299980,93.28,93.28,93.24,93.25,39
1790300040,93.26,93.32,93.26,93.28,28
1790300100,93.28,93.28,93.22,93.23,41
1790300160,93.25,93.26,93.19,93.22,210
1790300220,93.22,93.25,93.18,93.2,194
1790300280,93.19,93.2,93.14,93.14,84
1790300340,93.15,93.16,93.12,93.12,41
1790300400,93.12,93.14,93.09,93.13,98
1790300460,93.12,93.2,93.07,93.15,130
1790300520,93.15,93.15,93.09,93.12,42
1790300580,93.13,93.14,93.07,93.08,52
1790300640,93.11,93.13,93.1,93.12,24
1790300700,93.11,93.13,93.09,93.09,33
1790300760,93.1,93.14,93.09,93.11,36
1790300820,93.12,93.12,93.06,93.09,71
1790300880,93.09,93.18,93.08,93.16,43
1790300940,93.17,93.18,93.11,93.13,41
1790301000,93.14,93.24,93.14,93.19,89
1790301060,93.22,93.38,93.22,93.34,204
1790301120,93.33,93.34,93.27,93.28,70
1790301180,93.29,93.33,93.26,93.32,37
1790301240,93.32,93.34,93.28,93.3,22
1790301300,93.31,93.31,93.26,93.28,19
1790301360,93.26,93.26,93.2,93.2,40
1790301420,93.21,93.23,93.19,93.22,11
1790301480,93.23,93.24,93.22,93.23,8
1790301540,93.22,93.24,93.18,93.18,22
1790301600,93.18,93.25,93.11,93.2,146
1790301660,93.18,93.19,93.14,93.14,29
1790301720,93.16,93.16,93.07,93.13,79
1790301780,93.14,93.16,93.11,93.11,25
1790301840,93.12,93.23,93.11,93.21,97
1790301900,93.2,93.22,93.18,93.2,35
1790301960,93.19,93.19,93.17,93.18,18
1790302020,93.17,93.17,93.15,93.15,17
1790302080,93.16,93.18,93.1,93.1,59
1790302140,93.1,93.11,93.07,93.1,48
1790302200,93.11,93.15,93.1,93.14,17
1790302260,93.14,93.14,93.08,93.09,18
1790302320,93.09,93.09,93.05,93.05,70
1790302380,93.05,93.07,93.03,93.06,74
1790302440,93.04,93.08,93.02,93.06,83
1790302500,93.08,93.08,92.96,92.99,211
1790302560,93,93.11,93,93.1,69
1790302620,93.1,93.1,93.03,93.03,32
1790302680,93.05,93.05,93.01,93.01,33
1790302740,93,93.02,92.95,92.99,61
1790302800,92.98,92.99,92.95,92.99,38
1790302860,92.97,92.98,92.95,92.96,78
1790302920,92.97,93.09,92.95,93.09,75
1790302980,93.05,93.12,93.05,93.12,33
1790303040,93.12,93.14,93.11,93.12,44
1790303100,93.13,93.17,93.12,93.13,73
1790303160,93.12,93.13,93.09,93.12,32
1790303220,93.13,93.15,93.13,93.15,5
1790303280,93.14,93.14,93.08,93.1,70
1790303340,93.09,93.11,93.08,93.11,20
1790303400,93.11,93.19,93.11,93.18,77
1790303460,93.18,93.19,93.09,93.09,53
1790303520,93.09,93.11,93.08,93.09,25
1790303580,93.07,93.09,93.05,93.05,40
1790303640,93.06,93.15,93.04,93.15,41
1790303700,93.16,93.22,93.16,93.2,52
1790303760,93.19,93.19,93.13,93.14,58
1790303820,93.13,93.14,93.11,93.14,23
1790303880,93.16,93.16,93.12,93.14,19
1790303940,93.14,93.15,93.1,93.14,19
1790304000,93.14,93.15,93.1,93.12,33
1790304060,93.1,93.12,93.04,93.08,76
1790304120,93.06,93.06,93.06,93.06,4
1790304180,93.06,93.07,93.05,93.07,16
1790304240,93.07,93.11,93.06,93.07,42
1790304300,93.08,93.11,93.08,93.1,21
1790304360,93.1,93.11,93.08,93.08,29
1790304420,93.06,93.09,93.06,93.09,7
1790304480,93.11,93.11,93.04,93.04,35
1790304540,93.03,93.03,92.97,92.98,159
1790304600,93.01,93.04,93,93.04,43
1790304660,93.04,93.06,93,93.02,88
1790304720,93.02,93.07,93.02,93.07,47
1790304780,93.07,93.1,93.02,93.08,48
1790304840,93.07,93.07,93.03,93.03,11
1790304900,93.03,93.04,93.01,93.01,7
1790304960,93.01,93.03,92.98,92.99,77
1790305020,92.98,93.01,92.98,93.01,28
1790305080,93.01,93.04,92.99,93.01,24
1790305140,93.01,93.01,92.97,93,38
1790305200,93,93,92.92,92.92,104
1790305260,92.94,92.94,92.87,92.9,166
1790305320,92.91,92.93,92.91,92.92,20
1790305380,92.93,92.93,92.89,92.89,17
1790305440,92.91,92.92,92.88,92.9,34
1790305500,92.9,92.91,92.82,92.87,123
1790305560,92.86,92.87,92.82,92.86,63
1790305620,92.84,92.87,92.75,92.8,176
1790305680,92.8,92.83,92.76,92.81,113
1790305740,92.8,92.84,92.8,92.8,32
1790305800,92.82,92.84,92.79,92.8,29
1790305860,92.79,92.79,92.74,92.75,129
1790305920,92.74,92.85,92.72,92.85,106
1790305980,92.85,92.87,92.84,92.85,49
1790306040,92.86,92.89,92.83,92.89,68
1790306100,92.9,92.93,92.86,92.9,94
1790306160,92.92,92.95,92.89,92.92,63
1790306220,92.92,93.03,92.92,93.02,118
1790306280,93.02,93.03,92.99,93,85
1790306340,93.01,93.03,93,93.01,48
1790306400,93.02,93.04,92.94,92.95,68
1790306460,92.95,92.96,92.89,92.91,81
1790306520,92.9,92.91,92.84,92.85,57
1790306580,92.86,92.9,92.86,92.88,11
1790306640,92.88,92.92,92.88,92.92,25
1790306700,92.92,92.92,92.89,92.91,61
1790306760,92.93,93.03,92.92,93.03,62
1790306820,93.03,93.04,92.99,92.99,58
1790306880,92.99,93.03,92.98,93.03,47
1790306940,93.03,93.04,92.98,92.98,54
1790307000,92.99,93.13,92.99,93.09,146
1790307060,93.08,93.12,93.06,93.12,107
1790307120,93.1,93.13,93.07,93.11,111
1790307180,93.11,93.12,93.09,93.1,44
1790307240,93.1,93.1,93.05,93.08,57
1790307300,93.09,93.09,93.06,93.06,28
1790307360,93.07,93.14,93.06,93.12,76
1790307420,93.14,93.16,93.1,93.1,76
1790307480,93.1,93.1,93.08,93.09,19
1790307540,93.08,93.1,93.07,93.09,26
1790307600,93.09,93.13,93.09,93.12,17
1790307660,93.11,93.12,93.07,93.1,56
1790307720,93.1,93.11,93.06,93.11,49
1790307780,93.11,93.12,93.04,93.06,54
1790307840,93.07,93.1,93.07,93.09,15
1790307900,93.09,93.1,93.06,93.08,47
1790307960,93.07,93.09,93.04,93.04,35
1790308020,93.06,93.06,93,93.05,52
1790308080,93.06,93.12,93.05,93.12,38
1790308140,93.11,93.12,93.09,93.09,25
1790308200,93.09,93.11,93.09,93.09,14
1790308260,93.09,93.14,93.09,93.13,48
1790308320,93.13,93.13,93.09,93.1,22
1790308380,93.11,93.12,93.1,93.12,14
1790308440,93.13,93.13,93.06,93.1,26
1790308500,93.11,93.13,93.11,93.13,17
1790308560,93.13,93.2,93.13,93.15,105
1790308620,93.14,93.15,93.13,93.13,18
1790308680,93.14,93.16,93.12,93.12,14
1790308740,93.12,93.12,93.07,93.08,51
1790308800,93.1,93.11,93.08,93.09,16
1790308860,93.09,93.1,93.07,93.08,29
1790308920,93.07,93.09,93.06,93.08,31
1790308980,93.07,93.09,93.06,93.07,17
1790309040,93.07,93.09,93.07,93.09,21
1790309100,93.09,93.09,93.07,93.08,15
1790309160,93.09,93.1,93.08,93.09,19
1790309220,93.08,93.1,93.06,93.09,25
1790309280,93.08,93.09,93.08,93.08,11
1790309340,93.07,93.08,93.02,93.08,54
1790309400,93.08,93.08,93.01,93.03,34
1790309460,93.03,93.07,93.03,93.04,9
1790309520,93.04,93.11,93.04,93.09,21
1790309580,93.09,93.11,93.09,93.1,6
1790309640,93.1,93.17,93.1,93.17,31
1790309700,93.15,93.17,93.13,93.13,44
1790309760,93.13,93.18,93.13,93.15,43
1790309820,93.14,93.15,93.13,93.13,15
1790309880,93.12,93.13,93.1,93.13,21
1790309940,93.11,93.12,93.06,93.08,38
1790310000,93.07,93.1,93.07,93.1,7
1790310060,93.1,93.11,93.08,93.08,14
1790310120,93.08,93.11,93.07,93.11,11
1790310180,93.09,93.11,93.09,93.1,11
1790310240,93.09,93.1,93.08,93.08,5
1790310300,93.07,93.07,93.04,93.04,62
1790310360,93.05,93.08,93.04,93.08,31
1790310420,93.09,93.1,93.09,93.09,26
1790310480,93.1,93.12,93.07,93.07,42
1790310540,93.06,93.06,93.03,93.04,39
1790310600,93.05,93.05,93.04,93.04,16
1790310660,93.05,93.05,93.01,93.01,17
1790310720,93.01,93.02,92.97,93.01,55
1790310780,93.04,93.09,93.04,93.05,46
1790310840,93.06,93.06,93.04,93.04,3
1790310900,93.03,93.07,93,93.04,65
1790310960,93.04,93.07,93.04,93.07,16
1790311020,93.05,93.07,93.05,93.07,9
1790311080,93.07,93.11,93.07,93.11,13
1790311140,93.12,93.13,93.09,93.13,14
1790311200,93.12,93.12,93.07,93.07,21
1790311260,93.06,93.07,93.04,93.07,10
1790311320,93.09,93.09,93.07,93.07,3
1790311380,93.09,93.09,93.09,93.09,4
1790311440,93.09,93.11,93.09,93.11,5
1790311500,93.11,93.11,93.1,93.11,5
1790311560,93.1,93.11,93.09,93.1,11
1790311620,93.1,93.1,93.1,93.1,2
1790311680,93.09,93.09,93.09,93.09,1
1790311740,93.09,93.12,93.08,93.1,47
1790311800,93.13,93.15,93.12,93.14,29
1790311860,93.13,93.16,93.11,93.11,19
1790311920,93.11,93.16,93.1,93.16,23
1790311980,93.15,93.17,93.14,93.16,14
1790312040,93.18,93.19,93.14,93.16,11
1790312100,93.16,93.17,93.15,93.15,3
1790312160,93.15,93.18,93.14,93.15,31
1790312220,93.15,93.15,93.12,93.12,16
1790312280,93.13,93.14,93.07,93.1,48
1790312340,93.12,93.13,93.07,93.08,13
1790312400,93.07,93.09,93.03,93.05,26
1790312460,93.06,93.06,93.05,93.05,11
1790312520,93.04,93.06,93.03,93.06,34
1790312580,93.05,93.1,93.05,93.09,16
1790312640,93.11,93.14,93.11,93.12,21
1790312700,93.11,93.11,93.05,93.06,52
1790312760,93.05,93.06,93.02,93.02,24
1790312820,93.04,93.1,93.04,93.1,23
1790312880,93.12,93.14,93.11,93.11,37
1790312940,93.12,93.12,93.09,93.1,11
1790313000,93.1,93.12,93.09,93.12,8
1790313060,93.09,93.11,93.08,93.11,19
1790313120,93.11,93.13,93.1,93.1,24
1790313180,93.09,93.1,93.08,93.09,8
1790313240,93.07,93.08,93.06,93.08,9
1790313300,93.09,93.13,93.07,93.13,26
1790313360,93.12,93.18,93.12,93.16,36
1790313420,93.15,93.15,93.11,93.14,57
1790313480,93.13,93.13,93.11,93.11,20
1790313540,93.1,93.12,93.1,93.12,9
1790313600,93.11,93.21,93.1,93.2,54
1790313660,93.2,93.22,93.16,93.17,63
1790313720,93.17,93.18,93.15,93.17,23
1790313780,93.17,93.17,93.01,93.02,72
1790313840,93.02,93.02,92.98,93,75
1790313900,92.99,93.01,92.98,92.99,37
1790313960,92.99,93,92.95,92.95,45
1790314020,92.96,92.96,92.88,92.9,106
1790314080,92.9,92.9,92.84,92.87,49
1790314140,92.84,92.89,92.83,92.83,48
1790314200,92.83,92.84,92.79,92.8,78
1790314260,92.79,92.81,92.73,92.74,121
1790314320,92.75,92.75,92.64,92.72,233
1790314380,92.73,92.74,92.68,92.7,36
1790314440,92.7,92.7,92.68,92.69,19
1790314500,92.68,92.73,92.67,92.72,68
1790314560,92.72,92.75,92.69,92.75,47
1790314620,92.75,92.76,92.73,92.74,20
1790314680,92.74,92.75,92.73,92.75,5
1790314740,92.76,92.77,92.74,92.75,12
1790314800,92.75,92.78,92.72,92.76,41
1790314860,92.76,92.79,92.75,92.77,27
1790314920,92.78,92.88,92.78,92.88,94
1790314980,92.88,92.88,92.67,92.67,110
1790315040,92.65,92.67,92.55,92.55,152
1790315100,92.55,92.56,92.44,92.51,574
1790315160,92.51,92.56,92.41,92.41,261
1790315220,92.42,92.47,92.41,92.45,83
1790315280,92.46,92.55,92.46,92.46,244
1790315340,92.47,92.53,92.45,92.53,123
1790315400,92.54,92.64,92.52,92.64,180
1790315460,92.64,92.7,92.62,92.68,102
1790315520,92.69,92.7,92.66,92.7,35
1790315580,92.71,92.82,92.7,92.76,73
1790315640,92.77,92.86,92.75,92.82,81
1790315700,92.82,92.87,92.8,92.84,41
1790315760,92.85,92.95,92.84,92.93,150
1790315820,92.93,92.98,92.85,92.85,86
1790315880,92.84,92.85,92.79,92.79,58
1790315940,92.8,92.83,92.78,92.81,44
1790316000,92.8,92.9,92.77,92.89,107
1790316060,92.89,92.89,92.72,92.73,79
1790316120,92.72,92.72,92.68,92.7,64
1790316180,92.71,92.78,92.69,92.71,130
1790316240,92.71,92.74,92.7,92.72,115
1790316300,92.71,92.74,92.66,92.69,88
1790316360,92.7,92.7,92.6,92.63,104
1790316420,92.65,92.65,92.56,92.6,54
1790316480,92.6,92.6,92.52,92.53,76
1790316540,92.54,92.54,92.49,92.52,38
1790316600,92.5,92.5,92.38,92.4,286
1790316660,92.41,92.42,92.38,92.39,78
1790316720,92.4,92.49,92.39,92.45,100
1790316780,92.44,92.5,92.4,92.49,254
1790316840,92.49,92.51,92.46,92.51,83
1790316900,92.5,92.58,92.49,92.57,243
1790316960,92.58,92.63,92.51,92.56,203
1790317020,92.59,92.65,92.56,92.65,64
1790317080,92.66,92.79,92.66,92.78,122
1790317140,92.8,92.89,92.79,92.84,168
1790317200,92.82,92.85,92.78,92.83,120
1790317260,92.83,92.87,92.81,92.84,38
1790317320,92.83,92.98,92.83,92.97,130
1790317380,92.98,93.04,92.96,93.02,239
1790317440,93.03,93.03,92.9,92.92,81
1790317500,92.91,93.03,92.9,93.02,130
1790317560,93.03,93.06,93.01,93.04,152
1790317620,93.03,93.08,93,93,86
1790317680,93.01,93.05,93.01,93.05,13
1790317740,93.04,93.09,93.03,93.04,41
1790317800,93.03,93.08,92.98,93,97
1790317860,93.01,93.04,92.97,92.99,99
1790317920,92.99,93.04,92.99,93.01,28
1790317980,93,93.02,92.9,92.91,87
1790318040,92.91,92.93,92.82,92.83,72
1790318100,92.83,92.88,92.78,92.85,107
1790318160,92.88,92.96,92.87,92.95,53
1790318220,92.94,92.96,92.91,92.94,24
1790318280,92.94,93.01,92.94,93.01,38
1790318340,93.01,93.02,92.94,92.97,35
1790318400,92.96,92.96,92.89,92.93,26
1790318460,92.91,92.95,92.86,92.95,32
1790318520,92.97,93.04,92.96,93,39
1790318580,93,93,92.96,92.97,16
1790318640,92.99,93.02,92.96,92.97,25
1790318700,92.97,93.05,92.97,93.01,72
1790318760,93.03,93.04,92.95,92.99,77
1790318820,92.99,93,92.89,92.93,37
1790318880,92.93,92.99,92.93,92.96,104
1790318940,92.95,92.98,92.94,92.97,23
1790319000,92.96,93.01,92.95,92.98,23
1790319060,92.96,92.98,92.95,92.98,38
1790319120,93.01,93.02,92.98,92.99,25
1790319180,92.97,92.99,92.96,92.99,14
1790319240,93,93.08,93,93.06,156
1790319300,93.07,93.19,93.06,93.16,233
1790319360,93.15,93.15,93.08,93.1,50
1790319420,93.09,93.12,93.05,93.06,33
1790319480,93.09,93.09,93.03,93.06,75
1790319540,93.07,93.08,93,93.04,60
1790319600,93.06,93.12,92.95,93.01,228
1790319660,93.01,93.13,93.01,93.13,135
1790319720,93.12,93.12,93.07,93.1,107
1790319780,93.1,93.11,92.99,93.03,101
1790319840,93.03,93.06,93.01,93.04,53
1790319900,93.02,93.12,93.02,93.11,85
1790319960,93.1,93.12,93.08,93.11,123
1790320020,93.11,93.22,93.04,93.2,228
1790320080,93.19,93.23,93.11,93.19,279
1790320140,93.17,93.24,93.16,93.18,139
1790320200,93.18,93.33,93.17,93.29,348
1790320260,93.28,93.33,93.23,93.31,183
1790320320,93.32,93.32,93.25,93.32,117
1790320380,93.31,93.31,93.2,93.27,102
1790320440,93.26,93.28,93.24,93.25,59
1790320500,93.26,93.26,93.2,93.24,91
1790320560,93.25,93.27,93.13,93.22,156
1790320620,93.22,93.26,93.16,93.23,103
1790320680,93.22,93.45,93.2,93.37,205
1790320740,93.36,93.63,93.33,93.58,444
1790320800,93.57,93.62,93.52,93.56,316
1790320860,93.56,93.63,93.51,93.6,163
1790320920,93.6,93.6,93.51,93.52,139
1790320980,93.52,93.57,93.43,93.47,199
1790321040,93.47,93.47,93.38,93.44,57
1790321100,93.43,93.58,93.4,93.57,115
1790321160,93.57,93.67,93.57,93.65,170
1790321220,93.64,93.67,93.58,93.59,115
1790321280,93.58,93.6,93.55,93.6,101
1790321340,93.61,93.64,93.52,93.54,137
1790321400,93.53,93.57,93.47,93.51,143
1790321460,93.48,93.5,93.33,93.36,167
1790321520,93.34,93.47,93.32,93.46,160
1790321580,93.46,93.49,93.43,93.48,56
1790321640,93.51,93.58,93.49,93.5,112
1790321700,93.49,93.5,93.37,93.39,77
1790321760,93.39,93.41,93.33,93.38,134
1790321820,93.36,93.46,93.36,93.42,92
1790321880,93.44,93.51,93.44,93.47,78
1790321940,93.44,93.46,93.41,93.44,79
1790322000,93.46,93.53,93.46,93.51,50
1790322060,93.52,93.61,93.51,93.58,161
1790322120,93.58,93.63,93.49,93.52,171
1790322180,93.54,93.59,93.44,93.49,125
1790322240,93.49,93.53,93.48,93.51,77
1790322300,93.51,93.6,93.51,93.56,195
1790322360,93.55,93.62,93.55,93.61,106
1790322420,93.62,93.63,93.53,93.55,139
1790322480,93.55,93.6,93.47,93.59,157
1790322540,93.58,93.58,93.49,93.5,46
1790322600,93.51,93.51,93.41,93.5,149
1790322660,93.49,93.61,93.49,93.59,99
1790322720,93.6,93.72,93.6,93.72,234
1790322780,93.71,93.71,93.65,93.67,111
1790322840,93.67,93.74,93.67,93.68,100
1790322900,93.7,93.71,93.61,93.64,127
1790322960,93.64,93.69,93.58,93.6,132
1790323020,93.61,93.62,93.54,93.6,69
1790323080,93.6,93.65,93.57,93.59,83
1790323140,93.58,93.61,93.55,93.58,40
1790323200,93.57,93.67,93.53,93.53,90
1790323260,93.52,93.56,93.45,93.53,180
1790323320,93.52,93.63,93.51,93.62,118
1790323380,93.63,93.68,93.57,93.58,114
1790323440,93.59,93.63,93.58,93.61,120
1790323500,93.62,93.73,93.59,93.69,138
1790323560,93.69,93.71,93.55,93.59,157
1790323620,93.59,93.71,93.59,93.61,128
1790323680,93.62,93.68,93.62,93.65,105
1790323740,93.66,93.66,93.55,93.55,79
1790323800,93.56,93.57,93.52,93.54,179
1790323860,93.54,93.59,93.5,93.58,103
1790323920,93.55,93.61,93.47,93.47,185
1790323980,93.49,93.61,93.48,93.56,78
1790324040,93.56,93.56,93.45,93.52,100
1790324100,93.52,93.55,93.44,93.54,103
1790324160,93.52,93.54,93.42,93.47,159
1790324220,93.47,93.56,93.45,93.53,155
1790324280,93.54,93.59,93.52,93.55,133
1790324340,93.53,93.63,93.51,93.62,124
1790324400,93.59,93.61,93.54,93.59,92
1790324460,93.6,93.65,93.52,93.56,150
1790324520,93.55,93.58,93.47,93.51,99
1790324580,93.5,93.53,93.43,93.44,132
1790324640,93.45,93.46,93.39,93.41,186
1790324700,93.41,93.51,93.39,93.48,184
1790324760,93.49,93.57,93.37,93.37,162
1790324820,93.38,93.41,93.33,93.37,201
1790324880,93.36,93.4,93.25,93.26,270
1790324940,93.26,93.38,93.25,93.3,852
1790325000,93.31,93.37,93.22,93.29,342
1790325060,93.28,93.29,93.17,93.19,199
1790325120,93.18,93.25,93.15,93.2,203
1790325180,93.19,93.22,93.01,93.03,375
1790325240,93.03,93.09,93.02,93.07,210
1790325300,93.07,93.09,93.02,93.07,133
1790325360,93.07,93.13,93.06,93.12,108
1790325420,93.12,93.18,93.11,93.13,155
1790325480,93.14,93.23,93.12,93.22,100
1790325540,93.23,93.42,93.22,93.35,305
1790325600,93.36,93.39,93.31,93.32,75
1790325660,93.32,93.34,93.06,93.09,274
1790325720,93.08,93.14,93.03,93.07,126
1790325780,93.07,93.16,93.07,93.1,92
1790325840,93.09,93.13,93.07,93.12,87
1790325900,93.09,93.09,92.84,92.85,260
1790325960,92.86,92.87,92.77,92.81,259
1790326020,92.8,92.86,92.78,92.83,132
1790326080,92.83,92.84,92.79,92.82,93
1790326140,92.82,92.85,92.76,92.81,216
1790326200,92.8,92.8,92.7,92.72,285
1790326260,92.71,92.79,92.69,92.75,114
1790326320,92.74,92.78,92.65,92.66,199
1790326380,92.66,92.71,92.6,92.65,223
1790326440,92.64,92.68,92.55,92.57,193
1790326500,92.57,92.57,92.3,92.45,663
1790326560,92.44,92.47,92.3,92.3,199
1790326620,92.32,92.35,92.25,92.27,226
1790326680,92.27,92.31,92.24,92.28,246
1790326740,92.28,92.44,92.28,92.43,152
1790326800,92.44,92.52,92.28,92.28,261
1790326860,92.28,92.32,92.22,92.31,280
1790326920,92.29,92.3,92.17,92.26,277
1790326980,92.26,92.33,92.25,92.31,148
1790327040,92.32,92.41,92.31,92.35,113
1790327100,92.33,92.34,92.24,92.27,84
1790327160,92.28,92.31,92.23,92.31,119
1790327220,92.29,92.29,92.22,92.28,67
1790327280,92.27,92.28,92.14,92.18,355
1790327340,92.18,92.28,92.16,92.21,212
1790327400,92.21,92.41,92.19,92.37,331
1790327460,92.37,92.47,92.35,92.44,252
1790327520,92.45,92.56,92.42,92.51,267
1790327580,92.51,92.55,92.47,92.53,110
1790327640,92.53,92.71,92.53,92.69,327
1790327700,92.68,92.76,92.66,92.7,225
1790327760,92.68,92.71,92.66,92.7,91
1790327820,92.69,92.79,92.66,92.74,189
1790327880,92.72,92.87,92.72,92.87,183
1790327940,92.86,92.93,92.76,92.93,220
1790328000,92.92,92.94,92.82,92.84,227
1790328060,92.85,92.95,92.84,92.9,112
1790328120,92.89,92.9,92.8,92.81,174
1790328180,92.81,92.99,92.8,92.96,183
1790328240,92.97,92.97,92.84,92.87,120
1790328300,92.87,92.98,92.83,92.89,192
1790328360,92.88,92.98,92.88,92.96,107
1790328420,92.98,93.03,92.96,92.96,213
1790328480,92.96,93.05,92.93,93.02,138
1790328540,93.04,93.07,92.98,93.01,104
1790328600,92.99,93.12,92.74,92.83,453
1790328660,92.81,92.83,92.76,92.78,133
1790328720,92.78,92.82,92.73,92.81,152
1790328780,92.82,92.87,92.81,92.87,61
1790328840,92.86,92.88,92.82,92.84,76
1790328900,92.86,92.93,92.82,92.86,103
1790328960,92.88,92.88,92.81,92.84,79
1790329020,92.84,92.89,92.78,92.78,78
1790329080,92.78,92.85,92.76,92.83,81
1790329140,92.84,92.93,92.8,92.8,88
1790329200,92.76,92.77,92.71,92.76,96
1790329260,92.75,92.8,92.72,92.8,123
1790329320,92.79,92.81,92.75,92.81,117
1790329380,92.8,92.84,92.63,92.68,180
1790329440,92.68,92.78,92.68,92.77,87
1790329500,92.77,92.84,92.75,92.82,80
1790329560,92.84,92.94,92.82,92.9,162
1790329620,92.89,92.92,92.87,92.91,53
1790329680,92.9,93,92.9,92.96,115
1790329740,92.96,92.97,92.85,92.96,230
1790329800,92.97,92.99,92.91,92.97,141
1790329860,92.96,93.02,92.92,92.96,160
1790329920,92.97,93.09,92.95,93.05,189
1790329980,93.04,93.07,93,93.02,152
1790330040,93.01,93.04,92.97,93.04,106
1790330100,93.02,93.12,92.98,93,299
1790330160,92.98,92.98,92.87,92.91,142
1790330220,92.92,92.96,92.85,92.85,138
1790330280,92.86,92.92,92.81,92.92,140
1790330340,92.92,93.06,92.91,93.06,173
1790330400,93.06,93.06,92.94,92.94,101
1790330460,92.95,92.97,92.86,92.87,112
1790330520,92.88,92.92,92.88,92.91,58
1790330580,92.9,92.96,92.88,92.94,107
1790330640,92.94,92.95,92.88,92.89,40
1790330700,92.88,92.94,92.87,92.87,43
1790330760,92.84,92.97,92.84,92.93,62
1790330820,92.94,92.98,92.94,92.98,25
1790330880,92.97,92.97,92.88,92.92,77
1790330940,92.91,92.93,92.89,92.89,83
1790331000,92.89,92.93,92.84,92.86,107
1790331060,92.85,92.87,92.82,92.87,95
1790331120,92.88,92.93,92.87,92.88,93
1790331180,92.88,92.88,92.79,92.79,76
1790331240,92.79,92.79,92.67,92.69,225
1790331300,92.7,92.74,92.69,92.71,77
1790331360,92.72,92.74,92.7,92.72,91
1790331420,92.73,92.76,92.71,92.73,50
1790331480,92.75,92.87,92.74,92.86,189
1790331540,92.86,92.86,92.81,92.83,77
1790331600,92.83,92.91,92.82,92.91,107
1790331660,92.92,92.96,92.91,92.95,67
1790331720,92.94,93.01,92.93,92.97,137
1790331780,92.96,92.97,92.91,92.94,46
1790331840,92.94,92.94,92.87,92.87,58
1790331900,92.87,92.91,92.81,92.83,99
1790331960,92.83,92.88,92.8,92.8,64
1790332020,92.81,92.86,92.77,92.84,56
1790332080,92.85,92.87,92.84,92.85,15
1790332140,92.86,92.86,92.78,92.84,51
1790332200,92.84,92.86,92.81,92.83,52
1790332260,92.83,92.94,92.83,92.91,61
1790332320,92.94,93,92.91,93,45
1790332380,92.99,93.01,92.97,92.98,41
1790332440,92.96,92.96,92.9,92.9,42
1790332500,92.89,92.94,92.82,92.93,107
1790332560,92.92,92.92,92.84,92.91,93
1790332620,92.9,92.9,92.85,92.89,25
1790332680,92.88,92.97,92.88,92.95,31
1790332740,92.97,93.06,92.94,93.01,70
1790332800,93.01,93.06,93.01,93.02,57
1790332860,93.02,93.07,93.01,93.02,144
1790332920,93.03,93.09,93.02,93.08,98
1790332980,93.08,93.09,92.97,92.97,51
1790333040,92.97,93.02,92.95,92.99,107
1790333100,92.98,92.99,92.93,92.95,45
1790333160,92.95,92.99,92.94,92.95,67
1790333220,92.95,92.97,92.9,92.9,67
1790333280,92.92,92.99,92.91,92.96,41
1790333340,92.95,93.12,92.95,93.07,252
1790333400,93.08,93.12,93.07,93.11,62
1790333460,93.1,93.12,93.01,93.01,58
1790333520,93.01,93.07,93.01,93.06,121
1790333580,93.07,93.1,92.99,92.99,48
1790333640,93,93.02,92.94,92.95,107
1790333700,92.96,93,92.96,93,28
1790333760,93.01,93.05,92.98,92.99,35
1790333820,92.99,93.01,92.91,92.96,84
1790333880,92.97,92.99,92.91,92.96,32
1790333940,92.98,93,92.88,92.91,68
1790334000,92.89,92.99,92.86,92.96,199
1790334060,92.96,92.96,92.89,92.9,83
1790334120,92.9,92.94,92.88,92.9,48
1790334180,92.9,92.96,92.84,92.95,141
1790334240,92.96,93,92.94,92.97,71
1790334300,92.98,92.98,92.84,92.89,121
1790334360,92.88,92.91,92.84,92.86,99
1790334420,92.86,92.89,92.79,92.81,133
1790334480,92.8,92.84,92.76,92.77,88
1790334540,92.78,92.81,92.69,92.74,235
1790334600,92.73,92.73,92.62,92.64,346
1790334660,92.64,92.67,92.53,92.57,298
1790334720,92.56,92.64,92.54,92.54,247
1790334780,92.54,92.59,92.42,92.43,254
1790334840,92.42,92.49,92.34,92.35,391
1790334900,92.36,92.44,92.3,92.41,225
1790334960,92.41,92.44,92.25,92.35,348
1790335020,92.34,92.48,92.33,92.43,143
1790335080,92.43,92.45,92.37,92.42,145
1790335140,92.42,92.45,92.34,92.34,105
1790335200,92.34,92.41,92.32,92.39,116
1790335260,92.39,92.45,92.39,92.41,74
1790335320,92.41,92.44,92.37,92.44,78
1790335380,92.42,92.44,92.4,92.41,74
1790335440,92.43,92.54,92.43,92.53,284
1790335500,92.54,92.54,92.49,92.52,145
1790335560,92.51,92.54,92.44,92.46,121
1790335620,92.47,92.54,92.46,92.49,136
1790335680,92.48,92.49,92.44,92.44,109
1790335740,92.45,92.48,92.42,92.44,100
1790335800,92.45,92.5,92.43,92.48,132
1790335860,92.48,92.51,92.44,92.44,65
1790335920,92.43,92.47,92.37,92.38,104
1790335980,92.37,92.39,92.33,92.35,67
1790336040,92.34,92.35,92.31,92.33,63
1790336100,92.33,92.41,92.21,92.33,635
1790336160,92.35,92.4,92.32,92.4,132
1790336220,92.37,92.37,92.3,92.32,150
1790336280,92.32,92.4,92.31,92.39,63
1790336340,92.39,92.52,92.39,92.5,148
1790336400,92.48,92.54,92.48,92.5,89
1790336460,92.49,92.49,92.39,92.41,85
1790336520,92.39,92.5,92.38,92.48,161
1790336580,92.48,92.5,92.47,92.49,56
1790336640,92.49,92.49,92.38,92.39,198
1790336700,92.4,92.41,92.32,92.32,50
1790336760,92.32,92.42,92.32,92.34,119
1790336820,92.34,92.34,92.28,92.33,82
1790336880,92.33,92.41,92.33,92.4,82
1790336940,92.4,92.48,92.39,92.48,92
1790337000,92.47,92.54,92.41,92.41,146
1790337060,92.41,92.47,92.41,92.45,72
1790337120,92.41,92.41,92.34,92.34,78
1790337180,92.36,92.39,92.34,92.38,58
1790337240,92.38,92.39,92.33,92.39,73
1790337300,92.4,92.4,92.36,92.37,40
1790337360,92.37,92.45,92.36,92.44,135
1790337420,92.45,92.47,92.41,92.45,102
1790337480,92.45,92.47,92.43,92.44,64
1790337540,92.45,92.54,92.44,92.53,95
1790337600,92.53,92.54,92.5,92.5,567
1790337660,92.51,92.52,92.4,92.46,200
1790337720,92.48,92.5,92.4,92.46,206
1790337780,92.47,92.48,92.37,92.42,60
1790337840,92.42,92.47,92.4,92.42,76
1790337900,92.41,92.49,92.37,92.44,170
1790337960,92.44,92.48,92.38,92.38,119
1790338020,92.39,92.49,92.36,92.48,58
1790338080,92.49,92.63,92.49,92.58,222
1790338140,92.57,92.61,92.56,92.58,92
1790338200,92.58,92.89,92.55,92.88,472
1790338260,92.86,92.86,92.67,92.67,217
1790338320,92.68,92.73,92.61,92.62,136
1790338380,92.61,92.7,92.6,92.7,177
1790338440,92.71,92.81,92.71,92.77,137
1790338500,92.78,92.87,92.78,92.82,145
1790338560,92.82,92.96,92.81,92.92,262
1790338620,92.92,92.97,92.87,92.88,148
1790338680,92.88,92.91,92.86,92.89,48
1790338740,92.89,92.9,92.78,92.81,151
1790338800,92.81,92.88,92.8,92.84,91
1790338860,92.83,92.85,92.81,92.85,45
1790338920,92.86,92.86,92.76,92.79,98
1790338980,92.78,92.82,92.75,92.78,105
1790339040,92.77,92.8,92.73,92.8,103
1790339100,92.79,92.84,92.76,92.84,68
1790339160,92.85,92.86,92.81,92.82,126
1790339220,92.83,92.86,92.82,92.82,35
1790339280,92.81,92.82,92.78,92.8,40
1790339340,92.81,92.84,92.81,92.83,36
1790339400,92.83,92.83,92.75,92.75,57
1790339460,92.75,92.83,92.74,92.83,89
1790339520,92.84,92.89,92.82,92.87,243
1790339580,92.86,92.87,92.71,92.75,262
1790339640,92.74,92.74,92.6,92.65,278
1790339700,92.66,92.74,92.63,92.73,208
1790339760,92.73,92.74,92.69,92.73,52
1790339820,92.72,92.73,92.67,92.68,83
1790339880,92.68,92.69,92.58,92.6,258
1790339940,92.6,92.6,92.52,92.56,169
1790340000,92.56,92.57,92.47,92.47,209
1790340060,92.47,92.49,92.42,92.44,128
1790340120,92.43,92.47,92.41,92.44,226
1790340180,92.44,92.62,92.43,92.61,235
1790340240,92.63,92.69,92.47,92.55,342
1790340300,92.53,92.67,92.52,92.58,224
1790340360,92.57,92.59,92.25,92.45,805
1790340420,92.46,92.54,92.04,92.13,1266
1790340480,92.21,92.45,92.14,92.41,574
1790340540,92.42,92.46,92.35,92.42,213
1790340600,92.42,92.54,92.42,92.46,182
1790340660,92.46,92.71,92.46,92.7,573
1790340720,92.7,92.85,92.67,92.8,625
1790340780,92.81,92.81,92.64,92.65,254
1790340840,92.64,92.67,92.61,92.65,120
1790340900,92.66,92.67,92.61,92.64,172
1790340960,92.63,92.63,92.52,92.52,298
1790341020,92.52,92.53,92.49,92.51,139
1790341080,92.52,92.56,92.46,92.52,138
1790341140,92.53,92.61,92.52,92.54,122
1790341200,92.53,92.64,92.41,92.62,616
1790341260,92.62,92.65,92.48,92.5,354
1790341320,92.5,92.54,92.43,92.47,293
1790341380,92.47,92.57,92.47,92.56,298
1790341440,92.55,92.72,92.55,92.72,375
1790341500,92.71,92.91,92.69,92.85,473
1790341560,92.86,92.86,92.64,92.66,317
1790341620,92.66,92.75,92.64,92.72,107
1790341680,92.72,92.82,92.64,92.82,204
1790341740,92.82,92.82,92.58,92.59,289
1790341800,92.58,92.59,92.45,92.58,300
1790341860,92.59,92.64,92.48,92.49,182
1790341920,92.51,92.53,92.43,92.47,206
1790341980,92.47,92.5,92.41,92.48,209
1790342040,92.5,92.61,92.48,92.58,399
1790342100,92.59,92.81,92.59,92.76,326
1790342160,92.76,92.77,92.58,92.64,345
1790342220,92.64,92.69,92.55,92.62,391
1790342280,92.61,92.64,92.54,92.62,290
1790342340,92.61,92.61,92.52,92.59,203
1790342400,92.56,92.66,92.55,92.66,159
1790342460,92.67,92.82,92.67,92.8,185
1790342520,92.8,92.88,92.76,92.88,268
1790342580,92.88,93.01,92.83,93.01,360
1790342640,93.02,93.16,93.01,93.06,1610
1790342700,93.07,93.07,92.97,93.02,435
1790342760,93.01,93.06,92.99,93.06,143
1790342820,93.05,93.16,93.03,93.16,179
1790342880,93.15,93.18,93.12,93.14,277
1790342940,93.15,93.21,93.11,93.17,219
1790343000,93.18,93.29,93.09,93.17,514
1790343060,93.17,93.33,93.08,93.27,708
1790343120,93.27,93.3,93.12,93.14,320
1790343180,93.13,93.16,93.08,93.08,136
1790343240,93.08,93.24,93.07,93.21,191
1790343300,93.19,93.29,93.16,93.28,295
1790343360,93.27,93.31,93.2,93.26,164
1790343420,93.26,93.33,93.26,93.3,147
1790343480,93.29,93.41,93.29,93.36,402
1790343540,93.36,93.45,93.27,93.28,320
1790343600,93.28,93.32,93.18,93.2,395
1790343660,93.21,93.26,93.16,93.2,176
1790343720,93.2,93.3,93.16,93.29,219
1790343780,93.29,93.3,93.24,93.26,159
1790343840,93.26,93.26,93.17,93.17,303
1790343900,93.17,93.22,93.13,93.14,169
1790343960,93.15,93.19,93.12,93.15,162
1790344020,93.14,93.24,93.12,93.22,137
1790344080,93.21,93.39,93.2,93.37,413
1790344140,93.37,93.41,93.33,93.33,175
1790344200,93.34,93.4,93.27,93.36,210
1790344260,93.35,93.38,93.29,93.3,96
1790344320,93.27,93.32,93.23,93.31,197
1790344380,93.31,93.35,93.3,93.34,137
1790344440,93.34,93.37,93.28,93.34,171
1790344500,93.35,93.38,93.32,93.37,206
1790344560,93.36,93.41,93.35,93.38,171
1790344620,93.39,93.44,93.31,93.35,214
1790344680,93.34,93.38,93.33,93.38,60
1790344740,93.39,93.47,93.32,93.45,159
1790344800,93.42,93.53,93.4,93.52,293
1790344860,93.52,93.6,93.49,93.57,397
1790344920,93.56,93.64,93.52,93.56,454
1790344980,93.57,93.66,93.53,93.56,522
1790345040,93.57,93.65,93.55,93.61,366
1790345100,93.62,93.77,93.6,93.76,429
1790345160,93.75,93.9,93.74,93.84,614
1790345220,93.83,93.86,93.73,93.74,205
1790345280,93.75,93.77,93.68,93.7,213
1790345340,93.71,93.73,93.63,93.69,323
1790345400,93.68,93.78,93.65,93.66,147
1790345460,93.65,93.73,93.62,93.69,232
1790345520,93.69,93.7,93.51,93.51,275
1790345580,93.52,93.52,93.42,93.46,222
1790345640,93.47,93.48,93.35,93.37,265
1790345700,93.37,93.37,93.21,93.28,298
1790345760,93.28,93.5,93.27,93.45,553
1790345820,93.46,93.46,93.34,93.35,151
1790345880,93.35,93.49,93.34,93.34,228
1790345940,93.33,93.48,93.32,93.48,140
1790346000,93.47,93.62,93.44,93.59,259
1790346060,93.59,93.65,93.54,93.6,173
1790346120,93.59,93.68,93.55,93.66,268
1790346180,93.67,93.82,93.63,93.79,321
1790346240,93.79,93.82,93.67,93.82,221
1790346300,93.81,93.83,93.74,93.77,263
1790346360,93.77,93.89,93.72,93.86,275
1790346420,93.85,93.88,93.83,93.86,192
1790346480,93.86,93.93,93.83,93.86,302
1790346540,93.86,93.89,93.8,93.87,164
1790346600,93.87,93.97,93.86,93.93,309
1790346660,93.93,94.01,93.93,93.98,272
1790346720,93.98,94.07,93.98,94,329
1790346780,94,94.02,93.92,93.93,240
1790346840,93.93,94,93.89,93.98,209
1790346900,93.99,94.06,93.97,94,267
1790346960,94,94.07,94,94.04,327
1790347020,94.04,94.05,93.95,93.98,190
1790347080,93.97,93.97,93.82,93.89,279
1790347140,93.89,93.9,93.83,93.89,177
1790347200,93.88,94.11,93.88,94.02,424
1790347260,94.01,94.06,93.96,94.02,207
1790347320,94.02,94.06,93.94,93.96,161
1790347380,93.97,94.08,93.95,94,181
1790347440,93.99,94.08,93.99,94.04,151
1790347500,94.04,94.14,94,94.09,237
1790347560,94.09,94.13,93.77,93.9,1257
1790347620,93.9,93.97,93.86,93.96,413
1790347680,93.95,94.01,93.94,93.99,152
1790347740,94,94,93.84,93.89,288
1790347800,93.9,94.03,93.9,93.94,253
1790347860,93.95,94.02,93.87,93.98,233
1790347920,94,94.01,93.94,93.95,170
1790347980,93.95,93.99,93.89,93.91,152
1790348040,93.9,93.92,93.84,93.84,180
1790348100,93.85,93.94,93.84,93.85,207
1790348160,93.84,93.84,93.74,93.84,320
1790348220,93.84,93.89,93.78,93.89,186
1790348280,93.89,93.98,93.87,93.89,211
1790348340,93.89,93.89,93.74,93.81,246
1790348400,93.81,93.83,93.7,93.74,300
1790348460,93.75,93.96,93.75,93.94,345
1790348520,93.93,93.99,93.87,93.99,192
1790348580,93.98,94.08,93.97,93.98,272
1790348640,93.96,93.98,93.9,93.91,161
1790348700,93.9,93.97,93.88,93.9,149
1790348760,93.93,94.08,93.91,94.07,148
1790348820,94.06,94.11,94.01,94.02,258
1790348880,94.02,94.11,94.01,94.09,349
1790348940,94.08,94.11,93.99,94.03,181
1790349000,94.01,94.02,93.9,93.99,396
1790349060,93.98,94.04,93.97,93.99,138
1790349120,94,94.05,93.95,94.03,221
1790349180,94.03,94.06,94,94.02,80
1790349240,94.04,94.08,94.02,94.03,148
1790349300,94.03,94.08,93.99,94.07,121
1790349360,94.09,94.11,94,94,203
1790349420,94,94.02,93.91,93.96,251
1790349480,93.96,93.97,93.84,93.94,252
1790349540,93.95,94.11,93.95,94.1,249
1790349600,94.11,94.23,94.07,94.08,445
1790349660,94.07,94.09,93.83,93.98,1042
1790349720,93.97,94.02,93.95,93.95,175
1790349780,93.95,94.09,93.9,94.04,351
1790349840,94.05,94.12,94.02,94.08,306
1790349900,94.09,94.17,94.06,94.12,258
1790349960,94.13,94.13,93.89,93.95,495
1790350020,93.96,94.03,93.93,94.02,145
1790350080,94.03,94.07,93.95,93.95,176
1790350140,93.95,94.15,93.93,94.14,459
1790350200,94.13,94.17,93.75,93.99,2959
1790350260,93.99,94.12,93.97,94.05,668
1790350320,94.06,94.13,93.96,94,519
1790350380,94.01,94.07,93.9,93.92,496
1790350440,93.93,94.07,93.91,94.06,366
1790350500,94.05,94.16,94.04,94.12,323
1790350560,94.13,94.18,94.11,94.12,214
1790350620,94.12,94.15,94.02,94.02,178
1790350680,94.02,94.07,93.94,93.99,224
1790350740,93.99,94.01,93.96,93.97,174
1790350800,93.96,94.05,93.83,93.85,370
1790350860,93.84,93.87,93.8,93.86,179
1790350920,93.87,93.88,93.78,93.85,242
1790350980,93.86,94.04,93.86,94.03,173
1790351040,94.03,94.13,94.03,94.12,324
1790351100,94.12,94.19,94.08,94.11,280
1790351160,94.1,94.1,93.87,93.94,366
1790351220,93.93,94.06,93.93,94.03,199
1790351280,94.02,94.09,94.01,94.04,115
1790351340,94.02,94.17,94.02,94.13,208
1790351400,94.13,94.14,94.06,94.08,85
1790351460,94.1,94.18,94.05,94.16,247
1790351520,94.17,94.19,94.13,94.15,193
1790351580,94.16,94.16,94.08,94.1,121
1790351640,94.1,94.1,93.54,93.69,2612
1790351700,93.7,93.75,93.49,93.7,1048
1790351760,93.7,93.79,93.45,93.48,573
1790351820,93.49,93.54,93.32,93.38,1083
1790351880,93.37,93.37,93.01,93.07,1588
1790351940,93.07,93.14,92.83,92.85,1054
1790352000,92.84,92.88,92.43,92.45,1720
1790352060,92.45,92.47,92.26,92.37,1572
1790352120,92.37,92.38,91.78,91.82,3116
1790352180,91.83,92.01,91.67,91.75,2028
1790352240,91.75,92.1,91.69,91.94,2157
1790352300,91.94,92.11,91.81,92.08,1017
1790352360,92.07,92.21,91.71,91.71,1638
1790352420,91.71,92.02,91.56,91.97,1392
1790352480,91.98,92.11,91.72,91.81,1581
1790352540,91.8,91.91,91.69,91.73,677
1790352600,91.74,91.78,91.51,91.68,1136
1790352660,91.68,91.83,91.64,91.7,738
1790352720,91.72,91.76,91.61,91.65,930
1790352780,91.67,91.74,91.58,91.65,778
1790352840,91.65,91.85,91.59,91.61,723
1790352900,91.63,91.82,91.54,91.79,816
1790352960,91.79,91.95,91.58,91.61,911
1790353020,91.62,91.79,91.56,91.77,440
1790353080,91.76,91.96,91.75,91.88,479
1790353140,91.88,91.97,91.8,91.81,598
1790353200,91.81,92.16,91.75,92.09,1818
1790353260,92.09,92.19,91.98,92.02,1046
1790353320,92.03,92.13,91.94,92.13,578
1790353380,92.12,92.37,92.12,92.33,1288
1790353440,92.32,92.42,92.2,92.3,717
1790353500,92.28,92.32,92.17,92.2,748
1790353560,92.19,92.2,91.66,91.69,1153
1790353620,91.69,91.82,91.56,91.79,893
1790353680,91.78,91.87,91.71,91.82,438
1790353740,91.81,91.81,91.54,91.59,801
1790353800,91.58,91.74,91.51,91.68,425
1790353860,91.68,91.75,91.63,91.73,321
1790353920,91.75,91.98,91.71,91.87,519
1790353980,91.86,91.86,91.69,91.73,191
1790354040,91.74,92.92,91.73,92.21,3822
1790354100,92.2,92.27,92.11,92.13,905
1790354160,92.16,92.26,92.01,92.03,529
1790354220,92.05,92.13,91.89,92.05,737
1790354280,92.07,92.23,92.04,92.21,639
1790354340,92.21,92.29,92.17,92.24,513
1790354400,92.25,92.29,92.15,92.27,559
1790354460,92.27,92.27,92.11,92.13,187
1790354520,92.14,92.14,91.84,91.98,1017
1790354580,92,92.04,91.89,91.93,192
1790354640,91.92,92.04,91.9,92.02,156
1790354700,92.05,92.08,92,92,193
1790354760,92,92.12,91.98,92.07,233
1790354820,92.06,92.07,91.96,92.02,121
1790354880,92.01,92.16,92,92.14,163
1790354940,92.12,92.29,92.1,92.27,494
1790355000,92.26,92.26,92.03,92.05,248
1790355060,92.07,92.11,92.04,92.06,104
1790355120,92.06,92.08,91.98,91.99,330
1790355180,91.99,92.03,91.97,92.01,157
1790355240,92.02,92.1,92.01,92.08,157
1790355300,92.08,92.12,92.03,92.09,182
1790355360,92.09,92.2,92.03,92.15,179
1790355420,92.14,92.19,92.11,92.15,208
1790355480,92.14,92.2,92.06,92.2,226
1790355540,92.19,92.41,92.02,92.24,2120
1790355600,92.24,92.41,92.2,92.28,566
1790355660,92.3,92.34,92.02,92.22,1348
1790355720,92.21,92.28,92.15,92.21,249
1790355780,92.2,92.23,92.07,92.13,253
1790355840,92.13,92.17,92.03,92.13,211
1790355900,92.14,92.16,92.1,92.12,91
1790355960,92.1,92.1,91.93,91.99,460
1790356020,91.99,92.03,91.91,91.94,454
1790356080,91.93,92.24,91.93,92.19,646
1790356140,92.17,92.17,92.03,92.05,266
1790356200,92.06,92.13,92.02,92.11,174
1790356260,92.1,92.28,92.1,92.23,242
1790356320,92.22,92.23,92.14,92.14,179
1790356380,92.14,92.21,92.12,92.21,96
1790356440,92.21,92.24,92.17,92.23,100
1790356500,92.23,92.31,92.18,92.2,263
1790356560,92.2,92.22,92.15,92.15,153
1790356620,92.15,92.24,92.1,92.23,126
1790356680,92.24,92.26,92.2,92.22,134
1790356740,92.23,92.24,92.19,92.23,137
1790356800,92.24,92.24,92.09,92.18,221
1790356860,92.19,92.22,92.12,92.18,192
1790356920,92.17,92.21,92.15,92.2,142
1790356980,92.2,92.26,92.17,92.17,152
1790357040,92.18,92.24,92.18,92.21,209
1790357100,92.22,92.27,92.16,92.16,100
1790357160,92.18,92.2,92.14,92.16,106
1790357220,92.14,92.16,92.07,92.09,151
1790357280,92.09,92.14,92.05,92.05,236
1790357340,92.06,92.15,92.04,92.13,258
1790357400,92.11,92.11,92.02,92.07,219
1790357460,92.05,92.15,92.01,92.11,172
1790357520,92.11,92.12,92.05,92.07,139
1790357580,92.06,92.25,92.05,92.22,302
1790357640,92.21,92.3,92.19,92.28,271
1790357700,92.27,92.41,92.21,92.41,308
1790357760,92.41,92.53,92.34,92.53,430
1790357820,92.53,92.66,92.49,92.5,523
1790357880,92.48,92.49,92.43,92.44,157
1790357940,92.43,92.48,92.15,92.34,724
1790358000,92.35,92.36,92.06,92.18,547
1790358060,92.18,92.18,91.89,92.07,630
1790358120,92.08,92.08,91.9,92.05,324
1790358180,92.06,92.31,92.04,92.31,346
1790358240,92.29,92.29,92.19,92.27,171
1790358300,92.28,92.34,92.2,92.24,174
1790358360,92.27,92.32,92.24,92.31,152
1790358420,92.32,92.37,92.29,92.29,188
1790358480,92.29,92.34,92.23,92.24,64
1790358540,92.23,92.25,92.2,92.22,119
1790358600,92.22,92.29,92.21,92.22,196
1790358660,92.21,92.26,92.17,92.23,101
1790358720,92.23,92.29,92.2,92.2,214
1790358780,92.2,92.26,92.12,92.18,448
1790358840,92.19,92.34,92.15,92.25,406
1790358900,92.25,92.25,92.16,92.19,158
1790358960,92.19,92.19,92.09,92.15,262
1790359020,92.15,92.28,92.12,92.24,326
1790359080,92.24,92.26,92.2,92.2,110
1790359140,92.21,92.22,92.13,92.15,126
1790359200,92.16,92.17,92.05,92.16,348
1790359260,92.15,92.21,92.04,92.2,201
1790359320,92.21,92.22,92.14,92.17,136
1790359380,92.17,92.22,92.14,92.2,116
1790359440,92.19,92.3,92.16,92.3,198
1790359500,92.3,92.3,92.15,92.21,261
1790359560,92.2,92.33,92.16,92.31,248
1790359620,92.29,92.36,92.28,92.32,233
1790359680,92.3,92.39,92.28,92.37,130
1790359740,92.38,92.39,92.29,92.31,176
1790359800,92.3,92.35,92.23,92.23,218
1790359860,92.24,92.3,92.23,92.27,271
1790359920,92.26,92.27,92.18,92.2,170
1790359980,92.22,92.22,92.12,92.12,194
1790360040,92.12,92.12,91.98,91.99,397
1790360100,91.99,91.99,91.85,91.86,415
1790360160,91.86,92.05,91.82,92.05,512
1790360220,92.04,92.08,91.93,92.05,248
1790360280,92.05,92.08,91.99,92.07,178
1790360340,92.07,92.18,92.07,92.11,257
1790360400,92.12,92.21,92.05,92.11,451
1790360460,92.12,92.24,92.12,92.2,342
1790360520,92.21,92.28,92.2,92.26,336
1790360580,92.26,92.26,92.17,92.23,263
1790360640,92.22,92.27,92.18,92.26,286
1790360700,92.27,92.27,92.13,92.15,530
1790360760,92.14,92.63,92.06,92.43,2338
1790360820,92.43,92.66,92.34,92.63,1690
1790360880,92.63,92.63,92.36,92.36,2812
1790360940,92.37,92.44,92.22,92.24,2284
1790361000,92.23,92.24,92.12,92.17,816
1790361060,92.17,92.23,92.15,92.17,405
1790361120,92.18,92.21,92.11,92.12,338
1790361180,92.11,92.25,92.09,92.18,397
1790361240,92.18,92.2,92.05,92.08,266
1790361300,92.07,92.19,92.07,92.19,121
1790361360,92.18,92.19,92.11,92.18,319
1790361420,92.17,92.43,92.15,92.36,734
1790361480,92.34,92.36,92.21,92.22,263
1790361540,92.21,92.3,92.21,92.28,134
1790361600,92.29,92.29,92.24,92.24,72
1790361660,92.22,92.26,92.16,92.22,114
1790361720,92.22,92.25,92.18,92.22,125
1790361780,92.22,92.25,92.21,92.22,53
1790361840,92.23,92.24,92.12,92.14,246
1790361900,92.14,92.17,92.12,92.15,118
1790361960,92.15,92.2,92.12,92.19,176
1790362020,92.2,92.28,92.19,92.24,160
1790362080,92.23,92.24,92.18,92.2,102
1790362140,92.19,92.21,92.15,92.15,86
1790362200,92.14,92.15,92.11,92.12,88
1790362260,92.13,92.17,92.03,92.16,245
1790362320,92.16,92.21,92.06,92.08,116
1790362380,92.08,92.1,92.06,92.09,63
1790362440,92.1,92.15,92.06,92.08,136
1790362500,92.09,92.14,92.07,92.13,73
1790362560,92.12,92.18,92.12,92.16,132
1790362620,92.18,92.23,92.15,92.23,113
1790362680,92.23,92.24,92.21,92.23,70
1790362740,92.24,92.3,92.24,92.27,77
1790362800,92.27,92.37,92.24,92.36,219
1790362860,92.38,92.43,92.2,92.31,644
1790362920,92.34,92.36,92.25,92.35,128
1790362980,92.35,92.35,92.3,92.3,22
1790363040,92.3,92.48,92.3,92.44,305
1790363100,92.43,92.43,92.38,92.42,51
1790363160,92.41,92.54,92.39,92.52,217
1790363220,92.53,92.54,92.44,92.46,171
1790363280,92.46,92.48,92.41,92.47,124
1790363340,92.47,92.47,92.44,92.46,42
1790363400,92.47,92.5,92.39,92.41,385
1790363460,92.42,92.5,92.42,92.47,271
1790363520,92.47,92.54,92.47,92.48,65
1790363580,92.5,92.54,92.5,92.51,114
1790363640,92.52,92.52,92.46,92.51,140
1790363700,92.5,92.59,92.48,92.57,206
1790363760,92.57,92.74,92.56,92.69,249
1790363820,92.68,92.7,92.56,92.6,129
1790363880,92.62,92.65,92.58,92.6,87
1790363940,92.61,92.66,92.6,92.62,46
1790364000,92.62,92.74,92.62,92.74,54
1790364060,92.75,92.76,92.72,92.73,106
1790364120,92.72,92.74,92.7,92.73,73
1790364180,92.73,92.73,92.7,92.73,48
1790364240,92.71,92.74,92.69,92.71,117
1790364300,92.7,92.78,92.7,92.73,203
1790364360,92.73,92.76,92.7,92.72,75
1790364420,92.73,92.75,92.65,92.69,115
1790364480,92.68,92.71,92.62,92.62,121
1790364540,92.64,92.68,92.64,92.66,49
1790364600,92.67,92.67,92.59,92.6,67
1790364660,92.61,92.68,92.58,92.66,140
1790364720,92.66,92.66,92.61,92.63,43
1790364780,92.64,92.65,92.61,92.61,37
1790364840,92.62,92.62,92.54,92.6,161
1790364900,92.59,92.63,92.59,92.62,43
1790364960,92.63,92.68,92.61,92.66,85
1790365020,92.67,92.67,92.32,92.36,875
1790365080,92.35,92.36,92.21,92.31,236
1790365140,92.29,92.39,92.26,92.39,96
1790365200,92.38,92.49,92.36,92.46,112
1790365260,92.47,92.5,92.41,92.48,74
1790365320,92.49,92.49,92.4,92.42,63
1790365380,92.41,92.45,92.4,92.43,60
1790365440,92.41,92.42,92.34,92.36,56
1790365500,92.35,92.36,92.31,92.36,72
1790365560,92.34,92.42,92.34,92.4,59
1790365620,92.4,92.4,92.32,92.34,75
1790365680,92.35,92.41,92.34,92.34,102
1790365740,92.34,92.36,92.3,92.34,171
1790365800,92.33,92.35,92.27,92.27,72
1790365860,92.28,92.32,92.26,92.3,34
1790365920,92.29,92.31,92.27,92.3,38
1790365980,92.29,92.29,92.22,92.22,94
1790366040,92.23,92.31,92.21,92.29,177
1790366100,92.28,92.31,92.25,92.29,61
1790366160,92.29,92.31,92.27,92.28,92
1790366220,92.28,92.29,92.26,92.26,57
1790366280,92.27,92.29,92.23,92.25,65
1790366340,92.23,92.25,92.2,92.23,123
1790366400,92.22,92.28,92.21,92.24,78
1790366460,92.24,92.26,92.22,92.25,34
1790366520,92.24,92.41,92.24,92.4,207
1790366580,92.39,92.44,92.35,92.44,116
1790366640,92.45,92.5,92.42,92.45,59
1790366700,92.45,92.5,92.42,92.45,170
1790366760,92.49,92.53,92.44,92.49,50
1790366820,92.52,92.57,92.5,92.52,93
1790366880,92.53,92.55,92.52,92.54,41
1790366940,92.53,92.66,92.53,92.65,115
1790367000,92.65,92.72,92.64,92.69,114
1790367060,92.7,92.7,92.63,92.66,35
1790367120,92.68,92.81,92.68,92.81,149
1790367180,92.81,92.87,92.79,92.84,78
1790367240,92.85,92.87,92.8,92.86,44
1790367300,92.85,92.85,92.79,92.8,49
1790367360,92.8,92.84,92.79,92.82,36
1790367420,92.83,92.84,92.73,92.73,33
1790367480,92.74,92.76,92.72,92.73,192
1790367540,92.73,92.73,92.67,92.68,70
1790367600,92.67,92.73,92.65,92.72,80
1790367660,92.72,92.74,92.69,92.71,232
1790367720,92.71,92.74,92.71,92.72,297
1790367780,92.72,92.72,92.65,92.66,84
1790367840,92.68,92.68,92.62,92.63,43
1790367900,92.64,92.64,92.57,92.58,87
1790367960,92.58,92.8,92.58,92.79,828
1790368020,92.8,92.8,92.7,92.7,33
1790368080,92.71,92.71,92.67,92.7,20
1790368140,92.67,92.69,92.67,92.68,29
1790368200,92.69,92.91,92.68,92.83,170
1790368260,92.81,92.84,92.74,92.76,40
1790368320,92.73,92.78,92.73,92.78,25
1790368380,92.79,92.84,92.79,92.81,18
1790368440,92.8,92.82,92.8,92.82,17
1790368500,92.82,92.82,92.73,92.76,78
1790368560,92.79,92.8,92.73,92.75,18
1790368620,92.76,92.77,92.67,92.67,80
1790368680,92.7,92.75,92.68,92.7,72
1790368740,92.7,92.7,92.63,92.69,78
1790368800,92.7,92.71,92.62,92.62,87
1790368860,92.61,92.61,92.58,92.59,24
1790368920,92.6,92.61,92.56,92.58,29
1790368980,92.58,92.58,92.54,92.54,12
1790369040,92.54,92.54,92.48,92.54,57
1790369100,92.52,92.52,92.44,92.44,57
1790369160,92.43,92.47,92.4,92.41,53
1790369220,92.42,92.46,92.41,92.46,42
1790369280,92.44,92.49,92.42,92.47,35
1790369340,92.46,92.47,92.37,92.41,64
1790369400,92.42,92.42,92.34,92.35,49
1790369460,92.34,92.36,92.32,92.36,36
1790369520,92.36,92.44,92.36,92.42,52
1790369580,92.42,92.49,92.4,92.49,57
1790369640,92.47,92.48,92.44,92.45,35
1790369700,92.44,92.47,92.44,92.47,37
1790369760,92.46,92.46,92.41,92.41,23
1790369820,92.41,92.44,92.38,92.44,50
1790369880,92.44,92.46,92.42,92.46,32
1790369940,92.47,92.47,92.42,92.44,135
1790546400,93.58,93.8,93.16,93.43,830
1790546460,93.43,93.68,93.38,93.61,617
1790546520,93.61,93.72,93.52,93.63,558
1790546580,93.64,93.67,93.31,93.33,272
1790546640,93.34,93.42,93.29,93.34,340
1790546700,93.35,93.37,93.14,93.21,385
1790546760,93.2,93.24,93.17,93.21,171
1790546820,93.22,93.28,93.21,93.25,102
1790546880,93.26,93.32,93.22,93.32,224
1790546940,93.32,93.38,93.23,93.26,118
1790547000,93.28,93.32,93.21,93.21,55
1790547060,93.22,93.25,93.2,93.2,42
1790547120,93.19,93.23,93.12,93.23,85
1790547180,93.25,93.31,93.22,93.28,88
1790547240,93.28,93.31,93.27,93.27,37
1790547300,93.29,93.29,93.23,93.23,21
1790547360,93.24,93.24,93.12,93.12,57
1790547420,93.13,93.16,93.05,93.12,164
1790547480,93.14,93.16,93.11,93.13,33
1790547540,93.18,93.19,93.15,93.19,35
1790547600,93.19,93.33,93.18,93.32,97
1790547660,93.33,93.38,93.33,93.34,78
1790547720,93.33,93.34,93.28,93.29,27
1790547780,93.29,93.31,93.21,93.28,44
1790547840,93.3,93.33,93.26,93.27,23
1790547900,93.28,93.31,93.23,93.25,70
1790547960,93.27,93.29,93.23,93.26,40
1790548020,93.24,93.26,93.23,93.25,7
1790548080,93.26,93.27,93.24,93.26,37
1790548140,93.28,93.31,93.27,93.29,37
1790548200,93.3,93.39,93.3,93.38,34
1790548260,93.37,93.38,93.35,93.36,37
1790548320,93.36,93.46,93.36,93.46,48
1790548380,93.46,93.51,93.43,93.48,111
1790548440,93.5,93.63,93.5,93.62,76
1790548500,93.63,93.64,93.52,93.62,115
1790548560,93.63,93.66,93.57,93.58,51
1790548620,93.57,93.58,93.54,93.55,14
1790548680,93.55,93.57,93.5,93.51,47
1790548740,93.52,93.56,93.51,93.56,23
1790548800,93.56,93.58,93.52,93.56,46
1790548860,93.57,93.58,93.55,93.56,14
1790548920,93.57,93.59,93.57,93.59,17
1790548980,93.59,93.59,93.55,93.57,16
1790549040,93.57,93.58,93.55,93.55,6
1790549100,93.55,93.56,93.5,93.52,49
1790549160,93.51,93.53,93.51,93.53,7
1790549220,93.53,93.56,93.53,93.56,9
1790549280,93.57,93.57,93.55,93.55,6
1790549340,93.55,93.55,93.52,93.53,14
1790549400,93.52,93.54,93.52,93.53,10
1790549460,93.52,93.6,93.52,93.6,29
1790549520,93.59,93.62,93.57,93.62,18
1790549580,93.61,93.62,93.51,93.55,98
1790549640,93.51,93.53,93.51,93.52,17
1790549700,93.52,93.57,93.5,93.55,35
1790549760,93.54,93.57,93.54,93.54,22
1790549820,93.54,93.55,93.49,93.49,28
1790549880,93.48,93.61,93.48,93.6,185
1790549940,93.6,93.62,93.56,93.56,43
1790550000,93.54,93.56,93.51,93.53,53
1790550060,93.53,93.6,93.53,93.57,21
1790550120,93.56,93.56,93.52,93.52,60
1790550180,93.53,93.53,93.44,93.45,45
1790550240,93.44,93.44,93.37,93.38,71
1790550300,93.36,93.4,93.35,93.4,42
1790550360,93.41,93.46,93.41,93.45,14
1790550420,93.43,93.46,93.42,93.45,10
1790550480,93.45,93.45,93.41,93.42,8
1790550540,93.42,93.42,93.41,93.42,13
1790550600,93.41,93.44,93.37,93.43,22
1790550660,93.42,93.43,93.41,93.43,5
1790550720,93.42,93.48,93.42,93.47,25
1790550780,93.46,93.49,93.44,93.49,18
1790550840,93.5,93.53,93.48,93.5,13
1790550900,93.48,93.49,93.48,93.49,6
1790550960,93.5,93.52,93.5,93.52,14
1790551020,93.54,93.54,93.52,93.52,10
1790551080,93.53,93.54,93.52,93.53,9
1790551140,93.54,93.61,93.54,93.57,44
1790551200,93.57,93.59,93.57,93.58,11
1790551260,93.55,93.58,93.55,93.57,6
1790551320,93.55,93.55,93.55,93.55,1
1790551380,93.55,93.57,93.54,93.55,12
1790551440,93.54,93.58,93.54,93.58,5
1790551500,93.59,93.59,93.56,93.58,26
1790551560,93.58,93.58,93.57,93.58,8
1790551620,93.58,93.59,93.57,93.59,6
1790551680,93.6,93.6,93.57,93.6,37
1790551740,93.6,93.62,93.6,93.6,21
1790551800,93.59,93.62,93.58,93.6,63
1790551860,93.59,93.6,93.56,93.58,33
1790551920,93.58,93.6,93.57,93.6,26
1790551980,93.59,93.61,93.59,93.6,9
1790552040,93.61,93.66,93.61,93.65,87
1790552100,93.64,93.67,93.62,93.64,46
1790552160,93.64,93.65,93.62,93.65,26
1790552220,93.65,93.66,93.64,93.65,8
1790552280,93.67,93.67,93.66,93.67,24
1790552340,93.67,93.67,93.62,93.63,17
1790552400,93.62,93.67,93.62,93.65,53
1790552460,93.65,93.67,93.64,93.67,18
1790552520,93.67,93.76,93.67,93.71,114
1790552580,93.71,93.72,93.59,93.6,45
1790552640,93.6,93.6,93.56,93.58,15
1790552700,93.57,93.59,93.57,93.57,15
1790552760,93.58,93.58,93.56,93.56,8
1790552820,93.57,93.58,93.51,93.52,48
1790552880,93.52,93.53,93.41,93.47,96
1790552940,93.47,93.49,93.47,93.47,12
1790553000,93.46,93.46,93.38,93.38,51
1790553060,93.39,93.4,93.29,93.34,138
1790553120,93.32,93.36,93.31,93.35,34
1790553180,93.34,93.4,93.34,93.35,45
1790553240,93.34,93.36,93.33,93.36,24
1790553300,93.38,93.4,93.37,93.38,26
1790553360,93.4,93.4,93.29,93.31,43
1790553420,93.3,93.32,93.26,93.27,58
1790553480,93.27,93.29,93.26,93.26,10
1790553540,93.28,93.31,93.27,93.31,35
1790553600,93.3,93.35,93.24,93.28,91
1790553660,93.29,93.29,93.23,93.25,114
1790553720,93.26,93.27,93.2,93.23,68
1790553780,93.22,93.23,93.14,93.14,78
1790553840,93.14,93.36,93.13,93.34,158
1790553900,93.34,93.52,93.33,93.51,260
1790553960,93.52,93.52,93.4,93.44,108
1790554020,93.44,93.44,93.3,93.31,90
1790554080,93.32,93.36,93.28,93.35,65
1790554140,93.37,93.39,93.23,93.23,61
1790554200,93.23,93.26,93.12,93.12,74
1790554260,93.11,93.18,93.07,93.14,152
1790554320,93.17,93.2,93.16,93.2,19
1790554380,93.2,93.23,93.15,93.17,27
1790554440,93.21,93.23,93.21,93.23,6
1790554500,93.25,93.29,93.19,93.2,43
1790554560,93.19,93.27,93.17,93.27,40
1790554620,93.28,93.32,93.27,93.27,44
1790554680,93.27,93.28,93.25,93.28,9
1790554740,93.28,93.34,93.27,93.32,25
1790554800,93.33,93.38,93.33,93.38,13
1790554860,93.37,93.4,93.35,93.4,48
1790554920,93.39,93.5,93.38,93.46,97
1790554980,93.42,93.45,93.41,93.42,23
1790555040,93.41,93.48,93.4,93.44,27
1790555100,93.44,93.45,93.39,93.39,47
1790555160,93.38,93.42,93.38,93.42,18
1790555220,93.43,93.43,93.35,93.38,20
1790555280,93.38,93.46,93.38,93.44,51
1790555340,93.45,93.46,93.43,93.44,15
1790555400,93.45,93.45,93.4,93.44,24
1790555460,93.44,93.47,93.29,93.34,107
1790555520,93.35,93.36,93.21,93.26,101
1790555580,93.26,93.26,93.2,93.21,47
1790555640,93.22,93.22,93.14,93.18,122
1790555700,93.19,93.2,93.11,93.16,83
1790555760,93.14,93.25,93.09,93.18,147
1790555820,93.18,93.23,93.14,93.22,44
1790555880,93.2,93.2,93.17,93.19,20
1790555940,93.2,93.22,93.2,93.22,9
1790556000,93.23,93.26,93.23,93.26,12
1790556060,93.25,93.27,93.23,93.23,19
1790556120,93.27,93.27,93.23,93.23,6
1790556180,93.21,93.21,93.14,93.15,39
1790556240,93.14,93.15,93.07,93.07,45
1790556300,93.07,93.1,93.03,93.1,62
1790556360,93.08,93.12,93.04,93.1,115
1790556420,93.11,93.11,93.05,93.06,39
1790556480,93.06,93.07,93.03,93.05,21
1790556540,93.05,93.08,92.98,92.98,77
1790556600,92.99,93.01,92.96,92.98,57
1790556660,92.96,93.01,92.9,93,130
1790556720,92.99,93.03,92.99,93.03,24
1790556780,93.05,93.06,93.04,93.04,16
1790556840,93.05,93.06,93.02,93.03,25
1790556900,93.05,93.09,93.04,93.08,25
1790556960,93.08,93.23,93.08,93.22,101
1790557020,93.21,93.25,93.19,93.23,43
1790557080,93.21,93.23,93.18,93.22,47
1790557140,93.23,93.33,93.22,93.3,99
1790557200,93.3,93.3,92.92,93.03,350
1790557260,93.03,93.13,92.98,93.07,232
1790557320,93.07,93.11,92.91,93,214
1790557380,93,93.03,92.78,92.79,363
1790557440,92.78,92.88,92.68,92.69,179
1790557500,92.7,92.89,92.7,92.87,130
1790557560,92.86,93.02,92.78,93.02,155
1790557620,93.02,93.06,92.95,92.98,72
1790557680,92.98,93.04,92.97,92.97,55
1790557740,93.02,93.18,93.02,93.1,124
1790557800,93.09,93.16,93.05,93.12,88
1790557860,93.1,93.12,93.07,93.09,38
1790557920,93.1,93.13,93.04,93.06,34
1790557980,93.07,93.13,93.02,93.12,72
1790558040,93.14,93.18,93.1,93.17,66
1790558100,93.2,93.24,93.1,93.15,54
1790558160,93.11,93.17,93.08,93.12,58
1790558220,93.12,93.21,93.11,93.2,88
1790558280,93.22,93.34,93.2,93.3,91
1790558340,93.3,93.38,93.27,93.3,107
1790558400,93.31,93.47,93.31,93.41,106
1790558460,93.4,93.4,93.31,93.35,86
1790558520,93.33,93.46,93.33,93.46,48
1790558580,93.47,93.54,93.45,93.5,333
1790558640,93.5,93.51,93.47,93.48,73
1790558700,93.47,93.48,93.38,93.42,65
1790558760,93.43,93.59,93.43,93.59,158
1790558820,93.59,93.7,93.55,93.66,165
1790558880,93.66,93.68,93.63,93.66,69
1790558940,93.64,93.69,93.59,93.68,66
1790559000,93.68,93.71,93.55,93.64,184
1790559060,93.66,93.69,93.63,93.65,91
1790559120,93.64,93.64,93.51,93.51,126
1790559180,93.52,93.53,93.46,93.48,42
1790559240,93.48,93.49,93.44,93.49,55
1790559300,93.49,93.6,93.46,93.47,66
1790559360,93.45,93.51,93.43,93.49,44
1790559420,93.49,93.49,93.41,93.48,23
1790559480,93.49,93.49,93.39,93.43,67
1790559540,93.45,93.48,93.42,93.42,24
1790559600,93.43,93.48,93.42,93.45,23
1790559660,93.48,93.57,93.48,93.5,65
1790559720,93.52,93.52,93.48,93.48,18
1790559780,93.48,93.48,93.43,93.43,27
1790559840,93.42,93.52,93.41,93.44,112
1790559900,93.47,93.54,93.43,93.5,190
1790559960,93.5,93.55,93.49,93.5,36
1790560020,93.49,93.51,93.35,93.44,80
1790560080,93.43,93.47,93.37,93.45,63
1790560140,93.43,93.45,93.38,93.44,38
1790560200,93.42,93.52,93.42,93.5,39
1790560260,93.5,93.53,93.48,93.53,19
1790560320,93.51,93.51,93.37,93.38,80
1790560380,93.38,93.52,93.3,93.51,101
1790560440,93.52,93.52,93.47,93.51,29
1790560500,93.5,93.51,93.4,93.4,27
1790560560,93.39,93.4,93.34,93.34,60
1790560620,93.33,93.33,93.21,93.25,122
1790560680,93.23,93.29,93.17,93.27,89
1790560740,93.27,93.32,93.27,93.3,36
1790560800,93.3,93.47,93.3,93.43,86
1790560860,93.39,93.52,93.39,93.48,70
1790560920,93.48,93.52,93.47,93.52,53
1790560980,93.53,93.54,93.46,93.5,29
1790561040,93.5,93.5,93.46,93.46,10
1790561100,93.43,93.62,93.43,93.61,190
1790561160,93.62,93.99,93.62,93.9,492
1790561220,93.9,94.2,93.88,94.19,453
1790561280,94.19,94.33,94.06,94.07,389
1790561340,94.07,94.1,94.01,94.09,71
1790561400,94.09,94.1,93.88,93.91,223
1790561460,93.91,94.01,93.82,93.83,197
1790561520,93.82,93.88,93.82,93.87,75
1790561580,93.87,93.89,93.82,93.87,65
1790561640,93.87,93.93,93.84,93.9,59
1790561700,93.91,93.98,93.9,93.96,57
1790561760,93.95,93.99,93.84,93.84,80
1790561820,93.84,93.86,93.83,93.85,25
1790561880,93.86,93.88,93.84,93.87,32
1790561940,93.89,93.91,93.89,93.91,21
1790562000,93.9,93.95,93.88,93.95,26
1790562060,93.96,94.03,93.91,94.01,58
1790562120,94.02,94.05,93.96,93.98,96
1790562180,93.98,94,93.89,93.91,56
1790562240,93.9,93.94,93.87,93.87,42
1790562300,93.86,93.87,93.8,93.8,69
1790562360,93.8,93.85,93.77,93.83,28
1790562420,93.82,93.84,93.8,93.8,13
1790562480,93.83,93.87,93.81,93.83,20
1790562540,93.84,93.84,93.78,93.8,35
1790562600,93.79,93.81,93.7,93.78,108
1790562660,93.78,93.83,93.76,93.8,32
1790562720,93.8,93.8,93.72,93.77,19
1790562780,93.75,93.75,93.53,93.53,111
1790562840,93.54,93.64,93.53,93.64,47
1790562900,93.64,93.65,93.53,93.56,83
1790562960,93.55,93.62,93.46,93.49,98
1790563020,93.49,93.5,93.44,93.44,25
1790563080,93.46,93.52,93.44,93.48,70
1790563140,93.48,93.53,93.46,93.5,30
1790563200,93.48,93.57,93.43,93.53,67
1790563260,93.51,93.53,93.5,93.5,11
1790563320,93.51,93.51,93.44,93.45,36
1790563380,93.44,93.47,93.44,93.45,12
1790563440,93.46,93.46,93.37,93.38,62
1790563500,93.39,93.5,93.37,93.47,65
1790563560,93.45,93.5,93.45,93.49,22
1790563620,93.51,93.51,93.48,93.51,27
1790563680,93.49,93.62,93.49,93.61,112
1790563740,93.61,93.65,93.6,93.62,59
1790563800,93.58,93.58,93.53,93.55,44
1790563860,93.53,93.55,93.48,93.52,41
1790563920,93.53,93.53,93.46,93.47,60
1790563980,93.49,93.51,93.47,93.51,8
1790564040,93.49,93.5,93.44,93.47,24
1790564100,93.52,93.6,93.52,93.58,18
1790564160,93.58,93.59,93.54,93.58,23
1790564220,93.58,93.61,93.51,93.52,35
1790564280,93.53,93.53,93.47,93.47,20
1790564340,93.49,93.49,93.46,93.47,24
1790564400,93.48,93.49,93.44,93.46,21
1790564460,93.47,93.49,93.45,93.45,21
1790564520,93.45,93.45,93.37,93.37,63
1790564580,93.36,93.45,93.36,93.45,19
1790564640,93.41,93.44,93.39,93.44,5
1790564700,93.42,93.46,93.32,93.33,83
1790564760,93.34,93.34,93.24,93.28,92
1790564820,93.27,93.3,93.27,93.3,15
1790564880,93.29,93.29,93.25,93.26,15
1790564940,93.27,93.27,93.13,93.17,151
1790565000,93.16,93.19,93.12,93.18,62
1790565060,93.19,93.31,93.19,93.3,102
1790565120,93.3,93.3,93.25,93.25,49
1790565180,93.25,93.3,93.22,93.3,29
1790565240,93.3,93.31,93.27,93.31,19
1790565300,93.31,93.31,93.25,93.25,12
1790565360,93.24,93.27,93.23,93.26,10
1790565420,93.25,93.28,93.23,93.24,56
1790565480,93.24,93.25,93.22,93.23,15
1790565540,93.22,93.22,93.16,93.2,28
1790565600,93.22,93.27,93.15,93.26,25
1790565660,93.27,93.29,93.26,93.28,16
1790565720,93.29,93.32,93.28,93.29,20
1790565780,93.29,93.33,93.29,93.32,20
1790565840,93.3,93.33,93.3,93.33,12
1790565900,93.34,93.41,93.34,93.34,39
1790565960,93.35,93.41,93.35,93.37,32
1790566020,93.37,93.37,93.37,93.37,3
1790566080,93.38,93.39,93.37,93.37,9
1790566140,93.41,93.43,93.37,93.41,47
1790566200,93.42,93.54,93.42,93.5,63
1790566260,93.52,93.56,93.49,93.52,106
1790566320,93.52,93.62,93.5,93.59,86
1790566380,93.6,93.6,93.57,93.6,30
1790566440,93.6,93.71,93.6,93.71,153
1790566500,93.73,93.81,93.72,93.77,107
1790566560,93.78,93.85,93.76,93.76,82
1790566620,93.78,93.83,93.75,93.82,82
1790566680,93.82,93.82,93.74,93.78,56
1790566740,93.78,93.79,93.77,93.77,22
1790566800,93.8,93.8,93.76,93.8,19
1790566860,93.8,93.81,93.75,93.75,20
1790566920,93.77,93.85,93.77,93.8,33
1790566980,93.79,93.79,93.74,93.77,17
1790567040,93.77,93.77,93.73,93.76,50
1790567100,93.75,93.75,93.74,93.74,6
1790567160,93.75,93.8,93.75,93.8,18
1790567220,93.8,93.8,93.74,93.74,27
1790567280,93.77,93.8,93.76,93.76,23
1790567340,93.74,93.89,93.74,93.87,107
1790567400,93.87,93.93,93.82,93.82,51
1790567460,93.82,93.83,93.77,93.81,39
1790567520,93.8,93.83,93.76,93.8,31
1790567580,93.78,93.82,93.78,93.82,6
1790567640,93.82,93.87,93.82,93.84,32
1790567700,93.85,93.9,93.84,93.89,23
1790567760,93.89,93.94,93.89,93.93,29
1790567820,93.93,93.95,93.9,93.95,22
1790567880,93.96,94.07,93.95,93.99,140
1790567940,94,94.08,94,94.05,44
1790568000,94.05,94.08,93.98,94.05,66
1790568060,94.05,94.14,94.05,94.09,79
1790568120,94.08,94.16,94.08,94.14,57
1790568180,94.15,94.17,94.07,94.08,90
1790568240,94.1,94.14,94.1,94.12,27
1790568300,94.14,94.22,94.1,94.1,60
1790568360,94.12,94.23,94.1,94.19,57
1790568420,94.2,94.22,94.16,94.22,12
1790568480,94.18,94.18,94.13,94.15,39
1790568540,94.15,94.15,94.09,94.11,28
1790568600,94.08,94.1,94.04,94.06,41
1790568660,94.06,94.16,94.06,94.1,86
1790568720,94.12,94.14,94.11,94.12,14
1790568780,94.13,94.13,94.06,94.06,32
1790568840,94.05,94.05,94.01,94.03,36
1790568900,94.03,94.04,93.96,94,53
1790568960,94,94.05,93.98,93.99,39
1790569020,93.97,93.97,93.94,93.95,14
1790569080,93.96,93.99,93.92,93.99,31
1790569140,93.96,93.97,93.91,93.97,65
1790569200,93.95,94,93.91,93.97,53
1790569260,93.99,94,93.98,94,25
1790569320,94.02,94.02,93.98,94,26
1790569380,94.01,94.03,93.98,94.03,35
1790569440,94.04,94.06,94.03,94.05,30
1790569500,94.07,94.16,94.06,94.16,60
1790569560,94.13,94.17,94.11,94.15,33
1790569620,94.08,94.08,94.04,94.05,11
1790569680,94.06,94.07,94.06,94.07,3
1790569740,94.07,94.07,94.05,94.05,11
1790569800,94.05,94.05,94.01,94.02,20
1790569860,94,94.03,93.99,94.02,61
1790569920,94.01,94.03,94.01,94.02,14
1790569980,94.02,94.02,94.01,94.02,4
1790570040,94.01,94.18,94,94.16,77
1790570100,94.16,94.16,94.08,94.08,32
1790570160,94.11,94.12,94.06,94.07,12
1790570220,94.06,94.07,94.03,94.04,6
1790570280,94.04,94.05,94.03,94.05,6
1790570340,94.05,94.06,94.05,94.05,17
1790570400,94.06,94.07,94.03,94.07,35
1790570460,94.07,94.07,94.01,94.03,56
1790570520,94.02,94.02,93.98,93.99,16
1790570580,94.01,94.04,94.01,94.04,6
1790570640,94.03,94.04,94,94.01,12
1790570700,94.05,94.1,94.05,94.08,26
1790570760,94.08,94.09,94.08,94.09,7
1790570820,94.08,94.09,94.03,94.09,35
1790570880,94.09,94.09,94.07,94.07,5
1790570940,94.04,94.09,94.04,94.07,15
1790571000,94.09,94.12,94.08,94.08,29
1790571060,94.08,94.15,94.08,94.15,18
1790571120,94.15,94.2,94.11,94.11,54
1790571180,94.11,94.11,94.08,94.1,37
1790571240,94.1,94.13,94.1,94.13,5
1790571300,94.1,94.12,94.1,94.1,6
1790571360,94.08,94.08,94.08,94.08,1
1790571420,94.06,94.06,94.03,94.05,10
1790571480,94.06,94.07,94.05,94.05,17
1790571540,94.03,94.08,94.03,94.07,32
1790571600,94.06,94.09,94.02,94.07,18
1790571660,94.06,94.07,94.05,94.06,16
1790571720,94.06,94.06,94.04,94.04,14
1790571780,94.04,94.13,94.04,94.13,14
1790571840,94.12,94.17,94.05,94.11,72
1790571900,94.12,94.13,94.11,94.11,7
1790571960,94.11,94.15,94.11,94.15,10
1790572020,94.15,94.16,94.09,94.16,40
1790572080,94.15,94.16,94.14,94.16,26
1790572140,94.15,94.15,94.08,94.09,21
1790572200,94.1,94.1,94.02,94.08,80
1790572260,94.08,94.1,94.07,94.09,39
1790572320,94.08,94.08,94.06,94.07,34
1790572380,94.08,94.1,94.06,94.1,68
1790572440,94.11,94.16,94.1,94.16,34
1790572500,94.16,94.16,94.11,94.12,21
1790572560,94.13,94.2,94.13,94.2,46
1790572620,94.19,94.23,94.17,94.17,36
1790572680,94.17,94.2,94.17,94.19,18
1790572740,94.18,94.21,94.16,94.2,22
1790572800,94.17,94.24,94.16,94.23,23
1790572860,94.22,94.31,94.21,94.25,139
1790572920,94.27,94.32,94.25,94.3,101
1790572980,94.31,94.32,94.28,94.28,39
1790573040,94.28,94.31,94.26,94.31,28
1790573100,94.3,94.32,94.26,94.26,66
1790573160,94.28,94.36,94.27,94.32,83
1790573220,94.32,94.33,94.24,94.26,28
1790573280,94.25,94.3,94.25,94.27,15
1790573340,94.28,94.33,94.24,94.25,53
1790573400,94.27,94.52,94.25,94.43,223
1790573460,94.42,94.48,94.3,94.44,111
1790573520,94.43,94.49,94.37,94.37,37
1790573580,94.37,94.45,94.37,94.45,68
1790573640,94.45,94.5,94.36,94.5,67
1790573700,94.48,94.49,94.34,94.43,119
1790573760,94.43,94.5,94.42,94.42,60
1790573820,94.43,94.43,94.35,94.41,86
1790573880,94.4,94.51,94.35,94.46,106
1790573940,94.46,94.48,94.42,94.48,33
1790574000,94.5,94.59,94.48,94.54,90
1790574060,94.48,94.63,94.48,94.61,138
1790574120,94.62,94.73,94.62,94.65,160
1790574180,94.65,94.67,94.61,94.65,42
1790574240,94.65,94.7,94.62,94.7,74
1790574300,94.69,94.7,94.64,94.64,41
1790574360,94.63,94.65,94.49,94.49,70
1790574420,94.49,94.49,94.35,94.37,99
1790574480,94.34,94.38,94.23,94.3,113
1790574540,94.32,94.32,94.23,94.24,87
1790574600,94.27,94.31,94.21,94.29,103
1790574660,94.29,94.36,94.26,94.28,73
1790574720,94.29,94.33,94.26,94.33,71
1790574780,94.33,94.38,94.29,94.37,57
1790574840,94.37,94.42,94.34,94.4,76
1790574900,94.4,94.41,94.32,94.32,38
1790574960,94.32,94.38,94.3,94.34,86
1790575020,94.34,94.37,94.29,94.34,92
1790575080,94.31,94.32,94.27,94.29,19
1790575140,94.28,94.33,94.28,94.31,29
1790575200,94.32,94.33,94.14,94.2,172
1790575260,94.2,94.23,94.18,94.2,104
1790575320,94.21,94.28,94.2,94.28,37
1790575380,94.31,94.38,94.22,94.38,71
1790575440,94.35,94.39,94.32,94.36,44
1790575500,94.36,94.5,94.36,94.4,119
1790575560,94.39,94.43,94.3,94.38,140
1790575620,94.37,94.42,94.35,94.35,36
1790575680,94.37,94.38,94.34,94.36,32
1790575740,94.33,94.35,94.2,94.24,106
1790575800,94.24,94.24,94.08,94.09,218
1790575860,94.08,94.09,94.01,94.06,106
1790575920,94.05,94.06,93.78,93.84,398
1790575980,93.85,93.98,93.85,93.9,192
1790576040,93.91,93.98,93.9,93.9,76
1790576100,93.89,94.04,93.88,93.98,115
1790576160,93.97,94,93.83,93.83,53
1790576220,93.85,93.96,93.83,93.92,74
1790576280,93.95,94.02,93.95,93.98,81
1790576340,93.98,94.01,93.97,93.99,37
1790576400,93.98,94.07,93.98,94.06,88
1790576460,94.05,94.13,94.05,94.1,87
1790576520,94.1,94.2,94.09,94.14,116
1790576580,94.14,94.24,94.12,94.14,87
1790576640,94.13,94.2,94.1,94.12,82
1790576700,94.11,94.14,94.08,94.1,40
1790576760,94.11,94.12,94,94.03,127
1790576820,94.04,94.07,93.99,94.07,61
1790576880,94.05,94.07,94,94.05,26
1790576940,94.04,94.07,94.04,94.04,25
1790577000,94.04,94.12,94.04,94.11,69
1790577060,94.12,94.15,94.01,94.04,89
1790577120,94.04,94.15,94.04,94.11,73
1790577180,94.11,94.19,94.11,94.18,79
1790577240,94.18,94.18,94.07,94.1,63
1790577300,94.12,94.12,93.99,94.01,41
1790577360,94.01,94.16,93.93,94.14,134
1790577420,94.12,94.12,94.05,94.07,53
1790577480,94.09,94.09,93.95,94.03,44
1790577540,94.03,94.05,94,94.01,20
1790577600,94.01,94.05,93.91,93.92,153
1790577660,93.93,94.02,93.92,93.92,50
1790577720,93.93,93.93,93.79,93.85,227
1790577780,93.83,93.96,93.83,93.94,116
1790577840,93.94,93.96,93.87,93.89,33
1790577900,93.88,93.93,93.83,93.83,49
1790577960,93.84,93.85,93.81,93.85,70
1790578020,93.85,93.86,93.79,93.81,51
1790578080,93.84,93.91,93.76,93.77,61
1790578140,93.78,93.81,93.71,93.73,79
1790578200,93.72,93.72,93.68,93.71,86
1790578260,93.72,93.72,93.58,93.61,155
1790578320,93.6,93.65,93.54,93.56,122
1790578380,93.56,93.57,93.35,93.38,231
1790578440,93.37,93.47,93.37,93.47,106
1790578500,93.46,93.46,93.39,93.45,49
1790578560,93.45,93.57,93.45,93.56,126
1790578620,93.55,93.62,93.55,93.59,79
1790578680,93.58,93.58,93.47,93.48,60
1790578740,93.48,93.53,93.47,93.49,56
1790578800,93.48,93.67,93.46,93.56,330
1790578860,93.55,93.73,93.55,93.71,143
1790578920,93.72,93.81,93.72,93.8,172
1790578980,93.82,93.93,93.82,93.93,179
1790579040,93.94,94.08,93.93,94.04,198
1790579100,94.05,94.1,93.96,94.03,172
1790579160,94.03,94.04,93.95,93.97,116
1790579220,93.95,94.06,93.91,93.93,132
1790579280,93.95,94,93.91,94,61
1790579340,94,94,93.86,93.89,72
1790579400,93.88,93.94,93.85,93.94,101
1790579460,93.92,94.05,93.91,93.98,113
1790579520,93.97,94,93.96,93.99,46
1790579580,94,94.16,94,94.1,89
1790579640,94.09,94.26,94.09,94.24,149
1790579700,94.26,94.34,94.19,94.24,232
1790579760,94.23,94.38,94.22,94.33,142
1790579820,94.35,94.37,94.23,94.23,107
1790579880,94.24,94.36,94.24,94.35,110
1790579940,94.34,94.49,94.32,94.43,263
1790580000,94.43,94.49,94.37,94.42,114
1790580060,94.42,94.53,94.42,94.49,168
1790580120,94.51,94.61,94.51,94.58,260
1790580180,94.58,94.62,94.32,94.35,211
1790580240,94.34,94.36,94.17,94.26,165
1790580300,94.26,94.35,94.18,94.31,257
1790580360,94.29,94.43,94.28,94.39,78
1790580420,94.39,94.42,94.36,94.37,81
1790580480,94.36,94.4,94.24,94.29,290
1790580540,94.3,94.31,94.17,94.19,209
1790580600,94.17,94.21,94.06,94.16,188
1790580660,94.17,94.17,93.98,94.03,198
1790580720,94.03,94.16,93.94,94.15,118
1790580780,94.14,94.23,94.06,94.23,194
1790580840,94.24,94.39,94.24,94.35,138
1790580900,94.34,94.34,94.19,94.19,115
1790580960,94.19,94.25,94.16,94.24,65
1790581020,94.23,94.26,94.21,94.23,78
1790581080,94.24,94.29,94.15,94.19,93
1790581140,94.18,94.19,94.13,94.16,54
1790581200,94.16,94.16,94.08,94.08,66
1790581260,94.07,94.21,94.05,94.17,133
1790581320,94.19,94.36,94.19,94.33,122
1790581380,94.32,94.32,94.22,94.24,63
1790581440,94.24,94.4,94.24,94.32,138
1790581500,94.31,94.31,94.24,94.27,40
1790581560,94.28,94.41,94.28,94.41,106
1790581620,94.4,94.52,94.4,94.52,195
1790581680,94.52,94.55,94.44,94.47,216
1790581740,94.49,94.49,94.4,94.47,74
1790581800,94.47,94.47,94.34,94.43,95
1790581860,94.44,94.44,94.28,94.35,102
1790581920,94.34,94.45,94.32,94.45,150
1790581980,94.46,94.47,94.37,94.41,61
1790582040,94.4,94.41,94.31,94.31,36
1790582100,94.31,94.35,94.16,94.25,100
1790582160,94.26,94.3,94.22,94.25,90
1790582220,94.24,94.42,94.22,94.42,77
1790582280,94.42,94.45,94.39,94.41,60
1790582340,94.41,94.41,94.31,94.37,151
1790582400,94.37,94.53,94.35,94.46,208
1790582460,94.48,94.54,94.37,94.5,128
1790582520,94.48,94.56,94.43,94.44,105
1790582580,94.45,94.71,94.45,94.69,256
1790582640,94.7,94.7,94.51,94.51,199
1790582700,94.5,94.57,94.44,94.57,108
1790582760,94.56,94.79,94.56,94.72,192
1790582820,94.72,94.73,94.6,94.71,161
1790582880,94.69,94.71,94.55,94.57,66
1790582940,94.57,94.58,94.49,94.5,85
1790583000,94.51,94.55,94.5,94.51,81
1790583060,94.51,94.53,94.38,94.45,131
1790583120,94.44,94.57,94.44,94.51,165
1790583180,94.5,94.55,94.41,94.44,115
1790583240,94.46,94.47,94.38,94.46,106
1790583300,94.45,94.52,94.44,94.49,50
1790583360,94.5,94.52,94.43,94.44,81
1790583420,94.45,94.62,94.41,94.58,204
1790583480,94.58,94.59,94.51,94.54,83
1790583540,94.56,94.73,94.54,94.71,142
1790583600,94.71,94.71,94.58,94.63,117
1790583660,94.64,94.84,94.64,94.82,329
1790583720,94.83,94.89,94.76,94.84,313
1790583780,94.86,94.92,94.84,94.88,264
1790583840,94.88,95.03,94.88,94.93,511
1790583900,94.94,94.97,94.76,94.85,264
1790583960,94.85,94.86,94.77,94.83,116
1790584020,94.84,94.91,94.82,94.86,114
1790584080,94.86,94.88,94.79,94.81,127
1790584140,94.81,94.91,94.74,94.79,481
1790584200,94.79,94.87,94.6,94.65,435
1790584260,94.65,94.76,94.61,94.69,382
1790584320,94.68,94.91,94.68,94.91,155
1790584380,94.89,94.98,94.82,94.96,109
1790584440,94.96,95.02,94.91,95.01,143
1790584500,95,95.08,94.95,95,246
1790584560,94.99,95.01,94.95,94.96,105
1790584620,94.96,95.05,94.95,95.01,151
1790584680,95,95.11,95,95.07,181
1790584740,95.07,95.13,95.07,95.08,113
1790584800,95.07,95.09,94.98,94.98,89
1790584860,94.98,95.11,94.96,95.11,68
1790584920,95.1,95.11,95.04,95.04,64
1790584980,95.04,95.15,95.02,95.13,105
1790585040,95.1,95.11,95.03,95.03,80
1790585100,95.03,95.07,95.03,95.05,56
1790585160,95.04,95.18,95.02,95.07,248
1790585220,95.07,95.16,95.06,95.11,190
1790585280,95.12,95.17,95.1,95.14,111
1790585340,95.13,95.16,95.09,95.1,88
1790585400,95.08,95.14,95.05,95.06,141
1790585460,95.06,95.2,95.05,95.19,210
1790585520,95.2,95.25,95.16,95.16,111
1790585580,95.18,95.23,95.18,95.2,82
1790585640,95.21,95.45,95.21,95.43,329
1790585700,95.42,95.5,95.39,95.49,311
1790585760,95.5,95.55,95.41,95.45,358
1790585820,95.45,95.49,95.41,95.47,106
1790585880,95.48,95.59,95.47,95.58,178
1790585940,95.59,95.61,95.53,95.61,168
1790586000,95.61,95.65,95.42,95.45,220
1790586060,95.46,95.63,95.46,95.53,129
1790586120,95.51,95.61,95.51,95.59,146
1790586180,95.58,95.6,95.56,95.58,62
1790586240,95.59,95.65,95.59,95.62,80
1790586300,95.61,95.65,95.54,95.55,125
1790586360,95.55,95.59,95.54,95.55,94
1790586420,95.55,95.61,95.48,95.6,110
1790586480,95.6,95.67,95.56,95.63,94
1790586540,95.62,95.71,95.62,95.67,221
1790586600,95.67,95.72,95.66,95.71,128
1790586660,95.71,95.72,95.63,95.68,199
1790586720,95.68,95.68,95.58,95.62,103
1790586780,95.62,95.65,95.56,95.6,92
1790586840,95.6,95.66,95.59,95.6,70
1790586900,95.6,95.69,95.53,95.65,165
1790586960,95.64,95.71,95.64,95.68,122
1790587020,95.69,95.75,95.65,95.71,102
1790587080,95.7,95.73,95.65,95.65,53
1790587140,95.64,95.64,95.54,95.57,72
1790587200,95.56,95.56,95.37,95.41,154
1790587260,95.4,95.47,95.37,95.47,124
1790587320,95.48,95.49,95.44,95.46,45
1790587380,95.45,95.5,95.45,95.5,31
1790587440,95.49,95.51,95.45,95.47,56
1790587500,95.47,95.51,95.44,95.46,120
1790587560,95.47,95.54,95.47,95.5,66
1790587620,95.5,95.51,95.41,95.49,111
1790587680,95.49,95.5,95.45,95.5,51
1790587740,95.52,95.54,95.5,95.5,52
1790587800,95.48,95.58,95.46,95.53,128
1790587860,95.54,95.56,95.49,95.53,63
1790587920,95.52,95.53,95.46,95.48,118
1790587980,95.49,95.49,95.43,95.45,72
1790588040,95.45,95.59,95.42,95.58,177
1790588100,95.56,95.62,95.54,95.58,132
1790588160,95.58,95.6,95.49,95.49,90
1790588220,95.51,95.58,95.48,95.55,101
1790588280,95.55,95.63,95.54,95.63,67
1790588340,95.63,95.63,95.54,95.55,42
1790588400,95.54,95.57,95.51,95.56,55
1790588460,95.57,95.7,95.54,95.62,156
1790588520,95.63,95.63,95.52,95.55,78
1790588580,95.56,95.57,95.5,95.55,91
1790588640,95.53,95.54,95.47,95.53,90
1790588700,95.51,95.51,95.45,95.48,86
1790588760,95.47,95.64,95.47,95.62,182
1790588820,95.62,95.62,95.56,95.6,49
1790588880,95.61,95.7,95.59,95.69,155
1790588940,95.69,95.76,95.69,95.75,168
1790589000,95.74,95.75,95.69,95.72,145
1790589060,95.72,95.74,95.63,95.65,134
1790589120,95.65,95.71,95.62,95.7,122
1790589180,95.7,95.83,95.68,95.82,205
1790589240,95.81,95.84,95.75,95.79,152
1790589300,95.81,95.82,95.73,95.75,119
1790589360,95.75,95.86,95.75,95.86,131
1790589420,95.86,95.91,95.83,95.88,265
1790589480,95.87,95.93,95.85,95.9,211
1790589540,95.9,95.96,95.87,95.89,532
1790589600,95.88,95.9,95.77,95.84,338
1790589660,95.83,95.84,95.75,95.84,168
1790589720,95.85,95.95,95.84,95.95,219
1790589780,95.95,95.99,95.93,95.98,135
1790589840,95.97,95.99,95.9,95.92,144
1790589900,95.93,96.08,95.9,96,268
1790589960,96,96.39,95.99,96.25,730
1790590020,96.27,96.34,96.26,96.34,226
1790590080,96.33,96.34,96.27,96.29,155
1790590140,96.31,96.32,96.17,96.19,252
1790590200,96.18,96.27,96.16,96.26,113
1790590260,96.27,96.32,96.23,96.24,109
1790590320,96.25,96.31,96.02,96.29,420
1790590380,96.31,96.44,96.28,96.3,264
1790590440,96.31,96.39,96.26,96.26,190
1790590500,96.25,96.26,96.15,96.22,157
1790590560,96.21,96.27,96.21,96.21,91
1790590620,96.21,96.24,96.2,96.21,52
1790590680,96.22,96.22,96.13,96.16,84
1790590740,96.16,96.21,96.16,96.2,73
1790590800,96.19,96.23,96.16,96.23,75
1790590860,96.24,96.26,96.16,96.22,121
1790590920,96.22,96.23,96.17,96.19,60
1790590980,96.2,96.23,96.18,96.19,33
1790591040,96.2,96.22,96.17,96.18,72
1790591100,96.18,96.19,96.12,96.15,85
1790591160,96.15,96.24,96.14,96.23,177
1790591220,96.22,96.4,96.22,96.36,225
1790591280,96.36,96.42,96.34,96.39,88
1790591340,96.41,96.47,96.31,96.31,156
1790591400,96.32,96.48,96.3,96.45,124
1790591460,96.45,96.47,96.33,96.37,367
1790591520,96.38,96.38,96.28,96.31,111
1790591580,96.32,96.33,96.22,96.27,89
1790591640,96.26,96.35,96.25,96.31,81
1790591700,96.3,96.33,96.28,96.3,63
1790591760,96.29,96.4,96.29,96.33,101
1790591820,96.33,96.34,96.26,96.3,115
1790591880,96.3,96.39,96.29,96.38,140
1790591940,96.4,96.45,96.37,96.43,105
1790592000,96.43,96.44,96.39,96.41,96
1790592060,96.4,96.41,96.37,96.39,44
1790592120,96.39,96.39,96.3,96.32,67
1790592180,96.32,96.32,96.28,96.28,55
1790592240,96.28,96.33,96.27,96.29,64
1790592300,96.3,96.32,96.28,96.3,42
1790592360,96.29,96.29,96.14,96.26,244
1790592420,96.26,96.32,96.25,96.31,113
1790592480,96.3,96.34,96.23,96.25,161
1790592540,96.26,96.33,96.23,96.27,165
1790592600,96.27,96.3,96.25,96.27,62
1790592660,96.29,96.32,96.26,96.31,103
1790592720,96.31,96.31,96.05,96.14,652
1790592780,96.14,96.19,96.07,96.18,342
1790592840,96.19,96.22,96.16,96.21,173
1790592900,96.2,96.28,96.11,96.15,229
1790592960,96.14,96.22,96.1,96.2,188
1790593020,96.2,96.22,96.15,96.22,56
1790593080,96.22,96.25,96.17,96.2,87
1790593140,96.22,96.24,96.17,96.18,115
1790593200,96.18,96.28,95.93,96.23,1123
1790593260,96.23,96.33,96.17,96.27,173
1790593320,96.28,96.36,96.28,96.35,129
1790593380,96.35,96.44,96.33,96.41,207
1790593440,96.41,96.47,96.38,96.43,167
1790593500,96.42,96.54,96.4,96.46,294
1790593560,96.46,96.46,96.3,96.4,206
1790593620,96.4,96.4,96.31,96.32,84
1790593680,96.33,96.36,96.31,96.34,74
1790593740,96.34,96.35,96.3,96.31,43
1790593800,96.3,96.33,96.24,96.27,144
1790593860,96.28,96.32,96.27,96.28,109
1790593920,96.29,96.32,96.25,96.27,79
1790593980,96.29,96.32,96.22,96.25,86
1790594040,96.27,96.3,96.23,96.29,90
1790594100,96.3,96.33,96.23,96.24,84
1790594160,96.23,96.29,95.55,95.93,1832
1790594220,95.91,95.92,95.63,95.67,1194
1790594280,95.66,95.95,95.63,95.91,381
1790594340,95.91,95.94,95.73,95.89,359
1790594400,95.89,95.95,95.85,95.93,157
1790594460,95.91,95.93,95.85,95.89,213
1790594520,95.85,95.86,95.72,95.74,339
1790594580,95.73,95.82,95.69,95.79,271
1790594640,95.79,95.82,95.76,95.77,105
1790594700,95.76,95.88,95.69,95.76,187
1790594760,95.76,95.8,95.72,95.75,95
1790594820,95.78,95.83,95.75,95.82,77
1790594880,95.83,95.83,95.76,95.78,62
1790594940,95.76,95.79,95.71,95.75,113
1790595000,95.75,95.77,95.69,95.74,135
1790595060,95.74,95.78,95.72,95.73,83
1790595120,95.72,95.74,95.69,95.72,55
1790595180,95.72,95.75,95.66,95.74,92
1790595240,95.75,95.82,95.73,95.76,93
1790595300,95.77,95.77,95.73,95.74,82
1790595360,95.74,95.75,95.6,95.68,179
1790595420,95.66,95.67,95.62,95.63,85
1790595480,95.64,95.67,95.62,95.65,93
1790595540,95.65,95.69,95.6,95.65,176
1790595600,95.65,95.69,95.63,95.68,68
1790595660,95.68,95.77,95.63,95.77,125
1790595720,95.76,95.84,95.75,95.79,138
1790595780,95.78,95.8,95.6,95.62,117
1790595840,95.62,95.63,95.59,95.59,106
1790595900,95.58,95.66,95.58,95.62,166
1790595960,95.62,95.63,95.59,95.6,62
1790596020,95.6,95.62,95.59,95.61,51
1790596080,95.61,95.65,95.6,95.64,66
1790596140,95.64,95.75,95.64,95.74,169
1790596200,95.74,95.75,95.64,95.66,85
1790596260,95.66,95.75,95.65,95.74,64
1790596320,95.75,95.78,95.68,95.68,138
1790596380,95.71,95.79,95.71,95.77,134
1790596440,95.77,95.8,95.77,95.79,61
1790596500,95.79,95.83,95.68,95.72,123
1790596560,95.73,95.76,95.71,95.75,80
1790596620,95.73,95.79,95.64,95.76,206
1790596680,95.77,95.95,95.76,95.92,303
1790596740,95.93,95.93,95.89,95.93,87
1790596800,95.94,96.11,95.93,96.08,346
1790596860,96.08,96.13,96.05,96.06,166
1790596920,96.05,96.11,96.05,96.06,98
1790596980,96.06,96.13,96.01,96.02,169
1790597040,96.03,96.03,95.1,95.28,2599
1790597100,95.27,95.43,95.16,95.22,567
1790597160,95.23,95.26,94.86,95.02,1208
1790597220,94.99,95.09,94.9,95.01,654
1790597280,95.02,95.17,94.99,95.03,263
1790597340,95.05,95.11,95.02,95.07,177
1790597400,95.05,95.16,94.99,95.11,205
1790597460,95.13,95.2,94.98,95.05,273
1790597520,95.04,95.07,94.99,95.03,98
1790597580,95.04,95.17,95.02,95.16,178
1790597640,95.15,95.19,95.1,95.14,83
1790597700,95.15,95.15,94.91,94.96,180
1790597760,94.96,95.09,94.93,94.98,197
1790597820,95,95.09,94.97,95.05,187
1790597880,95.05,95.06,94.96,95.04,100
1790597940,95.03,95.12,95.02,95.05,159
1790598000,95.04,95.04,94.9,94.92,218
1790598060,94.93,95.11,94.93,95.08,167
1790598120,95.08,95.24,95.08,95.23,283
1790598180,95.24,95.31,95.22,95.23,230
1790598240,95.21,95.27,95.17,95.27,125
1790598300,95.24,95.25,95.08,95.15,178
1790598360,95.16,95.26,95.03,95.04,603
1790598420,95.04,95.09,95.03,95.06,111
1790598480,95.07,95.15,95.02,95.14,81
1790598540,95.15,95.15,95.06,95.12,99
1790598600,95.11,95.12,95.03,95.04,98
1790598660,95.04,95.04,94.9,94.94,279
1790598720,94.94,95,94.94,94.94,85
1790598780,94.94,94.97,94.9,94.94,164
1790598840,94.94,94.99,94.84,94.86,188
1790598900,94.85,94.9,94.79,94.84,339
1790598960,94.85,94.87,94.71,94.87,1383
1790599020,94.87,94.87,94.77,94.79,116
1790599080,94.78,94.91,94.76,94.88,139
1790599140,94.87,94.9,94.83,94.83,102
1790599200,94.84,94.95,94.81,94.95,213
1790599260,94.92,94.92,94.79,94.81,229
1790599320,94.83,94.87,94.8,94.86,52
1790599380,94.85,94.87,94.78,94.79,113
1790599440,94.77,94.78,94.65,94.65,165
1790599500,94.63,94.64,94.48,94.49,438
1790599560,94.5,94.56,94.44,94.53,346
1790599620,94.55,94.69,94.54,94.63,219
1790599680,94.63,94.7,94.53,94.56,146
1790599740,94.57,94.62,94.53,94.58,174
1790599800,94.58,94.58,94.27,94.32,498
1790599860,94.33,94.35,94.26,94.26,274
1790599920,94.27,94.27,94.13,94.19,530
1790599980,94.19,94.23,94.13,94.13,234
1790600040,94.14,94.3,94.14,94.27,240
1790600100,94.26,94.33,94.21,94.21,166
1790600160,94.22,94.23,94.03,94.04,380
1790600220,94.05,94.11,94.01,94.06,224
1790600280,94.07,94.24,94.02,94.2,274
1790600340,94.19,94.27,94.19,94.26,134
1790600400,94.24,94.58,94.23,94.57,912
1790600460,94.57,94.7,94.48,94.66,551
1790600520,94.66,94.85,94.64,94.67,630
1790600580,94.68,94.7,94.43,94.55,256
1790600640,94.55,94.58,94.51,94.53,140
1790600700,94.52,94.58,94.47,94.5,322
1790600760,94.51,94.55,94.4,94.42,242
1790600820,94.43,94.44,94.27,94.33,370
1790600880,94.31,94.41,94.26,94.38,177
1790600940,94.4,94.47,94.35,94.38,112
1790601000,94.37,94.38,94.28,94.3,169
1790601060,94.31,94.39,94.25,94.33,140
1790601120,94.32,94.33,94.24,94.27,102
1790601180,94.28,94.33,94.24,94.29,153
1790601240,94.28,94.29,94.24,94.27,108
1790601300,94.27,94.28,94.05,94.13,324
1790601360,94.12,94.16,94.05,94.14,182
1790601420,94.12,94.12,93.98,94.06,341
1790601480,94.07,94.41,94.06,94.33,873
1790601540,94.32,94.35,94.09,94.1,225
1790601600,94.12,94.35,94.09,94.35,197
1790601660,94.32,94.38,94.21,94.29,215
1790601720,94.29,94.35,94.23,94.35,155
1790601780,94.32,94.35,94.16,94.16,160
1790601840,94.16,94.16,94.04,94.11,173
1790601900,94.09,94.24,94.08,94.18,151
1790601960,94.2,94.2,94.02,94.19,203
1790602020,94.18,94.37,94.18,94.35,196
1790602080,94.35,94.4,94.28,94.31,175
1790602140,94.3,94.43,94.25,94.43,262
1790602200,94.44,94.45,94.2,94.39,379
1790602260,94.39,94.43,94.29,94.31,143
1790602320,94.31,94.31,94.13,94.24,340
1790602380,94.25,94.44,94.23,94.43,203
1790602440,94.42,94.45,94.29,94.31,214
1790602500,94.3,94.33,94.18,94.21,166
1790602560,94.19,94.35,94.19,94.3,230
1790602620,94.28,94.3,94.15,94.24,223
1790602680,94.24,94.24,94.14,94.21,155
1790602740,94.21,94.36,94.19,94.28,134
1790602800,94.27,94.34,94.26,94.29,123
1790602860,94.29,94.43,94.29,94.42,109
1790602920,94.42,94.42,94.3,94.37,160
1790602980,94.36,94.42,94.35,94.36,163
1790603040,94.36,94.43,94.35,94.39,193
1790603100,94.38,94.51,94.34,94.43,340
1790603160,94.43,94.64,94.41,94.58,433
1790603220,94.59,94.64,94.36,94.52,690
1790603280,94.51,94.51,94.16,94.18,608
1790603340,94.2,94.48,94.15,94.26,912
1790603400,94.24,94.26,94.01,94.03,534
1790603460,94.05,94.26,94.02,94.2,378
1790603520,94.21,94.25,94.03,94.06,352
1790603580,94.07,94.16,94.03,94.15,177
1790603640,94.15,94.32,94.08,94.1,409
1790603700,94.1,94.15,93.8,94.09,1177
1790603760,94.08,94.28,94.08,94.23,311
1790603820,94.23,94.23,93.94,93.95,238
1790603880,93.93,93.99,93.8,93.88,353
1790603940,93.87,93.9,93.75,93.86,394
1790604000,93.85,93.96,93.75,93.77,312
1790604060,93.75,93.9,93.75,93.86,187
1790604120,93.87,93.89,93.7,93.81,557
1790604180,93.8,93.96,93.77,93.9,411
1790604240,93.92,94.11,93.89,94.07,321
1790604300,94.06,94.2,94.01,94.1,503
1790604360,94.08,94.16,94.01,94.04,198
1790604420,94.03,94.12,93.99,94.03,205
1790604480,94.02,94.05,93.91,93.99,215
1790604540,93.99,93.99,93.89,93.9,142
1790604600,93.9,93.95,93.86,93.9,173
1790604660,93.89,93.97,93.88,93.97,165
1790604720,93.97,94.17,93.97,94.09,551
1790604780,94.1,94.1,93.97,94.05,444
1790604840,94.05,94.12,94,94.03,231
1790604900,94.02,94.1,93.87,93.92,314
1790604960,93.92,94.02,93.92,93.99,244
1790605020,93.98,93.98,93.85,93.85,271
1790605080,93.85,94,93.83,93.97,313
1790605140,93.98,93.98,93.93,93.97,94
1790605200,93.98,94.09,93.98,93.98,529
1790605260,93.98,94.05,93.93,94,219
1790605320,94.01,94.03,93.92,93.97,120
1790605380,93.98,94.1,93.97,94.05,233
1790605440,94.05,94.09,93.94,93.95,276
1790605500,93.94,94.04,93.91,94.02,190
1790605560,94.02,94.12,94.02,94.07,251
1790605620,94.06,94.21,94,94.21,244
1790605680,94.2,94.29,94.12,94.14,457
1790605740,94.14,94.2,94.12,94.16,267
1790605800,94.16,94.23,94.11,94.16,313
1790605860,94.17,94.21,94.12,94.21,187
1790605920,94.2,94.34,94.18,94.32,204
1790605980,94.31,94.45,94.31,94.38,590
1790606040,94.38,94.47,94.35,94.37,397
1790606100,94.35,94.41,94.31,94.37,227
1790606160,94.38,94.45,94.32,94.4,215
1790606220,94.43,94.53,94.43,94.47,206
1790606280,94.48,94.52,94.42,94.5,186
1790606340,94.5,94.56,94.46,94.5,168
1790606400,94.49,94.58,94.47,94.51,225
1790606460,94.52,94.56,94.46,94.48,183
1790606520,94.48,94.62,94.48,94.6,225
1790606580,94.6,94.69,94.55,94.64,360
1790606640,94.62,94.72,94.58,94.68,215
1790606700,94.68,94.88,94.67,94.85,374
1790606760,94.86,95.1,94.86,95,888
1790606820,95.01,95.16,95.01,95.07,754
1790606880,95.07,95.22,95.02,95.2,711
1790606940,95.2,95.29,95.18,95.26,704
1790607000,95.25,95.27,94.81,94.92,2199
1790607060,94.93,95.19,94.89,95.18,867
1790607120,95.17,95.17,95,95.05,621
1790607180,95.05,95.24,95.02,95.21,323
1790607240,95.22,95.36,95.22,95.35,532
1790607300,95.35,95.46,95.34,95.42,577
1790607360,95.44,95.49,95.41,95.49,415
1790607420,95.48,95.7,95.48,95.62,839
1790607480,95.62,95.67,95.57,95.6,500
1790607540,95.6,95.67,95.53,95.64,541
1790607600,95.63,95.67,95.57,95.57,579
1790607660,95.57,95.66,95.53,95.63,629
1790607720,95.62,95.67,95.48,95.63,312
1790607780,95.63,95.66,95.58,95.64,262
1790607840,95.65,95.68,95.46,95.47,376
1790607900,95.46,95.51,95.37,95.44,740
1790607960,95.46,95.6,95.46,95.56,274
1790608020,95.56,95.56,95.37,95.4,597
1790608080,95.41,95.51,95.35,95.46,360
1790608140,95.48,95.53,95.46,95.49,298
1790608200,95.5,95.52,95.35,95.42,461
1790608260,95.41,95.41,95.29,95.35,346
1790608320,95.34,95.41,95.24,95.27,360
1790608380,95.27,95.35,95.26,95.27,180
1790608440,95.27,95.38,95.25,95.38,238
1790608500,95.38,95.41,95.34,95.36,391
1790608560,95.36,95.41,95.34,95.38,142
1790608620,95.38,95.43,95.18,95.18,324
1790608680,95.16,95.22,95.1,95.15,222
1790608740,95.15,95.25,95.1,95.23,323
1790608800,95.23,95.32,95.17,95.24,291
1790608860,95.25,95.39,95.24,95.35,230
1790608920,95.34,95.42,95.32,95.37,234
1790608980,95.36,95.37,95.33,95.33,86
1790609040,95.35,95.5,95.29,95.48,247
1790609100,95.49,95.53,95.09,95.25,1255
1790609160,95.24,95.31,95.19,95.25,373
1790609220,95.26,95.33,95.24,95.33,114
1790609280,95.33,95.36,95.26,95.26,155
1790609340,95.26,95.45,95.19,95.35,512
1790609400,95.35,95.41,95.24,95.32,339
1790609460,95.31,95.41,95.3,95.34,257
1790609520,95.34,95.38,95.28,95.35,149
1790609580,95.34,95.51,95.34,95.49,448
1790609640,95.49,95.53,95.46,95.46,216
1790609700,95.45,95.5,95.42,95.48,143
1790609760,95.48,95.55,95.47,95.49,185
1790609820,95.48,95.5,95.39,95.44,131
1790609880,95.44,95.58,95.43,95.51,164
1790609940,95.51,95.69,95.51,95.59,430
1790610000,95.58,95.66,95.54,95.65,302
1790610060,95.64,95.67,95.53,95.57,196
1790610120,95.57,95.57,95.38,95.47,466
1790610180,95.46,95.48,95.43,95.47,118
1790610240,95.47,95.55,95.45,95.49,233
1790610300,95.49,95.6,95.48,95.5,148
1790610360,95.5,95.55,95.4,95.46,538
1790610420,95.47,95.54,95.47,95.52,248
1790610480,95.51,95.55,95.48,95.55,77
1790610540,95.55,95.55,95.43,95.43,220
1790610600,95.43,95.46,95.32,95.32,326
1790610660,95.34,95.49,95.3,95.46,274
1790610720,95.46,95.5,95.45,95.5,140
1790610780,95.5,95.56,95.48,95.48,194
1790610840,95.47,95.48,95.32,95.32,382
1790610900,95.33,95.34,95.21,95.24,313
1790610960,95.24,95.27,95.07,95.09,411
1790611020,95.11,95.13,95.04,95.09,337
1790611080,95.08,95.12,95,95.08,285
1790611140,95.08,95.09,95.02,95.02,194
1790611200,95.02,95.11,94.95,95.03,495
1790611260,95.02,95.05,94.98,95,211
1790611320,95.02,95.11,95,95.08,181
1790611380,95.08,95.13,94.98,94.99,371
1790611440,95,95,94.8,94.83,400
1790611500,94.82,94.9,94.66,94.73,709
1790611560,94.73,94.75,94.67,94.69,373
1790611620,94.68,94.69,94.58,94.6,374
1790611680,94.59,94.64,94.52,94.55,505
1790611740,94.54,94.57,94.47,94.52,270
1790611800,94.52,94.52,94.35,94.5,386
1790611860,94.51,94.65,94.47,94.64,355
1790611920,94.62,94.71,94.6,94.6,318
1790611980,94.59,94.64,94.56,94.61,146
1790612040,94.6,94.63,94.51,94.51,120
1790612100,94.52,94.7,94.52,94.7,202
1790612160,94.7,94.7,93.83,94.05,3709
1790612220,94.04,94.11,93.86,94.05,1534
1790612280,94.06,94.19,93.89,94.19,596
1790612340,94.19,94.24,93.85,93.87,793
1790612400,93.88,93.89,93.3,93.31,1705
1790612460,93.31,93.52,93.15,93.45,1331
1790612520,93.45,93.52,93.28,93.4,1026
1790612580,93.41,93.56,93.14,93.25,1099
1790612640,93.24,93.44,92.83,92.91,2199
1790612700,92.93,93,92.81,92.89,785
1790612760,92.9,92.93,92.19,92.25,2939
1790612820,92.25,92.39,91.99,92.22,2050
1790612880,92.25,92.27,92.03,92.17,1518
1790612940,92.17,92.27,92.02,92.27,1016
1790613000,92.28,92.48,92.02,92.47,1300
1790613060,92.48,92.76,92.42,92.55,1636
1790613120,92.56,93.04,92.42,92.92,2274
1790613180,92.9,92.92,92.52,92.81,1553
1790613240,92.8,92.87,92.6,92.74,776
1790613300,92.72,92.86,92.68,92.84,1039
1790613360,92.83,92.9,92.8,92.82,563
1790613420,92.82,92.97,92.82,92.89,771
1790613480,92.88,93.02,92.87,93,838
1790613540,93,93.01,92.85,92.94,513
1790613600,92.93,92.94,92.77,92.8,791
1790613660,92.81,93.02,92.79,93.01,369
1790613720,93,93.06,92.93,93.05,381
1790613780,93.06,93.17,93.06,93.17,350
1790613840,93.18,93.21,93.13,93.14,355
1790613900,93.15,93.18,92.86,93.15,1062
1790613960,93.15,93.29,93.15,93.21,347
1790614020,93.25,93.38,93.2,93.33,746
1790614080,93.32,93.41,93.31,93.39,324
1790614140,93.38,93.4,93.26,93.34,257
1790614200,93.34,93.34,93.11,93.25,482
1790614260,93.24,93.27,93.16,93.22,542
1790614320,93.23,93.29,93.2,93.23,338
1790614380,93.24,93.24,93.04,93.14,379
1790614440,93.13,93.14,93.02,93.08,350
1790614500,93.07,93.08,92.96,92.98,337
1790614560,92.99,93.05,92.94,93.05,732
1790614620,93.04,93.05,92.84,92.92,370
1790614680,92.93,93.02,92.9,93,156
1790614740,92.99,93.11,92.95,93.1,327
1790614800,93.09,93.3,93.09,93.15,391
1790614860,93.15,93.16,93.06,93.16,169
1790614920,93.16,93.19,93.04,93.06,248
1790614980,93.07,93.16,93.06,93.13,143
1790615040,93.12,93.16,93.08,93.12,77
1790615100,93.13,93.14,92.98,93.05,230
1790615160,93.07,93.17,93.07,93.14,149
1790615220,93.15,93.28,93.12,93.27,187
1790615280,93.27,93.43,93.26,93.28,324
1790615340,93.28,93.32,93.24,93.25,147
1790615400,93.24,93.3,93.18,93.26,125
1790615460,93.27,93.31,91.41,91.54,4686
1790615520,91.57,91.81,91.31,91.72,2744
1790615580,91.72,91.82,91.33,91.69,1843
1790615640,91.69,91.89,91.25,91.29,1659
1790615700,91.3,91.73,91.3,91.43,1735
1790615760,91.43,91.77,91.39,91.58,1117
1790615820,91.55,92.09,91.43,91.93,2079
1790615880,91.92,92.18,91.87,92.15,911
1790615940,92.16,92.4,92.14,92.3,596
1790616000,92.28,92.42,92.28,92.3,440
1790616060,92.29,92.35,92.16,92.19,556
1790616120,92.19,92.27,92.08,92.22,333
1790616180,92.23,92.33,92.17,92.33,311
1790616240,92.3,92.44,92.29,92.44,285
1790616300,92.43,92.61,92.39,92.59,505
1790616360,92.59,92.79,92.58,92.77,573
1790616420,92.77,92.89,92.77,92.87,551
1790616480,92.87,92.88,92.72,92.79,342
1790616540,92.8,92.9,92.69,92.84,528
1790616600,92.84,92.84,92.66,92.8,241
1790616660,92.81,92.81,92.66,92.73,157
1790616720,92.73,92.75,92.58,92.64,286
1790616780,92.62,92.69,92.6,92.68,223
1790616840,92.68,92.72,92.57,92.58,194
1790616900,92.58,92.61,92.51,92.6,345
1790616960,92.6,92.6,92.48,92.52,401
1790617020,92.53,92.67,92.51,92.67,341
1790617080,92.67,92.67,92.58,92.59,119
1790617140,92.58,92.7,92.56,92.63,144
1790617200,92.62,92.62,92.57,92.58,121
1790617260,92.58,92.67,92.57,92.66,177
1790617320,92.64,92.68,92.59,92.6,135
1790617380,92.6,92.63,92.54,92.58,105
1790617440,92.57,92.69,92.56,92.68,139
1790617500,92.69,92.77,92.57,92.75,227
1790617560,92.75,92.78,92.58,92.61,400
1790617620,92.61,92.86,92.6,92.86,578
1790617680,92.85,92.87,92.56,92.6,299
1790617740,92.61,92.66,92.47,92.47,309
1790617800,92.47,92.52,92.45,92.52,269
1790617860,92.54,92.55,92.38,92.4,230
1790617920,92.41,92.46,92.39,92.45,162
1790617980,92.45,92.53,92.44,92.47,186
1790618040,92.48,92.52,92.44,92.46,130
1790618100,92.46,92.81,92.45,92.64,816
1790618160,92.64,92.75,92.64,92.64,188
1790618220,92.63,92.65,92.54,92.65,262
1790618280,92.64,92.96,92.64,92.76,1002
1790618340,92.77,92.84,92.72,92.78,390
1790618400,92.79,92.95,92.77,92.92,264
1790618460,92.93,92.95,92.74,92.74,292
1790618520,92.76,92.76,92.63,92.63,138
1790618580,92.62,92.67,92.59,92.61,96
1790618640,92.61,92.62,92.49,92.51,205
1790618700,92.49,92.51,92.4,92.51,223
1790618760,92.51,92.52,92.43,92.47,118
1790618820,92.48,92.51,92.36,92.38,256
1790618880,92.36,92.44,92.35,92.37,167
1790618940,92.37,92.39,92.28,92.38,323
1790619000,92.37,92.42,92.3,92.39,234
1790619060,92.39,92.48,92.36,92.4,166
1790619120,92.38,92.41,92.34,92.38,130
1790619180,92.38,92.39,92.19,92.2,174
1790619240,92.21,92.3,92.18,92.28,182
1790619300,92.28,92.33,92.22,92.32,267
1790619360,92.32,92.52,92.32,92.45,317
1790619420,92.43,92.47,92.4,92.45,234
1790619480,92.45,92.46,92.33,92.34,224
1790619540,92.34,92.43,92.32,92.39,251
1790619600,92.42,92.43,92.37,92.43,269
1790619660,92.42,92.47,92.41,92.43,168
1790619720,92.45,92.54,92.42,92.43,235
1790619780,92.43,92.47,92.37,92.43,164
1790619840,92.42,92.52,92.38,92.38,481
1790619900,92.37,92.52,92.32,92.51,364
1790619960,92.5,92.58,92.47,92.53,318
1790620020,92.54,92.61,92.44,92.59,479
1790620080,92.59,92.7,92.47,92.6,2539
1790620140,92.61,92.67,92.54,92.56,2334
1790620200,92.56,92.59,92.37,92.44,887
1790620260,92.44,92.54,92.42,92.47,448
1790620320,92.47,92.47,92.4,92.44,212
1790620380,92.44,92.59,92.38,92.59,279
1790620440,92.57,92.62,92.47,92.5,343
1790620500,92.5,92.5,92.41,92.42,68
1790620560,92.43,92.53,92.43,92.5,93
1790620620,92.5,92.56,92.46,92.53,164
1790620680,92.51,92.69,92.49,92.6,246
1790620740,92.6,92.71,92.6,92.62,84
1790620800,92.62,92.68,92.35,92.36,510
1790620860,92.35,92.5,92.28,92.35,539
1790620920,92.35,92.43,92.31,92.39,197
1790620980,92.39,92.41,92.33,92.41,172
1790621040,92.41,92.42,92.33,92.4,109
1790621100,92.4,92.44,92.36,92.36,106
1790621160,92.36,92.43,92.32,92.37,105
1790621220,92.37,92.43,92.35,92.37,75
1790621280,92.37,92.48,92.28,92.33,680
1790621340,92.33,92.39,92.33,92.37,46
1790621400,92.36,92.37,92.26,92.33,212
1790621460,92.32,92.34,92.26,92.29,91
1790621520,92.31,92.34,92.29,92.3,35
1790621580,92.28,92.37,91.95,92.34,1196
1790621640,92.36,92.45,92.32,92.35,241
1790621700,92.37,92.57,92.31,92.57,327
1790621760,92.55,92.65,92.49,92.56,276
1790621820,92.56,92.6,92.46,92.53,172
1790621880,92.53,92.54,92.48,92.49,54
1790621940,92.48,92.55,92.48,92.55,42
1790622000,92.54,92.54,92.49,92.49,20
1790622060,92.51,92.55,92.51,92.53,55
1790622120,92.53,92.61,92.47,92.51,339
1790622180,92.51,92.53,92.42,92.49,280
1790622240,92.5,92.51,92.47,92.47,27
1790622300,92.47,92.55,92.47,92.53,73
1790622360,92.53,92.55,92.51,92.53,40
1790622420,92.53,92.62,92.53,92.62,69
1790622480,92.61,92.76,92.58,92.7,399
1790622540,92.7,92.76,92.69,92.75,88
1790622600,92.75,92.75,92.67,92.69,40
1790622660,92.69,92.74,92.65,92.74,29
1790622720,92.72,92.8,92.7,92.73,88
1790622780,92.75,92.82,92.75,92.8,56
1790622840,92.82,92.84,92.8,92.8,24
1790622900,92.79,92.82,92.75,92.8,63
1790622960,92.79,92.8,92.73,92.78,68
1790623020,92.79,92.9,92.77,92.84,270
1790623080,92.83,92.86,92.76,92.86,163
1790623140,92.86,92.86,92.82,92.82,38
1790623200,92.83,92.91,92.83,92.86,73
1790623260,92.88,92.92,92.86,92.91,54
1790623320,92.92,93.02,92.92,92.99,250
1790623380,93,93.01,92.95,92.96,91
1790623440,92.97,93.02,92.96,93,42
1790623500,92.98,93.1,92.98,93.07,431
1790623560,93.06,93.07,92.95,92.99,111
1790623620,92.99,93,92.95,92.97,33
1790623680,92.97,93.09,92.95,93.02,323
1790623740,93.01,93.05,92.9,92.92,205
1790623800,92.93,92.93,92.78,92.83,257
1790623860,92.82,92.85,92.74,92.77,83
1790623920,92.78,93.02,92.72,92.89,339
1790623980,92.91,93.01,92.87,92.94,163
1790624040,92.93,93.06,92.93,92.96,228
1790624100,92.95,92.96,92.84,92.88,60
1790624160,92.85,92.86,92.8,92.82,52
1790624220,92.82,92.85,92.78,92.79,98
1790624280,92.78,92.82,92.77,92.8,41
1790624340,92.81,92.85,92.81,92.81,35
1790624400,92.8,92.81,92.78,92.79,27
1790624460,92.78,92.88,92.76,92.86,120
1790624520,92.86,92.88,92.85,92.87,41
1790624580,92.85,92.88,92.79,92.79,69
1790624640,92.79,92.81,92.77,92.77,25
1790624700,92.79,92.79,92.7,92.72,47
1790624760,92.72,92.79,92.72,92.79,41
1790624820,92.8,92.8,92.71,92.74,51
1790624880,92.73,92.78,92.73,92.74,37
1790624940,92.75,92.8,92.75,92.77,62
1790625000,92.78,92.83,92.77,92.83,82
1790625060,92.84,92.86,92.74,92.77,47
1790625120,92.78,92.81,92.77,92.78,24
1790625180,92.78,92.86,92.78,92.85,24
1790625240,92.85,92.9,92.81,92.9,63
1790625300,92.89,93.02,92.89,92.98,376
1790625360,92.98,93.01,92.94,93,114
1790625420,92.99,93.04,92.98,92.98,111
1790625480,92.99,93.09,92.99,93.07,162
1790625540,93.08,93.25,93.08,93.23,266
1790625600,93.23,93.23,93.08,93.09,87
1790625660,93.09,93.1,93.03,93.03,102
1790625720,93.02,93.03,92.94,92.94,48
1790625780,92.95,93.06,92.93,93.03,142
1790625840,93.03,93.03,92.95,92.95,96
1790625900,92.94,92.97,92.93,92.96,39
1790625960,92.97,93,92.95,92.95,22
1790626020,92.95,92.98,92.93,92.97,20
1790626080,92.95,92.96,92.84,92.85,68
1790626140,92.86,92.91,92.83,92.9,140
1790626200,92.92,92.92,92.88,92.9,80
1790626260,92.9,92.91,92.87,92.87,58
1790626320,92.88,92.89,92.87,92.89,43
1790626380,92.88,92.93,92.87,92.9,87
1790626440,92.89,92.92,92.89,92.92,19
1790626500,92.93,93.03,92.92,93.03,18
1790626560,93.03,93.03,92.98,92.98,33
1790626620,92.98,93.06,92.98,93.01,19
1790626680,93.01,93.03,93.01,93.03,4
1790626740,93.04,93.04,92.98,93,43
1790626800,93,93.01,92.97,92.97,48
1790626860,92.96,92.96,92.84,92.84,53
1790626920,92.84,92.97,92.83,92.95,56
1790626980,92.97,93.04,92.97,93,44
1790627040,93,93.1,93,93.1,55
1790627100,93.1,93.12,93.06,93.08,50
1790627160,93.07,93.08,93.02,93.05,66
1790627220,93.06,93.09,93.05,93.09,24
1790627280,93.07,93.21,93.07,93.21,66
1790627340,93.21,93.27,93.21,93.23,68
1790627400,93.21,93.29,93.21,93.29,32
1790627460,93.29,93.31,93.24,93.26,88
1790627520,93.27,93.28,93.23,93.23,45
1790627580,93.23,93.28,93.23,93.27,11
1790627640,93.26,93.26,93.24,93.24,4
1790627700,93.23,93.24,93.23,93.24,7
1790627760,93.25,93.29,93.24,93.28,37
1790627820,93.3,93.33,93.27,93.27,27
1790627880,93.25,93.28,93.24,93.26,11
1790627940,93.26,93.28,93.24,93.26,9
1790628000,93.29,93.35,93.27,93.3,78
1790628060,93.28,93.36,93.23,93.36,104
1790628120,93.34,93.38,93.31,93.35,48
1790628180,93.34,93.36,93.27,93.29,23
1790628240,93.29,93.34,93.25,93.34,40
1790628300,93.29,93.3,93.26,93.26,14
1790628360,93.27,93.3,93.23,93.27,49
1790628420,93.27,93.36,93.27,93.36,12
1790628480,93.38,93.39,93.34,93.38,29
1790628540,93.38,93.43,93.36,93.42,67
1790628600,93.42,93.47,93.42,93.45,68
1790628660,93.42,93.46,93.4,93.46,20
1790628720,93.45,93.47,93.42,93.47,12
1790628780,93.45,93.46,93.36,93.37,52
1790628840,93.37,93.37,93.28,93.32,91
1790628900,93.31,93.32,93.28,93.29,43
1790628960,93.29,93.3,93.27,93.28,17
1790629020,93.28,93.28,93.23,93.28,21
1790629080,93.27,93.32,93.27,93.32,34
1790629140,93.3,93.33,93.29,93.29,46
1790632800,93.53,93.77,93.4,93.55,231
1790632860,93.55,93.6,93.4,93.42,58
1790632920,93.42,93.48,93.39,93.43,42
1790632980,93.44,93.51,93.41,93.44,56
1790633040,93.47,93.47,93.41,93.43,26
1790633100,93.44,93.46,93.38,93.4,44
1790633160,93.43,93.46,93.38,93.38,18
1790633220,93.36,93.4,93.35,93.4,17
1790633280,93.38,93.39,93.21,93.21,151
1790633340,93.26,93.26,93.12,93.16,46
1790633400,93.18,93.2,93.13,93.2,40
1790633460,93.19,93.2,93.16,93.17,22
1790633520,93.19,93.19,93.19,93.19,1
1790633580,93.21,93.21,93.17,93.17,8
1790633640,93.17,93.26,93.16,93.24,20
1790633700,93.25,93.27,93.25,93.27,6
1790633760,93.28,93.34,93.2,93.2,68
1790633820,93.2,93.32,93.2,93.25,133
1790633880,93.25,93.25,93.21,93.23,42
1790633940,93.22,93.22,93.1,93.12,71
1790634000,93.15,93.2,93.15,93.18,85
1790634060,93.21,93.23,93.2,93.2,7
1790634120,93.21,93.24,93.21,93.24,8
1790634180,93.22,93.22,93.2,93.2,2
1790634240,93.23,93.24,93.23,93.24,7
1790634300,93.21,93.23,93.2,93.23,30
1790634360,93.25,93.25,93.25,93.25,5
1790634420,93.2,93.2,93.2,93.2,2
1790634480,93.22,93.23,93.22,93.23,5
1790634540,93.23,93.23,93.23,93.23,1
1790634600,93.22,93.26,93.22,93.26,4
1790634660,93.28,93.3,93.28,93.29,8
1790634720,93.29,93.29,93.27,93.27,2
1790634780,93.31,93.37,93.31,93.33,26
1790634840,93.31,93.33,93.31,93.33,6
1790634900,93.33,93.33,93.33,93.33,2
1790634960,93.34,93.36,93.33,93.36,9
1790635020,93.36,93.36,93.36,93.36,1
1790635080,93.36,93.37,93.35,93.35,4
1790635140,93.35,93.39,93.35,93.38,34
1790635200,93.39,93.42,93.38,93.4,44
1790635260,93.39,93.39,93.38,93.38,39
1790635320,93.38,93.39,93.31,93.36,52
1790635380,93.34,93.35,93.31,93.31,21
1790635440,93.32,93.32,93.3,93.32,6
1790635500,93.32,93.32,93.32,93.32,1
1790635620,93.31,93.32,93.28,93.31,14
1790635680,93.3,93.34,93.29,93.34,21
1790635740,93.34,93.36,93.34,93.34,11
1790635860,93.34,93.34,93.34,93.34,2
1790635920,93.32,93.35,93.32,93.34,50
1790635980,93.34,93.34,93.34,93.34,16
1790636040,93.34,93.38,93.34,93.36,73
1790636100,93.36,93.39,93.35,93.39,24
1790636160,93.38,93.38,93.38,93.38,3
1790636340,93.35,93.35,93.34,93.34,4
1790636400,93.35,93.35,93.35,93.35,3
1790636460,93.34,93.34,93.29,93.29,8
1790636520,93.3,93.3,93.28,93.28,12
1790636580,93.28,93.3,93.28,93.28,4
1790636640,93.27,93.29,93.26,93.27,14
1790636700,93.28,93.28,93.27,93.27,6
1790636760,93.29,93.3,93.29,93.3,4
1790636820,93.31,93.33,93.31,93.31,6
1790636880,93.29,93.29,93.27,93.27,10
1790636940,93.26,93.28,93.22,93.28,25
1790637000,93.27,93.27,93.26,93.26,14
1790637060,93.27,93.28,93.26,93.27,24
1790637120,93.25,93.25,93.23,93.25,7
1790637180,93.23,93.23,93.23,93.23,2
1790637240,93.21,93.21,93.2,93.2,8
1790637300,93.19,93.21,93.18,93.18,16
1790637360,93.18,93.19,93.16,93.16,13
1790637420,93.15,93.17,93.14,93.15,11
1790637480,93.15,93.16,93.1,93.1,45
1790637540,93.12,93.12,93.07,93.12,66
1790637600,93.13,93.14,93.11,93.12,16
1790637660,93.13,93.2,93.13,93.2,6
1790637720,93.19,93.19,93.19,93.19,2
1790637780,93.18,93.21,93.18,93.21,5
1790637840,93.2,93.2,93.2,93.2,1
1790637900,93.18,93.18,93.16,93.16,15
1790637960,93.16,93.16,93.16,93.16,1
1790638020,93.15,93.15,93.15,93.15,5
1790638080,93.15,93.15,93.15,93.15,5
1790638140,93.15,93.18,93.15,93.18,5
1790638200,93.18,93.23,93.18,93.2,47
1790638260,93.21,93.21,93.2,93.2,2
1790638320,93.2,93.2,93.18,93.2,20
1790638380,93.18,93.2,93.15,93.16,16
1790638440,93.14,93.17,93.14,93.17,5
1790638560,93.19,93.2,93.19,93.2,4
1790638620,93.19,93.2,93.19,93.2,3
1790638680,93.19,93.19,93.18,93.18,4
1790638740,93.18,93.21,93.18,93.21,11
1790638800,93.2,93.2,93.2,93.2,2
1790638860,93.21,93.21,93.19,93.19,4
1790638920,93.18,93.19,93.17,93.17,13
1790638980,93.18,93.18,93.18,93.18,2
1790639100,93.2,93.2,93.2,93.2,1
1790639160,93.2,93.23,93.2,93.23,10
1790639220,93.23,93.23,93.21,93.23,4
1790639280,93.21,93.23,93.21,93.23,5
1790639340,93.23,93.23,93.21,93.22,6
1790639400,93.23,93.26,93.23,93.26,13
1790639460,93.26,93.26,93.24,93.26,8
1790639520,93.25,93.26,93.24,93.24,23
1790639580,93.24,93.26,93.23,93.25,23
1790639640,93.26,93.26,93.26,93.26,2
1790639700,93.27,93.27,93.24,93.24,5
1790639760,93.25,93.25,93.24,93.24,4
1790639820,93.23,93.23,93.2,93.2,24
1790639880,93.2,93.2,93.15,93.18,30
1790639940,93.16,93.17,93.16,93.17,7
1790640000,93.17,93.26,93.1,93.24,287
1790640060,93.24,93.32,93.22,93.23,121
1790640120,93.23,93.38,93.23,93.36,41
1790640180,93.35,93.51,93.32,93.51,162
1790640240,93.5,93.51,93.41,93.42,64
1790640300,93.41,93.55,93.39,93.48,69
1790640360,93.46,93.49,93.37,93.45,97
1790640420,93.46,93.48,93.42,93.48,35
1790640480,93.47,93.49,93.47,93.47,12
1790640540,93.47,93.55,93.46,93.49,95
1790640600,93.49,93.53,93.48,93.51,27
1790640660,93.49,93.51,93.44,93.46,84
1790640720,93.47,93.51,93.44,93.5,69
1790640780,93.5,93.55,93.49,93.51,29
1790640840,93.51,93.54,93.48,93.5,25
1790640900,93.47,93.51,93.45,93.5,59
1790640960,93.51,93.51,93.46,93.5,41
1790641020,93.5,93.54,93.5,93.54,29
1790641080,93.53,93.57,93.53,93.53,44
1790641140,93.52,93.52,93.37,93.4,126
1790641200,93.39,93.41,93.33,93.33,62
1790641260,93.34,93.34,93.23,93.26,95
1790641320,93.26,93.28,93.2,93.21,80
1790641380,93.21,93.21,93.17,93.17,42
1790641440,93.16,93.19,93.12,93.18,86
1790641500,93.17,93.18,93.16,93.17,31
1790641560,93.18,93.22,93.15,93.15,47
1790641620,93.15,93.2,93.15,93.19,15
1790641680,93.18,93.21,93.11,93.15,63
1790641740,93.14,93.15,93.14,93.15,13
1790641800,93.16,93.17,93.12,93.16,74
1790641860,93.13,93.13,93.01,93.1,200
1790641920,93.09,93.12,93.07,93.09,42
1790641980,93.09,93.09,93.05,93.06,46
1790642040,93.06,93.08,93,93.08,49
1790642100,93.08,93.09,93.02,93.08,40
1790642160,93.09,93.11,93.08,93.11,17
1790642220,93.11,93.16,93.11,93.15,18
1790642280,93.15,93.17,93.13,93.13,8
1790642340,93.14,93.14,93.14,93.14,1
1790642400,93.15,93.15,93.11,93.15,16
1790642460,93.13,93.13,93.06,93.06,41
1790642520,93.07,93.11,93.06,93.07,16
1790642580,93.08,93.09,93.08,93.09,8
1790642640,93.09,93.11,93.09,93.11,2
1790642700,93.09,93.11,93.07,93.11,31
1790642760,93.13,93.19,93.12,93.17,28
1790642820,93.18,93.31,93.16,93.3,72
1790642880,93.29,93.32,93.27,93.27,31
1790642940,93.26,93.38,93.26,93.38,43
1790643000,93.39,93.42,93.36,93.41,47
1790643060,93.42,93.47,93.36,93.44,72
1790643120,93.44,93.44,93.38,93.4,16
1790643180,93.4,93.42,93.35,93.4,30
1790643240,93.41,93.41,93.32,93.33,34
1790643300,93.33,93.35,93.29,93.34,18
1790643360,93.34,93.37,93.3,93.37,36
1790643420,93.37,93.38,93.35,93.38,30
1790643480,93.39,93.39,93.34,93.37,22
1790643540,93.38,93.54,93.3,93.54,139
1790643600,93.53,93.67,93.49,93.57,323
1790643660,93.56,93.63,93.5,93.52,84
1790643720,93.51,93.54,93.42,93.45,89
1790643780,93.44,93.54,93.43,93.53,71
1790643840,93.53,93.56,93.39,93.43,65
1790643900,93.45,93.48,93.33,93.38,47
1790643960,93.38,93.43,93.37,93.37,20
1790644020,93.37,93.48,93.36,93.43,70
1790644080,93.45,93.48,93.38,93.45,36
1790644140,93.44,93.46,93.42,93.46,13
1790644200,93.46,93.51,93.4,93.49,63
1790644260,93.5,93.52,93.46,93.47,36
1790644320,93.5,93.5,93.36,93.41,47
1790644380,93.41,93.5,93.4,93.48,22
1790644440,93.47,93.53,93.47,93.49,34
1790644500,93.48,93.56,93.44,93.51,54
1790644560,93.51,93.52,93.42,93.47,24
1790644620,93.45,93.49,93.43,93.46,16
1790644680,93.45,93.45,93.39,93.42,26
1790644740,93.42,93.5,93.42,93.5,19
1790644800,93.46,93.48,93.39,93.41,27
1790644860,93.42,93.56,93.42,93.55,28
1790644920,93.56,93.64,93.55,93.63,59
1790644980,93.63,93.66,93.58,93.62,45
1790645040,93.6,93.68,93.6,93.65,53
1790645100,93.65,93.69,93.6,93.65,35
1790645160,93.63,93.67,93.59,93.67,42
1790645220,93.66,93.68,93.64,93.68,35
1790645280,93.69,93.74,93.68,93.71,98
1790645340,93.7,93.7,93.64,93.66,45
1790645400,93.67,93.68,93.58,93.64,96
1790645460,93.65,93.65,93.58,93.58,24
1790645520,93.6,93.63,93.56,93.6,66
1790645580,93.6,93.69,93.6,93.65,60
1790645640,93.64,93.66,93.62,93.65,14
1790645700,93.65,93.73,93.63,93.72,82
1790645760,93.73,93.92,93.72,93.83,350
1790645820,93.83,93.96,93.83,93.9,166
1790645880,93.88,93.89,93.82,93.87,40
1790645940,93.87,93.94,93.85,93.94,16
1790646000,93.92,93.95,93.89,93.94,37
1790646060,93.93,93.94,93.88,93.9,35
1790646120,93.89,94,93.87,93.97,951
1790646180,93.97,94.01,93.92,93.98,150
1790646240,93.98,93.98,93.88,93.9,70
1790646300,93.9,93.9,93.84,93.85,56
1790646360,93.83,93.86,93.77,93.83,50
1790646420,93.82,93.83,93.77,93.8,33
1790646480,93.77,93.78,93.75,93.78,13
1790646540,93.77,93.78,93.71,93.76,58
1790646600,93.75,93.81,93.7,93.8,53
1790646660,93.8,93.8,93.73,93.73,36
1790646720,93.74,93.74,93.66,93.68,71
1790646780,93.66,93.72,93.66,93.72,31
1790646840,93.74,93.77,93.72,93.73,31
1790646900,93.71,93.72,93.69,93.7,14
1790646960,93.7,93.7,93.57,93.63,170
1790647020,93.64,93.65,93.63,93.63,12
1790647080,93.61,93.67,93.61,93.63,19
1790647140,93.62,93.62,93.54,93.59,51
1790647200,93.6,93.61,93.55,93.58,35
1790647260,93.6,93.69,93.6,93.62,72
1790647320,93.62,93.68,93.62,93.66,25
1790647380,93.64,93.71,93.64,93.69,99
1790647440,93.69,93.69,93.55,93.55,38
1790647500,93.55,93.56,93.52,93.52,29
1790647560,93.53,93.6,93.48,93.56,118
1790647620,93.57,93.57,93.52,93.52,23
1790647680,93.52,93.58,93.52,93.54,121
1790647740,93.54,93.55,93.49,93.53,45
1790647800,93.54,93.64,93.51,93.57,58
1790647860,93.6,93.64,93.6,93.64,10
1790647920,93.63,93.64,93.55,93.55,31
1790647980,93.54,93.6,93.5,93.57,24
1790648040,93.55,93.55,93.54,93.55,11
1790648100,93.55,93.56,93.54,93.56,25
1790648160,93.54,93.59,93.5,93.5,19
1790648220,93.51,93.54,93.51,93.54,7
1790648280,93.53,93.53,93.52,93.53,18
1790648340,93.52,93.52,93.5,93.5,12
1790648400,93.5,93.52,93.5,93.52,9
1790648460,93.52,93.54,93.52,93.52,11
1790648520,93.51,93.59,93.42,93.43,194
1790648580,93.42,93.5,93.4,93.5,104
1790648640,93.48,93.51,93.48,93.51,23
1790648700,93.52,93.53,93.49,93.51,43
1790648760,93.5,93.55,93.49,93.53,21
1790648820,93.53,93.6,93.52,93.6,69
1790648880,93.6,93.61,93.54,93.55,57
1790648940,93.55,93.58,93.55,93.55,18
1790649000,93.54,93.58,93.45,93.58,146
1790649060,93.56,93.58,93.53,93.53,25
1790649120,93.54,93.68,93.54,93.68,48
1790649180,93.68,93.72,93.68,93.7,39
1790649240,93.68,93.69,93.58,93.62,30
1790649300,93.61,93.63,93.58,93.58,17
1790649360,93.6,93.62,93.57,93.59,19
1790649420,93.58,93.58,93.54,93.54,41
1790649480,93.55,93.59,93.53,93.56,30
1790649540,93.55,93.63,93.53,93.62,27
1790649600,93.61,93.66,93.61,93.66,22
1790649660,93.66,93.7,93.65,93.65,14
1790649720,93.64,93.83,93.64,93.83,61
1790649780,93.82,93.83,93.78,93.81,41
1790649840,93.81,93.93,93.81,93.9,73
1790649900,93.89,93.95,93.86,93.87,58
1790649960,93.87,93.89,93.8,93.88,43
1790650020,93.87,93.87,93.84,93.86,18
1790650080,93.85,93.93,93.85,93.93,104
1790650140,93.94,93.97,93.88,93.95,42
1790650200,93.94,93.94,93.82,93.85,62
1790650260,93.85,93.9,93.82,93.89,42
1790650320,93.89,93.93,93.87,93.91,35
1790650380,93.94,94,93.92,93.99,77
1790650440,94,94.01,93.93,93.93,26
1790650500,93.93,93.93,93.89,93.92,22
1790650560,93.92,93.94,93.91,93.91,9
1790650620,93.93,93.94,93.87,93.94,29
1790650680,93.94,93.94,93.87,93.87,25
1790650740,93.87,93.87,93.81,93.82,30
1790650800,93.8,93.82,93.74,93.79,45
1790650860,93.8,93.81,93.76,93.78,43
1790650920,93.76,93.79,93.72,93.74,26
1790650980,93.75,93.82,93.75,93.82,26
1790651040,93.84,93.85,93.82,93.83,23
1790651100,93.84,93.86,93.83,93.83,10
1790651160,93.85,93.88,93.84,93.86,19
1790651220,93.88,93.92,93.88,93.89,26
1790651280,93.89,94.06,93.89,94.03,122
1790651340,94.03,94.09,94,94,54
1790651400,94,94,93.95,94,20
1790651460,94,94,93.95,93.99,18
1790651520,93.99,94,93.97,93.97,16
1790651580,93.98,94,93.96,94,31
1790651640,93.99,93.99,93.92,93.93,30
1790651700,93.94,93.95,93.91,93.91,19
1790651760,93.93,93.94,93.92,93.93,19
1790651820,93.95,93.95,93.91,93.91,9
1790651880,93.95,93.95,93.92,93.93,10
1790651940,93.92,93.93,93.92,93.93,11
1790652000,93.91,93.92,93.87,93.91,27
1790652060,93.92,93.94,93.91,93.94,14
1790652120,93.91,93.94,93.91,93.93,21
1790652180,93.92,93.92,93.87,93.89,30
1790652240,93.88,93.97,93.88,93.93,44
1790652300,93.94,93.98,93.94,93.96,29
1790652360,93.97,93.97,93.86,93.87,46
1790652420,93.87,93.93,93.87,93.93,7
1790652480,93.9,93.92,93.9,93.91,9
1790652540,93.91,93.97,93.9,93.96,28
1790652600,93.96,93.98,93.89,93.89,46
1790652660,93.91,93.96,93.88,93.95,52
1790652720,93.95,93.95,93.91,93.92,12
1790652780,93.91,93.92,93.91,93.92,8
1790652840,93.94,93.94,93.93,93.94,6
1790652900,93.94,93.95,93.94,93.95,10
1790652960,93.97,93.97,93.94,93.94,6
1790653020,93.92,93.94,93.86,93.94,42
1790653080,93.95,93.98,93.93,93.95,28
1790653140,93.96,93.97,93.94,93.96,26
1790653200,93.98,93.98,93.97,93.97,15
1790653260,93.96,93.98,93.95,93.96,21
1790653320,93.95,93.95,93.88,93.89,25
1790653380,93.9,93.94,93.9,93.93,16
1790653440,93.92,94,93.9,93.99,120
1790653500,93.98,94.04,93.93,93.97,56
1790653560,93.95,93.98,93.92,93.96,86
1790653620,93.95,93.95,93.82,93.86,129
1790653680,93.85,93.89,93.85,93.88,26
1790653740,93.89,93.93,93.89,93.93,11
1790653800,93.93,93.95,93.93,93.95,11
1790653860,93.96,94,93.96,93.97,30
1790653920,93.97,93.99,93.97,93.99,10
1790653980,93.99,94.06,93.97,94.05,52
1790654040,94.06,94.06,94.01,94.01,12
1790654100,94.02,94.03,94.01,94.03,13
1790654160,94.03,94.06,94.03,94.06,12
1790654220,94.07,94.14,94.07,94.1,78
1790654280,94.1,94.15,94.1,94.12,23
1790654340,94.12,94.12,94.03,94.06,25
1790654400,94.06,94.07,94.01,94.02,49
1790654460,94.06,94.15,94.05,94.13,75
1790654520,94.13,94.18,94.12,94.15,28
1790654580,94.13,94.14,94.11,94.12,12
1790654640,94.15,94.19,94.13,94.17,113
1790654700,94.17,94.17,94.12,94.13,24
1790654760,94.12,94.13,94.08,94.12,48
1790654820,94.12,94.16,94.12,94.14,11
1790654880,94.16,94.17,94.15,94.15,6
1790654940,94.16,94.17,94.16,94.17,17
1790655000,94.17,94.17,94.17,94.17,2
1790655060,94.18,94.19,94.15,94.19,39
1790655120,94.18,94.23,94.18,94.23,74
1790655180,94.24,94.25,94.22,94.23,30
1790655240,94.23,94.23,94.19,94.22,17
1790655300,94.22,94.24,94.19,94.19,13
1790655360,94.2,94.24,94.2,94.22,37
1790655420,94.21,94.25,94.21,94.24,25
1790655480,94.24,94.25,94.18,94.18,41
1790655540,94.19,94.2,94.18,94.2,11
1790655600,94.19,94.19,94.17,94.17,8
1790655660,94.17,94.21,94.16,94.17,20
1790655720,94.15,94.18,94.12,94.12,30
1790655780,94.12,94.12,94.11,94.12,7
1790655840,94.12,94.12,94.1,94.1,16
1790655900,94.13,94.17,94.12,94.17,28
1790655960,94.16,94.18,94.16,94.18,17
1790656020,94.19,94.19,94.17,94.17,4
1790656080,94.19,94.21,94.19,94.19,11
1790656140,94.19,94.19,94.19,94.19,3
1790656200,94.2,94.25,94.2,94.24,25
1790656260,94.25,94.36,94.25,94.33,218
1790656320,94.32,94.33,94.3,94.3,23
1790656380,94.31,94.36,94.31,94.34,11
1790656440,94.34,94.34,94.31,94.32,6
1790656500,94.3,94.36,94.3,94.36,24
1790656560,94.36,94.36,94.26,94.27,19
1790656620,94.26,94.29,94.24,94.25,27
1790656680,94.25,94.27,94.25,94.25,9
1790656740,94.26,94.26,94.25,94.25,6
1790656800,94.26,94.28,94.26,94.26,5
1790656860,94.27,94.28,94.22,94.22,14
1790656920,94.24,94.25,94.24,94.25,3
1790656980,94.25,94.26,94.25,94.26,6
1790657040,94.25,94.25,94.25,94.25,2
1790657100,94.25,94.26,94.24,94.24,9
1790657160,94.25,94.27,94.24,94.25,20
1790657220,94.27,94.27,94.26,94.27,8
1790657280,94.26,94.32,94.24,94.28,67
1790657340,94.29,94.33,94.29,94.29,30
1790657400,94.29,94.31,94.29,94.31,6
1790657460,94.31,94.32,94.3,94.31,9
1790657520,94.31,94.33,94.28,94.31,30
1790657580,94.31,94.32,94.28,94.28,10
1790657640,94.29,94.29,94.29,94.29,3
1790657700,94.29,94.29,94.26,94.26,8
1790657760,94.29,94.29,94.28,94.28,2
1790657820,94.29,94.29,94.24,94.26,23
1790657880,94.26,94.28,94.25,94.26,18
1790657940,94.28,94.32,94.28,94.32,10
1790658000,94.3,94.31,94.29,94.29,8
1790658060,94.27,94.29,94.24,94.29,53
1790658120,94.29,94.29,94.25,94.25,28
1790658180,94.27,94.27,94.24,94.24,3
1790658240,94.25,94.27,94.25,94.27,5
1790658360,94.29,94.29,94.23,94.23,11
1790658420,94.22,94.23,94.21,94.23,18
1790658480,94.22,94.22,94.17,94.21,40
1790658540,94.19,94.19,94.18,94.18,18
1790658600,94.19,94.26,94.17,94.25,37
1790658660,94.26,94.27,94.24,94.25,6
1790658720,94.25,94.27,94.25,94.26,8
1790658780,94.27,94.27,94.24,94.24,5
1790658840,94.25,94.26,94.25,94.26,5
1790658900,94.25,94.32,94.25,94.3,27
1790658960,94.3,94.3,94.26,94.27,16
1790659080,94.26,94.29,94.26,94.29,4
1790659140,94.29,94.33,94.27,94.33,23
1790659200,94.33,94.34,94.31,94.33,16
1790659260,94.34,94.38,94.33,94.35,31
1790659320,94.35,94.37,94.26,94.28,45
1790659380,94.27,94.27,94.24,94.27,24
1790659440,94.3,94.3,94.27,94.29,8
1790659500,94.27,94.31,94.27,94.31,6
1790659560,94.3,94.35,94.24,94.35,18
1790659620,94.36,94.36,94.31,94.31,9
1790659680,94.36,94.38,94.32,94.33,54
1790659740,94.33,94.36,94.33,94.35,4
1790659800,94.34,94.45,94.33,94.38,262
1790659860,94.38,94.46,94.38,94.46,86
1790659920,94.43,94.52,94.43,94.5,193
1790659980,94.49,94.58,94.49,94.58,57
1790660040,94.58,94.73,94.55,94.61,187
1790660100,94.6,94.74,94.59,94.63,84
1790660160,94.6,94.6,94.49,94.56,63
1790660220,94.57,94.6,94.54,94.59,33
1790660280,94.59,94.61,94.56,94.56,25
1790660340,94.55,94.55,94.44,94.45,54
1790660400,94.45,94.46,94.41,94.45,81
1790660460,94.46,94.52,94.44,94.45,35
1790660520,94.46,94.47,94.41,94.43,35
1790660580,94.41,94.41,94.3,94.32,83
1790660640,94.3,94.37,94.28,94.34,131
1790660700,94.34,94.34,94.28,94.3,30
1790660760,94.3,94.32,94.25,94.27,51
1790660820,94.26,94.26,94.2,94.22,39
1790660880,94.22,94.26,94.17,94.2,37
1790660940,94.21,94.21,94.17,94.17,18
1790661000,94.16,94.17,94.02,94.12,149
1790661060,94.11,94.14,94.07,94.1,49
1790661120,94.13,94.13,94.06,94.13,37
1790661180,94.15,94.15,94.06,94.06,58
1790661240,94.08,94.12,94.08,94.12,17
1790661300,94.11,94.11,94.09,94.11,9
1790661360,94.1,94.11,94.02,94.06,122
1790661420,94.04,94.11,94.03,94.09,82
1790661480,94.09,94.1,94.09,94.1,48
1790661540,94.1,94.12,94.04,94.1,98
1790661600,94.11,94.14,94.06,94.09,81
1790661660,94.09,94.09,94.04,94.07,84
1790661720,94.08,94.12,94.06,94.1,56
1790661780,94.09,94.11,94.02,94.07,148
1790661840,94.08,94.09,94.06,94.09,40
1790661900,94.08,94.08,94.05,94.06,69
1790661960,94.07,94.07,93.9,93.93,602
1790662020,93.92,93.94,93.87,93.87,296
1790662080,93.87,93.88,93.84,93.85,237
1790662140,93.86,93.87,93.81,93.85,140
1790662200,93.84,93.84,93.72,93.77,166
1790662260,93.77,93.84,93.77,93.81,94
1790662320,93.82,93.86,93.82,93.84,92
1790662380,93.84,93.85,93.76,93.78,68
1790662440,93.76,93.78,93.75,93.75,42
1790662500,93.76,93.85,93.71,93.84,98
1790662560,93.84,93.87,93.8,93.82,34
1790662620,93.82,93.93,93.82,93.93,85
1790662680,93.94,93.99,93.92,93.97,120
1790662740,93.96,94,93.91,94,49
1790662800,93.98,94,93.97,93.99,41
1790662860,93.99,93.99,93.96,93.98,49
1790662920,93.98,94,93.92,93.98,80
1790662980,93.98,94.02,93.97,94.01,29
1790663040,94.03,94.03,93.99,93.99,46
1790663100,93.99,94,93.96,93.98,38
1790663160,93.98,93.98,93.89,93.94,59
1790663220,93.93,93.93,93.85,93.92,35
1790663280,93.91,93.96,93.87,93.9,38
1790663340,93.89,93.89,93.82,93.88,61
1790663400,93.86,93.88,93.81,93.84,95
1790663460,93.85,93.87,93.77,93.79,87
1790663520,93.79,93.87,93.79,93.87,22
1790663580,93.86,93.99,93.84,93.98,172
1790663640,93.97,93.98,93.88,93.91,91
1790663700,93.92,93.95,93.9,93.94,26
1790663760,93.94,93.94,93.87,93.9,66
1790663820,93.88,93.95,93.86,93.93,30
1790663880,93.92,93.97,93.85,93.89,70
1790663940,93.91,93.92,93.87,93.91,21
1790664000,93.89,93.89,93.77,93.8,46
1790664060,93.8,93.81,93.78,93.81,62
1790664120,93.82,93.85,93.8,93.83,70
1790664180,93.84,93.86,93.84,93.86,8
1790664240,93.85,93.93,93.84,93.84,74
1790664300,93.84,93.88,93.83,93.88,17
1790664360,93.86,93.86,93.81,93.85,49
1790664420,93.86,93.94,93.85,93.94,45
1790664480,93.94,94.05,93.92,93.95,130
1790664540,93.96,94.06,93.96,94.04,72
1790664600,94.04,94.09,94.02,94.08,116
1790664660,94.07,94.13,94.01,94.01,120
1790664720,94.01,94.02,93.84,93.87,80
1790664780,93.88,93.9,93.82,93.87,66
1790664840,93.84,93.84,93.8,93.81,55
1790664900,93.83,93.9,93.83,93.9,19
1790664960,93.92,93.97,93.91,93.97,35
1790665020,93.97,94,93.94,93.96,22
1790665080,93.97,94.05,93.97,94.01,65
1790665140,94.04,94.04,93.97,93.97,49
1790665200,93.96,93.97,93.86,93.95,181
1790665260,93.96,94.09,93.93,94.08,101
1790665320,94.08,94.08,93.89,93.89,155
1790665380,93.88,93.9,93.8,93.83,173
1790665440,93.84,93.86,93.81,93.86,63
1790665500,93.83,93.94,93.83,93.88,136
1790665560,93.88,93.88,93.83,93.85,64
1790665620,93.84,93.85,93.75,93.8,174
1790665680,93.8,93.88,93.79,93.85,115
1790665740,93.86,93.87,93.72,93.76,159
1790665800,93.75,93.84,93.69,93.7,232
1790665860,93.7,93.78,93.7,93.75,127
1790665920,93.74,93.84,93.74,93.78,38
1790665980,93.8,93.82,93.77,93.77,31
1790666040,93.79,93.85,93.73,93.75,117
1790666100,93.74,93.8,93.66,93.76,163
1790666160,93.74,93.79,93.67,93.67,81
1790666220,93.68,93.71,93.56,93.61,140
1790666280,93.61,93.64,93.58,93.62,69
1790666340,93.62,93.7,93.61,93.68,64
1790666400,93.7,93.73,93.66,93.69,79
1790666460,93.69,93.74,93.64,93.7,114
1790666520,93.68,93.71,93.65,93.69,54
1790666580,93.7,93.72,93.54,93.58,156
1790666640,93.56,93.62,93.56,93.6,102
1790666700,93.59,93.62,93.55,93.55,95
1790666760,93.55,93.57,93.5,93.57,76
1790666820,93.56,93.6,93.48,93.53,97
1790666880,93.53,93.54,93.48,93.5,88
1790666940,93.5,93.53,93.49,93.53,46
1790667000,93.54,93.54,93.44,93.46,264
1790667060,93.47,93.56,93.41,93.46,203
1790667120,93.45,93.46,93.34,93.37,151
1790667180,93.37,93.41,93.31,93.39,153
1790667240,93.38,93.44,93.32,93.4,216
1790667300,93.39,93.45,93.35,93.38,166
1790667360,93.39,93.46,93.36,93.39,118
1790667420,93.4,93.4,93.33,93.33,30
1790667480,93.33,93.33,93.21,93.22,158
1790667540,93.23,93.24,93,93.1,995
1790667600,93.09,93.22,93.03,93.05,473
1790667660,93.06,93.25,93.06,93.19,264
1790667720,93.2,93.2,93.07,93.1,111
1790667780,93.07,93.2,93.06,93.19,89
1790667840,93.2,93.31,93.2,93.27,156
1790667900,93.27,93.37,93.26,93.36,134
1790667960,93.36,93.42,93.3,93.3,106
1790668020,93.31,93.34,93.26,93.34,61
1790668080,93.35,93.35,93.22,93.28,107
1790668140,93.29,93.3,93.24,93.29,36
1790668200,93.3,93.38,93.19,93.21,165
1790668260,93.21,93.32,93.21,93.29,85
1790668320,93.29,93.29,93.16,93.25,63
1790668380,93.26,93.27,93.24,93.25,41
1790668440,93.24,93.32,93.23,93.29,81
1790668500,93.29,93.3,93.25,93.25,48
1790668560,93.24,93.27,93.2,93.21,122
1790668620,93.21,93.37,93.17,93.36,132
1790668680,93.37,93.47,93.36,93.45,188
1790668740,93.46,93.49,93.41,93.43,139
1790668800,93.43,93.47,93.39,93.39,133
1790668860,93.39,93.44,93.37,93.4,116
1790668920,93.39,93.46,93.37,93.43,162
1790668980,93.43,93.43,93.35,93.4,87
1790669040,93.42,93.61,93.38,93.57,252
1790669100,93.57,93.68,93.5,93.58,353
1790669160,93.56,93.62,93.5,93.55,169
1790669220,93.55,93.58,93.51,93.57,105
1790669280,93.58,93.58,93.54,93.55,71
1790669340,93.55,93.58,93.45,93.54,200
1790669400,93.53,93.53,93.42,93.49,154
1790669460,93.48,93.54,93.44,93.44,155
1790669520,93.44,93.48,93.38,93.4,124
1790669580,93.41,93.45,93.35,93.38,115
1790669640,93.37,93.41,93.32,93.35,74
1790669700,93.34,93.34,93.16,93.22,167
1790669760,93.23,93.26,93.17,93.2,126
1790669820,93.18,93.2,93.09,93.19,215
1790669880,93.18,93.23,93.07,93.1,103
1790669940,93.07,93.07,92.92,92.95,614
1790670000,92.93,92.99,92.87,92.89,192
1790670060,92.91,92.92,92.75,92.76,312
1790670120,92.76,92.76,92.66,92.73,335
1790670180,92.72,92.82,92.71,92.81,199
1790670240,92.8,92.95,92.8,92.89,298
1790670300,92.88,92.88,92.72,92.73,184
1790670360,92.75,92.78,92.68,92.69,264
1790670420,92.7,92.78,92.69,92.75,145
1790670480,92.76,92.85,92.73,92.82,206
1790670540,92.82,93.01,92.81,93,553
1790670600,93,93.01,92.88,92.95,327
1790670660,92.95,92.95,92.81,92.91,226
1790670720,92.91,93.04,92.91,93.04,209
1790670780,93.05,93.07,92.98,92.98,162
1790670840,92.98,93.03,92.93,93.02,80
1790670900,93.01,93.08,92.97,93.04,123
1790670960,93.05,93.09,93,93,85
1790671020,93,93.03,92.97,93.02,52
1790671080,93.01,93.01,92.87,92.87,77
1790671140,92.9,92.9,92.7,92.76,219
1790671200,92.76,92.91,92.71,92.84,165
1790671260,92.85,92.94,92.83,92.91,54
1790671320,92.89,92.99,92.89,92.89,132
1790671380,92.88,92.89,92.8,92.81,75
1790671440,92.81,92.92,92.81,92.84,173
1790671500,92.83,92.84,92.76,92.76,98
1790671560,92.78,92.78,92.71,92.76,90
1790671620,92.75,92.8,92.74,92.77,58
1790671680,92.78,92.81,92.73,92.76,50
1790671740,92.77,92.78,92.7,92.73,111
1790671800,92.73,92.83,92.72,92.75,139
1790671860,92.76,92.8,92.74,92.75,84
1790671920,92.74,92.75,92.71,92.74,76
1790671980,92.76,92.78,92.75,92.76,51
1790672040,92.76,92.81,92.75,92.78,64
1790672100,92.8,92.83,92.69,92.7,108
1790672160,92.69,92.74,92.62,92.72,172
1790672220,92.7,92.8,92.69,92.76,175
1790672280,92.76,92.77,92.69,92.69,69
1790672340,92.69,92.7,92.65,92.67,47
1790672400,92.68,92.76,92.62,92.63,134
1790672460,92.62,92.66,92.59,92.63,138
1790672520,92.63,92.63,92.53,92.6,192
1790672580,92.61,92.65,92.59,92.59,83
1790672640,92.59,92.63,92.51,92.51,162
1790672700,92.51,92.56,92.5,92.56,116
1790672760,92.57,92.62,92.56,92.61,88
1790672820,92.61,92.63,92.53,92.56,80
1790672880,92.57,92.57,92.48,92.5,144
1790672940,92.49,92.5,92.44,92.47,148
1790673000,92.47,92.54,92.46,92.52,86
1790673060,92.53,92.58,92.49,92.55,77
1790673120,92.58,92.58,92.51,92.53,86
1790673180,92.54,92.68,92.49,92.63,157
1790673240,92.65,92.69,92.64,92.69,77
1790673300,92.69,92.82,92.67,92.8,168
1790673360,92.81,92.83,92.69,92.7,113
1790673420,92.7,92.7,92.66,92.67,39
1790673480,92.67,92.7,92.59,92.6,67
1790673540,92.6,92.6,92.51,92.53,85
1790673600,92.53,92.64,92.48,92.5,105
1790673660,92.51,92.63,92.51,92.59,74
1790673720,92.58,92.61,92.55,92.58,54
1790673780,92.58,92.73,92.58,92.7,89
1790673840,92.7,92.71,92.57,92.59,86
1790673900,92.6,92.69,92.6,92.65,30
1790673960,92.65,92.72,92.65,92.65,51
1790674020,92.65,92.67,92.63,92.63,26
1790674080,92.65,92.68,92.63,92.68,29
1790674140,92.69,92.73,92.69,92.73,44
1790674200,92.73,92.84,92.63,92.64,167
1790674260,92.63,92.67,92.61,92.67,42
1790674320,92.65,92.65,92.55,92.58,96
1790674380,92.57,92.62,92.48,92.62,133
1790674440,92.59,92.61,92.52,92.52,67
1790674500,92.54,92.59,92.45,92.46,123
1790674560,92.44,92.48,92.42,92.48,166
1790674620,92.47,92.52,92.46,92.46,44
1790674680,92.48,92.55,92.46,92.51,81
1790674740,92.54,92.58,92.43,92.43,157
1790674800,92.43,92.44,92.39,92.43,70
1790674860,92.43,92.47,92.39,92.41,135
1790674920,92.4,92.42,92.3,92.31,175
1790674980,92.32,92.32,92.22,92.22,275
1790675040,92.22,92.26,92.16,92.18,291
1790675100,92.17,92.25,92.11,92.23,233
1790675160,92.24,92.31,92.24,92.3,144
1790675220,92.3,92.31,92.08,92.11,378
1790675280,92.12,92.22,92.09,92.19,166
1790675340,92.19,92.29,92.19,92.22,172
1790675400,92.21,92.32,92.19,92.26,211
1790675460,92.25,92.37,92.25,92.36,197
1790675520,92.36,92.45,92.3,92.43,242
1790675580,92.44,92.5,92.4,92.44,172
1790675640,92.44,92.47,92.34,92.45,117
1790675700,92.44,92.55,92.4,92.47,120
1790675760,92.48,92.49,92.45,92.46,30
1790675820,92.46,92.53,92.45,92.52,77
1790675880,92.52,92.54,92.48,92.48,46
1790675940,92.47,92.53,92.45,92.5,108
1790676000,92.49,92.5,92.29,92.3,352
1790676060,92.29,92.32,92.23,92.23,159
1790676120,92.24,92.38,92.23,92.36,91
1790676180,92.37,92.4,92.35,92.4,66
1790676240,92.39,92.39,92.3,92.3,37
1790676300,92.31,92.32,92.19,92.25,104
1790676360,92.24,92.24,92.16,92.16,90
1790676420,92.16,92.29,92.14,92.27,69
1790676480,92.27,92.29,92.25,92.29,47
1790676540,92.29,92.3,92.2,92.22,57
1790676600,92.22,92.23,92.14,92.17,67
1790676660,92.17,92.24,92.15,92.2,57
1790676720,92.2,92.21,92.14,92.16,33
1790676780,92.15,92.24,92.15,92.23,39
1790676840,92.24,92.34,92.24,92.26,83
1790676900,92.28,92.34,92.23,92.34,140
1790676960,92.32,92.34,92.24,92.26,87
1790677020,92.27,92.31,92.19,92.24,69
1790677080,92.23,92.31,92.21,92.29,136
1790677140,92.3,92.31,92.21,92.29,151
1790677200,92.28,92.28,92.21,92.25,78
1790677260,92.26,92.26,92.21,92.22,52
1790677320,92.23,92.24,92.19,92.22,64
1790677380,92.23,92.29,92.23,92.26,69
1790677440,92.25,92.27,92.22,92.24,60
1790677500,92.23,92.31,92.18,92.25,259
1790677560,92.26,92.29,92.23,92.26,75
1790677620,92.27,92.27,92.21,92.26,58
1790677680,92.27,92.29,92.24,92.28,55
1790677740,92.28,92.28,92.21,92.23,105
1790677800,92.21,92.24,92.2,92.21,89
1790677860,92.22,92.23,92.18,92.19,87
1790677920,92.19,92.34,92.18,92.3,259
1790677980,92.31,92.36,92.27,92.31,93
1790678040,92.3,92.33,92.27,92.31,72
1790678100,92.31,92.33,92.21,92.22,148
1790678160,92.22,92.25,92.16,92.16,133
1790678220,92.15,92.15,91.98,92,377
1790678280,91.99,92.09,91.99,92.05,147
1790678340,92.06,92.16,92.05,92.12,103
1790678400,92.11,92.17,92.07,92.13,132
1790678460,92.13,92.24,92.13,92.19,99
1790678520,92.21,92.28,92.21,92.27,52
1790678580,92.27,92.28,92.19,92.22,54
1790678640,92.23,92.23,92.15,92.17,63
1790678700,92.15,92.16,92.11,92.14,135
1790678760,92.15,92.15,92.03,92.08,152
1790678820,92.09,92.19,92.09,92.18,112
1790678880,92.19,92.29,92.16,92.18,174
1790678940,92.17,92.21,92,92.03,252
1790679000,92.02,92.1,92,92.07,193
1790679060,92.04,92.05,91.97,92.03,114
1790679120,92.04,92.04,91.95,91.97,112
1790679180,91.97,91.99,91.91,91.92,121
1790679240,91.93,91.94,91.85,91.89,247
1790679300,91.9,91.98,91.9,91.93,159
1790679360,91.93,91.95,91.84,91.85,134
1790679420,91.85,91.86,91.82,91.83,118
1790679480,91.83,91.86,91.8,91.86,167
1790679540,91.85,91.85,91.81,91.85,67
1790679600,91.83,91.98,91.81,91.96,217
1790679660,91.96,92,91.95,91.99,112
1790679720,92,92,91.89,91.89,166
1790679780,91.9,91.91,91.68,91.73,427
1790679840,91.73,91.9,91.72,91.87,279
1790679900,91.86,91.87,91.67,91.68,218
1790679960,91.69,91.77,91.68,91.73,149
1790680020,91.73,91.83,91.73,91.79,202
1790680080,91.8,91.81,91.7,91.72,82
1790680140,91.69,91.73,91.67,91.68,84
1790680200,91.68,91.75,91.66,91.72,106
1790680260,91.72,91.72,91.66,91.7,94
1790680320,91.7,91.74,91.65,91.67,191
1790680380,91.66,91.7,91.63,91.65,141
1790680440,91.65,91.7,91.62,91.64,139
1790680500,91.63,91.82,91.63,91.81,315
1790680560,91.8,91.86,91.75,91.77,194
1790680620,91.75,91.79,91.72,91.73,136
1790680680,91.73,91.73,91.6,91.61,197
1790680740,91.62,91.8,91.57,91.78,196
1790680800,91.77,91.77,91.7,91.76,81
1790680860,91.74,91.81,91.73,91.78,82
1790680920,91.79,91.8,91.69,91.74,104
1790680980,91.75,91.77,91.69,91.72,121
1790681040,91.72,91.73,91.64,91.67,136
1790681100,91.68,91.74,91.68,91.72,144
1790681160,91.71,91.79,91.68,91.7,186
1790681220,91.7,91.74,91.66,91.67,115
1790681280,91.66,91.71,91.6,91.65,117
1790681340,91.67,91.69,91.63,91.63,36
1790681400,91.62,91.64,91.59,91.6,86
1790681460,91.59,91.66,91.57,91.64,76
1790681520,91.62,91.62,91.46,91.57,421
1790681580,91.57,91.69,91.56,91.6,164
1790681640,91.62,91.65,91.57,91.62,288
1790681700,91.62,91.64,91.55,91.59,117
1790681760,91.58,91.61,91.57,91.58,59
1790681820,91.58,91.69,91.57,91.68,213
1790681880,91.7,91.72,91.65,91.68,186
1790681940,91.67,91.69,91.58,91.64,89
1790682000,91.65,91.7,91.59,91.69,170
1790682060,91.69,91.84,91.69,91.83,255
1790682120,91.83,91.96,91.83,91.92,311
1790682180,91.93,91.94,91.81,91.82,155
1790682240,91.83,91.85,91.79,91.79,118
1790682300,91.79,91.92,91.77,91.92,156
1790682360,91.93,91.98,91.9,91.96,147
1790682420,91.96,92.01,91.88,91.91,140
1790682480,91.92,91.92,91.79,91.79,144
1790682540,91.8,91.94,90.8,91.12,2434
1790682600,91.1,91.46,90.99,91.16,1115
1790682660,91.14,91.4,91.08,91.35,700
1790682720,91.35,91.36,91.07,91.19,334
1790682780,91.18,91.3,91.04,91.27,259
1790682840,91.28,91.46,91.28,91.38,263
1790682900,91.38,91.39,91.2,91.2,258
1790682960,91.21,91.24,91.08,91.12,230
1790683020,91.13,91.19,91.08,91.17,109
1790683080,91.19,91.21,91.15,91.19,86
1790683140,91.19,91.21,91.12,91.16,152
1790683200,91.15,91.28,91.01,91.1,453
1790683260,91.12,91.14,90.75,90.8,589
1790683320,90.81,90.9,90.8,90.86,254
1790683380,90.86,90.99,90.83,90.94,309
1790683440,90.93,90.93,90.75,90.81,180
1790683500,90.78,90.83,90.75,90.83,152
1790683560,90.84,90.92,90.84,90.87,114
1790683620,90.88,91.04,90.81,91.01,366
1790683680,91,91.03,90.94,90.95,151
1790683740,90.94,91.14,90.94,91.12,219
1790683800,91.13,91.15,91.07,91.15,150
1790683860,91.14,91.21,91.14,91.19,189
1790683920,91.19,91.2,91.13,91.2,97
1790683980,91.21,91.29,91.09,91.26,270
1790684040,91.23,91.29,91.05,91.07,221
1790684100,91.06,91.06,90.72,90.77,661
1790684160,90.76,90.78,90.71,90.78,216
1790684220,90.78,90.93,90.78,90.9,234
1790684280,90.9,90.99,90.86,90.89,199
1790684340,90.89,91.04,90.87,90.9,278
1790684400,90.89,90.9,90.79,90.82,189
1790684460,90.82,90.88,90.8,90.88,130
1790684520,90.89,90.89,90.8,90.85,93
1790684580,90.84,90.92,90.84,90.84,150
1790684640,90.84,90.98,90.84,90.93,178
1790684700,90.93,90.93,90.82,90.82,115
1790684760,90.82,90.97,90.76,90.8,674
1790684820,90.8,90.96,90.73,90.95,359
1790684880,90.93,90.97,90.84,90.85,161
1790684940,90.85,90.85,90.65,90.66,365
1790685000,90.67,90.71,90.55,90.67,1359
1790685060,90.68,90.69,90.6,90.63,156
1790685120,90.63,90.63,90.33,90.37,602
1790685180,90.4,90.67,90.35,90.62,523
1790685240,90.61,90.63,90.52,90.53,275
1790685300,90.51,90.54,90.33,90.33,396
1790685360,90.34,90.53,90.34,90.5,370
1790685420,90.5,90.63,90.5,90.58,223
1790685480,90.58,90.68,90.52,90.67,315
1790685540,90.65,90.7,90.56,90.57,189
1790685600,90.55,90.68,90.55,90.65,293
1790685660,90.66,90.68,90.61,90.64,121
1790685720,90.65,90.74,90.64,90.69,221
1790685780,90.68,90.69,90.61,90.61,337
1790685840,90.62,90.67,90.41,90.44,357
1790685900,90.45,90.6,90.45,90.6,173
1790685960,90.61,90.68,90.58,90.64,214
1790686020,90.63,90.7,90.58,90.68,264
1790686080,90.67,90.67,90.45,90.47,249
1790686140,90.49,90.53,90.42,90.5,256
1790686200,90.49,90.49,90.37,90.48,225
1790686260,90.48,90.53,90.46,90.48,169
1790686320,90.47,90.56,90.46,90.54,151
1790686380,90.54,90.67,90.54,90.66,257
1790686440,90.65,90.71,90.54,90.61,248
1790686500,90.61,90.62,90.56,90.58,137
1790686560,90.57,90.63,90.57,90.6,207
1790686620,90.59,90.72,90.56,90.68,212
1790686680,90.66,90.76,90.62,90.73,177
1790686740,90.71,90.78,90.64,90.77,213
1790686800,90.76,90.81,90.39,90.55,1020
1790686860,90.54,90.78,90.48,90.72,582
1790686920,90.72,90.84,90.63,90.81,533
1790686980,90.8,90.83,90.68,90.73,278
1790687040,90.73,90.77,90.66,90.66,363
1790687100,90.67,90.7,90.63,90.67,209
1790687160,90.67,90.68,90.45,90.47,453
1790687220,90.47,90.51,90.39,90.41,464
1790687280,90.42,90.44,90.25,90.3,549
1790687340,90.29,90.34,90.13,90.29,931
1790687400,90.28,90.39,90.22,90.37,462
1790687460,90.36,90.55,90.36,90.53,505
1790687520,90.52,90.54,90.37,90.44,301
1790687580,90.44,90.59,90.38,90.49,344
1790687640,90.49,90.5,90.34,90.34,231
1790687700,90.33,90.55,90.32,90.44,505
1790687760,90.42,90.44,90.36,90.43,346
1790687820,90.43,90.43,90.34,90.35,183
1790687880,90.34,90.34,90.13,90.28,851
1790687940,90.26,90.34,90.23,90.3,377
1790688000,90.3,90.37,90.27,90.3,244
1790688060,90.32,90.43,90.31,90.4,161
1790688120,90.39,90.57,90.39,90.42,460
1790688180,90.43,90.46,90.32,90.4,183
1790688240,90.41,90.47,90.38,90.4,156
1790688300,90.39,90.45,90.33,90.34,136
1790688360,90.36,90.45,90.25,90.41,280
1790688420,90.41,90.41,90.25,90.28,179
1790688480,90.29,90.4,90.29,90.4,117
1790688540,90.41,90.47,90.4,90.42,299
1790688600,90.42,90.5,90.37,90.48,353
1790688660,90.47,90.47,90.31,90.42,424
1790688720,90.41,90.54,90.35,90.53,223
1790688780,90.53,90.63,90.48,90.49,584
1790688840,90.48,90.49,90.35,90.43,276
1790688900,90.44,90.44,90.23,90.29,550
1790688960,90.29,90.49,90.23,90.47,437
1790689020,90.46,90.51,90.35,90.48,304
1790689080,90.47,90.71,90.47,90.6,664
1790689140,90.6,90.71,90.56,90.64,323
1790689200,90.62,90.7,90.6,90.68,273
1790689260,90.69,90.74,90.64,90.65,320
1790689320,90.64,90.77,90.64,90.67,344
1790689380,90.66,90.86,90.66,90.86,289
1790689440,90.85,90.91,90.83,90.9,330
1790689500,90.89,91.06,90.88,91.05,366
1790689560,91.04,91.17,90.97,91.09,1476
1790689620,91.1,91.14,90.94,90.96,386
1790689680,90.96,91.04,90.91,90.99,343
1790689740,90.98,91.01,90.92,90.97,235
1790689800,90.96,91.02,90.94,90.96,85
1790689860,90.97,90.97,90.8,90.85,306
1790689920,90.84,90.84,90.51,90.52,751
1790689980,90.52,90.6,90.51,90.59,831
1790690040,90.58,90.71,90.57,90.62,252
1790690100,90.61,90.73,90.58,90.63,273
1790690160,90.63,90.69,90.6,90.63,118
1790690220,90.61,90.76,90.61,90.74,141
1790690280,90.74,90.77,90.71,90.73,110
1790690340,90.72,90.9,90.72,90.9,193
1790690400,90.89,90.89,90.73,90.85,288
1790690460,90.85,91.15,90.79,91.12,1089
1790690520,91.11,91.27,91.11,91.24,762
1790690580,91.23,91.35,91.22,91.3,399
1790690640,91.3,91.38,91.28,91.35,357
1790690700,91.32,91.34,91.22,91.27,296
1790690760,91.26,91.27,91.16,91.19,236
1790690820,91.19,91.31,91.18,91.26,217
1790690880,91.27,91.3,91.17,91.19,207
1790690940,91.2,91.31,91.2,91.29,149
1790691000,91.27,91.36,91.25,91.28,308
1790691060,91.3,91.37,91.26,91.32,190
1790691120,91.34,91.35,91.29,91.34,99
1790691180,91.33,91.45,91.27,91.43,324
1790691240,91.42,91.46,91.35,91.42,220
1790691300,91.42,91.44,91.39,91.41,158
1790691360,91.41,91.41,91.3,91.38,235
1790691420,91.38,91.38,91.13,91.13,353
1790691480,91.13,91.26,91.12,91.17,337
1790691540,91.18,91.3,91.13,91.28,291
1790691600,91.27,91.52,91.21,91.42,1045
1790691660,91.4,91.44,91.29,91.36,271
1790691720,91.35,91.43,91.25,91.25,396
1790691780,91.26,91.31,91.09,91.09,399
1790691840,91.09,91.16,91.06,91.1,128
1790691900,91.11,91.18,91.05,91.16,178
1790691960,91.15,91.21,91.11,91.13,89
1790692020,91.12,91.22,91.09,91.18,146
1790692080,91.18,91.23,91.15,91.15,94
1790692140,91.16,91.27,91.15,91.21,74
1790692200,91.22,91.22,91.13,91.16,131
1790692260,91.15,91.37,91.15,91.31,218
1790692320,91.31,91.37,91.28,91.36,215
1790692380,91.36,91.37,91.24,91.26,121
1790692440,91.28,91.31,91.21,91.28,195
1790692500,91.26,91.37,91.22,91.28,280
1790692560,91.29,91.42,91.28,91.4,255
1790692620,91.41,91.51,91.39,91.4,218
1790692680,91.41,91.43,91.29,91.35,264
1790692740,91.37,91.41,91.36,91.37,100
1790692800,91.37,91.42,91.12,91.22,901
1790692860,91.22,91.23,91.04,91.18,488
1790692920,91.18,91.3,91.1,91.11,604
1790692980,91.1,91.15,91.04,91.14,247
1790693040,91.14,91.14,91.06,91.09,182
1790693100,91.09,91.13,91.06,91.12,208
1790693160,91.12,91.26,91.1,91.23,197
1790693220,91.23,91.25,91.13,91.25,200
1790693280,91.27,91.39,91.24,91.37,535
1790693340,91.38,91.46,91.36,91.37,214
1790693400,91.37,91.43,91.27,91.32,226
1790693460,91.29,91.39,91.28,91.32,131
1790693520,91.32,91.35,91.28,91.33,97
1790693580,91.33,91.35,91.25,91.26,102
1790693640,91.26,91.32,91.23,91.25,264
1790693700,91.24,91.4,91.23,91.35,256
1790693760,91.36,91.38,91.29,91.36,164
1790693820,91.36,91.36,91.28,91.29,99
1790693880,91.31,91.36,91.3,91.31,151
1790693940,91.3,91.35,91.29,91.31,183
1790694000,91.32,91.52,91.3,91.51,645
1790694060,91.5,91.6,91.44,91.53,550
1790694120,91.53,91.6,91.51,91.54,252
1790694180,91.53,91.59,91.51,91.56,166
1790694240,91.56,91.59,91.46,91.58,237
1790694300,91.58,91.61,91.44,91.48,351
1790694360,91.47,91.64,91.42,91.6,260
1790694420,91.59,91.61,91.54,91.61,191
1790694480,91.61,91.73,91.61,91.69,397
1790694540,91.69,91.73,91.65,91.66,219
1790694600,91.66,91.69,91.62,91.65,208
1790694660,91.66,91.67,91.53,91.57,195
1790694720,91.56,91.68,91.48,91.48,461
1790694780,91.49,91.51,91.41,91.5,317
1790694840,91.49,91.6,91.49,91.57,168
1790694900,91.56,91.57,91.46,91.55,208
1790694960,91.55,91.59,91.49,91.58,81
1790695020,91.59,91.62,91.55,91.6,113
1790695080,91.59,91.65,91.58,91.63,119
1790695140,91.62,91.72,91.58,91.68,174
1790695200,91.66,91.67,91.51,91.63,181
1790695260,91.64,91.67,91.61,91.63,112
1790695320,91.64,91.7,91.62,91.67,141
1790695380,91.67,91.76,91.6,91.6,238
1790695440,91.61,91.62,91.45,91.5,295
1790695500,91.49,91.55,91.46,91.52,193
1790695560,91.52,91.56,91.48,91.53,222
1790695620,91.53,91.59,91.48,91.51,204
1790695680,91.5,91.68,91.49,91.64,189
1790695740,91.64,91.64,91.39,91.44,868
1790695800,91.43,91.55,91.39,91.52,620
1790695860,91.51,91.64,91.51,91.56,217
1790695920,91.55,91.61,91.47,91.61,271
1790695980,91.6,91.64,91.31,91.36,434
1790696040,91.37,91.43,91.29,91.42,463
1790696100,91.42,91.54,91.42,91.53,165
1790696160,91.54,91.54,91.44,91.5,132
1790696220,91.5,91.58,91.49,91.58,176
1790696280,91.55,91.59,91.35,91.37,167
1790696340,91.37,91.48,91.35,91.47,160
1790696400,91.45,91.55,91.45,91.47,105
1790696460,91.47,91.56,91.45,91.53,185
1790696520,91.53,91.58,91.5,91.54,122
1790696580,91.55,91.59,91.53,91.58,184
1790696640,91.59,91.62,91.52,91.54,112
1790696700,91.53,91.64,91.5,91.52,240
1790696760,91.52,91.54,91.44,91.46,230
1790696820,91.47,91.49,90.36,90.67,3877
1790696880,90.66,90.92,90.45,90.5,4187
1790696940,90.51,90.51,90.06,90.28,3476
1790697000,90.27,90.43,90.13,90.36,3023
1790697060,90.36,90.64,90.35,90.4,1700
1790697120,90.41,90.48,90.09,90.4,1409
1790697180,90.39,90.55,90.23,90.52,815
1790697240,90.52,90.92,90.49,90.56,2346
1790697300,90.56,90.86,90.55,90.85,891
1790697360,90.84,90.88,90.69,90.73,661
1790697420,90.72,90.78,90.57,90.69,462
1790697480,90.68,90.71,90.48,90.51,453
1790697540,90.53,90.55,90.3,90.33,418
1790697600,90.32,90.54,90.24,90.42,699
1790697660,90.43,90.55,90.34,90.38,598
1790697720,90.39,90.5,90.28,90.3,619
1790697780,90.3,90.5,90.3,90.46,335
1790697840,90.45,90.52,90.44,90.51,287
1790697900,90.51,90.7,90.51,90.67,478
1790697960,90.68,90.71,90.64,90.66,219
1790698020,90.67,90.78,90.66,90.68,371
1790698080,90.7,90.77,90.65,90.69,307
1790698140,90.68,90.75,90.33,90.36,810
1790698200,90.35,90.52,90.33,90.34,824
1790698260,90.33,90.38,90.25,90.31,440
1790698320,90.32,90.47,90.24,90.46,638
1790698380,90.44,90.51,90.42,90.43,247
1790698440,90.43,90.56,90.41,90.54,478
1790698500,90.54,90.59,90.49,90.51,336
1790698560,90.51,90.61,90.47,90.58,229
1790698620,90.58,90.64,90.53,90.57,163
1790698680,90.57,90.69,90.51,90.53,265
1790698740,90.53,90.55,90.31,90.32,487
1790698800,90.32,90.42,90.29,90.42,341
1790698860,90.41,90.42,90.26,90.4,521
1790698920,90.4,90.44,90.28,90.34,224
1790698980,90.34,90.45,90.34,90.43,380
1790699040,90.42,90.46,90.39,90.45,311
1790699100,90.45,90.45,90.38,90.39,169
1790699160,90.39,90.4,90.25,90.29,431
1790699220,90.28,90.38,90.27,90.36,251
1790699280,90.35,90.35,90.25,90.28,278
1790699340,90.29,90.33,90.23,90.27,194
1790699400,90.26,90.44,90.25,90.43,453
1790699460,90.43,90.48,90.39,90.4,286
1790699520,90.39,90.41,90.29,90.31,502
1790699580,90.31,90.43,90.26,90.33,487
1790699640,90.33,90.37,90.31,90.34,303
1790699700,90.35,90.47,90.31,90.47,481
1790699760,90.45,90.46,90.27,90.27,364
1790699820,90.28,90.38,90.28,90.32,333
1790699880,90.32,90.38,90.3,90.35,256
1790699940,90.35,90.56,90.34,90.5,437
1790700000,90.49,90.55,90.46,90.49,308
1790700060,90.51,90.52,90.38,90.41,214
1790700120,90.39,90.5,90.39,90.49,124
1790700180,90.51,90.61,90.49,90.61,312
1790700240,90.62,90.84,90.6,90.76,454
1790700300,90.75,90.85,90.69,90.81,314
1790700360,90.79,90.84,90.57,90.58,557
1790700420,90.59,90.63,90.52,90.6,234
1790700480,90.6,90.64,90.51,90.56,230
1790700540,90.55,90.56,90.46,90.5,238
1790700600,90.49,90.49,90.29,90.35,465
1790700660,90.34,90.35,90.25,90.27,413
1790700720,90.28,90.39,90.25,90.36,308
1790700780,90.35,90.48,90.35,90.46,226
1790700840,90.46,90.47,90.34,90.35,118
1790700900,90.37,90.45,90.34,90.42,241
1790700960,90.42,90.53,90.42,90.52,185
1790701020,90.5,90.51,90.42,90.49,140
1790701080,90.5,90.59,90.45,90.54,182
1790701140,90.53,90.64,90.52,90.64,208
1790701200,90.64,90.67,90.58,90.63,187
1790701260,90.62,90.74,90.61,90.72,316
1790701320,90.73,90.73,90.59,90.64,341
1790701380,90.64,90.66,90.54,90.61,251
1790701440,90.61,90.64,90.59,90.6,121
1790701500,90.6,90.62,90.58,90.59,190
1790701560,90.6,90.64,90.56,90.57,92
1790701620,90.57,90.63,90.54,90.61,155
1790701680,90.63,90.75,90.61,90.7,208
1790701740,90.7,90.78,90.66,90.74,160
1790701800,90.73,90.73,90.51,90.53,214
1790701860,90.54,90.54,90.43,90.43,164
1790701920,90.42,90.46,90.4,90.45,203
1790701980,90.44,90.49,90.44,90.46,188
1790702040,90.46,90.51,90.42,90.48,343
1790702100,90.48,90.56,90.44,90.56,248
1790702160,90.55,90.57,90.51,90.51,172
1790702220,90.52,90.56,90.42,90.42,233
1790702280,90.43,90.5,90.36,90.36,147
1790702340,90.37,90.46,90.22,90.46,625
1790702400,90.45,90.62,90.44,90.62,376
1790702460,90.63,90.65,90.58,90.63,227
1790702520,90.63,90.63,90.56,90.58,95
1790702580,90.56,90.56,90.47,90.51,222
1790702640,90.5,90.54,90.47,90.51,177
1790702700,90.51,90.54,90.48,90.51,137
1790702760,90.53,90.56,90.47,90.48,168
1790702820,90.46,90.51,90.46,90.49,79
1790702880,90.5,90.52,90.36,90.38,193
1790702940,90.38,90.39,90.28,90.29,346
1790703000,90.29,90.42,90.25,90.4,333
1790703060,90.39,90.39,90.3,90.33,146
1790703120,90.33,90.41,90.31,90.37,138
1790703180,90.35,90.46,90.35,90.46,84
1790703240,90.46,90.46,90.39,90.39,65
1790703300,90.4,90.43,90.38,90.39,113
1790703360,90.39,90.39,90.27,90.31,213
1790703420,90.3,90.32,90.25,90.31,147
1790703480,90.3,90.35,90.3,90.31,116
1790703540,90.31,90.32,90.28,90.28,91
1790703600,90.28,90.36,90.28,90.29,277
1790703660,90.3,90.35,90.3,90.35,110
1790703720,90.37,90.38,90.3,90.3,123
1790703780,90.3,90.33,90.26,90.27,228
1790703840,90.28,90.29,90.25,90.29,233
1790703900,90.29,90.29,90.21,90.26,232
1790703960,90.25,90.28,90.11,90.2,900
1790704020,90.2,90.22,90.08,90.17,541
1790704080,90.17,90.24,90.11,90.12,238
1790704140,90.11,90.14,90.07,90.13,148
1790704200,90.13,90.13,90.01,90.09,441
1790704260,90.09,90.16,90.02,90.09,307
1790704320,90.09,90.14,90.09,90.12,135
1790704380,90.12,90.18,90.12,90.17,199
1790704440,90.16,90.18,90.12,90.12,75
1790704500,90.13,90.13,90.03,90.07,185
1790704560,90.08,90.13,90.06,90.12,187
1790704620,90.11,90.14,90.08,90.14,99
1790704680,90.13,90.14,90.07,90.08,134
1790704740,90.08,90.14,90.08,90.1,186
1790704800,90.11,90.12,89.88,90.05,1165
1790704860,90.07,90.14,90.02,90.14,255
1790704920,90.13,90.16,90.09,90.15,321
1790704980,90.14,90.15,89.97,89.97,285
1790705040,89.97,89.98,89.77,89.83,704
1790705100,89.84,89.97,89.83,89.95,252
1790705160,89.95,89.99,89.83,89.83,358
1790705220,89.83,89.85,89.75,89.76,404
1790705280,89.75,89.81,89.65,89.75,713
1790705340,89.78,89.84,89.77,89.83,203
1790705400,89.84,89.87,89.78,89.81,325
1790705460,89.81,89.86,89.73,89.79,368
1790705520,89.8,89.83,89.73,89.74,159
1790705580,89.74,89.84,89.69,89.78,351
1790705640,89.77,89.92,89.75,89.92,337
1790705700,89.91,89.92,89.84,89.86,190
1790705760,89.86,89.89,89.7,89.7,305
1790705820,89.71,89.72,89.65,89.65,257
1790705880,89.66,89.74,89.65,89.72,334
1790705940,89.72,89.88,89.71,89.8,487
1790706000,89.81,89.84,89.75,89.75,354
1790706060,89.74,89.77,89.7,89.77,144
1790706120,89.78,89.78,89.73,89.73,137
1790706180,89.72,89.73,89.67,89.72,240
1790706240,89.71,89.75,89.65,89.71,273
1790706300,89.72,89.73,89.59,89.62,354
1790706360,89.62,89.62,89.51,89.56,487
1790706420,89.57,89.58,89.39,89.58,1258
1790706480,89.58,89.58,89.29,89.39,2752
1790706540,89.39,89.42,89.32,89.35,2287
1790706600,89.36,89.42,89.06,89.26,1997
1790706660,89.26,89.44,89.25,89.41,689
1790706720,89.42,89.45,89.36,89.41,550
1790706780,89.41,89.5,89.38,89.48,197
1790706840,89.48,89.53,89.47,89.49,285
1790706900,89.47,89.49,89.36,89.36,255
1790706960,89.37,89.43,89.36,89.4,283
1790707020,89.4,89.44,89.37,89.4,157
1790707080,89.41,89.47,89.4,89.46,164
1790707140,89.45,89.58,89.45,89.55,487
1790707200,89.56,89.62,89.51,89.59,239
1790707260,89.6,89.61,89.51,89.52,152
1790707320,89.52,89.58,89.49,89.55,78
1790707380,89.55,89.59,89.55,89.59,35
1790707440,89.6,89.6,89.51,89.51,57
1790707500,89.52,89.6,89.49,89.56,127
1790707560,89.57,89.59,89.43,89.45,125
1790707620,89.45,89.52,89.44,89.5,138
1790707680,89.5,89.55,89.48,89.48,97
1790707740,89.48,89.5,89.45,89.48,134
1790707800,89.48,89.49,89.4,89.42,158
1790707860,89.42,89.46,89.42,89.44,56
1790707920,89.44,89.46,89.41,89.42,99
1790707980,89.42,89.44,89.36,89.39,175
1790708040,89.39,89.42,89.36,89.38,144
1790708100,89.38,89.39,89.34,89.38,68
1790708160,89.39,89.46,89.39,89.43,81
1790708220,89.41,89.49,89.4,89.46,138
1790708280,89.46,89.46,89.44,89.45,39
1790708340,89.46,89.46,89.43,89.44,55
1790708400,89.45,89.45,89.27,89.3,250
1790708460,89.31,89.32,89.18,89.22,337
1790708520,89.22,89.27,89.19,89.25,127
1790708580,89.25,89.3,89.23,89.29,123
1790708640,89.31,89.34,89.26,89.26,68
1790708700,89.27,89.28,89.23,89.26,30
1790708760,89.26,89.3,89.25,89.27,51
1790708820,89.27,89.31,89.23,89.24,91
1790708880,89.24,89.29,89.24,89.28,51
1790708940,89.27,89.31,89.23,89.25,79
1790709000,89.25,89.34,89.25,89.25,196
1790709060,89.25,89.3,89.23,89.29,91
1790709120,89.3,89.33,89.29,89.31,74
1790709180,89.32,89.33,89.29,89.32,173
1790709240,89.32,89.33,89.29,89.3,71
1790709300,89.3,89.34,89.29,89.32,76
1790709360,89.31,89.33,89.29,89.31,64
1790709420,89.3,89.31,89.29,89.3,21
1790709480,89.3,89.3,89.25,89.25,28
1790709540,89.25,89.27,89.24,89.26,90
1790709600,89.27,89.29,89.24,89.29,33
1790709660,89.29,89.33,89.29,89.32,39
1790709720,89.32,89.35,89.31,89.31,111
1790709780,89.31,89.31,89.28,89.28,15
1790709840,89.28,89.28,89.24,89.26,26
1790709900,89.24,89.27,89.22,89.25,71
1790709960,89.25,89.28,89.25,89.26,28
1790710020,89.25,89.28,89.25,89.27,31
1790710080,89.28,89.34,89.27,89.33,66
1790710140,89.32,89.33,89.3,89.3,49
1790710200,89.31,89.32,89.27,89.3,94
1790710260,89.3,89.3,89.28,89.29,62
1790710320,89.3,89.3,89.21,89.23,39
1790710380,89.22,89.24,89.17,89.21,103
1790710440,89.21,89.26,89.18,89.23,77
1790710500,89.23,89.27,89.23,89.24,47
1790710560,89.23,89.25,89.16,89.17,74
1790710620,89.17,89.25,89.14,89.22,225
1790710680,89.21,89.22,89.09,89.1,194
1790710740,89.11,89.15,89.11,89.13,44
1790710800,89.13,89.15,89.09,89.11,100
1790710860,89.11,89.2,89.08,89.19,92
1790710920,89.19,89.2,89.13,89.13,41
1790710980,89.13,89.22,89.12,89.2,114
1790711040,89.2,89.28,89.19,89.23,256
1790711100,89.23,89.27,89.21,89.26,83
1790711160,89.25,89.31,89.24,89.28,61
1790711220,89.28,89.29,89.26,89.28,70
1790711280,89.28,89.3,89.26,89.29,87
1790711340,89.29,89.3,89.28,89.29,96
1790711400,89.29,89.31,89.26,89.28,112
1790711460,89.28,89.28,89.24,89.24,63
1790711520,89.23,89.23,89.15,89.18,74
1790711580,89.18,89.21,89.17,89.21,33
1790711640,89.19,89.24,89.19,89.21,40
1790711700,89.22,89.28,89.16,89.27,284
1790711760,89.25,89.25,89.2,89.21,34
1790711820,89.21,89.23,89.19,89.22,51
1790711880,89.22,89.25,89.2,89.22,83
1790711940,89.22,89.23,89.07,89.13,496
1790712000,89.11,89.16,89.1,89.13,62
1790712060,89.14,89.15,89.07,89.12,68
1790712120,89.12,89.12,89.01,89.07,98
1790712180,89.06,89.06,88.93,88.96,211
1790712240,88.96,89.06,88.96,89.02,125
1790712300,89.02,89.02,88.92,88.96,73
1790712360,88.96,88.97,88.93,88.96,39
1790712420,88.97,89.06,88.97,89.02,66
1790712480,89.02,89.05,89,89.01,59
1790712540,89.01,89.05,89,89.05,41
1790712600,89.04,89.16,89.03,89.11,115
1790712660,89.12,89.12,89.07,89.07,59
1790712720,89.05,89.06,89.01,89.03,70
1790712780,89.06,89.1,89.06,89.07,24
1790712840,89.07,89.12,89.06,89.11,31
1790712900,89.12,89.12,89.05,89.07,38
1790712960,89.08,89.08,89.05,89.05,7
1790713020,89.04,89.07,89.04,89.06,25
1790713080,89.04,89.07,89.04,89.07,35
1790713140,89.07,89.08,89.05,89.08,14
1790713200,89.07,89.14,89.07,89.08,38
1790713260,89.08,89.08,89.03,89.05,31
1790713320,89.05,89.08,89.01,89.08,30
1790713380,89.07,89.07,89.06,89.07,9
1790713440,89.06,89.08,89.05,89.06,12
1790713500,89.07,89.09,89.06,89.08,47
1790713560,89.08,89.08,89.04,89.06,59
1790713620,89.06,89.07,89.05,89.07,22
1790713680,89.04,89.04,88.91,88.97,144
1790713740,88.97,88.99,88.93,88.97,85
1790713800,88.97,89.01,88.94,88.95,67
1790713860,88.92,88.97,88.91,88.95,39
1790713920,88.95,88.98,88.85,88.87,118
1790713980,88.89,88.9,88.81,88.89,125
1790714040,88.89,89,88.87,88.94,103
1790714100,88.91,88.91,88.81,88.82,93
1790714160,88.82,88.88,88.82,88.85,56
1790714220,88.86,88.87,88.82,88.82,22
1790714280,88.81,88.92,88.81,88.92,70
1790714340,88.91,88.92,88.87,88.9,52
1790714400,88.91,88.93,88.89,88.91,52
1790714460,88.9,88.9,88.78,88.83,239
1790714520,88.83,88.91,88.82,88.87,59
1790714580,88.87,88.88,88.83,88.86,26
1790714640,88.88,88.9,88.84,88.85,54
1790714700,88.84,88.91,88.82,88.91,31
1790714760,88.91,88.95,88.88,88.88,30
1790714820,88.88,88.92,88.87,88.92,29
1790714880,88.91,88.93,88.9,88.9,37
1790714940,88.9,88.91,88.88,88.91,14
1790715000,88.93,88.95,88.91,88.95,41
1790715060,88.96,89,88.94,88.97,51
1790715120,88.95,88.96,88.94,88.95,12
1790715180,88.94,88.98,88.94,88.98,21
1790715240,88.97,89.02,88.96,88.98,32
1790715300,89,89.02,88.99,89.02,27
1790715360,89.01,89.01,88.96,88.98,82
1790715420,88.96,88.96,88.93,88.95,21
1790715480,88.95,88.96,88.93,88.95,49
1790715540,88.94,88.98,88.93,88.94,236
1790719200,89,89.07,88.95,89.03,82
1790719260,89.03,89.05,88.95,88.95,34
1790719320,88.95,88.95,88.86,88.9,68
1790719380,88.9,88.9,88.82,88.83,34
1790719440,88.84,88.84,88.71,88.72,103
1790719500,88.73,88.73,88.58,88.63,130
1790719560,88.62,88.7,88.61,88.68,94
1790719620,88.69,88.74,88.64,88.68,44
1790719680,88.67,88.67,88.58,88.58,28
1790719740,88.6,88.63,88.58,88.61,56
1790719800,88.61,88.62,88.58,88.58,24
1790719860,88.61,88.65,88.59,88.64,20
1790719920,88.64,88.66,88.58,88.58,56
1790719980,88.59,88.63,88.58,88.61,37
1790720040,88.61,88.61,88.58,88.58,28
1790720100,88.61,88.64,88.6,88.64,24
1790720160,88.65,88.66,88.64,88.65,26
1790720220,88.66,88.74,88.66,88.7,57
1790720280,88.69,88.71,88.69,88.71,12
1790720340,88.72,88.74,88.68,88.69,44
1790720400,88.7,88.72,88.7,88.72,5
1790720460,88.71,88.72,88.68,88.7,10
1790720520,88.7,88.72,88.7,88.72,10
1790720580,88.73,88.74,88.72,88.72,33
1790720640,88.71,88.71,88.67,88.67,20
1790720700,88.69,88.69,88.68,88.68,4
1790720760,88.67,88.69,88.67,88.67,24
1790720820,88.68,89.07,88.67,88.95,378
1790720880,88.95,89.11,88.91,89.04,160
1790720940,89.05,89.14,89.05,89.07,60
1790721000,89.07,89.3,89.05,89.22,161
1790721060,89.22,89.26,89.13,89.2,105
1790721120,89.18,89.33,89.15,89.3,203
1790721180,89.32,89.45,89.28,89.39,419
1790721240,89.4,89.41,89.27,89.32,103
1790721300,89.32,89.54,89.31,89.52,237
1790721360,89.5,89.57,89.45,89.53,186
1790721420,89.5,89.56,89.47,89.5,91
1790721480,89.48,89.48,89.43,89.43,106
1790721540,89.43,89.45,89.42,89.42,28
1790721600,89.43,89.43,89.38,89.38,41
1790721660,89.4,89.4,89.33,89.38,59
1790721720,89.39,89.45,89.37,89.4,54
1790721780,89.4,89.43,89.39,89.43,21
1790721840,89.4,89.42,89.36,89.36,39
1790721900,89.35,89.42,89.34,89.42,26
1790721960,89.42,89.42,89.37,89.4,17
1790722020,89.43,89.43,89.35,89.36,57
1790722080,89.36,89.38,89.36,89.37,30
1790722140,89.36,89.38,89.36,89.37,21
1790722200,89.37,89.4,89.34,89.34,58
1790722260,89.34,89.36,89.23,89.23,66
1790722320,89.24,89.29,89.23,89.29,36
1790722380,89.28,89.28,89.21,89.27,54
1790722440,89.27,89.34,89.27,89.33,26
1790722500,89.33,89.33,89.27,89.3,42
1790722560,89.31,89.37,89.31,89.35,39
1790722620,89.33,89.33,89.32,89.32,10
1790722680,89.32,89.32,89.3,89.3,4
1790722740,89.32,89.32,89.27,89.3,19
1790722800,89.3,89.31,89.29,89.31,20
1790722860,89.32,89.37,89.32,89.35,23
1790722920,89.36,89.44,89.35,89.4,100
1790722980,89.4,89.4,89.35,89.35,14
1790723040,89.38,89.45,89.35,89.36,79
1790723100,89.35,89.37,89.34,89.35,13
1790723160,89.33,89.41,89.33,89.38,37
1790723220,89.4,89.45,89.39,89.44,114
1790723280,89.44,89.44,89.39,89.4,9
1790723340,89.39,89.4,89.37,89.37,10
1790723400,89.36,89.37,89.29,89.29,101
1790723460,89.28,89.34,89.25,89.27,73
1790723520,89.29,89.38,89.29,89.34,125
1790723580,89.34,89.36,89.27,89.27,20
1790723640,89.26,89.28,89.26,89.27,18
1790723700,89.26,89.26,89.17,89.17,63
1790723760,89.17,89.18,89.11,89.17,57
1790723820,89.17,89.23,89.17,89.21,25
1790723880,89.21,89.25,89.21,89.22,30
1790723940,89.22,89.24,89.22,89.24,6
1790724000,89.25,89.3,89.23,89.29,32
1790724060,89.29,89.34,89.29,89.3,55
1790724120,89.3,89.3,89.3,89.3,3
1790724180,89.31,89.32,89.29,89.32,8
1790724240,89.33,89.33,89.32,89.32,23
1790724300,89.32,89.38,89.31,89.37,92
1790724360,89.35,89.38,89.31,89.35,45
1790724420,89.34,89.34,89.3,89.32,27
1790724480,89.3,89.3,89.23,89.23,9
1790724540,89.24,89.29,89.24,89.28,43
1790724600,89.27,89.29,89.21,89.23,50
1790724660,89.22,89.22,89.09,89.15,98
1790724720,89.16,89.18,89.15,89.17,39
1790724780,89.17,89.32,89.16,89.29,86
1790724840,89.3,89.31,89.24,89.24,25
1790724900,89.22,89.31,89.19,89.31,174
1790724960,89.3,89.3,89.24,89.27,62
1790725020,89.26,89.26,89.25,89.25,10
1790725080,89.23,89.24,89.2,89.21,17
1790725140,89.23,89.25,89.21,89.21,7
1790725200,89.22,89.25,89.21,89.25,18
1790725260,89.25,89.25,89.21,89.21,4
1790725320,89.23,89.25,89.23,89.23,6
1790725380,89.24,89.28,89.24,89.26,55
1790725440,89.26,89.27,89.26,89.26,6
1790725500,89.27,89.27,89.22,89.25,35
1790725560,89.25,89.25,89.21,89.21,29
1790725620,89.2,89.2,89.18,89.19,20
1790725680,89.17,89.2,89.16,89.17,22
1790725740,89.16,89.22,89.14,89.22,30
1790725800,89.21,89.26,89.2,89.24,23
1790725860,89.24,89.25,89.24,89.25,7
1790725920,89.24,89.24,89.22,89.22,13
1790725980,89.21,89.21,89.15,89.19,21
1790726040,89.19,89.19,89.17,89.19,32
1790726100,89.2,89.22,89.13,89.14,89
1790726160,89.15,89.17,89.07,89.1,45
1790726220,89.1,89.14,89.1,89.12,26
1790726280,89.11,89.11,89.09,89.09,6
1790726340,89.11,89.13,89.04,89.08,35
1790726400,89.04,89.27,88.96,89.2,347
1790726460,89.15,89.17,89.03,89.09,173
1790726520,89.11,89.3,89.11,89.25,65
1790726580,89.28,89.37,89.28,89.35,48
1790726640,89.37,89.37,89.28,89.28,64
1790726700,89.29,89.34,89.24,89.3,107
1790726760,89.31,89.41,89.27,89.37,56
1790726820,89.39,89.41,89.33,89.37,48
1790726880,89.37,89.39,89.3,89.3,35
1790726940,89.3,89.32,89.26,89.3,53
1790727000,89.31,89.33,89.28,89.33,15
1790727060,89.32,89.4,89.32,89.38,34
1790727120,89.38,89.41,89.33,89.33,46
1790727180,89.33,89.35,89.28,89.28,21
1790727240,89.32,89.37,89.27,89.29,46
1790727300,89.3,89.33,89.28,89.28,29
1790727360,89.27,89.28,89.16,89.24,64
1790727420,89.24,89.3,89.24,89.3,16
1790727480,89.28,89.28,89.23,89.25,10
1790727540,89.25,89.28,89.22,89.28,14
1790727600,89.26,89.26,89.23,89.23,14
1790727660,89.22,89.28,89.22,89.26,17
1790727720,89.25,89.26,89.23,89.26,20
1790727780,89.26,89.28,89.23,89.26,37
1790727840,89.25,89.27,89.19,89.22,36
1790727900,89.2,89.22,89.16,89.17,59
1790727960,89.21,89.27,89.21,89.27,17
1790728020,89.28,89.3,89.26,89.26,17
1790728080,89.28,89.28,89.22,89.24,11
1790728140,89.23,89.25,89.21,89.25,11
1790728200,89.24,89.31,89.2,89.25,37
1790728260,89.24,89.32,89.24,89.3,24
1790728320,89.27,89.27,89.24,89.26,14
1790728380,89.25,89.25,89.16,89.19,114
1790728440,89.2,89.23,89.2,89.21,23
1790728500,89.21,89.25,89.21,89.24,19
1790728560,89.23,89.29,89.22,89.27,29
1790728620,89.27,89.36,89.25,89.34,60
1790728680,89.32,89.34,89.27,89.28,43
1790728740,89.29,89.29,89.28,89.28,5
1790728800,89.28,89.28,89.27,89.27,8
1790728860,89.27,89.27,89.16,89.18,49
1790728920,89.17,89.17,89.15,89.16,15
1790728980,89.17,89.23,89.16,89.21,23
1790729040,89.23,89.27,89.21,89.25,23
1790729100,89.24,89.31,89.24,89.31,32
1790729160,89.3,89.39,89.3,89.34,63
1790729220,89.34,89.37,89.32,89.33,24
1790729280,89.32,89.37,89.32,89.36,13
1790729340,89.36,89.38,89.34,89.34,25
1790729400,89.35,89.41,89.35,89.38,48
1790729460,89.39,89.42,89.39,89.42,14
1790729520,89.41,89.43,89.4,89.42,31
1790729580,89.42,89.44,89.4,89.41,48
1790729640,89.42,89.43,89.37,89.38,31
1790729700,89.38,89.39,89.29,89.3,70
1790729760,89.3,89.32,89.27,89.28,25
1790729820,89.29,89.31,89.24,89.24,23
1790729880,89.26,89.3,89.23,89.3,39
1790729940,89.31,89.37,89.29,89.37,38
1790730000,89.34,89.37,89.23,89.37,234
1790730060,89.36,89.39,89.3,89.39,71
1790730120,89.39,89.4,89.35,89.4,60
1790730180,89.41,89.45,89.41,89.43,78
1790730240,89.43,89.43,89.36,89.4,43
1790730300,89.4,89.43,89.32,89.42,65
1790730360,89.44,89.53,89.43,89.52,187
1790730420,89.52,89.58,89.48,89.48,105
1790730480,89.5,89.58,89.5,89.55,58
1790730540,89.56,89.57,89.47,89.5,51
1790730600,89.49,89.53,89.47,89.5,57
1790730660,89.49,89.51,89.44,89.45,67
1790730720,89.45,89.5,89.41,89.49,72
1790730780,89.48,89.51,89.44,89.48,44
1790730840,89.46,89.55,89.46,89.51,63
1790730900,89.53,89.69,89.51,89.68,254
1790730960,89.68,89.74,89.65,89.73,135
1790731020,89.74,89.85,89.72,89.85,491
1790731080,89.83,89.89,89.72,89.88,449
1790731140,89.89,89.89,89.8,89.81,98
1790731200,89.83,89.86,89.78,89.79,70
1790731260,89.78,89.81,89.74,89.77,69
1790731320,89.8,89.8,89.64,89.64,181
1790731380,89.64,89.69,89.54,89.69,196
1790731440,89.7,89.76,89.64,89.73,117
1790731500,89.72,89.73,89.64,89.71,58
1790731560,89.72,89.81,89.71,89.78,67
1790731620,89.78,89.82,89.74,89.75,56
1790731680,89.74,89.78,89.71,89.78,50
1790731740,89.77,89.78,89.74,89.76,37
1790731800,89.76,89.86,89.76,89.79,99
1790731860,89.78,89.78,89.71,89.71,50
1790731920,89.74,89.74,89.69,89.69,21
1790731980,89.75,89.76,89.71,89.71,11
1790732040,89.71,89.72,89.64,89.66,51
1790732100,89.67,89.71,89.65,89.65,52
1790732160,89.66,89.72,89.63,89.65,43
1790732220,89.66,89.75,89.66,89.75,16
1790732280,89.75,89.77,89.7,89.76,9
1790732340,89.76,89.79,89.72,89.73,31
1790732400,89.74,89.75,89.64,89.69,53
1790732460,89.68,89.68,89.55,89.59,56
1790732520,89.59,89.6,89.48,89.52,62
1790732580,89.52,89.55,89.51,89.54,22
1790732640,89.54,89.57,89.5,89.57,44
1790732700,89.58,89.6,89.55,89.58,30
1790732760,89.56,89.58,89.51,89.58,28
1790732820,89.56,89.56,89.51,89.54,84
1790732880,89.55,89.55,89.51,89.55,17
1790732940,89.54,89.56,89.48,89.53,25
1790733000,89.53,89.53,89.5,89.53,16
1790733060,89.54,89.54,89.54,89.54,3
1790733120,89.54,89.61,89.54,89.61,40
1790733180,89.59,89.64,89.58,89.63,19
1790733240,89.64,89.64,89.58,89.58,25
1790733300,89.6,89.6,89.56,89.56,18
1790733360,89.57,89.59,89.55,89.55,18
1790733420,89.56,89.58,89.48,89.51,59
1790733480,89.51,89.55,89.51,89.53,18
1790733540,89.52,89.55,89.52,89.55,6
1790733600,89.53,89.53,89.5,89.51,21
1790733660,89.52,89.56,89.5,89.54,145
1790733720,89.54,89.56,89.47,89.55,115
1790733780,89.55,89.55,89.44,89.46,32
1790733840,89.45,89.54,89.41,89.5,113
1790733900,89.5,89.51,89.45,89.46,22
1790733960,89.47,89.48,89.42,89.42,19
1790734020,89.42,89.44,89.31,89.35,95
1790734080,89.35,89.5,89.35,89.49,71
1790734140,89.48,89.52,89.44,89.44,35
1790734200,89.45,89.51,89.45,89.48,19
1790734260,89.48,89.49,89.48,89.49,5
1790734320,89.48,89.52,89.48,89.51,19
1790734380,89.49,89.51,89.4,89.4,108
1790734440,89.41,89.41,89.34,89.34,40
1790734500,89.32,89.33,89.25,89.3,138
1790734560,89.26,89.31,89.25,89.31,91
1790734620,89.3,89.3,89.25,89.25,26
1790734680,89.24,89.28,89.24,89.28,36
1790734740,89.28,89.35,89.28,89.35,21
1790734800,89.36,89.38,89.34,89.38,64
1790734860,89.37,89.4,89.35,89.36,29
1790734920,89.35,89.35,89.31,89.32,24
1790734980,89.32,89.34,89.32,89.33,7
1790735040,89.3,89.32,89.29,89.29,7
1790735100,89.29,89.3,89.28,89.29,14
1790735160,89.3,89.31,89.24,89.25,33
1790735220,89.24,89.33,89.24,89.31,35
1790735280,89.31,89.32,89.25,89.26,23
1790735340,89.29,89.29,89.29,89.29,2
1790735400,89.28,89.46,89.25,89.39,103
1790735460,89.38,89.49,89.37,89.43,69
1790735520,89.43,89.51,89.43,89.5,51
1790735580,89.49,89.49,89.43,89.45,41
1790735640,89.44,89.55,89.43,89.54,38
1790735700,89.52,89.52,89.39,89.41,34
1790735760,89.42,89.42,89.4,89.41,20
1790735820,89.4,89.43,89.38,89.39,18
1790735880,89.39,89.4,89.39,89.39,10
1790735940,89.42,89.45,89.4,89.44,36
1790736000,89.43,89.45,89.34,89.37,45
1790736060,89.39,89.41,89.38,89.38,14
1790736120,89.38,89.38,89.35,89.38,10
1790736180,89.37,89.38,89.34,89.38,16
1790736240,89.39,89.43,89.39,89.43,9
1790736300,89.45,89.46,89.43,89.43,15
1790736360,89.4,89.44,89.38,89.38,43
1790736420,89.36,89.36,89.32,89.36,48
1790736480,89.35,89.42,89.34,89.42,31
1790736540,89.44,89.55,89.43,89.54,59
1790736600,89.55,89.59,89.5,89.57,172
1790736660,89.57,89.57,89.52,89.56,43
1790736720,89.55,89.56,89.53,89.56,14
1790736780,89.56,89.59,89.56,89.56,17
1790736840,89.55,89.56,89.53,89.56,5
1790736900,89.56,89.59,89.5,89.59,25
1790736960,89.58,89.63,89.55,89.6,40
1790737020,89.6,89.62,89.59,89.6,15
1790737080,89.59,89.65,89.58,89.64,14
1790737140,89.65,89.67,89.61,89.62,69
1790737200,89.62,89.63,89.6,89.63,13
1790737260,89.61,89.63,89.6,89.63,24
1790737320,89.62,89.65,89.58,89.64,23
1790737380,89.62,89.65,89.61,89.65,7
1790737440,89.66,89.68,89.62,89.66,30
1790737500,89.66,89.68,89.63,89.64,61
1790737560,89.63,89.63,89.61,89.61,7
1790737620,89.6,89.66,89.57,89.62,43
1790737680,89.64,89.66,89.62,89.62,9
1790737740,89.64,89.64,89.62,89.64,4
1790737800,89.63,89.64,89.62,89.62,10
1790737860,89.64,89.64,89.61,89.62,10
1790737920,89.6,89.64,89.6,89.64,4
1790737980,89.65,89.68,89.64,89.68,36
1790738040,89.69,89.71,89.68,89.69,42
1790738100,89.7,89.72,89.68,89.69,45
1790738160,89.69,89.7,89.69,89.7,20
1790738220,89.69,89.71,89.68,89.71,19
1790738280,89.68,89.71,89.68,89.71,11
1790738340,89.71,89.71,89.7,89.7,9
1790738400,89.71,89.73,89.71,89.72,28
1790738460,89.72,89.72,89.63,89.67,55
1790738520,89.67,89.7,89.67,89.7,10
1790738580,89.71,89.72,89.67,89.67,24
1790738640,89.67,89.71,89.67,89.71,17
1790738700,89.71,89.76,89.71,89.73,63
1790738760,89.72,89.72,89.68,89.68,14
1790738820,89.68,89.68,89.64,89.66,18
1790738880,89.64,89.67,89.61,89.65,45
1790738940,89.64,89.64,89.6,89.63,28
1790739000,89.62,89.74,89.62,89.73,65
1790739060,89.72,89.73,89.68,89.68,43
1790739120,89.66,89.67,89.59,89.61,20
1790739180,89.6,89.6,89.55,89.58,42
1790739240,89.6,89.6,89.58,89.6,17
1790739300,89.59,89.64,89.59,89.62,26
1790739360,89.62,89.63,89.59,89.59,17
1790739420,89.58,89.59,89.57,89.57,11
1790739480,89.59,89.61,89.58,89.61,18
1790739540,89.61,89.61,89.55,89.58,32
1790739600,89.57,89.61,89.56,89.61,52
1790739660,89.59,89.74,89.59,89.72,43
1790739720,89.73,89.74,89.7,89.73,51
1790739780,89.74,89.74,89.7,89.71,25
1790739840,89.72,89.74,89.7,89.74,21
1790739900,89.74,89.74,89.72,89.74,40
1790739960,89.73,89.75,89.72,89.75,34
1790740020,89.74,89.74,89.68,89.71,37
1790740080,89.71,89.74,89.69,89.74,27
1790740140,89.72,89.76,89.72,89.76,16
1790740200,89.76,89.79,89.76,89.79,34
1790740260,89.79,89.8,89.76,89.78,46
1790740320,89.79,89.8,89.79,89.8,7
1790740380,89.8,89.8,89.77,89.79,16
1790740440,89.78,89.8,89.73,89.75,47
1790740500,89.73,89.81,89.73,89.77,108
1790740560,89.77,89.8,89.77,89.8,17
1790740620,89.79,89.82,89.79,89.8,19
1790740680,89.82,89.83,89.8,89.8,31
1790740740,89.78,89.79,89.76,89.78,26
1790740800,89.77,89.79,89.76,89.77,17
1790740860,89.78,89.78,89.76,89.78,16
1790740920,89.79,89.82,89.78,89.81,23
1790740980,89.8,89.8,89.75,89.77,29
1790741040,89.76,89.78,89.75,89.77,24
1790741100,89.76,89.78,89.75,89.78,25
1790741160,89.78,89.8,89.77,89.8,33
1790741220,89.81,89.81,89.79,89.8,4
1790741280,89.81,89.81,89.77,89.77,23
1790741340,89.79,89.79,89.77,89.79,7
1790741400,89.79,89.79,89.78,89.78,9
1790741460,89.77,89.77,89.69,89.7,46
1790741520,89.69,89.7,89.68,89.7,12
1790741580,89.7,89.71,89.66,89.71,40
1790741640,89.72,89.72,89.7,89.7,2
1790741700,89.71,89.71,89.68,89.69,7
1790741760,89.68,89.7,89.65,89.66,41
1790741820,89.65,89.67,89.64,89.66,14
1790741880,89.66,89.66,89.57,89.57,72
1790741940,89.58,89.59,89.57,89.58,8
1790742000,89.58,89.58,89.56,89.57,9
1790742060,89.57,89.57,89.56,89.56,6
1790742120,89.55,89.56,89.46,89.51,98
1790742180,89.51,89.51,89.49,89.5,9
1790742240,89.48,89.52,89.44,89.46,40
1790742300,89.46,89.5,89.38,89.5,89
1790742360,89.48,89.49,89.46,89.47,10
1790742420,89.45,89.51,89.45,89.49,12
1790742480,89.5,89.55,89.5,89.55,31
1790742540,89.55,89.56,89.53,89.53,13
1790742600,89.56,89.56,89.52,89.52,10
1790742660,89.53,89.53,89.51,89.53,7
1790742720,89.53,89.54,89.51,89.51,16
1790742780,89.52,89.54,89.5,89.53,18
1790742840,89.5,89.51,89.47,89.51,35
1790742900,89.5,89.52,89.5,89.51,13
1790742960,89.51,89.58,89.51,89.58,16
1790743020,89.58,89.58,89.58,89.58,6
1790743080,89.58,89.62,89.58,89.59,38
1790743140,89.59,89.6,89.59,89.59,9
1790743200,89.59,89.6,89.46,89.48,41
1790743260,89.48,89.48,89.42,89.45,32
1790743320,89.43,89.45,89.43,89.43,16
1790743380,89.44,89.49,89.44,89.48,19
1790743440,89.48,89.52,89.48,89.49,84
1790743500,89.5,89.51,89.5,89.5,16
1790743560,89.5,89.52,89.5,89.52,8
1790743620,89.55,89.55,89.49,89.49,21
1790743740,89.5,89.5,89.48,89.48,15
1790743800,89.5,89.51,89.49,89.51,23
1790743860,89.51,89.53,89.51,89.53,6
1790743920,89.55,89.57,89.52,89.53,43
1790744040,89.51,89.51,89.46,89.46,14
1790744100,89.46,89.47,89.44,89.47,18
1790744160,89.45,89.46,89.44,89.45,8
1790744220,89.46,89.47,89.45,89.46,11
1790744280,89.46,89.48,89.46,89.46,7
1790744340,89.49,89.53,89.49,89.52,22
1790744400,89.53,89.57,89.53,89.57,28
1790744460,89.58,89.59,89.55,89.58,12
1790744520,89.57,89.63,89.57,89.59,62
1790744580,89.6,89.6,89.57,89.57,6
1790744640,89.57,89.57,89.57,89.57,3
1790744700,89.56,89.59,89.56,89.59,5
1790744760,89.59,89.59,89.57,89.59,7
1790744820,89.59,89.6,89.59,89.6,15
1790744880,89.6,89.6,89.59,89.59,5
1790744940,89.61,89.63,89.61,89.61,16
1790745000,89.6,89.65,89.6,89.63,38
1790745060,89.64,89.69,89.61,89.62,113
1790745120,89.64,89.65,89.56,89.62,40
1790745180,89.63,89.71,89.63,89.69,43
1790745240,89.71,89.73,89.68,89.7,79
1790745300,89.7,89.71,89.68,89.7,20
1790745360,89.71,89.74,89.69,89.71,18
1790745420,89.73,89.73,89.7,89.7,16
1790745480,89.7,89.7,89.64,89.66,40
1790745540,89.66,89.67,89.65,89.66,10
1790745600,89.65,89.7,89.65,89.69,14
1790745660,89.68,89.69,89.68,89.69,8
1790745720,89.68,89.68,89.66,89.68,18
1790745780,89.68,89.7,89.67,89.67,18
1790745840,89.66,89.68,89.66,89.68,5
1790745900,89.68,89.72,89.68,89.72,21
1790745960,89.71,89.71,89.66,89.67,14
1790746020,89.67,89.7,89.67,89.7,13
1790746140,89.69,89.69,89.69,89.69,16
1790746200,89.7,89.71,89.67,89.67,54
1790746260,89.68,89.68,89.49,89.52,86
1790746320,89.56,89.59,89.5,89.54,78
1790746380,89.52,89.62,89.52,89.61,36
1790746440,89.62,89.64,89.53,89.56,15
1790746500,89.57,89.57,89.39,89.42,137
1790746560,89.41,89.46,89.4,89.42,58
1790746620,89.42,89.45,89.4,89.41,46
1790746680,89.4,89.45,89.4,89.45,28
1790746740,89.45,89.61,89.44,89.54,103
1790746800,89.54,89.56,89.49,89.49,40
1790746860,89.49,89.49,89.46,89.47,7
1790746920,89.5,89.5,89.44,89.44,5
1790746980,89.46,89.48,89.44,89.46,33
1790747040,89.44,89.52,89.4,89.52,65
1790747100,89.52,89.56,89.51,89.54,59
1790747160,89.52,89.53,89.45,89.48,20
1790747220,89.48,89.5,89.46,89.49,12
1790747280,89.52,89.54,89.51,89.53,11
1790747340,89.51,89.54,89.5,89.54,48
1790747400,89.55,89.63,89.54,89.63,62
1790747460,89.63,89.69,89.63,89.66,42
1790747520,89.67,89.67,89.64,89.67,7
1790747580,89.66,89.68,89.57,89.67,40
1790747640,89.64,89.68,89.62,89.63,35
1790747700,89.64,89.7,89.62,89.65,41
1790747760,89.68,89.68,89.61,89.63,25
1790747820,89.63,89.66,89.62,89.65,45
1790747880,89.66,89.69,89.12,89.34,828
1790747940,89.38,89.52,89.34,89.5,153
1790748000,89.5,89.5,89.31,89.32,200
1790748060,89.34,89.4,89.19,89.39,251
1790748120,89.4,89.41,89.31,89.36,63
1790748180,89.36,89.49,89.35,89.49,78
1790748240,89.49,89.53,89.32,89.36,93
1790748300,89.36,89.42,89.33,89.37,89
1790748360,89.38,89.41,89.31,89.34,80
1790748420,89.32,89.33,89.29,89.29,55
1790748480,89.28,89.49,89.25,89.45,286
1790748540,89.43,89.43,89.33,89.35,65
1790748600,89.35,89.38,89.31,89.31,37
1790748660,89.33,89.33,89.27,89.29,93
1790748720,89.28,89.39,89.27,89.37,133
1790748780,89.37,89.38,89.31,89.35,32
1790748840,89.38,89.38,89.3,89.31,33
1790748900,89.3,89.31,89.25,89.28,76
1790748960,89.29,89.29,89.21,89.23,82
1790749020,89.22,89.23,89.07,89.18,205
1790749080,89.18,89.29,89.18,89.19,108
1790749140,89.19,89.32,89.16,89.3,134
1790749200,89.32,89.32,89.21,89.28,126
1790749260,89.29,89.31,89.23,89.25,42
1790749320,89.25,89.3,89.2,89.27,133
1790749380,89.28,89.44,89.28,89.44,240
1790749440,89.43,89.48,89.42,89.44,163
1790749500,89.45,89.5,89.35,89.35,114
1790749560,89.37,89.42,89.37,89.41,27
1790749620,89.4,89.43,89.38,89.42,86
1790749680,89.42,89.67,89.42,89.65,202
1790749740,89.67,89.76,89.66,89.72,140
1790749800,89.73,89.88,89.73,89.87,152
1790749860,89.86,89.99,89.85,89.88,322
1790749920,89.9,89.99,89.86,89.89,184
1790749980,89.9,89.91,89.86,89.89,41
1790750040,89.89,89.94,89.82,89.86,139
1790750100,89.83,89.88,89.76,89.76,109
1790750160,89.76,89.78,89.66,89.68,115
1790750220,89.69,89.78,89.64,89.64,196
1790750280,89.65,89.69,89.54,89.64,433
1790750340,89.63,89.72,89.6,89.7,157
1790750400,89.69,89.69,89.6,89.62,87
1790750460,89.61,89.75,89.61,89.75,90
1790750520,89.74,89.75,89.71,89.71,52
1790750580,89.68,89.7,89.64,89.66,34
1790750640,89.67,89.72,89.56,89.6,136
1790750700,89.6,89.91,89.6,89.8,417
1790750760,89.79,89.9,89.79,89.89,99
1790750820,89.87,89.89,89.76,89.89,114
1790750880,89.9,89.93,89.8,89.82,189
1790750940,89.81,89.84,89.63,89.68,263
1790751000,89.68,89.71,89.61,89.64,60
1790751060,89.66,89.68,89.62,89.67,42
1790751120,89.68,89.68,89.56,89.68,107
1790751180,89.67,89.69,89.58,89.6,149
1790751240,89.6,89.65,89.58,89.6,65
1790751300,89.61,89.66,89.6,89.61,68
1790751360,89.63,89.68,89.63,89.66,25
1790751420,89.66,89.67,89.62,89.62,25
1790751480,89.62,89.65,89.6,89.65,52
1790751540,89.65,89.79,89.65,89.74,160
1790751600,89.74,89.77,89.55,89.55,224
1790751660,89.55,89.6,89.41,89.42,224
1790751720,89.42,89.46,89.24,89.32,307
1790751780,89.33,89.37,89.29,89.34,173
1790751840,89.35,89.39,89.23,89.26,183
1790751900,89.25,89.25,89.13,89.17,282
1790751960,89.18,89.31,89.15,89.26,150
1790752020,89.26,89.29,89.18,89.2,130
1790752080,89.21,89.28,89.19,89.26,80
1790752140,89.26,89.33,89.24,89.25,83
1790752200,89.25,89.28,89.19,89.2,145
1790752260,89.2,89.34,89.17,89.27,127
1790752320,89.27,89.28,89.24,89.26,49
1790752380,89.28,89.32,89.24,89.3,102
1790752440,89.3,89.3,89.24,89.24,130
1790752500,89.24,89.26,89.12,89.14,324
1790752560,89.14,89.14,88.81,88.86,751
1790752620,88.84,88.89,88.73,88.86,607
1790752680,88.87,88.91,88.71,88.72,217
1790752740,88.71,88.75,88.67,88.7,207
1790752800,88.69,88.78,88.64,88.77,309
1790752860,88.79,88.8,88.62,88.64,226
1790752920,88.66,88.7,88.65,88.66,109
1790752980,88.67,88.69,88.59,88.63,332
1790753040,88.65,88.71,88.65,88.68,100
1790753100,88.68,88.79,88.62,88.79,145
1790753160,88.78,88.91,88.75,88.87,274
1790753220,88.86,89.14,88.85,89.14,328
1790753280,89.14,89.37,89.13,89.32,559
1790753340,89.33,89.35,89.21,89.22,266
1790753400,89.22,89.27,89.09,89.12,196
1790753460,89.13,89.26,89.08,89.23,113
1790753520,89.23,89.25,89.06,89.09,172
1790753580,89.08,89.1,88.99,89.06,127
1790753640,89.06,89.16,89.04,89.04,132
1790753700,89.03,89.09,88.98,89.01,156
1790753760,89.01,89.01,88.94,88.96,141
1790753820,88.95,89.07,88.95,89.05,120
1790753880,89.03,89.14,88.95,89.06,157
1790753940,89.09,89.1,89.01,89.04,104
1790754000,89.05,89.11,89.04,89.09,47
1790754060,89.1,89.12,89.06,89.08,64
1790754120,89.1,89.32,89.1,89.31,385
1790754180,89.3,89.36,89.22,89.34,212
1790754240,89.33,89.44,89.32,89.44,142
1790754300,89.44,89.47,89.31,89.36,181
1790754360,89.38,89.4,89.28,89.28,98
1790754420,89.31,89.34,89.29,89.31,70
1790754480,89.31,89.44,89.3,89.31,178
1790754540,89.32,89.38,89.21,89.24,159
1790754600,89.25,89.25,89.12,89.12,89
1790754660,89.11,89.17,89.09,89.16,92
1790754720,89.15,89.26,89.1,89.26,116
1790754780,89.26,89.37,89.26,89.35,140
1790754840,89.35,89.45,89.3,89.42,161
1790754900,89.41,89.54,89.4,89.52,167
1790754960,89.52,89.56,89.44,89.46,182
1790755020,89.45,89.57,89.42,89.55,148
1790755080,89.56,89.58,89.53,89.53,66
1790755140,89.53,89.61,89.47,89.6,192
1790755200,89.62,89.62,89.55,89.55,117
1790755260,89.56,89.62,89.25,89.36,726
1790755320,89.37,89.37,89.21,89.24,290
1790755380,89.24,89.24,89.06,89.15,246
1790755440,89.16,89.32,89.14,89.3,115
1790755500,89.3,89.38,89.25,89.29,192
1790755560,89.3,89.43,89.28,89.4,134
1790755620,89.37,89.45,89.31,89.34,269
1790755680,89.34,89.38,89.28,89.3,203
1790755740,89.3,89.45,89.3,89.38,131
1790755800,89.38,89.42,89.35,89.39,111
1790755860,89.38,89.48,89.32,89.37,393
1790755920,89.37,89.44,89.29,89.35,185
1790755980,89.37,89.59,89.33,89.57,290
1790756040,89.58,89.58,89.44,89.47,313
1790756100,89.47,89.56,89.44,89.49,234
1790756160,89.5,89.58,89.43,89.45,239
1790756220,89.44,89.58,89.33,89.43,442
1790756280,89.41,89.43,89.33,89.36,266
1790756340,89.37,89.63,89.33,89.58,320
1790756400,89.59,89.62,89.5,89.53,189
1790756460,89.53,89.54,89.4,89.4,302
1790756520,89.41,89.55,89.39,89.55,166
1790756580,89.53,89.6,89.52,89.53,139
1790756640,89.52,89.52,89.46,89.46,91
1790756700,89.47,89.63,89.47,89.63,106
1790756760,89.64,89.65,89.55,89.61,110
1790756820,89.6,89.67,89.59,89.59,132
1790756880,89.6,89.67,89.45,89.49,264
1790756940,89.48,89.69,89.48,89.69,495
1790757000,89.67,89.89,89.63,89.79,669
1790757060,89.79,89.88,89.78,89.82,149
1790757120,89.79,89.87,89.73,89.73,248
1790757180,89.73,89.77,89.52,89.55,248
1790757240,89.55,89.56,89.43,89.56,273
1790757300,89.55,89.6,89.51,89.6,102
1790757360,89.61,89.63,89.54,89.6,78
1790757420,89.59,89.6,89.48,89.53,177
1790757480,89.55,89.59,89.49,89.5,239
1790757540,89.51,89.55,89.44,89.53,198
1790757600,89.52,89.53,89.39,89.5,329
1790757660,89.51,89.65,89.51,89.56,155
1790757720,89.57,89.73,89.55,89.59,225
1790757780,89.59,89.69,89.56,89.66,177
1790757840,89.65,89.7,89.59,89.61,148
1790757900,89.62,89.64,89.54,89.58,183
1790757960,89.57,89.6,89.36,89.37,255
1790758020,89.38,89.46,89.36,89.45,111
1790758080,89.46,89.48,89.36,89.39,128
1790758140,89.39,89.45,89.37,89.45,56
1790758200,89.43,89.53,89.43,89.49,103
1790758260,89.5,89.65,89.5,89.6,94
1790758320,89.61,89.7,89.58,89.62,257
1790758380,89.62,89.79,89.56,89.75,317
1790758440,89.76,89.89,89.73,89.85,385
1790758500,89.84,89.87,89.73,89.86,164
1790758560,89.88,89.92,89.79,89.81,145
1790758620,89.8,90.03,89.8,89.96,316
1790758680,89.96,90.05,89.96,90.04,234
1790758740,90.06,90.17,90.01,90.16,232
1790758800,90.16,90.3,90.15,90.24,463
1790758860,90.25,90.29,90.15,90.2,169
1790758920,90.2,90.22,90.16,90.19,109
1790758980,90.2,90.21,90.03,90.09,186
1790759040,90.1,90.17,90.1,90.13,57
1790759100,90.12,90.17,90.12,90.15,90
1790759160,90.16,90.28,90.15,90.23,182
1790759220,90.21,90.24,90.18,90.22,112
1790759280,90.23,90.23,90.09,90.23,235
1790759340,90.23,90.31,90.23,90.3,98
1790759400,90.31,90.4,90.25,90.38,429
1790759460,90.37,90.45,90.35,90.43,132
1790759520,90.44,90.45,90.35,90.41,135
1790759580,90.42,90.52,90.39,90.51,280
1790759640,90.51,90.51,90.37,90.38,132
1790759700,90.37,90.39,90.3,90.31,136
1790759760,90.31,90.47,90.3,90.43,152
1790759820,90.42,90.44,90.38,90.42,104
1790759880,90.41,90.42,90.34,90.39,109
1790759940,90.39,90.43,90.36,90.39,113
1790760000,90.38,90.39,90.28,90.32,153
1790760060,90.32,90.41,90.29,90.36,112
1790760120,90.37,90.42,90.33,90.4,145
1790760180,90.41,90.42,90.39,90.39,24
1790760240,90.41,90.41,90.39,90.39,39
1790760300,90.39,90.44,90.33,90.43,111
1790760360,90.43,90.61,90.42,90.53,314
1790760420,90.54,90.54,90.41,90.44,165
1790760480,90.44,90.44,90.21,90.35,236
1790760540,90.33,90.42,90.24,90.32,251
1790760600,90.32,90.35,90.11,90.14,281
1790760660,90.13,90.14,90.03,90.06,218
1790760720,90.06,90.06,89.98,90.01,143
1790760780,90.02,90.04,89.99,90.03,145
1790760840,90.01,90.02,89.93,89.98,181
1790760900,89.97,90.04,89.97,90.04,81
1790760960,90.04,90.06,89.95,89.98,151
1790761020,89.98,90.04,89.97,90.03,77
1790761080,90.05,90.08,90.02,90.04,104
1790761140,90.04,90.21,90.02,90.17,265
1790761200,90.15,90.24,90.13,90.22,89
1790761260,90.23,90.28,90.17,90.22,111
1790761320,90.2,90.21,90.12,90.16,90
1790761380,90.17,90.25,90.14,90.23,84
1790761440,90.21,90.27,90.21,90.22,89
1790761500,90.23,90.23,90.06,90.09,240
1790761560,90.11,90.22,90.11,90.15,91
1790761620,90.14,90.17,90.05,90.14,158
1790761680,90.14,90.19,90.13,90.18,34
1790761740,90.17,90.19,90.14,90.16,31
1790761800,90.16,90.24,90.14,90.15,215
1790761860,90.14,90.23,90.14,90.22,83
1790761920,90.21,90.31,90.2,90.24,115
1790761980,90.23,90.28,90.23,90.27,81
1790762040,90.27,90.27,90.21,90.22,34
1790762100,90.22,90.25,90.2,90.22,37
1790762160,90.24,90.26,90.23,90.25,23
1790762220,90.24,90.25,90.16,90.17,94
1790762280,90.18,90.21,90.14,90.21,77
1790762340,90.21,90.25,90.2,90.2,56
1790762400,90.21,90.21,90.16,90.17,45
1790762460,90.18,90.23,90.18,90.18,70
1790762520,90.17,90.25,90.17,90.24,72
1790762580,90.24,90.24,90.18,90.22,30
1790762640,90.22,90.25,90.21,90.22,29
1790762700,90.22,90.25,90.14,90.16,92
1790762760,90.17,90.19,90.1,90.16,97
1790762820,90.16,90.17,90.09,90.16,72
1790762880,90.14,90.19,90.13,90.16,63
1790762940,90.17,90.32,90.17,90.31,65
1790763000,90.32,90.34,90.27,90.28,68
1790763060,90.28,90.33,90.28,90.31,42
1790763120,90.31,90.33,90.27,90.32,68
1790763180,90.32,90.32,90.27,90.27,17
1790763240,90.27,90.45,90.26,90.43,199
1790763300,90.43,90.46,90.33,90.35,91
1790763360,90.37,90.47,90.37,90.4,116
1790763420,90.39,90.39,90.24,90.29,165
1790763480,90.3,90.39,90.24,90.34,228
1790763540,90.34,90.43,90.28,90.4,323
1790763600,90.41,90.47,90.38,90.45,92
1790763660,90.46,90.49,90.41,90.42,73
1790763720,90.42,90.45,90.4,90.45,59
1790763780,90.44,90.44,90.38,90.4,103
1790763840,90.41,90.64,90.4,90.53,591
1790763900,90.54,90.57,90.46,90.48,91
1790763960,90.51,90.54,90.47,90.47,60
1790764020,90.48,90.49,90.31,90.39,99
1790764080,90.39,90.41,90.36,90.36,38
1790764140,90.38,90.39,90.36,90.39,27
1790764200,90.39,90.42,90.33,90.34,107
1790764260,90.34,90.34,90.24,90.31,128
1790764320,90.31,90.35,90.3,90.3,26
1790764380,90.3,90.34,90.29,90.33,37
1790764440,90.34,90.36,90.29,90.29,57
1790764500,90.29,90.29,90.19,90.19,121
1790764560,90.19,90.25,90.16,90.19,153
1790764620,90.18,90.22,90.11,90.2,167
1790764680,90.19,90.19,90.07,90.17,200
1790764740,90.17,90.2,90.06,90.08,122
1790764800,90.08,90.19,90.08,90.18,85
1790764860,90.2,90.25,90.17,90.23,59
1790764920,90.21,90.23,90.16,90.2,57
1790764980,90.2,90.21,90.08,90.08,121
1790765040,90.07,90.15,90.06,90.13,53
1790765100,90.12,90.21,90.1,90.21,50
1790765160,90.19,90.25,90.19,90.23,74
1790765220,90.25,90.32,90.22,90.3,136
1790765280,90.3,90.42,90.3,90.38,108
1790765340,90.36,90.37,90.28,90.28,48
1790765400,90.29,90.32,90.27,90.31,89
1790765460,90.32,90.4,90.32,90.37,106
1790765520,90.38,90.45,90.35,90.44,147
1790765580,90.43,90.44,90.37,90.37,78
1790765640,90.38,90.44,90.37,90.41,78
1790765700,90.4,90.47,90.37,90.39,101
1790765760,90.38,90.47,90.35,90.43,132
1790765820,90.44,90.44,90.38,90.42,105
1790765880,90.42,90.5,90.42,90.5,123
1790765940,90.5,90.6,90.48,90.57,139
1790766000,90.58,90.6,90.49,90.57,409
1790766060,90.59,90.61,90.56,90.59,104
1790766120,90.58,90.62,90.54,90.62,135
1790766180,90.61,90.64,90.6,90.62,61
1790766240,90.62,90.67,90.62,90.62,165
1790766300,90.61,90.66,90.61,90.63,81
1790766360,90.64,90.67,90.59,90.62,116
1790766420,90.62,90.69,90.58,90.67,98
1790766480,90.67,90.72,90.67,90.7,148
1790766540,90.69,90.7,90.66,90.68,84
1790766600,90.67,90.76,90.66,90.71,188
1790766660,90.72,90.75,90.7,90.71,83
1790766720,90.71,90.77,90.65,90.76,137
1790766780,90.75,90.75,90.71,90.72,123
1790766840,90.72,90.73,90.67,90.69,98
1790766900,90.7,90.77,90.64,90.72,206
1790766960,90.73,90.73,90.69,90.73,79
1790767020,90.73,90.76,90.69,90.74,89
1790767080,90.74,90.75,90.69,90.73,86
1790767140,90.74,90.75,90.71,90.73,58
1790767200,90.73,90.75,90.59,90.6,229
1790767260,90.61,90.62,90.54,90.55,189
1790767320,90.55,90.56,90.48,90.5,133
1790767380,90.5,90.53,90.47,90.5,155
1790767440,90.52,90.59,90.5,90.53,148
1790767500,90.54,90.57,90.49,90.57,68
1790767560,90.56,90.61,90.53,90.6,96
1790767620,90.61,90.61,90.56,90.58,67
1790767680,90.57,90.61,90.56,90.59,110
1790767740,90.6,90.67,90.53,90.61,144
1790767800,90.63,90.79,90.62,90.69,290
1790767860,90.69,90.72,90.65,90.69,180
1790767920,90.69,90.85,90.67,90.79,155
1790767980,90.77,90.8,90.72,90.73,52
1790768040,90.73,90.74,90.69,90.73,97
1790768100,90.72,90.75,90.72,90.73,64
1790768160,90.73,90.77,90.72,90.75,53
1790768220,90.75,90.76,90.71,90.72,46
1790768280,90.71,90.75,90.67,90.69,142
1790768340,90.69,90.69,90.61,90.68,190
1790768400,90.68,90.73,90.64,90.72,67
1790768460,90.72,90.76,90.71,90.73,79
1790768520,90.74,90.75,90.7,90.73,54
1790768580,90.73,90.79,90.73,90.74,148
1790768640,90.73,90.75,90.72,90.72,51
1790768700,90.71,90.76,90.71,90.74,87
1790768760,90.73,90.85,90.66,90.76,348
1790768820,90.78,90.83,90.74,90.79,90
1790768880,90.78,90.87,90.78,90.87,105
1790768940,90.86,90.87,90.82,90.85,48
1790769000,90.87,90.91,90.79,90.83,149
1790769060,90.85,90.88,90.78,90.87,288
1790769120,90.87,90.89,90.72,90.82,203
1790769180,90.8,90.81,90.78,90.81,64
1790769240,90.8,90.86,90.77,90.8,131
1790769300,90.8,90.81,90.75,90.78,188
1790769360,90.78,90.78,90.72,90.73,58
1790769420,90.73,90.82,90.7,90.79,155
1790769480,90.8,90.81,90.75,90.78,73
1790769540,90.78,90.78,90.6,90.61,133
1790769600,90.61,90.66,90.42,90.65,523
1790769660,90.67,90.75,90.67,90.75,89
1790769720,90.77,90.8,90.63,90.63,198
1790769780,90.61,90.65,90.56,90.61,156
1790769840,90.61,90.63,90.55,90.56,139
1790769900,90.56,90.67,90.54,90.64,187
1790769960,90.66,90.68,90.63,90.64,42
1790770020,90.64,90.65,90.51,90.51,165
1790770080,90.51,90.56,90.49,90.52,114
1790770140,90.53,90.54,90.48,90.5,87
1790770200,90.5,90.54,90.46,90.49,174
1790770260,90.5,90.54,90.5,90.53,79
1790770320,90.53,90.53,90.49,90.49,35
1790770380,90.48,90.49,90.46,90.46,69
1790770440,90.48,90.52,90.48,90.52,113
1790770500,90.52,90.63,90.47,90.61,162
1790770560,90.61,90.65,90.59,90.64,229
1790770620,90.63,90.69,90.63,90.69,96
1790770680,90.7,90.75,90.69,90.7,74
1790770740,90.71,90.73,90.69,90.69,41
1790770800,90.69,90.69,90.52,90.56,136
1790770860,90.55,90.56,90.5,90.5,100
1790770920,90.5,90.5,90.42,90.43,151
1790770980,90.43,90.46,90.36,90.44,187
1790771040,90.42,90.44,90.4,90.41,49
1790771100,90.4,90.41,90.31,90.38,163
1790771160,90.38,90.38,90.31,90.34,83
1790771220,90.33,90.36,90.33,90.35,53
1790771280,90.36,90.44,90.35,90.44,124
1790771340,90.43,90.45,90.41,90.45,72
1790771400,90.43,90.46,90.13,90.41,625
1790771460,90.4,90.4,90.23,90.35,170
1790771520,90.35,90.44,90.32,90.39,219
1790771580,90.38,90.43,90.31,90.34,208
1790771640,90.35,90.36,90.31,90.34,97
1790771700,90.34,90.41,90.29,90.3,204
1790771760,90.3,90.48,90.3,90.47,160
1790771820,90.46,90.56,90.44,90.55,215
1790771880,90.57,90.58,90.52,90.54,114
1790771940,90.54,90.56,90.51,90.52,87
1790772000,90.51,90.6,90.49,90.59,155
1790772060,90.61,90.63,90.55,90.56,161
1790772120,90.57,90.64,90.54,90.63,101
1790772180,90.63,90.63,90.46,90.49,132
1790772240,90.5,90.52,90.45,90.5,143
1790772300,90.5,90.5,90.37,90.4,209
1790772360,90.4,90.74,90.4,90.72,1364
1790772420,90.74,91.1,90.74,90.92,1578
1790772480,90.91,90.92,90.7,90.7,378
1790772540,90.71,90.72,90.58,90.69,490
1790772600,90.68,90.7,90.61,90.63,408
1790772660,90.62,90.64,90.51,90.54,376
1790772720,90.55,90.66,90.49,90.49,166
1790772780,90.47,90.47,90.41,90.42,145
1790772840,90.42,90.44,90.36,90.37,184
1790772900,90.37,90.39,90.33,90.39,169
1790772960,90.38,90.41,90.35,90.35,89
1790773020,90.36,90.37,90.2,90.27,371
1790773080,90.3,90.32,90.27,90.3,139
1790773140,90.3,90.4,90.28,90.36,220
1790773200,90.35,90.42,90.2,90.21,941
1790773260,90.21,90.27,90.1,90.15,393
1790773320,90.15,90.19,90.07,90.07,264
1790773380,90.08,90.15,90.06,90.12,319
1790773440,90.11,90.13,90.07,90.11,266
1790773500,90.11,90.27,90.11,90.21,300
1790773560,90.22,90.32,90.2,90.31,231
1790773620,90.32,90.37,90.23,90.33,273
1790773680,90.33,90.66,90.33,90.61,506
1790773740,90.63,90.76,90.6,90.7,407
1790773800,90.7,90.71,90.64,90.68,209
1790773860,90.69,90.73,90.6,90.64,302
1790773920,90.65,90.82,90.65,90.77,257
1790773980,90.76,90.85,90.76,90.83,202
1790774040,90.83,90.84,90.68,90.77,205
1790774100,90.78,90.9,90.74,90.87,335
1790774160,90.87,90.89,90.82,90.89,242
1790774220,90.88,91.01,90.87,90.97,390
1790774280,90.96,91.04,90.95,90.99,300
1790774340,90.99,91.12,90.92,91.06,538
1790774400,91.04,91.26,90.99,91.22,834
1790774460,91.23,91.26,91.15,91.26,991
1790774520,91.26,91.28,91.1,91.2,697
1790774580,91.18,91.29,91.16,91.22,321
1790774640,91.23,91.27,91.21,91.27,181
1790774700,91.27,91.33,91.22,91.3,363
1790774760,91.27,91.31,91.23,91.25,309
1790774820,91.24,91.29,91.23,91.28,287
1790774880,91.28,91.37,91.26,91.35,352
1790774940,91.35,91.5,91.28,91.47,1250
1790775000,91.48,91.48,91.24,91.35,702
1790775060,91.35,91.49,91.14,91.18,927
1790775120,91.18,91.33,91.17,91.31,237
1790775180,91.31,91.37,91.27,91.32,184
1790775240,91.32,91.33,91.27,91.28,235
1790775300,91.27,91.32,91.22,91.22,320
1790775360,91.22,91.23,91.12,91.2,388
1790775420,91.2,91.22,91.16,91.21,180
1790775480,91.2,91.46,91.2,91.34,535
1790775540,91.33,91.34,91.25,91.31,279
1790775600,91.3,91.35,91.23,91.24,200
1790775660,91.23,91.23,91.09,91.1,306
1790775720,91.1,91.17,91.08,91.16,251
1790775780,91.15,91.2,91.09,91.15,196
1790775840,91.14,91.17,91.1,91.12,161
1790775900,91.11,91.16,91.07,91.13,246
1790775960,91.12,91.16,91.05,91.08,464
1790776020,91.08,91.14,91.05,91.08,343
1790776080,91.08,91.22,91.02,91.13,695
1790776140,91.13,91.14,91.03,91.04,235
1790776200,91.05,91.09,90.99,91.04,311
1790776260,91.03,91.07,90.99,91.05,201
1790776320,91.06,91.14,91.04,91.04,298
1790776380,91.05,91.05,90.83,90.84,478
1790776440,90.85,90.85,90.72,90.74,526
1790776500,90.74,90.8,90.69,90.79,529
1790776560,90.79,90.85,90.76,90.79,455
1790776620,90.78,90.85,90.77,90.81,495
1790776680,90.81,90.85,90.79,90.81,153
1790776740,90.8,90.87,90.73,90.74,274
1790776800,90.74,90.74,90.65,90.71,372
1790776860,90.71,90.72,90.64,90.68,290
1790776920,90.7,90.7,90.59,90.63,200
1790776980,90.63,90.73,90.62,90.71,176
1790777040,90.71,90.74,90.64,90.65,163
1790777100,90.64,90.65,90.57,90.63,414
1790777160,90.64,90.64,90.54,90.56,203
1790777220,90.56,90.61,90.55,90.57,164
1790777280,90.58,90.73,90.58,90.71,265
1790777340,90.71,90.78,90.71,90.75,195
1790777400,90.76,90.85,90.76,90.8,588
1790777460,90.79,90.87,90.74,90.82,421
1790777520,90.81,90.83,90.71,90.75,212
1790777580,90.74,90.9,90.73,90.89,384
1790777640,90.88,91.01,90.85,91.01,258
1790777700,91.01,91.06,90.89,91.01,391
1790777760,90.99,91.07,90.96,91.06,180
1790777820,91.06,91.2,91.05,91.19,337
1790777880,91.19,91.35,91.16,91.32,402
1790777940,91.32,91.55,91.26,91.26,1251
1790778000,91.25,91.29,91.16,91.27,332
1790778060,91.25,91.27,91.19,91.23,181
1790778120,91.23,91.25,91.18,91.24,233
1790778180,91.24,91.45,91.24,91.42,404
1790778240,91.4,91.42,91.32,91.41,384
1790778300,91.41,91.43,91.34,91.36,606
1790778360,91.36,91.43,91.33,91.42,696
1790778420,91.42,91.42,91.31,91.33,549
1790778480,91.32,91.4,91.31,91.32,326
1790778540,91.32,91.39,91.27,91.31,199
1790778600,91.35,91.74,91.21,91.22,979
1790778660,91.21,91.41,91.21,91.36,549
1790778720,91.34,91.35,91.16,91.2,279
1790778780,91.23,91.3,91.19,91.21,267
1790778840,91.22,91.31,91.22,91.28,311
1790778900,91.27,91.29,91.21,91.25,138
1790778960,91.24,91.29,91.19,91.21,282
1790779020,91.2,91.21,91.07,91.1,269
1790779080,91.11,91.33,91.05,91.14,880
1790779140,91.15,91.16,91.09,91.14,232
1790779200,91.15,91.21,91.12,91.18,119
1790779260,91.18,91.21,91.13,91.18,160
1790779320,91.19,91.28,91.18,91.24,199
1790779380,91.23,91.36,91.13,91.33,1519
1790779440,91.33,91.42,91.17,91.4,704
1790779500,91.39,91.47,91.33,91.41,291
1790779560,91.4,91.45,91.34,91.44,203
1790779620,91.43,91.44,91.27,91.29,239
1790779680,91.28,91.4,91.28,91.39,467
1790779740,91.38,91.42,91.34,91.37,307
1790779800,91.37,91.42,91.33,91.35,233
1790779860,91.36,91.4,91.26,91.34,185
1790779920,91.33,91.43,91.33,91.42,186
1790779980,91.41,91.53,91.39,91.51,573
1790780040,91.51,91.51,91.25,91.4,1000
1790780100,91.4,91.47,91.31,91.43,160
1790780160,91.42,91.62,91.42,91.61,468
1790780220,91.61,91.63,91.49,91.54,347
1790780280,91.54,91.6,91.53,91.55,139
1790780340,91.54,91.64,91.54,91.59,366
1790780400,91.58,91.68,91.52,91.66,444
1790780460,91.64,91.7,91.61,91.68,262
1790780520,91.68,91.69,91.6,91.6,252
1790780580,91.6,91.6,91.47,91.49,273
1790780640,91.49,91.58,91.39,91.41,292
1790780700,91.42,91.57,91.4,91.54,369
1790780760,91.54,91.62,91.51,91.56,145
1790780820,91.55,91.64,91.49,91.5,186
1790780880,91.5,91.5,91.34,91.36,229
1790780940,91.36,91.46,91.36,91.44,73
1790781000,91.44,91.45,91.33,91.34,159
1790781060,91.35,91.48,91.25,91.47,229
1790781120,91.46,91.76,91.42,91.59,1489
1790781180,91.58,91.61,91.46,91.49,304
1790781240,91.5,91.61,91.46,91.5,351
1790781300,91.53,91.63,91.46,91.61,413
1790781360,91.62,91.74,91.6,91.67,326
1790781420,91.67,91.69,91.58,91.66,168
1790781480,91.68,91.74,91.58,91.61,243
1790781540,91.6,91.67,91.57,91.65,176
1790781600,91.65,91.76,91.6,91.75,349
1790781660,91.75,91.83,91.7,91.76,514
1790781720,91.77,91.93,91.71,91.91,410
1790781780,91.9,91.96,91.86,91.89,437
1790781840,91.88,91.92,91.81,91.87,387
1790781900,91.85,91.88,91.79,91.81,259
1790781960,91.81,91.83,91.75,91.8,267
1790782020,91.8,91.8,91.69,91.73,441
1790782080,91.73,91.74,91.58,91.65,363
1790782140,91.64,91.68,91.46,91.56,633
1790782200,91.55,91.56,91.4,91.41,493
1790782260,91.41,91.44,91.29,91.3,643
1790782320,91.31,91.31,91.21,91.28,524
1790782380,91.27,91.39,91.27,91.34,257
1790782440,91.33,91.52,91.29,91.43,728
1790782500,91.43,91.43,91.31,91.33,397
1790782560,91.33,91.39,91.31,91.34,215
1790782620,91.33,91.38,91.26,91.34,384
1790782680,91.34,91.39,91.29,91.29,281
1790782740,91.28,91.37,91.28,91.34,313
1790782800,91.34,91.41,91.3,91.32,479
1790782860,91.31,91.37,91.26,91.32,482
1790782920,91.32,91.48,91.32,91.48,303
1790782980,91.47,91.57,91.47,91.5,387
1790783040,91.5,91.71,91.47,91.62,885
1790783100,91.61,91.69,91.56,91.59,295
1790783160,91.6,91.7,91.54,91.68,361
1790783220,91.67,91.76,91.58,91.59,401
1790783280,91.59,91.59,91.42,91.5,362
1790783340,91.5,91.57,91.43,91.44,196
1790783400,91.45,91.59,91.45,91.49,341
1790783460,91.48,91.61,91.46,91.57,133
1790783520,91.58,91.6,91.53,91.6,84
1790783580,91.6,91.62,91.54,91.55,198
1790783640,91.55,91.57,91.54,91.56,114
1790783700,91.56,91.56,91.46,91.49,190
1790783760,91.5,91.5,91.33,91.35,263
1790783820,91.35,91.35,91.23,91.23,271
1790783880,91.23,91.24,91.2,91.2,307
1790783940,91.19,91.21,91.14,91.16,188
1790784000,91.17,91.42,91.14,91.34,932
1790784060,91.31,91.36,91.28,91.34,150
1790784120,91.35,91.4,91.28,91.39,396
1790784180,91.39,91.46,91.36,91.38,168
1790784240,91.38,91.52,91.32,91.32,241
1790784300,91.31,91.42,91.31,91.4,138
1790784360,91.4,91.41,91.36,91.37,151
1790784420,91.37,91.38,91.29,91.33,335
1790784480,91.34,91.39,91.31,91.36,89
1790784540,91.36,91.48,91.36,91.46,155
1790784600,91.47,91.52,91.45,91.5,115
1790784660,91.5,91.55,91.36,91.45,471
1790784720,91.46,91.5,91.43,91.47,166
1790784780,91.48,91.48,91.37,91.47,245
1790784840,91.47,91.49,91.44,91.46,97
1790784900,91.45,91.54,91.43,91.53,160
1790784960,91.54,91.54,91.48,91.52,115
1790785020,91.51,91.53,91.47,91.49,81
1790785080,91.48,91.5,91.32,91.33,206
1790785140,91.33,91.39,91.31,91.37,228
1790785200,91.36,91.41,91.34,91.4,160
1790785260,91.4,91.42,91.34,91.42,146
1790785320,91.41,91.49,91.36,91.43,274
1790785380,91.44,91.47,91.33,91.35,128
1790785440,91.35,91.42,91.33,91.4,59
1790785500,91.4,91.47,91.38,91.47,145
1790785560,91.49,91.5,91.42,91.44,96
1790785620,91.45,91.46,91.41,91.46,89
1790785680,91.45,91.48,91.41,91.42,95
1790785740,91.41,91.49,91.39,91.47,128
1790785800,91.46,91.53,91.38,91.53,184
1790785860,91.52,91.53,91.47,91.48,133
1790785920,91.5,91.5,91.44,91.48,87
1790785980,91.49,91.49,91.45,91.47,49
1790786040,91.5,91.52,91.46,91.49,108
1790786100,91.48,91.52,91.43,91.52,108
1790786160,91.53,91.57,91.51,91.56,95
1790786220,91.55,91.55,91.44,91.46,123
1790786280,91.46,91.48,91.4,91.4,121
1790786340,91.4,91.41,91.35,91.39,145
1790786400,91.4,91.43,91.39,91.4,104
1790786460,91.41,91.43,91.39,91.4,87
1790786520,91.4,91.44,91.38,91.39,114
1790786580,91.4,91.41,91.27,91.28,156
1790786640,91.28,91.28,91.18,91.25,209
1790786700,91.26,91.35,91.25,91.33,134
1790786760,91.33,91.45,91.33,91.4,178
1790786820,91.38,91.39,91.27,91.27,110
1790786880,91.28,91.31,91.26,91.28,77
1790786940,91.27,91.29,91.21,91.27,214
1790787000,91.27,91.29,91.21,91.23,128
1790787060,91.24,91.28,91.23,91.26,151
1790787120,91.27,91.28,91.24,91.27,190
1790787180,91.27,91.29,91.22,91.22,115
1790787240,91.23,91.29,91.21,91.21,127
1790787300,91.2,91.22,91.14,91.18,184
1790787360,91.17,91.22,91.14,91.15,195
1790787420,91.13,91.14,91.02,91.05,363
1790787480,91.04,91.06,90.87,90.93,726
1790787540,90.94,91,90.9,90.97,232
1790787600,90.97,91.01,90.93,90.94,154
1790787660,90.93,91.01,90.93,90.97,125
1790787720,90.97,90.99,90.9,90.98,157
1790787780,90.98,91.07,90.98,91.02,122
1790787840,91.04,91.09,91.02,91.03,131
1790787900,91.02,91.03,90.98,90.99,145
1790787960,90.99,90.99,90.88,90.91,213
1790788020,90.92,90.96,90.88,90.9,196
1790788080,90.9,90.92,90.85,90.91,127
1790788140,90.91,90.92,90.87,90.88,193
1790788200,90.87,90.88,90.83,90.84,143
1790788260,90.84,90.9,90.84,90.88,182
1790788320,90.87,90.89,90.83,90.87,141
1790788380,90.87,90.95,90.83,90.95,242
1790788440,90.95,90.95,90.87,90.93,87
1790788500,90.92,90.98,90.91,90.96,93
1790788560,90.95,91.01,90.9,90.9,180
1790788620,90.89,90.96,90.89,90.94,144
1790788680,90.93,90.95,90.88,90.88,145
1790788740,90.88,90.92,90.83,90.89,191
1790788800,90.89,90.98,90.87,90.97,111
1790788860,90.97,90.99,90.94,90.97,132
1790788920,90.97,91.01,90.96,91.01,128
1790788980,91.01,91.04,90.98,90.99,128
1790789040,90.99,91.02,90.97,90.98,95
1790789100,90.97,91.04,90.97,91.03,111
1790789160,91.03,91.06,90.97,90.99,191
1790789220,90.98,91.03,90.97,90.98,77
1790789280,90.99,91.08,90.99,91.01,162
1790789340,91.01,91.02,90.97,90.98,111
1790789400,90.98,91,90.94,90.99,188
1790789460,90.99,91,90.95,90.99,196
1790789520,90.99,91.04,90.97,91.02,107
1790789580,91.03,91.1,91,91.08,141
1790789640,91.09,91.13,91.09,91.1,161
1790789700,91.1,91.1,90.89,90.94,496
1790789760,90.94,90.96,90.88,90.94,355
1790789820,90.95,90.97,90.93,90.93,149
1790789880,90.93,90.93,90.76,90.82,461
1790789940,90.82,90.82,90.74,90.77,247
1790790000,90.77,90.9,90.76,90.86,183
1790790060,90.86,90.93,90.85,90.88,154
1790790120,90.87,90.92,90.87,90.89,92
1790790180,90.89,90.94,90.86,90.88,127
1790790240,90.88,90.88,90.84,90.87,84
1790790300,90.87,90.95,90.87,90.93,123
1790790360,90.92,90.92,90.85,90.85,144
1790790420,90.86,90.89,90.6,90.81,877
1790790480,90.81,90.89,90.75,90.87,223
1790790540,90.87,90.95,90.86,90.95,249
1790790600,90.94,91,90.89,90.98,225
1790790660,90.98,91.03,90.94,90.95,156
1790790720,90.95,90.98,90.91,90.95,88
1790790780,90.96,90.99,90.95,90.99,93
1790790840,90.99,91.1,90.99,91.05,126
1790790900,91.06,91.06,91,91.02,237
1790790960,91.03,91.03,90.88,90.89,353
1790791020,90.88,90.88,90.69,90.7,525
1790791080,90.71,90.74,90.66,90.68,308
1790791140,90.68,90.71,90.63,90.66,354
1790791200,90.67,90.74,90.65,90.67,253
1790791260,90.68,90.78,90.65,90.69,295
1790791320,90.69,90.75,90.68,90.69,194
1790791380,90.69,90.71,90.66,90.7,161
1790791440,90.71,90.78,90.71,90.77,315
1790791500,90.77,90.77,90.64,90.66,349
1790791560,90.67,90.7,90.63,90.67,200
1790791620,90.67,90.73,90.66,90.68,153
1790791680,90.69,90.72,90.66,90.69,181
1790791740,90.7,90.73,90.63,90.64,239
1790791800,90.63,90.68,90.6,90.62,347
1790791860,90.62,90.65,90.57,90.64,299
1790791920,90.64,90.67,90.61,90.67,390
1790791980,90.67,90.81,90.67,90.8,295
1790792040,90.79,90.81,90.71,90.77,392
1790792100,90.77,90.78,90.66,90.66,427
1790792160,90.66,90.66,90.55,90.66,529
1790792220,90.66,90.68,90.6,90.65,430
1790792280,90.65,90.71,90.6,90.6,362
1790792340,90.61,90.68,90.58,90.66,493
1790792400,90.67,90.69,90.61,90.65,433
1790792460,90.65,90.69,90.62,90.65,299
1790792520,90.65,90.72,90.63,90.7,265
1790792580,90.7,90.73,90.66,90.7,204
1790792640,90.7,90.74,90.52,90.55,571
1790792700,90.55,90.59,90.5,90.57,339
1790792760,90.59,90.63,90.51,90.56,484
1790792820,90.56,90.64,90.53,90.6,418
1790792880,90.59,90.61,90.33,90.4,3576
1790792940,90.39,90.45,90.36,90.38,2775
1790793000,90.38,90.57,90.36,90.54,842
1790793060,90.55,90.68,90.55,90.68,828
1790793120,90.67,90.7,90.61,90.63,235
1790793180,90.64,90.71,90.62,90.7,470
1790793240,90.69,90.7,90.64,90.69,230
1790793300,90.69,90.86,90.67,90.85,244
1790793360,90.84,90.9,90.83,90.83,162
1790793420,90.84,90.88,90.81,90.82,143
1790793480,90.82,90.85,90.79,90.79,213
1790793540,90.79,90.81,90.77,90.78,112
1790793600,90.78,90.83,90.78,90.81,86
1790793660,90.8,90.84,90.8,90.83,66
1790793720,90.84,90.86,90.74,90.74,169
1790793780,90.74,90.74,90.63,90.63,177
1790793840,90.62,90.7,90.62,90.69,41
1790793900,90.69,90.69,90.64,90.65,58
1790793960,90.64,90.69,90.64,90.65,96
1790794020,90.65,90.7,90.64,90.67,50
1790794080,90.66,90.66,90.64,90.64,17
1790794140,90.64,90.66,90.61,90.62,29
1790794200,90.63,90.65,90.61,90.65,41
1790794260,90.64,90.71,90.62,90.71,102
1790794320,90.71,90.74,90.7,90.7,62
1790794380,90.71,90.72,90.67,90.68,45
1790794440,90.67,90.7,90.67,90.67,22
1790794500,90.66,90.67,90.65,90.67,12
1790794560,90.68,90.7,90.57,90.63,176
1790794620,90.62,90.64,90.6,90.64,28
1790794680,90.65,90.67,90.52,90.58,171
1790794740,90.59,90.62,90.58,90.6,50
1790794800,90.6,90.6,90.55,90.58,89
1790794860,90.58,90.59,90.52,90.53,59
1790794920,90.54,90.6,90.54,90.6,87
1790794980,90.6,90.6,90.56,90.6,27
1790795040,90.58,90.64,90.57,90.57,38
1790795100,90.58,90.6,90.54,90.56,39
1790795160,90.55,90.59,90.51,90.59,173
1790795220,90.58,90.61,90.55,90.55,41
1790795280,90.55,90.61,90.55,90.61,79
1790795340,90.63,90.65,90.62,90.65,29
1790795400,90.65,90.66,90.62,90.66,28
1790795460,90.67,90.68,90.61,90.62,30
1790795520,90.62,90.63,90.61,90.63,17
1790795580,90.63,90.65,90.61,90.65,26
1790795640,90.66,90.69,90.62,90.62,53
1790795700,90.63,90.64,90.6,90.6,15
1790795760,90.61,90.63,90.58,90.58,37
1790795820,90.58,90.59,90.55,90.58,39
1790795880,90.58,90.61,90.57,90.58,33
1790795940,90.57,90.59,90.55,90.56,39
1790796000,90.57,90.58,90.47,90.5,126
1790796060,90.49,90.53,90.47,90.53,35
1790796120,90.52,90.53,90.49,90.49,29
1790796180,90.5,90.53,90.49,90.53,26
1790796240,90.51,90.55,90.49,90.52,65
1790796300,90.53,90.61,90.53,90.61,100
1790796360,90.59,90.61,90.57,90.61,35
1790796420,90.61,90.61,90.58,90.58,24
1790796480,90.6,90.64,90.6,90.62,63
1790796540,90.61,90.63,90.61,90.63,64
1790796600,90.63,90.69,90.63,90.64,101
1790796660,90.65,90.68,90.63,90.65,77
1790796720,90.64,90.65,90.64,90.64,63
1790796780,90.64,90.66,90.64,90.65,79
1790796840,90.65,90.66,90.64,90.65,27
1790796900,90.65,90.66,90.64,90.65,35
1790796960,90.64,90.64,90.58,90.6,74
1790797020,90.58,90.59,90.55,90.59,64
1790797080,90.59,90.63,90.59,90.61,27
1790797140,90.6,90.61,90.39,90.45,314
1790797200,90.46,90.56,90.39,90.45,361
1790797260,90.45,90.52,90.44,90.51,43
1790797320,90.49,90.53,90.49,90.53,35
1790797380,90.53,90.53,90.51,90.51,56
1790797440,90.53,90.53,90.49,90.52,37
1790797500,90.51,90.53,90.47,90.47,73
1790797560,90.46,90.55,90.46,90.55,70
1790797620,90.54,90.55,90.51,90.53,52
1790797680,90.52,90.52,90.43,90.52,146
1790797740,90.51,90.54,90.51,90.52,26
1790797800,90.52,90.52,90.41,90.45,153
1790797860,90.46,90.47,90.44,90.47,55
1790797920,90.48,90.52,90.48,90.51,79
1790797980,90.51,90.51,90.49,90.5,34
1790798040,90.5,90.51,90.46,90.47,55
1790798100,90.48,90.49,90.45,90.47,45
1790798160,90.48,90.54,90.48,90.53,143
1790798220,90.52,90.54,90.52,90.53,49
1790798280,90.52,90.58,90.52,90.57,110
1790798340,90.57,90.59,90.52,90.53,99
1790798400,90.52,90.62,90.52,90.62,74
1790798460,90.62,90.62,90.54,90.54,25
1790798520,90.54,90.58,90.54,90.58,7
1790798580,90.58,90.63,90.58,90.61,26
1790798640,90.63,90.65,90.6,90.62,35
1790798700,90.62,90.64,90.61,90.62,17
1790798760,90.62,90.63,90.58,90.61,42
1790798820,90.61,90.63,90.61,90.61,18
1790798880,90.61,90.63,90.58,90.58,40
1790798940,90.57,90.59,90.57,90.57,20
1790799000,90.56,90.59,90.54,90.55,32
1790799060,90.54,90.55,90.5,90.51,87
1790799120,90.51,90.52,90.48,90.5,42
1790799180,90.52,90.52,90.52,90.52,8
1790799240,90.53,90.54,90.51,90.53,7
1790799300,90.52,90.52,90.49,90.5,17
1790799360,90.51,90.53,90.51,90.52,19
1790799420,90.51,90.53,90.51,90.52,17
1790799480,90.51,90.55,90.51,90.55,26
1790799540,90.56,90.57,90.55,90.56,28
1790799600,90.55,90.56,90.55,90.55,5
1790799660,90.57,90.57,90.55,90.55,10
1790799720,90.55,90.55,90.54,90.54,8
1790799780,90.56,90.56,90.53,90.54,11
1790799840,90.54,90.54,90.52,90.54,7
1790799900,90.55,90.55,90.53,90.53,22
1790799960,90.55,90.55,90.53,90.54,15
1790800020,90.54,90.54,90.5,90.51,20
1790800080,90.5,90.51,90.44,90.45,80
1790800140,90.45,90.47,90.43,90.46,48
1790800200,90.45,90.48,90.44,90.47,39
1790800260,90.46,90.47,90.45,90.45,12
1790800320,90.44,90.44,90.41,90.41,30
1790800380,90.41,90.44,90.4,90.41,71
1790800440,90.39,90.39,90.31,90.34,72
1790800500,90.34,90.38,90.28,90.29,48
1790800560,90.28,90.32,90.26,90.3,71
1790800620,90.32,90.34,90.32,90.32,8
1790800680,90.3,90.31,90.27,90.29,74
1790800740,90.29,90.32,90.29,90.32,11
1790800800,90.3,90.33,90.29,90.32,26
1790800860,90.31,90.33,90.3,90.32,19
1790800920,90.31,90.34,90.31,90.32,8
1790800980,90.33,90.37,90.29,90.3,39
1790801040,90.31,90.34,90.31,90.34,14
1790801100,90.33,90.36,90.31,90.33,28
1790801160,90.33,90.36,90.33,90.34,36
1790801220,90.35,90.35,90.32,90.33,13
1790801280,90.35,90.43,90.33,90.4,89
1790801340,90.41,90.43,90.32,90.34,50
1790801400,90.33,90.36,90.31,90.36,33
1790801460,90.36,90.41,90.36,90.41,35
1790801520,90.4,90.43,90.4,90.43,18
1790801580,90.41,90.41,90.41,90.41,10
1790801640,90.4,90.42,90.37,90.37,39
1790801700,90.36,90.38,90.34,90.38,46
1790801760,90.38,90.38,90.36,90.37,9
1790801820,90.36,90.37,90.34,90.35,38
1790801880,90.36,90.37,90.33,90.34,52
1790801940,90.35,90.37,90.32,90.34,73
1790805600,90.4,90.51,90.26,90.37,152
1790805660,90.35,90.35,90.32,90.32,16
1790805720,90.34,90.36,90.31,90.36,15
1790805780,90.35,90.37,90.35,90.35,8
1790805840,90.35,90.35,90.24,90.33,66
1790805900,90.31,90.31,90.24,90.28,24
1790805960,90.29,90.29,90.24,90.27,13
1790806020,90.27,90.27,90.24,90.25,13
1790806080,90.27,90.28,90.19,90.2,38
1790806140,90.19,90.26,90.19,90.26,29
1790806200,90.24,90.25,90.24,90.25,4
1790806260,90.27,90.27,90.22,90.23,12
1790806320,90.21,90.21,90.19,90.19,16
1790806380,90.2,90.23,90.2,90.23,6
1790806440,90.24,90.24,90.23,90.23,5
1790806500,90.22,90.24,90.21,90.21,13
1790806560,90.2,90.21,90.2,90.21,5
1790806620,90.2,90.2,90.16,90.16,22
1790806680,90.19,90.22,90.18,90.18,20
1790806740,90.18,90.18,90.14,90.14,12
1790806800,90.14,90.19,90.12,90.19,19
1790806860,90.19,90.19,90.19,90.19,1
1790806920,90.19,90.2,90.19,90.2,6
1790806980,90.18,90.18,90.15,90.16,8
1790807040,90.17,90.17,90.17,90.17,1
1790807100,90.18,90.18,90.14,90.17,15
1790807160,90.15,90.16,90.15,90.16,3
1790807220,90.16,90.16,90.12,90.12,7
1790807280,90.13,90.15,90.12,90.15,10
1790807340,90.12,90.16,90.12,90.16,6
1790807460,90.13,90.14,90.11,90.11,19
1790807520,90.11,90.13,90.1,90.12,7
1790807580,90.12,90.13,90.11,90.12,50
1790807640,90.11,90.13,90.11,90.12,17
1790807700,90.12,90.12,90.1,90.1,19
1790807760,90.1,90.13,90.09,90.09,66
1790807820,90.08,90.09,90.02,90.02,56
1790807880,90.03,90.07,90.02,90.04,28
1790807940,90.06,90.06,90.03,90.03,15
1790808000,90.05,90.05,90.05,90.05,6
1790808060,90.05,90.09,90.05,90.09,27
1790808120,90.09,90.09,90.08,90.09,6
1790808180,90.1,90.1,90.05,90.08,13
1790808240,90.05,90.08,90.05,90.08,5
1790808360,90.07,90.07,90.06,90.07,7
1790808420,90.08,90.08,90.08,90.08,4
1790808480,90.07,90.07,90.05,90.05,18
1790808540,90.05,90.06,90.04,90.06,12
1790808600,90.06,90.07,90.03,90.04,76
1790808660,90.04,90.05,90.04,90.05,14
1790808720,90.02,90.03,90.02,90.02,8
1790808780,90.04,90.06,90.04,90.06,14
1790808960,90.06,90.07,90.05,90.05,10
1790809020,90.05,90.06,90.05,90.06,5
1790809080,90.06,90.15,90.06,90.1,81
1790809140,90.11,90.13,90.11,90.12,18
1790809200,90.12,90.12,90.09,90.09,17
1790809260,90.09,90.11,90.07,90.08,25
1790809320,90.08,90.09,90.08,90.09,3
1790809380,90.1,90.11,90.09,90.09,10
1790809440,90.09,90.1,90.09,90.09,5
1790809500,90.09,90.09,90.07,90.07,33
1790809560,90.08,90.08,90.08,90.08,5
1790809620,90.1,90.13,90.1,90.12,15
1790809680,90.14,90.17,90.14,90.17,10
1790809740,90.16,90.19,90.16,90.16,29
1790809800,90.18,90.18,90.16,90.17,5
1790809920,90.18,90.2,90.17,90.2,11
1790809980,90.2,90.2,90.19,90.2,6
1790810040,90.2,90.2,90.18,90.18,6
1790810100,90.17,90.18,90.15,90.16,33
1790810160,90.16,90.17,90.07,90.07,52
1790810220,90.07,90.07,90.04,90.06,12
1790810280,90.07,90.08,90.05,90.07,9
1790810340,90.07,90.07,90.06,90.06,3
1790810400,90.07,90.09,90.07,90.08,10
1790810460,90.1,90.11,90.1,90.11,5
1790810520,90.1,90.11,90.08,90.08,12
1790810580,90.08,90.08,90.08,90.08,2
1790810640,90.08,90.08,90.07,90.07,5
1790810700,90.09,90.09,90.08,90.08,4
1790810760,90.09,90.1,90.09,90.09,6
1790810820,90.1,90.1,90.1,90.1,1
1790810880,90.08,90.09,90.08,90.09,3
1790811000,90.08,90.08,90.07,90.07,3
1790811060,90.09,90.09,90.08,90.08,9
1790811120,90.09,90.09,90.08,90.08,3
1790811180,90.09,90.09,90.09,90.09,2
1790811240,90.08,90.09,90.08,90.09,3
1790811300,90.09,90.09,90.08,90.08,9
1790811360,90.08,90.08,90.06,90.06,2
1790811420,90.05,90.05,90.02,90.03,23
1790811480,90.02,90.02,90.02,90.02,3
1790811600,90.02,90.02,90.02,90.02,1
1790811660,90.03,90.03,89.97,89.97,79
1790811720,89.98,90,89.97,89.97,20
1790811780,89.99,89.99,89.98,89.99,8
1790811840,89.98,89.98,89.95,89.98,20
1790811900,89.97,89.97,89.93,89.93,21
1790811960,89.93,89.93,89.88,89.88,62
1790812020,89.87,89.94,89.86,89.93,55
1790812080,89.91,89.92,89.9,89.91,12
1790812140,89.92,89.94,89.92,89.94,7
1790812200,89.93,89.94,89.93,89.94,10
1790812260,89.93,89.94,89.93,89.94,10
1790812380,89.93,89.95,89.91,89.94,7
1790812440,89.93,89.96,89.93,89.95,25
1790812500,89.95,89.95,89.9,89.91,31
1790812560,89.92,89.99,89.92,89.97,19
1790812620,89.98,89.99,89.97,89.97,16
1790812680,89.98,89.99,89.97,89.99,9
1790812740,89.98,90.02,89.98,90.01,27
1790812800,90.02,90.03,89.91,89.91,219
1790812860,89.92,90.02,89.9,90,96
1790812920,89.95,90.09,89.94,90.07,51
1790812980,90.07,90.15,90.07,90.12,62
1790813040,90.1,90.14,90.1,90.13,29
1790813100,90.14,90.2,90.13,90.18,90
1790813160,90.18,90.25,90.16,90.2,142
1790813220,90.18,90.24,90.18,90.19,30
1790813280,90.21,90.23,90.21,90.22,6
1790813340,90.21,90.36,90.21,90.26,214
1790813400,90.26,90.43,90.24,90.42,199
1790813460,90.41,90.63,90.39,90.39,339
1790813520,90.39,90.43,90.3,90.4,95
1790813580,90.39,90.48,90.33,90.43,97
1790813640,90.41,90.49,90.41,90.45,53
1790813700,90.43,90.5,90.4,90.47,55
1790813760,90.48,90.48,90.4,90.42,28
1790813820,90.4,90.44,90.39,90.42,33
1790813880,90.42,90.44,90.41,90.43,29
1790813940,90.44,90.47,90.41,90.41,13
1790814000,90.41,90.41,90.36,90.38,92
1790814060,90.36,90.42,90.36,90.42,25
1790814120,90.43,90.43,90.39,90.4,12
1790814180,90.43,90.45,90.42,90.42,24
1790814240,90.4,90.48,90.4,90.45,50
1790814300,90.43,90.48,90.43,90.46,17
1790814360,90.44,90.51,90.44,90.47,26
1790814420,90.49,90.53,90.47,90.49,62
1790814480,90.48,90.49,90.43,90.44,33
1790814540,90.44,90.45,90.41,90.44,32
1790814600,90.48,90.63,90.48,90.61,68
1790814660,90.61,90.69,90.51,90.53,129
1790814720,90.55,90.55,90.5,90.52,30
1790814780,90.53,90.55,90.52,90.52,15
1790814840,90.51,90.51,90.42,90.49,63
1790814900,90.5,90.55,90.49,90.52,24
1790814960,90.54,90.54,90.49,90.49,9
1790815020,90.48,90.5,90.48,90.48,17
1790815080,90.46,90.54,90.45,90.52,33
1790815140,90.53,90.56,90.52,90.54,20
1790815200,90.53,90.53,90.51,90.52,8
1790815260,90.52,90.54,90.48,90.5,39
1790815320,90.49,90.49,90.46,90.47,14
1790815380,90.45,90.47,90.44,90.44,30
1790815440,90.43,90.43,90.31,90.33,101
1790815500,90.33,90.4,90.31,90.4,32
1790815560,90.39,90.39,90.38,90.38,14
1790815620,90.39,90.42,90.37,90.41,24
1790815680,90.37,90.37,90.34,90.34,12
1790815740,90.37,90.4,90.35,90.35,14
1790815800,90.37,90.5,90.37,90.43,58
1790815860,90.43,90.5,90.41,90.46,32
1790815920,90.47,90.54,90.45,90.52,27
1790815980,90.53,90.55,90.48,90.54,30
1790816040,90.55,90.65,90.54,90.61,80
1790816100,90.61,90.64,90.56,90.58,26
1790816160,90.6,90.6,90.56,90.57,16
1790816220,90.57,90.57,90.52,90.54,32
1790816280,90.54,90.55,90.48,90.53,54
1790816340,90.53,90.53,90.44,90.44,42
1790816400,90.45,90.45,90.25,90.3,116
1790816460,90.3,90.33,90.16,90.17,184
1790816520,90.18,90.18,90.06,90.15,190
1790816580,90.14,90.19,90.12,90.15,31
1790816640,90.14,90.14,90.05,90.07,35
1790816700,90.08,90.09,90.03,90.03,29
1790816760,90.05,90.09,90,90.06,65
1790816820,90.08,90.08,90.05,90.06,19
1790816880,90.04,90.08,90.02,90.06,25
1790816940,90.06,90.13,90.06,90.09,25
1790817000,90.09,90.14,90.08,90.1,43
1790817060,90.09,90.13,90.09,90.09,21
1790817120,90.09,90.12,90.04,90.05,62
1790817180,90.05,90.08,90.05,90.07,22
1790817240,90.05,90.08,90.05,90.06,16
1790817300,90.07,90.08,90.04,90.07,19
1790817360,90.08,90.09,90.05,90.07,6
1790817420,90.08,90.12,90.06,90.11,24
1790817480,90.07,90.07,90.02,90.04,26
1790817540,90.08,90.13,90.08,90.11,144
1790817600,90.11,90.13,90.11,90.13,19
1790817660,90.13,90.17,90.12,90.12,11
1790817720,90.13,90.16,90.12,90.14,23
1790817780,90.15,90.16,90.11,90.12,32
1790817840,90.11,90.13,90.07,90.1,208
1790817900,90.11,90.13,90.11,90.11,16
1790817960,90.1,90.1,90.09,90.1,7
1790818020,90.07,90.09,90.05,90.05,125
1790818080,90.06,90.06,89.99,89.99,83
1790818140,89.98,90.1,89.98,90.1,45
1790818200,90.1,90.14,90.08,90.13,34
1790818260,90.15,90.16,90.08,90.13,38
1790818320,90.12,90.18,90.11,90.13,88
1790818380,90.12,90.14,90.11,90.13,13
1790818440,90.12,90.13,90.12,90.12,7
1790818500,90.1,90.15,90.1,90.13,16
1790818560,90.13,90.15,90.13,90.15,18
1790818620,90.16,90.19,90.16,90.19,5
1790818680,90.19,90.23,90.18,90.18,101
1790818740,90.16,90.17,90.06,90.15,90
1790818800,90.14,90.15,90.14,90.14,5
1790818860,90.15,90.22,90.15,90.22,16
1790818920,90.17,90.19,90.17,90.18,5
1790818980,90.2,90.2,90.19,90.19,2
1790819040,90.17,90.17,90.16,90.17,8
1790819100,90.17,90.2,90.17,90.2,20
1790819160,90.21,90.21,90.2,90.2,3
1790819220,90.22,90.24,90.19,90.19,12
1790819280,90.21,90.24,90.21,90.24,9
1790819340,90.24,90.28,90.24,90.26,23
1790819400,90.26,90.27,90.15,90.17,24
1790819460,90.16,90.18,90.16,90.18,3
1790819520,90.17,90.18,90.15,90.15,23
1790819580,90.17,90.21,90.17,90.2,8
1790819640,90.18,90.2,90.18,90.2,3
1790819700,90.22,90.24,90.22,90.24,6
1790819760,90.23,90.39,90.23,90.39,99
1790819820,90.38,90.39,90.36,90.36,25
1790819880,90.36,90.36,90.34,90.34,12
1790819940,90.34,90.4,90.34,90.38,26
1790820000,90.38,90.42,90.37,90.41,44
1790820060,90.41,90.41,90.37,90.39,23
1790820120,90.38,90.39,90.36,90.39,18
1790820180,90.37,90.38,90.29,90.29,77
1790820240,90.29,90.35,90.28,90.3,29
1790820300,90.31,90.32,90.31,90.32,9
1790820360,90.34,90.42,90.34,90.35,33
1790820420,90.41,90.41,90.32,90.33,27
1790820480,90.33,90.33,90.29,90.31,47
1790820540,90.32,90.36,90.32,90.36,14
1790820600,90.35,90.37,90.32,90.33,26
1790820660,90.33,90.36,90.29,90.34,51
1790820720,90.32,90.32,90.3,90.32,15
1790820780,90.34,90.36,90.32,90.34,6
1790820840,90.36,90.39,90.36,90.36,17
1790820900,90.38,90.38,90.31,90.31,26
1790820960,90.31,90.33,90.28,90.28,21
1790821020,90.3,90.31,90.26,90.3,46
1790821080,90.31,90.31,90.28,90.29,10
1790821140,90.28,90.28,90.25,90.25,7
1790821200,90.27,90.27,90.12,90.12,80
1790821260,90.14,90.2,90.12,90.15,160
1790821320,90.14,90.19,90.14,90.17,16
1790821380,90.17,90.18,90.16,90.16,10
1790821440,90.15,90.15,90.11,90.12,21
1790821500,90.13,90.13,90.05,90.05,153
1790821560,90.05,90.09,90.05,90.07,19
1790821620,90.07,90.09,90.06,90.08,12
1790821680,90.09,90.09,89.99,90,103
1790821740,89.99,89.99,89.93,89.93,117
1790821800,89.93,89.98,89.9,89.97,39
1790821860,89.96,89.98,89.93,89.93,26
1790821920,89.94,89.95,89.9,89.93,28
1790821980,89.92,89.94,89.91,89.94,29
1790822040,89.95,89.96,89.94,89.94,26
1790822100,89.94,89.94,89.9,89.92,78
1790822160,89.93,89.94,89.91,89.91,24
1790822220,89.91,89.94,89.87,89.92,68
1790822280,89.94,90.01,89.93,89.98,65
1790822340,89.96,89.96,89.92,89.94,19
1790822400,89.93,89.94,89.91,89.92,16
1790822460,89.92,89.97,89.92,89.95,26
1790822520,89.97,89.99,89.93,89.96,29
1790822580,89.98,89.98,89.94,89.95,37
1790822640,89.95,89.97,89.94,89.94,6
1790822700,89.95,89.97,89.94,89.97,17
1790822760,89.98,89.98,89.91,89.91,65
1790822820,89.92,89.92,89.83,89.88,112
1790822880,89.87,89.88,89.82,89.88,34
1790822940,89.86,89.89,89.83,89.83,28
1790823000,89.83,89.85,89.82,89.85,19
1790823060,89.84,89.84,89.61,89.64,256
1790823120,89.65,89.66,89.6,89.64,85
1790823180,89.64,89.64,89.54,89.59,166
1790823240,89.59,89.68,89.57,89.65,100
1790823300,89.66,89.68,89.63,89.65,35
1790823360,89.67,89.7,89.61,89.61,58
1790823420,89.61,89.68,89.6,89.68,50
1790823480,89.67,89.67,89.6,89.6,51
1790823540,89.62,89.62,89.58,89.59,42
1790823600,89.58,89.6,89.56,89.57,44
1790823660,89.57,89.6,89.55,89.55,42
1790823720,89.57,89.62,89.57,89.62,25
1790823780,89.62,89.7,89.62,89.67,52
1790823840,89.67,89.72,89.67,89.7,54
1790823900,89.7,89.7,89.66,89.66,10
1790823960,89.67,89.68,89.62,89.64,34
1790824020,89.65,89.66,89.59,89.59,26
1790824080,89.59,89.63,89.59,89.62,17
1790824140,89.65,89.67,89.65,89.65,5
1790824200,89.65,89.71,89.65,89.7,27
1790824260,89.7,89.71,89.57,89.61,87
1790824320,89.61,89.64,89.59,89.64,21
1790824380,89.63,89.65,89.58,89.58,22
1790824440,89.58,89.61,89.57,89.61,17
1790824500,89.6,89.62,89.58,89.62,12
1790824560,89.64,89.65,89.63,89.63,7
1790824620,89.63,89.64,89.61,89.61,12
1790824680,89.61,89.61,89.54,89.59,36
1790824740,89.6,89.6,89.56,89.56,19
1790824800,89.55,89.59,89.55,89.56,13
1790824860,89.57,89.59,89.52,89.59,53
1790824920,89.58,89.62,89.58,89.6,38
1790824980,89.59,89.6,89.59,89.59,4
1790825040,89.62,89.62,89.53,89.55,50
1790825100,89.54,89.56,89.54,89.55,15
1790825160,89.56,89.57,89.53,89.54,29
1790825220,89.55,89.6,89.54,89.6,9
1790825280,89.59,89.59,89.55,89.57,22
1790825340,89.55,89.62,89.54,89.61,40
1790825400,89.61,89.67,89.57,89.67,126
1790825460,89.65,89.67,89.57,89.59,76
1790825520,89.6,89.66,89.58,89.64,65
1790825580,89.65,89.65,89.6,89.6,25
1790825640,89.58,89.62,89.56,89.61,17
1790825700,89.61,89.64,89.58,89.63,12
1790825760,89.63,89.63,89.58,89.58,23
1790825820,89.58,89.6,89.54,89.57,37
1790825880,89.56,89.57,89.53,89.53,17
1790825940,89.55,89.56,89.54,89.56,23
1790826000,89.56,89.56,89.44,89.49,133
1790826060,89.47,89.5,89.45,89.45,48
1790826120,89.46,89.49,89.41,89.49,64
1790826180,89.48,89.48,89.46,89.47,15
1790826240,89.46,89.48,89.44,89.45,17
1790826300,89.46,89.46,89.41,89.44,26
1790826360,89.42,89.43,89.36,89.43,91
1790826420,89.45,89.46,89.39,89.46,71
1790826480,89.46,89.46,89.43,89.44,33
1790826540,89.45,89.45,89.4,89.4,27
1790826600,89.41,89.41,89.34,89.36,89
1790826660,89.37,89.38,89.32,89.35,37
1790826720,89.35,89.35,89.32,89.34,43
1790826780,89.32,89.39,89.31,89.33,45
1790826840,89.32,89.32,89.27,89.29,74
1790826900,89.29,89.29,89.21,89.23,81
1790826960,89.23,89.26,89.18,89.19,74
1790827020,89.18,89.2,89.15,89.16,93
1790827080,89.16,89.16,89.14,89.14,79
1790827140,89.15,89.16,89.13,89.14,42
1790827200,89.14,89.18,89.13,89.13,68
1790827260,89.13,89.18,89.11,89.11,66
1790827320,89.12,89.17,89.11,89.17,54
1790827380,89.17,89.2,89.16,89.2,43
1790827440,89.18,89.2,89.15,89.2,49
1790827500,89.2,89.22,89.13,89.14,56
1790827560,89.15,89.23,89.14,89.21,47
1790827620,89.22,89.24,89.21,89.22,19
1790827680,89.23,89.27,89.23,89.26,59
1790827740,89.26,89.27,89.2,89.25,66
1790827800,89.26,89.26,89.19,89.24,44
1790827860,89.24,89.24,89.2,89.22,14
1790827920,89.24,89.28,89.21,89.23,96
1790827980,89.23,89.23,89.14,89.14,52
1790828040,89.13,89.16,89.1,89.16,52
1790828100,89.15,89.19,89.14,89.16,67
1790828160,89.18,89.24,89.15,89.22,69
1790828220,89.24,89.25,89.21,89.21,16
1790828280,89.21,89.25,89.16,89.24,58
1790828340,89.25,89.25,89.2,89.2,39
1790828400,89.2,89.2,89.15,89.19,28
1790828460,89.18,89.23,89.17,89.22,11
1790828520,89.2,89.22,89.2,89.2,7
1790828580,89.21,89.22,89.2,89.22,12
1790828640,89.2,89.22,89.2,89.21,12
1790828700,89.21,89.25,89.19,89.2,51
1790828760,89.2,89.26,89.19,89.25,20
1790828820,89.25,89.27,89.24,89.25,27
1790828880,89.25,89.26,89.21,89.22,29
1790828940,89.21,89.24,89.21,89.24,7
1790829000,89.24,89.24,89.15,89.17,23
1790829060,89.17,89.17,89.12,89.14,49
1790829120,89.14,89.16,89.14,89.15,7
1790829180,89.15,89.17,89.14,89.14,19
1790829240,89.17,89.22,89.17,89.21,32
1790829300,89.22,89.22,89.19,89.2,15
1790829360,89.19,89.2,89.15,89.17,29
1790829420,89.17,89.18,89.17,89.17,11
1790829480,89.17,89.2,89.17,89.2,12
1790829540,89.2,89.2,89.18,89.2,14
1790829600,89.19,89.19,89.13,89.14,42
1790829660,89.15,89.18,89.15,89.18,8
1790829720,89.19,89.22,89.19,89.19,54
1790829780,89.2,89.2,89.18,89.2,15
1790829840,89.21,89.25,89.21,89.25,38
1790829900,89.24,89.25,89.22,89.25,22
1790829960,89.24,89.25,89.22,89.24,13
1790830020,89.23,89.25,89.23,89.24,23
1790830080,89.23,89.23,89.2,89.22,34
1790830140,89.22,89.22,89.22,89.22,3
1790830200,89.24,89.24,89.2,89.22,28
1790830260,89.2,89.2,89.14,89.15,62
1790830320,89.16,89.2,89.13,89.17,221
1790830380,89.17,89.2,89.13,89.2,36
1790830440,89.19,89.21,89.17,89.17,21
1790830500,89.19,89.19,89.13,89.14,11
1790830560,89.13,89.16,89.09,89.14,80
1790830620,89.13,89.15,89.12,89.15,13
1790830680,89.15,89.15,89.14,89.14,6
1790830740,89.15,89.17,89.07,89.08,37
1790830800,89.08,89.14,89.08,89.12,77
1790830860,89.13,89.14,89.11,89.11,24
1790830920,89.1,89.11,89.06,89.06,33
1790830980,89.05,89.06,89.01,89.02,59
1790831040,89.01,89.04,89,89.04,79
1790831100,89.04,89.04,89,89.01,49
1790831160,89.02,89.03,88.92,88.92,127
1790831220,88.93,88.94,88.87,88.88,79
1790831280,88.88,88.88,88.83,88.86,101
1790831340,88.86,88.88,88.84,88.85,34
1790831400,88.85,88.87,88.83,88.83,42
1790831460,88.84,88.88,88.82,88.86,28
1790831520,88.87,88.91,88.86,88.9,62
1790831580,88.91,88.92,88.88,88.89,47
1790831640,88.9,88.91,88.88,88.91,23
1790831700,88.92,88.98,88.91,88.96,50
1790831760,88.95,88.96,88.91,88.91,63
1790831820,88.92,88.93,88.89,88.93,27
1790831880,88.93,88.94,88.93,88.94,17
1790831940,88.93,88.96,88.92,88.92,22
1790832000,88.91,88.95,88.88,88.94,67
1790832060,88.95,88.95,88.9,88.91,49
1790832120,88.91,88.91,88.86,88.88,62
1790832180,88.87,88.89,88.85,88.88,28
1790832240,88.86,88.87,88.83,88.87,46
1790832300,88.88,88.89,88.87,88.87,19
1790832360,88.87,88.88,88.79,88.81,97
1790832420,88.82,88.86,88.81,88.84,23
1790832480,88.83,88.85,88.81,88.81,18
1790832540,88.82,88.84,88.79,88.82,42
1790832600,88.81,88.91,88.81,88.88,84
1790832660,88.86,88.88,88.86,88.88,34
1790832720,88.89,88.91,88.86,88.9,23
1790832780,88.91,88.93,88.85,88.85,35
1790832840,88.85,88.88,88.85,88.85,15
1790832900,88.84,88.85,88.81,88.84,47
1790832960,88.82,88.91,88.81,88.91,38
1790833020,88.91,88.95,88.9,88.95,28
1790833080,88.96,89.02,88.95,88.99,96
1790833140,89,89.16,88.99,89.15,188
1790833200,89.14,89.19,89.12,89.17,131
1790833260,89.18,89.19,89.16,89.18,54
1790833320,89.19,89.22,89.15,89.15,99
1790833380,89.14,89.17,89.11,89.17,83
1790833440,89.19,89.2,89.17,89.19,51
1790833500,89.19,89.27,89.18,89.24,96
1790833560,89.23,89.42,89.22,89.36,333
1790833620,89.36,89.42,89.34,89.42,165
1790833680,89.41,89.47,89.37,89.46,71
1790833740,89.46,89.46,89.41,89.42,51
1790833800,89.38,89.45,89.35,89.45,80
1790833860,89.45,89.46,89.41,89.46,60
1790833920,89.47,89.52,89.46,89.5,112
1790833980,89.5,89.51,89.46,89.48,61
1790834040,89.48,89.55,89.48,89.53,130
1790834100,89.52,89.54,89.5,89.54,48
1790834160,89.55,89.58,89.51,89.58,81
1790834220,89.56,89.6,89.5,89.6,208
1790834280,89.6,89.67,89.59,89.6,149
1790834340,89.6,89.63,89.53,89.54,72
1790834400,89.55,89.59,89.48,89.5,133
1790834460,89.51,89.51,89.37,89.39,235
1790834520,89.4,89.57,89.4,89.56,85
1790834580,89.56,89.67,89.51,89.64,182
1790834640,89.64,89.67,89.6,89.63,46
1790834700,89.61,89.61,89.51,89.52,42
1790834760,89.52,89.62,89.49,89.62,36
1790834820,89.61,89.69,89.59,89.68,35
1790834880,89.67,89.71,89.65,89.66,123
1790834940,89.67,89.69,89.66,89.69,40
1790835000,89.68,89.73,89.66,89.7,51
1790835060,89.7,89.72,89.57,89.57,73
1790835120,89.57,89.61,89.56,89.58,92
1790835180,89.59,89.61,89.55,89.56,60
1790835240,89.55,89.62,89.55,89.62,18
1790835300,89.62,89.65,89.61,89.63,29
1790835360,89.6,89.64,89.59,89.62,31
1790835420,89.59,89.6,89.53,89.6,48
1790835480,89.59,89.66,89.58,89.61,28
1790835540,89.59,89.62,89.59,89.61,29
1790835600,89.58,89.61,89.56,89.59,28
1790835660,89.59,89.59,89.53,89.57,45
1790835720,89.59,89.61,89.56,89.58,36
1790835780,89.56,89.57,89.51,89.55,56
1790835840,89.54,89.61,89.53,89.59,16
1790835900,89.6,89.61,89.57,89.57,24
1790835960,89.59,89.61,89.58,89.61,18
1790836020,89.6,89.61,89.52,89.54,42
1790836080,89.52,89.53,89.46,89.49,57
1790836140,89.49,89.53,89.46,89.49,70
1790836200,89.49,89.53,89.4,89.46,237
1790836260,89.46,89.51,89.45,89.48,50
1790836320,89.48,89.49,89.48,89.48,26
1790836380,89.48,89.58,89.48,89.53,85
1790836440,89.53,89.61,89.51,89.6,36
1790836500,89.62,89.8,89.6,89.78,242
1790836560,89.78,89.87,89.77,89.87,116
1790836620,89.85,89.98,89.85,89.98,249
1790836680,89.98,90.03,89.93,89.95,184
1790836740,89.95,90.2,89.95,90.18,238
1790836800,90.18,90.3,90.18,90.26,252
1790836860,90.26,90.36,90.24,90.3,197
1790836920,90.3,90.37,90.24,90.36,417
1790836980,90.37,90.43,90.31,90.41,196
1790837040,90.42,90.42,90.25,90.32,145
1790837100,90.3,90.34,90.25,90.28,113
1790837160,90.26,90.39,90.26,90.39,181
1790837220,90.38,90.39,90.29,90.35,91
1790837280,90.34,90.41,90.34,90.4,91
1790837340,90.41,90.58,90.35,90.52,369
1790837400,90.52,90.54,90.46,90.5,147
1790837460,90.49,90.55,90.41,90.45,148
1790837520,90.43,90.46,90.34,90.45,167
1790837580,90.45,90.56,90.45,90.56,128
1790837640,90.56,90.59,90.51,90.54,72
1790837700,90.53,90.57,90.49,90.56,121
1790837760,90.55,90.56,90.47,90.51,170
1790837820,90.51,90.59,90.5,90.56,140
1790837880,90.59,90.67,90.49,90.65,211
1790837940,90.65,90.86,90.65,90.86,407
1790838000,90.85,90.87,90.72,90.85,429
1790838060,90.86,91.03,90.86,90.99,555
1790838120,90.99,91.03,90.94,90.97,292
1790838180,90.98,90.98,90.77,90.82,254
1790838240,90.8,90.93,90.79,90.89,185
1790838300,90.89,91.04,90.89,91,267
1790838360,91,91.06,90.91,90.99,251
1790838420,91.01,91.03,90.86,90.89,241
1790838480,90.89,90.93,90.83,90.87,148
1790838540,90.87,91.02,90.81,91,141
1790838600,90.99,91.06,90.96,91.01,125
1790838660,91,91.06,90.94,90.95,153
1790838720,90.96,91.15,90.96,91.11,305
1790838780,91.11,91.16,91.09,91.15,198
1790838840,91.15,91.53,91.15,91.49,637
1790838900,91.48,91.53,91.41,91.47,568
1790838960,91.48,91.58,91.48,91.54,426
1790839020,91.56,91.7,91.56,91.68,501
1790839080,91.68,91.74,91.58,91.71,332
1790839140,91.7,91.87,91.7,91.78,613
1790839200,91.76,91.76,91.58,91.61,268
1790839260,91.61,91.82,91.61,91.77,217
1790839320,91.76,91.84,91.7,91.76,263
1790839380,91.76,91.87,91.74,91.87,262
1790839440,91.87,92.08,91.86,92.03,733
1790839500,92.04,92.32,92.03,92.3,724
1790839560,92.3,92.58,92.3,92.53,712
1790839620,92.54,92.6,92.42,92.58,643
1790839680,92.57,92.62,92.55,92.61,287
1790839740,92.61,92.62,92.46,92.52,444
1790839800,92.52,92.58,92.38,92.39,430
1790839860,92.39,92.58,92.35,92.47,500
1790839920,92.46,92.46,92.2,92.22,718
1790839980,92.21,92.22,91.99,92.1,588
1790840040,92.09,92.15,92.02,92.04,434
1790840100,92.04,92.08,91.98,92.08,351
1790840160,92.07,92.19,92.06,92.13,301
1790840220,92.14,92.18,92.09,92.09,195
1790840280,92.08,92.14,91.99,92,218
1790840340,91.99,92.08,91.98,92.07,133
1790840400,92.07,92.2,92.05,92.15,242
1790840460,92.14,92.17,92.1,92.12,110
1790840520,92.13,92.22,92.1,92.17,251
1790840580,92.17,92.25,92.13,92.19,236
1790840640,92.19,92.19,91.9,92.09,733
1790840700,92.1,92.23,91.98,92.14,304
1790840760,92.13,92.16,91.88,91.95,276
1790840820,91.95,91.95,91.84,91.86,261
1790840880,91.85,91.97,91.83,91.94,225
1790840940,91.92,91.98,91.89,91.91,97
1790841000,91.9,91.9,91.82,91.85,253
1790841060,91.86,91.86,91.73,91.76,338
1790841120,91.77,91.98,91.77,91.98,299
1790841180,91.98,91.98,91.9,91.94,145
1790841240,91.94,92.22,91.94,92.2,237
1790841300,92.19,92.24,92.13,92.13,232
1790841360,92.15,92.25,92.14,92.23,299
1790841420,92.21,92.35,92.2,92.28,220
1790841480,92.28,92.48,92.28,92.38,320
1790841540,92.4,92.48,92.38,92.4,204
1790841600,92.39,92.4,92.19,92.27,334
1790841660,92.26,92.37,92.26,92.37,202
1790841720,92.36,92.38,92.28,92.37,211
1790841780,92.36,92.41,92.33,92.4,171
1790841840,92.4,92.45,92.21,92.22,152
1790841900,92.21,92.31,92.2,92.31,144
1790841960,92.32,92.32,92.21,92.27,200
1790842020,92.28,92.32,92.25,92.29,176
1790842080,92.29,92.4,92.27,92.29,175
1790842140,92.28,92.31,92.25,92.26,69
1790842200,92.25,92.25,92.15,92.18,113
1790842260,92.16,92.25,92.12,92.25,151
1790842320,92.25,92.27,92.2,92.25,145
1790842380,92.25,92.25,92.16,92.23,198
1790842440,92.23,92.23,92.18,92.2,41
1790842500,92.21,92.25,92.1,92.15,327
1790842560,92.15,92.17,92.09,92.11,168
1790842620,92.1,92.14,92.09,92.11,283
1790842680,92.11,92.17,92.08,92.14,153
1790842740,92.13,92.4,92.13,92.4,445
1790842800,92.4,92.52,92.37,92.49,549
1790842860,92.49,92.57,92.42,92.47,188
1790842920,92.48,92.53,92.3,92.32,197
1790842980,92.32,92.37,92.24,92.3,127
1790843040,92.32,92.45,92.32,92.39,122
1790843100,92.39,92.45,92.34,92.44,132
1790843160,92.44,92.44,92.31,92.37,125
1790843220,92.34,92.39,92.21,92.25,219
1790843280,92.26,92.43,92.24,92.41,181
1790843340,92.42,92.68,92.37,92.64,649
1790843400,92.67,92.76,92.63,92.68,850
1790843460,92.67,92.82,92.66,92.76,297
1790843520,92.75,92.82,92.73,92.78,288
1790843580,92.78,92.79,92.64,92.65,228
1790843640,92.68,92.76,92.6,92.65,288
1790843700,92.65,92.72,92.59,92.71,241
1790843760,92.7,92.75,92.61,92.69,214
1790843820,92.67,92.81,92.63,92.81,303
1790843880,92.81,92.86,92.66,92.77,258
1790843940,92.76,92.8,92.63,92.74,199
1790844000,92.73,92.81,92.69,92.81,159
1790844060,92.83,92.87,92.77,92.8,213
1790844120,92.81,92.83,92.77,92.83,134
1790844180,92.82,92.87,92.78,92.82,222
1790844240,92.83,92.83,92.69,92.71,168
1790844300,92.71,92.84,92.71,92.84,198
1790844360,92.85,92.89,92.71,92.72,391
1790844420,92.71,92.72,92.55,92.56,191
1790844480,92.56,92.59,92.5,92.54,252
1790844540,92.54,92.56,92.48,92.54,154
1790844600,92.54,92.64,92.52,92.58,306
1790844660,92.57,92.7,92.57,92.65,145
1790844720,92.65,92.72,92.59,92.71,144
1790844780,92.73,92.85,92.73,92.74,747
1790844840,92.73,92.9,92.72,92.84,689
1790844900,92.84,92.84,92.71,92.72,156
1790844960,92.73,92.83,92.7,92.82,90
1790845020,92.82,92.84,92.69,92.73,82
1790845080,92.74,92.87,92.73,92.84,163
1790845140,92.83,92.83,92.6,92.61,123
1790845200,92.62,92.72,92.61,92.71,144
1790845260,92.7,92.76,92.64,92.64,161
1790845320,92.67,92.78,92.67,92.72,104
1790845380,92.74,92.79,92.62,92.69,134
1790845440,92.68,92.73,92.64,92.68,120
1790845500,92.67,92.74,92.66,92.71,74
1790845560,92.7,92.76,92.68,92.68,153
1790845620,92.68,92.81,92.67,92.77,133
1790845680,92.77,92.77,92.69,92.7,119
1790845740,92.71,92.72,92.65,92.68,122
1790845800,92.68,92.76,92.62,92.7,247
1790845860,92.7,92.72,92.66,92.66,221
1790845920,92.67,92.7,92.6,92.63,336
1790845980,92.63,92.65,92.49,92.51,239
1790846040,92.51,92.62,92.51,92.6,214
1790846100,92.6,92.65,92.58,92.62,256
1790846160,92.62,92.62,92.51,92.52,210
1790846220,92.51,92.53,92.43,92.5,275
1790846280,92.5,92.5,92.42,92.46,147
1790846340,92.45,92.57,92.44,92.53,114
1790846400,92.54,92.57,92.47,92.47,212
1790846460,92.48,92.49,92.2,92.29,629
1790846520,92.3,92.4,92.3,92.34,218
1790846580,92.32,92.35,92.28,92.33,156
1790846640,92.31,92.37,92.2,92.34,353
1790846700,92.34,92.36,92.27,92.3,108
1790846760,92.29,92.41,92.24,92.27,299
1790846820,92.26,92.26,92.14,92.22,199
1790846880,92.22,92.29,92.18,92.28,155
1790846940,92.28,92.28,92.18,92.24,152
1790847000,92.23,92.28,92.16,92.28,155
1790847060,92.26,92.29,92.14,92.14,162
1790847120,92.14,92.17,92.11,92.16,150
1790847180,92.16,92.17,92.07,92.07,166
1790847240,92.07,92.08,91.96,91.99,413
1790847300,91.98,92.04,91.96,92.03,202
1790847360,92.04,92.24,92.04,92.22,287
1790847420,92.22,92.26,92.18,92.22,177
1790847480,92.21,92.26,92.18,92.22,140
1790847540,92.24,92.26,92.19,92.23,154
1790847600,92.24,92.34,92.24,92.32,217
1790847660,92.34,92.39,92.25,92.32,207
1790847720,92.31,92.38,92.3,92.3,104
1790847780,92.3,92.36,92.26,92.3,149
1790847840,92.29,92.45,92.29,92.43,179
1790847900,92.42,92.46,92.32,92.33,191
1790847960,92.32,92.33,92.23,92.24,83
1790848020,92.23,92.23,92.15,92.18,142
1790848080,92.18,92.18,92.1,92.15,116
1790848140,92.13,92.2,92.13,92.19,85
1790848200,92.21,92.34,92.21,92.3,137
1790848260,92.3,92.4,92.27,92.39,152
1790848320,92.39,92.39,92.29,92.31,103
1790848380,92.32,92.34,92.24,92.24,139
1790848440,92.24,92.36,92.22,92.33,100
1790848500,92.32,92.42,92.32,92.39,116
1790848560,92.39,92.42,92.29,92.32,87
1790848620,92.33,92.35,92.23,92.26,91
1790848680,92.28,92.29,92.25,92.26,68
1790848740,92.26,92.27,92.17,92.23,153
1790848800,92.24,92.36,92.2,92.32,138
1790848860,92.33,92.37,92.21,92.28,119
1790848920,92.29,92.41,92.29,92.4,178
1790848980,92.42,92.54,92.42,92.47,980
1790849040,92.46,92.46,92.34,92.34,94
1790849100,92.37,92.44,92.37,92.42,81
1790849160,92.44,92.48,92.36,92.38,114
1790849220,92.38,92.38,92.18,92.19,155
1790849280,92.19,92.22,92.11,92.13,193
1790849340,92.13,92.16,92.05,92.16,237
1790849400,92.17,92.26,92.16,92.26,68
1790849460,92.25,92.26,92.14,92.15,57
1790849520,92.14,92.16,92.09,92.1,84
1790849580,92.08,92.11,92.07,92.1,97
1790849640,92.09,92.11,92.04,92.06,104
1790849700,92.07,92.08,91.89,91.9,385
1790849760,91.9,92.05,91.88,91.99,867
1790849820,91.99,91.99,91.89,91.93,158
1790849880,91.94,91.96,91.78,91.83,313
1790849940,91.83,91.88,91.8,91.87,130
1790850000,91.87,91.88,91.8,91.82,137
1790850060,91.83,91.87,91.71,91.77,355
1790850120,91.76,91.78,91.71,91.76,129
1790850180,91.76,91.81,91.73,91.8,107
1790850240,91.78,91.93,91.78,91.91,125
1790850300,91.91,91.91,91.8,91.86,89
1790850360,91.85,91.85,91.73,91.75,77
1790850420,91.76,91.76,91.71,91.75,82
1790850480,91.76,91.77,91.71,91.73,84
1790850540,91.74,91.77,91.72,91.76,51
1790850600,91.75,91.81,91.7,91.81,113
1790850660,91.79,91.86,91.74,91.85,146
1790850720,91.84,91.85,91.76,91.83,94
1790850780,91.84,91.85,91.76,91.79,70
1790850840,91.79,91.79,91.7,91.74,58
1790850900,91.74,91.75,91.69,91.73,116
1790850960,91.72,91.73,91.67,91.71,87
1790851020,91.73,91.75,91.72,91.72,40
1790851080,91.75,91.78,91.71,91.72,55
1790851140,91.72,91.73,91.64,91.68,197
1790851200,91.7,91.71,91.63,91.66,99
1790851260,91.66,91.72,91.66,91.71,74
1790851320,91.72,91.72,91.34,91.37,659
1790851380,91.37,91.44,91.24,91.4,565
1790851440,91.42,91.56,91.4,91.55,160
1790851500,91.54,91.56,91.39,91.43,222
1790851560,91.44,91.46,91.42,91.44,114
1790851620,91.45,91.54,91.39,91.52,136
1790851680,91.54,91.55,91.45,91.49,101
1790851740,91.48,91.49,91.38,91.39,98
1790851800,91.38,91.42,91.34,91.35,257
1790851860,91.35,91.35,91.28,91.31,94
1790851920,91.3,91.33,91.27,91.33,89
1790851980,91.33,91.34,91.22,91.3,355
1790852040,91.29,91.31,91.22,91.25,113
1790852100,91.24,91.36,91.24,91.36,133
1790852160,91.36,91.38,91.28,91.36,122
1790852220,91.35,91.35,91.32,91.33,71
1790852280,91.33,91.41,91.32,91.4,100
1790852340,91.39,91.39,91.34,91.38,88
1790852400,91.38,91.58,91.38,91.52,197
1790852460,91.53,91.61,91.43,91.61,177
1790852520,91.61,91.69,91.54,91.66,185
1790852580,91.67,91.69,91.57,91.59,133
1790852640,91.59,91.61,91.55,91.59,79
1790852700,91.6,91.9,91.6,91.74,765
1790852760,91.74,91.94,91.72,91.88,288
1790852820,91.9,92.14,91.89,92.08,392
1790852880,92.09,92.25,92.09,92.17,446
1790852940,92.18,92.23,92.06,92.09,381
1790853000,92.12,92.19,92.06,92.09,96
1790853060,92.09,92.23,92.02,92.2,155
1790853120,92.24,92.37,92.21,92.25,320
1790853180,92.26,92.3,92.07,92.16,218
1790853240,92.16,92.26,92.15,92.2,187
1790853300,92.24,92.37,92.23,92.31,142
1790853360,92.3,92.35,92.28,92.31,208
1790853420,92.3,92.34,92.27,92.3,157
1790853480,92.29,92.3,92.25,92.29,81
1790853540,92.29,92.3,92.24,92.25,96
1790853600,92.26,92.28,92.23,92.25,72
1790853660,92.25,92.29,92.24,92.26,60
1790853720,92.27,92.31,92.19,92.23,156
1790853780,92.22,92.24,92.13,92.24,139
1790853840,92.24,92.27,92.21,92.24,93
1790853900,92.25,92.26,92.18,92.25,88
1790853960,92.25,92.26,92.16,92.18,64
1790854020,92.19,92.2,92.13,92.14,58
1790854080,92.14,92.25,92.14,92.25,101
1790854140,92.24,92.25,92.15,92.19,92
1790854200,92.19,92.19,92.11,92.14,137
1790854260,92.14,92.21,92.14,92.17,74
1790854320,92.18,92.21,92.13,92.17,91
1790854380,92.16,92.22,92.15,92.19,72
1790854440,92.2,92.21,92.17,92.19,42
1790854500,92.2,92.23,92.14,92.17,60
1790854560,92.17,92.21,92.14,92.18,111
1790854620,92.18,92.23,92.1,92.23,220
1790854680,92.22,92.26,92.18,92.25,86
1790854740,92.26,92.27,92.17,92.23,61
1790854800,92.22,92.22,92.15,92.17,54
1790854860,92.16,92.17,92.09,92.11,55
1790854920,92.12,92.13,92.08,92.11,66
1790854980,92.1,92.11,92.06,92.09,104
1790855040,92.08,92.08,92.02,92.08,148
1790855100,92.08,92.11,92,92.02,206
1790855160,92.01,92.08,91.83,91.92,333
1790855220,91.91,91.92,91.71,91.75,268
1790855280,91.75,91.8,91.7,91.76,255
1790855340,91.76,91.77,91.66,91.72,145
1790855400,91.72,91.81,91.68,91.7,129
1790855460,91.71,91.82,91.68,91.78,97
1790855520,91.8,91.89,91.76,91.89,112
1790855580,91.89,91.91,91.79,91.87,103
1790855640,91.86,91.86,91.7,91.71,64
1790855700,91.73,91.76,91.69,91.69,91
1790855760,91.7,91.71,91.56,91.56,195
1790855820,91.56,91.68,91.5,91.66,234
1790855880,91.66,91.73,91.62,91.72,100
1790855940,91.73,91.78,91.62,91.62,90
1790856000,91.63,91.7,91.58,91.67,109
1790856060,91.67,91.7,91.66,91.67,91
1790856120,91.67,91.71,91.63,91.64,106
1790856180,91.63,91.68,91.62,91.66,110
1790856240,91.68,91.82,91.64,91.82,148
1790856300,91.82,91.85,91.73,91.74,231
1790856360,91.74,91.76,91.65,91.74,112
1790856420,91.74,91.78,91.68,91.68,119
1790856480,91.69,91.7,91.61,91.65,123
1790856540,91.65,91.65,91.61,91.62,51
1790856600,91.62,91.65,91.59,91.61,64
1790856660,91.61,91.62,91.55,91.59,189
1790856720,91.57,91.62,91.55,91.59,80
1790856780,91.58,91.67,91.55,91.65,91
1790856840,91.65,91.68,91.59,91.61,78
1790856900,91.62,91.65,91.56,91.57,131
1790856960,91.58,91.74,91.56,91.73,559
1790857020,91.71,91.87,91.64,91.67,855
1790857080,91.67,91.7,91.33,91.47,846
1790857140,91.47,91.48,91.36,91.42,412
1790857200,91.41,91.54,91.41,91.53,179
1790857260,91.54,91.56,91.48,91.54,119
1790857320,91.55,91.59,91.43,91.58,317
1790857380,91.59,91.76,91.58,91.72,374
1790857440,91.73,91.74,91.64,91.67,117
1790857500,91.67,91.69,91.49,91.49,185
1790857560,91.5,91.92,91.46,91.68,1516
1790857620,91.67,91.72,91.6,91.65,179
1790857680,91.65,91.71,91.55,91.67,243
1790857740,91.69,91.72,91.53,91.58,226
1790857800,91.6,91.66,91.52,91.54,133
1790857860,91.53,91.58,91.49,91.53,245
1790857920,91.56,91.72,91.53,91.7,181
1790857980,91.7,91.71,91.62,91.64,79
1790858040,91.65,91.68,91.62,91.62,47
1790858100,91.62,91.66,91.51,91.55,136
1790858160,91.54,91.54,91.46,91.53,195
1790858220,91.53,91.58,91.49,91.49,118
1790858280,91.49,91.52,91.46,91.51,101
1790858340,91.52,91.53,91.49,91.52,102
1790858400,91.54,91.56,91.47,91.54,109
1790858460,91.53,91.55,91.49,91.53,53
1790858520,91.53,91.58,91.5,91.5,90
1790858580,91.51,91.54,91.46,91.51,229
1790858640,91.5,91.52,91.46,91.5,202
1790858700,91.49,91.59,91.47,91.5,175
1790858760,91.51,91.52,91.46,91.47,107
1790858820,91.47,91.52,91.39,91.5,159
1790858880,91.5,91.61,91.47,91.55,199
1790858940,91.57,91.63,91.52,91.56,149
1790859000,91.55,91.55,91.43,91.51,156
1790859060,91.51,91.6,91.48,91.58,194
1790859120,91.59,91.72,91.59,91.67,232
1790859180,91.7,91.75,91.67,91.75,164
1790859240,91.75,91.76,91.59,91.59,132
1790859300,91.59,91.64,91.54,91.56,173
1790859360,91.54,91.59,91.47,91.5,139
1790859420,91.51,91.52,91.42,91.42,194
1790859480,91.42,91.44,91.34,91.36,327
1790859540,91.37,91.48,91.37,91.44,92
1790859600,91.43,91.45,91.03,91.13,997
1790859660,91.12,91.12,90.87,90.9,559
1790859720,90.89,90.93,90.82,90.83,548
1790859780,90.82,90.92,90.8,90.86,353
1790859840,90.86,91.03,90.83,91.01,375
1790859900,91.02,91.06,90.92,90.94,275
1790859960,90.94,91.09,90.91,90.97,566
1790860020,90.97,90.98,90.85,90.88,705
1790860080,90.88,90.92,90.85,90.92,504
1790860140,90.93,90.97,90.89,90.9,377
1790860200,90.9,90.9,90.78,90.85,526
1790860260,90.84,90.88,90.71,90.83,530
1790860320,90.83,90.84,90.75,90.8,263
1790860380,90.81,90.93,90.77,90.86,556
1790860440,90.86,91.02,90.85,90.97,746
1790860500,90.97,91.03,90.85,91.03,354
1790860560,91.05,91.25,91.03,91.2,546
1790860620,91.2,91.31,91.08,91.11,409
1790860680,91.1,91.1,91,91.03,235
1790860740,91.03,91.04,90.89,90.91,186
1790860800,90.91,90.93,90.76,90.8,290
1790860860,90.78,90.83,90.69,90.8,461
1790860920,90.81,90.81,90.57,90.66,685
1790860980,90.65,90.74,90.59,90.73,312
1790861040,90.72,90.77,90.67,90.76,430
1790861100,90.76,90.83,90.71,90.72,250
1790861160,90.72,90.72,90.59,90.59,203
1790861220,90.58,90.65,90.58,90.61,152
1790861280,90.61,90.68,90.6,90.68,244
1790861340,90.67,90.71,90.62,90.65,183
1790861400,90.66,90.71,90.56,90.67,489
1790861460,90.66,90.66,90.52,90.53,392
1790861520,90.52,90.7,90.52,90.62,521
1790861580,90.63,90.64,90.5,90.57,335
1790861640,90.56,90.8,90.56,90.75,467
1790861700,90.76,90.97,90.72,90.89,637
1790861760,90.89,90.96,90.81,90.95,380
1790861820,90.95,91.05,90.93,90.98,380
1790861880,90.97,91.05,90.92,91,277
1790861940,91,91.01,90.92,90.98,308
1790862000,90.97,91.13,90.95,91.11,416
1790862060,91.11,91.23,91.06,91.2,453
1790862120,91.2,91.32,91.12,91.3,382
1790862180,91.29,91.36,91.28,91.36,262
1790862240,91.36,91.43,91.31,91.4,342
1790862300,91.38,91.39,91.2,91.22,352
1790862360,91.24,91.34,91.17,91.26,790
1790862420,91.26,91.27,91.21,91.23,204
1790862480,91.22,91.27,91.2,91.25,231
1790862540,91.25,91.32,91.23,91.26,180
1790862600,91.25,91.37,91.21,91.35,248
1790862660,91.36,91.5,91.33,91.41,405
1790862720,91.42,91.47,91.36,91.43,291
1790862780,91.43,91.53,91.43,91.5,503
1790862840,91.5,91.55,91.34,91.38,451
1790862900,91.39,91.41,91.23,91.39,258
1790862960,91.41,91.47,91.34,91.34,277
1790863020,91.32,91.35,91.28,91.3,118
1790863080,91.29,91.33,91.22,91.23,128
1790863140,91.25,91.31,91.2,91.31,189
1790863200,91.3,91.49,91.28,91.47,357
1790863260,91.48,91.55,91.47,91.48,388
1790863320,91.48,91.65,91.48,91.57,579
1790863380,91.58,91.68,91.56,91.63,702
1790863440,91.62,91.72,91.57,91.69,439
1790863500,91.69,91.74,91.67,91.69,434
1790863560,91.69,91.69,91.5,91.5,531
1790863620,91.5,91.51,91.41,91.48,329
1790863680,91.47,91.48,91.09,91.3,1492
1790863740,91.31,91.34,91.24,91.32,248
1790863800,91.31,91.47,91.31,91.45,407
1790863860,91.42,91.76,91.42,91.75,449
1790863920,91.75,91.79,91.61,91.63,477
1790863980,91.64,91.7,91.6,91.67,326
1790864040,91.65,91.67,91.57,91.57,976
1790864100,91.57,91.68,91.56,91.63,627
1790864160,91.63,91.78,91.62,91.76,146
1790864220,91.76,91.76,91.62,91.65,145
1790864280,91.65,91.82,91.63,91.71,180
1790864340,91.73,91.76,91.68,91.73,204
1790864400,91.73,91.73,91.54,91.64,338
1790864460,91.65,91.76,91.62,91.76,229
1790864520,91.75,91.79,91.55,91.59,263
1790864580,91.59,91.63,91.56,91.62,114
1790864640,91.61,91.65,91.55,91.63,120
1790864700,91.61,91.73,91.61,91.7,194
1790864760,91.7,91.72,91.63,91.65,155
1790864820,91.65,91.68,91.58,91.67,160
1790864880,91.67,91.76,91.65,91.76,132
1790864940,91.75,91.76,91.68,91.75,163
1790865000,91.75,91.8,91.5,91.53,864
1790865060,91.53,91.67,91.53,91.67,322
1790865120,91.67,91.83,91.67,91.8,250
1790865180,91.82,91.94,91.77,91.89,230
1790865240,91.89,91.92,91.7,91.71,249
1790865300,91.7,91.85,91.68,91.78,193
1790865360,91.77,91.82,91.69,91.71,148
1790865420,91.7,91.82,91.7,91.81,84
1790865480,91.81,91.94,91.81,91.89,220
1790865540,91.89,91.91,91.79,91.8,154
1790865600,91.81,91.99,91.79,91.95,546
1790865660,91.94,92,91.93,91.95,212
1790865720,91.94,92,91.9,91.97,223
1790865780,91.98,92.03,91.92,91.98,147
1790865840,91.98,92.07,91.93,92.06,243
1790865900,92.07,92.14,92.03,92.08,361
1790865960,92.08,92.21,92.06,92.2,253
1790866020,92.2,92.24,92.09,92.18,330
1790866080,92.18,92.22,92.14,92.21,222
1790866140,92.2,92.2,92.09,92.13,170
1790866200,92.13,92.2,92.07,92.1,383
1790866260,92.09,92.15,92.06,92.1,347
1790866320,92.1,92.17,92.07,92.16,173
1790866380,92.15,92.18,92.09,92.17,205
1790866440,92.18,92.27,92.17,92.24,329
1790866500,92.24,92.27,92.2,92.24,440
1790866560,92.24,92.28,92.15,92.16,334
1790866620,92.15,92.21,92.05,92.09,406
1790866680,92.07,92.17,91.6,92.13,1669
1790866740,92.12,92.16,91.96,91.96,357
1790866800,91.94,92.28,91.94,92.21,471
1790866860,92.19,92.27,92.17,92.22,343
1790866920,92.22,92.3,92.17,92.3,256
1790866980,92.29,92.35,92.23,92.32,348
1790867040,92.3,92.35,92.27,92.32,335
1790867100,92.3,92.31,92.15,92.23,414
1790867160,92.23,92.23,92.05,92.1,200
1790867220,92.09,92.29,92.07,92.29,242
1790867280,92.28,92.3,92.13,92.15,147
1790867340,92.16,92.28,92.14,92.28,105
1790867400,92.29,92.62,92.27,92.59,1443
1790867460,92.58,92.66,92.49,92.56,879
1790867520,92.56,92.61,92.52,92.52,359
1790867580,92.52,92.65,92.47,92.59,405
1790867640,92.58,92.62,92.51,92.52,262
1790867700,92.52,92.58,92.41,92.41,333
1790867760,92.42,92.5,92.39,92.44,234
1790867820,92.44,92.55,92.43,92.52,158
1790867880,92.5,92.55,92.48,92.54,135
1790867940,92.54,92.6,92.47,92.54,363
1790868000,92.54,92.62,92.48,92.6,347
1790868060,92.59,92.59,92.55,92.58,107
1790868120,92.59,92.66,92.59,92.64,194
1790868180,92.64,92.74,92.64,92.71,226
1790868240,92.7,92.73,92.68,92.69,246
1790868300,92.69,92.69,92.52,92.54,268
1790868360,92.54,92.62,92.52,92.54,246
1790868420,92.54,92.6,92.53,92.6,212
1790868480,92.61,92.64,92.49,92.53,203
1790868540,92.54,92.57,92.36,92.55,848
1790868600,92.54,92.63,92.49,92.5,590
1790868660,92.49,92.58,92.45,92.58,238
1790868720,92.6,92.69,92.57,92.62,249
1790868780,92.62,92.62,92.5,92.54,144
1790868840,92.54,92.7,92.54,92.64,122
1790868900,92.63,92.67,92.5,92.51,223
1790868960,92.5,92.51,92.44,92.49,233
1790869020,92.5,92.58,92.46,92.51,180
1790869080,92.51,92.55,92.45,92.49,225
1790869140,92.5,92.55,92.43,92.54,190
1790869200,92.54,92.62,92.53,92.54,226
1790869260,92.55,92.57,92.5,92.55,202
1790869320,92.56,92.58,92.52,92.53,130
1790869380,92.55,92.64,92.53,92.61,217
1790869440,92.6,92.61,92.48,92.5,165
1790869500,92.5,92.65,92.5,92.65,188
1790869560,92.64,92.83,92.64,92.8,358
1790869620,92.8,92.85,92.79,92.81,311
1790869680,92.82,92.95,92.8,92.82,740
1790869740,92.83,92.95,92.8,92.93,168
1790869800,92.94,92.97,92.91,92.96,209
1790869860,92.95,92.96,92.89,92.96,361
1790869920,92.95,92.97,92.89,92.9,475
1790869980,92.9,92.93,92.84,92.89,246
1790870040,92.89,92.91,92.85,92.9,117
1790870100,92.89,92.93,92.89,92.9,114
1790870160,92.89,92.93,92.55,92.75,1060
1790870220,92.76,92.85,92.64,92.69,533
1790870280,92.68,92.75,92.68,92.72,257
1790870340,92.71,92.76,92.63,92.66,234
1790870400,92.64,92.66,92.53,92.56,413
1790870460,92.56,92.6,92.51,92.58,447
1790870520,92.58,92.66,92.54,92.59,234
1790870580,92.6,92.64,92.51,92.52,183
1790870640,92.52,92.52,92.42,92.42,239
1790870700,92.42,92.42,92.28,92.33,474
1790870760,92.31,92.32,92.22,92.22,277
1790870820,92.22,92.22,92.14,92.2,328
1790870880,92.2,92.27,92.19,92.24,168
1790870940,92.23,92.27,92.17,92.17,211
1790871000,92.17,92.17,91.78,91.99,1623
1790871060,91.98,91.98,91.82,91.83,435
1790871120,91.83,91.84,91.73,91.81,776
1790871180,91.82,91.85,91.76,91.81,203
1790871240,91.8,91.84,91.75,91.84,259
1790871300,91.84,91.96,91.77,91.89,323
1790871360,91.89,91.89,91.72,91.75,253
1790871420,91.76,91.88,91.76,91.79,152
1790871480,91.79,91.85,91.79,91.81,114
1790871540,91.84,91.9,91.76,91.81,208
1790871600,91.81,91.84,91.76,91.77,136
1790871660,91.77,91.82,91.75,91.77,135
1790871720,91.77,91.8,91.69,91.78,221
1790871780,91.79,91.86,91.79,91.81,138
1790871840,91.8,91.81,91.74,91.76,135
1790871900,91.75,91.76,91.7,91.76,157
1790871960,91.76,91.78,91.7,91.75,110
1790872020,91.75,91.79,91.67,91.78,214
1790872080,91.79,91.82,91.72,91.74,206
1790872140,91.75,91.8,91.74,91.74,85
1790872200,91.74,91.75,91.67,91.74,275
1790872260,91.74,91.79,91.68,91.78,197
1790872320,91.78,91.79,91.65,91.7,186
1790872380,91.7,91.76,91.67,91.73,136
1790872440,91.73,91.79,91.72,91.77,108
1790872500,91.77,91.86,91.75,91.84,194
1790872560,91.83,92.06,91.82,92.01,430
1790872620,92.01,92.03,91.91,91.93,198
1790872680,91.93,92.06,91.93,92.02,211
1790872740,92.01,92.02,91.92,91.94,166
1790872800,91.94,91.94,91.77,91.79,340
1790872860,91.79,91.89,91.77,91.89,227
1790872920,91.92,91.92,91.87,91.9,99
1790872980,91.89,91.91,91.83,91.85,120
1790873040,91.85,91.89,91.82,91.83,165
1790873100,91.83,91.92,91.83,91.89,98
1790873160,91.89,92.02,91.89,92.01,179
1790873220,92.01,92.01,91.96,91.96,87
1790873280,91.95,91.97,91.91,91.95,120
1790873340,91.95,92,91.9,91.99,193
1790873400,91.98,92.18,91.95,92.13,833
1790873460,92.12,92.17,92.07,92.17,242
1790873520,92.16,92.27,92.12,92.15,322
1790873580,92.15,92.21,92.12,92.13,341
1790873640,92.12,92.12,91.96,91.98,229
1790873700,91.97,92.08,91.94,92.06,150
1790873760,92.05,92.23,92.05,92.21,207
1790873820,92.21,92.26,92.19,92.2,196
1790873880,92.2,92.21,92.14,92.17,139
1790873940,92.17,92.18,92.11,92.13,80
1790874000,92.12,92.18,92.11,92.14,134
1790874060,92.11,92.14,92.07,92.1,238
1790874120,92.09,92.14,92.01,92.04,111
1790874180,92.05,92.05,91.99,92,77
1790874240,91.99,92.15,91.99,92.13,158
1790874300,92.12,92.12,92,92.01,132
1790874360,92.01,92.07,92,92.07,104
1790874420,92.07,92.09,92.02,92.04,141
1790874480,92.06,92.12,92.06,92.08,78
1790874540,92.07,92.15,92.07,92.09,153
1790874600,92.09,92.11,92.01,92.03,127
1790874660,92.01,92.1,91.98,92.1,92
1790874720,92.12,92.19,92.05,92.19,82
1790874780,92.17,92.17,92.11,92.13,61
1790874840,92.12,92.15,92.1,92.12,67
1790874900,92.11,92.13,92.07,92.08,81
1790874960,92.08,92.08,91.98,91.98,111
1790875020,91.98,92.01,91.95,91.97,127
1790875080,91.98,92.05,91.96,92.01,230
1790875140,92,92.01,91.88,91.94,215
1790875200,91.93,91.96,91.82,91.86,234
1790875260,91.86,91.89,91.82,91.83,198
1790875320,91.82,91.86,91.73,91.73,162
1790875380,91.72,91.72,91.62,91.67,287
1790875440,91.67,91.74,91.6,91.66,408
1790875500,91.66,91.73,91.62,91.62,143
1790875560,91.62,91.66,91.59,91.65,150
1790875620,91.65,91.7,91.63,91.68,150
1790875680,91.67,91.8,91.65,91.75,309
1790875740,91.76,91.82,91.73,91.76,174
1790875800,91.76,91.79,91.63,91.71,675
1790875860,91.74,91.76,91.61,91.61,162
1790875920,91.62,91.84,91.61,91.83,320
1790875980,91.83,91.83,91.76,91.78,88
1790876040,91.76,91.76,91.72,91.76,105
1790876100,91.77,91.8,91.71,91.73,106
1790876160,91.72,91.73,91.6,91.64,286
1790876220,91.64,91.78,91.62,91.75,162
1790876280,91.75,91.77,91.7,91.74,104
1790876340,91.75,91.79,91.7,91.79,152
1790876400,91.77,91.8,91.67,91.67,110
1790876460,91.68,91.81,91.68,91.8,103
1790876520,91.8,91.91,91.8,91.91,208
1790876580,91.9,91.96,91.88,91.93,212
1790876640,91.92,91.92,91.89,91.89,91
1790876700,91.88,91.9,91.81,91.81,87
1790876760,91.83,91.89,91.77,91.79,189
1790876820,91.78,91.79,91.74,91.75,193
1790876880,91.74,91.8,91.72,91.76,241
1790876940,91.77,91.81,91.74,91.78,170
1790877000,91.79,92.02,91.77,92,445
1790877060,91.99,91.99,91.88,91.96,221
1790877120,91.96,91.97,91.88,91.94,190
1790877180,91.93,91.97,91.88,91.96,258
1790877240,91.96,92.63,91.96,92.6,2669
1790877300,92.58,93.11,92.47,92.94,2581
1790877360,92.94,93.1,92.74,92.94,1763
1790877420,92.94,93.5,92.93,93.21,1557
1790877480,93.21,93.32,93.15,93.26,628
1790877540,93.26,93.68,93.26,93.46,1535
1790877600,93.47,93.56,93.18,93.2,1115
1790877660,93.19,93.29,92.96,93.04,1038
1790877720,93.04,93.14,92.99,93.1,776
1790877780,93.1,93.19,92.99,93.1,519
1790877840,93.11,93.16,93.01,93.01,349
1790877900,93.03,93.09,92.9,93.06,467
1790877960,93.06,93.23,93.02,93.19,453
1790878020,93.19,93.36,93.15,93.31,353
1790878080,93.3,93.31,93.16,93.16,269
1790878140,93.15,93.26,93.15,93.2,313
1790878200,93.23,93.27,93.14,93.15,250
1790878260,93.16,93.26,93.16,93.21,245
1790878320,93.2,93.26,93.15,93.26,211
1790878380,93.27,93.28,92.87,92.98,1091
1790878440,92.97,93.07,92.97,92.98,313
1790878500,92.99,93.11,92.98,93.06,332
1790878560,93.05,93.08,92.97,92.98,313
1790878620,92.98,93.02,92.8,92.84,567
1790878680,92.83,92.86,92.76,92.77,284
1790878740,92.78,93,92.78,92.88,489
1790878800,92.88,92.97,92.88,92.95,225
1790878860,92.95,92.96,92.86,92.9,177
1790878920,92.9,92.9,92.77,92.8,242
1790878980,92.8,92.82,92.33,92.4,2213
1790879040,92.4,92.58,92.32,92.55,745
1790879100,92.56,92.74,92.56,92.64,684
1790879160,92.65,92.91,92.6,92.88,694
1790879220,92.88,93.07,92.88,92.95,790
1790879280,92.95,92.97,92.74,92.89,2134
1790879340,92.91,92.99,92.8,92.98,2796
1790879400,92.98,93.07,92.97,93.02,640
1790879460,93.03,93.09,92.96,93.05,332
1790879520,93.04,93.09,92.99,93.01,262
1790879580,93.01,93.1,92.99,93.01,260
1790879640,93,93.04,92.78,92.84,1071
1790879700,92.85,92.91,92.68,92.79,1093
1790879760,92.79,92.94,92.78,92.83,345
1790879820,92.84,92.9,92.82,92.85,158
1790879880,92.87,93.02,92.83,92.99,343
1790879940,92.99,93.15,92.99,93.03,502
1790880000,93.04,93.08,93,93.06,73
1790880060,93.07,93.13,93.03,93.08,148
1790880120,93.08,93.13,93.03,93.09,64
1790880180,93.1,93.12,93.04,93.06,57
1790880240,93.05,93.05,92.99,92.99,56
1790880300,93,93.04,92.96,92.96,52
1790880360,92.95,92.97,92.94,92.95,59
1790880420,92.96,92.98,92.89,92.92,77
1790880480,92.93,92.94,92.84,92.84,95
1790880540,92.84,92.87,92.83,92.87,56
1790880600,92.87,92.92,92.86,92.92,110
1790880660,92.91,92.96,92.9,92.91,79
1790880720,92.91,92.95,92.88,92.92,74
1790880780,92.92,92.95,92.92,92.93,42
1790880840,92.92,92.96,92.89,92.93,64
1790880900,92.95,93.01,92.94,92.95,72
1790880960,92.95,92.97,92.94,92.94,41
1790881020,92.93,92.97,92.92,92.93,59
1790881080,92.91,92.93,92.89,92.93,66
1790881140,92.92,92.95,92.86,92.88,125
1790881200,92.88,92.91,92.88,92.89,83
1790881260,92.89,92.9,92.84,92.87,79
1790881320,92.86,92.93,92.85,92.91,163
1790881380,92.91,92.98,92.91,92.96,52
1790881440,92.95,92.95,92.88,92.88,42
1790881500,92.89,92.93,92.88,92.89,75
1790881560,92.87,92.91,92.85,92.9,93
1790881620,92.9,92.91,92.88,92.89,31
1790881680,92.88,92.91,92.86,92.87,94
1790881740,92.85,92.87,92.79,92.87,152
1790881800,92.88,93,92.87,92.96,153
1790881860,92.97,93.03,92.97,93.01,136
1790881920,93,93.09,93,93.08,224
1790881980,93.09,93.09,92.99,93,108
1790882040,92.99,93.02,92.97,93,98
1790882100,92.99,93.04,92.89,92.97,309
1790882160,92.96,93.04,92.94,93.04,62
1790882220,93.04,93.11,93.03,93.1,85
1790882280,93.11,93.21,93.08,93.16,194
1790882340,93.13,93.18,93.1,93.1,116
1790882400,93.1,93.15,93.08,93.11,43
1790882460,93.1,93.1,93.03,93.04,41
1790882520,93.05,93.07,93.03,93.04,25
1790882580,93.05,93.15,93.05,93.11,42
1790882640,93.12,93.19,93.12,93.19,62
1790882700,93.18,93.21,93.14,93.14,84
1790882760,93.15,93.17,93.13,93.16,64
1790882820,93.17,93.24,93.17,93.19,192
1790882880,93.17,93.17,93.12,93.14,47
1790882940,93.14,93.18,93.12,93.15,62
1790883000,93.16,93.24,93.14,93.21,115
1790883060,93.2,93.34,93.19,93.32,143
1790883120,93.3,93.37,93.26,93.28,136
1790883180,93.27,93.32,93.23,93.32,190
1790883240,93.3,93.32,93.23,93.24,59
1790883300,93.25,93.31,93.21,93.29,168
1790883360,93.29,93.29,93.24,93.25,26
1790883420,93.25,93.27,93.23,93.24,52
1790883480,93.26,93.29,93.23,93.23,77
1790883540,93.24,93.27,93.21,93.25,66
1790883600,93.25,93.26,93.18,93.18,73
1790883660,93.19,93.19,93.12,93.14,88
1790883720,93.14,93.14,93.06,93.07,100
1790883780,93.07,93.09,93.05,93.08,102
1790883840,93.07,93.09,93.03,93.05,102
1790883900,93.05,93.18,93.05,93.16,63
1790883960,93.13,93.13,93.11,93.12,29
1790884020,93.11,93.11,93.04,93.09,76
1790884080,93.09,93.1,93.07,93.09,18
1790884140,93.1,93.12,93.1,93.11,35
1790884200,93.11,93.11,93.07,93.11,68
1790884260,93.12,93.17,93.1,93.17,92
1790884320,93.18,93.2,93.15,93.16,69
1790884380,93.18,93.22,93.16,93.19,48
1790884440,93.2,93.27,93.2,93.26,50
1790884500,93.26,93.36,93.25,93.36,137
1790884560,93.36,93.36,93.27,93.3,68
1790884620,93.28,93.29,93.22,93.29,69
1790884680,93.29,93.32,93.28,93.28,117
1790884740,93.29,93.32,93.27,93.3,92
1790884800,93.3,93.33,93.26,93.26,57
1790884860,93.27,93.28,93.14,93.16,79
1790884920,93.18,93.18,93.12,93.14,38
1790884980,93.14,93.17,93.12,93.15,47
1790885040,93.16,93.16,93.03,93.08,96
1790885100,93.07,93.11,93.04,93.1,40
1790885160,93.09,93.11,93.07,93.07,49
1790885220,93.09,93.2,93.09,93.18,76
1790885280,93.16,93.21,93.13,93.13,113
1790885340,93.13,93.2,93.1,93.12,58
1790885400,93.12,93.16,93.12,93.15,27
1790885460,93.15,93.17,93.08,93.08,49
1790885520,93.08,93.14,93.08,93.09,60
1790885580,93.09,93.09,93.05,93.07,41
1790885640,93.05,93.08,93.01,93.04,100
1790885700,93.03,93.03,92.92,93.02,108
1790885760,93.02,93.02,92.88,92.91,59
1790885820,92.9,92.94,92.86,92.94,43
1790885880,92.95,92.95,92.91,92.91,15
1790885940,92.95,92.97,92.94,92.94,59
1790886000,92.93,92.96,92.92,92.94,26
1790886060,92.94,92.95,92.91,92.92,9
1790886120,92.93,92.93,92.9,92.92,13
1790886180,92.9,92.96,92.9,92.94,14
1790886240,92.95,92.95,92.91,92.93,8
1790886300,92.93,92.93,92.9,92.91,17
1790886360,92.94,92.94,92.94,92.94,1
1790886420,92.93,92.93,92.88,92.9,14
1790886480,92.9,92.98,92.86,92.86,58
1790886540,92.86,92.93,92.86,92.9,41
1790886600,92.92,92.94,92.87,92.91,21
1790886660,92.92,92.92,92.9,92.91,39
1790886720,92.91,93,92.9,92.96,42
1790886780,92.99,92.99,92.95,92.96,50
1790886840,92.97,92.99,92.91,92.91,18
1790886900,92.9,92.9,92.76,92.84,221
1790886960,92.85,92.85,92.83,92.84,12
1790887020,92.85,92.86,92.82,92.84,27
1790887080,92.84,92.87,92.81,92.84,33
1790887140,92.82,92.82,92.8,92.82,8
1790887200,92.8,92.87,92.79,92.86,16
1790887260,92.85,92.95,92.85,92.95,27
1790887320,92.94,93.02,92.94,92.99,33
1790887380,93.01,93.01,92.96,92.96,24
1790887440,92.95,92.97,92.92,92.95,26
1790887500,92.97,93.02,92.97,92.99,43
1790887560,93.01,93.04,93,93.04,62
1790887620,93.04,93.04,93,93,17
1790887680,93,93,92.95,92.97,21
1790887740,92.98,92.98,92.94,92.95,43
1790887800,92.94,92.95,92.82,92.87,235
1790887860,92.87,92.87,92.82,92.86,48
1790887920,92.87,92.88,92.82,92.83,28
1790887980,92.84,92.88,92.84,92.86,41
1790888040,92.87,92.9,92.85,92.87,78
1790888100,92.88,92.89,92.86,92.87,29
1790888160,92.88,92.97,92.88,92.95,41
1790888220,92.93,92.93,92.89,92.89,19
1790888280,92.9,92.93,92.86,92.86,23
1790888340,92.88,92.91,92.85,92.91,41
1790892000,93.46,93.51,93.21,93.28,270
1790892060,93.28,93.29,93.09,93.15,110
1790892120,93.15,93.18,93.08,93.12,113
1790892180,93.13,93.23,93.12,93.22,34
1790892240,93.22,93.22,93.13,93.15,56
1790892300,93.16,93.17,93.13,93.16,11
1790892360,93.14,93.17,93.14,93.15,12
1790892420,93.14,93.18,93.12,93.12,27
1790892480,93.11,93.18,93.11,93.17,24
1790892540,93.17,93.19,93.16,93.16,46
1790892600,93.17,93.18,93.16,93.16,9
1790892660,93.14,93.14,93.12,93.12,3
1790892720,93.12,93.14,93.12,93.14,12
1790892780,93.15,93.17,93.14,93.16,10
1790892840,93.16,93.18,93.16,93.18,14
1790892900,93.18,93.18,93.15,93.15,6
1790892960,93.15,93.15,93.12,93.15,19
1790893020,93.15,93.18,93.15,93.18,6
1790893080,93.19,93.19,93.16,93.16,2
1790893140,93.13,93.14,93.13,93.14,2
1790893200,93.13,93.13,93.1,93.1,13
1790893260,93.11,93.15,93.11,93.15,29
1790893320,93.14,93.14,93.12,93.13,13
1790893380,93.12,93.12,93.12,93.12,1
1790893440,93.13,93.16,93.11,93.16,17
1790893500,93.13,93.13,93.08,93.08,31
1790893560,93.09,93.12,93.08,93.12,14
1790893620,93.11,93.11,93.09,93.09,6
1790893680,93.1,93.12,93.1,93.12,11
1790893740,93.08,93.08,93.07,93.07,56
1790893800,93.06,93.08,93.01,93.06,36
1790893860,93.05,93.05,93.01,93.03,23
1790893920,93.03,93.04,93.03,93.04,14
1790893980,93.05,93.08,93.05,93.05,46
1790894040,93.05,93.05,93.03,93.04,24
1790894100,93.02,93.04,92.99,93.01,34
1790894160,93.01,93.04,93.01,93.04,15
1790894220,93.04,93.05,93.04,93.05,3
1790894280,93.06,93.06,93.06,93.06,7
1790894340,93.07,93.08,93.04,93.04,49
1790894400,93.02,93.03,93.01,93.03,6
1790894460,93.02,93.02,93.01,93.02,4
1790894580,93.02,93.04,93.02,93.04,11
1790894640,93.05,93.06,93.05,93.06,16
1790894700,93.07,93.12,93.07,93.07,31
1790894760,93.07,93.07,93.07,93.07,2
1790894820,93.06,93.06,93.04,93.04,6
1790894880,93.05,93.05,93.04,93.04,3
1790894940,93.03,93.03,93.01,93.01,12
1790895000,93.01,93.02,93,93.02,9
1790895060,93.02,93.05,93.02,93.05,14
1790895120,93.04,93.05,93.04,93.05,2
1790895180,93.04,93.04,93.01,93.02,15
1790895240,93.02,93.04,93.02,93.04,3
1790895300,93.04,93.05,93.04,93.05,4
1790895360,93.05,93.07,93.04,93.07,42
1790895420,93.06,93.09,93.04,93.09,37
1790895480,93.08,93.08,93.07,93.08,10
1790895540,93.08,93.08,93.07,93.07,6
1790895600,93.08,93.08,93.07,93.08,7
1790895660,93.07,93.07,93.05,93.05,6
1790895720,93.06,93.07,93.05,93.06,5
1790895780,93.05,93.08,93.05,93.08,8
1790895840,93.05,93.05,93.05,93.05,1
1790895900,93.05,93.06,93.05,93.06,8
1790895960,93.05,93.05,92.99,93,22
1790896020,93,93,92.98,93,35
1790896080,93.01,93.01,92.99,92.99,11
1790896140,93,93,92.97,92.97,7
1790896200,92.98,93.01,92.98,92.99,20
1790896260,92.99,93.01,92.99,93.01,3
1790896320,92.99,93.01,92.99,93.01,6
1790896380,93,93,92.99,92.99,2
1790896440,92.99,93,92.98,93,7
1790896500,92.99,93,92.99,92.99,5
1790896560,93.01,93.03,93,93.03,15
1790896620,93.03,93.03,93.02,93.02,8
1790896680,93.03,93.03,93.03,93.03,4
1790896740,93.03,93.04,93.01,93.01,12
1790896800,93.02,93.05,93.02,93.05,11
1790896860,93.04,93.05,93.04,93.05,5
1790896920,93.05,93.05,93.04,93.04,5
1790896980,93.04,93.06,93.04,93.06,5
1790897040,93.06,93.06,93.02,93.03,18
1790897100,93.04,93.04,93.01,93.03,15
1790897160,93.03,93.05,93.03,93.04,11
1790897220,93.03,93.03,93.02,93.02,3
1790897280,93.02,93.03,93.02,93.03,3
1790897340,93.04,93.04,93.04,93.04,2
1790897400,93.03,93.03,93.01,93.01,8
1790897460,93,93.01,92.99,93.01,9
1790897520,93.02,93.02,93.02,93.02,4
1790897580,93.01,93.01,93,93.01,10
1790897640,93.01,93.01,93.01,93.01,4
1790897700,93.01,93.01,93,93,5
1790897760,92.99,92.99,92.99,92.99,2
1790897820,92.97,92.98,92.96,92.98,14
1790897880,92.97,92.99,92.97,92.98,5
1790897940,92.99,93,92.98,92.98,7
1790898000,93.01,93.01,92.99,92.99,14
1790898060,92.99,93.02,92.99,93.02,3
1790898120,93.02,93.04,92.98,92.98,44
1790898180,92.99,93,92.99,92.99,11
1790898240,92.98,92.99,92.96,92.96,15
1790898300,92.97,92.98,92.97,92.97,8
1790898360,92.95,92.95,92.94,92.94,7
1790898420,92.93,92.95,92.92,92.94,20
1790898480,92.93,92.93,92.88,92.89,33
1790898540,92.9,92.93,92.9,92.93,15
1790898600,92.94,92.98,92.94,92.98,11
1790898660,92.96,92.97,92.95,92.95,11
1790898720,92.95,92.95,92.95,92.95,3
1790898780,92.94,92.94,92.92,92.94,12
1790898840,92.94,92.95,92.94,92.95,17
1790898900,92.95,93,92.94,93,26
1790898960,93,93.01,92.97,93.01,14
1790899020,93.01,93.02,93,93.01,11
1790899080,93,93,92.98,93,3
1790899140,93,93.02,92.98,92.98,18
1790899200,93,93.02,92.87,92.99,224
1790899260,92.96,93.02,92.92,92.97,76
1790899320,92.95,93.04,92.94,92.99,65
1790899380,92.99,93,92.94,92.94,21
1790899440,92.93,93.03,92.92,93.03,44
1790899500,93,93,92.96,92.98,24
1790899560,92.99,93.04,92.96,92.97,39
1790899620,92.96,92.96,92.93,92.95,17
1790899680,92.95,93.02,92.95,93.02,29
1790899740,93.02,93.02,92.93,93.01,52
1790899800,93.04,93.08,93.01,93.02,29
1790899860,93.02,93.02,92.94,92.94,26
1790899920,92.94,92.97,92.92,92.95,17
1790899980,92.97,93.02,92.97,93.02,16
1790900040,92.99,93.02,92.97,92.98,14
1790900100,92.98,93.04,92.98,93,35
1790900160,92.97,93.05,92.97,93.05,31
1790900220,93.06,93.08,93.03,93.04,29
1790900280,93.05,93.06,93.04,93.06,21
1790900340,93.05,93.09,93.04,93.08,41
1790900400,93.09,93.18,93.09,93.1,92
1790900460,93.11,93.15,93.11,93.14,39
1790900520,93.13,93.15,93.06,93.06,13
1790900580,93.08,93.13,93.07,93.12,20
1790900640,93.12,93.14,93.09,93.13,17
1790900700,93.14,93.21,93.14,93.21,50
1790900760,93.21,93.22,93.18,93.18,30
1790900820,93.19,93.2,93.14,93.15,55
1790900880,93.14,93.14,93.08,93.08,37
1790900940,93.09,93.1,92.99,93,82
1790901000,93.01,93.05,93.01,93.05,19
1790901060,93.02,93.05,93.02,93.04,10
1790901120,93.02,93.02,92.97,93.02,15
1790901180,93.02,93.04,93.02,93.02,15
1790901240,93.02,93.04,92.96,92.97,22
1790901300,92.97,93.05,92.97,93.01,24
1790901360,93,93.02,93,93.02,4
1790901420,92.99,93,92.97,92.97,8
1790901480,92.97,93.07,92.95,93.07,36
1790901540,93.08,93.09,93.04,93.05,21
1790901600,93.06,93.08,93.05,93.07,12
1790901660,93.07,93.09,93.06,93.09,26
1790901720,93.09,93.09,93.06,93.09,11
1790901780,93.09,93.14,93.09,93.14,39
1790901840,93.13,93.15,93.13,93.14,5
1790901900,93.15,93.15,93.08,93.12,21
1790901960,93.1,93.21,93.09,93.2,54
1790902020,93.18,93.19,93.11,93.17,35
1790902080,93.17,93.18,93.14,93.15,22
1790902140,93.15,93.15,93.08,93.13,33
1790902200,93.1,93.16,93.03,93.11,71
1790902260,93.12,93.14,93.1,93.13,34
1790902320,93.13,93.16,93.12,93.13,28
1790902380,93.12,93.16,93.12,93.14,28
1790902440,93.14,93.16,93.12,93.16,43
1790902500,93.16,93.17,93.11,93.14,54
1790902560,93.14,93.22,93.14,93.22,65
1790902620,93.22,93.24,93.16,93.17,65
1790902680,93.18,93.2,93.12,93.12,44
1790902740,93.13,93.18,93.12,93.17,38
1790902800,93.17,93.17,92.99,93,175
1790902860,93,93.05,92.97,93.03,74
1790902920,93.01,93.01,92.91,92.94,51
1790902980,92.94,92.94,92.88,92.89,121
1790903040,92.87,92.92,92.85,92.9,62
1790903100,92.93,92.93,92.86,92.87,35
1790903160,92.86,92.86,92.83,92.86,45
1790903220,92.85,92.88,92.82,92.87,43
1790903280,92.87,92.89,92.84,92.84,37
1790903340,92.83,92.85,92.82,92.85,30
1790903400,92.85,92.85,92.82,92.83,28
1790903460,92.83,92.85,92.79,92.83,120
1790903520,92.83,92.87,92.82,92.86,40
1790903580,92.85,92.87,92.81,92.83,34
1790903640,92.83,92.85,92.82,92.82,13
1790903700,92.82,92.82,92.78,92.79,20
1790903760,92.8,92.88,92.8,92.87,46
1790903820,92.88,92.92,92.87,92.92,31
1790903880,92.91,92.95,92.91,92.94,51
1790903940,92.95,93.02,92.94,93.02,53
1790904000,93,93.04,92.99,93.01,22
1790904060,93,93,92.93,92.95,23
1790904120,92.97,92.97,92.93,92.94,24
1790904180,92.96,92.97,92.94,92.95,13
1790904240,92.95,92.95,92.95,92.95,4
1790904300,92.95,93.05,92.95,93.05,85
1790904360,93.04,93.06,93.02,93.03,28
1790904420,93.03,93.03,92.97,92.97,35
1790904480,92.95,92.96,92.9,92.91,44
1790904540,92.92,92.95,92.92,92.93,14
1790904600,92.92,92.93,92.91,92.92,4
1790904660,92.92,92.92,92.9,92.9,9
1790904720,92.89,92.95,92.88,92.95,31
1790904780,92.94,92.98,92.9,92.9,33
1790904840,92.88,92.9,92.87,92.88,11
1790904900,92.9,92.91,92.88,92.88,8
1790904960,92.87,92.87,92.83,92.87,20
1790905020,92.87,92.88,92.87,92.87,11
1790905080,92.87,92.89,92.87,92.89,5
1790905140,92.92,92.93,92.91,92.91,11
1790905200,92.91,92.91,92.9,92.91,11
1790905260,92.9,92.93,92.89,92.93,8
1790905320,92.92,92.94,92.92,92.93,17
1790905380,92.94,92.98,92.92,92.93,67
1790905440,92.93,92.94,92.92,92.94,10
1790905500,92.94,92.94,92.94,92.94,3
1790905560,92.93,92.95,92.92,92.94,8
1790905620,92.94,92.94,92.92,92.92,6
1790905680,92.9,92.95,92.9,92.92,34
1790905740,92.92,92.92,92.9,92.9,9
1790905800,92.91,92.95,92.91,92.92,18
1790905860,92.94,92.96,92.91,92.96,29
1790905920,92.94,92.99,92.92,92.98,25
1790905980,92.97,93.04,92.97,93.04,64
1790906040,93.03,93.13,93.03,93.09,90
1790906100,93.09,93.14,93.07,93.09,60
1790906160,93.08,93.09,93.03,93.03,16
1790906220,93.04,93.05,93.02,93.04,28
1790906280,93.02,93.02,92.95,92.95,34
1790906340,92.96,92.97,92.95,92.96,9
1790906400,92.97,92.98,92.95,92.96,22
1790906460,92.98,93.02,92.98,92.99,15
1790906520,93.02,93.06,93.02,93.03,13
1790906580,93.02,93.02,92.99,92.99,10
1790906640,92.98,92.98,92.79,92.82,253
1790906700,92.81,92.81,92.75,92.77,95
1790906760,92.78,92.8,92.73,92.8,69
1790906820,92.8,92.81,92.74,92.8,68
1790906880,92.79,92.84,92.76,92.79,37
1790906940,92.81,92.81,92.76,92.76,15
1790907000,92.76,92.76,92.67,92.7,95
1790907060,92.71,92.78,92.64,92.78,88
1790907120,92.77,92.77,92.7,92.7,27
1790907180,92.73,92.79,92.73,92.79,24
1790907240,92.78,92.83,92.78,92.83,10
1790907300,92.83,92.85,92.72,92.73,56
1790907360,92.74,92.77,92.72,92.77,22
1790907420,92.78,92.79,92.74,92.78,24
1790907480,92.75,92.77,92.75,92.76,11
1790907540,92.77,92.83,92.76,92.83,26
1790907600,92.84,92.87,92.84,92.85,10
1790907660,92.85,92.95,92.85,92.93,46
1790907720,92.92,92.95,92.92,92.94,7
1790907780,92.93,92.96,92.92,92.96,13
1790907840,92.96,92.96,92.92,92.95,13
1790907900,92.96,92.96,92.94,92.95,23
1790907960,92.93,92.94,92.9,92.9,19
1790908020,92.9,92.9,92.85,92.85,25
1790908080,92.84,92.85,92.81,92.83,16
1790908140,92.82,92.84,92.81,92.81,18
1790908200,92.81,92.85,92.81,92.82,10
1790908260,92.82,92.82,92.8,92.81,13
1790908320,92.84,92.84,92.83,92.83,8
1790908380,92.84,92.85,92.82,92.82,55
1790908440,92.83,92.86,92.81,92.86,15
1790908500,92.85,92.87,92.85,92.86,8
1790908560,92.86,92.9,92.86,92.9,16
1790908620,92.89,92.89,92.87,92.88,9
1790908680,92.9,92.9,92.89,92.89,5
1790908740,92.88,92.92,92.87,92.91,11
1790908800,92.91,92.92,92.9,92.92,15
1790908860,92.93,92.94,92.86,92.86,114
1790908920,92.85,92.87,92.84,92.86,20
1790908980,92.85,92.86,92.85,92.86,8
1790909040,92.85,92.85,92.85,92.85,1
1790909100,92.85,92.87,92.85,92.87,7
1790909160,92.86,92.86,92.84,92.84,19
1790909220,92.83,92.84,92.8,92.8,15
1790909280,92.78,92.78,92.75,92.76,39
1790909340,92.76,92.77,92.74,92.75,23
1790909400,92.75,92.83,92.75,92.83,15
1790909460,92.83,92.85,92.8,92.82,15
1790909520,92.8,92.8,92.72,92.73,188
1790909580,92.74,92.74,92.72,92.73,41
1790909640,92.73,92.74,92.7,92.71,37
1790909700,92.71,92.72,92.69,92.72,19
1790909760,92.72,92.72,92.66,92.67,47
1790909820,92.67,92.67,92.64,92.65,24
1790909880,92.66,92.66,92.65,92.65,27
1790909940,92.64,92.64,92.59,92.61,250
1790910000,92.61,92.67,92.6,92.64,41
1790910060,92.63,92.64,92.57,92.62,62
1790910120,92.6,92.61,92.54,92.6,71
1790910180,92.6,92.62,92.58,92.58,24
1790910240,92.59,92.61,92.53,92.53,31
1790910300,92.55,92.57,92.53,92.55,18
1790910360,92.54,92.59,92.54,92.59,14
1790910420,92.58,92.59,92.58,92.59,7
1790910480,92.6,92.61,92.59,92.59,14
1790910540,92.6,92.6,92.54,92.56,13
1790910600,92.56,92.57,92.55,92.56,17
1790910660,92.57,92.61,92.56,92.57,37
1790910720,92.56,92.58,92.56,92.58,6
1790910780,92.56,92.56,92.55,92.56,15
1790910840,92.55,92.58,92.55,92.57,21
1790910900,92.59,92.59,92.49,92.54,82
1790910960,92.55,92.56,92.54,92.56,24
1790911020,92.57,92.57,92.55,92.55,9
1790911080,92.55,92.58,92.55,92.57,14
1790911140,92.56,92.57,92.53,92.53,9
1790911200,92.55,92.56,92.53,92.55,20
1790911260,92.55,92.57,92.55,92.56,11
1790911320,92.56,92.58,92.56,92.58,8
1790911380,92.57,92.58,92.57,92.57,12
1790911440,92.58,92.59,92.57,92.57,16
1790911500,92.57,92.61,92.57,92.6,41
1790911560,92.62,92.7,92.62,92.69,41
1790911620,92.7,92.78,92.7,92.7,98
1790911680,92.73,92.73,92.69,92.7,75
1790911740,92.68,92.7,92.68,92.68,24
1790911800,92.67,92.7,92.64,92.69,49
1790911860,92.67,92.7,92.66,92.67,20
1790911920,92.69,92.69,92.67,92.68,19
1790911980,92.68,92.7,92.67,92.68,26
1790912040,92.67,92.67,92.62,92.66,38
1790912100,92.66,92.66,92.63,92.64,14
1790912160,92.65,92.69,92.62,92.69,25
1790912220,92.69,92.7,92.69,92.69,11
1790912280,92.68,92.69,92.67,92.67,5
1790912340,92.66,92.69,92.64,92.69,11
1790912400,92.66,92.67,92.66,92.66,9
1790912460,92.65,92.69,92.65,92.67,25
1790912520,92.67,92.68,92.67,92.67,3
1790912580,92.67,92.68,92.67,92.68,8
1790912640,92.67,92.67,92.64,92.66,14
1790912700,92.68,92.7,92.66,92.67,15
1790912760,92.67,92.69,92.65,92.67,16
1790912820,92.68,92.68,92.67,92.68,4
1790912880,92.68,92.69,92.68,92.69,11
1790912940,92.69,92.69,92.68,92.68,6
1790913000,92.69,92.72,92.69,92.72,26
1790913060,92.73,92.75,92.71,92.74,29
1790913120,92.73,92.74,92.72,92.73,11
1790913180,92.73,92.74,92.69,92.69,34
1790913240,92.7,92.7,92.63,92.63,24
1790913300,92.64,92.64,92.61,92.62,20
1790913360,92.63,92.63,92.62,92.62,14
1790913420,92.62,92.62,92.61,92.62,16
1790913480,92.62,92.63,92.6,92.63,31
1790913540,92.61,92.61,92.59,92.59,13
1790913600,92.58,92.59,92.45,92.49,323
1790913660,92.49,92.51,92.46,92.46,31
1790913720,92.47,92.52,92.47,92.48,66
1790913780,92.48,92.56,92.48,92.53,89
1790913840,92.52,92.58,92.52,92.56,36
1790913900,92.55,92.58,92.55,92.55,30
1790913960,92.54,92.54,92.46,92.48,38
1790914020,92.48,92.51,92.48,92.51,49
1790914080,92.49,92.51,92.48,92.5,15
1790914140,92.51,92.51,92.49,92.51,24
1790914200,92.49,92.5,92.49,92.5,3
1790914260,92.5,92.51,92.46,92.49,50
1790914320,92.47,92.47,92.45,92.45,11
1790914380,92.46,92.47,92.44,92.45,37
1790914440,92.44,92.48,92.44,92.45,19
1790914500,92.46,92.48,92.43,92.43,28
1790914560,92.42,92.45,92.41,92.44,22
1790914620,92.44,92.46,92.41,92.46,21
1790914680,92.46,92.49,92.45,92.46,47
1790914740,92.46,92.54,92.45,92.54,43
1790914800,92.53,92.55,92.52,92.55,17
1790914860,92.54,92.64,92.54,92.62,76
1790914920,92.62,92.64,92.56,92.56,29
1790914980,92.55,92.58,92.54,92.57,23
1790915040,92.56,92.58,92.55,92.58,7
1790915100,92.54,92.55,92.49,92.52,25
1790915160,92.51,92.55,92.51,92.55,10
1790915220,92.56,92.59,92.55,92.55,66
1790915280,92.54,92.55,92.52,92.55,14
1790915340,92.55,92.59,92.54,92.58,32
1790915400,92.59,92.59,92.55,92.55,21
1790915460,92.57,92.58,92.56,92.56,8
1790915520,92.55,92.59,92.55,92.58,17
1790915580,92.59,92.61,92.57,92.57,35
1790915640,92.59,92.66,92.59,92.6,71
1790915700,92.59,92.61,92.59,92.61,19
1790915760,92.62,92.62,92.59,92.59,19
1790915820,92.58,92.59,92.58,92.59,15
1790915880,92.61,92.65,92.61,92.62,26
1790915940,92.62,92.63,92.62,92.63,5
1790916000,92.67,92.71,92.61,92.61,72
1790916060,92.6,92.6,92.52,92.57,45
1790916120,92.57,92.6,92.57,92.59,7
1790916180,92.6,92.62,92.6,92.62,7
1790916240,92.63,92.64,92.63,92.64,4
1790916300,92.63,92.64,92.6,92.63,15
1790916360,92.64,92.69,92.63,92.69,33
1790916420,92.7,92.7,92.66,92.68,15
1790916480,92.71,92.74,92.68,92.68,41
1790916540,92.7,92.71,92.67,92.67,26
1790916600,92.67,92.68,92.66,92.68,11
1790916660,92.67,92.67,92.66,92.66,17
1790916720,92.65,92.65,92.64,92.65,9
1790916780,92.62,92.7,92.61,92.7,26
1790916840,92.71,92.71,92.66,92.66,19
1790916900,92.67,92.67,92.56,92.57,77
1790916960,92.57,92.59,92.57,92.59,4
1790917020,92.58,92.64,92.58,92.63,20
1790917080,92.62,92.62,92.55,92.55,7
1790917140,92.54,92.56,92.52,92.55,27
1790917200,92.54,92.57,92.52,92.57,29
1790917260,92.54,92.56,92.53,92.55,35
1790917320,92.56,92.59,92.51,92.51,25
1790917380,92.51,92.51,92.39,92.41,141
1790917440,92.42,92.44,92.4,92.41,26
1790917500,92.41,92.42,92.38,92.4,74
1790917560,92.4,92.42,92.39,92.4,18
1790917620,92.39,92.41,92.38,92.41,19
1790917680,92.39,92.41,92.24,92.3,291
1790917740,92.32,92.35,92.3,92.33,76
1790917800,92.31,92.31,92.24,92.27,73
1790917860,92.27,92.29,92.18,92.18,95
1790917920,92.17,92.22,92.13,92.19,379
1790917980,92.19,92.31,92.19,92.31,99
1790918040,92.32,92.34,92.28,92.28,50
1790918100,92.28,92.31,92.27,92.3,38
1790918160,92.28,92.35,92.28,92.35,79
1790918220,92.36,92.37,92.33,92.33,60
1790918280,92.33,92.4,92.33,92.39,34
1790918340,92.4,92.43,92.38,92.38,28
1790918400,92.37,92.4,92.37,92.4,12
1790918460,92.39,92.43,92.38,92.4,34
1790918520,92.42,92.42,92.39,92.4,31
1790918580,92.39,92.39,92.38,92.39,4
1790918640,92.41,92.44,92.41,92.44,14
1790918700,92.44,92.47,92.41,92.41,41
1790918760,92.41,92.44,92.4,92.44,26
1790918820,92.46,92.47,92.46,92.46,14
1790918880,92.45,92.47,92.45,92.47,16
1790918940,92.46,92.46,92.44,92.45,11
1790919000,92.46,92.48,92.45,92.45,19
1790919060,92.47,92.47,92.44,92.44,15
1790919120,92.43,92.43,92.42,92.43,11
1790919180,92.42,92.44,92.42,92.44,8
1790919240,92.44,92.44,92.41,92.41,9
1790919300,92.42,92.5,92.42,92.48,35
1790919360,92.48,92.58,92.48,92.56,45
1790919420,92.54,92.54,92.49,92.49,79
1790919480,92.48,92.5,92.47,92.48,22
1790919540,92.49,92.49,92.44,92.45,10
1790919600,92.44,92.45,92.4,92.43,39
1790919660,92.43,92.48,92.4,92.47,28
1790919720,92.47,92.49,92.47,92.49,7
1790919780,92.5,92.51,92.48,92.48,18
1790919840,92.46,92.47,92.46,92.47,4
1790919900,92.47,92.53,92.46,92.5,15
1790919960,92.5,92.51,92.5,92.5,5
1790920020,92.5,92.5,92.47,92.49,9
1790920080,92.5,92.54,92.5,92.54,18
1790920140,92.53,92.54,92.5,92.53,16
1790920200,92.53,92.57,92.53,92.55,31
1790920260,92.54,92.63,92.54,92.62,57
1790920320,92.61,92.62,92.58,92.59,46
1790920380,92.59,92.64,92.58,92.64,23
1790920440,92.65,92.71,92.64,92.68,75
1790920500,92.67,92.67,92.61,92.62,27
1790920560,92.61,92.62,92.57,92.61,21
1790920620,92.6,92.6,92.44,92.5,134
1790920680,92.51,92.53,92.47,92.49,64
1790920740,92.5,92.5,92.42,92.49,55
1790920800,92.49,92.66,92.48,92.61,190
1790920860,92.62,92.62,92.53,92.6,93
1790920920,92.59,92.64,92.57,92.62,38
1790920980,92.63,92.66,92.58,92.59,56
1790921040,92.58,92.59,92.53,92.57,31
1790921100,92.55,92.56,92.5,92.55,75
1790921160,92.56,92.56,92.5,92.52,37
1790921220,92.5,92.52,92.36,92.36,196
1790921280,92.38,92.42,92.29,92.3,148
1790921340,92.29,92.32,92.25,92.3,82
1790921400,92.28,92.37,92.28,92.3,78
1790921460,92.29,92.29,92.21,92.23,99
1790921520,92.24,92.24,92.13,92.18,131
1790921580,92.17,92.2,92.12,92.18,56
1790921640,92.19,92.21,92.16,92.2,40
1790921700,92.19,92.24,92.09,92.12,111
1790921760,92.12,92.2,92.12,92.19,55
1790921820,92.2,92.26,92.19,92.25,83
1790921880,92.25,92.29,92.25,92.27,55
1790921940,92.28,92.31,92.23,92.29,73
1790922000,92.29,92.29,92.23,92.27,106
1790922060,92.26,92.27,92.22,92.23,62
1790922120,92.23,92.23,92.11,92.11,74
1790922180,92.12,92.19,92.12,92.18,24
1790922240,92.17,92.2,92.15,92.17,84
1790922300,92.17,92.19,92.12,92.17,104
1790922360,92.18,92.2,92.15,92.2,23
1790922420,92.19,92.24,92.19,92.19,41
1790922480,92.19,92.2,92.14,92.15,19
1790922540,92.18,92.21,92.14,92.14,35
1790922600,92.15,92.21,92.07,92.18,82
1790922660,92.18,92.18,92.07,92.11,117
1790922720,92.16,92.17,92.08,92.1,47
1790922780,92.1,92.17,92.1,92.15,53
1790922840,92.15,92.21,92.14,92.19,93
1790922900,92.2,92.21,91.97,92,526
1790922960,91.99,92.05,91.99,92.03,97
1790923020,92.01,92.02,91.9,91.96,164
1790923080,91.95,91.98,91.93,91.96,72
1790923140,91.95,91.96,91.92,91.95,47
1790923200,91.95,91.97,91.93,91.93,65
1790923260,91.92,91.96,91.85,91.87,138
1790923320,91.87,91.91,91.86,91.88,83
1790923380,91.89,91.89,91.78,91.8,106
1790923440,91.8,91.84,91.79,91.83,60
1790923500,91.84,91.88,91.83,91.85,115
1790923560,91.84,91.88,91.84,91.84,76
1790923620,91.84,91.84,91.76,91.79,121
1790923680,91.77,91.79,91.75,91.79,83
1790923740,91.79,91.8,91.73,91.77,177
1790923800,91.77,91.84,91.69,91.84,159
1790923860,91.84,91.89,91.83,91.87,134
1790923920,91.88,91.9,91.85,91.89,77
1790923980,91.9,91.99,91.9,91.94,172
1790924040,91.93,91.98,91.93,91.97,50
1790924100,91.96,91.98,91.85,91.87,144
1790924160,91.85,91.86,91.83,91.85,78
1790924220,91.83,91.83,91.76,91.78,77
1790924280,91.78,91.82,91.7,91.74,181
1790924340,91.74,91.76,91.64,91.66,162
1790924400,91.66,91.68,91.56,91.58,420
1790924460,91.58,91.59,91.48,91.51,377
1790924520,91.5,91.54,91.48,91.48,121
1790924580,91.48,91.58,91.48,91.48,130
1790924640,91.49,91.62,91.49,91.61,182
1790924700,91.6,91.73,91.58,91.72,198
1790924760,91.71,91.74,91.47,91.51,448
1790924820,91.51,91.64,91.51,91.6,134
1790924880,91.62,91.67,91.59,91.67,115
1790924940,91.68,91.68,91.62,91.62,73
1790925000,91.63,91.66,91.48,91.48,110
1790925060,91.47,91.51,91.46,91.51,170
1790925120,91.51,91.53,91.4,91.41,188
1790925180,91.41,91.41,91.32,91.34,285
1790925240,91.35,91.42,91.31,91.4,198
1790925300,91.38,91.45,91.32,91.35,126
1790925360,91.33,91.42,91.31,91.42,98
1790925420,91.41,91.42,91.27,91.29,294
1790925480,91.3,91.32,91.28,91.29,208
1790925540,91.29,91.32,91.23,91.26,325
1790925600,91.25,91.28,91.17,91.18,239
1790925660,91.18,91.24,91.17,91.22,158
1790925720,91.22,91.28,91.19,91.25,87
1790925780,91.26,91.35,91.24,91.31,165
1790925840,91.31,91.31,91.27,91.29,61
1790925900,91.29,91.29,91.16,91.22,144
1790925960,91.21,91.28,91.16,91.24,115
1790926020,91.23,91.28,91.23,91.26,76
1790926080,91.25,91.29,91.22,91.24,70
1790926140,91.23,91.26,91.17,91.22,112
1790926200,91.21,91.21,91.1,91.15,181
1790926260,91.15,91.23,91.15,91.19,79
1790926320,91.19,91.19,91.12,91.13,131
1790926380,91.13,91.15,91.1,91.15,46
1790926440,91.16,91.19,91.11,91.11,84
1790926500,91.1,91.15,91.06,91.1,153
1790926560,91.09,91.09,90.95,90.99,340
1790926620,90.99,91.17,90.99,91.16,130
1790926680,91.14,91.15,91.05,91.07,122
1790926740,91.07,91.14,91,91.12,177
1790926800,91.13,91.2,91.04,91.05,184
1790926860,91.03,91.04,90.88,90.95,276
1790926920,90.96,90.97,90.88,90.93,221
1790926980,90.92,90.93,90.86,90.9,124
1790927040,90.9,90.9,90.83,90.85,156
1790927100,90.85,90.95,90.83,90.91,170
1790927160,90.9,90.93,90.86,90.9,102
1790927220,90.91,90.97,90.85,90.85,125
1790927280,90.83,90.87,90.78,90.84,131
1790927340,90.83,90.83,90.79,90.79,85
1790927400,90.79,90.8,90.64,90.68,241
1790927460,90.67,90.75,90.67,90.7,163
1790927520,90.71,90.84,90.68,90.82,212
1790927580,90.8,90.87,90.71,90.73,167
1790927640,90.73,90.84,90.71,90.81,140
1790927700,90.82,90.88,90.82,90.87,153
1790927760,90.86,90.86,90.76,90.78,98
1790927820,90.78,90.79,90.1,90.2,1172
1790927880,90.17,90.5,90.16,90.5,537
1790927940,90.5,90.53,90.2,90.22,409
1790928000,90.21,90.43,90.17,90.35,887
1790928060,90.37,90.41,90.29,90.37,350
1790928120,90.36,90.36,90.24,90.27,310
1790928180,90.27,90.28,90.1,90.11,412
1790928240,90.11,90.22,90.05,90.08,692
1790928300,90.07,90.09,89.89,89.92,756
1790928360,89.92,89.94,89.67,89.67,549
1790928420,89.69,89.69,89.36,89.38,1460
1790928480,89.39,89.49,89.33,89.46,654
1790928540,89.46,89.49,89.36,89.36,446
1790928600,89.35,89.52,89.34,89.39,481
1790928660,89.38,89.62,89.29,89.49,706
1790928720,89.5,89.7,89.42,89.68,287
1790928780,89.66,89.69,89.45,89.56,631
1790928840,89.57,89.74,89.55,89.72,460
1790928900,89.71,89.88,89.67,89.83,849
1790928960,89.82,89.91,89.77,89.79,414
1790929020,89.78,89.81,89.68,89.81,390
1790929080,89.8,89.88,89.79,89.88,588
1790929140,89.87,89.89,89.76,89.81,470
1790929200,89.81,89.88,89.72,89.82,509
1790929260,89.81,89.83,89.59,89.7,523
1790929320,89.71,89.81,89.7,89.72,149
1790929380,89.7,89.8,89.7,89.79,114
1790929440,89.76,89.81,89.7,89.78,148
1790929500,89.77,89.82,89.69,89.7,184
1790929560,89.69,89.75,89.69,89.73,97
1790929620,89.75,89.77,89.69,89.7,152
1790929680,89.7,89.72,89.64,89.66,239
1790929740,89.67,89.72,89.55,89.62,734
1790929800,89.61,89.62,89.41,89.49,523
1790929860,89.48,89.56,89.43,89.44,481
1790929920,89.45,89.57,89.41,89.52,381
1790929980,89.51,89.74,89.51,89.74,314
1790930040,89.72,89.8,89.63,89.65,353
1790930100,89.64,89.7,89.59,89.65,327
1790930160,89.61,89.64,89.48,89.51,205
1790930220,89.51,89.52,89.44,89.52,262
1790930280,89.52,89.55,89.47,89.5,156
1790930340,89.49,89.56,89.46,89.48,107
1790930400,89.48,89.48,89.38,89.45,294
1790930460,89.45,89.56,89.44,89.52,242
1790930520,89.51,89.56,89.45,89.51,249
1790930580,89.51,89.51,89.4,89.49,404
1790930640,89.46,89.6,89.46,89.56,250
1790930700,89.55,89.55,89.31,89.38,360
1790930760,89.38,89.44,89.26,89.4,468
1790930820,89.39,89.54,89.39,89.45,213
1790930880,89.44,89.45,89.27,89.34,158
1790930940,89.35,89.44,89.33,89.39,158
1790931000,89.38,89.38,89.09,89.16,581
1790931060,89.16,89.19,89.12,89.12,183
1790931120,89.11,89.23,89.11,89.23,198
1790931180,89.22,89.24,89.15,89.18,159
1790931240,89.17,89.2,89.13,89.15,264
1790931300,89.16,89.22,89.16,89.22,96
1790931360,89.23,89.23,89.11,89.15,155
1790931420,89.16,89.22,89.14,89.22,116
1790931480,89.21,89.31,89.21,89.3,317
1790931540,89.29,89.34,89.23,89.34,210
1790931600,89.33,89.34,89.24,89.34,185
1790931660,89.34,89.43,89.33,89.35,386
1790931720,89.34,89.53,89.33,89.47,301
1790931780,89.47,89.65,89.46,89.63,386
1790931840,89.63,89.64,89.37,89.4,214
1790931900,89.41,89.46,89.4,89.45,89
1790931960,89.48,89.48,89.32,89.46,208
1790932020,89.45,89.46,89.36,89.38,125
1790932080,89.38,89.46,89.37,89.41,99
1790932140,89.42,89.44,89.36,89.37,95
1790932200,89.36,89.37,89.26,89.29,274
1790932260,89.29,89.32,89.24,89.27,171
1790932320,89.26,89.26,89.15,89.15,257
1790932380,89.15,89.19,88.95,89.02,842
1790932440,89.02,89.1,88.95,89.02,305
1790932500,89.03,89.05,88.95,88.99,212
1790932560,88.99,88.99,88.83,88.87,685
1790932620,88.86,89.01,88.83,89,374
1790932680,88.99,89.17,88.97,89.16,321
1790932740,89.15,89.19,89.04,89.06,252
1790932800,89.05,89.09,88.98,89.04,153
1790932860,89.04,89.19,89.03,89.16,205
1790932920,89.17,89.2,89.09,89.11,216
1790932980,89.11,89.13,89.09,89.11,87
1790933040,89.12,89.13,89.06,89.07,93
1790933100,89.08,89.1,88.97,89.02,167
1790933160,89.02,89.09,88.95,89.09,132
1790933220,89.11,89.21,89.09,89.18,201
1790933280,89.2,89.23,89.17,89.17,180
1790933340,89.15,89.24,89.12,89.24,116
1790933400,89.22,89.27,89.19,89.19,246
1790933460,89.19,89.2,89.08,89.1,137
1790933520,89.1,89.12,89.04,89.08,76
1790933580,89.08,89.17,89.04,89.16,142
1790933640,89.14,89.24,89.14,89.18,151
1790933700,89.18,89.22,89.12,89.13,76
1790933760,89.14,89.15,88.98,89.07,173
1790933820,89.08,89.14,89.04,89.13,92
1790933880,89.13,89.21,89.12,89.21,150
1790933940,89.23,89.24,89.16,89.17,86
1790934000,89.17,89.22,89.14,89.21,95
1790934060,89.21,89.26,89.18,89.24,309
1790934120,89.25,89.31,89.18,89.31,147
1790934180,89.31,89.37,89.28,89.31,184
1790934240,89.28,89.3,89.26,89.29,143
1790934300,89.29,89.32,89.28,89.3,127
1790934360,89.31,89.63,89.26,89.42,1059
1790934420,89.43,89.67,89.39,89.59,904
1790934480,89.58,89.58,89.37,89.37,458
1790934540,89.38,89.4,89.15,89.28,1085
1790934600,89.27,89.29,89.19,89.24,214
1790934660,89.24,89.37,89.21,89.31,203
1790934720,89.33,89.4,89.3,89.37,294
1790934780,89.35,89.37,89.27,89.28,225
1790934840,89.28,89.29,89.13,89.18,219
1790934900,89.19,89.21,89.13,89.16,147
1790934960,89.16,89.22,89.12,89.18,239
1790935020,89.17,89.21,89.17,89.17,275
1790935080,89.18,89.21,89.17,89.19,357
1790935140,89.18,89.2,89.13,89.18,389
1790935200,89.16,89.23,89.02,89.08,1078
1790935260,89.08,89.23,89.08,89.19,143
1790935320,89.19,89.36,89.18,89.31,299
1790935380,89.3,89.35,89.29,89.33,79
1790935440,89.33,89.37,89.09,89.21,300
1790935500,89.22,89.28,89.21,89.24,109
1790935560,89.25,89.3,89.22,89.3,61
1790935620,89.29,89.4,89.27,89.4,89
1790935680,89.39,89.44,89.39,89.42,197
1790935740,89.42,89.47,89.39,89.4,106
1790935800,89.4,89.4,89.34,89.35,88
1790935860,89.35,89.43,89.31,89.43,101
1790935920,89.42,89.42,89.28,89.3,113
1790935980,89.3,89.38,89.28,89.35,68
1790936040,89.33,89.38,89.3,89.35,82
1790936100,89.37,89.47,89.36,89.46,111
1790936160,89.47,89.48,89.36,89.37,127
1790936220,89.38,89.41,89.36,89.4,83
1790936280,89.41,89.54,89.41,89.54,202
1790936340,89.53,89.54,89.49,89.5,62
1790936400,89.51,89.58,89.48,89.57,89
1790936460,89.58,89.7,89.48,89.59,746
1790936520,89.59,89.64,89.54,89.64,95
1790936580,89.61,89.62,89.51,89.62,99
1790936640,89.63,89.8,89.62,89.79,283
1790936700,89.79,89.79,89.69,89.76,192
1790936760,89.77,89.84,89.71,89.82,252
1790936820,89.82,89.84,89.64,89.65,172
1790936880,89.63,89.63,89.56,89.62,118
1790936940,89.63,89.63,89.51,89.54,145
1790937000,89.53,89.61,89.51,89.51,69
1790937060,89.52,89.57,89.43,89.56,231
1790937120,89.56,89.56,89.43,89.43,94
1790937180,89.43,89.45,89.37,89.4,126
1790937240,89.4,89.41,89.26,89.29,192
1790937300,89.29,89.42,89.29,89.37,100
1790937360,89.37,89.42,89.35,89.36,81
1790937420,89.36,89.39,89.27,89.37,147
1790937480,89.38,89.38,89.3,89.33,103
1790937540,89.35,89.38,89.33,89.34,48
1790937600,89.35,89.36,89.3,89.34,50
1790937660,89.31,89.36,89.31,89.34,44
1790937720,89.35,89.39,89.35,89.39,38
1790937780,89.39,89.39,89.35,89.38,63
1790937840,89.39,89.41,89.34,89.37,75
1790937900,89.37,89.39,89.34,89.38,37
1790937960,89.4,89.42,89.34,89.39,125
1790938020,89.41,89.42,89.35,89.38,68
1790938080,89.38,89.47,89.37,89.46,100
1790938140,89.45,89.46,89.37,89.38,53
1790938200,89.39,89.41,89.36,89.38,47
1790938260,89.39,89.43,89.38,89.43,36
1790938320,89.45,89.49,89.42,89.42,113
1790938380,89.44,89.45,89.4,89.41,44
1790938440,89.4,89.4,89.34,89.34,45
1790938500,89.35,89.42,89.35,89.4,74
1790938560,89.38,89.43,89.37,89.42,64
1790938620,89.42,89.43,89.36,89.37,61
1790938680,89.38,89.42,89.33,89.37,132
1790938740,89.37,89.43,89.37,89.39,45
1790938800,89.42,89.44,89.32,89.32,111
1790938860,89.31,89.33,89.22,89.23,151
1790938920,89.22,89.31,89.19,89.26,171
1790938980,89.25,89.32,89.25,89.29,141
1790939040,89.27,89.28,89.21,89.24,265
1790939100,89.24,89.29,89.23,89.26,157
1790939160,89.27,89.28,89.2,89.22,135
1790939220,89.22,89.22,89.17,89.21,114
1790939280,89.2,89.23,89.19,89.23,59
1790939340,89.22,89.23,89.13,89.19,83
1790939400,89.2,89.3,89.2,89.25,176
1790939460,89.25,89.3,89.23,89.3,98
1790939520,89.31,89.32,89.21,89.28,168
1790939580,89.28,89.32,89.21,89.23,53
1790939640,89.24,89.37,89.24,89.32,94
1790939700,89.29,89.29,89.25,89.26,32
1790939760,89.26,89.31,89.25,89.3,192
1790939820,89.3,89.35,89.29,89.31,68
1790939880,89.32,89.49,89.32,89.47,117
1790939940,89.46,89.46,89.42,89.45,65
1790940000,89.44,89.45,89.41,89.42,89
1790940060,89.41,89.42,89.37,89.39,41
1790940120,89.39,89.42,89.33,89.35,113
1790940180,89.35,89.38,89.27,89.27,81
1790940240,89.28,89.35,89.27,89.34,37
1790940300,89.33,89.43,89.33,89.33,283
1790940360,89.34,89.34,89.3,89.32,98
1790940420,89.34,89.37,89.29,89.3,56
1790940480,89.29,89.33,89.28,89.32,50
1790940540,89.33,89.33,89.27,89.3,61
1790940600,89.28,89.31,89.23,89.31,102
1790940660,89.3,89.33,89.29,89.31,86
1790940720,89.32,89.38,89.19,89.22,265
1790940780,89.21,89.25,89.17,89.19,72
1790940840,89.19,89.22,89.16,89.19,61
1790940900,89.18,89.2,89.13,89.18,97
1790940960,89.17,89.17,89.11,89.11,63
1790941020,89.13,89.14,89.07,89.09,200
1790941080,89.08,89.16,89.08,89.13,186
1790941140,89.12,89.27,89.12,89.26,180
1790941200,89.25,89.31,89.23,89.26,142
1790941260,89.25,89.33,89.23,89.32,103
1790941320,89.32,89.42,89.3,89.38,232
1790941380,89.37,89.39,89.36,89.37,51
1790941440,89.36,89.4,89.36,89.37,69
1790941500,89.38,89.41,89.33,89.4,79
1790941560,89.4,89.53,89.39,89.53,182
1790941620,89.52,89.55,89.5,89.53,139
1790941680,89.53,89.58,89.52,89.56,152
1790941740,89.57,89.59,89.5,89.52,176
1790941800,89.51,89.55,89.43,89.44,70
1790941860,89.43,89.44,89.37,89.38,81
1790941920,89.38,89.45,89.37,89.44,65
1790941980,89.43,89.43,89.36,89.42,70
1790942040,89.41,89.41,89.35,89.38,78
1790942100,89.36,89.51,89.36,89.49,118
1790942160,89.5,89.51,89.45,89.5,71
1790942220,89.5,89.55,89.45,89.53,141
1790942280,89.52,89.58,89.51,89.57,89
1790942340,89.57,89.6,89.53,89.54,154
1790942400,89.54,89.59,89.49,89.51,128
1790942460,89.51,89.61,89.5,89.59,111
1790942520,89.58,89.61,89.54,89.54,91
1790942580,89.54,89.6,89.54,89.57,45
1790942640,89.55,89.57,89.53,89.57,49
1790942700,89.57,89.64,89.51,89.64,181
1790942760,89.64,89.72,89.58,89.67,193
1790942820,89.66,89.74,89.65,89.69,184
1790942880,89.71,89.8,89.7,89.73,318
1790942940,89.74,89.82,89.71,89.82,196
1790943000,89.81,89.88,89.79,89.86,217
1790943060,89.85,89.92,89.83,89.92,168
1790943120,89.92,89.97,89.85,89.93,291
1790943180,89.92,90.07,89.91,90.05,369
1790943240,90.06,90.17,89.98,89.98,1035
1790943300,89.98,90.01,89.84,89.85,204
1790943360,89.87,89.95,89.82,89.87,221
1790943420,89.86,89.91,89.82,89.83,170
1790943480,89.84,89.86,89.77,89.78,175
1790943540,89.78,89.78,89.59,89.61,383
1790943600,89.6,89.72,89.59,89.68,194
1790943660,89.66,89.69,89.43,89.49,453
1790943720,89.51,89.63,89.5,89.61,158
1790943780,89.63,89.64,89.57,89.58,112
1790943840,89.59,89.63,89.57,89.6,101
1790943900,89.6,89.66,89.55,89.61,100
1790943960,89.62,89.66,89.6,89.65,48
1790944020,89.64,89.74,89.64,89.73,85
1790944080,89.74,89.84,89.74,89.77,202
1790944140,89.77,89.82,89.76,89.81,63
1790944200,89.82,89.83,89.67,89.78,235
1790944260,89.79,89.84,89.64,89.65,175
1790944320,89.65,89.65,89.33,89.41,464
1790944380,89.42,89.44,89.36,89.42,273
1790944440,89.43,89.53,89.37,89.4,192
1790944500,89.39,89.47,89.34,89.38,271
1790944560,89.38,89.4,89.18,89.33,412
1790944620,89.33,89.41,89.28,89.36,222
1790944680,89.35,89.48,89.32,89.44,211
1790944740,89.41,89.43,89.19,89.2,220
1790944800,89.22,89.3,89.22,89.27,136
1790944860,89.28,89.38,89.25,89.35,349
1790944920,89.34,89.48,89.33,89.41,160
1790944980,89.4,89.42,89.37,89.4,110
1790945040,89.41,89.5,89.36,89.49,282
1790945100,89.48,89.48,89.38,89.4,135
1790945160,89.38,89.49,89.34,89.43,160
1790945220,89.42,89.45,89.34,89.38,84
1790945280,89.38,89.43,89.37,89.43,94
1790945340,89.42,89.43,89.32,89.4,108
1790945400,89.42,89.5,89.42,89.49,121
1790945460,89.49,89.49,89.43,89.48,97
1790945520,89.45,89.49,89.42,89.45,150
1790945580,89.45,89.45,89.36,89.4,109
1790945640,89.37,89.47,89.37,89.38,124
1790945700,89.39,89.41,89.32,89.35,140
1790945760,89.35,89.35,89.27,89.27,231
1790945820,89.27,89.37,89.24,89.3,295
1790945880,89.3,89.3,89.24,89.28,133
1790945940,89.27,89.3,89.26,89.29,122
1790946000,89.28,89.28,88.94,89.05,1025
1790946060,89.04,89.06,88.06,88.55,3585
1790946120,88.55,88.55,88.33,88.46,1010
1790946180,88.46,88.78,88.46,88.73,892
1790946240,88.71,89.04,88.7,89.01,1061
1790946300,89.02,89.03,88.71,88.74,678
1790946360,88.73,88.84,88.64,88.8,515
1790946420,88.82,88.97,88.78,88.88,331
1790946480,88.9,88.97,88.89,88.93,261
1790946540,88.94,89.02,88.88,88.98,365
1790946600,88.98,89.09,88.95,89.03,336
1790946660,89.03,89.15,88.97,89.1,342
1790946720,89.1,89.32,89.08,89.28,477
1790946780,89.28,89.35,89.27,89.34,384
1790946840,89.34,89.36,89.08,89.15,373
1790946900,89.14,89.28,89.06,89.27,256
1790946960,89.26,89.27,89.18,89.21,160
1790947020,89.2,89.35,89.17,89.34,240
1790947080,89.34,89.34,89.26,89.32,262
1790947140,89.33,89.35,89.16,89.24,224
1790947200,89.24,89.25,89.18,89.21,164
1790947260,89.2,89.2,89.09,89.15,214
1790947320,89.16,89.21,89.14,89.2,177
1790947380,89.19,89.26,89.14,89.18,249
1790947440,89.2,89.3,89.15,89.16,247
1790947500,89.17,89.17,89.09,89.13,265
1790947560,89.13,89.25,89.08,89.23,388
1790947620,89.23,89.24,89.15,89.2,396
1790947680,89.21,89.23,89.06,89.15,586
1790947740,89.13,89.23,89.08,89.16,418
1790947800,89.16,89.18,89.03,89.04,290
1790947860,89.05,89.2,89.02,89.12,321
1790947920,89.12,89.12,88.98,89.02,535
1790947980,89.03,89.06,88.95,88.97,323
1790948040,88.97,88.98,88.87,88.94,662
1790948100,88.94,89.06,88.93,89.05,400
1790948160,89.04,89.09,88.97,89.01,138
1790948220,89.01,89.03,88.7,88.93,916
1790948280,88.92,89.1,88.91,89,480
1790948340,89,89.27,88.99,89.24,296
1790948400,89.24,89.27,89.19,89.25,217
1790948460,89.25,89.34,89.22,89.29,357
1790948520,89.29,89.39,89.24,89.35,288
1790948580,89.35,89.69,89.34,89.66,736
1790948640,89.64,89.74,89.61,89.68,374
1790948700,89.69,89.75,89.64,89.73,349
1790948760,89.73,89.79,89.64,89.67,318
1790948820,89.69,89.74,89.64,89.65,240
1790948880,89.66,89.85,89.64,89.75,458
1790948940,89.75,89.89,89.67,89.86,966
1790949000,89.85,89.92,89.82,89.89,292
1790949060,89.89,89.94,89.79,89.84,175
1790949120,89.84,90.1,89.83,90.09,780
1790949180,90.08,90.2,90.07,90.14,678
1790949240,90.14,90.22,90.06,90.21,425
1790949300,90.22,90.3,90.21,90.27,557
1790949360,90.26,90.31,90.2,90.28,400
1790949420,90.29,90.37,89.63,89.84,1796
1790949480,89.85,89.88,89.03,89.35,1780
1790949540,89.34,89.55,89.34,89.42,614
1790949600,89.4,89.75,89.4,89.68,1083
1790949660,89.67,89.68,89.08,89.23,1743
1790949720,89.24,89.25,89.02,89.14,634
1790949780,89.16,89.29,89.15,89.17,344
1790949840,89.18,89.22,89.02,89.08,744
1790949900,89.07,89.12,88.94,89,782
1790949960,88.99,89.16,88.86,89.13,746
1790950020,89.12,89.13,88.89,88.99,410
1790950080,88.99,89.04,88.86,88.91,499
1790950140,88.91,88.92,88.52,88.6,1201
1790950200,88.6,88.61,88.29,88.34,1074
1790950260,88.34,88.6,88.32,88.56,935
1790950320,88.55,88.59,88.42,88.53,656
1790950380,88.52,88.54,88.39,88.54,435
1790950440,88.54,88.58,88.4,88.48,488
1790950500,88.47,88.52,88.35,88.5,474
1790950560,88.48,88.63,88.46,88.51,500
1790950620,88.52,88.66,88.51,88.56,506
1790950680,88.57,88.65,88.56,88.56,451
1790950740,88.57,88.57,88.24,88.27,726
1790950800,88.28,88.44,88.2,88.43,609
1790950860,88.45,88.71,88.45,88.58,498
1790950920,88.57,88.71,88.48,88.68,369
1790950980,88.66,88.85,88.6,88.81,368
1790951040,88.8,88.86,88.64,88.71,350
1790951100,88.73,88.84,88.7,88.78,380
1790951160,88.77,88.79,88.59,88.64,419
1790951220,88.64,88.78,88.6,88.75,259
1790951280,88.73,88.81,88.65,88.71,190
1790951340,88.7,88.77,88.68,88.74,250
1790951400,88.74,88.89,88.72,88.74,563
1790951460,88.73,88.81,88.69,88.74,249
1790951520,88.73,88.9,88.67,88.88,408
1790951580,88.84,88.88,88.76,88.81,261
1790951640,88.82,88.93,88.82,88.9,418
1790951700,88.9,89.01,88.8,88.8,332
1790951760,88.81,88.85,88.63,88.69,302
1790951820,88.66,88.71,88.61,88.7,137
1790951880,88.68,88.75,88.63,88.66,181
1790951940,88.66,88.77,88.64,88.77,155
1790952000,88.77,88.82,88.66,88.73,282
1790952060,88.73,88.86,88.69,88.83,200
1790952120,88.83,88.83,88.51,88.56,405
1790952180,88.56,88.86,88.54,88.75,259
1790952240,88.76,89.01,88.74,89,373
1790952300,88.99,89.12,88.96,89.12,414
1790952360,89.11,89.18,89.04,89.09,517
1790952420,89.11,89.36,89.1,89.35,396
1790952480,89.34,89.5,89.3,89.42,798
1790952540,89.43,89.62,89.4,89.55,478
1790952600,89.54,89.7,89.52,89.64,587
1790952660,89.62,89.63,89.49,89.52,345
1790952720,89.53,89.67,89.53,89.55,269
1790952780,89.53,89.68,89.48,89.67,874
1790952840,89.66,89.82,89.66,89.8,380
1790952900,89.8,89.85,89.73,89.75,332
1790952960,89.76,89.76,89.48,89.48,463
1790953020,89.47,89.73,89.47,89.62,308
1790953080,89.62,89.66,89.58,89.6,214
1790953140,89.59,89.62,89.47,89.57,229
1790953200,89.56,89.57,89.4,89.55,417
1790953260,89.55,89.6,89.44,89.48,241
1790953320,89.48,89.74,89.47,89.69,358
1790953380,89.69,89.82,89.67,89.74,354
1790953440,89.75,89.89,89.75,89.88,445
1790953500,89.86,89.94,89.79,89.83,350
1790953560,89.81,89.88,89.76,89.86,263
1790953620,89.85,90.09,89.85,90.09,798
1790953680,90.09,90.4,90.05,90.32,1169
1790953740,90.32,90.42,90.29,90.33,506
1790953800,90.34,90.34,90.18,90.32,632
1790953860,90.34,90.43,90.24,90.41,561
1790953920,90.41,90.52,90.35,90.47,599
1790953980,90.46,90.63,90.4,90.5,614
1790954040,90.49,90.51,90.31,90.33,428
1790954100,90.33,90.41,90.25,90.36,386
1790954160,90.35,90.54,90.35,90.51,324
1790954220,90.51,90.65,90.51,90.56,422
1790954280,90.55,90.62,90.4,90.59,495
1790954340,90.59,90.62,90.39,90.39,316
1790954400,90.4,90.56,90.4,90.5,412
1790954460,90.5,90.59,90.42,90.43,272
1790954520,90.43,90.45,90.29,90.38,341
1790954580,90.39,90.41,90.29,90.31,234
1790954640,90.31,90.33,90.22,90.26,264
1790954700,90.26,90.31,90.16,90.19,705
1790954760,90.19,90.24,90.11,90.12,254
1790954820,90.12,90.15,89.96,90.03,739
1790954880,90.02,90.04,89.95,89.97,339
1790954940,89.98,90.13,89.97,90.04,761
1790955000,90.05,90.11,89.84,89.96,843
1790955060,89.97,90.04,89.95,90.03,178
1790955120,90.03,90.15,90.02,90.13,285
1790955180,90.12,90.18,90,90,223
1790955240,89.99,90.08,89.91,90,272
1790955300,90,90.03,89.95,89.98,172
1790955360,89.99,90.05,89.95,89.98,249
1790955420,89.98,90,89.91,89.94,107
1790955480,89.95,90.15,89.95,90.14,195
1790955540,90.13,90.2,90.11,90.19,146
1790955600,90.19,90.31,90.15,90.27,558
1790955660,90.26,90.34,90.24,90.29,320
1790955720,90.29,90.35,90.25,90.25,184
1790955780,90.26,90.37,90.26,90.34,304
1790955840,90.34,90.4,90.33,90.34,228
1790955900,90.36,90.55,90.31,90.46,572
1790955960,90.47,90.68,90.47,90.65,365
1790956020,90.64,90.74,90.63,90.7,241
1790956080,90.71,90.93,90.68,90.88,562
1790956140,90.86,90.95,90.82,90.9,476
1790956200,90.91,90.94,90.79,90.8,372
1790956260,90.8,90.93,90.79,90.93,360
1790956320,90.93,90.96,90.86,90.86,265
1790956380,90.87,90.91,90.77,90.88,266
1790956440,90.86,90.94,90.86,90.9,383
1790956500,90.9,90.94,90.82,90.87,273
1790956560,90.88,90.88,90.8,90.86,208
1790956620,90.86,90.99,90.85,90.96,353
1790956680,90.97,91.02,90.95,90.99,360
1790956740,91,91.02,90.95,90.96,377
1790956800,90.96,90.96,90.86,90.89,348
1790956860,90.89,90.92,90.86,90.92,188
1790956920,90.94,91.24,90.92,91.09,810
1790956980,91.09,91.14,90.97,91.02,354
1790957040,91.02,91.09,90.91,90.93,269
1790957100,90.94,91.09,90.94,91.04,237
1790957160,91.06,91.07,90.83,90.9,340
1790957220,90.9,90.93,90.85,90.87,120
1790957280,90.88,90.96,90.84,90.94,217
1790957340,90.93,90.93,90.69,90.71,376
1790957400,90.73,90.73,90.6,90.66,603
1790957460,90.68,90.76,90.64,90.68,228
1790957520,90.69,90.72,90.65,90.71,169
1790957580,90.72,90.72,90.67,90.69,79
1790957640,90.68,90.72,90.66,90.68,163
1790957700,90.7,90.72,90.65,90.68,172
1790957760,90.69,90.72,90.57,90.61,300
1790957820,90.62,90.68,90.59,90.67,183
1790957880,90.66,90.66,90.5,90.55,192
1790957940,90.52,90.57,90.48,90.57,294
1790958000,90.55,90.58,90.51,90.51,242
1790958060,90.51,90.51,90.42,90.43,290
1790958120,90.43,90.56,90.43,90.51,244
1790958180,90.49,90.71,90.48,90.7,308
1790958240,90.68,91.08,90.65,91,976
1790958300,90.97,91.04,90.82,91,343
1790958360,90.99,91.16,90.94,91.16,306
1790958420,91.15,91.28,91.1,91.2,784
1790958480,91.18,91.34,91.16,91.3,637
1790958540,91.3,91.42,91.3,91.37,333
1790958600,91.38,91.46,91.35,91.45,366
1790958660,91.46,91.46,91.31,91.32,503
1790958720,91.32,91.41,91.26,91.38,281
1790958780,91.37,91.39,91.3,91.32,128
1790958840,91.32,91.48,91.32,91.42,392
1790958900,91.42,91.42,91.29,91.32,204
1790958960,91.33,91.49,91.33,91.38,270
1790959020,91.39,91.4,91.32,91.37,112
1790959080,91.37,91.46,91.32,91.37,177
1790959140,91.38,91.39,91.3,91.32,139
1790959200,91.32,91.41,91.3,91.38,146
1790959260,91.39,91.46,91.35,91.37,144
1790959320,91.38,91.43,91.35,91.38,132
1790959380,91.39,91.48,91.37,91.47,151
1790959440,91.46,91.48,91.43,91.43,101
1790959500,91.44,91.51,91.43,91.48,180
1790959560,91.48,91.49,91.41,91.48,117
1790959620,91.47,91.49,91.37,91.48,145
1790959680,91.47,91.53,91.44,91.44,125
1790959740,91.48,91.52,91.43,91.46,204
1790959800,91.47,91.59,91.47,91.47,280
1790959860,91.46,91.47,91.38,91.39,382
1790959920,91.4,91.55,91.35,91.54,423
1790959980,91.54,91.55,91.4,91.46,111
1790960040,91.45,91.51,91.4,91.49,151
1790960100,91.5,91.5,91.43,91.43,167
1790960160,91.44,91.51,91.42,91.5,119
1790960220,91.5,91.51,91.44,91.5,102
1790960280,91.51,91.52,91.49,91.51,82
1790960340,91.53,91.62,91.51,91.57,248
1790960400,91.56,91.65,91.44,91.45,217
1790960460,91.46,91.54,91.41,91.48,216
1790960520,91.49,91.5,91.41,91.47,369
1790960580,91.47,91.53,91.45,91.46,195
1790960640,91.46,91.47,91.37,91.42,214
1790960700,91.42,91.51,91.41,91.45,244
1790960760,91.45,91.45,91.32,91.37,269
1790960820,91.37,91.52,91.34,91.52,204
1790960880,91.52,91.52,91.45,91.45,103
1790960940,91.46,91.5,91.44,91.49,158
1790961000,91.48,91.52,91.42,91.52,89
1790961060,91.53,91.58,91.5,91.53,260
1790961120,91.53,91.56,91.52,91.53,53
1790961180,91.53,91.54,91.5,91.51,55
1790961240,91.49,91.83,91.48,91.62,743
1790961300,91.61,91.61,91.43,91.49,230
1790961360,91.5,91.63,91.49,91.49,133
1790961420,91.5,91.51,91.42,91.46,239
1790961480,91.44,91.52,91.44,91.45,214
1790961540,91.46,91.46,91.37,91.43,167
1790961600,91.44,91.58,91.44,91.56,320
1790961660,91.56,91.58,91.53,91.54,94
1790961720,91.52,91.55,91.43,91.44,180
1790961780,91.44,91.5,91.43,91.47,195
1790961840,91.49,91.51,91.41,91.47,161
1790961900,91.47,91.5,91.42,91.5,151
1790961960,91.48,91.61,91.47,91.57,240
1790962020,91.58,91.67,91.58,91.66,157
1790962080,91.66,91.92,91.64,91.88,559
1790962140,91.87,91.9,91.8,91.81,261
1790962200,91.82,91.87,91.71,91.72,297
1790962260,91.73,91.74,91.54,91.57,256
1790962320,91.58,91.61,91.36,91.38,302
1790962380,91.36,91.49,91.35,91.43,213
1790962440,91.42,91.42,91.31,91.33,190
1790962500,91.34,91.39,91.3,91.34,134
1790962560,91.35,91.5,91.35,91.49,127
1790962620,91.48,91.52,91.43,91.45,266
1790962680,91.43,91.56,91.4,91.5,273
1790962740,91.49,91.54,91.47,91.54,142
1790962800,91.55,91.57,91.5,91.54,53
1790962860,91.56,91.61,91.54,91.59,111
1790962920,91.57,91.63,91.54,91.62,89
1790962980,91.61,91.61,91.54,91.55,71
1790963040,91.56,91.62,91.49,91.56,140
1790963100,91.57,91.58,91.5,91.53,91
1790963160,91.52,91.53,91.42,91.44,195
1790963220,91.45,91.46,91.38,91.4,132
1790963280,91.39,91.41,91.29,91.31,76
1790963340,91.3,91.33,91.26,91.33,232
1790963400,91.33,91.66,91.25,91.41,708
1790963460,91.4,91.41,91.32,91.38,135
1790963520,91.37,91.43,91.31,91.4,315
1790963580,91.39,91.41,91.33,91.37,212
1790963640,91.36,91.45,91.36,91.42,95
1790963700,91.42,91.42,91.3,91.3,58
1790963760,91.32,91.39,91.32,91.34,165
1790963820,91.32,91.35,91.26,91.35,234
1790963880,91.35,91.42,91.35,91.4,154
1790963940,91.4,91.46,91.4,91.43,119
1790964000,91.4,91.62,91.39,91.6,301
1790964060,91.58,91.7,91.54,91.64,286
1790964120,91.64,91.74,91.59,91.71,264
1790964180,91.72,91.82,91.69,91.71,377
1790964240,91.7,91.7,91.59,91.63,130
1790964300,91.62,91.66,91.54,91.55,280
1790964360,91.57,91.65,91.56,91.64,139
1790964420,91.64,91.7,91.61,91.7,164
1790964480,91.67,91.7,91.6,91.6,94
1790964540,91.6,91.71,91.59,91.7,234
1790964600,91.7,91.72,91.65,91.66,191
1790964660,91.66,91.72,91.65,91.71,144
1790964720,91.72,91.81,91.7,91.71,286
1790964780,91.69,91.72,91.55,91.56,193
1790964840,91.57,91.64,91.54,91.61,543
1790964900,91.62,91.73,91.62,91.7,214
1790964960,91.71,91.77,91.65,91.74,222
1790965020,91.74,91.85,91.72,91.83,181
1790965080,91.82,92.02,91.82,91.96,649
1790965140,91.95,92.02,91.92,92.02,521
1790965200,92.01,92.01,91.82,91.91,485
1790965260,91.91,91.99,91.87,91.9,290
1790965320,91.91,91.96,91.85,91.86,134
1790965380,91.86,91.91,91.65,91.69,679
1790965440,91.67,91.71,91.59,91.64,424
1790965500,91.64,91.64,91.47,91.61,449
1790965560,91.6,91.61,91.51,91.55,269
1790965620,91.55,91.65,91.52,91.52,341
1790965680,91.51,91.52,91.02,91.07,3119
1790965740,91.07,91.12,91,91.1,2877
1790965800,91.1,91.23,91.07,91.14,1203
1790965860,91.15,91.21,91.12,91.16,477
1790965920,91.16,91.22,91.14,91.15,244
1790965980,91.16,91.25,91.14,91.24,154
1790966040,91.23,91.27,91.11,91.12,283
1790966100,91.14,91.24,91.11,91.21,238
1790966160,91.2,91.26,91.13,91.22,207
1790966220,91.24,91.29,91.18,91.26,212
1790966280,91.26,91.31,91.21,91.26,281
1790966340,91.25,91.28,91.2,91.22,142
1790966400,91.23,91.23,91.17,91.17,85
1790966460,91.17,91.22,91.17,91.18,84
1790966520,91.18,91.21,91.11,91.13,92
1790966580,91.12,91.12,91.08,91.11,177
1790966640,91.1,91.13,91.08,91.11,159
1790966700,91.11,91.14,91.09,91.13,106
1790966760,91.13,91.15,91.09,91.12,120
1790966820,91.12,91.15,91.1,91.12,91
1790966880,91.12,91.16,91.09,91.14,129
1790966940,91.13,91.13,91.1,91.11,41
1790967000,91.11,91.23,91.11,91.14,312
1790967060,91.13,91.15,91.09,91.1,85
1790967120,91.1,91.14,91.06,91.11,172
1790967180,91.11,91.14,91.09,91.14,93
1790967240,91.14,91.19,91.12,91.17,75
1790967300,91.16,91.22,91.16,91.17,122
1790967360,91.19,91.24,91.19,91.24,94
1790967420,91.24,91.24,91.21,91.21,49
1790967480,91.2,91.21,91.18,91.19,42
1790967540,91.19,91.2,91.1,91.11,122
1790967600,91.11,91.12,91.02,91.02,132
1790967660,91.01,91.1,91,91.07,150
1790967720,91.07,91.1,91,91.04,71
1790967780,91.05,91.07,91.05,91.07,21
1790967840,91.07,91.09,91.05,91.08,118
1790967900,91.08,91.1,90.98,90.98,86
1790967960,90.99,90.99,90.93,90.95,113
1790968020,90.96,91.03,90.91,91.03,287
1790968080,91.04,91.07,91.02,91.03,80
1790968140,91.04,91.06,90.98,91.06,69
1790968200,91.06,91.1,91.04,91.09,106
1790968260,91.09,91.12,91.05,91.08,255
1790968320,91.07,91.13,91.06,91.11,248
1790968380,91.11,91.16,91.05,91.08,168
1790968440,91.08,91.08,91.04,91.07,88
1790968500,91.07,91.13,91.06,91.09,219
1790968560,91.09,91.17,91.09,91.13,231
1790968620,91.11,91.15,91.1,91.13,97
1790968680,91.13,91.15,91.07,91.07,120
1790968740,91.08,91.19,91.08,91.12,368
1790968800,91.12,91.17,91.08,91.1,258
1790968860,91.08,91.1,91.04,91.09,131
1790968920,91.08,91.11,91.04,91.08,156
1790968980,91.1,91.14,91.05,91.09,86
1790969040,91.08,91.1,91.03,91.07,159
1790969100,91.07,91.11,91.03,91.1,70
1790969160,91.1,91.12,91.08,91.11,46
1790969220,91.1,91.13,91.07,91.12,39
1790969280,91.11,91.16,91.08,91.13,135
1790969340,91.14,91.21,91.12,91.17,252
1790969400,91.18,91.24,91.16,91.24,167
1790969460,91.24,91.28,91.21,91.23,188
1790969520,91.24,91.29,91.18,91.25,245
1790969580,91.24,91.28,91.2,91.22,179
1790969640,91.21,91.24,91.18,91.23,64
1790969700,91.22,91.25,91.22,91.23,55
1790969760,91.23,91.27,91.21,91.27,83
1790969820,91.26,91.28,91.26,91.26,43
1790969880,91.27,91.28,91.25,91.27,26
1790969940,91.27,91.31,91.26,91.31,52
1790970000,91.31,91.43,91.31,91.42,183
1790970060,91.41,91.45,91.4,91.42,74
1790970120,91.43,91.47,91.41,91.42,98
1790970180,91.41,91.43,91.37,91.41,123
1790970240,91.42,91.48,91.41,91.43,81
1790970300,91.44,91.47,91.4,91.43,53
1790970360,91.44,91.49,91.44,91.48,63
1790970420,91.48,91.48,91.45,91.47,29
1790970480,91.48,91.49,91.42,91.43,57
1790970540,91.43,91.46,91.42,91.44,46
1790970600,91.44,91.55,91.44,91.55,72
1790970660,91.54,91.55,91.51,91.54,59
1790970720,91.53,91.53,91.45,91.45,89
1790970780,91.46,91.46,91.37,91.42,59
1790970840,91.41,91.44,91.4,91.44,42
1790970900,91.43,91.47,91.43,91.43,59
1790970960,91.46,91.46,91.4,91.43,132
1790971020,91.43,91.46,91.42,91.43,58
1790971080,91.42,91.43,91.39,91.42,50
1790971140,91.44,91.55,91.42,91.54,208
1790971200,91.53,91.6,91.44,91.6,150
1790971260,91.59,91.61,91.55,91.55,372
1790971320,91.55,91.56,91.45,91.47,59
1790971380,91.47,91.48,91.38,91.4,48
1790971440,91.4,91.43,91.37,91.43,45
1790971500,91.44,91.48,91.43,91.48,70
1790971560,91.46,91.51,91.46,91.5,45
1790971620,91.51,91.52,91.46,91.5,68
1790971680,91.51,91.53,91.46,91.46,40
1790971740,91.43,91.43,91.37,91.4,25
1790971800,91.41,91.48,91.39,91.48,63
1790971860,91.47,91.5,91.47,91.48,22
1790971920,91.48,91.48,91.48,91.48,1
1790971980,91.46,91.46,91.45,91.45,5
1790972040,91.42,91.44,91.42,91.44,4
1790972100,91.45,91.47,91.4,91.43,29
1790972160,91.44,91.46,91.43,91.45,34
1790972220,91.45,91.49,91.45,91.49,27
1790972280,91.5,91.5,91.46,91.46,58
1790972340,91.46,91.48,91.46,91.46,7
1790972400,91.44,91.46,91.42,91.45,60
1790972460,91.46,91.49,91.46,91.49,24
1790972520,91.5,91.53,91.5,91.52,34
1790972580,91.53,91.53,91.53,91.53,21
1790972640,91.54,91.54,91.48,91.52,25
1790972700,91.53,91.53,91.51,91.51,17
1790972760,91.52,91.52,91.51,91.51,6
1790972820,91.51,91.51,91.5,91.5,4
1790972880,91.46,91.48,91.44,91.48,35
1790972940,91.46,91.47,91.37,91.4,161
1790973000,91.4,91.44,91.39,91.44,24
1790973060,91.42,91.42,91.38,91.42,26
1790973120,91.43,91.43,91.39,91.4,31
1790973180,91.42,91.43,91.38,91.41,74
1790973240,91.4,91.42,91.36,91.41,34
1790973300,91.4,91.49,91.4,91.47,39
1790973360,91.45,91.46,91.41,91.42,37
1790973420,91.44,91.45,91.42,91.45,17
1790973480,91.44,91.44,91.41,91.42,15
1790973540,91.43,91.43,91.39,91.42,53
1790973600,91.42,91.43,91.39,91.4,63
1790973660,91.39,91.42,91.39,91.41,18
1790973720,91.42,91.43,91.4,91.42,39
1790973780,91.42,91.42,91.37,91.39,114
1790973840,91.38,91.38,91.35,91.36,73
1790973900,91.37,91.42,91.34,91.38,51
1790973960,91.38,91.38,91.33,91.34,76
1790974020,91.34,91.35,91.33,91.33,24
1790974080,91.34,91.34,91.28,91.3,48
1790974140,91.3,91.3,91.26,91.29,43
1790974200,91.27,91.29,91.2,91.25,124
1790974260,91.25,91.33,91.24,91.33,75
1790974320,91.33,91.33,91.27,91.32,55
1790974380,91.3,91.36,91.3,91.34,93
1790974440,91.31,91.33,91.19,91.19,112
1790974500,91.22,91.26,91.22,91.23,64
1790974560,91.23,91.28,91.23,91.27,46
1790974620,91.26,91.26,91.23,91.24,37
1790974680,91.24,91.26,91.22,91.22,61
1790974740,91.22,91.27,91.22,91.26,91