date,S2,S3,total,equity,peak,dd
2016-02-02,-157.2,0.0,-157.2,-157.2,0.0,-157.2
2016-02-03,-28.799999999999955,0.0,-28.799999999999955,-185.99999999999994,0.0,-185.99999999999994
2016-02-05,0.0,442.7999999999993,442.7999999999993,256.79999999999933,256.79999999999933,0.0
2016-02-08,142.8,-387.19999999999897,-244.39999999999895,12.400000000000375,256.79999999999933,-244.39999999999895
2016-02-09,364.0,-337.2000000000018,26.799999999998192,39.19999999999857,256.79999999999933,-217.60000000000076
2016-02-10,-14.399999999999977,0.0,-14.399999999999977,24.79999999999859,256.79999999999933,-232.00000000000074
2016-02-11,142.8,0.0,142.8,167.5999999999986,256.79999999999933,-89.20000000000073
2016-02-16,-14.399999999999977,0.0,-14.399999999999977,153.19999999999862,256.79999999999933,-103.6000000000007
2016-02-17,43.999999999999986,442.7999999999993,486.7999999999993,639.999999999998,639.999999999998,0.0
2016-02-18,58.39999999999999,0.0,58.39999999999999,698.3999999999979,698.3999999999979,0.0
2016-02-19,-174.4,0.0,-174.4,523.999999999998,698.3999999999979,-174.39999999999998
2016-02-22,-87.2,0.0,-87.2,436.79999999999797,698.3999999999979,-261.59999999999997
2016-02-23,-14.400000000000006,0.0,-14.400000000000006,422.39999999999793,698.3999999999979,-276.0
2016-02-26,-101.60000000000001,0.0,-101.60000000000001,320.7999999999979,698.3999999999979,-377.6
2016-03-01,-14.399999999999977,0.0,-14.399999999999977,306.39999999999793,698.3999999999979,-392.0
2016-03-02,-28.799999999999955,0.0,-28.799999999999955,277.599999999998,698.3999999999979,-420.79999999999995
2016-03-03,-171.59999999999997,0.0,-171.59999999999997,105.99999999999801,698.3999999999979,-592.3999999999999
2016-03-04,291.2,0.0,291.2,397.199999999998,698.3999999999979,-301.19999999999993
2016-03-07,218.39999999999998,0.0,218.39999999999998,615.599999999998,698.3999999999979,-82.79999999999995
2016-03-08,-157.2,0.0,-157.2,458.399999999998,698.3999999999979,-239.99999999999994
2016-03-09,271.20000000000005,0.0,271.20000000000005,729.5999999999981,729.5999999999981,0.0
2016-03-10,145.6,0.0,145.6,875.1999999999981,875.1999999999981,0.0
2016-03-11,142.8,0.0,142.8,1017.9999999999982,1017.9999999999982,0.0
2016-03-14,145.6,0.0,145.6,1163.599999999998,1163.599999999998,0.0
2016-03-15,218.39999999999998,0.0,218.39999999999998,1381.9999999999982,1381.9999999999982,0.0
2016-03-16,-28.80000000000001,0.0,-28.80000000000001,1353.1999999999982,1381.9999999999982,-28.799999999999955
2016-03-17,58.39999999999999,0.0,58.39999999999999,1411.5999999999983,1411.5999999999983,0.0
2016-03-18,218.39999999999998,0.0,218.39999999999998,1629.9999999999982,1629.9999999999982,0.0
2016-03-21,-14.400000000000006,0.0,-14.400000000000006,1615.599999999998,1629.9999999999982,-14.400000000000091
2016-03-22,218.39999999999998,0.0,218.39999999999998,1833.9999999999982,1833.9999999999982,0.0
2016-03-23,145.6,-21.599999999999966,124.00000000000003,1957.9999999999982,1957.9999999999982,0.0
2016-03-24,218.39999999999998,-1117.2000000000066,-898.8000000000067,1059.1999999999916,1957.9999999999982,-898.8000000000065
2016-03-28,58.39999999999999,805.6000000000001,864.0000000000001,1923.1999999999916,1957.9999999999982,-34.80000000000655
2016-03-29,58.39999999999999,12.800000000003129,71.20000000000312,1994.3999999999946,1994.3999999999946,0.0
2016-03-30,58.39999999999999,-1247.200000000002,-1188.800000000002,805.5999999999926,1994.3999999999946,-1188.800000000002
2016-03-31,-14.400000000000006,-821.5999999999972,-835.9999999999972,-30.400000000004525,1994.3999999999946,-2024.7999999999993
2016-04-01,145.6,12.800000000003129,158.40000000000313,127.99999999999861,1994.3999999999946,-1866.399999999996
2016-04-04,-101.60000000000001,0.0,-101.60000000000001,26.3999999999986,1994.3999999999946,-1967.9999999999961
2016-04-05,72.8,0.0,72.8,99.1999999999986,1994.3999999999946,-1895.199999999996
2016-04-06,58.39999999999999,0.0,58.39999999999999,157.5999999999986,1994.3999999999946,-1836.799999999996
2016-04-07,-174.4,0.0,-174.4,-16.800000000001404,1994.3999999999946,-2011.199999999996
2016-04-08,0.0,485.6,485.6,468.7999999999986,1994.3999999999946,-1525.599999999996
2016-04-11,72.8,0.0,72.8,541.5999999999985,1994.3999999999946,-1452.799999999996
2016-04-12,131.2,0.0,131.2,672.7999999999986,1994.3999999999946,-1321.599999999996
2016-04-13,-174.4,0.0,-174.4,498.3999999999986,1994.3999999999946,-1495.999999999996
2016-04-14,-174.4,-237.2033569335937,-411.6033569335937,86.7966430664049,1994.3999999999946,-1907.6033569335898
2016-04-15,145.6,-314.40305175781253,-168.80305175781254,-82.00640869140764,1994.3999999999946,-2076.4064086914022
2016-04-18,131.2,0.0,131.2,49.193591308592346,1994.3999999999946,-1945.2064086914022
2016-04-19,-14.400000000000006,0.0,-14.400000000000006,34.79359130859234,1994.3999999999946,-1959.6064086914023
2016-04-20,116.79999999999998,0.0,116.79999999999998,151.59359130859232,1994.3999999999946,-1842.8064086914023
2016-04-21,-174.4,0.0,-174.4,-22.806408691407682,1994.3999999999946,-2017.2064086914024
2016-04-22,142.8,0.0,142.8,119.99359130859233,1994.3999999999946,-1874.4064086914022
2016-04-26,-157.2,0.0,-157.2,-37.20640869140766,1994.3999999999946,-2031.6064086914023
2016-04-27,58.39999999999999,0.0,58.39999999999999,21.19359130859233,1994.3999999999946,-1973.2064086914022
2016-04-28,105.59999999999914,0.0,105.59999999999914,126.79359130859147,1994.3999999999946,-1867.6064086914032
2016-04-29,-101.60000000000001,0.0,-101.60000000000001,25.193591308591465,1994.3999999999946,-1969.206408691403
2016-05-02,-14.400000000000006,954.0016784667969,939.6016784667969,964.7952697753883,1994.3999999999946,-1029.6047302246063
2016-05-05,58.39999999999999,1226.8004577636718,1285.200457763672,2249.99572753906,2249.99572753906,0.0
2016-05-09,0.0,278.3992370605469,278.3992370605469,2528.394964599607,2528.394964599607,0.0
2016-05-12,-157.2,0.0,-157.2,2371.1949645996074,2528.394964599607,-157.19999999999982
2016-05-13,145.6,0.0,145.6,2516.7949645996073,2528.394964599607,-11.599999999999909
2016-05-16,-87.2,0.0,-87.2,2429.5949645996075,2528.394964599607,-98.79999999999973
2016-05-17,-87.2,0.0,-87.2,2342.3949645996076,2528.394964599607,-185.99999999999955
2016-05-18,-87.2,0.0,-87.2,2255.194964599608,2528.394964599607,-273.19999999999936
2016-05-19,58.39999999999999,0.0,58.39999999999999,2313.594964599608,2528.394964599607,-214.79999999999927
2016-05-20,145.6,0.0,145.6,2459.194964599608,2528.394964599607,-69.19999999999936
2016-05-23,145.6,325.6000000000033,471.20000000000334,2930.3949645996113,2930.3949645996113,0.0
2016-05-24,72.8,-417.1999999999966,-344.39999999999657,2585.994964599615,2930.3949645996113,-344.39999999999645
2016-05-25,145.6,0.0,145.6,2731.5949645996147,2930.3949645996113,-198.79999999999654
2016-05-26,-87.2,0.0,-87.2,2644.394964599615,2930.3949645996113,-285.99999999999636
2016-05-27,72.8,0.0,72.8,2717.194964599615,2930.3949645996113,-213.19999999999618
2016-05-30,0.0,-367.1999999999994,-367.1999999999994,2349.9949645996157,2930.3949645996113,-580.3999999999955
2016-05-31,-174.4,-197.2000000000048,-371.6000000000048,1978.3949645996108,2930.3949645996113,-952.0000000000005
2016-06-02,0.0,-957.2000000000028,-957.2000000000028,1021.194964599608,2930.3949645996113,-1909.2000000000032
2016-06-03,0.0,-577.2000000000003,-577.2000000000003,443.9949645996078,2930.3949645996113,-2486.4000000000033
2016-06-06,0.0,-317.20000000000226,-317.20000000000226,126.79496459960552,2930.3949645996113,-2803.600000000006
2016-06-07,-14.400000000000006,0.0,-14.400000000000006,112.39496459960552,2930.3949645996113,-2818.000000000006
2016-06-08,145.6,0.0,145.6,257.9949645996055,2930.3949645996113,-2672.400000000006
2016-06-09,72.8,0.0,72.8,330.7949645996055,2930.3949645996113,-2599.600000000006
2016-06-10,-87.2,352.79999999999944,265.59999999999945,596.3949645996049,2930.3949645996113,-2334.0000000000064
2016-06-13,-87.2,105.60000000000446,18.400000000004454,614.7949645996093,2930.3949645996113,-2315.600000000002
2016-06-14,0.0,-167.19999999999658,-167.19999999999658,447.59496459961275,2930.3949645996113,-2482.7999999999984
2016-06-15,-14.400000000000006,-557.1999999999972,-571.5999999999972,-124.00503540038443,2930.3949645996113,-3054.3999999999955
2016-06-16,145.6,525.599999999999,671.199999999999,547.1949645996147,2930.3949645996113,-2383.1999999999966
2016-06-17,145.6,272.80000000000115,418.4000000000011,965.5949645996158,2930.3949645996113,-1964.7999999999956
2016-06-20,145.6,0.0,145.6,1111.1949645996158,2930.3949645996113,-1819.1999999999955
2016-06-21,-101.60000000000001,0.0,-101.60000000000001,1009.5949645996158,2930.3949645996113,-1920.7999999999956
2016-06-22,-14.400000000000006,0.0,-14.400000000000006,995.1949645996158,2930.3949645996113,-1935.1999999999955
2016-06-23,-14.400000000000006,0.0,-14.400000000000006,980.7949645996158,2930.3949645996113,-1949.5999999999954
2016-06-27,145.6,0.0,145.6,1126.3949645996158,2930.3949645996113,-1803.9999999999955
2016-06-28,-174.4,0.0,-174.4,951.9949645996159,2930.3949645996113,-1978.3999999999955
2016-06-29,-14.400000000000006,0.0,-14.400000000000006,937.5949645996159,2930.3949645996113,-1992.7999999999954
2016-07-01,58.39999999999999,0.0,58.39999999999999,995.9949645996159,2930.3949645996113,-1934.3999999999955
2016-07-05,0.0,-1127.2000000000046,-1127.2000000000046,-131.20503540038874,2930.3949645996113,-3061.6
2016-07-06,145.6,0.0,145.6,14.394964599611257,2930.3949645996113,-2916.0
2016-07-08,-328.79999999999995,0.0,-328.79999999999995,-314.40503540038867,2930.3949645996113,-3244.8
2016-07-11,285.6,711.2016784667969,996.801678466797,682.3966430664083,2930.3949645996113,-2247.998321533203
2016-07-13,-157.2,0.0,-157.2,525.1966430664083,2930.3949645996113,-2405.198321533203
2016-07-14,142.8,0.0,142.8,667.9966430664083,2930.3949645996113,-2262.3983215332028
2016-07-15,-87.2,25.597100830078176,-61.60289916992183,606.3937438964865,2930.3949645996113,-2324.001220703125
2016-07-18,72.8,0.0,72.8,679.1937438964865,2930.3949645996113,-2251.201220703125
2016-07-19,-87.2,0.0,-87.2,591.9937438964864,2930.3949645996113,-2338.4012207031246
2016-07-20,-101.60000000000001,0.0,-101.60000000000001,490.3937438964864,2930.3949645996113,-2440.001220703125
2016-07-21,218.39999999999998,-617.1999999999995,-398.7999999999995,91.5937438964869,2930.3949645996113,-2838.8012207031243
2016-07-22,145.6,0.0,145.6,237.1937438964869,2930.3949645996113,-2693.2012207031244
2016-07-25,72.8,0.0,72.8,309.9937438964869,2930.3949645996113,-2620.4012207031246
2016-07-26,-14.400000000000006,0.0,-14.400000000000006,295.5937438964869,2930.3949645996113,-2634.8012207031243
2016-07-27,204.0,0.0,204.0,499.5937438964869,2930.3949645996113,-2430.8012207031243
2016-07-29,72.8,0.0,72.8,572.3937438964869,2930.3949645996113,-2358.0012207031245
2016-08-01,58.39999999999999,0.0,58.39999999999999,630.7937438964868,2930.3949645996113,-2299.6012207031245
2016-08-02,218.39999999999998,0.0,218.39999999999998,849.1937438964868,2930.3949645996113,-2081.2012207031244
2016-08-03,218.39999999999998,0.0,218.39999999999998,1067.5937438964868,2930.3949645996113,-1862.8012207031245
2016-08-04,58.39999999999999,0.0,58.39999999999999,1125.9937438964869,2930.3949645996113,-1804.4012207031244
2016-08-05,-14.400000000000006,0.0,-14.400000000000006,1111.5937438964868,2930.3949645996113,-1818.8012207031245
2016-08-08,145.6,-174.40366210937498,-28.803662109374983,1082.7900817871118,2930.3949645996113,-1847.6048828124995
2016-08-09,-14.400000000000006,0.0,-14.400000000000006,1068.3900817871117,2930.3949645996113,-1862.0048828124995
2016-08-10,43.999999999999986,-817.2000000000023,-773.2000000000023,295.1900817871094,2930.3949645996113,-2635.2048828125016
2016-08-11,58.39999999999999,175.59999999999764,233.9999999999976,529.190081787107,2930.3949645996113,-2401.2048828125044
2016-08-12,218.39999999999998,0.0,218.39999999999998,747.590081787107,2930.3949645996113,-2182.8048828125043
2016-08-15,-14.400000000000006,0.0,-14.400000000000006,733.190081787107,2930.3949645996113,-2197.2048828125044
2016-08-16,-174.4,0.0,-174.4,558.790081787107,2930.3949645996113,-2371.604882812504
2016-08-17,72.8,0.0,72.8,631.590081787107,2930.3949645996113,-2298.8048828125043
2016-08-18,72.8,0.0,72.8,704.390081787107,2930.3949645996113,-2226.0048828125045
2016-08-19,72.8,0.0,72.8,777.1900817871069,2930.3949645996113,-2153.2048828125044
2016-08-22,145.6,182.80000000000484,328.40000000000487,1105.5900817871118,2930.3949645996113,-1824.8048828124995
2016-08-23,0.0,-1147.2000000000005,-1147.2000000000005,-41.609918212888715,2930.3949645996113,-2972.0048828125
2016-08-24,0.0,-974.3998474121065,-974.3998474121065,-1016.0097656249952,2930.3949645996113,-3946.4047302246063
2016-08-26,0.0,-154.3999999999936,-154.3999999999936,-1170.4097656249887,2930.3949645996113,-4100.8047302246
2016-08-29,0.0,-317.20000000000226,-317.20000000000226,-1487.609765624991,2930.3949645996113,-4418.004730224602
2016-08-30,0.0,855.5999999999974,855.5999999999974,-632.0097656249936,2930.3949645996113,-3562.404730224605
2016-08-31,72.8,905.6000000000016,978.4000000000016,346.39023437500794,2930.3949645996113,-2584.0047302246035
2016-09-01,145.6,215.6000000000039,361.2000000000039,707.5902343750118,2930.3949645996113,-2222.8047302245996
2016-09-02,58.39999999999999,432.79999999999774,491.1999999999977,1198.7902343750095,2930.3949645996113,-1731.6047302246018
2016-09-05,0.0,192.80000000000285,192.80000000000285,1391.5902343750124,2930.3949645996113,-1538.8047302245989
2016-09-06,-101.60000000000001,0.0,-101.60000000000001,1289.9902343750125,2930.3949645996113,-1640.4047302245988
2016-09-07,0.0,165.60030517578127,165.60030517578127,1455.590539550794,2930.3949645996113,-1474.8044250488174
2016-09-14,58.39999999999999,0.0,58.39999999999999,1513.990539550794,2930.3949645996113,-1416.4044250488173
2016-09-15,-14.400000000000006,0.0,-14.400000000000006,1499.590539550794,2930.3949645996113,-1430.8044250488174
2016-09-16,58.39999999999999,-127.19893188476564,-68.79893188476565,1430.7916076660283,2930.3949645996113,-1499.603356933583
2016-09-19,0.0,-307.20000000000425,-307.20000000000425,1123.5916076660242,2930.3949645996113,-1806.803356933587
2016-09-20,-174.4,245.60000000000502,71.20000000000502,1194.7916076660292,2930.3949645996113,-1735.603356933582
2016-09-21,0.0,-287.2000000000011,-287.2000000000011,907.591607666028,2930.3949645996113,-2022.8033569335832
2016-09-22,72.8,112.80000000000454,185.60000000000454,1093.1916076660325,2930.3949645996113,-1837.2033569335788
2016-09-23,58.39999999999999,1185.6000000000026,1244.0000000000027,2337.1916076660355,2930.3949645996113,-593.2033569335758
2016-09-26,0.0,625.6000000000005,625.6000000000005,2962.791607666036,2962.791607666036,0.0
2016-09-29,145.6,0.0,145.6,3108.3916076660357,3108.3916076660357,0.0
2016-09-30,-14.400000000000006,0.0,-14.400000000000006,3093.9916076660356,3108.3916076660357,-14.400000000000091
2016-10-03,-14.400000000000006,0.0,-14.400000000000006,3079.5916076660355,3108.3916076660357,-28.800000000000182
2016-10-04,145.6,0.0,145.6,3225.1916076660355,3225.1916076660355,0.0
2016-10-05,-14.400000000000006,0.0,-14.400000000000006,3210.7916076660354,3225.1916076660355,-14.400000000000091
2016-10-06,72.8,0.0,72.8,3283.5916076660355,3283.5916076660355,0.0
2016-10-07,-87.2,0.0,-87.2,3196.3916076660357,3283.5916076660355,-87.19999999999982
2016-10-10,131.2,192.80000000000285,324.00000000000284,3520.3916076660385,3520.3916076660385,0.0
2016-10-11,145.6,0.0,145.6,3665.9916076660384,3665.9916076660384,0.0
2016-10-12,-14.400000000000006,0.0,-14.400000000000006,3651.5916076660383,3665.9916076660384,-14.400000000000091
2016-10-13,131.2,0.0,131.2,3782.791607666038,3782.791607666038,0.0
2016-10-14,72.8,0.0,72.8,3855.5916076660383,3855.5916076660383,0.0
2016-10-17,0.0,635.6000000000056,635.6000000000056,4491.191607666044,4491.191607666044,0.0
2016-10-18,-87.2,-157.19999999999857,-244.39999999999856,4246.791607666045,4491.191607666044,-244.39999999999873
2016-10-19,72.8,0.0,72.8,4319.591607666045,4491.191607666044,-171.59999999999854
2016-10-20,-14.400000000000006,0.0,-14.400000000000006,4305.1916076660455,4491.191607666044,-185.99999999999818
2016-10-21,72.8,-377.19999999999743,-304.3999999999974,4000.791607666048,4491.191607666044,-490.39999999999554
2016-10-24,-44.40000000000284,-327.2000000000003,-371.6000000000031,3629.191607666045,4491.191607666044,-861.9999999999986
2016-10-25,-14.400000000000006,72.79999999999829,58.399999999998286,3687.5916076660433,4491.191607666044,-803.6000000000004
2016-10-26,291.2,-114.40000000000157,176.79999999999842,3864.3916076660416,4491.191607666044,-626.800000000002
2016-10-27,-261.6,212.79999999999887,-48.80000000000115,3815.5916076660405,4491.191607666044,-675.6000000000031
2016-10-28,-174.4,-677.2000000000018,-851.6000000000017,2963.991607666039,4491.191607666044,-1527.2000000000048
2016-10-31,-87.2,1228.400000000007,1141.2000000000069,4105.1916076660455,4491.191607666044,-385.9999999999982
2016-11-01,291.2,0.0,291.2,4396.391607666045,4491.191607666044,-94.79999999999836
2016-11-02,72.8,0.0,72.8,4469.1916076660455,4491.191607666044,-21.99999999999818
2016-11-03,218.39999999999998,0.0,218.39999999999998,4687.591607666045,4687.591607666045,0.0
2016-11-04,58.39999999999999,0.0,58.39999999999999,4745.991607666045,4745.991607666045,0.0
2016-11-07,-87.2,0.0,-87.2,4658.791607666045,4745.991607666045,-87.19999999999982
2016-11-08,-101.60000000000001,-507.2,-608.8,4049.9916076660447,4745.991607666045,-696.0
2016-11-09,-101.60000000000001,145.5999999999965,43.99999999999649,4093.991607666041,4745.991607666045,-652.0000000000036
2016-11-10,-87.2,0.0,-87.2,4006.7916076660413,4745.991607666045,-739.2000000000035
2016-11-11,0.0,715.5999999999967,715.5999999999967,4722.391607666038,4745.991607666045,-23.60000000000673
2016-11-14,-108.80000000000001,0.0,-108.80000000000001,4613.591607666038,4745.991607666045,-132.4000000000069
2016-11-15,-87.2,0.0,-87.2,4526.391607666038,4745.991607666045,-219.60000000000673
2016-11-16,-14.400000000000006,442.80000000000285,428.4000000000028,4954.79160766604,4954.79160766604,0.0
2016-11-17,-14.400000000000006,0.0,-14.400000000000006,4940.391607666041,4954.79160766604,-14.399999999999636
2016-11-18,-14.400000000000006,-147.1993896484375,-161.5993896484375,4778.792218017603,4954.79160766604,-175.9993896484375
2016-11-21,-14.400000000000006,0.0,-14.400000000000006,4764.392218017603,4954.79160766604,-190.39938964843714
2016-11-22,131.2,0.0,131.2,4895.592218017603,4954.79160766604,-59.19938964843732
2016-11-23,-14.400000000000006,0.0,-14.400000000000006,4881.192218017603,4954.79160766604,-73.59938964843695
2016-11-25,-14.400000000000006,-1827.2000000000005,-1841.6000000000006,3039.592218017603,4954.79160766604,-1915.1993896484373
2016-11-28,-14.400000000000006,0.0,-14.400000000000006,3025.192218017603,4954.79160766604,-1929.5993896484374
2016-11-29,58.39999999999999,0.0,58.39999999999999,3083.592218017603,4954.79160766604,-1871.1993896484373
2016-11-30,-43.20000000000002,0.0,-43.20000000000002,3040.392218017603,4954.79160766604,-1914.3993896484371
2016-12-01,58.39999999999999,0.0,58.39999999999999,3098.7922180176033,4954.79160766604,-1855.999389648437
2016-12-02,145.6,0.0,145.6,3244.392218017603,4954.79160766604,-1710.3993896484371
2016-12-05,-174.4,0.0,-174.4,3069.992218017603,4954.79160766604,-1884.7993896484372
2016-12-06,145.6,0.0,145.6,3215.592218017603,4954.79160766604,-1739.1993896484373
2016-12-07,-87.2,0.0,-87.2,3128.392218017603,4954.79160766604,-1826.3993896484371
2016-12-08,-87.2,0.0,-87.2,3041.1922180176034,4954.79160766604,-1913.599389648437
2016-12-09,72.8,-187.1999999999997,-114.39999999999971,2926.792218017604,4954.79160766604,-2027.9993896484366
2016-12-12,-101.60000000000001,0.0,-101.60000000000001,2825.192218017604,4954.79160766604,-2129.5993896484365
2016-12-13,145.6,0.0,145.6,2970.792218017604,4954.79160766604,-1983.9993896484366
2016-12-14,145.6,0.0,145.6,3116.3922180176037,4954.79160766604,-1838.3993896484367
2016-12-15,145.6,0.0,145.6,3261.9922180176036,4954.79160766604,-1692.7993896484368
2016-12-16,-14.400000000000006,0.0,-14.400000000000006,3247.5922180176035,4954.79160766604,-1707.1993896484369
2016-12-19,145.6,0.0,145.6,3393.1922180176034,4954.79160766604,-1561.599389648437
2016-12-20,-14.400000000000006,-297.1971008300781,-311.59710083007815,3081.5951171875254,4954.79160766604,-1873.196490478515
2016-12-21,72.8,398.39816894531253,471.19816894531255,3552.793286132838,4954.79160766604,-1401.9983215332022
2016-12-22,-87.2,485.5999999999999,398.3999999999999,3951.1932861328382,4954.79160766604,-1003.5983215332021
2016-12-23,32.799999999999145,575.6000000000033,608.4000000000025,4559.593286132841,4954.79160766604,-395.1983215331993
2016-12-27,72.8,462.7999999999989,535.5999999999989,5095.19328613284,5095.19328613284,0.0
2016-12-28,72.8,0.0,72.8,5167.99328613284,5167.99328613284,0.0
2016-12-29,145.6,0.0,145.6,5313.59328613284,5313.59328613284,0.0
2017-01-03,-188.8,0.0,-188.8,5124.79328613284,5313.59328613284,-188.80000000000018
2017-01-04,-261.6,-887.2000000000025,-1148.8000000000025,3975.9932861328375,5313.59328613284,-1337.6000000000026
2017-01-05,0.0,-74.40000000000236,-74.40000000000236,3901.593286132835,5313.59328613284,-1412.000000000005
2017-01-06,145.6,655.6000000000016,801.2000000000016,4702.793286132837,5313.59328613284,-610.8000000000029
2017-01-09,0.0,592.8000000000013,592.8000000000013,5295.593286132838,5313.59328613284,-18.00000000000182
2017-01-10,145.6,0.0,145.6,5441.193286132839,5441.193286132839,0.0
2017-01-11,204.0,0.0,204.0,5645.193286132839,5645.193286132839,0.0
2017-01-17,218.39999999999998,-567.2000000000023,-348.80000000000234,5296.393286132837,5645.193286132839,-348.800000000002
2017-01-18,0.0,1185.6000000000026,1185.6000000000026,6481.99328613284,6481.99328613284,0.0
2017-01-19,0.0,-267.199999999998,-267.199999999998,6214.793286132842,6481.99328613284,-267.199999999998
2017-01-20,0.0,-47.19999999999915,-47.19999999999915,6167.593286132843,6481.99328613284,-314.3999999999969
2017-01-23,0.0,675.5999999999976,675.5999999999976,6843.1932861328405,6843.1932861328405,0.0
2017-01-24,0.0,-217.20000000000084,-217.20000000000084,6625.99328613284,6843.1932861328405,-217.20000000000073
2017-01-25,0.0,-227.19999999999885,-227.19999999999885,6398.793286132841,6843.1932861328405,-444.39999999999964
2017-01-26,-174.4,595.5999999999993,421.19999999999936,6819.99328613284,6843.1932861328405,-23.200000000000728
2017-01-27,0.0,355.60000000000446,355.60000000000446,7175.593286132844,7175.593286132844,0.0
2017-01-30,0.0,42.79999999999716,42.79999999999716,7218.393286132841,7218.393286132841,0.0
2017-01-31,0.0,-207.19999999999573,-207.19999999999573,7011.193286132846,7218.393286132841,-207.19999999999527
2017-02-01,0.0,-237.200000000004,-237.200000000004,6773.993286132842,7218.393286132841,-444.39999999999964
2017-02-02,72.8,0.0,72.8,6846.793286132842,7218.393286132841,-371.59999999999945
2017-02-03,-87.2,0.0,-87.2,6759.593286132842,7218.393286132841,-458.7999999999993
2017-02-06,-87.2,-667.1999999999966,-754.3999999999967,6005.193286132845,7218.393286132841,-1213.1999999999962
2017-02-07,-14.400000000000006,372.79999999999546,358.39999999999543,6363.59328613284,7218.393286132841,-854.8000000000011
2017-02-08,-14.400000000000006,0.0,-14.400000000000006,6349.1932861328405,7218.393286132841,-869.2000000000007
2017-02-09,72.8,122.79999999999544,195.59999999999542,6544.793286132836,7218.393286132841,-673.6000000000049
2017-02-10,145.6,-57.19999999999716,88.40000000000283,6633.19328613284,7218.393286132841,-585.2000000000016
2017-02-13,0.0,362.7999999999975,362.7999999999975,6995.993286132837,7218.393286132841,-222.40000000000418
2017-02-14,-14.400000000000006,725.600000000002,711.200000000002,7707.193286132839,7707.193286132839,0.0
2017-02-15,0.0,-177.1999999999946,-177.1999999999946,7529.993286132844,7707.193286132839,-177.19999999999436
2017-02-16,72.8,0.0,72.8,7602.7932861328445,7707.193286132839,-104.39999999999418
2017-02-17,72.8,122.79999999999544,195.59999999999542,7798.39328613284,7798.39328613284,0.0
2017-02-22,145.6,0.0,145.6,7943.993286132841,7943.993286132841,0.0
2017-02-23,-14.400000000000006,0.0,-14.400000000000006,7929.593286132841,7943.993286132841,-14.399999999999636
2017-02-24,72.8,0.0,72.8,8002.393286132841,8002.393286132841,0.0
2017-03-02,-174.4,0.0,-174.4,7827.993286132842,8002.393286132841,-174.39999999999964
2017-03-03,-87.2,0.0,-87.2,7740.793286132842,8002.393286132841,-261.59999999999945
2017-03-06,72.8,0.0,72.8,7813.593286132842,8002.393286132841,-188.79999999999927
2017-03-08,131.2,0.0,131.2,7944.793286132842,8002.393286132841,-57.599999999999454
2017-03-09,145.6,0.0,145.6,8090.393286132842,8090.393286132842,0.0
2017-03-10,-28.80000000000001,0.0,-28.80000000000001,8061.593286132842,8090.393286132842,-28.800000000000182
2017-03-13,-14.400000000000006,0.0,-14.400000000000006,8047.193286132842,8090.393286132842,-43.19999999999982
2017-03-14,72.8,0.0,72.8,8119.9932861328425,8119.9932861328425,0.0
2017-03-15,145.6,0.0,145.6,8265.593286132842,8265.593286132842,0.0
2017-03-16,72.8,0.0,72.8,8338.393286132841,8338.393286132841,0.0
2017-03-17,0.0,-327.2000000000003,-327.2000000000003,8011.1932861328405,8338.393286132841,-327.2000000000007
2017-03-20,-174.4,-257.2,-431.6,7579.59328613284,8338.393286132841,-758.8000000000011
2017-03-21,-28.80000000000001,-837.1999999999983,-865.9999999999984,6713.593286132842,8338.393286132841,-1624.7999999999993
2017-03-22,58.39999999999999,0.0,58.39999999999999,6771.993286132842,8338.393286132841,-1566.3999999999996
2017-03-23,0.0,12.800000000003129,12.800000000003129,6784.7932861328445,8338.393286132841,-1553.5999999999967
2017-03-24,-27.20000000000313,-117.19999999999943,-144.40000000000256,6640.393286132842,8338.393286132841,-1697.999999999999
2017-03-27,0.0,-407.2000000000057,-407.2000000000057,6233.193286132837,8338.393286132841,-2105.2000000000044
2017-03-28,72.8,-187.1999999999997,-114.39999999999971,6118.793286132837,8338.393286132841,-2219.600000000004
2017-03-29,-87.2,-1027.199999999996,-1114.399999999996,5004.393286132841,8338.393286132841,-3334.0
2017-03-30,-87.2,0.0,-87.2,4917.193286132841,8338.393286132841,-3421.2
2017-03-31,-14.400000000000006,-467.2000000000008,-481.6000000000008,4435.59328613284,8338.393286132841,-3902.800000000001
2017-04-03,-174.4,302.7999999999952,128.39999999999517,4563.993286132835,8338.393286132841,-3774.400000000006
2017-04-04,-7.2,-477.19999999999885,-484.39999999999884,4079.5932861328365,8338.393286132841,-4258.800000000005
2017-04-05,-174.4,0.0,-174.4,3905.1932861328364,8338.393286132841,-4433.200000000004
2017-04-06,72.8,0.0,72.8,3977.9932861328366,8338.393286132841,-4360.400000000005
2017-04-07,-87.2,0.0,-87.2,3890.793286132837,8338.393286132841,-4447.600000000004
2017-04-10,-87.2,0.0,-87.2,3803.593286132837,8338.393286132841,-4534.800000000005
2017-04-11,-87.2,0.0,-87.2,3716.393286132837,8338.393286132841,-4622.000000000004
2017-04-12,145.6,0.0,145.6,3861.993286132837,8338.393286132841,-4476.400000000004
2017-04-13,-87.2,0.0,-87.2,3774.7932861328372,8338.393286132841,-4563.600000000004
2017-04-17,-14.400000000000006,0.0,-14.400000000000006,3760.393286132837,8338.393286132841,-4578.000000000004
2017-04-18,72.8,0.0,72.8,3833.1932861328373,8338.393286132841,-4505.200000000004
2017-04-19,-174.4,0.0,-174.4,3658.7932861328372,8338.393286132841,-4679.600000000004
2017-04-20,145.6,-127.20000000000456,18.39999999999543,3677.193286132833,8338.393286132841,-4661.200000000008
2017-04-21,-14.400000000000006,1338.3999999999992,1323.999999999999,5001.193286132831,8338.393286132841,-3337.20000000001
2017-04-24,0.0,352.79999999999944,352.79999999999944,5353.993286132831,8338.393286132841,-2984.4000000000106
2017-04-25,145.6,-337.1999999999983,-191.5999999999983,5162.393286132832,8338.393286132841,-3176.000000000009
2017-04-26,-28.80000000000001,515.600000000001,486.80000000000103,5649.193286132833,8338.393286132841,-2689.200000000008
2017-04-27,58.39999999999999,-447.1999999999977,-388.79999999999774,5260.393286132836,8338.393286132841,-3078.0000000000055
2017-04-28,145.6,122.80000000000256,268.40000000000254,5528.793286132838,8338.393286132841,-2809.600000000003
2017-05-01,0.0,122.80000000000256,122.80000000000256,5651.593286132841,8338.393286132841,-2686.8
2017-05-02,72.8,-907.1999999999988,-834.3999999999988,4817.193286132842,8338.393286132841,-3521.199999999999
2017-05-03,-14.400000000000006,0.0,-14.400000000000006,4802.793286132843,8338.393286132841,-3535.5999999999985
2017-05-04,-101.60000000000001,0.0,-101.60000000000001,4701.193286132842,8338.393286132841,-3637.199999999999
2017-05-05,58.39999999999999,0.0,58.39999999999999,4759.593286132842,8338.393286132841,-3578.7999999999993
2017-05-08,-101.60000000000001,0.0,-101.60000000000001,4657.993286132842,8338.393286132841,-3680.3999999999996
2017-05-09,-14.400000000000006,0.0,-14.400000000000006,4643.593286132842,8338.393286132841,-3694.7999999999993
2017-05-10,145.6,528.3992370605469,673.9992370605469,5317.592523193389,8338.393286132841,-3020.8007629394524
2017-05-11,-14.400000000000006,0.0,-14.400000000000006,5303.192523193389,8338.393286132841,-3035.200762939452
2017-05-12,145.6,0.0,145.6,5448.79252319339,8338.393286132841,-2889.6007629394517
2017-05-15,0.0,362.80000000000456,362.80000000000456,5811.592523193394,8338.393286132841,-2526.800762939447
2017-05-16,-87.2,-477.19999999999885,-564.3999999999988,5247.192523193396,8338.393286132841,-3091.2007629394457
2017-05-17,-101.60000000000001,32.799999999999145,-68.80000000000086,5178.3925231933945,8338.393286132841,-3160.0007629394468
2017-05-18,-174.4,-887.2000000000025,-1061.6000000000026,4116.792523193391,8338.393286132841,-4221.60076293945
2017-05-19,72.8,-287.2000000000011,-214.4000000000011,3902.3925231933904,8338.393286132841,-4436.000762939451
2017-05-22,72.8,-27.20000000000313,45.59999999999687,3947.992523193387,8338.393286132841,-4390.400762939455
2017-05-23,72.8,212.79999999999887,285.5999999999989,4233.592523193386,8338.393286132841,-4104.800762939455
2017-05-24,145.6,-177.2000000000017,-31.6000000000017,4201.992523193385,8338.393286132841,-4136.400762939456
2017-05-25,-101.60000000000001,848.4000000000044,746.8000000000044,4948.79252319339,8338.393286132841,-3389.6007629394517
2017-05-26,-14.400000000000006,0.0,-14.400000000000006,4934.39252319339,8338.393286132841,-3404.0007629394513
2017-05-29,-87.2,0.0,-87.2,4847.19252319339,8338.393286132841,-3491.200762939451
2017-05-31,218.39999999999998,0.0,218.39999999999998,5065.59252319339,8338.393286132841,-3272.8007629394515
2017-06-01,58.39999999999999,0.0,58.39999999999999,5123.992523193389,8338.393286132841,-3214.400762939452
2017-06-02,-87.2,0.0,-87.2,5036.79252319339,8338.393286132841,-3301.6007629394517
2017-06-05,-14.400000000000006,-397.1999999999935,-411.59999999999354,4625.1925231933965,8338.393286132841,-3713.2007629394448
2017-06-06,145.6,-717.200000000001,-571.6000000000009,4053.5925231933957,8338.393286132841,-4284.800762939445
2017-06-07,58.39999999999999,0.0,58.39999999999999,4111.992523193396,8338.393286132841,-4226.4007629394455
2017-06-08,-174.4,0.0,-174.4,3937.5925231933957,8338.393286132841,-4400.800762939445
2017-06-09,72.8,0.0,72.8,4010.392523193396,8338.393286132841,-4328.000762939446
2017-06-12,72.8,-337.2000000000054,-264.4000000000054,3745.9925231933903,8338.393286132841,-4592.400762939451
2017-06-13,0.0,282.7999999999992,282.7999999999992,4028.7925231933896,8338.393286132841,-4309.600762939452
2017-06-14,145.6,1168.3999999999976,1313.9999999999975,5342.792523193387,8338.393286132841,-2995.6007629394544
2017-06-15,-14.400000000000006,0.0,-14.400000000000006,5328.392523193387,8338.393286132841,-3010.000762939454
2017-06-19,72.8,-397.20000000000056,-324.40000000000055,5003.992523193387,8338.393286132841,-3334.4007629394546
2017-06-20,72.8,0.0,72.8,5076.792523193387,8338.393286132841,-3261.6007629394544
2017-06-21,291.2,0.0,291.2,5367.992523193387,8338.393286132841,-2970.4007629394546
2017-06-22,-87.2,0.0,-87.2,5280.792523193387,8338.393286132841,-3057.6007629394544
2017-06-23,145.6,0.0,145.6,5426.392523193387,8338.393286132841,-2912.000762939454
2017-06-26,72.8,-247.200000000002,-174.40000000000202,5251.992523193385,8338.393286132841,-3086.4007629394564
2017-06-27,0.0,222.800000000004,222.800000000004,5474.792523193389,8338.393286132841,-2863.6007629394526
2017-06-28,-101.60000000000001,455.5999999999988,353.99999999999875,5828.792523193388,8338.393286132841,-2509.6007629394535
2017-06-29,-174.4,272.80000000000115,98.40000000000114,5927.192523193389,8338.393286132841,-2411.200762939452
2017-07-03,0.0,-277.199999999996,-277.199999999996,5649.992523193393,8338.393286132841,-2688.400762939448
2017-07-05,-14.400000000000006,825.5999999999963,811.1999999999963,6461.192523193389,8338.393286132841,-1877.200762939452
2017-07-06,145.6,1448.3999999999987,1593.9999999999986,8055.192523193387,8338.393286132841,-283.20076293945385
2017-07-07,0.0,875.6000000000076,875.6000000000076,8930.792523193395,8930.792523193395,0.0
2017-07-10,-87.2,535.6000000000041,448.4000000000041,9379.192523193398,9379.192523193398,0.0
2017-07-11,-14.400000000000006,835.6000000000013,821.2000000000013,10200.392523193399,10200.392523193399,0.0
2017-07-13,0.0,-197.1986267089844,-197.1986267089844,10003.193896484414,10200.392523193399,-197.1986267089851
2017-07-14,0.0,2.7999999999980103,2.7999999999980103,10005.993896484411,10200.392523193399,-194.39862670898765
2017-07-17,-87.2,-307.19999999999715,-394.39999999999714,9611.593896484414,10200.392523193399,-588.7986267089855
2017-07-18,-174.4,0.0,-174.4,9437.193896484414,10200.392523193399,-763.1986267089851
2017-07-19,-87.2,745.600000000005,658.400000000005,10095.593896484419,10200.392523193399,-104.79862670898001
2017-07-20,145.6,0.0,145.6,10241.19389648442,10241.19389648442,0.0
2017-07-21,-101.60000000000001,545.6000000000022,444.00000000000216,10685.193896484421,10685.193896484421,0.0
2017-07-24,0.0,-307.19999999999715,-307.19999999999715,10377.993896484424,10685.193896484421,-307.1999999999971
2017-07-25,0.0,655.6000000000016,655.6000000000016,11033.593896484426,11033.593896484426,0.0
2017-07-26,145.6,0.0,145.6,11179.193896484427,11179.193896484427,0.0
2017-07-27,72.8,0.0,72.8,11251.993896484426,11251.993896484426,0.0
2017-07-31,-174.4,0.0,-174.4,11077.593896484426,11251.993896484426,-174.39999999999964
2017-08-01,72.8,0.0,72.8,11150.393896484426,11251.993896484426,-101.60000000000036
2017-08-02,-101.60000000000001,0.0,-101.60000000000001,11048.793896484425,11251.993896484426,-203.20000000000073
2017-08-03,-87.2,0.0,-87.2,10961.593896484424,11251.993896484426,-290.40000000000146
2017-08-04,-101.60000000000001,0.0,-101.60000000000001,10859.993896484424,11251.993896484426,-392.0000000000018
2017-08-07,0.0,-337.2000000000054,-337.2000000000054,10522.793896484418,11251.993896484426,-729.200000000008
2017-08-08,145.6,-327.2000000000003,-181.60000000000028,10341.193896484418,11251.993896484426,-910.8000000000084
2017-08-09,-174.4,122.80000000000256,-51.59999999999745,10289.59389648442,11251.993896484426,-962.4000000000051
2017-08-10,-87.2,0.0,-87.2,10202.39389648442,11251.993896484426,-1049.6000000000058
2017-08-11,72.8,-437.1999999999997,-364.3999999999997,9837.99389648442,11251.993896484426,-1414.0000000000055
2017-08-14,72.8,-787.2000000000012,-714.4000000000012,9123.593896484419,11251.993896484426,-2128.400000000007
2017-08-15,-87.2,212.79999999999887,125.59999999999887,9249.193896484418,11251.993896484426,-2002.8000000000084
2017-08-16,72.8,-757.2,-684.4000000000001,8564.793896484418,11251.993896484426,-2687.200000000008
2017-08-17,145.6,472.800000000004,618.400000000004,9183.193896484421,11251.993896484426,-2068.8000000000047
2017-08-18,-174.4,-1287.2000000000012,-1461.6000000000013,7721.59389648442,11251.993896484426,-3530.400000000006
2017-08-21,218.39999999999998,0.0,218.39999999999998,7939.99389648442,11251.993896484426,-3312.0000000000064
2017-08-22,-14.400000000000006,-317.20000000000226,-331.6000000000023,7608.393896484417,11251.993896484426,-3643.6000000000085
2017-08-23,72.8,445.60000000000076,518.4000000000008,8126.793896484418,11251.993896484426,-3125.200000000008
2017-08-24,-87.2,0.0,-87.2,8039.593896484418,11251.993896484426,-3212.400000000008
2017-08-25,72.8,-107.19999999999432,-34.39999999999432,8005.193896484424,11251.993896484426,-3246.800000000002
2017-08-28,-87.2,155.60000000000161,68.40000000000161,8073.593896484425,11251.993896484426,-3178.4000000000005
2017-08-29,145.6,175.60000000000474,321.2000000000047,8394.79389648443,11251.993896484426,-2857.1999999999953
2017-08-30,-101.60000000000001,985.5999999999999,883.9999999999999,9278.79389648443,11251.993896484426,-1973.1999999999953
2017-08-31,-14.400000000000006,515.600000000001,501.20000000000107,9779.993896484431,11251.993896484426,-1471.9999999999945
2017-09-01,145.6,-397.20000000000056,-251.60000000000056,9528.393896484431,11251.993896484426,-1723.599999999995
2017-09-04,0.0,-227.19999999999885,-227.19999999999885,9301.193896484432,11251.993896484426,-1950.7999999999938
2017-09-05,0.0,132.80000000000058,132.80000000000058,9433.993896484433,11251.993896484426,-1817.9999999999927
2017-09-06,-14.400000000000006,-57.19999999999716,-71.59999999999717,9362.393896484436,11251.993896484426,-1889.5999999999894
2017-09-07,145.6,122.80000000000256,268.40000000000254,9630.79389648444,11251.993896484426,-1621.1999999999862
2017-09-08,72.8,0.0,72.8,9703.593896484439,11251.993896484426,-1548.399999999987
2017-09-11,72.8,-747.1999999999949,-674.399999999995,9029.193896484445,11251.993896484426,-2222.799999999981
2017-09-12,0.0,-17.19999999999801,-17.19999999999801,9011.993896484446,11251.993896484426,-2239.99999999998
2017-09-13,0.0,592.8000000000013,592.8000000000013,9604.793896484447,11251.993896484426,-1647.199999999979
2017-09-14,-87.2,0.0,-87.2,9517.593896484446,11251.993896484426,-1734.3999999999796
2017-09-18,-87.2,232.800000000002,145.600000000002,9663.193896484448,11251.993896484426,-1588.7999999999774
2017-09-19,-174.4,0.0,-174.4,9488.793896484449,11251.993896484426,-1763.199999999977
2017-09-20,-174.4,592.8000000000013,418.40000000000134,9907.19389648445,11251.993896484426,-1344.7999999999756
2017-09-21,-87.2,142.7999999999986,55.59999999999859,9962.793896484449,11251.993896484426,-1289.199999999977
2017-09-22,72.8,0.0,72.8,10035.593896484448,11251.993896484426,-1216.3999999999778
2017-09-26,72.8,0.0,72.8,10108.393896484447,11251.993896484426,-1143.5999999999785
2017-09-27,145.6,0.0,145.6,10253.993896484448,11251.993896484426,-997.9999999999782
2017-09-28,58.39999999999999,0.0,58.39999999999999,10312.393896484447,11251.993896484426,-939.5999999999785
2017-09-29,-174.4,0.0,-174.4,10137.993896484448,11251.993896484426,-1113.9999999999782
2017-10-02,72.8,-167.19999999999658,-94.39999999999658,10043.593896484452,11251.993896484426,-1208.3999999999742
2017-10-03,-87.2,-137.20000000000255,-224.40000000000254,9819.193896484448,11251.993896484426,-1432.7999999999774
2017-10-04,-28.80000000000001,-347.2000000000034,-376.0000000000034,9443.193896484445,11251.993896484426,-1808.799999999981
2017-10-05,-174.4,-597.1999999999964,-771.5999999999964,8671.593896484448,11251.993896484426,-2580.399999999978
2017-10-06,72.8,182.7999999999977,255.5999999999977,8927.193896484447,11251.993896484426,-2324.7999999999793
2017-10-09,-87.2,32.799999999999145,-54.40000000000086,8872.793896484445,11251.993896484426,-2379.1999999999807
2017-10-10,0.0,655.5999999999945,655.5999999999945,9528.39389648444,11251.993896484426,-1723.5999999999858
2017-10-11,-14.400000000000006,162.7999999999946,148.3999999999946,9676.793896484434,11251.993896484426,-1575.1999999999916
2017-10-12,0.0,212.79999999999887,212.79999999999887,9889.593896484434,11251.993896484426,-1362.3999999999924
2017-10-13,145.6,0.0,145.6,10035.193896484434,11251.993896484426,-1216.799999999992
2017-10-16,-14.400000000000006,0.0,-14.400000000000006,10020.793896484434,11251.993896484426,-1231.1999999999916
2017-10-17,-14.400000000000006,0.0,-14.400000000000006,10006.393896484435,11251.993896484426,-1245.5999999999913
2017-10-18,-101.60000000000001,0.0,-101.60000000000001,9904.793896484434,11251.993896484426,-1347.1999999999916
2017-10-20,72.8,0.0,72.8,9977.593896484434,11251.993896484426,-1274.3999999999924
2017-10-23,58.39999999999999,-297.19999999999914,-238.79999999999916,9738.793896484434,11251.993896484426,-1513.1999999999916
2017-10-24,-174.4,0.0,-174.4,9564.393896484435,11251.993896484426,-1687.5999999999913
2017-10-25,-34.39999999999773,0.0,-34.39999999999773,9529.993896484437,11251.993896484426,-1721.999999999989
2017-10-26,72.8,0.0,72.8,9602.793896484436,11251.993896484426,-1649.1999999999898
2017-10-27,145.6,0.0,145.6,9748.393896484436,11251.993896484426,-1503.5999999999894
2017-10-30,58.39999999999999,0.0,58.39999999999999,9806.793896484436,11251.993896484426,-1445.1999999999898
2017-10-31,291.2,0.0,291.2,10097.993896484437,11251.993896484426,-1153.999999999989
2017-11-01,-174.4,0.0,-174.4,9923.593896484437,11251.993896484426,-1328.3999999999887
2017-11-02,-87.2,0.0,-87.2,9836.393896484436,11251.993896484426,-1415.5999999999894
2017-11-03,-116.00000000000001,0.0,-116.00000000000001,9720.393896484436,11251.993896484426,-1531.5999999999894
2017-11-06,-14.400000000000006,0.0,-14.400000000000006,9705.993896484437,11251.993896484426,-1545.999999999989
2017-11-07,-14.400000000000006,0.0,-14.400000000000006,9691.593896484437,11251.993896484426,-1560.3999999999887
2017-11-08,189.59999999999997,0.0,189.59999999999997,9881.193896484438,11251.993896484426,-1370.7999999999884
2017-11-09,-14.400000000000006,0.0,-14.400000000000006,9866.793896484438,11251.993896484426,-1385.199999999988
2017-11-10,-87.2,0.0,-87.2,9779.593896484437,11251.993896484426,-1472.3999999999887
2017-11-13,-174.4,-157.19999999999857,-331.59999999999854,9447.993896484439,11251.993896484426,-1803.9999999999873
2017-11-14,-101.60000000000001,0.0,-101.60000000000001,9346.393896484438,11251.993896484426,-1905.5999999999876
2017-11-15,-14.400000000000006,2.7999999999980103,-11.600000000001994,9334.793896484436,11251.993896484426,-1917.1999999999898
2017-11-16,-14.400000000000006,82.80000000000341,68.4000000000034,9403.19389648444,11251.993896484426,-1848.7999999999865
2017-11-17,72.8,0.0,72.8,9475.993896484439,11251.993896484426,-1775.9999999999873
2017-11-20,-14.400000000000006,-157.19999999999857,-171.59999999999857,9304.39389648444,11251.993896484426,-1947.5999999999858
2017-11-21,58.39999999999999,0.0,58.39999999999999,9362.79389648444,11251.993896484426,-1889.1999999999862
2017-11-22,-101.60000000000001,0.0,-101.60000000000001,9261.19389648444,11251.993896484426,-1990.7999999999865
2017-11-23,52.80000000000227,0.0,52.80000000000227,9313.993896484442,11251.993896484426,-1937.9999999999836
2017-11-24,72.8,0.0,72.8,9386.793896484442,11251.993896484426,-1865.1999999999844
2017-11-27,-87.2,0.0,-87.2,9299.59389648444,11251.993896484426,-1952.399999999985
2017-11-29,-116.00000000000001,0.0,-116.00000000000001,9183.59389648444,11251.993896484426,-2068.399999999985
2017-11-30,58.39999999999999,455.5999999999988,513.9999999999987,9697.593896484439,11251.993896484426,-1554.399999999987
2017-12-01,0.0,-127.20000000000456,-127.20000000000456,9570.393896484435,11251.993896484426,-1681.5999999999913
2017-12-04,0.0,-367.1999999999994,-367.1999999999994,9203.193896484436,11251.993896484426,-2048.79999999999
2017-12-05,0.0,302.8000000000023,302.8000000000023,9505.993896484439,11251.993896484426,-1745.9999999999873
2017-12-06,-14.400000000000006,-567.2000000000023,-581.6000000000023,8924.393896484436,11251.993896484426,-2327.5999999999894
2017-12-07,-87.2,-467.2000000000008,-554.4000000000008,8369.993896484435,11251.993896484426,-2881.999999999991
2017-12-08,0.0,245.59999999999792,245.59999999999792,8615.593896484434,11251.993896484426,-2636.3999999999924
2017-12-11,0.0,402.7999999999966,402.7999999999966,9018.393896484431,11251.993896484426,-2233.599999999995
2017-12-12,-14.400000000000006,0.0,-14.400000000000006,9003.993896484431,11251.993896484426,-2247.9999999999945
2017-12-13,0.0,465.6000000000039,465.6000000000039,9469.593896484435,11251.993896484426,-1782.3999999999905
2017-12-14,0.0,-757.2,-757.2,8712.393896484435,11251.993896484426,-2539.5999999999913
2017-12-15,0.0,-177.2000000000017,-177.2000000000017,8535.193896484432,11251.993896484426,-2716.799999999994
2017-12-18,0.0,-687.1999999999998,-687.1999999999998,7847.993896484432,11251.993896484426,-3403.9999999999936
2017-12-19,0.0,-97.19999999999632,-97.19999999999632,7750.793896484436,11251.993896484426,-3501.19999999999
2017-12-22,72.8,0.0,72.8,7823.593896484436,11251.993896484426,-3428.3999999999896
2017-12-27,72.8,0.0,72.8,7896.3938964844365,11251.993896484426,-3355.5999999999894
2017-12-28,145.6,0.0,145.6,8041.993896484437,11251.993896484426,-3209.999999999989
2017-12-29,72.8,0.0,72.8,8114.793896484437,11251.993896484426,-3137.199999999989
2018-01-02,-87.2,0.0,-87.2,8027.593896484437,11251.993896484426,-3224.3999999999887
2018-01-03,72.8,0.0,72.8,8100.393896484437,11251.993896484426,-3151.5999999999885
2018-01-04,58.39999999999999,0.0,58.39999999999999,8158.793896484437,11251.993896484426,-3093.199999999989
2018-01-05,145.6,0.0,145.6,8304.393896484436,11251.993896484426,-2947.5999999999894
2018-01-08,-87.2,0.0,-87.2,8217.193896484436,11251.993896484426,-3034.79999999999
2018-01-09,-14.400000000000006,0.0,-14.400000000000006,8202.793896484436,11251.993896484426,-3049.19999999999
2018-01-10,72.8,0.0,72.8,8275.593896484435,11251.993896484426,-2976.3999999999905
2018-01-11,-14.400000000000006,0.0,-14.400000000000006,8261.193896484436,11251.993896484426,-2990.79999999999
2018-01-12,58.39999999999999,0.0,58.39999999999999,8319.593896484435,11251.993896484426,-2932.3999999999905
2018-01-15,-174.4,-517.199999999991,-691.5999999999909,7627.993896484444,11251.993896484426,-3623.999999999982
2018-01-16,145.6,82.80000000000341,228.4000000000034,7856.393896484447,11251.993896484426,-3395.5999999999785
2018-01-17,145.6,-387.1999999999954,-241.5999999999954,7614.793896484452,11251.993896484426,-3637.1999999999744
2018-01-18,-174.4,-147.20000000000056,-321.6000000000006,7293.193896484451,11251.993896484426,-3958.7999999999747
2018-01-19,-14.400000000000006,272.80000000000115,258.4000000000011,7551.593896484453,11251.993896484426,-3700.3999999999733
2018-01-22,131.2,0.0,131.2,7682.7938964844525,11251.993896484426,-3569.1999999999734
2018-01-23,72.8,0.0,72.8,7755.593896484453,11251.993896484426,-3496.3999999999733
2018-01-24,43.999999999999986,0.0,43.999999999999986,7799.593896484453,11251.993896484426,-3452.3999999999733
2018-01-25,-14.400000000000006,0.0,-14.400000000000006,7785.193896484453,11251.993896484426,-3466.799999999973
2018-01-26,72.8,0.0,72.8,7857.993896484453,11251.993896484426,-3393.9999999999727
2018-01-29,-174.4,-27.19999999999602,-201.59999999999602,7656.393896484457,11251.993896484426,-3595.5999999999685
2018-01-30,72.8,665.5999999999925,738.3999999999925,8394.79389648445,11251.993896484426,-2857.1999999999753
2018-01-31,58.39999999999999,0.0,58.39999999999999,8453.19389648445,11251.993896484426,-2798.7999999999756
2018-02-01,0.0,-227.19999999999885,-227.19999999999885,8225.993896484451,11251.993896484426,-3025.9999999999745
2018-02-02,0.0,1318.3999999999892,1318.3999999999892,9544.39389648444,11251.993896484426,-1707.5999999999858
2018-02-06,72.8,0.0,72.8,9617.19389648444,11251.993896484426,-1634.7999999999865
2018-02-07,189.59999999999997,0.0,189.59999999999997,9806.79389648444,11251.993896484426,-1445.1999999999862
2018-02-08,131.2,0.0,131.2,9937.99389648444,11251.993896484426,-1313.9999999999854
2018-02-09,399.6000000000001,0.0,399.6000000000001,10337.59389648444,11251.993896484426,-914.3999999999851
2018-02-12,-157.2,0.0,-157.2,10180.39389648444,11251.993896484426,-1071.5999999999858
2018-02-13,-314.4,0.0,-314.4,9865.99389648444,11251.993896484426,-1385.9999999999854
2018-02-14,-14.399999999999977,0.0,-14.399999999999977,9851.59389648444,11251.993896484426,-1400.399999999985
2018-02-16,-314.4,0.0,-314.4,9537.193896484441,11251.993896484426,-1714.7999999999847
2018-02-19,0.0,-467.1990844726562,-467.1990844726562,9069.994812011784,11251.993896484426,-2181.9990844726417
2018-02-20,145.6,0.0,145.6,9215.594812011785,11251.993896484426,-2036.3990844726413
2018-02-21,72.8,0.0,72.8,9288.394812011784,11251.993896484426,-1963.599084472642
2018-02-22,72.8,635.5999999999984,708.3999999999984,9996.794812011782,11251.993896484426,-1255.1990844726442
2018-02-23,-14.400000000000006,745.5999999999979,731.1999999999979,10727.994812011779,11251.993896484426,-523.9990844726472
2018-02-26,-276.0,465.6000000000039,189.6000000000039,10917.594812011783,11251.993896484426,-334.39908447264315
2018-02-27,58.39999999999999,-787.2000000000012,-728.8000000000012,10188.794812011782,11251.993896484426,-1063.1990844726442
2018-02-28,-101.60000000000001,1298.4000000000071,1196.8000000000072,11385.594812011788,11385.594812011788,0.0
2018-03-02,-101.60000000000001,-166.00183105468466,-267.6018310546847,11117.992980957104,11385.594812011788,-267.6018310546842
2018-03-05,0.0,358.3972534179688,358.3972534179688,11476.390234375072,11476.390234375072,0.0
2018-03-07,0.0,856.7977111816407,856.7977111816407,12333.187945556712,12333.187945556712,0.0
2018-03-09,-14.400000000000006,0.0,-14.400000000000006,12318.787945556713,12333.187945556712,-14.399999999999636
2018-03-14,58.39999999999999,0.0,58.39999999999999,12377.187945556712,12377.187945556712,0.0
2018-03-15,0.0,-117.2006103515625,-117.2006103515625,12259.987335205149,12377.187945556712,-117.20061035156323
2018-03-16,0.0,-977.1999999999988,-977.1999999999988,11282.78733520515,12377.187945556712,-1094.4006103515621
2018-03-19,145.6,875.6000000000076,1021.2000000000077,12303.987335205158,12377.187945556712,-73.20061035155413
2018-03-20,72.8,855.5999999999974,928.3999999999974,13232.387335205156,13232.387335205156,0.0
2018-03-21,51.19999999999999,-1267.200000000005,-1216.000000000005,12016.38733520515,13232.387335205156,-1216.0000000000055
2018-03-22,-14.400000000000006,0.0,-14.400000000000006,12001.98733520515,13232.387335205156,-1230.400000000005
2018-03-23,131.2,0.0,131.2,12133.187335205152,13232.387335205156,-1099.2000000000044
2018-03-26,-14.400000000000006,0.0,-14.400000000000006,12118.787335205152,13232.387335205156,-1113.600000000004
2018-03-27,72.8,0.0,72.8,12191.587335205151,13232.387335205156,-1040.8000000000047
2018-03-28,43.999999999999986,0.0,43.999999999999986,12235.587335205151,13232.387335205156,-996.8000000000047
2018-03-29,145.6,-284.3966430664063,-138.7966430664063,12096.790692138746,13232.387335205156,-1135.5966430664103
2018-04-02,145.6,1136.7964904785156,1282.3964904785155,13379.187182617261,13379.187182617261,0.0
2018-04-03,145.6,0.0,145.6,13524.787182617261,13524.787182617261,0.0
2018-04-04,218.39999999999998,0.0,218.39999999999998,13743.187182617261,13743.187182617261,0.0
2018-04-05,-101.60000000000001,-681.6006103515598,-783.2006103515598,12959.986572265701,13743.187182617261,-783.2006103515596
2018-04-06,364.0,1185.6000000000026,1549.6000000000026,14509.586572265704,14509.586572265704,0.0
2018-04-09,72.8,0.0,72.8,14582.386572265703,14582.386572265703,0.0
2018-04-10,72.8,0.0,72.8,14655.186572265702,14655.186572265702,0.0
2018-04-11,58.39999999999999,0.0,58.39999999999999,14713.586572265702,14713.586572265702,0.0
2018-04-12,145.6,0.0,145.6,14859.186572265702,14859.186572265702,0.0
2018-04-13,-174.4,0.0,-174.4,14684.786572265702,14859.186572265702,-174.39999999999964
2018-04-16,72.8,-924.4006103515597,-851.6006103515598,13833.185961914143,14859.186572265702,-1026.0006103515589
2018-04-17,145.6,0.0,145.6,13978.785961914144,14859.186572265702,-880.4006103515585
2018-04-18,218.39999999999998,0.0,218.39999999999998,14197.185961914143,14859.186572265702,-662.0006103515589
2018-04-19,-174.4,0.0,-174.4,14022.785961914144,14859.186572265702,-836.4006103515585
2018-04-20,-14.400000000000006,0.0,-14.400000000000006,14008.385961914144,14859.186572265702,-850.8006103515581
2018-04-23,101.19999999999715,-564.3999999999971,-463.2,13545.185961914143,14859.186572265702,-1314.0006103515589
2018-04-24,145.6,0.0,145.6,13690.785961914144,14859.186572265702,-1168.4006103515585
2018-04-25,-14.400000000000006,0.0,-14.400000000000006,13676.385961914144,14859.186572265702,-1182.8006103515581
2018-04-26,-261.6,0.0,-261.6,13414.785961914144,14859.186572265702,-1444.4006103515585
2018-04-27,-14.400000000000006,-507.2,-521.6,12893.185961914143,14859.186572265702,-1966.0006103515589
2018-04-30,204.0,1158.3999999999926,1362.3999999999926,14255.585961914136,14859.186572265702,-603.6006103515665
2018-05-01,0.0,265.5999999999869,265.5999999999869,14521.185961914123,14859.186572265702,-338.00061035157887
2018-05-02,58.39999999999999,132.80000000000058,191.20000000000056,14712.385961914124,14859.186572265702,-146.80061035157814
2018-05-03,-188.8,-987.200000000004,-1176.000000000004,13536.38596191412,14859.186572265702,-1322.8006103515818
2018-05-04,-28.80000000000001,0.0,-28.80000000000001,13507.585961914121,14859.186572265702,-1351.600610351581
2018-05-07,-14.400000000000006,0.0,-14.400000000000006,13493.185961914121,14859.186572265702,-1366.0006103515807
2018-05-08,58.39999999999999,0.0,58.39999999999999,13551.585961914121,14859.186572265702,-1307.600610351581
2018-05-09,72.8,0.0,72.8,13624.38596191412,14859.186572265702,-1234.8006103515818
2018-05-10,-174.4,0.0,-174.4,13449.98596191412,14859.186572265702,-1409.2006103515814
2018-05-11,145.6,0.0,145.6,13595.585961914121,14859.186572265702,-1263.600610351581
2018-05-14,145.6,0.0,145.6,13741.185961914121,14859.186572265702,-1118.0006103515807
2018-05-15,145.6,0.0,145.6,13886.785961914122,14859.186572265702,-972.4006103515803
2018-05-16,-87.2,192.80000000000285,105.60000000000285,13992.385961914124,14859.186572265702,-866.8006103515781
2018-05-17,145.6,0.0,145.6,14137.985961914124,14859.186572265702,-721.2006103515778
2018-05-18,145.6,0.0,145.6,14283.585961914125,14859.186572265702,-575.6006103515774
2018-05-21,-87.2,592.7999999999943,505.5999999999943,14789.18596191412,14859.186572265702,-70.00061035158251
2018-05-22,145.6,0.0,145.6,14934.78596191412,14934.78596191412,0.0
2018-05-23,145.6,0.0,145.6,15080.38596191412,15080.38596191412,0.0
2018-05-24,-87.2,-127.20000000000456,-214.40000000000458,14865.985961914115,15080.38596191412,-214.4000000000051
2018-05-25,145.6,1338.399999999985,1483.999999999985,16349.9859619141,16349.9859619141,0.0
2018-05-28,72.8,0.0,72.8,16422.7859619141,16422.7859619141,0.0
2018-05-29,291.2,0.0,291.2,16713.985961914103,16713.985961914103,0.0
2018-05-30,-14.400000000000006,728.4000000000001,714.0000000000001,17427.985961914103,17427.985961914103,0.0
2018-05-31,-116.00000000000001,0.0,-116.00000000000001,17311.985961914103,17427.985961914103,-116.0
2018-06-01,-14.400000000000006,0.0,-14.400000000000006,17297.5859619141,17427.985961914103,-130.40000000000146
2018-06-04,58.39999999999999,0.0,58.39999999999999,17355.985961914103,17427.985961914103,-72.0
2018-06-05,58.39999999999999,0.0,58.39999999999999,17414.385961914104,17427.985961914103,-13.599999999998545
2018-06-06,-14.400000000000006,0.0,-14.400000000000006,17399.985961914103,17427.985961914103,-28.0
2018-06-07,72.8,0.0,72.8,17472.7859619141,17472.7859619141,0.0
2018-06-08,-174.4,0.0,-174.4,17298.3859619141,17472.7859619141,-174.40000000000146
2018-06-11,-87.2,1148.3999999999874,1061.1999999999873,18359.585961914087,18359.585961914087,0.0
2018-06-12,58.39999999999999,775.599999999992,833.9999999999919,19193.58596191408,19193.58596191408,0.0
2018-06-13,-101.60000000000001,-757.2,-858.8000000000001,18334.78596191408,19193.58596191408,-858.7999999999993
2018-06-14,145.6,-397.20000000000056,-251.60000000000056,18083.185961914078,19193.58596191408,-1110.4000000000015
2018-06-15,218.39999999999998,1521.1999999999828,1739.5999999999826,19822.78596191406,19822.78596191406,0.0
2018-06-18,-14.400000000000006,0.0,-14.400000000000006,19808.38596191406,19822.78596191406,-14.400000000001455
2018-06-19,72.8,0.0,72.8,19881.18596191406,19881.18596191406,0.0
2018-06-20,-174.4,0.0,-174.4,19706.785961914058,19881.18596191406,-174.40000000000146
2018-06-21,-436.0,0.0,-436.0,19270.785961914058,19881.18596191406,-610.4000000000015
2018-06-22,131.2,0.0,131.2,19401.98596191406,19881.18596191406,-479.2000000000007
2018-06-25,218.39999999999998,442.80000000000285,661.2000000000028,20063.185961914063,20063.185961914063,0.0
2018-06-26,364.0,0.0,364.0,20427.185961914063,20427.185961914063,0.0
2018-06-27,-157.2,-207.20000000000283,-364.4000000000028,20062.78596191406,20427.185961914063,-364.40000000000146
2018-06-28,571.2,0.0,571.2,20633.985961914062,20633.985961914062,0.0
2018-07-02,271.20000000000005,0.0,271.20000000000005,20905.185961914063,20905.185961914063,0.0
2018-07-03,-171.59999999999997,0.0,-171.59999999999997,20733.585961914065,20905.185961914063,-171.59999999999854
2018-07-05,58.39999999999999,261.20091552734385,319.60091552734383,21053.186877441407,21053.186877441407,0.0
2018-07-06,291.2,0.0,291.2,21344.386877441408,21344.386877441408,0.0
2018-07-09,-87.2,0.0,-87.2,21257.186877441407,21344.386877441408,-87.20000000000073
2018-07-10,-314.4,0.0,-314.4,20942.786877441406,21344.386877441408,-401.6000000000022
2018-07-11,-363.20000000000005,649.6000000000029,286.4000000000028,21229.186877441407,21344.386877441408,-115.20000000000073
2018-07-12,428.40000000000003,442.80000000000285,871.2000000000029,22100.38687744141,22100.38687744141,0.0
2018-07-13,-157.2,0.0,-157.2,21943.18687744141,22100.38687744141,-157.20000000000073
2018-07-16,-157.2,0.0,-157.2,21785.98687744141,22100.38687744141,-314.40000000000146
2018-07-17,142.8,442.80000000000285,585.6000000000029,22371.586877441412,22371.586877441412,0.0
2018-07-18,-314.4,0.0,-314.4,22057.18687744141,22371.586877441412,-314.40000000000146
2018-07-19,-14.399999999999977,0.0,-14.399999999999977,22042.78687744141,22371.586877441412,-328.8000000000029
2018-07-20,-157.2,0.0,-157.2,21885.58687744141,22371.586877441412,-486.00000000000364
2018-07-24,72.8,611.1993896484375,683.9993896484375,22569.586267089846,22569.586267089846,0.0
2018-07-25,276.79999999999995,0.0,276.79999999999995,22846.386267089845,22846.386267089845,0.0
2018-07-26,-14.400000000000006,0.0,-14.400000000000006,22831.986267089844,22846.386267089845,-14.400000000001455
2018-07-27,58.39999999999999,0.0,58.39999999999999,22890.386267089845,22890.386267089845,0.0
2018-07-30,-261.6,0.0,-261.6,22628.786267089847,22890.386267089845,-261.59999999999854
2018-07-31,218.39999999999998,0.0,218.39999999999998,22847.186267089848,22890.386267089845,-43.19999999999709
2018-08-01,291.2,0.0,291.2,23138.38626708985,23138.38626708985,0.0
2018-08-02,-14.400000000000006,0.0,-14.400000000000006,23123.986267089847,23138.38626708985,-14.400000000001455
2018-08-03,58.39999999999999,0.0,58.39999999999999,23182.38626708985,23182.38626708985,0.0
2018-08-06,0.0,-1201.597253417966,-1201.597253417966,21980.78901367188,23182.38626708985,-1201.5972534179673
2018-08-07,72.8,115.59725341796877,188.39725341796878,22169.18626708985,23182.38626708985,-1013.1999999999971
2018-08-08,291.2,1148.3999999999874,1439.5999999999874,23608.78626708984,23608.78626708984,0.0
2018-08-09,-87.2,0.0,-87.2,23521.58626708984,23608.78626708984,-87.20000000000073
2018-08-10,-14.400000000000006,0.0,-14.400000000000006,23507.186267089837,23608.78626708984,-101.60000000000218
2018-08-13,-188.8,0.0,-188.8,23318.386267089838,23608.78626708984,-290.40000000000146
2018-08-14,-116.00000000000001,533.9996948242188,417.99969482421875,23736.385961914057,23736.385961914057,0.0
2018-08-15,145.6,0.0,145.6,23881.985961914055,23881.985961914055,0.0
2018-08-16,145.6,0.0,145.6,24027.585961914054,24027.585961914054,0.0
2018-08-17,88.40000000000283,0.0,88.40000000000283,24115.985961914055,24115.985961914055,0.0
2018-08-20,-101.60000000000001,105.59511718750002,3.995117187500014,24119.981079101555,24119.981079101555,0.0
2018-08-21,145.6,-467.19999999999374,-321.59999999999377,23798.38107910156,24119.981079101555,-321.5999999999949
2018-08-22,58.39999999999999,405.59999999998746,463.99999999998744,24262.38107910155,24262.38107910155,0.0
2018-08-23,145.6,332.8000000000034,478.4000000000034,24740.781079101554,24740.781079101554,0.0
2018-08-24,58.39999999999999,-347.2000000000034,-288.8000000000034,24451.98107910155,24740.781079101554,-288.8000000000029
2018-08-27,0.0,-57.19999999999716,-57.19999999999716,24394.781079101554,24740.781079101554,-346.0
2018-08-28,0.0,475.59999999999485,475.59999999999485,24870.38107910155,24870.38107910155,0.0
2018-08-29,0.0,482.7999999999949,482.7999999999949,25353.181079101545,25353.181079101545,0.0
2018-08-30,-87.2,432.79999999999774,345.59999999999775,25698.781079101544,25698.781079101544,0.0
2018-08-31,145.6,-57.19999999999716,88.40000000000283,25787.181079101545,25787.181079101545,0.0
2018-09-04,-14.400000000000006,0.0,-14.400000000000006,25772.781079101544,25787.181079101545,-14.400000000001455
2018-09-05,0.0,-387.1999999999954,-387.1999999999954,25385.581079101546,25787.181079101545,-401.59999999999854
2018-09-06,0.0,768.3999999999919,768.3999999999919,26153.981079101537,26153.981079101537,0.0
2018-09-07,131.2,-94.39999999999839,36.8000000000016,26190.78107910154,26190.78107910154,0.0
2018-09-10,0.0,-567.2000000000023,-567.2000000000023,25623.58107910154,26190.78107910154,-567.2000000000007
2018-09-11,0.0,1214.0,1214.0,26837.58107910154,26837.58107910154,0.0
2018-09-12,-14.400000000000006,0.0,-14.400000000000006,26823.181079101538,26837.58107910154,-14.400000000001455
2018-09-13,-101.60000000000001,0.0,-101.60000000000001,26721.58107910154,26837.58107910154,-116.0
2018-09-17,142.8,331.20061035156255,474.00061035156256,27195.5816894531,27195.5816894531,0.0
2018-09-18,-157.2,105.60274658203127,-51.597253417968716,27143.984436035134,27195.5816894531,-51.597253417967295
2018-09-20,218.39999999999998,0.0,218.39999999999998,27362.384436035136,27362.384436035136,0.0
2018-09-21,-28.80000000000001,0.0,-28.80000000000001,27333.584436035137,27362.384436035136,-28.799999999999272
2018-09-24,-14.400000000000006,0.0,-14.400000000000006,27319.184436035135,27362.384436035136,-43.20000000000073
2018-09-25,-101.60000000000001,0.0,-101.60000000000001,27217.584436035137,27362.384436035136,-144.79999999999927
2018-09-26,145.6,0.0,145.6,27363.184436035135,27363.184436035135,0.0
2018-09-27,72.8,0.0,72.8,27435.984436035134,27435.984436035134,0.0
2018-09-28,-101.60000000000001,0.0,-101.60000000000001,27334.384436035136,27435.984436035134,-101.59999999999854
2018-10-01,218.39999999999998,0.0,218.39999999999998,27552.784436035137,27552.784436035137,0.0
2018-10-02,145.6,0.0,145.6,27698.384436035136,27698.384436035136,0.0
2018-10-03,43.999999999999986,0.0,43.999999999999986,27742.384436035136,27742.384436035136,0.0
2018-10-05,271.20000000000005,0.0,271.20000000000005,28013.584436035137,28013.584436035137,0.0
2018-10-08,-157.2,0.0,-157.2,27856.384436035136,28013.584436035137,-157.20000000000073
2018-10-09,-157.2,-321.59999999999724,-478.7999999999972,27377.58443603514,28013.584436035137,-635.9999999999964
2018-10-10,142.8,0.0,142.8,27520.38443603514,28013.584436035137,-493.1999999999971
2018-10-11,285.6,0.0,285.6,27805.984436035138,28013.584436035137,-207.59999999999854
2018-10-12,145.6,0.0,145.6,27951.584436035137,28013.584436035137,-62.0
2018-10-15,131.2,0.0,131.2,28082.784436035137,28082.784436035137,0.0
2018-10-16,58.39999999999999,-924.4006103515597,-866.0006103515598,27216.78382568358,28082.784436035137,-866.0006103515589
2018-10-17,-28.80000000000001,0.0,-28.80000000000001,27187.98382568358,28082.784436035137,-894.8006103515581
2018-10-18,58.39999999999999,0.0,58.39999999999999,27246.38382568358,28082.784436035137,-836.4006103515567
2018-10-19,-14.400000000000006,0.0,-14.400000000000006,27231.98382568358,28082.784436035137,-850.8006103515581
2018-10-22,145.6,0.0,145.6,27377.583825683578,28082.784436035137,-705.2006103515596
2018-10-23,276.79999999999995,649.6000000000029,926.4000000000028,28303.98382568358,28303.98382568358,0.0
2018-10-24,145.6,0.0,145.6,28449.583825683578,28449.583825683578,0.0
2018-10-25,145.6,0.0,145.6,28595.183825683576,28595.183825683576,0.0
2018-10-26,204.0,0.0,204.0,28799.183825683576,28799.183825683576,0.0
2018-10-29,-174.4,0.0,-174.4,28624.783825683575,28799.183825683576,-174.40000000000146
2018-10-30,218.39999999999998,0.0,218.39999999999998,28843.183825683576,28843.183825683576,0.0
2018-10-31,-116.00000000000001,0.0,-116.00000000000001,28727.183825683576,28843.183825683576,-116.0
2018-11-01,436.79999999999995,0.0,436.79999999999995,29163.983825683576,29163.983825683576,0.0
2018-11-02,128.40000000000003,0.0,128.40000000000003,29292.383825683577,29292.383825683577,0.0
2018-11-05,-14.400000000000006,0.0,-14.400000000000006,29277.983825683576,29292.383825683577,-14.400000000001455
2018-11-06,58.39999999999999,0.0,58.39999999999999,29336.383825683577,29336.383825683577,0.0
2018-11-07,128.40000000000003,0.0,128.40000000000003,29464.78382568358,29464.78382568358,0.0
2018-11-08,285.6,0.0,285.6,29750.383825683577,29750.383825683577,0.0
2018-11-09,43.999999999999986,0.0,43.999999999999986,29794.383825683577,29794.383825683577,0.0
2018-11-12,-28.80000000000001,0.0,-28.80000000000001,29765.583825683578,29794.383825683577,-28.799999999999272
2018-11-13,102.39999999999998,0.0,102.39999999999998,29867.98382568358,29867.98382568358,0.0
2018-11-14,-314.4,0.0,-314.4,29553.583825683578,29867.98382568358,-314.40000000000146
2018-11-15,-157.2,0.0,-157.2,29396.383825683577,29867.98382568358,-471.6000000000022
2018-11-16,-28.799999999999955,0.0,-28.799999999999955,29367.583825683578,29867.98382568358,-500.40000000000146
2018-11-19,-171.59999999999997,0.0,-171.59999999999997,29195.98382568358,29867.98382568358,-672.0
2018-11-20,556.8000000000001,442.80000000000285,999.6000000000029,30195.58382568358,30195.58382568358,0.0
2018-11-21,128.40000000000003,0.0,128.40000000000003,30323.983825683583,30323.983825683583,0.0
2018-11-23,-14.399999999999977,0.0,-14.399999999999977,30309.58382568358,30323.983825683583,-14.400000000001455
2018-11-26,-157.2,0.0,-157.2,30152.38382568358,30323.983825683583,-171.60000000000218
2018-11-27,128.40000000000003,0.0,128.40000000000003,30280.783825683582,30323.983825683583,-43.20000000000073
2018-11-28,-185.99999999999994,0.0,-185.99999999999994,30094.783825683582,30323.983825683583,-229.20000000000073
2018-11-29,43.999999999999986,0.0,43.999999999999986,30138.783825683582,30323.983825683583,-185.20000000000073
2018-11-30,238.4000000000009,0.0,238.4000000000009,30377.183825683584,30377.183825683584,0.0
2018-12-03,-314.4,442.80000000000285,128.40000000000288,30505.583825683585,30505.583825683585,0.0
2018-12-04,-14.399999999999977,0.0,-14.399999999999977,30491.183825683584,30505.583825683585,-14.400000000001455
2018-12-05,218.39999999999998,0.0,218.39999999999998,30709.583825683585,30709.583825683585,0.0
2018-12-06,0.0,-187.1999999999997,-187.1999999999997,30522.383825683584,30709.583825683585,-187.20000000000073
2018-12-07,-14.399999999999977,0.0,-14.399999999999977,30507.983825683583,30709.583825683585,-201.60000000000218
2018-12-10,145.6,0.0,145.6,30653.58382568358,30709.583825683585,-56.00000000000364
2018-12-11,145.6,0.0,145.6,30799.18382568358,30799.18382568358,0.0
2018-12-13,-101.60000000000001,0.0,-101.60000000000001,30697.58382568358,30799.18382568358,-101.59999999999854
2018-12-18,43.999999999999986,0.0,43.999999999999986,30741.58382568358,30799.18382568358,-57.599999999998545
2018-12-19,-14.399999999999977,0.0,-14.399999999999977,30727.18382568358,30799.18382568358,-72.0
2018-12-20,-171.59999999999997,0.0,-171.59999999999997,30555.58382568358,30799.18382568358,-243.59999999999854
2018-12-21,-157.2,0.0,-157.2,30398.38382568358,30799.18382568358,-400.7999999999993
2018-12-24,271.20000000000005,0.0,271.20000000000005,30669.58382568358,30799.18382568358,-129.59999999999854
2018-12-27,-14.399999999999977,0.0,-14.399999999999977,30655.18382568358,30799.18382568358,-144.0
2018-12-28,-157.2,0.0,-157.2,30497.98382568358,30799.18382568358,-301.2000000000007
2018-12-31,142.8,0.0,142.8,30640.78382568358,30799.18382568358,-158.40000000000146
2019-01-02,-628.8,0.0,-628.8,30011.98382568358,30799.18382568358,-787.2000000000007
2019-01-03,-14.399999999999977,0.0,-14.399999999999977,29997.583825683578,30799.18382568358,-801.6000000000022
2019-01-04,-14.399999999999977,442.80000000000285,428.4000000000029,30425.98382568358,30799.18382568358,-373.2000000000007
2019-01-07,285.6,-564.3999999999971,-278.7999999999971,30147.183825683584,30799.18382568358,-651.9999999999964
2019-01-10,-157.2,0.0,-157.2,29989.983825683583,30799.18382568358,-809.1999999999971
2019-01-11,-14.400000000000006,0.0,-14.400000000000006,29975.58382568358,30799.18382568358,-823.5999999999985
2019-01-17,0.0,741.2004577636719,741.2004577636719,30716.784283447254,30799.18382568358,-82.39954223632594
2019-01-18,0.0,873.9998474121094,873.9998474121094,31590.784130859363,31590.784130859363,0.0
2019-01-21,72.8,0.0,72.8,31663.584130859363,31663.584130859363,0.0
2019-01-22,-174.4,45.59999999999502,-128.80000000000499,31534.784130859356,31663.584130859363,-128.80000000000655
2019-01-23,291.2,0.0,291.2,31825.984130859357,31825.984130859357,0.0
2019-01-25,72.8,0.0,72.8,31898.784130859356,31898.784130859356,0.0
2019-01-28,0.0,305.6000000000002,305.6000000000002,32204.384130859355,32204.384130859355,0.0
2019-01-29,-14.400000000000006,0.0,-14.400000000000006,32189.984130859353,32204.384130859355,-14.400000000001455
2019-01-31,-28.80000000000001,0.0,-28.80000000000001,32161.184130859354,32204.384130859355,-43.20000000000073
2019-02-01,-188.8,804.0001525878906,615.2001525878907,32776.384283447245,32776.384283447245,0.0
2019-02-07,0.0,271.1992370605469,271.1992370605469,33047.58352050779,33047.58352050779,0.0
2019-02-08,-14.400000000000006,0.0,-14.400000000000006,33033.18352050779,33047.58352050779,-14.400000000001455
2019-02-11,145.6,1064.0022888183594,1209.6022888183593,34242.785809326146,34242.785809326146,0.0
2019-02-12,0.0,-337.2018310546875,-337.2018310546875,33905.58397827146,34242.785809326146,-337.2018310546846
2019-02-15,-87.2,0.0,-87.2,33818.383978271464,34242.785809326146,-424.4018310546817
2019-02-18,145.6,0.0,145.6,33963.98397827146,34242.785809326146,-278.80183105468313
2019-02-19,-87.2,0.0,-87.2,33876.783978271465,34242.785809326146,-366.0018310546802
2019-02-20,218.39999999999998,0.0,218.39999999999998,34095.18397827147,34242.785809326146,-147.60183105467877
2019-02-21,-14.400000000000006,0.0,-14.400000000000006,34080.783978271465,34242.785809326146,-162.00183105468022
2019-02-22,-14.400000000000006,0.0,-14.400000000000006,34066.383978271464,34242.785809326146,-176.40183105468168
2019-02-25,145.6,-627.1999999999975,-481.5999999999975,33584.783978271465,34242.785809326146,-658.0018310546802
2019-02-26,-87.2,-67.20000000000228,-154.40000000000228,33430.383978271464,34242.785809326146,-812.4018310546817
2019-02-27,145.6,415.60000000000673,561.2000000000068,33991.58397827147,34242.785809326146,-251.2018310546773
2019-02-28,58.39999999999999,-217.20000000000084,-158.80000000000086,33832.783978271465,34242.785809326146,-410.0018310546802
2019-03-01,-28.80000000000001,1228.3999999999999,1199.6,35032.383978271464,35032.383978271464,0.0
2019-03-05,0.0,-467.2000000000008,-467.2000000000008,34565.18397827146,35032.383978271464,-467.20000000000437
2019-03-06,0.0,785.5999999999971,785.5999999999971,35350.78397827146,35350.78397827146,0.0
2019-03-07,0.0,-87.1999999999983,-87.1999999999983,35263.58397827146,35350.78397827146,-87.19999999999709
2019-03-08,145.6,-1017.2000000000052,-871.6000000000051,34391.983978271455,35350.78397827146,-958.8000000000029
2019-03-11,0.0,242.8,242.8,34634.78397827146,35350.78397827146,-716.0
2019-03-12,72.8,0.0,72.8,34707.58397827146,35350.78397827146,-643.1999999999971
2019-03-13,-87.2,0.0,-87.2,34620.383978271464,35350.78397827146,-730.3999999999942
2019-03-14,-87.2,0.0,-87.2,34533.18397827147,35350.78397827146,-817.5999999999913
2019-03-15,72.8,0.0,72.8,34605.98397827147,35350.78397827146,-744.7999999999884
2019-03-18,72.8,0.0,72.8,34678.78397827147,35350.78397827146,-671.9999999999854
2019-03-19,-101.60000000000001,0.0,-101.60000000000001,34577.183978271474,35350.78397827146,-773.599999999984
2019-03-20,-188.8,1148.4000000000015,959.6000000000015,35536.78397827147,35536.78397827147,0.0
2019-03-21,72.8,0.0,72.8,35609.583978271476,35609.583978271476,0.0
2019-03-22,-101.60000000000001,0.0,-101.60000000000001,35507.98397827148,35609.583978271476,-101.59999999999854
2019-03-25,-101.60000000000001,-47.19999999999915,-148.79999999999916,35359.18397827148,35609.583978271476,-250.39999999999418
2019-03-26,58.39999999999999,42.79999999999716,101.19999999999715,35460.38397827148,35609.583978271476,-149.1999999999971
2019-03-27,-28.80000000000001,-787.2000000000012,-816.0000000000011,34644.38397827148,35609.583978271476,-965.1999999999971
2019-03-28,145.6,-877.2000000000046,-731.6000000000046,33912.78397827147,35609.583978271476,-1696.800000000003
2019-03-29,145.6,0.0,145.6,34058.38397827147,35609.583978271476,-1551.2000000000044
2019-04-01,-14.400000000000006,0.0,-14.400000000000006,34043.98397827147,35609.583978271476,-1565.6000000000058
2019-04-02,72.8,0.0,72.8,34116.78397827147,35609.583978271476,-1492.800000000003
2019-04-03,-14.400000000000006,0.0,-14.400000000000006,34102.38397827147,35609.583978271476,-1507.2000000000044
2019-04-04,218.39999999999998,0.0,218.39999999999998,34320.78397827147,35609.583978271476,-1288.800000000003
2019-04-05,72.8,0.0,72.8,34393.583978271476,35609.583978271476,-1216.0
2019-04-08,72.8,0.0,72.8,34466.38397827148,35609.583978271476,-1143.199999999997
2019-04-09,145.6,0.0,145.6,34611.98397827148,35609.583978271476,-997.5999999999985
2019-04-10,72.8,0.0,72.8,34684.78397827148,35609.583978271476,-924.7999999999956
2019-04-11,145.6,0.0,145.6,34830.38397827148,35609.583978271476,-779.1999999999971
2019-04-12,-14.400000000000006,0.0,-14.400000000000006,34815.98397827148,35609.583978271476,-793.5999999999985
2019-04-15,-174.4,-17.19999999999801,-191.599999999998,34624.38397827148,35609.583978271476,-985.1999999999971
2019-04-16,-14.400000000000006,0.0,-14.400000000000006,34609.98397827148,35609.583978271476,-999.5999999999985
2019-04-17,-87.2,0.0,-87.2,34522.78397827148,35609.583978271476,-1086.7999999999956
2019-04-18,72.8,62.80000000000028,135.60000000000028,34658.38397827148,35609.583978271476,-951.1999999999971
2019-04-22,72.8,0.0,72.8,34731.18397827148,35609.583978271476,-878.3999999999942
2019-04-24,72.8,0.0,72.8,34803.983978271484,35609.583978271476,-805.5999999999913
2019-04-25,72.8,0.0,72.8,34876.78397827149,35609.583978271476,-732.7999999999884
2019-04-26,-101.60000000000001,0.0,-101.60000000000001,34775.18397827149,35609.583978271476,-834.3999999999869
2019-04-29,-87.2,0.0,-87.2,34687.98397827149,35609.583978271476,-921.599999999984
2019-04-30,-14.400000000000006,745.5999999999979,731.1999999999979,35419.18397827149,35609.583978271476,-190.3999999999869
2019-05-01,291.2,-1021.6007629394503,-730.4007629394503,34688.78321533204,35609.583978271476,-920.8007629394342
2019-05-02,-174.4,971.2,796.8000000000001,35485.583215332044,35609.583978271476,-124.0007629394313
2019-05-03,218.39999999999998,0.0,218.39999999999998,35703.983215332046,35703.983215332046,0.0
2019-05-06,-14.400000000000006,0.0,-14.400000000000006,35689.583215332044,35703.983215332046,-14.400000000001455
2019-05-07,145.6,0.0,145.6,35835.18321533204,35835.18321533204,0.0
2019-05-08,-101.60000000000001,0.0,-101.60000000000001,35733.583215332044,35835.18321533204,-101.59999999999854
2019-05-09,-14.400000000000006,0.0,-14.400000000000006,35719.18321533204,35835.18321533204,-116.0
2019-05-10,145.6,0.0,145.6,35864.78321533204,35864.78321533204,0.0
2019-05-13,-276.0,502.4006103515653,226.40061035156532,36091.183825683605,36091.183825683605,0.0
2019-05-14,58.39999999999999,0.0,58.39999999999999,36149.58382568361,36149.58382568361,0.0
2019-05-15,-174.4,0.0,-174.4,35975.183825683605,36149.58382568361,-174.40000000000146
2019-05-16,72.8,0.0,72.8,36047.98382568361,36149.58382568361,-101.59999999999854
2019-05-17,-174.4,0.0,-174.4,35873.58382568361,36149.58382568361,-276.0
2019-05-21,-14.400000000000006,-107.20000000000142,-121.60000000000143,35751.98382568361,36149.58382568361,-397.59999999999854
2019-05-22,0.0,845.6000000000065,845.6000000000065,36597.583825683614,36597.583825683614,0.0
2019-05-23,-116.00000000000001,0.0,-116.00000000000001,36481.583825683614,36597.583825683614,-116.0
2019-05-24,145.6,0.0,145.6,36627.18382568361,36627.18382568361,0.0
2019-05-27,-188.8,0.0,-188.8,36438.38382568361,36627.18382568361,-188.8000000000029
2019-05-28,142.8,-238.7998474121066,-95.99984741210659,36342.3839782715,36627.18382568361,-284.7998474121123
2019-05-29,-314.4,0.0,-314.4,36027.9839782715,36627.18382568361,-599.1998474121137
2019-05-30,175.59999999999917,0.0,175.59999999999917,36203.5839782715,36627.18382568361,-423.5998474121152
2019-05-31,128.40000000000003,0.0,128.40000000000003,36331.9839782715,36627.18382568361,-295.19984741211374
2019-06-03,-14.399999999999977,0.0,-14.399999999999977,36317.5839782715,36627.18382568361,-309.5998474121152
2019-06-04,-14.399999999999977,0.0,-14.399999999999977,36303.183978271496,36627.18382568361,-323.99984741211665
2019-06-05,-485.99999999999994,0.0,-485.99999999999994,35817.183978271496,36627.18382568361,-809.9998474121167
2019-06-06,128.40000000000003,0.0,128.40000000000003,35945.5839782715,36627.18382568361,-681.5998474121152
2019-06-07,43.999999999999986,0.0,43.999999999999986,35989.5839782715,36627.18382568361,-637.5998474121152
2019-06-10,142.8,0.0,142.8,36132.3839782715,36627.18382568361,-494.7998474121123
2019-06-11,72.8,0.0,72.8,36205.1839782715,36627.18382568361,-421.9998474121094
2019-06-12,58.39999999999999,0.0,58.39999999999999,36263.583978271505,36627.18382568361,-363.5998474121079
2019-06-13,131.2,0.0,131.2,36394.7839782715,36627.18382568361,-232.39984741211083
2019-06-14,145.6,0.0,145.6,36540.3839782715,36627.18382568361,-86.79984741211229
2019-06-17,-87.2,-217.19908447265624,-304.3990844726562,36235.98489379884,36627.18382568361,-391.19893188477
2019-06-18,291.2,0.0,291.2,36527.18489379884,36627.18382568361,-99.9989318847729
2019-06-19,-14.400000000000006,0.0,-14.400000000000006,36512.78489379884,36627.18382568361,-114.39893188477436
2019-06-20,-174.4,-648.8035095214816,-823.2035095214816,35689.58138427736,36627.18382568361,-937.6024414062558
2019-06-21,-174.4,0.0,-174.4,35515.181384277355,36627.18382568361,-1112.0024414062573
2019-06-24,-14.400000000000006,728.4000000000001,714.0000000000001,36229.181384277355,36627.18382568361,-398.0024414062573
2019-06-25,-14.400000000000006,-327.19969482421874,-341.5996948242188,35887.58168945314,36627.18382568361,-739.6021362304746
2019-06-26,-14.400000000000006,0.0,-14.400000000000006,35873.18168945314,36627.18382568361,-754.002136230476
2019-06-27,-14.400000000000006,25.597100830078176,11.19710083007817,35884.37879028321,36627.18382568361,-742.8050354004008
2019-06-28,291.2,132.80000000000058,424.00000000000057,36308.37879028321,36627.18382568361,-318.8050354004008
2019-07-01,-28.80000000000001,0.0,-28.80000000000001,36279.57879028321,36627.18382568361,-347.6050354004037
2019-07-02,-43.20000000000002,1399.6007629394533,1356.4007629394532,37635.97955322266,37635.97955322266,0.0
2019-07-03,-188.8,0.0,-188.8,37447.17955322266,37635.97955322266,-188.8000000000029
2019-07-04,72.8,0.0,72.8,37519.97955322266,37635.97955322266,-116.0
2019-07-05,291.2,0.0,291.2,37811.17955322266,37811.17955322266,0.0
2019-07-08,-14.400000000000006,0.0,-14.400000000000006,37796.77955322266,37811.17955322266,-14.400000000001455
2019-07-09,-174.4,-114.39847412109373,-288.7984741210937,37507.98107910156,37811.17955322266,-303.1984741210981
2019-07-10,145.6,0.0,145.6,37653.58107910156,37811.17955322266,-157.59847412109957
2019-07-11,145.6,0.0,145.6,37799.18107910156,37811.17955322266,-11.998474121101026
2019-07-12,-87.2,0.0,-87.2,37711.98107910156,37811.17955322266,-99.19847412109812
2019-07-15,-261.6,0.0,-261.6,37450.381079101564,37811.17955322266,-360.79847412109666
2019-07-16,58.39999999999999,1681.2000000000005,1739.6000000000006,39189.98107910156,39189.98107910156,0.0
2019-07-17,58.39999999999999,0.0,58.39999999999999,39248.381079101564,39248.381079101564,0.0
2019-07-18,12.800000000003129,0.0,12.800000000003129,39261.18107910157,39261.18107910157,0.0
2019-07-19,0.0,182.80000000000484,182.80000000000484,39443.98107910157,39443.98107910157,0.0
2019-07-23,142.8,0.0,142.8,39586.78107910157,39586.78107910157,0.0
2019-07-24,-101.60000000000001,0.0,-101.60000000000001,39485.181079101574,39586.78107910157,-101.59999999999854
2019-07-25,-14.400000000000006,0.0,-14.400000000000006,39470.78107910157,39586.78107910157,-116.0
2019-07-26,-14.400000000000006,441.1974060058594,426.79740600585944,39897.578485107435,39897.578485107435,0.0
2019-07-29,-101.60000000000001,282.7999999999992,181.1999999999992,40078.77848510743,40078.77848510743,0.0
2019-07-30,145.6,0.0,145.6,40224.37848510743,40224.37848510743,0.0
2019-07-31,-174.4,0.0,-174.4,40049.97848510743,40224.37848510743,-174.40000000000146
2019-08-01,-116.00000000000001,71.20000000000095,-44.79999999999906,40005.17848510743,40224.37848510743,-219.1999999999971
2019-08-02,-87.2,0.0,-87.2,39917.97848510744,40224.37848510743,-306.3999999999942
2019-08-05,291.2,442.80000000000285,734.0000000000028,40651.97848510744,40651.97848510744,0.0
2019-08-06,-14.399999999999977,442.80000000000285,428.4000000000029,41080.37848510744,41080.37848510744,0.0
2019-08-07,-28.799999999999955,0.0,-28.799999999999955,41051.578485107435,41080.37848510744,-28.80000000000291
2019-08-08,-157.2,0.0,-157.2,40894.37848510744,41080.37848510744,-186.0
2019-08-09,72.8,0.0,72.8,40967.17848510744,41080.37848510744,-113.19999999999709
2019-08-12,-14.400000000000006,0.0,-14.400000000000006,40952.77848510744,41080.37848510744,-127.59999999999854
2019-08-13,-116.00000000000001,2.800000000005116,-113.1999999999949,40839.57848510744,41080.37848510744,-240.79999999999563
2019-08-14,-14.399999999999977,0.0,-14.399999999999977,40825.17848510744,41080.37848510744,-255.1999999999971
2019-08-15,285.6,0.0,285.6,41110.77848510744,41110.77848510744,0.0
2019-08-20,-261.6,0.0,-261.6,40849.17848510744,41110.77848510744,-261.59999999999854
2019-08-21,58.39999999999999,873.9998474121094,932.3998474121094,41781.57833251955,41781.57833251955,0.0
2019-08-22,-87.2,1456.8000000000002,1369.6000000000001,43151.17833251955,43151.17833251955,0.0
2019-08-23,-28.80000000000001,0.0,-28.80000000000001,43122.37833251955,43151.17833251955,-28.80000000000291
2019-08-26,436.79999999999995,0.0,436.79999999999995,43559.17833251955,43559.17833251955,0.0
2019-08-27,-14.399999999999977,0.0,-14.399999999999977,43544.77833251955,43559.17833251955,-14.400000000001455
2019-08-29,0.0,578.4022888183594,578.4022888183594,44123.18062133791,44123.18062133791,0.0
2019-08-30,218.39999999999998,0.0,218.39999999999998,44341.58062133791,44341.58062133791,0.0
2019-09-03,-14.400000000000006,-271.6,-286.0,44055.58062133791,44341.58062133791,-286.0
2019-09-05,145.6,0.0,145.6,44201.18062133791,44341.58062133791,-140.40000000000146
2019-09-09,-101.60000000000001,0.0,-101.60000000000001,44099.58062133791,44341.58062133791,-242.0
2019-09-10,58.39999999999999,0.0,58.39999999999999,44157.98062133791,44341.58062133791,-183.59999999999854
2019-09-11,285.6,0.0,285.6,44443.58062133791,44443.58062133791,0.0
2019-09-13,0.0,-57.19999999999716,-57.19999999999716,44386.380621337914,44443.58062133791,-57.19999999999709
2019-09-16,320.79999999999995,0.0,320.79999999999995,44707.18062133792,44707.18062133792,0.0
2019-09-17,114.00000000000006,0.0,114.00000000000006,44821.18062133792,44821.18062133792,0.0
2019-09-18,285.6,0.0,285.6,45106.780621337915,45106.780621337915,0.0
2019-09-19,-157.2,0.0,-157.2,44949.58062133792,45106.780621337915,-157.1999999999971
2019-09-20,-14.399999999999977,0.0,-14.399999999999977,44935.18062133792,45106.780621337915,-171.59999999999854
2019-09-23,-157.2,0.0,-157.2,44777.98062133792,45106.780621337915,-328.79999999999563
2019-09-24,142.8,0.0,142.8,44920.78062133792,45106.780621337915,-185.99999999999272
2019-09-25,145.6,0.0,145.6,45066.38062133792,45106.780621337915,-40.39999999999418
2019-09-26,145.6,728.4000000000001,874.0000000000001,45940.38062133792,45940.38062133792,0.0
2019-09-27,131.2,-226.00320434570028,-94.8032043457003,45845.57741699222,45940.38062133792,-94.80320434569876
2019-09-30,218.39999999999998,295.59755859375,513.99755859375,46359.57497558597,46359.57497558597,0.0
2019-10-01,291.2,0.0,291.2,46650.77497558597,46650.77497558597,0.0
2019-10-02,291.2,0.0,291.2,46941.97497558597,46941.97497558597,0.0
2019-10-03,364.0,0.0,364.0,47305.97497558597,47305.97497558597,0.0
2019-10-04,-28.80000000000001,0.0,-28.80000000000001,47277.174975585964,47305.97497558597,-28.80000000000291
2019-10-07,58.39999999999999,0.0,58.39999999999999,47335.574975585965,47335.574975585965,0.0
2019-10-08,58.39999999999999,-307.19923706054686,-248.7992370605469,47086.775738525415,47335.574975585965,-248.79923706054979
2019-10-09,131.2,-198.79893188476288,-67.59893188476289,47019.17680664065,47335.574975585965,-316.39816894531396
2019-10-10,72.8,175.60244140625002,248.40244140625003,47267.5792480469,47335.574975585965,-67.9957275390625
2019-10-11,218.39999999999998,0.0,218.39999999999998,47485.979248046904,47485.979248046904,0.0
2019-10-14,-14.400000000000006,0.0,-14.400000000000006,47471.5792480469,47485.979248046904,-14.400000000001455
2019-10-15,72.8,0.0,72.8,47544.379248046906,47544.379248046906,0.0
2019-10-16,58.39999999999999,0.0,58.39999999999999,47602.77924804691,47602.77924804691,0.0
2019-10-17,218.39999999999998,-864.4030517578097,-646.0030517578098,46956.776196289095,47602.77924804691,-646.0030517578125
2019-10-18,-28.80000000000001,0.0,-28.80000000000001,46927.97619628909,47602.77924804691,-674.8030517578154
2019-10-21,72.8,-294.40259399414066,-221.60259399414065,46706.37360229495,47602.77924804691,-896.4056457519546
2019-10-22,-14.400000000000006,-317.1999999999952,-331.59999999999525,46374.773602294954,47602.77924804691,-1228.0056457519531
2019-10-23,58.39999999999999,1511.200000000006,1569.600000000006,47944.37360229496,47944.37360229496,0.0
2019-10-24,145.6,0.0,145.6,48089.97360229496,48089.97360229496,0.0
2019-10-25,72.8,105.59893188476565,178.39893188476566,48268.372534179725,48268.372534179725,0.0
2019-10-30,0.0,-567.1999999999953,-567.1999999999953,47701.17253417973,48268.372534179725,-567.1999999999971
2019-10-31,0.0,-187.1999999999997,-187.1999999999997,47513.97253417973,48268.372534179725,-754.3999999999942
2019-11-01,-14.400000000000006,-1407.199999999999,-1421.599999999999,46092.37253417973,48268.372534179725,-2175.9999999999927
2019-11-04,145.6,0.0,145.6,46237.97253417973,48268.372534179725,-2030.3999999999942
2019-11-05,-87.2,0.0,-87.2,46150.772534179734,48268.372534179725,-2117.5999999999913
2019-11-06,-261.6,0.0,-261.6,45889.172534179736,48268.372534179725,-2379.19999999999
2019-11-07,-14.400000000000006,0.0,-14.400000000000006,45874.772534179734,48268.372534179725,-2393.5999999999913
2019-11-08,-14.400000000000006,0.0,-14.400000000000006,45860.37253417973,48268.372534179725,-2407.9999999999927
2019-11-11,0.0,285.5992370605469,285.5992370605469,46145.97177124028,48268.372534179725,-2122.4007629394473
2019-11-12,58.39999999999999,-397.20000000000056,-338.8000000000006,45807.171771240275,48268.372534179725,-2461.20076293945
2019-11-13,-14.400000000000006,-827.2000000000003,-841.6000000000003,44965.57177124028,48268.372534179725,-3302.8007629394488
2019-11-14,-101.60000000000001,-977.1999999999988,-1078.7999999999988,43886.77177124028,48268.372534179725,-4381.600762939444
2019-11-15,145.6,525.599999999999,671.199999999999,44557.97177124028,48268.372534179725,-3710.4007629394473
2019-11-18,72.8,-627.1999999999975,-554.3999999999976,44003.571771240284,48268.372534179725,-4264.8007629394415
2019-11-19,-14.400000000000006,592.8000000000013,578.4000000000013,44581.971771240285,48268.372534179725,-3686.40076293944
2019-11-20,145.6,0.0,145.6,44727.571771240284,48268.372534179725,-3540.8007629394415
2019-11-22,-14.400000000000006,0.0,-14.400000000000006,44713.17177124028,48268.372534179725,-3555.200762939443
2019-11-25,-87.2,-557.1992370605469,-644.399237060547,44068.772534179734,48268.372534179725,-4199.599999999991
2019-11-26,-14.400000000000006,105.59893188476565,91.19893188476564,44159.9714660645,48268.372534179725,-4108.401068115229
2019-11-27,-14.400000000000006,0.0,-14.400000000000006,44145.571466064495,48268.372534179725,-4122.80106811523
2019-11-28,-174.4,-367.1999999999994,-541.5999999999995,43603.9714660645,48268.372534179725,-4664.401068115229
2019-11-29,-116.00000000000001,0.0,-116.00000000000001,43487.9714660645,48268.372534179725,-4780.401068115229
2019-12-02,218.39999999999998,0.0,218.39999999999998,43706.3714660645,48268.372534179725,-4562.001068115227
2019-12-03,-14.400000000000006,0.0,-14.400000000000006,43691.9714660645,48268.372534179725,-4576.401068115229
2019-12-04,145.6,211.20167846679692,356.80167846679694,44048.7731445313,48268.372534179725,-4219.599389648429
2019-12-05,-14.400000000000006,0.0,-14.400000000000006,44034.373144531295,48268.372534179725,-4233.99938964843
2019-12-06,0.0,-153.19755859374715,-153.19755859374715,43881.17558593755,48268.372534179725,-4387.196948242177
2019-12-09,72.8,0.0,72.8,43953.97558593755,48268.372534179725,-4314.396948242174
2019-12-10,0.0,115.60106811523437,115.60106811523437,44069.576654052784,48268.372534179725,-4198.7958801269415
2019-12-11,72.8,-1124.4013732910128,-1051.6013732910128,43017.97528076177,48268.372534179725,-5250.397253417956
2019-12-12,145.6,385.5999999999985,531.1999999999985,43549.17528076177,48268.372534179725,-4719.197253417959
2019-12-13,58.39999999999999,42.79999999999716,101.19999999999715,43650.375280761764,48268.372534179725,-4617.9972534179615
2019-12-18,-87.2,0.0,-87.2,43563.17528076177,48268.372534179725,-4705.197253417959
2019-12-20,58.39999999999999,0.0,58.39999999999999,43621.57528076177,48268.372534179725,-4646.797253417957
2019-12-23,145.6,0.0,145.6,43767.17528076177,48268.372534179725,-4501.197253417959
2019-12-26,-87.2,0.0,-87.2,43679.97528076177,48268.372534179725,-4588.397253417956
2019-12-31,-14.400000000000006,0.0,-14.400000000000006,43665.57528076177,48268.372534179725,-4602.797253417957
2020-01-03,-28.80000000000001,0.0,-28.80000000000001,43636.775280761765,48268.372534179725,-4631.59725341796
2020-01-06,218.39999999999998,0.0,218.39999999999998,43855.17528076177,48268.372534179725,-4413.197253417959
2020-01-07,72.8,0.0,72.8,43927.97528076177,48268.372534179725,-4340.397253417956
2020-01-08,276.79999999999995,1135.2000000000028,1412.0000000000027,45339.97528076177,48268.372534179725,-2928.3972534179557
2020-01-09,-101.60000000000001,0.0,-101.60000000000001,45238.37528076177,48268.372534179725,-3029.997253417954
2020-01-10,-157.2,0.0,-157.2,45081.175280761774,48268.372534179725,-3187.1972534179513
2020-01-13,0.0,152.8000000000037,152.8000000000037,45233.97528076178,48268.372534179725,-3034.3972534179484
2020-01-14,145.6,0.0,145.6,45379.575280761776,48268.372534179725,-2888.79725341795
2020-01-16,-174.4,725.600000000002,551.200000000002,45930.77528076178,48268.372534179725,-2337.5972534179455
2020-01-17,0.0,-497.200000000002,-497.200000000002,45433.575280761776,48268.372534179725,-2834.79725341795
2020-01-20,72.8,-177.2000000000017,-104.4000000000017,45329.175280761774,48268.372534179725,-2939.1972534179513
2020-01-21,-87.2,0.0,-87.2,45241.97528076178,48268.372534179725,-3026.3972534179484
2020-01-22,58.39999999999999,0.0,58.39999999999999,45300.37528076178,48268.372534179725,-2967.997253417947
2020-01-23,-14.400000000000006,0.0,-14.400000000000006,45285.97528076178,48268.372534179725,-2982.3972534179484
2020-01-24,58.39999999999999,0.0,58.39999999999999,45344.37528076178,48268.372534179725,-2923.997253417947
2020-01-27,145.6,0.0,145.6,45489.97528076178,48268.372534179725,-2778.3972534179484
2020-01-28,-87.2,0.0,-87.2,45402.77528076178,48268.372534179725,-2865.5972534179455
2020-01-29,218.39999999999998,0.0,218.39999999999998,45621.17528076178,48268.372534179725,-2647.197253417944
2020-01-30,218.39999999999998,0.0,218.39999999999998,45839.57528076178,48268.372534179725,-2428.7972534179426
2020-01-31,218.39999999999998,0.0,218.39999999999998,46057.975280761784,48268.372534179725,-2210.397253417941
2020-02-03,43.999999999999986,0.0,43.999999999999986,46101.975280761784,48268.372534179725,-2166.397253417941
2020-02-04,145.6,0.0,145.6,46247.57528076178,48268.372534179725,-2020.7972534179426
2020-02-05,-28.80000000000001,0.0,-28.80000000000001,46218.77528076178,48268.372534179725,-2049.5972534179455
2020-02-06,58.39999999999999,0.0,58.39999999999999,46277.17528076178,48268.372534179725,-1991.197253417944
2020-02-07,58.39999999999999,0.0,58.39999999999999,46335.57528076178,48268.372534179725,-1932.7972534179426
2020-02-10,-101.60000000000001,0.0,-101.60000000000001,46233.975280761784,48268.372534179725,-2034.397253417941
2020-02-11,-87.2,0.0,-87.2,46146.77528076179,48268.372534179725,-2121.597253417938
2020-02-12,-87.2,-74.4013732910156,-161.6013732910156,45985.17390747077,48268.372534179725,-2283.1986267089524
2020-02-13,-14.400000000000006,302.7999999999952,288.3999999999952,46273.57390747077,48268.372534179725,-1994.7986267089582
2020-02-14,-14.400000000000006,-137.20000000000255,-151.60000000000255,46121.97390747076,48268.372534179725,-2146.398626708964
2020-02-17,72.8,22.800000000001138,95.60000000000113,46217.57390747076,48268.372534179725,-2050.7986267089655
2020-02-18,-14.400000000000006,825.6000000000033,811.2000000000033,47028.773907470764,48268.372534179725,-1239.598626708961
2020-02-19,-14.400000000000006,-627.2000000000046,-641.6000000000046,46387.17390747076,48268.372534179725,-1881.198626708967
2020-02-20,145.6,-297.19999999999914,-151.59999999999914,46235.57390747076,48268.372534179725,-2032.7986267089655
2020-02-21,-101.60000000000001,-777.1999999999961,-878.7999999999961,45356.773907470764,48268.372534179725,-2911.598626708961
2020-02-24,-14.400000000000006,0.0,-14.400000000000006,45342.37390747076,48268.372534179725,-2925.9986267089625
2020-02-25,145.6,0.0,145.6,45487.97390747076,48268.372534179725,-2780.398626708964
2020-02-26,58.39999999999999,0.0,58.39999999999999,45546.37390747076,48268.372534179725,-2721.9986267089625
2020-02-27,291.2,0.0,291.2,45837.57390747076,48268.372534179725,-2430.7986267089655
2020-02-28,509.59999999999997,0.0,509.59999999999997,46347.17390747076,48268.372534179725,-1921.198626708967
2020-03-02,128.40000000000003,0.0,128.40000000000003,46475.57390747076,48268.372534179725,-1792.7986267089655
2020-03-03,128.40000000000003,0.0,128.40000000000003,46603.97390747076,48268.372534179725,-1664.398626708964
2020-03-04,285.6,0.0,285.6,46889.57390747076,48268.372534179725,-1378.7986267089655
2020-03-05,-14.399999999999977,0.0,-14.399999999999977,46875.17390747076,48268.372534179725,-1393.198626708967
2020-03-06,-200.39999999999992,0.0,-200.39999999999992,46674.77390747076,48268.372534179725,-1593.5986267089684
2020-03-09,70.80000000000013,0.0,70.80000000000013,46745.57390747076,48268.372534179725,-1522.7986267089655
2020-03-10,-185.99999999999994,0.0,-185.99999999999994,46559.57390747076,48268.372534179725,-1708.7986267089655
2020-03-11,271.20000000000005,0.0,271.20000000000005,46830.77390747076,48268.372534179725,-1437.5986267089684
2020-03-12,-643.1999999999999,0.0,-643.1999999999999,46187.57390747076,48268.372534179725,-2080.7986267089655
2020-03-13,-28.799999999999955,0.0,-28.799999999999955,46158.77390747076,48268.372534179725,-2109.5986267089684
2020-03-16,414.00000000000006,0.0,414.00000000000006,46572.77390747076,48268.372534179725,-1695.5986267089684
2020-03-17,-28.799999999999955,0.0,-28.799999999999955,46543.973907470754,48268.372534179725,-1724.3986267089713
2020-03-18,799.2000000000002,0.0,799.2000000000002,47343.17390747075,48268.372534179725,-925.1986267089742
2020-03-19,85.2000000000001,0.0,85.2000000000001,47428.37390747075,48268.372534179725,-839.9986267089771
2020-03-20,385.2000000000001,0.0,385.2000000000001,47813.573907470745,48268.372534179725,-454.79862670898
2020-03-23,128.40000000000003,885.5999999999985,1013.9999999999986,48827.573907470745,48827.573907470745,0.0
2020-03-24,142.8,175.59870300293153,318.39870300293154,49145.97261047368,49145.97261047368,0.0
2020-03-25,428.40000000000003,0.0,428.40000000000003,49574.37261047368,49574.37261047368,0.0
2020-03-26,-171.59999999999997,0.0,-171.59999999999997,49402.77261047368,49574.37261047368,-171.59999999999854
2020-03-27,-471.59999999999997,0.0,-471.59999999999997,48931.17261047368,49574.37261047368,-643.1999999999971
2020-03-30,141.19999999999962,0.0,141.19999999999962,49072.37261047368,49574.37261047368,-502.0
2020-03-31,-14.400000000000006,0.0,-14.400000000000006,49057.97261047368,49574.37261047368,-516.4000000000015
2020-04-01,58.39999999999999,0.0,58.39999999999999,49116.37261047368,49574.37261047368,-458.0
2020-04-02,-377.6,0.0,-377.6,48738.77261047368,49574.37261047368,-835.5999999999985
2020-04-03,128.40000000000003,0.0,128.40000000000003,48867.17261047368,49574.37261047368,-707.1999999999971
2020-04-06,285.6,442.7999999999993,728.3999999999993,49595.57261047368,49595.57261047368,0.0
2020-04-07,-157.2,0.0,-157.2,49438.372610473685,49595.57261047368,-157.1999999999971
2020-04-08,0.0,885.5999999999985,885.5999999999985,50323.972610473684,50323.972610473684,0.0
2020-04-09,-200.39999999999992,885.5999999999985,685.1999999999987,51009.17261047368,51009.17261047368,0.0
2020-04-13,-14.399999999999977,442.7999999999993,428.3999999999993,51437.57261047368,51437.57261047368,0.0
2020-04-15,142.8,0.0,142.8,51580.372610473685,51580.372610473685,0.0
2020-04-16,142.8,-237.2000000000004,-94.40000000000038,51485.972610473684,51580.372610473685,-94.40000000000146
2020-04-20,0.0,-184.4000000000018,-184.4000000000018,51301.57261047368,51580.372610473685,-278.8000000000029
2020-04-21,-376.80000000000007,0.0,-376.80000000000007,50924.77261047368,51580.372610473685,-655.6000000000058
2020-04-22,-328.79999999999995,0.0,-328.79999999999995,50595.97261047368,51580.372610473685,-984.4000000000087
2020-04-23,571.2,0.0,571.2,51167.17261047367,51580.372610473685,-413.20000000001164
2020-04-24,-14.399999999999977,0.0,-14.399999999999977,51152.77261047367,51580.372610473685,-427.6000000000131
2020-04-27,-14.399999999999977,442.7999999999993,428.3999999999993,51581.17261047367,51581.17261047367,0.0
2020-04-28,-28.799999999999955,-14.399809265137435,-43.19980926513739,51537.97280120854,51581.17261047367,-43.19980926513381
2020-04-29,128.40000000000003,-564.4000000000008,-436.00000000000074,51101.97280120854,51581.17261047367,-479.1998092651338
2020-04-30,128.40000000000003,0.0,128.40000000000003,51230.37280120854,51581.17261047367,-350.79980926513235
2020-05-01,-14.399999999999977,515.6000000000012,501.2000000000012,51731.572801208546,51731.572801208546,0.0
2020-05-04,142.8,442.7999999999993,585.5999999999992,52317.172801208544,52317.172801208544,0.0
2020-05-05,-14.399999999999977,0.0,-14.399999999999977,52302.77280120854,52317.172801208544,-14.400000000001455
2020-05-06,-14.399999999999977,132.80000000000058,118.4000000000006,52421.172801208544,52421.172801208544,0.0
2020-05-07,-628.8,-1007.2,-1636.0,50785.172801208544,52421.172801208544,-1636.0
2020-05-08,142.8,442.7999999999993,585.5999999999992,51370.77280120854,52421.172801208544,-1050.4000000000015
2020-05-13,0.0,442.7999999999993,442.7999999999993,51813.572801208546,52421.172801208544,-607.5999999999985
2020-05-15,291.2,0.0,291.2,52104.77280120854,52421.172801208544,-316.40000000000146
2020-05-18,204.0,0.0,204.0,52308.77280120854,52421.172801208544,-112.40000000000146
2020-05-19,285.6,0.0,285.6,52594.37280120854,52594.37280120854,0.0
2020-05-20,428.40000000000003,0.0,428.40000000000003,53022.77280120854,53022.77280120854,0.0
2020-05-21,58.39999999999999,0.0,58.39999999999999,53081.172801208544,53081.172801208544,0.0
2020-05-22,58.39999999999999,0.0,58.39999999999999,53139.572801208546,53139.572801208546,0.0
2020-05-25,72.8,0.0,72.8,53212.37280120855,53212.37280120855,0.0
2020-05-26,-101.60000000000001,0.0,-101.60000000000001,53110.77280120855,53212.37280120855,-101.59999999999854
2020-05-27,218.39999999999998,0.0,218.39999999999998,53329.17280120855,53329.17280120855,0.0
2020-05-28,204.0,0.0,204.0,53533.17280120855,53533.17280120855,0.0
2020-05-29,218.39999999999998,0.0,218.39999999999998,53751.57280120855,53751.57280120855,0.0
2020-06-01,-14.400000000000006,0.0,-14.400000000000006,53737.17280120855,53751.57280120855,-14.400000000001455
2020-06-02,-14.400000000000006,0.0,-14.400000000000006,53722.77280120855,53751.57280120855,-28.80000000000291
2020-06-03,-28.80000000000001,0.0,-28.80000000000001,53693.97280120855,53751.57280120855,-57.60000000000582
2020-06-04,131.2,0.0,131.2,53825.172801208544,53825.172801208544,0.0
2020-06-05,72.8,0.0,72.8,53897.97280120855,53897.97280120855,0.0
2020-06-08,58.39999999999999,0.0,58.39999999999999,53956.37280120855,53956.37280120855,0.0
2020-06-09,72.8,0.0,72.8,54029.17280120855,54029.17280120855,0.0
2020-06-10,-28.80000000000001,0.0,-28.80000000000001,54000.37280120855,54029.17280120855,-28.80000000000291
2020-06-11,131.2,-7.2,123.99999999999999,54124.37280120855,54124.37280120855,0.0
2020-06-12,291.2,0.0,291.2,54415.572801208546,54415.572801208546,0.0
2020-06-15,58.39999999999999,-1007.2,-948.8000000000001,53466.77280120854,54415.572801208546,-948.8000000000029
2020-06-16,-471.59999999999997,0.0,-471.59999999999997,52995.172801208544,54415.572801208546,-1420.4000000000015
2020-06-17,142.8,0.0,142.8,53137.97280120855,54415.572801208546,-1277.5999999999985
2020-06-18,142.8,0.0,142.8,53280.77280120855,54415.572801208546,-1134.7999999999956
2020-06-19,142.8,0.0,142.8,53423.57280120855,54415.572801208546,-991.9999999999927
2020-06-23,-101.60000000000001,0.0,-101.60000000000001,53321.972801208554,54415.572801208546,-1093.5999999999913
2020-06-24,29.59999999999998,0.0,29.59999999999998,53351.57280120855,54415.572801208546,-1063.9999999999927
2020-06-25,-314.4,0.0,-314.4,53037.17280120855,54415.572801208546,-1378.3999999999942
2020-06-26,142.8,0.0,142.8,53179.972801208554,54415.572801208546,-1235.5999999999913
2020-06-29,142.8,0.0,142.8,53322.77280120856,54415.572801208546,-1092.7999999999884
2020-06-30,-157.2,312.8000000000003,155.6000000000003,53478.372801208556,54415.572801208546,-937.1999999999898
2020-07-06,72.8,0.0,72.8,53551.17280120856,54415.572801208546,-864.3999999999869
2020-07-07,72.8,0.0,72.8,53623.97280120856,54415.572801208546,-791.599999999984
2020-07-08,145.6,0.0,145.6,53769.57280120856,54415.572801208546,-645.9999999999854
2020-07-09,-28.80000000000001,0.0,-28.80000000000001,53740.77280120856,54415.572801208546,-674.7999999999884
2020-07-10,0.0,1015.600000000001,1015.600000000001,54756.372801208556,54756.372801208556,0.0
2020-07-13,0.0,-347.1999999999963,-347.1999999999963,54409.17280120856,54756.372801208556,-347.1999999999971
2020-07-14,-14.400000000000006,565.5999999999982,551.1999999999982,54960.372801208556,54960.372801208556,0.0
2020-07-15,72.8,1138.4000000000035,1211.2000000000035,56171.57280120856,56171.57280120856,0.0
2020-07-16,72.8,0.0,72.8,56244.37280120856,56244.37280120856,0.0
2020-07-17,-174.4,92.80000000000142,-81.59999999999859,56162.772801208564,56244.37280120856,-81.59999999999854
2020-07-20,-14.400000000000006,-527.1999999999961,-541.599999999996,55621.172801208566,56244.37280120856,-623.1999999999971
2020-07-21,72.8,0.0,72.8,55693.97280120857,56244.37280120856,-550.3999999999942
2020-07-22,-14.400000000000006,0.0,-14.400000000000006,55679.57280120857,56244.37280120856,-564.7999999999956
2020-07-24,-14.400000000000006,0.0,-14.400000000000006,55665.172801208566,56244.37280120856,-579.1999999999971
2020-07-27,72.8,1228.3999999999999,1301.1999999999998,56966.37280120856,56966.37280120856,0.0
2020-07-28,-37.20000000000114,272.80000000000115,235.60000000000002,57201.97280120856,57201.97280120856,0.0
2020-07-29,-87.2,-87.1999999999983,-174.3999999999983,57027.57280120856,57201.97280120856,-174.40000000000146
2020-07-30,-14.400000000000006,145.5999999999965,131.1999999999965,57158.77280120856,57201.97280120856,-43.200000000004366
2020-07-31,-174.4,915.6000000000067,741.2000000000068,57899.97280120856,57899.97280120856,0.0
2020-08-03,58.39999999999999,555.6000000000001,614.0000000000001,58513.97280120856,58513.97280120856,0.0
2020-08-04,-188.8,1478.3999999999999,1289.6,59803.57280120856,59803.57280120856,0.0
2020-08-05,131.2,0.0,131.2,59934.77280120856,59934.77280120856,0.0
2020-08-06,58.39999999999999,0.0,58.39999999999999,59993.17280120856,59993.17280120856,0.0
2020-08-07,-87.2,0.0,-87.2,59905.97280120856,59993.17280120856,-87.19999999999709
2020-08-10,-14.400000000000006,195.59908447265627,181.19908447265627,60087.171885681215,60087.171885681215,0.0
2020-08-11,-101.60000000000001,0.0,-101.60000000000001,59985.57188568122,60087.171885681215,-101.59999999999854
2020-08-12,-14.400000000000006,0.0,-14.400000000000006,59971.171885681215,60087.171885681215,-116.0
2020-08-13,-174.4,0.0,-174.4,59796.77188568121,60087.171885681215,-290.40000000000146
2020-08-14,72.8,232.7999999999949,305.5999999999949,60102.371885681205,60102.371885681205,0.0
2020-08-17,-87.2,875.6000000000006,788.4000000000005,60890.771885681206,60890.771885681206,0.0
2020-08-18,72.8,0.0,72.8,60963.57188568121,60963.57188568121,0.0
2020-08-19,-27.20000000000313,0.0,-27.20000000000313,60936.371885681205,60963.57188568121,-27.200000000004366
2020-08-20,-14.400000000000006,0.0,-14.400000000000006,60921.9718856812,60963.57188568121,-41.60000000000582
2020-08-21,58.39999999999999,-37.20000000000114,21.19999999999885,60943.1718856812,60963.57188568121,-20.40000000000873
2020-08-24,145.6,-257.2,-111.6,60831.5718856812,60963.57188568121,-132.00000000000728
2020-08-25,218.39999999999998,132.80000000000058,351.20000000000056,61182.7718856812,61182.7718856812,0.0
2020-08-26,72.8,0.0,72.8,61255.5718856812,61255.5718856812,0.0
2020-08-27,-101.60000000000001,0.0,-101.60000000000001,61153.9718856812,61255.5718856812,-101.59999999999854
2020-08-28,72.8,-297.19999999999914,-224.39999999999912,60929.5718856812,61255.5718856812,-326.0
2020-08-31,72.8,0.0,72.8,61002.371885681205,61255.5718856812,-253.1999999999971
2020-09-03,-174.4,0.0,-174.4,60827.9718856812,61255.5718856812,-427.59999999999854
2020-09-04,-116.00000000000001,0.0,-116.00000000000001,60711.9718856812,61255.5718856812,-543.5999999999985
2020-09-08,-14.400000000000006,0.0,-14.400000000000006,60697.5718856812,61255.5718856812,-558.0
2020-09-09,-101.60000000000001,0.0,-101.60000000000001,60595.9718856812,61255.5718856812,-659.5999999999985
2020-09-10,145.6,0.0,145.6,60741.5718856812,61255.5718856812,-514.0
2020-09-11,-14.400000000000006,0.0,-14.400000000000006,60727.1718856812,61255.5718856812,-528.4000000000015
2020-09-14,-14.400000000000006,15.598779296875023,1.198779296875017,60728.37066497807,61255.5718856812,-527.2012207031294
2020-09-15,291.2,611.2032043457032,902.4032043457032,61630.77386932378,61630.77386932378,0.0
2020-09-16,-101.60000000000001,635.5999999999984,533.9999999999984,62164.77386932378,62164.77386932378,0.0
2020-09-17,0.0,455.5999999999988,455.5999999999988,62620.373869323776,62620.373869323776,0.0
2020-09-18,-101.60000000000001,-207.20000000000283,-308.80000000000285,62311.57386932377,62620.373869323776,-308.8000000000029
2020-09-21,291.2,-1454.399999999998,-1163.199999999998,61148.373869323776,62620.373869323776,-1472.0
2020-09-22,-87.2,0.0,-87.2,61061.17386932378,62620.373869323776,-1559.199999999997
2020-09-23,-28.80000000000001,971.2,942.4000000000001,62003.57386932378,62620.373869323776,-616.7999999999956
2020-09-24,145.6,498.4004577636719,644.0004577636719,62647.57432708745,62647.57432708745,0.0
2020-09-25,-14.400000000000006,0.0,-14.400000000000006,62633.17432708745,62647.57432708745,-14.400000000001455
2020-09-28,218.39999999999998,755.6000000000031,974.0000000000031,63607.17432708745,63607.17432708745,0.0
2020-09-29,43.999999999999986,908.4000000000067,952.4000000000067,64559.57432708746,64559.57432708746,0.0
2020-09-30,145.6,0.0,145.6,64705.17432708746,64705.17432708746,0.0
2020-10-01,0.0,245.59999999999792,245.59999999999792,64950.774327087456,64950.774327087456,0.0
2020-10-02,58.39999999999999,0.0,58.39999999999999,65009.17432708746,65009.17432708746,0.0
2020-10-08,145.6,0.0,145.6,65154.774327087456,65154.774327087456,0.0
2020-10-09,291.2,0.0,291.2,65445.97432708745,65445.97432708745,0.0
2020-10-13,0.0,82.7999999999963,82.7999999999963,65528.77432708745,65528.77432708745,0.0
2020-10-14,0.0,162.7999999999946,162.7999999999946,65691.57432708744,65691.57432708744,0.0
2020-10-15,0.0,1088.3999999999992,1088.3999999999992,66779.97432708743,66779.97432708743,0.0
2020-10-16,0.0,-757.2,-757.2,66022.77432708743,66779.97432708743,-757.1999999999971
2020-10-19,72.8,-7.2,65.6,66088.37432708744,66779.97432708743,-691.5999999999913
2020-10-20,145.6,-707.1999999999957,-561.5999999999957,65526.77432708744,66779.97432708743,-1253.1999999999898
2020-10-21,145.6,-847.1999999999964,-701.5999999999964,64825.17432708744,66779.97432708743,-1954.7999999999884
2020-10-22,0.0,245.59999999999792,245.59999999999792,65070.77432708744,66779.97432708743,-1709.1999999999898
2020-10-23,0.0,-1127.1999999999975,-1127.1999999999975,63943.574327087445,66779.97432708743,-2836.399999999987
2020-10-26,145.6,52.799999999995165,198.39999999999515,64141.97432708744,66779.97432708743,-2637.9999999999927
2020-10-27,-348.8,-847.1999999999964,-1195.9999999999964,62945.974327087446,66779.97432708743,-3833.9999999999854
2020-10-28,72.8,0.0,72.8,63018.77432708745,66779.97432708743,-3761.1999999999825
2020-10-29,-101.60000000000001,0.0,-101.60000000000001,62917.17432708745,66779.97432708743,-3862.799999999981
2020-10-30,145.6,0.0,145.6,63062.77432708745,66779.97432708743,-3717.1999999999825
2020-11-02,58.39999999999999,-228.79771118163782,-170.39771118163782,62892.376615905814,66779.97432708743,-3887.5977111816173
2020-11-03,-101.60000000000001,0.0,-101.60000000000001,62790.776615905816,66779.97432708743,-3989.197711181616
2020-11-04,204.0,442.80000000000285,646.8000000000029,63437.57661590582,66779.97432708743,-3342.397711181613
2020-11-06,58.39999999999999,0.0,58.39999999999999,63495.97661590582,66779.97432708743,-3283.9977111816115
2020-11-09,-14.400000000000006,0.0,-14.400000000000006,63481.57661590582,66779.97432708743,-3298.397711181613
2020-11-10,145.6,0.0,145.6,63627.17661590582,66779.97432708743,-3152.7977111816144
2020-11-11,58.39999999999999,0.0,58.39999999999999,63685.57661590582,66779.97432708743,-3094.397711181613
2020-11-12,-14.400000000000006,0.0,-14.400000000000006,63671.17661590582,66779.97432708743,-3108.7977111816144
2020-11-13,-87.2,42.79999999999716,-44.40000000000284,63626.776615905816,66779.97432708743,-3153.197711181616
2020-11-16,-174.4,0.0,-174.4,63452.376615905814,66779.97432708743,-3327.5977111816173
2020-11-18,145.6,0.0,145.6,63597.97661590581,66779.97432708743,-3181.997711181619
2020-11-19,72.8,0.0,72.8,63670.776615905816,66779.97432708743,-3109.197711181616
2020-11-23,-87.2,0.0,-87.2,63583.57661590582,66779.97432708743,-3196.397711181613
2020-11-24,72.8,0.0,72.8,63656.37661590582,66779.97432708743,-3123.59771118161
2020-11-25,-14.400000000000006,0.0,-14.400000000000006,63641.97661590582,66779.97432708743,-3137.9977111816115
2020-11-26,72.8,0.0,72.8,63714.77661590582,66779.97432708743,-3065.1977111816086
2020-11-27,145.6,0.0,145.6,63860.37661590582,66779.97432708743,-2919.59771118161
2020-12-01,-14.400000000000006,85.6022888183594,71.20228881835939,63931.57890472418,66779.97432708743,-2848.3954223632536
2020-12-02,58.39999999999999,595.5999999999993,653.9999999999993,64585.57890472418,66779.97432708743,-2194.3954223632536
2020-12-03,-14.400000000000006,465.6000000000039,451.2000000000039,65036.77890472418,66779.97432708743,-1743.1954223632492
2020-12-04,-87.2,0.0,-87.2,64949.578904724185,66779.97432708743,-1830.3954223632463
2020-12-07,72.8,0.0,72.8,65022.37890472419,66779.97432708743,-1757.5954223632434
2020-12-08,-87.2,82.7999999999963,-4.4000000000037005,65017.97890472419,66779.97432708743,-1761.9954223632449
2020-12-09,-101.60000000000001,0.0,-101.60000000000001,64916.37890472419,66779.97432708743,-1863.5954223632434
2020-12-10,218.39999999999998,0.0,218.39999999999998,65134.77890472419,66779.97432708743,-1645.195422363242
2020-12-14,58.39999999999999,0.0,58.39999999999999,65193.17890472419,66779.97432708743,-1586.7954223632405
2020-12-15,72.8,0.0,72.8,65265.978904724194,66779.97432708743,-1513.9954223632376
2020-12-16,145.6,0.0,145.6,65411.57890472419,66779.97432708743,-1368.395422363239
2020-12-17,-14.400000000000006,0.0,-14.400000000000006,65397.17890472419,66779.97432708743,-1382.7954223632405
2020-12-18,-14.400000000000006,0.0,-14.400000000000006,65382.77890472419,66779.97432708743,-1397.195422363242
2020-12-21,-14.400000000000006,-727.1999999999989,-741.5999999999989,64641.17890472419,66779.97432708743,-2138.7954223632405
2020-12-22,-87.2,-97.19999999999632,-184.39999999999634,64456.7789047242,66779.97432708743,-2323.1954223632347
2020-12-23,-87.2,515.600000000001,428.40000000000106,64885.1789047242,66779.97432708743,-1894.7954223632332
2020-12-28,145.6,0.0,145.6,65030.7789047242,66779.97432708743,-1749.1954223632347
2020-12-29,-14.400000000000006,0.0,-14.400000000000006,65016.378904724195,66779.97432708743,-1763.5954223632361
2020-12-31,145.6,0.0,145.6,65161.978904724194,66779.97432708743,-1617.9954223632376
2021-01-04,-28.80000000000001,0.0,-28.80000000000001,65133.17890472419,66779.97432708743,-1646.7954223632405
2021-01-05,0.0,838.3999999999992,838.3999999999992,65971.57890472419,66779.97432708743,-808.3954223632463
2021-01-06,145.6,0.0,145.6,66117.17890472419,66779.97432708743,-662.7954223632405
2021-01-07,72.8,0.0,72.8,66189.9789047242,66779.97432708743,-589.9954223632376
2021-01-08,-174.4,0.0,-174.4,66015.5789047242,66779.97432708743,-764.3954223632318
2021-01-12,72.8,0.0,72.8,66088.3789047242,66779.97432708743,-691.5954223632289
2021-01-13,145.6,0.0,145.6,66233.97890472421,66779.97432708743,-545.995422363223
2021-01-14,-87.2,0.0,-87.2,66146.77890472421,66779.97432708743,-633.1954223632201
2021-01-15,145.6,0.0,145.6,66292.37890472422,66779.97432708743,-487.5954223632143
2021-01-18,0.0,-287.2000000000011,-287.2000000000011,66005.17890472422,66779.97432708743,-774.7954223632114
2021-01-19,-101.60000000000001,182.7999999999977,81.1999999999977,66086.37890472422,66779.97432708743,-693.5954223632143
2021-01-20,72.8,0.0,72.8,66159.17890472422,66779.97432708743,-620.7954223632114
2021-01-21,-14.400000000000006,92.80000000000142,78.40000000000141,66237.57890472421,66779.97432708743,-542.3954223632172
2021-01-22,72.8,-827.2000000000003,-754.4000000000003,65483.17890472421,66779.97432708743,-1296.7954223632187
2021-01-25,145.6,392.7999999999986,538.3999999999986,66021.57890472421,66779.97432708743,-758.3954223632172
2021-01-26,-101.60000000000001,322.7999999999983,221.19999999999828,66242.77890472421,66779.97432708743,-537.1954223632201
2021-01-27,218.39999999999998,-367.1999999999994,-148.79999999999944,66093.97890472421,66779.97432708743,-685.995422363223
2021-01-28,-14.400000000000006,645.5999999999965,631.1999999999965,66725.1789047242,66779.97432708743,-54.79542236322595
2021-01-29,-14.400000000000006,-767.199999999998,-781.599999999998,65943.57890472421,66779.97432708743,-836.3954223632172
2021-02-01,0.0,545.6000000000022,545.6000000000022,66489.17890472422,66779.97432708743,-290.7954223632114
2021-02-02,-101.60000000000001,0.0,-101.60000000000001,66387.57890472421,66779.97432708743,-392.3954223632172
2021-02-03,-87.2,0.0,-87.2,66300.37890472422,66779.97432708743,-479.5954223632143
2021-02-04,-116.00000000000001,0.0,-116.00000000000001,66184.37890472422,66779.97432708743,-595.5954223632143
2021-02-05,-47.200000000006256,0.0,-47.200000000006256,66137.1789047242,66779.97432708743,-642.795422363226
2021-02-08,-14.400000000000006,0.0,-14.400000000000006,66122.77890472421,66779.97432708743,-657.1954223632201
2021-02-09,145.6,0.0,145.6,66268.37890472422,66779.97432708743,-511.5954223632143
2021-02-10,-87.2,0.0,-87.2,66181.17890472422,66779.97432708743,-598.7954223632114
2021-02-11,145.6,0.0,145.6,66326.77890472423,66779.97432708743,-453.1954223632056
2021-02-12,218.39999999999998,0.0,218.39999999999998,66545.17890472422,66779.97432708743,-234.7954223632114
2021-02-15,-14.400000000000006,0.0,-14.400000000000006,66530.77890472423,66779.97432708743,-249.19542236320558
2021-02-16,-87.2,0.0,-87.2,66443.57890472423,66779.97432708743,-336.39542236320267
2021-02-18,58.39999999999999,0.0,58.39999999999999,66501.97890472422,66779.97432708743,-277.9954223632085
2021-02-19,145.6,0.0,145.6,66647.57890472423,66779.97432708743,-132.39542236320267
2021-02-22,72.8,0.0,72.8,66720.37890472423,66779.97432708743,-59.59542236319976
2021-02-23,-14.400000000000006,0.0,-14.400000000000006,66705.97890472424,66779.97432708743,-73.99542236319394
2021-02-24,218.39999999999998,0.0,218.39999999999998,66924.37890472423,66924.37890472423,0.0
2021-02-25,218.39999999999998,0.0,218.39999999999998,67142.77890472423,67142.77890472423,0.0
2021-02-26,-174.4,0.0,-174.4,66968.37890472423,67142.77890472423,-174.39999999999418
2021-03-01,0.0,-564.3999999999971,-564.3999999999971,66403.97890472424,67142.77890472423,-738.7999999999884
2021-03-02,218.39999999999998,0.0,218.39999999999998,66622.37890472423,67142.77890472423,-520.3999999999942
2021-03-03,-101.60000000000001,0.0,-101.60000000000001,66520.77890472423,67142.77890472423,-622.0
2021-03-05,-157.2,0.0,-157.2,66363.57890472423,67142.77890472423,-779.1999999999971
2021-03-08,-157.2,0.0,-157.2,66206.37890472423,67142.77890472423,-936.3999999999942
2021-03-09,-14.399999999999977,0.0,-14.399999999999977,66191.97890472424,67142.77890472423,-950.7999999999884
2021-03-10,-14.399999999999977,0.0,-14.399999999999977,66177.57890472424,67142.77890472423,-965.1999999999825
2021-03-11,285.6,0.0,285.6,66463.17890472425,67142.77890472423,-679.5999999999767
2021-03-12,72.8,0.0,72.8,66535.97890472425,67142.77890472423,-606.7999999999738
2021-03-15,131.2,-1007.2,-876.0,65659.97890472425,67142.77890472423,-1482.7999999999738
2021-03-16,-101.60000000000001,811.196337890625,709.596337890625,66369.57524261488,67142.77890472423,-773.203662109343
2021-03-17,-87.2,-985.9984741210881,-1073.198474121088,65296.37676849379,67142.77890472423,-1846.4021362304338
2021-03-18,102.39999999999998,2349.200000000003,2451.600000000003,67747.9767684938,67747.9767684938,0.0
2021-03-19,271.20000000000005,0.0,271.20000000000005,68019.1767684938,68019.1767684938,0.0
2021-03-23,-28.799999999999955,-1034.4000000000033,-1063.2000000000032,66955.9767684938,68019.1767684938,-1063.199999999997
2021-03-24,-14.399999999999977,0.0,-14.399999999999977,66941.5767684938,68019.1767684938,-1077.5999999999913
2021-03-25,142.8,442.80000000000285,585.6000000000029,67527.17676849381,68019.1767684938,-491.99999999998545
2021-03-26,-14.399999999999977,0.0,-14.399999999999977,67512.77676849382,68019.1767684938,-506.3999999999796
2021-03-29,0.0,-937.1999999999998,-937.1999999999998,66575.57676849382,68019.1767684938,-1443.5999999999767
2021-03-30,0.0,112.79999999999744,112.79999999999744,66688.37676849382,68019.1767684938,-1330.7999999999738
2021-03-31,0.0,885.6000000000057,885.6000000000057,67573.97676849383,68019.1767684938,-445.199999999968
2021-04-01,0.0,442.80000000000285,442.80000000000285,68016.77676849383,68019.1767684938,-2.3999999999650754
2021-04-06,-14.399999999999977,-527.2000000000032,-541.6000000000032,67475.17676849382,68019.1767684938,-543.9999999999709
2021-04-08,-157.2,442.80000000000285,285.60000000000286,67760.77676849383,68019.1767684938,-258.3999999999651
2021-04-12,142.8,92.79999999999433,235.59999999999434,67996.37676849382,68019.1767684938,-22.799999999973807
2021-04-13,72.8,485.6,558.4,68554.77676849382,68554.77676849382,0.0
2021-04-14,-14.400000000000006,1601.2000000000023,1586.8000000000022,70141.57676849382,70141.57676849382,0.0
2021-04-15,72.8,0.0,72.8,70214.37676849382,70214.37676849382,0.0
2021-04-16,58.39999999999999,0.0,58.39999999999999,70272.77676849382,70272.77676849382,0.0
2021-04-19,0.0,65.5980163574219,65.5980163574219,70338.37478485124,70338.37478485124,0.0
2021-04-20,0.0,-1581.5999999999956,-1581.5999999999956,68756.77478485125,70338.37478485124,-1581.5999999999913
2021-04-26,0.0,-861.6009155273409,-861.6009155273409,67895.17386932392,70338.37478485124,-2443.2009155273263
2021-04-27,0.0,-77.19969482421875,-77.19969482421875,67817.9741744997,70338.37478485124,-2520.400610351542
2021-04-28,145.6,295.5999999999951,441.19999999999504,68259.1741744997,70338.37478485124,-2079.200610351545
2021-04-29,72.8,0.0,72.8,68331.9741744997,70338.37478485124,-2006.4006103515421
2021-04-30,145.6,0.0,145.6,68477.5741744997,70338.37478485124,-1860.8006103515363
2021-05-03,145.6,0.0,145.6,68623.17417449971,70338.37478485124,-1715.2006103515305
2021-05-04,-14.400000000000006,0.0,-14.400000000000006,68608.77417449972,70338.37478485124,-1729.6006103515247
2021-05-05,-28.80000000000001,0.0,-28.80000000000001,68579.97417449972,70338.37478485124,-1758.4006103515276
2021-05-06,-14.400000000000006,0.0,-14.400000000000006,68565.57417449972,70338.37478485124,-1772.8006103515218
2021-05-07,145.6,0.0,145.6,68711.17417449973,70338.37478485124,-1627.200610351516
2021-05-10,-14.400000000000006,649.6000000000029,635.2000000000029,69346.37417449972,70338.37478485124,-992.0006103515188
2021-05-11,43.999999999999986,0.0,43.999999999999986,69390.37417449972,70338.37478485124,-948.0006103515188
2021-05-12,-157.2,0.0,-157.2,69233.17417449973,70338.37478485124,-1105.200610351516
2021-05-13,291.2,786.798016357422,1077.9980163574219,70311.17219085715,70338.37478485124,-27.20259399409406
2021-05-14,145.6,0.0,145.6,70456.77219085715,70456.77219085715,0.0
2021-05-17,145.6,0.0,145.6,70602.37219085716,70602.37219085716,0.0
2021-05-18,131.2,0.0,131.2,70733.57219085716,70733.57219085716,0.0
2021-05-19,128.40000000000003,0.0,128.40000000000003,70861.97219085715,70861.97219085715,0.0
2021-05-20,128.40000000000003,442.80000000000285,571.2000000000029,71433.17219085715,71433.17219085715,0.0
2021-05-21,-157.2,0.0,-157.2,71275.97219085715,71433.17219085715,-157.1999999999971
2021-05-25,-14.399999999999977,0.0,-14.399999999999977,71261.57219085716,71433.17219085715,-171.59999999999127
2021-05-26,58.39999999999999,0.0,58.39999999999999,71319.97219085715,71433.17219085715,-113.19999999999709
2021-05-27,131.2,0.0,131.2,71451.17219085715,71451.17219085715,0.0
2021-05-28,-174.4,0.0,-174.4,71276.77219085715,71451.17219085715,-174.39999999999418
2021-05-31,-87.2,0.0,-87.2,71189.57219085716,71451.17219085715,-261.59999999999127
2021-06-01,218.39999999999998,0.0,218.39999999999998,71407.97219085715,71451.17219085715,-43.19999999999709
2021-06-02,-101.60000000000001,0.0,-101.60000000000001,71306.37219085715,71451.17219085715,-144.8000000000029
2021-06-03,58.39999999999999,0.0,58.39999999999999,71364.77219085714,71451.17219085715,-86.40000000000873
2021-06-04,72.8,0.0,72.8,71437.57219085714,71451.17219085715,-13.60000000000582
2021-06-07,291.2,0.0,291.2,71728.77219085714,71728.77219085714,0.0
2021-06-08,-174.4,665.5999999999925,491.19999999999254,72219.97219085714,72219.97219085714,0.0
2021-06-09,-28.80000000000001,0.0,-28.80000000000001,72191.17219085713,72219.97219085714,-28.80000000000291
2021-06-10,-28.80000000000001,0.0,-28.80000000000001,72162.37219085713,72219.97219085714,-57.60000000000582
2021-06-11,-87.2,0.0,-87.2,72075.17219085713,72219.97219085714,-144.8000000000029
2021-06-14,58.39999999999999,0.0,58.39999999999999,72133.57219085713,72219.97219085714,-86.40000000000873
2021-06-15,-87.2,0.0,-87.2,72046.37219085713,72219.97219085714,-173.60000000000582
2021-06-16,-174.4,0.0,-174.4,71871.97219085714,72219.97219085714,-348.0
2021-06-17,116.79999999999998,0.0,116.79999999999998,71988.77219085714,72219.97219085714,-231.1999999999971
2021-06-18,-28.80000000000001,0.0,-28.80000000000001,71959.97219085714,72219.97219085714,-260.0
2021-06-21,291.2,-425.99633789062216,-134.79633789062217,71825.17585296651,72219.97219085714,-394.7963378906279
2021-06-22,-157.2,0.0,-157.2,71667.97585296651,72219.97219085714,-551.996337890625
2021-06-25,145.6,0.0,145.6,71813.57585296652,72219.97219085714,-406.3963378906192
2021-06-28,145.6,0.0,145.6,71959.17585296652,72219.97219085714,-260.79633789061336
2021-06-29,-188.8,352.79999999999944,163.99999999999943,72123.17585296652,72219.97219085714,-96.79633789061336
2021-06-30,131.2,0.0,131.2,72254.37585296652,72254.37585296652,0.0
2021-07-01,-101.60000000000001,0.0,-101.60000000000001,72152.77585296652,72254.37585296652,-101.60000000000582
2021-07-02,-14.400000000000006,0.0,-14.400000000000006,72138.37585296652,72254.37585296652,-116.0
2021-07-05,72.8,0.0,72.8,72211.17585296652,72254.37585296652,-43.19999999999709
2021-07-06,116.79999999999998,0.0,116.79999999999998,72327.97585296653,72327.97585296653,0.0
2021-07-07,0.0,-564.3999999999971,-564.3999999999971,71763.57585296653,72327.97585296653,-564.3999999999942
2021-07-08,128.40000000000003,442.80000000000285,571.2000000000029,72334.77585296653,72334.77585296653,0.0
2021-07-14,-14.399999999999977,0.0,-14.399999999999977,72320.37585296654,72334.77585296653,-14.39999999999418
2021-07-16,-14.399999999999977,442.80000000000285,428.4000000000029,72748.77585296654,72748.77585296654,0.0
2021-07-19,-57.59999999999991,0.0,-57.59999999999991,72691.17585296654,72748.77585296654,-57.60000000000582
2021-07-20,285.6,0.0,285.6,72976.77585296654,72976.77585296654,0.0
2021-07-22,-157.2,0.0,-157.2,72819.57585296655,72976.77585296654,-157.1999999999971
2021-07-29,145.6,395.5999999999966,541.1999999999966,73360.77585296654,73360.77585296654,0.0
2021-07-30,-87.2,592.7999999999943,505.5999999999943,73866.37585296654,73866.37585296654,0.0
2021-08-02,43.999999999999986,-831.6000000000164,-787.6000000000164,73078.77585296652,73866.37585296654,-787.6000000000204
2021-08-03,131.2,0.0,131.2,73209.97585296651,73866.37585296654,-656.4000000000233
2021-08-04,-43.20000000000002,0.0,-43.20000000000002,73166.77585296652,73866.37585296654,-699.6000000000204
2021-08-05,128.40000000000003,0.0,128.40000000000003,73295.17585296651,73866.37585296654,-571.2000000000262
2021-08-06,99.60000000000008,0.0,99.60000000000008,73394.77585296652,73866.37585296654,-471.6000000000204
2021-08-09,285.6,0.0,285.6,73680.37585296652,73866.37585296654,-186.00000000001455
2021-08-10,-14.399999999999977,0.0,-14.399999999999977,73665.97585296653,73866.37585296654,-200.40000000000873
2021-08-11,-28.799999999999955,0.0,-28.799999999999955,73637.17585296652,73866.37585296654,-229.20000000001164
2021-08-13,285.6,0.0,285.6,73922.77585296653,73922.77585296653,0.0
2021-08-16,-436.0,0.0,-436.0,73486.77585296653,73922.77585296653,-436.0
2021-08-17,-14.399999999999977,0.0,-14.399999999999977,73472.37585296654,73922.77585296653,-450.3999999999942
2021-08-18,271.20000000000005,0.0,271.20000000000005,73743.57585296653,73922.77585296653,-179.1999999999971
2021-08-19,204.0,0.0,204.0,73947.57585296653,73947.57585296653,0.0
2021-08-20,142.8,0.0,142.8,74090.37585296654,74090.37585296654,0.0
2021-08-23,-14.399999999999977,442.80000000000285,428.4000000000029,74518.77585296654,74518.77585296654,0.0
2021-08-24,-157.2,0.0,-157.2,74361.57585296655,74518.77585296654,-157.1999999999971
2021-08-25,285.6,0.0,285.6,74647.17585296655,74647.17585296655,0.0
2021-08-26,-188.8,0.0,-188.8,74458.37585296655,74647.17585296655,-188.8000000000029
2021-08-27,-87.2,0.0,-87.2,74371.17585296655,74647.17585296655,-276.0
2021-08-30,58.39999999999999,0.0,58.39999999999999,74429.57585296655,74647.17585296655,-217.60000000000582
2021-08-31,188.39999999999716,-377.1951171875,-188.79511718750283,74240.78073577904,74647.17585296655,-406.39511718750873
2021-09-02,-87.2,664.0045776367188,576.8045776367187,74817.58531341577,74817.58531341577,0.0
2021-09-03,-101.60000000000001,0.0,-101.60000000000001,74715.98531341576,74817.58531341577,-101.60000000000582
2021-09-07,0.0,-748.7981689453097,-748.7981689453097,73967.18714447044,74817.58531341577,-850.3981689453212
2021-09-10,145.6,0.0,145.6,74112.78714447045,74817.58531341577,-704.7981689453154
2021-09-13,-14.400000000000006,0.0,-14.400000000000006,74098.38714447046,74817.58531341577,-719.1981689453096
2021-09-14,218.39999999999998,0.0,218.39999999999998,74316.78714447045,74817.58531341577,-500.7981689453154
2021-09-15,58.39999999999999,0.0,58.39999999999999,74375.18714447044,74817.58531341577,-442.39816894532123
2021-09-16,-101.60000000000001,0.0,-101.60000000000001,74273.58714447044,74817.58531341577,-543.998168945327
2021-09-17,58.39999999999999,0.0,58.39999999999999,74331.98714447043,74817.58531341577,-485.5981689453329
2021-09-20,58.39999999999999,0.0,58.39999999999999,74390.38714447043,74817.58531341577,-427.1981689453387
2021-09-21,-28.80000000000001,0.0,-28.80000000000001,74361.58714447042,74817.58531341577,-455.9981689453416
2021-09-22,58.39999999999999,205.59359130859377,263.99359130859375,74625.58073577902,74817.58531341577,-192.00457763674785
2021-09-24,-101.60000000000001,0.0,-101.60000000000001,74523.98073577901,74817.58531341577,-293.6045776367537
2021-09-27,72.8,0.0,72.8,74596.78073577902,74817.58531341577,-220.80457763675076
2021-09-28,131.2,0.0,131.2,74727.98073577901,74817.58531341577,-89.60457763675367
2021-09-29,218.39999999999998,0.0,218.39999999999998,74946.380735779,74946.380735779,0.0
2021-09-30,102.39999999999998,0.0,102.39999999999998,75048.780735779,75048.780735779,0.0
2021-10-01,278.40000000000003,0.0,278.40000000000003,75327.180735779,75327.180735779,0.0
2021-10-04,-171.59999999999997,0.0,-171.59999999999997,75155.58073577899,75327.180735779,-171.60000000000582
2021-10-05,142.8,0.0,142.8,75298.38073577899,75327.180735779,-28.80000000000291
2021-10-06,285.6,0.0,285.6,75583.980735779,75583.980735779,0.0
2021-10-07,-28.799999999999955,0.0,-28.799999999999955,75555.180735779,75583.980735779,-28.80000000000291
2021-10-08,291.2,0.0,291.2,75846.38073577899,75846.38073577899,0.0
2021-10-11,-14.400000000000006,0.0,-14.400000000000006,75831.980735779,75846.38073577899,-14.39999999999418
2021-10-12,29.59999999999998,0.0,29.59999999999998,75861.580735779,75861.580735779,0.0
2021-10-13,-314.4,0.0,-314.4,75547.18073577901,75861.580735779,-314.3999999999942
2021-10-14,-157.2,0.0,-157.2,75389.98073577901,75861.580735779,-471.59999999999127
2021-10-18,-28.80000000000001,0.0,-28.80000000000001,75361.18073577901,75861.580735779,-500.3999999999942
2021-10-19,-171.59999999999997,0.0,-171.59999999999997,75189.580735779,75861.580735779,-672.0
2021-10-20,-28.80000000000001,0.0,-28.80000000000001,75160.780735779,75861.580735779,-700.8000000000029
2021-10-21,-328.79999999999995,0.0,-328.79999999999995,74831.980735779,75861.580735779,-1029.6000000000058
2021-10-22,-314.4,0.0,-314.4,74517.580735779,75861.580735779,-1344.0
2021-10-25,285.6,0.0,285.6,74803.18073577901,75861.580735779,-1058.3999999999942
2021-10-26,142.8,0.0,142.8,74945.98073577901,75861.580735779,-915.5999999999913
2021-10-27,414.00000000000006,0.0,414.00000000000006,75359.98073577901,75861.580735779,-501.59999999999127
2021-10-28,-314.4,442.80000000000285,128.40000000000288,75488.38073577902,75861.580735779,-373.19999999998254
2021-10-29,142.8,0.0,142.8,75631.18073577902,75861.580735779,-230.39999999997963
2021-11-03,285.6,0.0,285.6,75916.78073577903,75916.78073577903,0.0
2021-11-04,0.0,-1007.2,-1007.2,74909.58073577903,75916.78073577903,-1007.1999999999971
2021-11-05,428.40000000000003,0.0,428.40000000000003,75337.98073577903,75916.78073577903,-578.8000000000029
2021-11-10,714.0,0.0,714.0,76051.98073577903,76051.98073577903,0.0
2021-11-12,-171.59999999999997,0.0,-171.59999999999997,75880.38073577902,76051.98073577903,-171.60000000000582
2021-11-15,-157.2,0.0,-157.2,75723.18073577902,76051.98073577903,-328.8000000000029
2021-11-17,556.8000000000001,0.0,556.8000000000001,76279.98073577903,76279.98073577903,0.0
2021-11-18,-157.2,0.0,-157.2,76122.78073577903,76279.98073577903,-157.1999999999971
2021-11-19,428.40000000000003,0.0,428.40000000000003,76551.18073577902,76551.18073577902,0.0
2021-11-22,571.2,0.0,571.2,77122.38073577902,77122.38073577902,0.0
2021-11-23,285.6,0.0,285.6,77407.98073577903,77407.98073577903,0.0
2021-11-24,142.8,0.0,142.8,77550.78073577903,77550.78073577903,0.0
2021-11-26,1256.4,0.0,1256.4,78807.18073577902,78807.18073577902,0.0
2021-11-29,-800.3999999999999,-1007.2,-1807.6,76999.58073577902,78807.18073577902,-1807.6000000000058
2021-11-30,842.4000000000001,0.0,842.4000000000001,77841.98073577901,78807.18073577902,-965.2000000000116
2021-12-01,556.8000000000001,0.0,556.8000000000001,78398.78073577902,78807.18073577902,-408.40000000000873
2021-12-02,85.2000000000001,0.0,85.2000000000001,78483.98073577901,78807.18073577902,-323.20000000001164
2021-12-03,242.4000000000001,0.0,242.4000000000001,78726.380735779,78807.18073577902,-80.80000000001746
2021-12-06,-14.399999999999977,0.0,-14.399999999999977,78711.98073577901,78807.18073577902,-95.20000000001164
2021-12-07,-14.399999999999977,338.3990844726619,323.99908447266193,79035.97982025167,79035.97982025167,0.0
2021-12-08,285.6,442.80000000000285,728.4000000000028,79764.37982025168,79764.37982025168,0.0
2021-12-09,142.8,0.0,142.8,79907.17982025168,79907.17982025168,0.0
2021-12-10,142.8,112.79999999999032,255.59999999999033,80162.77982025167,80162.77982025167,0.0
2021-12-13,142.8,0.0,142.8,80305.57982025167,80305.57982025167,0.0
2021-12-14,58.39999999999999,0.0,58.39999999999999,80363.97982025167,80363.97982025167,0.0
2021-12-15,58.39999999999999,0.0,58.39999999999999,80422.37982025166,80422.37982025166,0.0
2021-12-16,-43.20000000000002,0.0,-43.20000000000002,80379.17982025167,80422.37982025166,-43.19999999999709
2021-12-17,204.0,442.80000000000285,646.8000000000029,81025.97982025167,81025.97982025167,0.0
2021-12-20,131.2,0.0,131.2,81157.17982025167,81157.17982025167,0.0
2021-12-21,-14.399999999999977,0.0,-14.399999999999977,81142.77982025167,81157.17982025167,-14.39999999999418
2021-12-23,142.8,0.0,142.8,81285.57982025167,81285.57982025167,0.0
2021-12-28,142.8,0.0,142.8,81428.37982025168,81428.37982025168,0.0
2021-12-29,-14.399999999999977,0.0,-14.399999999999977,81413.97982025168,81428.37982025168,-14.39999999999418
2021-12-30,22.800000000001138,0.0,22.800000000001138,81436.77982025169,81436.77982025169,0.0
2022-01-03,142.8,0.0,142.8,81579.57982025169,81579.57982025169,0.0
2022-01-04,128.40000000000003,0.0,128.40000000000003,81707.97982025168,81707.97982025168,0.0
2022-01-05,142.8,0.0,142.8,81850.77982025169,81850.77982025169,0.0
2022-01-06,218.39999999999998,0.0,218.39999999999998,82069.17982025168,82069.17982025168,0.0
2022-01-07,-101.60000000000001,0.0,-101.60000000000001,81967.57982025167,82069.17982025168,-101.60000000000582
2022-01-10,-101.60000000000001,0.0,-101.60000000000001,81865.97982025167,82069.17982025168,-203.20000000001164
2022-01-11,102.39999999999998,0.0,102.39999999999998,81968.37982025166,82069.17982025168,-100.80000000001746
2022-01-12,128.40000000000003,0.0,128.40000000000003,82096.77982025166,82096.77982025166,0.0
2022-01-13,-14.399999999999977,0.0,-14.399999999999977,82082.37982025166,82096.77982025166,-14.39999999999418
2022-01-14,-171.59999999999997,0.0,-171.59999999999997,81910.77982025166,82096.77982025166,-186.0
2022-01-18,142.8,0.0,142.8,82053.57982025166,82096.77982025166,-43.19999999999709
2022-01-19,131.2,0.0,131.2,82184.77982025166,82184.77982025166,0.0
2022-01-20,131.2,0.0,131.2,82315.97982025165,82315.97982025165,0.0
2022-01-21,58.39999999999999,0.0,58.39999999999999,82374.37982025165,82374.37982025165,0.0
2022-01-24,204.0,0.0,204.0,82578.37982025165,82578.37982025165,0.0
2022-01-25,128.40000000000003,0.0,128.40000000000003,82706.77982025164,82706.77982025164,0.0
2022-01-26,128.40000000000003,0.0,128.40000000000003,82835.17982025164,82835.17982025164,0.0
2022-01-27,-14.399999999999977,0.0,-14.399999999999977,82820.77982025164,82835.17982025164,-14.39999999999418
2022-01-28,-171.59999999999997,0.0,-171.59999999999997,82649.17982025164,82835.17982025164,-186.0
2022-01-31,142.8,0.0,142.8,82791.97982025164,82835.17982025164,-43.19999999999709
2022-02-02,-471.59999999999997,0.0,-471.59999999999997,82320.37982025163,82835.17982025164,-514.8000000000029
2022-02-04,-28.799999999999955,0.0,-28.799999999999955,82291.57982025163,82835.17982025164,-543.6000000000058
2022-02-07,-14.399999999999977,0.0,-14.399999999999977,82277.17982025164,82835.17982025164,-558.0
2022-02-08,128.40000000000003,0.0,128.40000000000003,82405.57982025163,82835.17982025164,-429.6000000000058
2022-02-09,128.40000000000003,0.0,128.40000000000003,82533.97982025162,82835.17982025164,-301.20000000001164
2022-02-10,271.20000000000005,0.0,271.20000000000005,82805.17982025162,82835.17982025164,-30.000000000014552
2022-02-11,-529.1999999999998,0.0,-529.1999999999998,82275.97982025162,82835.17982025164,-559.2000000000116
2022-02-14,-57.59999999999991,0.0,-57.59999999999991,82218.37982025162,82835.17982025164,-616.8000000000175
2022-02-15,-28.799999999999955,0.0,-28.799999999999955,82189.57982025162,82835.17982025164,-645.6000000000204
2022-02-16,414.00000000000006,0.0,414.00000000000006,82603.57982025162,82835.17982025164,-231.60000000002037
2022-02-17,128.40000000000003,2214.000000000014,2342.400000000014,84945.97982025162,84945.97982025162,0.0
2022-02-18,-328.79999999999995,-437.2003051757813,-766.0003051757812,84179.97951507584,84945.97982025162,-766.0003051757812
2022-02-21,271.20000000000005,0.0,271.20000000000005,84451.17951507584,84945.97982025162,-494.80030517578416
2022-02-22,-28.799999999999955,0.0,-28.799999999999955,84422.37951507584,84945.97982025162,-523.6003051757871
2022-02-23,128.40000000000003,0.0,128.40000000000003,84550.77951507583,84945.97982025162,-395.2003051757929
2022-02-24,385.2000000000001,0.0,385.2000000000001,84935.97951507583,84945.97982025162,-10.000305175795802
2022-02-25,-28.799999999999955,885.6000000000057,856.8000000000058,85792.77951507583,85792.77951507583,0.0
2022-02-28,-185.99999999999994,0.0,-185.99999999999994,85606.77951507583,85792.77951507583,-186.0
2022-03-01,1356.0000000000002,0.0,1356.0000000000002,86962.77951507583,86962.77951507583,0.0
2022-03-02,385.2000000000001,0.0,385.2000000000001,87347.97951507583,87347.97951507583,0.0
2022-03-03,-243.59999999999985,0.0,-243.59999999999985,87104.37951507582,87347.97951507583,-243.60000000000582
2022-03-04,842.4000000000001,0.0,842.4000000000001,87946.77951507582,87946.77951507582,0.0
2022-03-07,-115.19999999999982,0.0,-115.19999999999982,87831.57951507582,87946.77951507582,-115.19999999999709
2022-03-08,456.0000000000002,0.0,456.0000000000002,88287.57951507582,88287.57951507582,0.0
2022-03-09,-57.59999999999991,0.0,-57.59999999999991,88229.97951507581,88287.57951507582,-57.60000000000582
2022-03-10,-671.9999999999999,0.0,-671.9999999999999,87557.97951507581,88287.57951507582,-729.6000000000058
2022-03-11,242.4000000000001,-3101.606408691417,-2859.206408691417,84698.7731063844,88287.57951507582,-3588.8064086914237
2022-03-14,985.2,-1971.6000000000026,-986.4000000000026,83712.37310638439,88287.57951507582,-4575.206408691432
2022-03-15,85.2000000000001,-1528.7999999999997,-1443.5999999999997,82268.77310638438,88287.57951507582,-6018.806408691438
2022-03-16,-357.5999999999999,242.40000000001163,-115.19999999998828,82153.5731063844,88287.57951507582,-6134.006408691421
2022-03-17,-643.1999999999999,0.0,-643.1999999999999,81510.3731063844,88287.57951507582,-6777.206408691418
2022-03-18,-328.79999999999995,1453.9948120117301,1125.1948120117302,82635.56791839613,88287.57951507582,-5652.0115966796875
2022-03-21,99.60000000000008,0.0,99.60000000000008,82735.16791839614,88287.57951507582,-5552.411596679682
2022-03-22,856.8000000000001,0.0,856.8000000000001,83591.96791839614,88287.57951507582,-4695.611596679679
2022-03-23,242.4000000000001,0.0,242.4000000000001,83834.36791839614,88287.57951507582,-4453.211596679685
2022-03-24,-185.99999999999994,0.0,-185.99999999999994,83648.36791839614,88287.57951507582,-4639.211596679685
2022-03-25,656.4000000000001,0.0,656.4000000000001,84304.76791839613,88287.57951507582,-3982.8115966796904
2022-03-28,699.6000000000001,1328.4000000000085,2028.0000000000086,86332.76791839614,88287.57951507582,-1954.8115966796759
2022-03-29,385.2000000000001,442.80000000000285,828.000000000003,87160.76791839614,88287.57951507582,-1126.8115966796759
2022-03-30,-185.99999999999994,442.80000000000285,256.8000000000029,87417.56791839615,88287.57951507582,-870.011596679673
2022-03-31,556.8000000000001,-1486.0000000000023,-929.2000000000022,86488.36791839615,88287.57951507582,-1799.21159667967
2022-04-01,-28.799999999999955,0.0,-28.799999999999955,86459.56791839615,88287.57951507582,-1828.011596679673
2022-04-04,0.0,391.19969482422744,391.19969482422744,86850.76761322038,88287.57951507582,-1436.8119018554426
2022-04-05,0.0,442.80000000000285,442.80000000000285,87293.56761322038,88287.57951507582,-994.0119018554396
2022-04-06,0.0,1771.2000000000114,1771.2000000000114,89064.76761322039,89064.76761322039,0.0
2022-04-07,356.40000000000015,0.0,356.40000000000015,89421.16761322039,89421.16761322039,0.0
2022-04-08,414.00000000000006,0.0,414.00000000000006,89835.16761322039,89835.16761322039,0.0
2022-04-11,271.20000000000005,0.0,271.20000000000005,90106.36761322038,90106.36761322038,0.0
2022-04-12,-28.799999999999955,45.60000000000227,16.800000000002314,90123.16761322039,90123.16761322039,0.0
2022-04-13,571.2,442.80000000000285,1014.000000000003,91137.16761322039,91137.16761322039,0.0
2022-04-14,0.0,1328.4000000000085,1328.4000000000085,92465.5676132204,92465.5676132204,0.0
2022-04-18,128.40000000000003,1771.2000000000114,1899.6000000000115,94365.1676132204,94365.1676132204,0.0
2022-04-19,0.0,-487.19999999998976,-487.19999999998976,93877.96761322042,94365.1676132204,-487.19999999998254
2022-04-20,0.0,442.80000000000285,442.80000000000285,94320.76761322042,94365.1676132204,-44.39999999997963
2022-04-22,0.0,1328.4000000000085,1328.4000000000085,95649.16761322043,95649.16761322043,0.0
2022-04-25,-500.3999999999999,0.0,-500.3999999999999,95148.76761322044,95649.16761322043,-500.3999999999942
2022-04-26,-514.8,0.0,-514.8,94633.96761322043,95649.16761322043,-1015.1999999999971
2022-04-27,271.20000000000005,-104.40000000000344,166.7999999999966,94800.76761322044,95649.16761322043,-848.3999999999942
2022-04-29,128.40000000000003,-504.4024414062472,-376.00244140624716,94424.76517181419,95649.16761322043,-1224.4024414062442
2022-05-02,0.0,-1407.2000000000055,-1407.2000000000055,93017.56517181417,95649.16761322043,-2631.602441406256
2022-05-03,571.2,442.80000000000285,1014.000000000003,94031.56517181417,95649.16761322043,-1617.6024414062558
2022-05-04,399.6000000000001,0.0,399.6000000000001,94431.16517181418,95649.16761322043,-1218.00244140625
2022-05-05,828.0000000000001,0.0,828.0000000000001,95259.16517181418,95649.16761322043,-390.00244140625
2022-05-06,256.80000000000007,0.0,256.80000000000007,95515.96517181418,95649.16761322043,-133.2024414062471
2022-05-09,528.0000000000001,-964.4000000000026,-436.4000000000025,95079.56517181417,95649.16761322043,-569.6024414062558
2022-05-10,385.2000000000001,1771.2000000000114,2156.4000000000115,97235.96517181418,97235.96517181418,0.0
2022-05-11,414.00000000000006,442.80000000000285,856.8000000000029,98092.76517181419,98092.76517181419,0.0
2022-05-12,-28.799999999999955,-1196.0030517578118,-1224.8030517578118,96867.96212005637,98092.76517181419,-1224.8030517578154
2022-05-13,271.20000000000005,-121.59999999999428,149.60000000000576,97017.56212005638,98092.76517181419,-1075.2030517578096
2022-05-16,85.2000000000001,0.0,85.2000000000001,97102.76212005637,98092.76517181419,-990.0030517578125
2022-05-17,-185.99999999999994,0.0,-185.99999999999994,96916.76212005637,98092.76517181419,-1176.0030517578125
2022-05-18,385.2000000000001,0.0,385.2000000000001,97301.96212005637,98092.76517181419,-790.8030517578154
2022-05-20,414.00000000000006,0.0,414.00000000000006,97715.96212005637,98092.76517181419,-376.8030517578154
2022-05-23,571.2,442.80000000000285,1014.000000000003,98729.96212005637,98729.96212005637,0.0
2022-05-24,571.2,0.0,571.2,99301.16212005637,99301.16212005637,0.0
2022-05-25,128.40000000000003,0.0,128.40000000000003,99429.56212005636,99429.56212005636,0.0
2022-05-26,414.00000000000006,442.80000000000285,856.8000000000029,100286.36212005636,100286.36212005636,0.0
2022-05-27,285.6,0.0,285.6,100571.96212005637,100571.96212005637,0.0
2022-05-30,-28.799999999999955,0.0,-28.799999999999955,100543.16212005637,100571.96212005637,-28.80000000000291
2022-05-31,-643.1999999999999,0.0,-643.1999999999999,99899.96212005637,100571.96212005637,-672.0
2022-06-01,714.0,0.0,714.0,100613.96212005637,100613.96212005637,0.0
2022-06-02,-71.99999999999989,0.0,-71.99999999999989,100541.96212005637,100613.96212005637,-72.0
2022-06-03,-185.99999999999994,0.0,-185.99999999999994,100355.96212005637,100613.96212005637,-258.0
2022-06-06,414.00000000000006,0.0,414.00000000000006,100769.96212005637,100769.96212005637,0.0
2022-06-07,542.4000000000001,0.0,542.4000000000001,101312.36212005636,101312.36212005636,0.0
2022-06-08,985.2,0.0,985.2,102297.56212005636,102297.56212005636,0.0
2022-06-09,-14.399999999999977,0.0,-14.399999999999977,102283.16212005637,102297.56212005636,-14.39999999999418
2022-06-10,-57.59999999999991,0.0,-57.59999999999991,102225.56212005636,102297.56212005636,-72.0
2022-06-13,-343.19999999999993,-1007.2,-1350.4,100875.16212005637,102297.56212005636,-1422.3999999999942
2022-06-14,242.4000000000001,0.0,242.4000000000001,101117.56212005636,102297.56212005636,-1180.0
2022-06-15,271.20000000000005,442.80000000000285,714.000000000003,101831.56212005636,102297.56212005636,-466.0
2022-06-16,699.6000000000001,-778.7999999999997,-79.19999999999959,101752.36212005636,102297.56212005636,-545.1999999999971
2022-06-17,542.4000000000001,-1407.2000000000055,-864.8000000000054,100887.56212005636,102297.56212005636,-1410.0
2022-06-20,-171.59999999999997,165.60335693359661,-5.996643066403351,100881.56547698996,102297.56212005636,-1415.9966430664062
2022-06-21,-185.99999999999994,0.0,-185.99999999999994,100695.56547698996,102297.56212005636,-1601.9966430664062
2022-06-22,542.4000000000001,-150.40152587889492,391.9984741211052,101087.56395111106,102297.56212005636,-1209.998168945298
2022-06-23,-43.19999999999993,2656.800000000017,2613.600000000017,103701.16395111108,103701.16395111108,0.0
2022-06-24,699.6000000000001,-564.3999999999971,135.200000000003,103836.36395111108,103836.36395111108,0.0
2022-06-27,0.0,1649.6000000000172,1649.6000000000172,105485.9639511111,105485.9639511111,0.0
2022-06-28,-185.99999999999994,0.0,-185.99999999999994,105299.9639511111,105485.9639511111,-186.0
2022-06-29,399.6000000000001,0.0,399.6000000000001,105699.56395111111,105699.56395111111,0.0
2022-06-30,99.60000000000008,-1528.7999999999997,-1429.1999999999996,104270.36395111111,105699.56395111111,-1429.199999999997
2022-07-01,428.40000000000003,321.2000000000085,749.6000000000085,105019.96395111112,105699.56395111111,-679.5999999999913
2022-07-04,0.0,395.5990844726591,395.5990844726591,105415.56303558378,105699.56395111111,-284.0009155273292
2022-07-05,99.60000000000008,-1401.600305175784,-1302.0003051757838,104113.562730408,105699.56395111111,-1586.0012207031104
2022-07-06,-100.79999999999984,0.0,-100.79999999999984,104012.762730408,105699.56395111111,-1686.8012207031134
2022-07-07,-28.799999999999955,0.0,-28.799999999999955,103983.96273040799,105699.56395111111,-1715.6012207031163
2022-07-08,414.00000000000006,0.0,414.00000000000006,104397.96273040799,105699.56395111111,-1301.6012207031163
2022-07-11,114.00000000000006,1771.2000000000114,1885.2000000000114,106283.162730408,106283.162730408,0.0
2022-07-12,699.6000000000001,969.6042724609517,1669.2042724609519,107952.36700286895,107952.36700286895,0.0
2022-07-13,-185.99999999999994,0.0,-185.99999999999994,107766.36700286895,107952.36700286895,-186.0
2022-07-14,685.2,0.0,685.2,108451.56700286895,108451.56700286895,0.0
2022-07-15,-28.799999999999955,0.0,-28.799999999999955,108422.76700286895,108451.56700286895,-28.80000000000291
2022-07-18,285.6,1068.4000000000033,1354.0000000000032,109776.76700286895,109776.76700286895,0.0
2022-07-19,-43.19999999999993,-358.79999999999825,-401.9999999999982,109374.76700286895,109776.76700286895,-402.0
2022-07-20,-185.99999999999994,1406.804577636733,1220.804577636733,110595.57158050568,110595.57158050568,0.0
2022-07-21,128.40000000000003,885.6000000000057,1014.0000000000057,111609.57158050568,111609.57158050568,0.0
2022-07-22,-28.799999999999955,738.4000000000051,709.6000000000051,112319.17158050569,112319.17158050569,0.0
2022-07-25,571.2,0.0,571.2,112890.37158050569,112890.37158050569,0.0
2022-07-26,99.60000000000008,442.80000000000285,542.4000000000029,113432.7715805057,113432.7715805057,0.0
2022-07-27,528.0000000000001,0.0,528.0000000000001,113960.7715805057,113960.7715805057,0.0
2022-07-28,-328.79999999999995,885.6000000000057,556.8000000000058,114517.5715805057,114517.5715805057,0.0
2022-07-29,-263.1999999999931,-1007.2,-1270.3999999999933,113247.1715805057,114517.5715805057,-1270.3999999999942
2022-08-01,271.20000000000005,-2164.4000000000055,-1893.2000000000055,111353.97158050569,114517.5715805057,-3163.600000000006
2022-08-02,114.00000000000006,0.0,114.00000000000006,111467.97158050569,114517.5715805057,-3049.600000000006
2022-08-04,399.6000000000001,0.0,399.6000000000001,111867.5715805057,114517.5715805057,-2650.0
2022-08-05,-28.799999999999955,0.0,-28.799999999999955,111838.7715805057,114517.5715805057,-2678.800000000003
2022-08-08,-485.99999999999994,0.0,-485.99999999999994,111352.7715805057,114517.5715805057,-3164.800000000003
2022-08-09,414.00000000000006,-1007.2,-593.2,110759.5715805057,114517.5715805057,-3758.0
2022-08-10,813.6000000000001,0.0,813.6000000000001,111573.1715805057,114517.5715805057,-2944.399999999994
2022-08-11,271.20000000000005,885.6000000000057,1156.8000000000056,112729.9715805057,114517.5715805057,-1787.5999999999913
2022-08-12,285.6,442.80000000000285,728.4000000000028,113458.37158050571,114517.5715805057,-1059.1999999999825
2022-08-15,285.6,0.0,285.6,113743.97158050572,114517.5715805057,-773.5999999999767
2022-08-16,556.8000000000001,0.0,556.8000000000001,114300.77158050572,114517.5715805057,-216.7999999999738
2022-08-17,-628.8,0.0,-628.8,113671.97158050572,114517.5715805057,-845.5999999999767
2022-08-18,-14.399999999999977,0.0,-14.399999999999977,113657.57158050573,114517.5715805057,-859.9999999999709
2022-08-19,-185.99999999999994,0.0,-185.99999999999994,113471.57158050573,114517.5715805057,-1045.999999999971
2022-08-22,128.40000000000003,442.80000000000285,571.2000000000029,114042.77158050572,114517.5715805057,-474.7999999999738
2022-08-23,-328.79999999999995,885.6000000000057,556.8000000000058,114599.57158050573,114599.57158050573,0.0
2022-08-24,414.00000000000006,885.6000000000057,1299.6000000000058,115899.17158050573,115899.17158050573,0.0
2022-08-25,-485.99999999999994,442.80000000000285,-43.19999999999709,115855.97158050573,115899.17158050573,-43.19999999999709
2022-08-26,128.40000000000003,442.80000000000285,571.2000000000029,116427.17158050573,116427.17158050573,0.0
2022-08-29,-485.99999999999994,0.0,-485.99999999999994,115941.17158050573,116427.17158050573,-486.0
2022-08-30,0.0,442.80000000000285,442.80000000000285,116383.97158050573,116427.17158050573,-43.19999999999709
2022-08-31,-28.799999999999955,0.0,-28.799999999999955,116355.17158050573,116427.17158050573,-72.0
2022-09-01,556.8000000000001,376.8042724609432,933.6042724609433,117288.77585296668,117288.77585296668,0.0
2022-09-02,-28.799999999999955,-515.9999999999898,-544.7999999999897,116743.97585296669,117288.77585296668,-544.7999999999884
2022-09-05,0.0,-127.20274658203124,-127.20274658203124,116616.77310638466,117288.77585296668,-672.0027465820167
2022-09-06,-171.59999999999997,-744.4003051757784,-916.0003051757783,115700.77280120888,117288.77585296668,-1588.003051757798
2022-09-07,699.6000000000001,0.0,699.6000000000001,116400.37280120888,117288.77585296668,-888.4030517577921
2022-09-08,-28.799999999999955,0.0,-28.799999999999955,116371.57280120888,117288.77585296668,-917.203051757795
2022-09-09,285.6,0.0,285.6,116657.17280120889,117288.77585296668,-631.6030517577892
2022-09-12,-171.59999999999997,-554.3978637695284,-725.9978637695283,115931.17493743935,117288.77585296668,-1357.6009155273205
2022-09-13,271.20000000000005,1328.4000000000085,1599.6000000000085,117530.77493743936,117530.77493743936,0.0
2022-09-14,-28.799999999999955,442.80000000000285,414.0000000000029,117944.77493743936,117944.77493743936,0.0
2022-09-15,-28.799999999999955,102.79999999999944,73.99999999999949,118018.77493743936,118018.77493743936,0.0
2022-09-16,-28.799999999999955,321.20000000000846,292.4000000000085,118311.17493743937,118311.17493743937,0.0
2022-09-19,99.60000000000008,0.0,99.60000000000008,118410.77493743938,118410.77493743938,0.0
2022-09-20,128.40000000000003,0.0,128.40000000000003,118539.17493743937,118539.17493743937,0.0
2022-09-21,228.0000000000001,0.0,228.0000000000001,118767.17493743937,118767.17493743937,0.0
2022-09-22,399.6000000000001,0.0,399.6000000000001,119166.77493743938,119166.77493743938,0.0
2022-09-23,271.20000000000005,0.0,271.20000000000005,119437.97493743937,119437.97493743937,0.0
2022-09-26,85.2000000000001,0.0,85.2000000000001,119523.17493743937,119523.17493743937,0.0
2022-09-27,571.2,0.0,571.2,120094.37493743937,120094.37493743937,0.0
2022-09-28,414.00000000000006,0.0,414.00000000000006,120508.37493743937,120508.37493743937,0.0
2022-09-29,128.40000000000003,0.0,128.40000000000003,120636.77493743936,120636.77493743936,0.0
2022-09-30,-43.19999999999993,0.0,-43.19999999999993,120593.57493743936,120636.77493743936,-43.19999999999709
2022-10-03,428.40000000000003,0.0,428.40000000000003,121021.97493743936,121021.97493743936,0.0
2022-10-04,-14.399999999999977,-407.2000000000057,-421.60000000000565,120600.37493743935,121021.97493743936,-421.6000000000058
2022-10-05,114.00000000000006,-564.3999999999971,-450.3999999999971,120149.97493743936,121021.97493743936,-872.0
2022-10-06,-171.59999999999997,0.0,-171.59999999999997,119978.37493743935,121021.97493743936,-1043.6000000000058
2022-10-07,-57.59999999999991,0.0,-57.59999999999991,119920.77493743935,121021.97493743936,-1101.2000000000116
2022-10-10,114.00000000000006,0.0,114.00000000000006,120034.77493743935,121021.97493743936,-987.2000000000116
2022-10-11,-14.399999999999977,0.0,-14.399999999999977,120020.37493743935,121021.97493743936,-1001.6000000000058
2022-10-18,271.20000000000005,0.0,271.20000000000005,120291.57493743935,121021.97493743936,-730.4000000000087
2022-10-19,128.40000000000003,442.80000000000285,571.2000000000029,120862.77493743935,121021.97493743936,-159.20000000001164
2022-10-20,414.00000000000006,0.0,414.00000000000006,121276.77493743935,121276.77493743935,0.0
2022-10-21,271.20000000000005,0.0,271.20000000000005,121547.97493743934,121547.97493743934,0.0
2022-10-24,-14.399999999999977,0.0,-14.399999999999977,121533.57493743935,121547.97493743934,-14.39999999999418
2022-10-25,0.0,442.80000000000285,442.80000000000285,121976.37493743935,121976.37493743935,0.0
2022-10-27,285.6,0.0,285.6,122261.97493743936,122261.97493743936,0.0
2022-10-28,428.40000000000003,0.0,428.40000000000003,122690.37493743935,122690.37493743935,0.0
2022-11-01,0.0,-1007.2,-1007.2,121683.17493743935,122690.37493743935,-1007.1999999999971
2022-11-02,0.0,52.80000000000227,52.80000000000227,121735.97493743936,122690.37493743935,-954.3999999999942
2022-11-04,128.40000000000003,0.0,128.40000000000003,121864.37493743935,122690.37493743935,-826.0
2022-11-07,-328.79999999999995,0.0,-328.79999999999995,121535.57493743935,122690.37493743935,-1154.800000000003
2022-11-08,271.20000000000005,0.0,271.20000000000005,121806.77493743935,122690.37493743935,-883.6000000000058
2022-11-10,-171.59999999999997,0.0,-171.59999999999997,121635.17493743934,122690.37493743935,-1055.2000000000116
2022-11-14,0.0,442.80000000000285,442.80000000000285,122077.97493743934,122690.37493743935,-612.4000000000087
2022-11-15,-343.19999999999993,442.80000000000285,99.60000000000292,122177.57493743935,122690.37493743935,-512.8000000000029
2022-11-16,-14.399999999999977,-287.2000000000011,-301.6000000000011,121875.97493743934,122690.37493743935,-814.4000000000087
2022-11-17,271.20000000000005,0.0,271.20000000000005,122147.17493743934,122690.37493743935,-543.2000000000116
2022-11-18,-43.19999999999993,0.0,-43.19999999999993,122103.97493743934,122690.37493743935,-586.4000000000087
2022-11-21,99.60000000000008,0.0,99.60000000000008,122203.57493743935,122690.37493743935,-486.8000000000029
2022-11-22,-171.59999999999997,0.0,-171.59999999999997,122031.97493743934,122690.37493743935,-658.4000000000087
2022-11-23,-43.19999999999993,0.0,-43.19999999999993,121988.77493743935,122690.37493743935,-701.6000000000058
2022-11-25,71.20000000000287,0.0,71.20000000000287,122059.97493743934,122690.37493743935,-630.4000000000087
2022-11-28,-171.59999999999997,0.0,-171.59999999999997,121888.37493743934,122690.37493743935,-802.0000000000146
2022-11-29,714.0,0.0,714.0,122602.37493743934,122690.37493743935,-88.00000000001455
2022-11-30,285.6,442.80000000000285,728.4000000000028,123330.77493743935,123330.77493743935,0.0
2022-12-01,571.2,0.0,571.2,123901.97493743934,123901.97493743934,0.0
2022-12-02,128.40000000000003,885.6000000000057,1014.0000000000057,124915.97493743934,124915.97493743934,0.0
2022-12-05,-43.19999999999993,-1007.2,-1050.4,123865.57493743935,124915.97493743934,-1050.3999999999942
2022-12-06,-43.19999999999993,0.0,-43.19999999999993,123822.37493743935,124915.97493743934,-1093.5999999999913
2022-12-07,985.2,0.0,985.2,124807.57493743935,124915.97493743934,-108.39999999999418
2022-12-08,1285.2,0.0,1285.2,126092.77493743935,126092.77493743935,0.0
2022-12-09,114.00000000000006,0.0,114.00000000000006,126206.77493743935,126206.77493743935,0.0
2022-12-12,285.6,0.0,285.6,126492.37493743935,126492.37493743935,0.0
2022-12-13,285.6,0.0,285.6,126777.97493743936,126777.97493743936,0.0
2022-12-14,-28.799999999999955,0.0,-28.799999999999955,126749.17493743935,126777.97493743936,-28.80000000000291
2022-12-15,142.8,-477.19999999999885,-334.39999999999884,126414.77493743936,126777.97493743936,-363.1999999999971
2022-12-16,-14.399999999999977,0.0,-14.399999999999977,126400.37493743937,126777.97493743936,-377.59999999999127
2022-12-19,-171.59999999999997,0.0,-171.59999999999997,126228.77493743936,126777.97493743936,-549.1999999999971
2022-12-20,-171.59999999999997,-1007.2,-1178.8,125049.97493743936,126777.97493743936,-1728.0
2022-12-21,-157.2,0.0,-157.2,124892.77493743936,126777.97493743936,-1885.199999999997
2022-12-22,428.40000000000003,885.6000000000057,1314.0000000000057,126206.77493743936,126777.97493743936,-571.1999999999971
2022-12-23,142.8,0.0,142.8,126349.57493743936,126777.97493743936,-428.3999999999942
2022-12-27,128.40000000000003,442.80000000000285,571.2000000000029,126920.77493743936,126920.77493743936,0.0
2022-12-28,128.40000000000003,0.0,128.40000000000003,127049.17493743935,127049.17493743935,0.0
2022-12-29,-14.399999999999977,442.80000000000285,428.4000000000029,127477.57493743936,127477.57493743936,0.0
2022-12-30,142.8,0.0,142.8,127620.37493743937,127620.37493743937,0.0
2023-01-04,414.00000000000006,0.0,414.00000000000006,128034.37493743937,128034.37493743937,0.0
2023-01-05,271.20000000000005,0.0,271.20000000000005,128305.57493743936,128305.57493743936,0.0
2023-01-06,128.40000000000003,0.0,128.40000000000003,128433.97493743936,128433.97493743936,0.0
2023-01-10,0.0,-507.2,-507.2,127926.77493743936,128433.97493743936,-507.1999999999971
2023-01-12,-314.4,0.0,-314.4,127612.37493743937,128433.97493743936,-821.5999999999913
2023-01-13,-14.399999999999977,0.0,-14.399999999999977,127597.97493743937,128433.97493743936,-835.9999999999854
2023-01-16,142.8,0.0,142.8,127740.77493743938,128433.97493743936,-693.1999999999825
2023-01-17,-188.8,0.0,-188.8,127551.97493743937,128433.97493743936,-881.9999999999854
2023-01-18,116.79999999999998,0.0,116.79999999999998,127668.77493743938,128433.97493743936,-765.1999999999825
2023-01-19,-14.399999999999977,0.0,-14.399999999999977,127654.37493743938,128433.97493743936,-779.5999999999767
2023-01-20,428.40000000000003,0.0,428.40000000000003,128082.77493743938,128433.97493743936,-351.19999999998254
2023-01-23,142.8,0.0,142.8,128225.57493743938,128433.97493743936,-208.39999999997963
2023-01-24,-14.399999999999977,0.0,-14.399999999999977,128211.17493743938,128433.97493743936,-222.7999999999738
2023-01-25,0.0,442.80000000000285,442.80000000000285,128653.97493743939,128653.97493743939,0.0
2023-01-26,-14.399999999999977,0.0,-14.399999999999977,128639.57493743939,128653.97493743939,-14.39999999999418
2023-01-27,414.00000000000006,0.0,414.00000000000006,129053.57493743939,129053.57493743939,0.0
2023-01-30,-157.2,0.0,-157.2,128896.3749374394,129053.57493743939,-157.1999999999971
2023-01-31,128.40000000000003,0.0,128.40000000000003,129024.77493743939,129053.57493743939,-28.80000000000291
2023-02-01,128.40000000000003,442.80000000000285,571.2000000000029,129595.97493743939,129595.97493743939,0.0
2023-02-02,-171.59999999999997,0.0,-171.59999999999997,129424.37493743938,129595.97493743939,-171.60000000000582
2023-02-03,856.8000000000001,0.0,856.8000000000001,130281.17493743938,130281.17493743938,0.0
2023-02-06,-185.99999999999994,0.0,-185.99999999999994,130095.17493743938,130281.17493743938,-186.0
2023-02-07,-14.399999999999977,0.0,-14.399999999999977,130080.77493743939,130281.17493743938,-200.39999999999418
2023-02-08,0.0,885.6000000000057,885.6000000000057,130966.3749374394,130966.3749374394,0.0
2023-02-14,0.0,442.80000000000285,442.80000000000285,131409.17493743938,131409.17493743938,0.0
2023-02-17,-171.59999999999997,0.0,-171.59999999999997,131237.57493743938,131409.17493743938,-171.60000000000582
2023-02-21,-14.399999999999977,0.0,-14.399999999999977,131223.17493743938,131409.17493743938,-186.0
2023-02-22,364.0,0.0,364.0,131587.17493743938,131587.17493743938,0.0
2023-02-23,-157.2,0.0,-157.2,131429.97493743937,131587.17493743938,-157.20000000001164
2023-02-24,-28.799999999999955,0.0,-28.799999999999955,131401.17493743938,131587.17493743938,-186.0
2023-02-27,285.6,0.0,285.6,131686.7749374394,131686.7749374394,0.0
2023-02-28,285.6,0.0,285.6,131972.3749374394,131972.3749374394,0.0
2023-03-02,145.6,0.0,145.6,132117.9749374394,132117.9749374394,0.0
2023-03-03,0.0,1340.801220703128,1340.801220703128,133458.77615814254,133458.77615814254,0.0
2023-03-06,142.8,0.0,142.8,133601.57615814253,133601.57615814253,0.0
2023-03-07,-28.799999999999955,0.0,-28.799999999999955,133572.77615814254,133601.57615814253,-28.79999999998836
2023-03-08,0.0,885.6000000000057,885.6000000000057,134458.37615814255,134458.37615814255,0.0
2023-03-09,0.0,-687.1999999999927,-687.1999999999927,133771.17615814257,134458.37615814255,-687.1999999999825
2023-03-10,-314.4,0.0,-314.4,133456.77615814257,134458.37615814255,-1001.5999999999767
2023-03-13,271.20000000000005,0.0,271.20000000000005,133727.97615814258,134458.37615814255,-730.3999999999651
2023-03-14,699.6000000000001,0.0,699.6000000000001,134427.5761581426,134458.37615814255,-30.799999999959255
2023-03-15,228.0000000000001,0.0,228.0000000000001,134655.5761581426,134655.5761581426,0.0
2023-03-16,242.4000000000001,0.0,242.4000000000001,134897.97615814258,134897.97615814258,0.0
2023-03-17,-500.3999999999999,0.0,-500.3999999999999,134397.5761581426,134897.97615814258,-500.3999999999942
2023-03-20,145.60000000000514,-521.5999999999998,-375.99999999999466,134021.5761581426,134897.97615814258,-876.3999999999942
2023-03-21,-14.399999999999977,1058.4000000000126,1044.0000000000127,135065.5761581426,135065.5761581426,0.0
2023-03-22,271.20000000000005,442.80000000000285,714.000000000003,135779.5761581426,135779.5761581426,0.0
2023-03-23,-14.399999999999977,0.0,-14.399999999999977,135765.1761581426,135779.5761581426,-14.39999999999418
2023-03-24,-314.4,0.0,-314.4,135450.7761581426,135779.5761581426,-328.79999999998836
2023-03-28,285.6,-507.2,-221.59999999999997,135229.1761581426,135779.5761581426,-550.3999999999942
2023-03-29,-14.399999999999977,442.80000000000285,428.4000000000029,135657.5761581426,135779.5761581426,-122.0
2023-03-30,-157.2,0.0,-157.2,135500.37615814258,135779.5761581426,-279.20000000001164
2023-03-31,-14.399999999999977,442.80000000000285,428.4000000000029,135928.77615814257,135928.77615814257,0.0
2023-04-03,-14.399999999999977,0.0,-14.399999999999977,135914.37615814258,135928.77615814257,-14.39999999999418
2023-04-04,364.0,0.0,364.0,136278.37615814258,136278.37615814258,0.0
2023-04-05,-14.399999999999977,0.0,-14.399999999999977,136263.97615814258,136278.37615814258,-14.39999999999418
2023-04-06,-101.60000000000001,0.0,-101.60000000000001,136162.37615814258,136278.37615814258,-116.0
2023-04-10,58.39999999999999,1369.5981689453126,1427.9981689453127,137590.3743270879,137590.3743270879,0.0
2023-04-11,-101.60000000000001,0.0,-101.60000000000001,137488.7743270879,137590.3743270879,-101.60000000000582
2023-04-12,271.20000000000005,0.0,271.20000000000005,137759.9743270879,137759.9743270879,0.0
2023-04-13,-14.400000000000006,0.0,-14.400000000000006,137745.5743270879,137759.9743270879,-14.39999999999418
2023-04-14,116.79999999999998,0.0,116.79999999999998,137862.3743270879,137862.3743270879,0.0
2023-04-17,-28.80000000000001,44.00488281250283,15.204882812502817,137877.5792099004,137877.5792099004,0.0
2023-04-18,142.8,0.0,142.8,138020.3792099004,138020.3792099004,0.0
2023-04-19,204.0,-1205.999694824213,-1001.9996948242131,137018.37951507617,138020.3792099004,-1001.9996948242188
2023-04-20,291.2,0.0,291.2,137309.57951507618,138020.3792099004,-710.7996948242071
2023-04-21,218.39999999999998,0.0,218.39999999999998,137527.97951507618,138020.3792099004,-492.39969482421293
2023-04-24,131.2,0.0,131.2,137659.1795150762,138020.3792099004,-361.1996948242013
2023-04-25,58.39999999999999,442.80000000000285,501.20000000000283,138160.3795150762,138160.3795150762,0.0
2023-04-26,131.2,0.0,131.2,138291.5795150762,138291.5795150762,0.0
2023-04-27,142.8,442.80000000000285,585.6000000000029,138877.17951507622,138877.17951507622,0.0
2023-04-28,-14.399999999999977,-127.19999999999034,-141.5999999999903,138735.57951507624,138877.17951507622,-141.59999999997672
2023-05-01,-14.399999999999977,442.80000000000285,428.4000000000029,139163.97951507624,139163.97951507624,0.0
2023-05-02,-14.399999999999977,-1007.2,-1021.6,138142.37951507623,139163.97951507624,-1021.6000000000058
2023-05-03,128.40000000000003,0.0,128.40000000000003,138270.77951507622,139163.97951507624,-893.2000000000116
2023-05-04,-28.799999999999955,0.0,-28.799999999999955,138241.97951507624,139163.97951507624,-922.0
2023-05-05,142.8,0.0,142.8,138384.77951507622,139163.97951507624,-779.2000000000116
2023-05-08,-157.2,0.0,-157.2,138227.5795150762,139163.97951507624,-936.4000000000233
2023-05-09,-328.79999999999995,885.6000000000057,556.8000000000058,138784.37951507623,139163.97951507624,-379.6000000000058
2023-05-10,128.40000000000003,442.80000000000285,571.2000000000029,139355.57951507624,139355.57951507624,0.0
2023-05-11,-14.399999999999977,0.0,-14.399999999999977,139341.17951507625,139355.57951507624,-14.39999999999418
2023-05-12,-14.399999999999977,-767.2000000000052,-781.6000000000051,138559.57951507624,139355.57951507624,-796.0
2023-05-15,-157.2,0.0,-157.2,138402.37951507623,139355.57951507624,-953.2000000000116
2023-05-16,142.8,0.0,142.8,138545.17951507622,139355.57951507624,-810.4000000000233
2023-05-17,258.400000000004,0.0,258.400000000004,138803.5795150762,139355.57951507624,-552.0000000000291
2023-05-19,428.40000000000003,-837.2000000000126,-408.8000000000125,138394.7795150762,139355.57951507624,-960.8000000000466
2023-05-22,128.40000000000003,0.0,128.40000000000003,138523.1795150762,139355.57951507624,-832.4000000000524
2023-05-23,142.8,0.0,142.8,138665.97951507618,139355.57951507624,-689.600000000064
2023-05-24,285.6,0.0,285.6,138951.57951507618,139355.57951507624,-404.0000000000582
2023-05-25,276.79999999999995,0.0,276.79999999999995,139228.37951507617,139355.57951507624,-127.20000000006985
2023-05-29,-87.2,0.0,-87.2,139141.17951507616,139355.57951507624,-214.4000000000815
2023-05-30,509.59999999999997,0.0,509.59999999999997,139650.77951507617,139650.77951507617,0.0
2023-05-31,-14.399999999999977,0.0,-14.399999999999977,139636.37951507617,139650.77951507617,-14.39999999999418
2023-06-01,571.2,0.0,571.2,140207.57951507618,140207.57951507618,0.0
2023-06-05,142.8,0.0,142.8,140350.37951507617,140350.37951507617,0.0
2023-06-07,285.6,442.80000000000285,728.4000000000028,141078.77951507617,141078.77951507617,0.0
2023-06-08,271.20000000000005,-194.40000000000686,76.79999999999319,141155.57951507616,141155.57951507616,0.0
2023-06-09,-314.4,0.0,-314.4,140841.17951507616,141155.57951507616,-314.3999999999942
2023-06-12,128.40000000000003,0.0,128.40000000000003,140969.57951507616,141155.57951507616,-186.0
2023-06-13,-157.2,0.0,-157.2,140812.37951507614,141155.57951507616,-343.20000000001164
2023-06-14,128.40000000000003,0.0,128.40000000000003,140940.77951507614,141155.57951507616,-214.80000000001746
2023-06-20,145.6,0.0,145.6,141086.37951507614,141155.57951507616,-69.20000000001164
2023-06-21,-14.399999999999977,0.0,-14.399999999999977,141071.97951507615,141155.57951507616,-83.60000000000582
2023-06-22,-14.399999999999977,442.80000000000285,428.4000000000029,141500.37951507614,141500.37951507614,0.0
2023-06-23,128.40000000000003,0.0,128.40000000000003,141628.77951507614,141628.77951507614,0.0
2023-06-26,142.8,0.0,142.8,141771.57951507613,141771.57951507613,0.0
2023-06-27,-14.399999999999977,0.0,-14.399999999999977,141757.17951507613,141771.57951507613,-14.39999999999418
2023-06-28,128.40000000000003,0.0,128.40000000000003,141885.57951507613,141885.57951507613,0.0
2023-06-29,285.6,442.80000000000285,728.4000000000028,142613.97951507612,142613.97951507612,0.0
2023-06-30,0.0,442.80000000000285,442.80000000000285,143056.7795150761,143056.7795150761,0.0
2023-07-03,-14.399999999999977,0.0,-14.399999999999977,143042.3795150761,143056.7795150761,-14.39999999999418
2023-07-04,142.8,0.0,142.8,143185.1795150761,143185.1795150761,0.0
2023-07-06,291.2,0.0,291.2,143476.3795150761,143476.3795150761,0.0
2023-07-07,364.0,-463.2027465820285,-99.20274658202851,143377.17676849407,143476.3795150761,-99.20274658204289
2023-07-10,-471.59999999999997,0.0,-471.59999999999997,142905.57676849407,143476.3795150761,-570.8027465820487
2023-07-11,218.39999999999998,0.0,218.39999999999998,143123.97676849406,143476.3795150761,-352.40274658205453
2023-07-12,-14.399999999999977,0.0,-14.399999999999977,143109.57676849407,143476.3795150761,-366.8027465820487
2023-07-13,128.40000000000003,0.0,128.40000000000003,143237.97676849406,143476.3795150761,-238.40274658205453
2023-07-14,-214.39999999999714,0.0,-214.39999999999714,143023.57676849407,143476.3795150761,-452.8027465820487
2023-07-17,-14.400000000000006,0.0,-14.400000000000006,143009.17676849407,143476.3795150761,-467.2027465820429
2023-07-18,-28.80000000000001,0.0,-28.80000000000001,142980.37676849408,143476.3795150761,-496.00274658203125
2023-07-19,58.39999999999999,442.80000000000285,501.20000000000283,143481.5767684941,143481.5767684941,0.0
2023-07-20,-14.399999999999977,442.80000000000285,428.4000000000029,143909.9767684941,143909.9767684941,0.0
2023-07-21,128.40000000000003,0.0,128.40000000000003,144038.37676849408,144038.37676849408,0.0
2023-07-24,116.79999999999998,0.0,116.79999999999998,144155.17676849407,144155.17676849407,0.0
2023-07-25,285.6,0.0,285.6,144440.77676849408,144440.77676849408,0.0
2023-07-26,-157.2,0.0,-157.2,144283.57676849407,144440.77676849408,-157.20000000001164
2023-07-27,-171.59999999999997,0.0,-171.59999999999997,144111.97676849406,144440.77676849408,-328.80000000001746
2023-07-28,58.39999999999999,0.0,58.39999999999999,144170.37676849405,144440.77676849408,-270.4000000000233
2023-07-31,-14.399999999999977,0.0,-14.399999999999977,144155.97676849406,144440.77676849408,-284.80000000001746
2023-08-01,145.6,0.0,145.6,144301.57676849407,144440.77676849408,-139.20000000001164
2023-08-02,-43.20000000000002,0.0,-43.20000000000002,144258.37676849405,144440.77676849408,-182.40000000002328
2023-08-04,-108.79999999999258,0.0,-108.79999999999258,144149.57676849407,144440.77676849408,-291.20000000001164
2023-08-08,-14.399999999999977,0.0,-14.399999999999977,144135.17676849407,144440.77676849408,-305.6000000000058
2023-08-09,271.20000000000005,0.0,271.20000000000005,144406.37676849408,144440.77676849408,-34.39999999999418
2023-08-10,285.6,0.0,285.6,144691.9767684941,144691.9767684941,0.0
2023-08-11,142.8,0.0,142.8,144834.77676849408,144834.77676849408,0.0
2023-08-14,285.6,0.0,285.6,145120.37676849408,145120.37676849408,0.0
2023-08-15,285.6,0.0,285.6,145405.9767684941,145405.9767684941,0.0
2023-08-16,-101.60000000000001,0.0,-101.60000000000001,145304.37676849408,145405.9767684941,-101.60000000000582
2023-08-17,58.39999999999999,0.0,58.39999999999999,145362.77676849408,145405.9767684941,-43.20000000001164
2023-08-18,218.39999999999998,442.80000000000285,661.2000000000028,146023.9767684941,146023.9767684941,0.0
2023-08-21,58.39999999999999,0.0,58.39999999999999,146082.37676849408,146082.37676849408,0.0
2023-08-23,116.79999999999998,0.0,116.79999999999998,146199.17676849407,146199.17676849407,0.0
2023-08-24,-116.00000000000001,0.0,-116.00000000000001,146083.17676849407,146199.17676849407,-116.0
2023-08-25,-314.4,1699.6000000000001,1385.2000000000003,147468.37676849408,147468.37676849408,0.0
2023-08-29,-171.59999999999997,0.0,-171.59999999999997,147296.77676849408,147468.37676849408,-171.60000000000582
2023-08-30,-14.399999999999977,0.0,-14.399999999999977,147282.37676849408,147468.37676849408,-186.0
2023-08-31,-14.399999999999977,0.0,-14.399999999999977,147267.9767684941,147468.37676849408,-200.39999999999418
2023-09-01,-14.399999999999977,0.0,-14.399999999999977,147253.5767684941,147468.37676849408,-214.79999999998836
2023-09-04,72.8,0.0,72.8,147326.37676849408,147468.37676849408,-142.0
2023-09-05,364.0,0.0,364.0,147690.37676849408,147690.37676849408,0.0
2023-09-06,131.2,0.0,131.2,147821.5767684941,147821.5767684941,0.0
2023-09-07,145.6,0.0,145.6,147967.1767684941,147967.1767684941,0.0
2023-09-08,58.39999999999999,0.0,58.39999999999999,148025.5767684941,148025.5767684941,0.0
2023-09-11,-157.2,0.0,-157.2,147868.37676849408,148025.5767684941,-157.20000000001164
2023-09-12,-171.59999999999997,0.0,-171.59999999999997,147696.77676849408,148025.5767684941,-328.80000000001746
2023-09-13,218.39999999999998,0.0,218.39999999999998,147915.17676849407,148025.5767684941,-110.40000000002328
2023-09-14,-87.2,0.0,-87.2,147827.97676849406,148025.5767684941,-197.60000000003492
2023-09-15,43.999999999999986,0.0,43.999999999999986,147871.97676849406,148025.5767684941,-153.60000000003492
2023-09-18,-101.60000000000001,0.0,-101.60000000000001,147770.37676849405,148025.5767684941,-255.20000000004075
2023-09-19,-43.20000000000002,0.0,-43.20000000000002,147727.17676849404,148025.5767684941,-298.4000000000524
2023-09-20,276.79999999999995,329.6003051757841,606.4003051757841,148333.57707366982,148333.57707366982,0.0
2023-09-21,142.8,0.0,142.8,148476.3770736698,148476.3770736698,0.0
2023-09-22,428.40000000000003,0.0,428.40000000000003,148904.7770736698,148904.7770736698,0.0
2023-09-25,-157.2,0.0,-157.2,148747.5770736698,148904.7770736698,-157.20000000001164
2023-09-26,142.8,0.0,142.8,148890.37707366978,148904.7770736698,-14.400000000023283
2023-09-27,399.6000000000001,0.0,399.6000000000001,149289.97707366978,149289.97707366978,0.0
2023-09-28,-171.59999999999997,0.0,-171.59999999999997,149118.37707366978,149289.97707366978,-171.60000000000582
2023-09-29,-171.59999999999997,0.0,-171.59999999999997,148946.77707366977,149289.97707366978,-343.20000000001164
2023-10-02,0.0,442.80000000000285,442.80000000000285,149389.57707366976,149389.57707366976,0.0
2023-10-03,271.20000000000005,0.0,271.20000000000005,149660.77707366977,149660.77707366977,0.0
2023-10-04,-171.59999999999997,0.0,-171.59999999999997,149489.17707366977,149660.77707366977,-171.60000000000582
2023-10-05,114.00000000000006,0.0,114.00000000000006,149603.17707366977,149660.77707366977,-57.60000000000582
2023-10-06,428.40000000000003,0.0,428.40000000000003,150031.57707366976,150031.57707366976,0.0
2023-10-09,-157.2,0.0,-157.2,149874.37707366975,150031.57707366976,-157.20000000001164
2023-10-10,-14.399999999999977,0.0,-14.399999999999977,149859.97707366975,150031.57707366976,-171.60000000000582
2023-10-11,128.40000000000003,885.6000000000057,1014.0000000000057,150873.97707366975,150873.97707366975,0.0
2023-10-12,-157.2,2.799999999990905,-154.40000000000907,150719.57707366973,150873.97707366975,-154.40000000002328
2023-10-13,-157.2,0.0,-157.2,150562.37707366972,150873.97707366975,-311.6000000000349
2023-10-16,-171.59999999999997,0.0,-171.59999999999997,150390.7770736697,150873.97707366975,-483.20000000004075
2023-10-17,-171.59999999999997,0.0,-171.59999999999997,150219.1770736697,150873.97707366975,-654.8000000000466
2023-10-18,-14.399999999999977,0.0,-14.399999999999977,150204.7770736697,150873.97707366975,-669.2000000000407
2023-10-19,-471.59999999999997,0.0,-471.59999999999997,149733.1770736697,150873.97707366975,-1140.8000000000466
2023-10-20,-171.59999999999997,442.80000000000285,271.2000000000029,150004.37707366972,150873.97707366975,-869.6000000000349
2023-10-23,-28.799999999999955,325.60000000000343,296.8000000000035,150301.17707366974,150873.97707366975,-572.8000000000175
2023-10-24,556.8000000000001,0.0,556.8000000000001,150857.97707366972,150873.97707366975,-16.000000000029104
2023-10-25,556.8000000000001,0.0,556.8000000000001,151414.7770736697,151414.7770736697,0.0
2023-10-26,-14.399999999999977,0.0,-14.399999999999977,151400.37707366972,151414.7770736697,-14.39999999999418
2023-10-27,256.80000000000007,0.0,256.80000000000007,151657.1770736697,151657.1770736697,0.0
2023-10-30,-171.59999999999997,0.0,-171.59999999999997,151485.5770736697,151657.1770736697,-171.60000000000582
2023-10-31,285.6,0.0,285.6,151771.1770736697,151771.1770736697,0.0
2023-11-01,271.20000000000005,-667.1999999999966,-395.9999999999966,151375.1770736697,151771.1770736697,-396.0
2023-11-02,128.40000000000003,0.0,128.40000000000003,151503.5770736697,151771.1770736697,-267.6000000000058
2023-11-06,142.8,32.80000000000625,175.60000000000628,151679.1770736697,151771.1770736697,-92.0
2023-11-07,-14.399999999999977,0.0,-14.399999999999977,151664.7770736697,151771.1770736697,-106.39999999999418
2023-11-08,128.40000000000003,0.0,128.40000000000003,151793.1770736697,151793.1770736697,0.0
2023-11-09,-314.4,0.0,-314.4,151478.7770736697,151793.1770736697,-314.3999999999942
2023-11-10,142.8,0.0,142.8,151621.5770736697,151793.1770736697,-171.60000000000582
2023-11-13,142.8,0.0,142.8,151764.3770736697,151793.1770736697,-28.800000000017462
2023-11-14,428.40000000000003,442.80000000000285,871.2000000000029,152635.5770736697,152635.5770736697,0.0
2023-11-15,-14.399999999999977,0.0,-14.399999999999977,152621.1770736697,152635.5770736697,-14.39999999999418
2023-11-16,349.59999999999997,442.80000000000285,792.4000000000028,153413.5770736697,153413.5770736697,0.0
2023-11-17,-171.59999999999997,0.0,-171.59999999999997,153241.9770736697,153413.5770736697,-171.60000000000582
2023-11-20,-157.2,0.0,-157.2,153084.77707366968,153413.5770736697,-328.80000000001746
2023-11-21,142.8,0.0,142.8,153227.57707366967,153413.5770736697,-186.0000000000291
2023-11-22,-471.59999999999997,0.0,-471.59999999999997,152755.97707366967,153413.5770736697,-657.6000000000349
2023-11-24,428.40000000000003,0.0,428.40000000000003,153184.37707366966,153413.5770736697,-229.20000000004075
2023-11-27,-171.59999999999997,0.0,-171.59999999999997,153012.77707366965,153413.5770736697,-400.80000000004657
2023-11-28,-157.2,0.0,-157.2,152855.57707366964,153413.5770736697,-558.0000000000582
2023-11-29,285.6,0.0,285.6,153141.17707366965,153413.5770736697,-272.4000000000524
2023-11-30,556.8000000000001,885.6000000000057,1442.4000000000058,154583.57707366964,154583.57707366964,0.0
2023-12-01,0.0,-227.19999999999885,-227.19999999999885,154356.37707366963,154583.57707366964,-227.20000000001164
2023-12-04,428.40000000000003,0.0,428.40000000000003,154784.77707366963,154784.77707366963,0.0
2023-12-05,285.6,0.0,285.6,155070.37707366963,155070.37707366963,0.0
2023-12-06,-14.399999999999977,0.0,-14.399999999999977,155055.97707366964,155070.37707366963,-14.39999999999418
2023-12-07,-28.799999999999955,0.0,-28.799999999999955,155027.17707366965,155070.37707366963,-43.19999999998254
2023-12-08,-157.2,0.0,-157.2,154869.97707366964,155070.37707366963,-200.39999999999418
2023-12-11,142.8,0.0,142.8,155012.77707366963,155070.37707366963,-57.60000000000582
2023-12-12,285.6,0.0,285.6,155298.37707366963,155298.37707366963,0.0
2023-12-13,-314.4,0.0,-314.4,154983.97707366964,155298.37707366963,-314.3999999999942
2023-12-14,145.6,0.0,145.6,155129.57707366964,155298.37707366963,-168.79999999998836
2023-12-15,364.0,0.0,364.0,155493.57707366964,155493.57707366964,0.0
2023-12-18,-188.8,442.80000000000285,254.00000000000284,155747.57707366964,155747.57707366964,0.0
2023-12-19,218.39999999999998,0.0,218.39999999999998,155965.97707366964,155965.97707366964,0.0
2023-12-20,-28.80000000000001,0.0,-28.80000000000001,155937.17707366965,155965.97707366964,-28.79999999998836
2023-12-21,-14.399999999999977,0.0,-14.399999999999977,155922.77707366965,155965.97707366964,-43.19999999998254
2023-12-22,142.8,0.0,142.8,156065.57707366964,156065.57707366964,0.0
2023-12-26,-157.2,0.0,-157.2,155908.37707366963,156065.57707366964,-157.20000000001164
2023-12-27,58.39999999999999,0.0,58.39999999999999,155966.77707366963,156065.57707366964,-98.80000000001746
2023-12-28,509.59999999999997,0.0,509.59999999999997,156476.37707366963,156476.37707366963,0.0
2023-12-29,-188.8,0.0,-188.8,156287.57707366964,156476.37707366963,-188.79999999998836
2024-01-03,-157.2,0.0,-157.2,156130.37707366963,156476.37707366963,-346.0
2024-01-08,285.6,0.0,285.6,156415.97707366964,156476.37707366963,-60.39999999999418
2024-01-12,-171.59999999999997,442.80000000000285,271.2000000000029,156687.17707366965,156687.17707366965,0.0
2024-01-17,-314.4,0.0,-314.4,156372.77707366965,156687.17707366965,-314.3999999999942
2024-01-19,-14.399999999999977,0.0,-14.399999999999977,156358.37707366966,156687.17707366965,-328.79999999998836
2024-01-22,291.2,0.0,291.2,156649.57707366967,156687.17707366965,-37.59999999997672
2024-01-23,142.8,0.0,142.8,156792.37707366966,156792.37707366966,0.0
2024-01-24,-314.4,0.0,-314.4,156477.97707366967,156792.37707366966,-314.3999999999942
2024-01-25,-157.2,0.0,-157.2,156320.77707366965,156792.37707366966,-471.6000000000058
2024-01-26,428.40000000000003,0.0,428.40000000000003,156749.17707366965,156792.37707366966,-43.20000000001164
2024-01-29,-14.399999999999977,0.0,-14.399999999999977,156734.77707366965,156792.37707366966,-57.60000000000582
2024-01-30,-157.2,442.80000000000285,285.60000000000286,157020.37707366966,157020.37707366966,0.0
2024-01-31,-157.2,0.0,-157.2,156863.17707366965,157020.37707366966,-157.20000000001164
2024-02-01,-28.799999999999955,0.0,-28.799999999999955,156834.37707366966,157020.37707366966,-186.0
2024-02-02,128.40000000000003,182.7999999999977,311.1999999999978,157145.57707366967,157145.57707366967,0.0
2024-02-05,-14.399999999999977,0.0,-14.399999999999977,157131.17707366968,157145.57707366967,-14.39999999999418
2024-02-06,-14.399999999999977,0.0,-14.399999999999977,157116.77707366968,157145.57707366967,-28.79999999998836
2024-02-07,-314.4,442.80000000000285,128.40000000000288,157245.17707366968,157245.17707366968,0.0
2024-02-09,291.2,0.0,291.2,157536.3770736697,157536.3770736697,0.0
2024-02-12,-14.400000000000006,0.0,-14.400000000000006,157521.9770736697,157536.3770736697,-14.39999999999418
2024-02-13,-43.20000000000002,0.0,-43.20000000000002,157478.77707366968,157536.3770736697,-57.60000000000582
2024-02-14,-116.00000000000001,0.0,-116.00000000000001,157362.77707366968,157536.3770736697,-173.60000000000582
2024-02-15,428.40000000000003,0.0,428.40000000000003,157791.17707366968,157791.17707366968,0.0
2024-02-16,-14.399999999999977,0.0,-14.399999999999977,157776.77707366968,157791.17707366968,-14.39999999999418
2024-02-20,291.2,-958.797253417966,-667.5972534179659,157109.1798202517,157791.17707366968,-681.9972534179688
2024-02-21,131.2,0.0,131.2,157240.37982025172,157791.17707366968,-550.7972534179571
2024-02-22,291.2,0.0,291.2,157531.57982025173,157791.17707366968,-259.59725341794547
2024-02-23,-188.8,651.2003051757813,462.4003051757813,157993.9801254275,157993.9801254275,0.0
2024-02-26,58.39999999999999,0.0,58.39999999999999,158052.3801254275,158052.3801254275,0.0
2024-02-27,142.8,0.0,142.8,158195.1801254275,158195.1801254275,0.0
2024-02-28,145.6,0.0,145.6,158340.7801254275,158340.7801254275,0.0
2024-02-29,142.8,0.0,142.8,158483.58012542748,158483.58012542748,0.0
2024-03-01,364.0,0.0,364.0,158847.58012542748,158847.58012542748,0.0
2024-03-04,291.2,0.0,291.2,159138.7801254275,159138.7801254275,0.0
2024-03-06,142.8,0.0,142.8,159281.58012542748,159281.58012542748,0.0
2024-03-07,-157.2,-87.1999999999983,-244.39999999999827,159037.1801254275,159281.58012542748,-244.39999999999418
2024-03-11,-14.399999999999977,0.0,-14.399999999999977,159022.7801254275,159281.58012542748,-258.79999999998836
2024-03-12,-14.399999999999977,0.0,-14.399999999999977,159008.3801254275,159281.58012542748,-273.19999999998254
2024-03-13,218.39999999999998,-321.5999999999972,-103.1999999999972,158905.1801254275,159281.58012542748,-376.3999999999942
2024-03-14,171.19999999999374,0.0,171.19999999999374,159076.38012542747,159281.58012542748,-205.20000000001164
2024-03-15,-14.400000000000006,0.0,-14.400000000000006,159061.98012542748,159281.58012542748,-219.60000000000582
2024-03-18,131.2,-321.5999999999972,-190.3999999999972,158871.58012542748,159281.58012542748,-410.0
2024-03-19,58.39999999999999,0.0,58.39999999999999,158929.98012542748,159281.58012542748,-351.6000000000058
2024-03-20,-101.60000000000001,0.0,-101.60000000000001,158828.38012542747,159281.58012542748,-453.20000000001164
2024-03-21,-101.60000000000001,0.0,-101.60000000000001,158726.78012542747,159281.58012542748,-554.8000000000175
2024-03-22,145.6,0.0,145.6,158872.38012542747,159281.58012542748,-409.20000000001164
2024-03-25,291.2,278.40305175781253,569.6030517578125,159441.9831771853,159441.9831771853,0.0
2024-03-26,-101.60000000000001,0.0,-101.60000000000001,159340.3831771853,159441.9831771853,-101.60000000000582
2024-03-27,-14.400000000000006,0.0,-14.400000000000006,159325.9831771853,159441.9831771853,-116.0
2024-03-28,218.39999999999998,0.0,218.39999999999998,159544.3831771853,159544.3831771853,0.0
2024-04-01,-28.80000000000001,0.0,-28.80000000000001,159515.5831771853,159544.3831771853,-28.79999999998836
2024-04-02,145.6,0.0,145.6,159661.1831771853,159661.1831771853,0.0
2024-04-04,72.8,0.0,72.8,159733.9831771853,159733.9831771853,0.0
2024-04-05,204.0,0.0,204.0,159937.9831771853,159937.9831771853,0.0
2024-04-08,276.79999999999995,0.0,276.79999999999995,160214.78317718528,160214.78317718528,0.0
2024-04-09,-28.80000000000001,0.0,-28.80000000000001,160185.9831771853,160214.78317718528,-28.79999999998836
2024-04-10,291.2,0.0,291.2,160477.1831771853,160477.1831771853,0.0
2024-04-11,131.2,0.0,131.2,160608.38317718531,160608.38317718531,0.0
2024-04-12,43.999999999999986,0.0,43.999999999999986,160652.38317718531,160652.38317718531,0.0
2024-04-15,285.6,0.0,285.6,160937.98317718532,160937.98317718532,0.0
2024-04-16,285.6,-207.1969482421875,78.40305175781253,161016.38622894313,161016.38622894313,0.0
2024-04-17,-188.8,26.802746582034047,-161.99725341796596,160854.38897552516,161016.38622894313,-161.99725341796875
2024-04-18,142.8,0.0,142.8,160997.18897552515,161016.38622894313,-19.19725341798039
2024-04-19,-157.2,442.80000000000285,285.60000000000286,161282.78897552515,161282.78897552515,0.0
2024-04-22,-314.4,0.0,-314.4,160968.38897552516,161282.78897552515,-314.3999999999942
2024-04-23,-157.2,0.0,-157.2,160811.18897552515,161282.78897552515,-471.6000000000058
2024-04-24,142.8,442.80000000000285,585.6000000000029,161396.78897552515,161396.78897552515,0.0
2024-04-25,-157.2,442.80000000000285,285.60000000000286,161682.38897552516,161682.38897552516,0.0
2024-04-26,142.8,442.80000000000285,585.6000000000029,162267.98897552516,162267.98897552516,0.0
2024-04-29,-261.6,0.0,-261.6,162006.38897552516,162267.98897552516,-261.6000000000058
2024-04-30,-348.8,0.0,-348.8,161657.58897552517,162267.98897552516,-610.3999999999942
2024-05-01,-43.20000000000002,0.0,-43.20000000000002,161614.38897552516,162267.98897552516,-653.6000000000058
2024-05-02,-14.399999999999977,0.0,-14.399999999999977,161599.98897552516,162267.98897552516,-668.0
2024-05-03,-171.59999999999997,0.0,-171.59999999999997,161428.38897552516,162267.98897552516,-839.6000000000058
2024-05-06,142.8,0.0,142.8,161571.18897552515,162267.98897552516,-696.8000000000175
2024-05-07,-14.399999999999977,0.0,-14.399999999999977,161556.78897552515,162267.98897552516,-711.2000000000116
2024-05-08,218.39999999999998,0.0,218.39999999999998,161775.18897552515,162267.98897552516,-492.80000000001746
2024-05-09,58.39999999999999,0.0,58.39999999999999,161833.58897552514,162267.98897552516,-434.4000000000233
2024-05-10,58.39999999999999,728.4000000000001,786.8000000000001,162620.38897552513,162620.38897552513,0.0
2024-05-13,-14.400000000000006,0.0,-14.400000000000006,162605.98897552514,162620.38897552513,-14.39999999999418
2024-05-14,58.39999999999999,0.0,58.39999999999999,162664.38897552513,162664.38897552513,0.0
2024-05-15,-116.00000000000001,0.0,-116.00000000000001,162548.38897552513,162664.38897552513,-116.0
2024-05-16,145.6,0.0,145.6,162693.98897552514,162693.98897552514,0.0
2024-05-17,145.6,0.0,145.6,162839.58897552514,162839.58897552514,0.0
2024-05-20,58.39999999999999,0.0,58.39999999999999,162897.98897552514,162897.98897552514,0.0
2024-05-21,145.6,1499.5954223632814,1645.1954223632813,164543.18439788843,164543.18439788843,0.0
2024-05-22,145.6,0.0,145.6,164688.78439788843,164688.78439788843,0.0
2024-05-23,291.2,-2034.40000000001,-1743.20000000001,162945.58439788842,164688.78439788843,-1743.2000000000116
2024-05-24,-14.400000000000006,0.0,-14.400000000000006,162931.18439788843,164688.78439788843,-1757.6000000000058
2024-05-27,72.8,0.0,72.8,163003.98439788842,164688.78439788843,-1684.8000000000175
2024-05-28,58.39999999999999,0.0,58.39999999999999,163062.3843978884,164688.78439788843,-1626.4000000000233
2024-05-29,218.39999999999998,0.0,218.39999999999998,163280.7843978884,164688.78439788843,-1408.000000000029
2024-05-30,43.999999999999986,0.0,43.999999999999986,163324.7843978884,164688.78439788843,-1364.000000000029
2024-05-31,-101.60000000000001,0.0,-101.60000000000001,163223.1843978884,164688.78439788843,-1465.600000000035
2024-06-03,204.0,0.0,204.0,163427.1843978884,164688.78439788843,-1261.600000000035
2024-06-04,142.8,0.0,142.8,163569.9843978884,164688.78439788843,-1118.8000000000466
2024-06-05,-14.399999999999977,0.0,-14.399999999999977,163555.5843978884,164688.78439788843,-1133.2000000000407
2024-06-06,142.8,0.0,142.8,163698.38439788838,164688.78439788843,-990.4000000000524
2024-06-10,-314.4,-78.79999999999717,-393.19999999999715,163305.18439788837,164688.78439788843,-1383.600000000064
2024-06-11,145.6,0.0,145.6,163450.78439788838,164688.78439788843,-1238.0000000000582
2024-06-12,145.6,-1488.800610351557,-1343.200610351557,162107.58378753683,164688.78439788843,-2581.2006103516032
2024-06-13,145.6,15.606408691406301,161.2064086914063,162268.79019622825,164688.78439788843,-2419.9942016601854
2024-06-14,-101.60000000000001,0.0,-101.60000000000001,162167.19019622824,164688.78439788843,-2521.594201660191
2024-06-18,-87.2,0.0,-87.2,162079.99019622823,164688.78439788843,-2608.794201660203
2024-06-19,-87.2,0.0,-87.2,161992.79019622822,164688.78439788843,-2695.9942016602145
2024-06-20,-87.2,0.0,-87.2,161905.5901962282,164688.78439788843,-2783.194201660226
2024-06-21,145.6,0.0,145.6,162051.1901962282,164688.78439788843,-2637.5942016602203
2024-06-24,145.6,0.0,145.6,162196.79019622822,164688.78439788843,-2491.9942016602145
2024-06-25,-174.4,-377.2000000000045,-551.6000000000045,161645.1901962282,164688.78439788843,-3043.5942016602203
2024-06-26,58.39999999999999,1168.3999999999976,1226.7999999999977,162871.9901962282,164688.78439788843,-1816.794201660232
2024-06-27,145.6,0.0,145.6,163017.5901962282,164688.78439788843,-1671.194201660226
2024-06-28,72.8,0.0,72.8,163090.3901962282,164688.78439788843,-1598.3942016602377
2024-07-02,-101.60000000000001,0.0,-101.60000000000001,162988.7901962282,164688.78439788843,-1699.9942016602436
2024-07-03,145.6,0.0,145.6,163134.3901962282,164688.78439788843,-1554.3942016602377
2024-07-05,58.39999999999999,0.0,58.39999999999999,163192.7901962282,164688.78439788843,-1495.9942016602436
2024-07-08,-174.4,0.0,-174.4,163018.3901962282,164688.78439788843,-1670.3942016602377
2024-07-09,58.39999999999999,435.6000000000028,494.0000000000028,163512.3901962282,164688.78439788843,-1176.3942016602377
2024-07-10,58.39999999999999,1341.1999999999903,1399.5999999999904,164911.99019622817,164911.99019622817,0.0
2024-07-11,-28.80000000000001,-417.1999999999966,-445.9999999999966,164465.99019622817,164911.99019622817,-446.0
2024-07-12,-28.80000000000001,595.5999999999993,566.7999999999993,165032.79019622816,165032.79019622816,0.0
2024-07-15,0.0,202.79999999999376,202.79999999999376,165235.59019622815,165235.59019622815,0.0
2024-07-16,58.39999999999999,485.59999999998576,543.9999999999858,165779.59019622815,165779.59019622815,0.0
2024-07-17,72.8,0.0,72.8,165852.39019622814,165852.39019622814,0.0
2024-07-18,-28.80000000000001,0.0,-28.80000000000001,165823.59019622815,165852.39019622814,-28.79999999998836
2024-07-19,276.79999999999995,0.0,276.79999999999995,166100.39019622814,166100.39019622814,0.0
2024-07-22,-14.400000000000006,0.0,-14.400000000000006,166085.99019622814,166100.39019622814,-14.39999999999418
2024-07-23,58.39999999999999,-1007.2,-948.8000000000001,165137.19019622816,166100.39019622814,-963.1999999999825
2024-07-24,218.39999999999998,0.0,218.39999999999998,165355.59019622815,166100.39019622814,-744.7999999999884
2024-07-25,43.999999999999986,429.5987792968778,473.5987792968778,165829.18897552503,166100.39019622814,-271.20122070310754
2024-07-26,285.6,-114.39999999999435,171.20000000000567,166000.38897552504,166100.39019622814,-100.0012207030959
2024-07-30,142.8,0.0,142.8,166143.18897552503,166143.18897552503,0.0
2024-08-01,-157.2,0.0,-157.2,165985.98897552502,166143.18897552503,-157.20000000001164
2024-08-02,-28.799999999999955,0.0,-28.799999999999955,165957.18897552503,166143.18897552503,-186.0
2024-08-05,128.40000000000003,0.0,128.40000000000003,166085.58897552502,166143.18897552503,-57.60000000000582
2024-08-06,-14.399999999999977,0.0,-14.399999999999977,166071.18897552503,166143.18897552503,-72.0
2024-08-07,-157.2,265.60000000000116,108.40000000000117,166179.58897552502,166179.58897552502,0.0
2024-08-08,142.8,-37.20000000000114,105.59999999999887,166285.18897552503,166285.18897552503,0.0
2024-08-09,142.8,0.0,142.8,166427.98897552502,166427.98897552502,0.0
2024-08-12,-158.79999999999717,0.0,-158.79999999999717,166269.18897552503,166427.98897552502,-158.79999999998836
2024-08-13,142.8,0.0,142.8,166411.98897552502,166427.98897552502,-16.0
2024-08-15,285.6,0.0,285.6,166697.58897552502,166697.58897552502,0.0
2024-08-19,509.59999999999997,0.0,509.59999999999997,167207.18897552503,167207.18897552503,0.0
2024-08-20,-171.59999999999997,0.0,-171.59999999999997,167035.58897552502,167207.18897552503,-171.60000000000582
2024-08-21,-43.20000000000002,0.0,-43.20000000000002,166992.388975525,167207.18897552503,-214.80000000001746
2024-08-22,-157.2,0.0,-157.2,166835.188975525,167207.18897552503,-372.0000000000291
2024-08-23,142.8,0.0,142.8,166977.988975525,167207.18897552503,-229.20000000004075
2024-08-27,-188.8,52.80000000000227,-135.99999999999773,166841.988975525,167207.18897552503,-365.20000000004075
2024-08-28,-14.400000000000006,0.0,-14.400000000000006,166827.588975525,167207.18897552503,-379.6000000000349
2024-08-29,131.2,0.0,131.2,166958.788975525,167207.18897552503,-248.40000000002328
2024-08-30,-14.400000000000006,0.0,-14.400000000000006,166944.388975525,167207.18897552503,-262.80000000001746
2024-09-03,128.40000000000003,0.0,128.40000000000003,167072.788975525,167207.18897552503,-134.40000000002328
2024-09-04,-14.399999999999977,0.0,-14.399999999999977,167058.388975525,167207.18897552503,-148.80000000001746
2024-09-05,-14.399999999999977,0.0,-14.399999999999977,167043.98897552502,167207.18897552503,-163.20000000001164
2024-09-06,-43.19999999999993,0.0,-43.19999999999993,167000.788975525,167207.18897552503,-206.40000000002328
2024-09-09,128.40000000000003,0.0,128.40000000000003,167129.188975525,167207.18897552503,-78.0000000000291
2024-09-10,256.80000000000007,0.0,256.80000000000007,167385.988975525,167385.988975525,0.0
2024-09-11,414.00000000000006,0.0,414.00000000000006,167799.988975525,167799.988975525,0.0
2024-09-12,128.40000000000003,0.0,128.40000000000003,167928.38897552498,167928.38897552498,0.0
2024-09-13,142.8,0.0,142.8,168071.18897552497,168071.18897552497,0.0
2024-09-16,-14.399999999999977,0.0,-14.399999999999977,168056.78897552498,168071.18897552497,-14.39999999999418
2024-09-17,142.8,0.0,142.8,168199.58897552497,168199.58897552497,0.0
2024-09-18,285.6,0.0,285.6,168485.18897552497,168485.18897552497,0.0
2024-09-19,-157.2,0.0,-157.2,168327.98897552496,168485.18897552497,-157.20000000001164
2024-09-20,-14.400000000000006,0.0,-14.400000000000006,168313.58897552497,168485.18897552497,-171.60000000000582
2024-09-23,-43.20000000000002,892.4000000000028,849.2000000000028,169162.78897552498,169162.78897552498,0.0
2024-09-25,43.999999999999986,0.0,43.999999999999986,169206.78897552498,169206.78897552498,0.0
2024-09-26,428.40000000000003,0.0,428.40000000000003,169635.18897552497,169635.18897552497,0.0
2024-09-27,-14.399999999999977,0.0,-14.399999999999977,169620.78897552498,169635.18897552497,-14.39999999999418
2024-09-30,-14.399999999999977,-1007.2,-1021.6,168599.18897552497,169635.18897552497,-1036.0
2024-10-01,571.2,442.80000000000285,1014.000000000003,169613.18897552497,169635.18897552497,-22.0
2024-10-02,-14.399999999999977,0.0,-14.399999999999977,169598.78897552498,169635.18897552497,-36.39999999999418
2024-10-03,128.40000000000003,0.0,128.40000000000003,169727.18897552497,169727.18897552497,0.0
2024-10-04,-171.59999999999997,0.0,-171.59999999999997,169555.58897552497,169727.18897552497,-171.60000000000582
2024-10-07,271.20000000000005,0.0,271.20000000000005,169826.78897552498,169826.78897552498,0.0
2024-10-08,271.20000000000005,0.0,271.20000000000005,170097.988975525,170097.988975525,0.0
2024-10-09,-171.59999999999997,0.0,-171.59999999999997,169926.38897552498,170097.988975525,-171.60000000000582
2024-10-10,128.40000000000003,0.0,128.40000000000003,170054.78897552498,170097.988975525,-43.20000000001164
2024-10-11,142.8,0.0,142.8,170197.58897552497,170197.58897552497,0.0
2024-10-14,285.6,0.0,285.6,170483.18897552497,170483.18897552497,0.0
2024-10-15,142.8,885.6000000000057,1028.4000000000058,171511.58897552497,171511.58897552497,0.0
2024-10-16,-157.2,442.80000000000285,285.60000000000286,171797.18897552497,171797.18897552497,0.0
2024-10-17,131.2,0.0,131.2,171928.38897552498,171928.38897552498,0.0
2024-10-18,145.6,0.0,145.6,172073.988975525,172073.988975525,0.0
2024-10-22,0.0,442.80000000000285,442.80000000000285,172516.78897552498,172516.78897552498,0.0
2024-10-23,0.0,-87.1999999999983,-87.1999999999983,172429.58897552497,172516.78897552498,-87.20000000001164
2024-10-28,-14.400000000000006,0.0,-14.400000000000006,172415.18897552497,172516.78897552498,-101.60000000000582
2024-10-29,204.0,0.0,204.0,172619.18897552497,172619.18897552497,0.0
2024-10-30,131.2,0.0,131.2,172750.38897552498,172750.38897552498,0.0
2024-10-31,-101.60000000000001,0.0,-101.60000000000001,172648.78897552498,172750.38897552498,-101.60000000000582
2024-11-05,-14.400000000000006,0.0,-14.400000000000006,172634.38897552498,172750.38897552498,-116.0
2024-11-06,102.39999999999998,465.19420166015914,567.5942016601591,173201.98317718515,173201.98317718515,0.0
2024-11-07,-14.399999999999977,0.0,-14.399999999999977,173187.58317718515,173201.98317718515,-14.39999999999418
2024-11-08,-157.2,0.0,-157.2,173030.38317718514,173201.98317718515,-171.60000000000582
2024-11-11,-157.2,0.0,-157.2,172873.18317718513,173201.98317718515,-328.80000000001746
2024-11-12,185.59999999999718,0.0,185.59999999999718,173058.78317718513,173201.98317718515,-143.20000000001164
2024-11-13,142.8,0.0,142.8,173201.58317718512,173201.98317718515,-0.40000000002328306
2024-11-15,131.2,0.0,131.2,173332.78317718513,173332.78317718513,0.0
2024-11-18,58.39999999999999,0.0,58.39999999999999,173391.18317718513,173391.18317718513,0.0
2024-11-19,285.6,0.0,285.6,173676.78317718513,173676.78317718513,0.0
2024-11-20,0.0,-328.79999999999717,-328.79999999999717,173347.98317718515,173676.78317718513,-328.79999999998836
2024-11-21,-101.60000000000001,-357.19847412109374,-458.79847412109376,172889.18470306406,173676.78317718513,-787.5984741210705
2024-11-22,131.2,0.0,131.2,173020.38470306408,173676.78317718513,-656.3984741210588
2024-11-25,-28.80000000000001,0.0,-28.80000000000001,172991.5847030641,173676.78317718513,-685.1984741210472
2024-11-28,0.0,242.8,242.8,173234.38470306408,173676.78317718513,-442.3984741210588
2024-11-29,0.0,698.4012207031251,698.4012207031251,173932.7859237672,173932.7859237672,0.0
2024-12-03,0.0,1196.7978637695312,1196.7978637695312,175129.5837875367,175129.5837875367,0.0
2024-12-04,-101.60000000000001,0.0,-101.60000000000001,175027.9837875367,175129.5837875367,-101.60000000000582
2024-12-06,72.8,0.0,72.8,175100.7837875367,175129.5837875367,-28.800000000017462
2024-12-11,58.39999999999999,-714.4015258789034,-656.0015258789034,174444.7822616578,175129.5837875367,-684.8015258789237
2024-12-12,72.8,0.0,72.8,174517.58226165778,175129.5837875367,-612.0015258789354
2024-12-13,72.8,0.0,72.8,174590.38226165777,175129.5837875367,-539.201525878947
2024-12-19,0.0,905.6000000000017,905.6000000000017,175495.98226165777,175495.98226165777,0.0
2024-12-20,0.0,555.5999999999931,555.5999999999931,176051.58226165778,176051.58226165778,0.0
2024-12-23,0.0,1185.5999999999885,1185.5999999999885,177237.18226165776,177237.18226165776,0.0
2024-12-24,0.0,12.799999999996022,12.799999999996022,177249.98226165774,177249.98226165774,0.0
2024-12-26,-87.2,-857.1999999999944,-944.3999999999944,176305.58226165775,177249.98226165774,-944.3999999999942
2024-12-27,0.0,192.80000000000285,192.80000000000285,176498.38226165774,177249.98226165774,-751.6000000000058
2024-12-30,72.8,0.0,72.8,176571.18226165773,177249.98226165774,-678.8000000000175
2024-12-31,-87.2,0.0,-87.2,176483.98226165771,177249.98226165774,-766.0000000000291
2025-01-02,72.8,0.0,72.8,176556.7822616577,177249.98226165774,-693.2000000000407
2025-01-03,-87.2,0.0,-87.2,176469.5822616577,177249.98226165774,-780.4000000000524
2025-01-06,58.39999999999999,0.0,58.39999999999999,176527.9822616577,177249.98226165774,-722.0000000000582
2025-01-07,72.8,0.0,72.8,176600.78226165767,177249.98226165774,-649.2000000000698
2025-01-08,58.39999999999999,0.0,58.39999999999999,176659.18226165767,177249.98226165774,-590.8000000000757
2025-01-09,42.79999999999716,0.0,42.79999999999716,176701.98226165766,177249.98226165774,-548.0000000000873
2025-01-10,436.79999999999995,0.0,436.79999999999995,177138.78226165764,177249.98226165774,-111.20000000009895
2025-01-13,58.39999999999999,0.0,58.39999999999999,177197.18226165764,177249.98226165774,-52.800000000104774
2025-01-14,218.39999999999998,0.0,218.39999999999998,177415.58226165763,177415.58226165763,0.0
2025-01-15,-43.19999999999993,0.0,-43.19999999999993,177372.38226165762,177415.58226165763,-43.20000000001164
2025-01-16,142.8,0.0,142.8,177515.1822616576,177515.1822616576,0.0
2025-01-20,142.8,442.80000000000285,585.6000000000029,178100.78226165762,178100.78226165762,0.0
2025-01-21,145.6,-177.2000000000017,-31.6000000000017,178069.1822616576,178100.78226165762,-31.60000000000582
2025-01-22,58.39999999999999,0.0,58.39999999999999,178127.5822616576,178127.5822616576,0.0
2025-01-23,58.39999999999999,0.0,58.39999999999999,178185.9822616576,178185.9822616576,0.0
2025-01-24,58.39999999999999,0.0,58.39999999999999,178244.3822616576,178244.3822616576,0.0
2025-01-27,-14.400000000000006,959.6021362304689,945.2021362304689,179189.58439788807,179189.58439788807,0.0
2025-01-28,131.2,0.0,131.2,179320.78439788808,179320.78439788808,0.0
2025-01-29,-87.2,0.0,-87.2,179233.58439788807,179320.78439788808,-87.20000000001164
2025-01-31,218.39999999999998,682.4009155273466,900.8009155273465,180134.3853134154,180134.3853134154,0.0
2025-02-03,-171.59999999999997,0.0,-171.59999999999997,179962.7853134154,180134.3853134154,-171.60000000000582
2025-02-04,285.6,0.0,285.6,180248.3853134154,180248.3853134154,0.0
2025-02-05,-14.399999999999977,82.80000000000341,68.40000000000343,180316.7853134154,180316.7853134154,0.0
2025-02-06,285.6,0.0,285.6,180602.3853134154,180602.3853134154,0.0
2025-02-10,142.8,0.0,142.8,180745.1853134154,180745.1853134154,0.0
2025-02-11,72.8,0.0,72.8,180817.98531341538,180817.98531341538,0.0
2025-02-12,0.0,355.6000000000045,355.6000000000045,181173.5853134154,181173.5853134154,0.0
2025-02-13,-174.4,-757.2,-931.6,180241.98531341538,181173.5853134154,-931.6000000000058
2025-02-14,145.6,-837.1999999999983,-691.5999999999983,179550.38531341538,181173.5853134154,-1623.2000000000116
2025-02-17,-87.2,0.0,-87.2,179463.18531341536,181173.5853134154,-1710.4000000000233
2025-02-18,145.6,0.0,145.6,179608.78531341537,181173.5853134154,-1564.8000000000175
2025-02-19,72.8,-567.2000000000023,-494.4000000000023,179114.38531341538,181173.5853134154,-2059.2000000000116
2025-02-20,218.39999999999998,595.5999999999993,813.9999999999993,179928.38531341538,181173.5853134154,-1245.2000000000116
2025-02-21,-101.60000000000001,1648.3999999999874,1546.7999999999874,181475.18531341536,181475.18531341536,0.0
2025-02-24,-14.400000000000006,0.0,-14.400000000000006,181460.78531341537,181475.18531341536,-14.39999999999418
2025-02-25,218.39999999999998,0.0,218.39999999999998,181679.18531341536,181679.18531341536,0.0
2025-02-26,-14.400000000000006,0.0,-14.400000000000006,181664.78531341537,181679.18531341536,-14.39999999999418
2025-02-28,-101.60000000000001,0.0,-101.60000000000001,181563.18531341536,181679.18531341536,-116.0
2025-03-03,291.2,1399.5969482421876,1690.7969482421877,183253.98226165754,183253.98226165754,0.0
2025-03-04,131.2,0.0,131.2,183385.18226165755,183385.18226165755,0.0
2025-03-05,-101.60000000000001,0.0,-101.60000000000001,183283.58226165755,183385.18226165755,-101.60000000000582
2025-03-06,128.40000000000003,0.0,128.40000000000003,183411.98226165754,183411.98226165754,0.0
2025-03-07,142.8,0.0,142.8,183554.78226165753,183554.78226165753,0.0
2025-03-12,145.6,0.0,145.6,183700.38226165753,183700.38226165753,0.0
2025-03-13,131.2,0.0,131.2,183831.58226165755,183831.58226165755,0.0
2025-03-14,58.39999999999999,0.0,58.39999999999999,183889.98226165754,183889.98226165754,0.0
2025-03-17,72.8,0.0,72.8,183962.78226165753,183962.78226165753,0.0
2025-03-18,291.2,1088.3999999999994,1379.5999999999995,185342.38226165753,185342.38226165753,0.0
2025-03-19,-14.400000000000006,365.5999999999954,351.1999999999954,185693.58226165752,185693.58226165752,0.0
2025-03-20,-101.60000000000001,-1347.2000000000037,-1448.8000000000036,184244.7822616575,185693.58226165752,-1448.8000000000175
2025-03-21,-14.400000000000006,402.7999999999966,388.39999999999657,184633.1822616575,185693.58226165752,-1060.4000000000233
2025-03-24,-261.6,415.5999999999926,153.99999999999255,184787.1822616575,185693.58226165752,-906.4000000000233
2025-03-25,145.6,0.0,145.6,184932.7822616575,185693.58226165752,-760.8000000000175
2025-03-26,-87.2,-47.199999999992045,-134.39999999999205,184798.3822616575,185693.58226165752,-895.2000000000116
2025-03-27,72.8,212.79999999999887,285.5999999999989,185083.9822616575,185693.58226165752,-609.6000000000058
2025-03-28,-14.400000000000006,335.5999999999943,321.19999999999425,185405.1822616575,185693.58226165752,-288.4000000000233
2025-03-31,58.39999999999999,-641.6000000000186,-583.2000000000186,184821.98226165748,185693.58226165752,-871.6000000000349
2025-04-01,-28.80000000000001,0.0,-28.80000000000001,184793.1822616575,185693.58226165752,-900.4000000000233
2025-04-02,58.39999999999999,0.0,58.39999999999999,184851.5822616575,185693.58226165752,-842.0000000000291
2025-04-03,-174.4,0.0,-174.4,184677.1822616575,185693.58226165752,-1016.4000000000233
2025-04-04,43.999999999999986,0.0,43.999999999999986,184721.1822616575,185693.58226165752,-972.4000000000233
2025-04-07,114.00000000000006,0.0,114.00000000000006,184835.1822616575,185693.58226165752,-858.4000000000233
2025-04-08,-500.3999999999999,0.0,-500.3999999999999,184334.7822616575,185693.58226165752,-1358.8000000000175
2025-04-09,-643.1999999999999,0.0,-643.1999999999999,183691.5822616575,185693.58226165752,-2002.000000000029
2025-04-10,-28.799999999999955,0.0,-28.799999999999955,183662.7822616575,185693.58226165752,-2030.8000000000175
2025-04-11,-14.399999999999977,0.0,-14.399999999999977,183648.3822616575,185693.58226165752,-2045.2000000000116
2025-04-14,0.0,22.798779296875,22.798779296875,183671.18104095437,185693.58226165752,-2022.4012207031483
2025-04-15,142.8,0.0,142.8,183813.98104095436,185693.58226165752,-1879.60122070316
2025-04-16,-157.2,0.0,-157.2,183656.78104095435,185693.58226165752,-2036.8012207031716
2025-04-21,142.8,0.0,142.8,183799.58104095433,185693.58226165752,-1894.0012207031832
2025-04-22,218.39999999999998,0.0,218.39999999999998,184017.98104095433,185693.58226165752,-1675.601220703189
2025-04-23,204.0,0.0,204.0,184221.98104095433,185693.58226165752,-1471.601220703189
2025-04-24,145.6,442.80000000000285,588.4000000000028,184810.38104095432,185693.58226165752,-883.2012207031948
2025-04-25,285.6,0.0,285.6,185095.98104095433,185693.58226165752,-597.601220703189
2025-04-28,-116.00000000000001,743.998779296875,627.998779296875,185723.9798202512,185723.9798202512,0.0
2025-04-29,-101.59999999999827,0.0,-101.59999999999827,185622.3798202512,185723.9798202512,-101.60000000000582
2025-04-30,556.8000000000001,0.0,556.8000000000001,186179.17982025119,186179.17982025119,0.0
2025-05-01,-157.2,0.0,-157.2,186021.97982025117,186179.17982025119,-157.20000000001164
2025-05-02,128.40000000000003,0.0,128.40000000000003,186150.37982025117,186179.17982025119,-28.800000000017462
2025-05-06,145.6,0.0,145.6,186295.97982025117,186295.97982025117,0.0
2025-05-07,142.8,212.79999999999887,355.5999999999989,186651.57982025118,186651.57982025118,0.0
2025-05-08,131.2,442.80000000000285,574.0000000000028,187225.57982025118,187225.57982025118,0.0
2025-05-12,-261.6,0.0,-261.6,186963.97982025117,187225.57982025118,-261.6000000000058
2025-05-13,218.39999999999998,0.0,218.39999999999998,187182.37982025117,187225.57982025118,-43.20000000001164
2025-05-14,58.39999999999999,-167.20000000000368,-108.80000000000369,187073.57982025115,187225.57982025118,-152.0000000000291
2025-05-15,-14.400000000000006,0.0,-14.400000000000006,187059.17982025116,187225.57982025118,-166.40000000002328
2025-05-16,-14.400000000000006,0.0,-14.400000000000006,187044.77982025116,187225.57982025118,-180.80000000001746
2025-05-20,0.0,-157.1977111816406,-157.1977111816406,186887.5821090695,187225.57982025118,-337.99771118166973
2025-05-21,0.0,844.0010681152344,844.0010681152344,187731.58317718474,187731.58317718474,0.0
2025-05-22,-14.400000000000006,0.0,-14.400000000000006,187717.18317718475,187731.58317718474,-14.39999999999418
2025-05-23,291.2,0.0,291.2,188008.38317718476,188008.38317718476,0.0
2025-05-27,0.0,378.39771118164066,378.39771118164066,188386.7808883664,188386.7808883664,0.0
2025-05-30,145.6,0.0,145.6,188532.3808883664,188532.3808883664,0.0
2025-06-02,131.2,0.0,131.2,188663.5808883664,188663.5808883664,0.0
2025-06-03,145.6,0.0,145.6,188809.18088836642,188809.18088836642,0.0
2025-06-04,-261.6,0.0,-261.6,188547.5808883664,188809.18088836642,-261.6000000000058
2025-06-05,145.6,0.0,145.6,188693.18088836642,188809.18088836642,-116.0
2025-06-06,58.39999999999999,0.0,58.39999999999999,188751.5808883664,188809.18088836642,-57.60000000000582
2025-06-09,-14.400000000000006,0.0,-14.400000000000006,188737.18088836642,188809.18088836642,-72.0
2025-06-10,-261.6,0.0,-261.6,188475.5808883664,188809.18088836642,-333.6000000000058
2025-06-11,-14.400000000000006,0.0,-14.400000000000006,188461.18088836642,188809.18088836642,-348.0
2025-06-12,-28.80000000000001,0.0,-28.80000000000001,188432.38088836643,188809.18088836642,-376.79999999998836
2025-06-13,131.2,0.0,131.2,188563.58088836644,188809.18088836642,-245.59999999997672
2025-06-16,414.00000000000006,0.0,414.00000000000006,188977.58088836644,188977.58088836644,0.0
2025-06-17,128.40000000000003,0.0,128.40000000000003,189105.98088836644,189105.98088836644,0.0
2025-06-18,256.80000000000007,0.0,256.80000000000007,189362.78088836643,189362.78088836643,0.0
2025-06-19,-185.99999999999994,0.0,-185.99999999999994,189176.78088836643,189362.78088836643,-186.0
2025-06-20,88.39999999999947,0.0,88.39999999999947,189265.18088836642,189362.78088836643,-97.60000000000582
2025-06-23,685.2,0.0,685.2,189950.38088836643,189950.38088836643,0.0
2025-06-24,-28.799999999999955,442.80000000000285,414.0000000000029,190364.38088836643,190364.38088836643,0.0
2025-06-25,-14.399999999999977,0.0,-14.399999999999977,190349.98088836644,190364.38088836643,-14.39999999999418
2025-06-26,142.8,0.0,142.8,190492.78088836643,190492.78088836643,0.0
2025-06-27,142.8,0.0,142.8,190635.5808883664,190635.5808883664,0.0
2025-07-01,0.0,498.3966430664063,498.3966430664063,191133.9775314328,191133.9775314328,0.0
2025-07-02,0.0,1105.5999999999904,1105.5999999999904,192239.5775314328,192239.5775314328,0.0
2025-07-04,0.0,-677.2000000000018,-677.2000000000018,191562.37753143278,192239.5775314328,-677.2000000000116
2025-07-07,-174.4,675.5999999999976,501.19999999999766,192063.5775314328,192239.5775314328,-176.0
2025-07-08,-87.2,0.0,-87.2,191976.37753143278,192239.5775314328,-263.20000000001164
2025-07-09,218.39999999999998,731.2021362304688,949.6021362304688,192925.97966766325,192925.97966766325,0.0
2025-07-10,145.6,461.1978637695313,606.7978637695313,193532.77753143277,193532.77753143277,0.0
2025-07-11,58.39999999999999,0.0,58.39999999999999,193591.17753143277,193591.17753143277,0.0
2025-07-14,-261.6,0.0,-261.6,193329.57753143276,193591.17753143277,-261.6000000000058
2025-07-16,145.6,-238.79603271484098,-93.19603271484098,193236.3814987179,193591.17753143277,-354.7960327148612
2025-07-17,-87.2,-1014.404577636716,-1101.604577636716,192134.77692108118,193591.17753143277,-1456.4006103515858
2025-07-21,-14.400000000000006,52.80518798828125,38.40518798828124,192173.18210906946,193591.17753143277,-1417.9954223633104
2025-07-22,-101.60000000000001,82.80000000000341,-18.7999999999966,192154.38210906947,193591.17753143277,-1436.7954223632987
2025-07-23,-14.400000000000006,72.79999999999829,58.399999999998286,192212.78210906946,193591.17753143277,-1378.3954223633045
2025-07-24,0.0,495.59999999999087,495.59999999999087,192708.38210906944,193591.17753143277,-882.7954223633278
2025-07-25,0.0,985.5999999999858,985.5999999999858,193693.98210906942,193693.98210906942,0.0
2025-07-28,72.8,-187.2000000000068,-114.40000000000681,193579.58210906942,193693.98210906942,-114.39999999999418
2025-07-29,43.999999999999986,1778.3999999999828,1822.3999999999828,195401.98210906942,195401.98210906942,0.0
2025-07-30,72.8,0.0,72.8,195474.7821090694,195474.7821090694,0.0
2025-07-31,58.39999999999999,0.0,58.39999999999999,195533.1821090694,195533.1821090694,0.0
2025-08-01,-188.8,0.0,-188.8,195344.3821090694,195533.1821090694,-188.79999999998836
2025-08-05,-157.2,442.80000000000285,285.60000000000286,195629.98210906942,195629.98210906942,0.0
2025-08-06,-116.00000000000001,-1007.2,-1123.2,194506.7821090694,195629.98210906942,-1123.2000000000116
2025-08-07,-157.2,0.0,-157.2,194349.5821090694,195629.98210906942,-1280.4000000000233
2025-08-08,271.20000000000005,0.0,271.20000000000005,194620.7821090694,195629.98210906942,-1009.2000000000116
2025-08-11,72.8,0.0,72.8,194693.5821090694,195629.98210906942,-936.4000000000233
2025-08-12,72.8,0.0,72.8,194766.38210906938,195629.98210906942,-863.6000000000349
2025-08-13,58.39999999999999,0.0,58.39999999999999,194824.78210906938,195629.98210906942,-805.2000000000407
2025-08-14,-14.400000000000006,0.0,-14.400000000000006,194810.38210906938,195629.98210906942,-819.6000000000349
2025-08-15,58.39999999999999,-17.19999999999801,41.20000000000198,194851.5821090694,195629.98210906942,-778.4000000000233
2025-08-18,58.39999999999999,0.0,58.39999999999999,194909.9821090694,195629.98210906942,-720.0000000000291
2025-08-19,-14.400000000000006,0.0,-14.400000000000006,194895.5821090694,195629.98210906942,-734.4000000000233
2025-08-20,-14.400000000000006,0.0,-14.400000000000006,194881.1821090694,195629.98210906942,-748.8000000000175
2025-08-21,-14.400000000000006,0.0,-14.400000000000006,194866.7821090694,195629.98210906942,-763.2000000000116
2025-08-22,145.6,-27.20000000000313,118.39999999999687,194985.1821090694,195629.98210906942,-644.8000000000175
2025-08-25,0.0,605.5999999999902,605.5999999999902,195590.78210906938,195629.98210906942,-39.200000000040745
2025-08-26,-101.60000000000001,-517.199999999998,-618.799999999998,194971.9821090694,195629.98210906942,-658.0000000000291
2025-08-27,58.39999999999999,-487.19999999999686,-428.7999999999969,194543.1821090694,195629.98210906942,-1086.8000000000175
2025-08-28,-87.2,1248.3999999999958,1161.1999999999957,195704.38210906938,195704.38210906938,0.0
2025-08-29,-14.400000000000006,352.79999999999944,338.3999999999994,196042.78210906938,196042.78210906938,0.0
2025-09-02,-188.8,555.5999999999931,366.7999999999931,196409.58210906936,196409.58210906936,0.0
2025-09-03,0.0,-757.2,-757.2,195652.38210906935,196409.58210906936,-757.2000000000116
2025-09-04,145.6,272.80000000000115,418.4000000000011,196070.78210906935,196409.58210906936,-338.80000000001746
2025-09-05,-87.2,595.5999999999993,508.39999999999935,196579.18210906934,196579.18210906934,0.0
2025-09-09,72.8,0.0,72.8,196651.98210906933,196651.98210906933,0.0
2025-09-10,0.0,-964.4015258789034,-964.4015258789034,195687.58058319043,196651.98210906933,-964.4015258789004
2025-09-11,-87.2,-87.2000000000054,-174.4000000000054,195513.18058319043,196651.98210906933,-1138.8015258788946
2025-09-15,0.0,-44.39877929687498,-44.39877929687498,195468.78180389357,196651.98210906933,-1183.2003051757638
2025-09-16,0.0,242.8,242.8,195711.58180389355,196651.98210906933,-940.4003051757754
2025-09-17,145.6,0.0,145.6,195857.18180389356,196651.98210906933,-794.8003051757696
2025-09-19,0.0,455.5999999999988,455.5999999999988,196312.78180389357,196651.98210906933,-339.2003051757638
2025-09-22,-87.2,0.0,-87.2,196225.58180389355,196651.98210906933,-426.40030517577543
2025-09-23,0.0,975.600000000002,975.600000000002,197201.18180389356,197201.18180389356,0.0
2025-09-24,72.8,465.5999999999897,538.3999999999896,197739.58180389355,197739.58180389355,0.0
2025-09-25,72.8,0.0,72.8,197812.38180389354,197812.38180389354,0.0
2025-09-26,72.8,0.0,72.8,197885.18180389353,197885.18180389353,0.0
2025-09-29,0.0,485.6,485.6,198370.78180389354,198370.78180389354,0.0
2025-09-30,72.8,0.0,72.8,198443.58180389352,198443.58180389352,0.0
2025-10-01,-14.400000000000006,0.0,-14.400000000000006,198429.18180389353,198443.58180389352,-14.39999999999418
2025-10-02,-14.400000000000006,0.0,-14.400000000000006,198414.78180389354,198443.58180389352,-28.79999999998836
2025-10-03,-14.400000000000006,0.0,-14.400000000000006,198400.38180389354,198443.58180389352,-43.19999999998254
2025-10-06,-174.4,-467.20289916992186,-641.6028991699219,197758.77890472361,198443.58180389352,-684.8028991699102
2025-10-07,145.6,-427.1999999999946,-281.59999999999457,197477.1789047236,198443.58180389352,-966.402899169916
2025-10-08,0.0,-467.2000000000008,-467.2000000000008,197009.9789047236,198443.58180389352,-1433.6028991699277
2025-10-09,0.0,-1504.4000000000024,-1504.4000000000024,195505.5789047236,198443.58180389352,-2938.002899169922
2025-10-10,204.0,0.0,204.0,195709.5789047236,198443.58180389352,-2734.002899169922
2025-10-13,-174.4,0.0,-174.4,195535.1789047236,198443.58180389352,-2908.402899169916
2025-10-14,72.8,0.0,72.8,195607.9789047236,198443.58180389352,-2835.6028991699277
2025-10-15,-14.400000000000006,0.0,-14.400000000000006,195593.5789047236,198443.58180389352,-2850.002899169922
2025-10-16,218.39999999999998,0.0,218.39999999999998,195811.9789047236,198443.58180389352,-2631.6028991699277
2025-10-17,-14.400000000000006,0.0,-14.400000000000006,195797.5789047236,198443.58180389352,-2646.002899169922
2025-10-20,218.39999999999998,0.0,218.39999999999998,196015.9789047236,198443.58180389352,-2427.6028991699277
2025-10-21,43.999999999999986,1705.200457763672,1749.200457763672,197765.17936248728,198443.58180389352,-678.4024414062442
2025-10-22,-174.4,-37.20000000000114,-211.60000000000116,197553.57936248727,198443.58180389352,-890.00244140625
2025-10-23,72.8,0.0,72.8,197626.37936248726,198443.58180389352,-817.2024414062616
2025-10-24,72.8,0.0,72.8,197699.17936248725,198443.58180389352,-744.4024414062733
2025-10-27,-101.60000000000001,485.6,384.0,198083.17936248725,198443.58180389352,-360.4024414062733
2025-10-28,145.6,731.2021362304688,876.8021362304688,198959.9814987177,198959.9814987177,0.0
2025-10-29,-174.4,0.0,-174.4,198785.58149871771,198959.9814987177,-174.39999999999418
2025-10-30,-101.60000000000001,-621.599237060544,-723.1992370605441,198062.38226165716,198959.9814987177,-897.5992370605527
2025-10-31,-14.400000000000006,-527.1999999999961,-541.599999999996,197520.78226165715,198959.9814987177,-1439.1992370605585
2025-11-03,0.0,-87.1999999999983,-87.1999999999983,197433.58226165714,198959.9814987177,-1526.3992370605702
2025-11-04,0.0,465.5999999999967,465.5999999999967,197899.18226165714,198959.9814987177,-1060.7992370605643
2025-11-05,0.0,1478.400000000007,1478.400000000007,199377.58226165714,199377.58226165714,0.0
2025-11-06,-87.2,42.79999999999716,-44.40000000000284,199333.18226165714,199377.58226165714,-44.39999999999418
2025-11-07,0.0,-287.2000000000011,-287.2000000000011,199045.98226165713,199377.58226165714,-331.6000000000058
2025-11-10,0.0,-107.20000000000142,-107.20000000000142,198938.78226165712,199377.58226165714,-438.80000000001746
2025-11-11,0.0,172.79999999999973,172.79999999999973,199111.5822616571,199377.58226165714,-266.0000000000291
2025-11-12,0.0,-24.39999999999816,-24.39999999999816,199087.18226165712,199377.58226165714,-290.4000000000233
2025-11-13,72.8,0.0,72.8,199159.9822616571,199377.58226165714,-217.60000000003492
2025-11-14,0.0,65.5980163574219,65.5980163574219,199225.58027801453,199377.58226165714,-152.00198364260723
2025-11-18,0.0,-225.99938964843471,-225.99938964843471,198999.5808883661,199377.58226165714,-378.00137329104473
2025-11-19,145.6,0.0,145.6,199145.1808883661,199377.58226165714,-232.4013732910389
2025-11-21,-14.400000000000006,0.0,-14.400000000000006,199130.7808883661,199377.58226165714,-246.8013732910331
2025-11-24,-14.400000000000006,0.0,-14.400000000000006,199116.3808883661,199377.58226165714,-261.20137329102727
2025-11-25,218.39999999999998,0.0,218.39999999999998,199334.7808883661,199377.58226165714,-42.80137329103309
2025-11-26,-14.400000000000006,0.0,-14.400000000000006,199320.3808883661,199377.58226165714,-57.20137329102727
2025-11-27,-17.200000000005115,352.79999999999944,335.59999999999434,199655.98088836612,199655.98088836612,0.0
2025-11-28,-14.400000000000006,1025.599999999999,1011.199999999999,200667.18088836613,200667.18088836613,0.0
2025-12-01,-174.4,-467.2000000000008,-641.6000000000008,200025.58088836612,200667.18088836613,-641.6000000000058
2025-12-02,-14.400000000000006,-127.19999999999744,-141.59999999999746,199883.98088836612,200667.18088836613,-783.2000000000116
2025-12-03,0.0,162.80000000000172,162.80000000000172,200046.7808883661,200667.18088836613,-620.4000000000233
2025-12-04,-14.400000000000006,-627.1999999999975,-641.5999999999975,199405.1808883661,200667.18088836613,-1262.000000000029
2025-12-05,72.8,-527.2000000000032,-454.4000000000032,198950.7808883661,200667.18088836613,-1716.4000000000233
2025-12-08,0.0,352.79999999999944,352.79999999999944,199303.5808883661,200667.18088836613,-1363.600000000035
2025-12-09,-174.4,-557.1999999999972,-731.5999999999972,198571.9808883661,200667.18088836613,-2095.2000000000407
2025-12-10,-87.2,-237.1999999999969,-324.3999999999969,198247.5808883661,200667.18088836613,-2419.600000000035
2025-12-11,72.8,0.0,72.8,198320.38088836608,200667.18088836613,-2346.8000000000466
2025-12-12,145.6,0.0,145.6,198465.9808883661,200667.18088836613,-2201.2000000000407
2025-12-15,-14.400000000000006,0.0,-14.400000000000006,198451.5808883661,200667.18088836613,-2215.600000000035
2025-12-17,-87.2,0.0,-87.2,198364.38088836608,200667.18088836613,-2302.8000000000466
2025-12-18,145.6,0.0,145.6,198509.9808883661,200667.18088836613,-2157.2000000000407
2025-12-19,72.8,0.0,72.8,198582.78088836608,200667.18088836613,-2084.4000000000524
2025-12-22,12.800000000003129,62.799999999993176,75.5999999999963,198658.38088836608,200667.18088836613,-2008.8000000000466
2025-12-23,-14.400000000000006,-237.1999999999969,-251.5999999999969,198406.78088836608,200667.18088836613,-2260.4000000000524
2025-12-24,72.8,122.79999999999544,195.59999999999542,198602.38088836608,200667.18088836613,-2064.8000000000466
2025-12-26,72.8,795.6000000000022,868.4000000000021,199470.78088836608,200667.18088836613,-1196.4000000000524
2025-12-29,-14.400000000000006,62.80000000000028,48.400000000000276,199519.18088836607,200667.18088836613,-1148.0000000000582
2025-12-30,72.8,332.7999999999963,405.5999999999963,199924.78088836608,200667.18088836613,-742.4000000000524
2025-12-31,-174.4,615.6000000000024,441.20000000000243,200365.9808883661,200667.18088836613,-301.20000000004075
2026-01-02,-14.400000000000006,0.0,-14.400000000000006,200351.5808883661,200667.18088836613,-315.6000000000349
2026-01-05,0.0,342.80000000000143,342.80000000000143,200694.38088836608,200694.38088836608,0.0
2026-01-06,72.8,35.59999999999695,108.39999999999695,200802.78088836608,200802.78088836608,0.0
2026-01-07,-14.400000000000006,0.0,-14.400000000000006,200788.38088836608,200802.78088836608,-14.39999999999418
2026-01-08,72.8,0.0,72.8,200861.18088836607,200861.18088836607,0.0
2026-01-12,131.2,0.0,131.2,200992.38088836608,200992.38088836608,0.0
2026-01-13,-14.400000000000006,0.0,-14.400000000000006,200977.9808883661,200992.38088836608,-14.39999999999418
2026-01-14,145.6,0.0,145.6,201123.5808883661,201123.5808883661,0.0
2026-01-15,145.6,0.0,145.6,201269.1808883661,201269.1808883661,0.0
2026-01-16,-87.2,0.0,-87.2,201181.9808883661,201269.1808883661,-87.20000000001164
2026-01-21,-14.400000000000006,-557.1992370605469,-571.5992370605469,200610.38165130554,201269.1808883661,-658.7992370605643
2026-01-23,-14.400000000000006,0.0,-14.400000000000006,200595.98165130554,201269.1808883661,-673.1992370605585
2026-01-26,-174.4,0.0,-174.4,200421.58165130555,201269.1808883661,-847.5992370605527
2026-01-27,145.6,0.0,145.6,200567.18165130555,201269.1808883661,-701.9992370605469
2026-01-28,145.6,0.0,145.6,200712.78165130556,201269.1808883661,-556.399237060541
2026-01-29,43.999999999999986,0.0,43.999999999999986,200756.78165130556,201269.1808883661,-512.399237060541
2026-01-30,-28.80000000000001,0.0,-28.80000000000001,200727.98165130557,201269.1808883661,-541.1992370605294
2026-02-02,58.39999999999999,0.0,58.39999999999999,200786.38165130556,201269.1808883661,-482.79923706053523
2026-02-03,-174.4,585.6000000000085,411.2000000000086,201197.58165130558,201269.1808883661,-71.59923706052359
2026-02-04,-276.0,-427.2000000000017,-703.2000000000016,200494.38165130556,201269.1808883661,-774.7992370605352
2026-02-05,142.8,82.7999999999963,225.59999999999633,200719.98165130557,201269.1808883661,-549.1992370605294
2026-02-06,-171.59999999999997,0.0,-171.59999999999997,200548.38165130556,201269.1808883661,-720.7992370605352
2026-02-10,-14.399999999999977,0.0,-14.399999999999977,200533.98165130557,201269.1808883661,-735.1992370605294
2026-02-16,0.0,-487.1995422363281,-487.1995422363281,200046.78210906923,201269.1808883661,-1222.3987792968692
2026-02-17,-28.80000000000001,0.0,-28.80000000000001,200017.98210906924,201269.1808883661,-1251.1987792968575
2026-02-18,125.60000000000227,0.0,125.60000000000227,200143.58210906925,201269.1808883661,-1125.5987792968517
2026-02-19,58.39999999999999,0.0,58.39999999999999,200201.98210906924,201269.1808883661,-1067.1987792968575
2026-02-20,218.39999999999998,0.0,218.39999999999998,200420.38210906924,201269.1808883661,-848.7987792968634
2026-02-23,-101.60000000000001,0.0,-101.60000000000001,200318.78210906923,201269.1808883661,-950.3987792968692
2026-02-24,-174.4,0.0,-174.4,200144.38210906924,201269.1808883661,-1124.7987792968634
2026-02-25,145.6,0.0,145.6,200289.98210906924,201269.1808883661,-979.1987792968575
2026-02-26,436.79999999999995,0.0,436.79999999999995,200726.78210906923,201269.1808883661,-542.3987792968692
2026-02-27,-28.80000000000001,0.0,-28.80000000000001,200697.98210906924,201269.1808883661,-571.1987792968575
2026-03-02,-28.799999999999955,0.0,-28.799999999999955,200669.18210906925,201269.1808883661,-599.9987792968459
2026-03-03,242.4000000000001,0.0,242.4000000000001,200911.58210906925,201269.1808883661,-357.5987792968517
2026-03-04,-28.799999999999955,0.0,-28.799999999999955,200882.78210906926,201269.1808883661,-386.3987792968401
2026-03-05,56.40000000000015,0.0,56.40000000000015,200939.18210906925,201269.1808883661,-329.9987792968459
2026-03-06,627.6000000000001,0.0,627.6000000000001,201566.78210906926,201566.78210906926,0.0
2026-03-09,-1300.7999999999997,0.0,-1300.7999999999997,200265.98210906927,201566.78210906926,-1300.7999999999884
2026-03-10,-671.9999999999999,0.0,-671.9999999999999,199593.98210906927,201566.78210906926,-1972.7999999999884
2026-03-11,370.8000000000001,0.0,370.8000000000001,199964.78210906926,201566.78210906926,-1602.0
2026-03-12,-400.79999999999984,0.0,-400.79999999999984,199563.98210906927,201566.78210906926,-2002.7999999999884
2026-03-13,1070.4,0.0,1070.4,200634.38210906927,201566.78210906926,-932.3999999999942
2026-03-16,399.6000000000001,885.6000000000057,1285.2000000000057,201919.58210906928,201919.58210906928,0.0
2026-03-17,414.00000000000006,1328.4000000000085,1742.4000000000085,203661.98210906927,203661.98210906927,0.0
2026-03-18,99.60000000000008,-2371.600000000008,-2272.000000000008,201389.98210906927,203661.98210906927,-2272.0
2026-03-19,-671.9999999999999,1249.6000000000117,577.6000000000118,201967.58210906928,203661.98210906927,-1694.3999999999942
2026-03-20,-357.5999999999999,-1207.1969482421875,-1564.7969482421875,200402.7851608271,203661.98210906927,-3259.19694824217
2026-03-23,-71.99999999999989,-1070.4057983398377,-1142.4057983398375,199260.37936248726,203661.98210906927,-4401.602746582008
2026-03-24,714.0,1771.2000000000114,2485.2000000000116,201745.57936248727,203661.98210906927,-1916.4027465819963
2026-03-25,99.60000000000008,442.80000000000285,542.4000000000029,202287.97936248727,203661.98210906927,-1374.0027465820021
2026-03-26,114.00000000000006,-1361.600915527341,-1247.600915527341,201040.37844695992,203661.98210906927,-2621.6036621093517
2026-03-27,-343.19999999999993,206.80457763673007,-136.39542236326986,200903.98302459664,203661.98210906927,-2757.999084472627
2026-03-30,542.4000000000001,0.0,542.4000000000001,201446.38302459664,203661.98210906927,-2215.599084472633
2026-03-31,56.40000000000015,0.0,56.40000000000015,201502.78302459663,203661.98210906927,-2159.199084472639
2026-04-01,-185.99999999999994,885.6000000000057,699.6000000000058,202202.38302459664,203661.98210906927,-1459.599084472633
2026-04-02,-686.3999999999999,0.0,-686.3999999999999,201515.98302459664,203661.98210906927,-2145.999084472627
2026-04-06,1270.8000000000002,0.0,1270.8000000000002,202786.78302459663,203661.98210906927,-875.1990844726388
2026-04-07,556.8000000000001,0.0,556.8000000000001,203343.58302459662,203661.98210906927,-318.39908447265043
2026-04-08,-214.7999999999999,-1043.1999999999996,-1257.9999999999995,202085.58302459662,203661.98210906927,-1576.3990844726504
2026-04-09,0.0,1085.2000000000198,1085.2000000000198,203170.78302459663,203661.98210906927,-491.1990844726388
2026-04-10,-328.79999999999995,321.2000000000085,-7.599999999991439,203163.18302459663,203661.98210906927,-498.7990844726446
2026-04-13,385.2000000000001,1206.8000000000143,1592.0000000000143,204755.18302459663,204755.18302459663,0.0
2026-04-14,0.0,-78.79999999999688,-78.79999999999688,204676.38302459664,204755.18302459663,-78.79999999998836
2026-04-15,0.0,-781.6000000000049,-781.6000000000049,203894.78302459663,204755.18302459663,-860.3999999999942
2026-04-16,0.0,442.80000000000285,442.80000000000285,204337.58302459662,204755.18302459663,-417.6000000000058
2026-04-17,656.4000000000001,0.0,656.4000000000001,204993.98302459661,204993.98302459661,0.0
2026-04-20,0.0,55.60274658203406,55.60274658203406,205049.58577117865,205049.58577117865,0.0
2026-04-21,0.0,442.80000000000285,442.80000000000285,205492.38577117864,205492.38577117864,0.0
2026-04-22,0.0,1771.2000000000114,1771.2000000000114,207263.58577117865,207263.58577117865,0.0
2026-04-23,0.0,-1650.3999999999942,-1650.3999999999942,205613.18577117866,207263.58577117865,-1650.3999999999942
2026-04-24,0.0,442.80000000000285,442.80000000000285,206055.98577117865,207263.58577117865,-1207.6000000000058
2026-04-27,414.00000000000006,125.60244140625286,539.6024414062529,206595.5882125849,207263.58577117865,-667.99755859375
2026-04-28,128.40000000000003,688.4024414062602,816.8024414062602,207412.39065399117,207412.39065399117,0.0
2026-04-29,-371.9999999999999,0.0,-371.9999999999999,207040.39065399117,207412.39065399117,-372.0
2026-04-30,699.6000000000001,0.0,699.6000000000001,207739.99065399118,207739.99065399118,0.0
2026-05-01,-43.19999999999993,-2093.199999999997,-2136.399999999997,205603.59065399118,207739.99065399118,-2136.399999999994
2026-05-04,0.0,-521.5999999999998,-521.5999999999998,205081.99065399118,207739.99065399118,-2658.0
2026-05-05,0.0,1201.1972534179772,1201.1972534179772,206283.18790740916,207739.99065399118,-1456.8027465820196
2026-05-06,-328.79999999999995,1328.4000000000085,999.6000000000085,207282.78790740916,207739.99065399118,-457.2027465820138
2026-05-07,99.60000000000008,2214.000000000014,2313.600000000014,209596.38790740917,209596.38790740917,0.0
2026-05-08,271.20000000000005,565.6000000000125,836.8000000000126,210433.18790740918,210433.18790740918,0.0
2026-05-11,0.0,885.6000000000057,885.6000000000057,211318.7879074092,211318.7879074092,0.0
2026-05-13,-185.99999999999994,442.80000000000285,256.8000000000029,211575.58790740918,211575.58790740918,0.0
2026-05-14,0.0,-964.4000000000026,-964.4000000000026,210611.18790740918,211575.58790740918,-964.3999999999942
2026-05-15,0.0,-1007.2,-1007.2,209603.98790740917,211575.58790740918,-1971.6000000000058
2026-05-18,0.0,-564.3999999999971,-564.3999999999971,209039.58790740918,211575.58790740918,-2536.0
2026-05-19,271.20000000000005,442.80000000000285,714.000000000003,209753.58790740918,211575.58790740918,-1822.0
2026-05-21,0.0,-2059.1969482421746,-2059.1969482421746,207694.390959167,211575.58790740918,-3881.19694824217
2026-05-22,256.80000000000007,321.2000000000085,578.0000000000086,208272.390959167,211575.58790740918,-3303.19694824217
2026-05-25,128.40000000000003,885.6000000000057,1014.0000000000057,209286.390959167,211575.58790740918,-2289.19694824217
2026-05-26,-171.59999999999997,442.80000000000285,271.2000000000029,209557.59095916702,211575.58790740918,-2017.9969482421584
2026-05-27,571.2,255.59969482422161,826.7996948242217,210384.39065399126,211575.58790740918,-1191.1972534179222
2026-05-28,-343.19999999999993,-94.39877929687219,-437.5987792968721,209946.79187469438,211575.58790740918,-1628.796032714803
2026-05-29,414.00000000000006,0.0,414.00000000000006,210360.79187469438,211575.58790740918,-1214.796032714803
2026-06-01,99.60000000000008,-1128.7999999999943,-1029.1999999999941,209331.5918746944,211575.58790740918,-2243.9960327147855
2026-06-02,-14.399999999999977,1328.4000000000085,1314.0000000000086,210645.5918746944,211575.58790740918,-929.9960327147855
2026-06-03,128.40000000000003,435.60000000000286,564.000000000003,211209.5918746944,211575.58790740918,-365.99603271478554
2026-06-04,-14.399999999999977,442.80000000000285,428.4000000000029,211637.9918746944,211637.9918746944,0.0
2026-06-05,-171.59999999999997,1371.203051757821,1199.603051757821,212837.5949264522,212837.5949264522,0.0
2026-06-08,128.40000000000003,-818.7999999999918,-690.3999999999917,212147.1949264522,212837.5949264522,-690.3999999999942
2026-06-09,-343.19999999999993,0.0,-343.19999999999993,211803.9949264522,212837.5949264522,-1033.6000000000058
2026-06-10,128.40000000000003,0.0,128.40000000000003,211932.3949264522,212837.5949264522,-905.2000000000116
2026-06-11,414.00000000000006,0.0,414.00000000000006,212346.3949264522,212837.5949264522,-491.20000000001164
2026-06-12,699.6000000000001,0.0,699.6000000000001,213045.9949264522,213045.9949264522,0.0
2026-06-15,-157.2,0.0,-157.2,212888.7949264522,213045.9949264522,-157.20000000001164
2026-06-16,-28.799999999999955,0.0,-28.799999999999955,212859.9949264522,213045.9949264522,-186.0
2026-06-17,-14.399999999999977,0.0,-14.399999999999977,212845.5949264522,213045.9949264522,-200.39999999999418
2026-06-18,128.40000000000003,0.0,128.40000000000003,212973.9949264522,213045.9949264522,-72.0
2026-06-19,-157.2,0.0,-157.2,212816.7949264522,213045.9949264522,-229.20000000001164
2026-06-22,428.40000000000003,0.0,428.40000000000003,213245.19492645218,213245.19492645218,0.0
2026-06-23,142.8,0.0,142.8,213387.99492645217,213387.99492645217,0.0
2026-06-24,128.40000000000003,0.0,128.40000000000003,213516.39492645217,213516.39492645217,0.0
2026-06-25,-171.59999999999997,0.0,-171.59999999999997,213344.79492645216,213516.39492645217,-171.60000000000582
2026-06-26,271.20000000000005,0.0,271.20000000000005,213615.99492645217,213615.99492645217,0.0
2026-06-29,142.8,0.0,142.8,213758.79492645216,213758.79492645216,0.0
2026-07-01,285.6,0.0,285.6,214044.39492645217,214044.39492645217,0.0
2026-07-06,-101.60000000000001,-521.6045776367159,-623.204577636716,213421.19034881543,214044.39492645217,-623.2045776367304
2026-07-07,0.0,601.1972534179688,601.1972534179688,214022.38760223342,214044.39492645217,-22.00732421875
2026-07-08,-203.20000000000002,442.80000000000285,239.60000000000284,214261.98760223342,214261.98760223342,0.0
2026-07-09,-28.80000000000001,0.0,-28.80000000000001,214233.18760223343,214261.98760223342,-28.79999999998836
2026-07-10,-471.59999999999997,442.80000000000285,-28.799999999997112,214204.38760223344,214261.98760223342,-57.59999999997672
2026-07-14,114.00000000000006,-81.5990844726507,32.400915527349355,214236.78851776078,214261.98760223342,-25.199084472638788
2026-07-15,128.40000000000003,0.0,128.40000000000003,214365.18851776078,214365.18851776078,0.0
2026-07-16,-328.79999999999995,0.0,-328.79999999999995,214036.3885177608,214365.18851776078,-328.79999999998836
2026-07-17,-157.2,0.0,-157.2,213879.18851776078,214365.18851776078,-486.0
2026-07-20,-14.399999999999977,0.0,-14.399999999999977,213864.78851776078,214365.18851776078,-500.3999999999942
2026-07-21,285.6,0.0,285.6,214150.3885177608,214365.18851776078,-214.79999999998836
2026-07-22,142.8,442.80000000000285,585.6000000000029,214735.9885177608,214735.9885177608,0.0
2026-07-23,114.00000000000006,0.0,114.00000000000006,214849.9885177608,214849.9885177608,0.0
2026-07-24,271.20000000000005,442.80000000000285,714.000000000003,215563.9885177608,215563.9885177608,0.0
2026-07-27,114.00000000000006,-441.60549316405513,-327.6054931640551,215236.38302459673,215563.9885177608,-327.6054931640683
2026-07-28,116.80000000000517,1328.4000000000085,1445.2000000000137,216681.58302459674,216681.58302459674,0.0
2026-07-29,0.0,55.60274658203406,55.60274658203406,216737.18577117877,216737.18577117877,0.0
2026-07-31,0.0,1031.2000000000023,1031.2000000000023,217768.3857711788,217768.3857711788,0.0
2026-08-03,-14.399999999999977,-201.5969482421915,-215.99694824219148,217552.3888229366,217768.3857711788,-215.9969482421875
2026-08-04,256.80000000000007,0.0,256.80000000000007,217809.1888229366,217809.1888229366,0.0
2026-08-05,428.40000000000003,885.6000000000057,1314.0000000000057,219123.1888229366,219123.1888229366,0.0
2026-08-06,285.6,0.0,285.6,219408.7888229366,219408.7888229366,0.0
2026-08-07,-87.1999999999983,885.6000000000057,798.4000000000074,220207.1888229366,220207.1888229366,0.0
2026-08-10,285.6,442.80000000000285,728.4000000000028,220935.58882293658,220935.58882293658,0.0
2026-08-11,428.40000000000003,-211.59938964843462,216.8006103515654,221152.38943328813,221152.38943328813,0.0
2026-08-12,285.6,0.0,285.6,221437.98943328814,221437.98943328814,0.0
2026-08-13,-261.5999999999977,0.0,-261.5999999999977,221176.38943328813,221437.98943328814,-261.6000000000058
2026-08-14,142.8,442.80000000000285,585.6000000000029,221761.98943328814,221761.98943328814,0.0
2026-08-18,285.6,442.80000000000285,728.4000000000028,222490.38943328813,222490.38943328813,0.0
2026-08-19,0.0,-1007.2,-1007.2,221483.18943328812,222490.38943328813,-1007.2000000000116
2026-08-20,-14.399999999999977,0.0,-14.399999999999977,221468.78943328813,222490.38943328813,-1021.6000000000058
2026-08-21,-14.399999999999977,0.0,-14.399999999999977,221454.38943328813,222490.38943328813,-1036.0
2026-08-24,0.0,442.80000000000285,442.80000000000285,221897.18943328812,222490.38943328813,-593.2000000000116
2026-08-25,285.6,0.0,285.6,222182.78943328813,222490.38943328813,-307.6000000000058
2026-08-27,142.8,-254.39999999999492,-111.5999999999949,222071.18943328812,222490.38943328813,-419.20000000001164
2026-08-28,142.8,0.0,142.8,222213.9894332881,222490.38943328813,-276.4000000000233
2026-08-31,-14.399999999999977,0.0,-14.399999999999977,222199.5894332881,222490.38943328813,-290.80000000001746
2026-09-01,99.60000000000008,0.0,99.60000000000008,222299.18943328812,222490.38943328813,-191.20000000001164
2026-09-02,556.8000000000001,0.0,556.8000000000001,222855.9894332881,222855.9894332881,0.0
2026-09-03,-14.399999999999977,0.0,-14.399999999999977,222841.5894332881,222855.9894332881,-14.39999999999418
2026-09-04,-185.99999999999994,0.0,-185.99999999999994,222655.5894332881,222855.9894332881,-200.39999999999418
2026-09-07,142.8,0.0,142.8,222798.3894332881,222855.9894332881,-57.60000000000582
2026-09-08,128.40000000000003,0.0,128.40000000000003,222926.7894332881,222926.7894332881,0.0
2026-09-09,128.40000000000003,0.0,128.40000000000003,223055.1894332881,223055.1894332881,0.0
2026-09-10,256.80000000000007,0.0,256.80000000000007,223311.98943328808,223311.98943328808,0.0
2026-09-11,714.0,0.0,714.0,224025.98943328808,224025.98943328808,0.0
2026-09-14,256.80000000000007,0.0,256.80000000000007,224282.78943328807,224282.78943328807,0.0
2026-09-15,670.8000000000002,0.0,670.8000000000002,224953.58943328806,224953.58943328806,0.0
2026-09-16,-28.799999999999955,0.0,-28.799999999999955,224924.78943328807,224953.58943328806,-28.79999999998836
2026-09-17,842.4000000000001,0.0,842.4000000000001,225767.18943328806,225767.18943328806,0.0
2026-09-18,285.6,442.80000000000285,728.4000000000028,226495.58943328806,226495.58943328806,0.0
2026-09-21,-28.799999999999955,-564.3999999999971,-593.1999999999971,225902.38943328807,226495.58943328806,-593.1999999999825
2026-09-22,-185.99999999999994,-248.80122070312478,-434.8012207031247,225467.58821258496,226495.58943328806,-1028.001220703096
