date,system,dir,outcome,pnl,signal_idx,entry_idx
2016-02-02,HV-1,short,stop,-157.2,50,56
2016-02-03,HV-1,short,target,142.8,41,43
2016-02-03,HV-1,short,stop,-157.2,93,99
2016-02-03,HV-1,short,stop,-157.2,107,115
2016-02-03,HV-1,short,target,142.8,122,138
2016-02-08,HV-1,short,target,142.8,68,82
2016-02-09,LV-1,short,target,72.8,4,6
2016-02-09,LV-1,short,target,72.8,198,199
2016-02-09,LV-1,short,target,72.8,277,294
2016-02-09,LV-2,short,target,72.8,38,39
2016-02-09,LV-3,short,target,72.8,175,178
2016-02-10,HV-1,short,target,142.8,96,97
2016-02-10,HV-1,short,stop,-157.2,103,104
2016-02-11,HV-1,short,target,142.8,8,33
2016-02-16,HV-1,short,stop,-157.2,1,3
2016-02-16,HV-1,short,target,142.8,90,94
2016-02-17,LV-1,long,stop,-87.2,0,19
2016-02-17,LV-1,long,target,72.8,23,25
2016-02-17,LV-1,long,target,72.8,99,101
2016-02-17,LV-1,long,stop,-87.2,188,189
2016-02-17,LV-3,long,target,72.8,99,103
2016-02-18,LV-1,long,stop,-87.2,2,5
2016-02-18,LV-1,long,target,72.8,133,138
2016-02-18,LV-2,long,target,72.8,89,94
2016-02-19,LV-1,long,stop,-87.2,29,33
2016-02-19,LV-2,long,stop,-87.2,80,83
2016-02-22,LV-1,long,stop,-87.2,0,2
2016-02-23,LV-1,long,target,72.8,48,50
2016-02-23,LV-1,long,stop,-87.2,164,166
2016-02-26,LV-1,long,stop,-87.2,15,22
2016-02-26,LV-1,long,stop,-87.2,79,81
2016-02-26,LV-3,long,target,72.8,15,22
2016-03-01,HV-1,long,target,142.8,82,126
2016-03-01,HV-2,long,stop,-157.2,189,190
2016-03-02,HV-1,long,target,142.8,2,4
2016-03-02,HV-1,long,stop,-157.2,130,131
2016-03-02,HV-1,long,stop,-157.2,117,162
2016-03-02,HV-2,long,target,142.8,126,127
2016-03-03,HV-1,long,stop,-157.2,52,53
2016-03-03,HV-1,long,target,142.8,115,134
2016-03-03,HV-2,long,stop,-157.2,2,3
2016-03-04,LV-1,long,target,72.8,44,46
2016-03-04,LV-2,long,target,72.8,51,52
2016-03-04,LV-3,long,target,72.8,7,8
2016-03-04,LV-3,long,target,72.8,134,135
2016-03-07,LV-1,long,target,72.8,78,80
2016-03-07,LV-1,long,target,72.8,178,192
2016-03-07,LV-1,long,target,72.8,247,248
2016-03-08,HV-1,long,stop,-157.2,64,69
2016-03-09,HV-1,long,target,142.8,90,92
2016-03-09,HV-2,long,target,142.8,5,15
2016-03-09,HV-2,long,stop,-157.2,91,92
2016-03-09,HV-2,long,target,142.8,96,102
2016-03-10,LV-1,long,target,72.8,30,31
2016-03-10,LV-2,long,target,72.8,31,32
2016-03-11,HV-1,long,target,142.8,5,15
2016-03-14,LV-1,long,target,72.8,248,255
2016-03-14,LV-2,long,target,72.8,33,35
2016-03-15,LV-1,long,target,72.8,2,3
2016-03-15,LV-1,long,target,72.8,186,188
2016-03-15,LV-2,long,target,72.8,83,85
2016-03-16,LV-1,long,stop,-87.2,61,62
2016-03-16,LV-1,long,target,72.8,301,302
2016-03-16,LV-1,long,stop,-87.2,329,330
2016-03-16,LV-3,long,target,72.8,7,15
2016-03-17,LV-1,long,target,72.8,2,43
2016-03-17,LV-1,long,stop,-87.2,210,211
2016-03-17,LV-3,long,target,72.8,8,9
2016-03-18,LV-1,long,target,72.8,92,96
2016-03-18,LV-1,long,target,72.8,172,196
2016-03-18,LV-2,long,target,72.8,90,145
2016-03-21,LV-1,long,target,72.8,91,92
2016-03-21,LV-1,long,stop,-87.2,150,162
2016-03-22,LV-1,long,target,72.8,44,45
2016-03-22,LV-1,long,target,72.8,99,123
2016-03-22,LV-3,long,target,72.8,99,123
2016-03-23,LV-1,long,target,72.8,91,92
2016-03-23,LV-2,long,target,72.8,32,55
2016-03-24,LV-1,long,target,72.8,41,46
2016-03-24,LV-1,long,target,72.8,252,253
2016-03-24,LV-3,long,target,72.8,188,189
2016-03-28,LV-1,long,stop,-87.2,32,33
2016-03-28,LV-1,long,target,72.8,117,133
2016-03-28,LV-2,long,target,72.8,54,61
2016-03-29,LV-1,long,target,72.8,48,50
2016-03-29,LV-1,long,target,72.8,220,222
2016-03-29,LV-2,long,stop,-87.2,60,80
2016-03-30,LV-1,long,stop,-87.2,46,63
2016-03-30,LV-1,long,target,72.8,166,185
2016-03-30,LV-3,long,target,72.8,30,32
2016-03-31,LV-1,long,stop,-87.2,10,11
2016-03-31,LV-1,long,target,72.8,48,120
2016-04-01,LV-1,short,target,72.8,5,12
2016-04-01,LV-2,short,target,72.8,78,83
2016-04-04,LV-1,short,stop,-87.2,45,48
2016-04-04,LV-1,short,stop,-87.2,148,151
2016-04-04,LV-2,short,target,72.8,66,67
2016-04-05,LV-2,short,target,72.8,72,79
2016-04-06,LV-1,short,target,72.8,91,94
2016-04-06,LV-1,short,stop,-87.2,138,141
2016-04-06,LV-2,short,target,72.8,45,62
2016-04-07,LV-1,short,stop,-87.2,0,1
2016-04-07,LV-1,short,stop,-87.2,89,95
2016-04-11,LV-1,long,target,72.8,50,52
2016-04-12,LV-1,long,target,72.8,13,69
2016-04-12,LV-1,long,target,72.8,91,94
2016-04-12,LV-1,long,stop,-87.2,285,286
2016-04-12,LV-3,long,target,72.8,42,43
2016-04-13,LV-1,long,stop,-87.2,36,37
2016-04-13,LV-1,long,stop,-87.2,107,108
2016-04-14,LV-1,long,stop,-87.2,124,129
2016-04-14,LV-2,long,stop,-87.2,48,50
2016-04-15,LV-1,long,target,72.8,2,3
2016-04-15,LV-2,long,target,72.8,71,75
2016-04-18,LV-1,short,target,72.8,0,1
2016-04-18,LV-1,short,target,72.8,52,53
2016-04-18,LV-1,short,target,72.8,142,143
2016-04-18,LV-2,short,stop,-87.2,103,113
2016-04-19,LV-1,long,stop,-87.2,68,69
2016-04-19,LV-3,long,target,72.8,60,61
2016-04-20,LV-1,long,target,72.8,92,93
2016-04-20,LV-1,long,target,72.8,218,219
2016-04-20,LV-3,long,stop,-87.2,32,34
2016-04-20,LV-3,long,target,72.8,145,146
2016-04-20,LV-3,long,stop,-87.2,225,226
2016-04-20,LV-3,long,target,72.8,224,231
2016-04-21,LV-1,long,stop,-87.2,50,52
2016-04-21,LV-2,long,stop,-87.2,30,35
2016-04-22,HV-1,long,target,142.8,45,46
2016-04-26,HV-1,long,stop,-157.2,65,73
2016-04-27,LV-1,long,stop,-87.2,93,94
2016-04-27,LV-1,long,target,72.8,101,106
2016-04-27,LV-3,long,target,72.8,7,10
2016-04-28,LV-1,long,target,72.8,50,51
2016-04-28,LV-1,long,time_exit,32.799999999999145,287,289
2016-04-29,LV-1,long,stop,-87.2,31,55
2016-04-29,LV-1,long,stop,-87.2,65,139
2016-04-29,LV-2,long,target,72.8,68,138
2016-05-02,LV-1,long,stop,-87.2,0,1
2016-05-02,LV-2,long,target,72.8,62,63
2016-05-05,LV-1,long,stop,-87.2,21,32
2016-05-05,LV-1,long,target,72.8,150,153
2016-05-05,LV-2,long,target,72.8,62,87
2016-05-12,HV-1,long,stop,-157.2,42,45
2016-05-13,LV-1,long,target,72.8,60,66
2016-05-13,LV-2,long,target,72.8,78,80
2016-05-16,LV-1,long,stop,-87.2,26,100
2016-05-17,LV-1,long,stop,-87.2,19,20
2016-05-18,LV-1,long,stop,-87.2,38,90
2016-05-19,LV-1,long,stop,-87.2,91,111
2016-05-19,LV-3,long,target,72.8,185,186
2016-05-19,LV-3,long,target,72.8,182,223
2016-05-20,LV-1,long,target,72.8,93,94
2016-05-20,LV-1,long,target,72.8,201,224
2016-05-23,LV-1,long,target,72.8,63,74
2016-05-23,LV-3,long,target,72.8,60,61
2016-05-24,LV-1,long,target,72.8,75,76
2016-05-25,LV-1,long,target,72.8,90,101
2016-05-25,LV-2,long,target,72.8,90,101
2016-05-26,LV-1,long,stop,-87.2,103,105
2016-05-27,LV-3,long,target,72.8,76,80
2016-05-31,LV-1,long,stop,-87.2,91,93
2016-05-31,LV-3,long,stop,-87.2,91,94
2016-06-07,LV-1,long,target,72.8,40,48
2016-06-07,LV-2,long,stop,-87.2,55,107
2016-06-08,LV-1,long,target,72.8,92,113
2016-06-08,LV-2,long,target,72.8,91,116
2016-06-09,LV-1,long,target,72.8,39,45
2016-06-10,LV-1,long,stop,-87.2,149,160
2016-06-13,LV-1,short,stop,-87.2,46,47
2016-06-15,LV-1,short,stop,-87.2,96,130
2016-06-15,LV-2,short,target,72.8,43,60
2016-06-16,LV-1,short,target,72.8,96,143
2016-06-16,LV-3,short,target,72.8,96,102
2016-06-17,LV-1,short,target,72.8,78,85
2016-06-17,LV-2,short,target,72.8,30,35
2016-06-20,LV-1,long,target,72.8,0,1
2016-06-20,LV-2,long,target,72.8,62,72
2016-06-21,LV-1,long,stop,-87.2,1,5
2016-06-21,LV-2,long,target,72.8,92,98
2016-06-21,LV-3,long,stop,-87.2,135,143
2016-06-22,LV-1,long,stop,-87.2,124,125
2016-06-22,LV-1,long,target,72.8,277,278
2016-06-23,LV-1,long,stop,-87.2,91,95
2016-06-23,LV-2,long,target,72.8,47,57
2016-06-27,LV-1,short,target,72.8,108,114
2016-06-27,LV-1,short,target,72.8,271,278
2016-06-28,LV-1,short,stop,-87.2,23,24
2016-06-28,LV-1,short,stop,-87.2,129,141
2016-06-29,LV-1,short,target,72.8,99,105
2016-06-29,LV-2,short,stop,-87.2,54,60
2016-07-01,LV-1,short,stop,-87.2,0,1
2016-07-01,LV-1,short,target,72.8,62,65
2016-07-01,LV-2,short,target,72.8,130,173
2016-07-06,LV-1,short,target,72.8,39,40
2016-07-06,LV-2,short,target,72.8,34,35
2016-07-08,HV-1,short,stop,-157.2,7,8
2016-07-08,HV-1,short,stop,-157.2,81,86
2016-07-08,HV-2,short,stop,-157.2,7,11
2016-07-08,HV-2,short,target,142.8,78,100
2016-07-11,HV-1,short,target,142.8,41,43
2016-07-11,HV-1,short,target,142.8,184,190
2016-07-13,HV-1,short,stop,-157.2,89,90
2016-07-14,HV-1,short,target,142.8,13,31
2016-07-15,LV-1,short,stop,-87.2,35,46
2016-07-18,LV-3,short,target,72.8,41,54
2016-07-19,LV-3,short,stop,-87.2,59,65
2016-07-20,LV-1,short,stop,-87.2,88,89
2016-07-20,LV-2,short,stop,-87.2,89,90
2016-07-20,LV-3,short,target,72.8,4,12
2016-07-21,LV-1,short,target,72.8,84,117
2016-07-21,LV-1,short,target,72.8,174,191
2016-07-21,LV-3,short,target,72.8,154,155
2016-07-22,LV-1,short,target,72.8,172,199
2016-07-22,LV-3,short,target,72.8,54,67
2016-07-25,LV-1,short,target,72.8,13,16
2016-07-26,LV-1,short,stop,-87.2,45,46
2016-07-26,LV-2,short,target,72.8,31,38
2016-07-27,LV-1,short,target,72.8,16,32
2016-07-27,LV-1,short,target,72.8,91,92
2016-07-27,LV-1,short,stop,-87.2,104,105
2016-07-27,LV-2,short,target,72.8,63,68
2016-07-27,LV-3,short,target,72.8,91,92
2016-07-29,LV-1,short,target,72.8,141,143
2016-08-01,LV-1,short,target,72.8,20,25
2016-08-01,LV-1,short,stop,-87.2,210,213
2016-08-01,LV-3,short,target,72.8,151,152
2016-08-02,LV-1,short,target,72.8,0,16
2016-08-02,LV-1,short,target,72.8,159,161
2016-08-02,LV-2,short,target,72.8,48,51
2016-08-03,LV-1,short,target,72.8,0,59
2016-08-03,LV-1,short,target,72.8,166,167
2016-08-03,LV-2,short,target,72.8,90,93
2016-08-04,LV-1,short,target,72.8,93,130
2016-08-04,LV-1,short,stop,-87.2,162,165
2016-08-04,LV-2,short,target,72.8,57,88
2016-08-05,LV-1,short,target,72.8,45,56
2016-08-05,LV-3,short,stop,-87.2,93,100
2016-08-08,LV-1,short,target,72.8,2,3
2016-08-08,LV-1,short,target,72.8,131,142
2016-08-09,LV-1,short,target,72.8,101,107
2016-08-09,LV-2,short,stop,-87.2,61,74
2016-08-10,LV-1,short,target,72.8,57,65
2016-08-10,LV-1,short,stop,-87.2,101,102
2016-08-10,LV-1,short,target,72.8,165,174
2016-08-10,LV-2,short,stop,-87.2,57,78
2016-08-10,LV-3,short,target,72.8,135,136
2016-08-11,LV-1,short,target,72.8,112,113
2016-08-11,LV-1,short,target,72.8,221,223
2016-08-11,LV-2,short,stop,-87.2,32,36
2016-08-12,LV-1,short,target,72.8,54,58
2016-08-12,LV-1,short,target,72.8,137,143
2016-08-12,LV-2,short,target,72.8,32,33
2016-08-15,LV-1,long,target,72.8,20,47
2016-08-15,LV-1,long,stop,-87.2,113,124
2016-08-16,LV-1,long,stop,-87.2,63,74
2016-08-16,LV-2,long,stop,-87.2,41,92
2016-08-17,LV-1,long,target,72.8,0,2
2016-08-18,LV-1,long,target,72.8,115,117
2016-08-19,LV-2,long,target,72.8,52,58
2016-08-22,LV-1,long,target,72.8,0,1
2016-08-22,LV-2,long,target,72.8,79,80
2016-08-31,LV-2,short,target,72.8,63,87
2016-09-01,LV-1,short,target,72.8,31,32
2016-09-01,LV-1,short,target,72.8,195,212
2016-09-02,LV-1,short,stop,-87.2,24,27
2016-09-02,LV-1,short,target,72.8,161,162
2016-09-02,LV-2,short,target,72.8,34,38
2016-09-06,LV-1,short,stop,-87.2,18,26
2016-09-06,LV-1,short,target,72.8,100,160
2016-09-06,LV-2,short,stop,-87.2,66,77
2016-09-14,LV-1,short,target,72.8,1,4
2016-09-14,LV-1,short,stop,-87.2,95,96
2016-09-14,LV-1,short,target,72.8,111,120
2016-09-15,LV-1,short,stop,-87.2,45,51
2016-09-15,LV-3,short,target,72.8,45,51
2016-09-16,LV-1,short,target,72.8,5,6
2016-09-16,LV-1,short,target,72.8,119,129
2016-09-16,LV-2,short,stop,-87.2,91,92
2016-09-20,LV-1,short,stop,-87.2,57,66
2016-09-20,LV-2,short,stop,-87.2,59,65
2016-09-22,LV-2,long,target,72.8,87,113
2016-09-23,LV-1,long,stop,-87.2,180,182
2016-09-23,LV-1,long,target,72.8,230,235
2016-09-23,LV-2,long,target,72.8,196,201
2016-09-29,LV-1,long,target,72.8,8,77
2016-09-29,LV-1,long,target,72.8,185,187
2016-09-30,LV-1,long,stop,-87.2,1,2
2016-09-30,LV-2,long,target,72.8,46,47
2016-10-03,LV-1,long,stop,-87.2,186,198
2016-10-03,LV-2,long,target,72.8,103,131
2016-10-04,LV-1,long,target,72.8,23,32
2016-10-04,LV-3,long,target,72.8,9,10
2016-10-05,LV-1,long,target,72.8,63,75
2016-10-05,LV-2,long,stop,-87.2,89,90
2016-10-06,LV-2,long,target,72.8,74,75
2016-10-07,LV-2,long,stop,-87.2,34,35
2016-10-10,LV-1,long,target,72.8,9,11
2016-10-10,LV-1,long,target,72.8,36,37
2016-10-10,LV-1,long,stop,-87.2,77,83
2016-10-10,LV-3,long,target,72.8,36,39
2016-10-11,LV-1,long,target,72.8,48,50
2016-10-11,LV-1,long,target,72.8,173,195
2016-10-12,LV-1,long,target,72.8,47,120
2016-10-12,LV-2,long,stop,-87.2,55,95
2016-10-13,LV-1,long,stop,-87.2,71,120
2016-10-13,LV-1,long,target,72.8,128,129
2016-10-13,LV-1,long,target,72.8,166,167
2016-10-13,LV-2,long,target,72.8,32,34
2016-10-14,LV-2,long,target,72.8,31,32
2016-10-18,LV-1,long,stop,-87.2,53,54
2016-10-19,LV-3,long,target,72.8,90,94
2016-10-20,LV-1,long,target,72.8,35,37
2016-10-20,LV-2,long,stop,-87.2,153,158
2016-10-21,LV-1,long,target,72.8,25,30
2016-10-24,LV-1,long,time_exit,42.799999999997155,284,286
2016-10-24,LV-3,long,stop,-87.2,2,11
2016-10-25,LV-1,long,stop,-87.2,108,112
2016-10-25,LV-2,long,target,72.8,148,175
2016-10-26,LV-1,long,target,72.8,10,29
2016-10-26,LV-1,long,target,72.8,95,96
2016-10-26,LV-1,long,target,72.8,90,157
2016-10-26,LV-3,long,target,72.8,90,165
2016-10-27,LV-1,long,stop,-87.2,11,37
2016-10-27,LV-1,long,stop,-87.2,211,212
2016-10-27,LV-3,long,stop,-87.2,12,31
2016-10-28,LV-1,long,stop,-87.2,291,292
2016-10-28,LV-3,long,stop,-87.2,127,129
2016-10-31,LV-2,long,stop,-87.2,33,46
2016-11-01,LV-1,short,target,72.8,50,68
2016-11-01,LV-1,short,target,72.8,209,210
2016-11-01,LV-3,short,target,72.8,51,52
2016-11-01,LV-3,short,target,72.8,207,265
2016-11-02,LV-1,short,target,72.8,0,3
2016-11-03,LV-1,short,target,72.8,16,45
2016-11-03,LV-1,short,target,72.8,136,146
2016-11-03,LV-1,short,target,72.8,227,228
2016-11-04,LV-1,short,target,72.8,44,47
2016-11-04,LV-1,short,stop,-87.2,103,104
2016-11-04,LV-2,short,target,72.8,94,95
2016-11-07,LV-1,short,stop,-87.2,32,34
2016-11-08,LV-1,short,stop,-87.2,52,53
2016-11-08,LV-1,short,stop,-87.2,116,117
2016-11-08,LV-2,short,target,72.8,95,104
2016-11-09,LV-1,short,stop,-87.2,33,90
2016-11-09,LV-1,short,target,72.8,265,273
2016-11-09,LV-2,short,stop,-87.2,36,90
2016-11-10,LV-2,short,stop,-87.2,74,75
2016-11-14,LV-1,short,time_exit,-7.2,148,219
2016-11-14,LV-1,short,stop,-87.2,287,289
2016-11-14,LV-2,short,stop,-87.2,271,285
2016-11-14,LV-3,short,target,72.8,151,199
2016-11-15,LV-1,short,stop,-87.2,3,7
2016-11-16,LV-1,short,target,72.8,72,94
2016-11-16,LV-1,short,stop,-87.2,114,118
2016-11-17,LV-1,short,stop,-87.2,39,41
2016-11-17,LV-1,short,target,72.8,90,126
2016-11-18,LV-1,short,target,72.8,69,70
2016-11-18,LV-2,short,stop,-87.2,44,46
2016-11-21,LV-1,short,target,72.8,113,115
2016-11-21,LV-2,short,stop,-87.2,180,195
2016-11-22,LV-1,short,stop,-87.2,86,88
2016-11-22,LV-1,short,target,72.8,175,178
2016-11-22,LV-2,short,target,72.8,40,42
2016-11-22,LV-3,short,target,72.8,135,136
2016-11-23,LV-1,short,target,72.8,84,86
2016-11-23,LV-2,short,stop,-87.2,33,35
2016-11-25,LV-1,short,target,72.8,273,276
2016-11-25,LV-3,short,stop,-87.2,171,172
2016-11-28,LV-1,short,target,72.8,30,39
2016-11-28,LV-3,short,stop,-87.2,118,120
2016-11-29,LV-1,short,target,72.8,39,79
2016-11-29,LV-1,short,stop,-87.2,139,143
2016-11-29,LV-2,short,target,72.8,40,79
2016-11-30,LV-1,short,stop,-87.2,22,23
2016-11-30,LV-1,short,stop,-87.2,28,29
2016-11-30,LV-1,short,stop,-87.2,278,282
2016-11-30,LV-2,short,target,72.8,146,172
2016-11-30,LV-3,short,target,72.8,22,23
2016-11-30,LV-3,short,target,72.8,28,30
2016-12-01,LV-1,long,target,72.8,128,129
2016-12-01,LV-2,long,target,72.8,46,54
2016-12-01,LV-3,long,stop,-87.2,128,140
2016-12-02,LV-1,long,target,72.8,1,3
2016-12-02,LV-1,long,target,72.8,272,274
2016-12-05,LV-1,long,stop,-87.2,38,40
2016-12-05,LV-2,long,stop,-87.2,48,79
2016-12-06,LV-1,long,target,72.8,43,63
2016-12-06,LV-2,long,target,72.8,41,85
2016-12-07,LV-2,long,stop,-87.2,31,95
2016-12-08,LV-1,long,stop,-87.2,46,51
2016-12-09,LV-1,long,target,72.8,18,24
2016-12-12,LV-1,long,target,72.8,9,64
2016-12-12,LV-1,long,stop,-87.2,153,157
2016-12-12,LV-2,long,stop,-87.2,78,102
2016-12-13,LV-1,long,target,72.8,198,200
2016-12-13,LV-2,long,target,72.8,79,93
2016-12-14,LV-1,long,target,72.8,94,95
2016-12-14,LV-2,long,target,72.8,40,44
2016-12-15,LV-1,long,target,72.8,91,92
2016-12-15,LV-1,long,target,72.8,215,294
2016-12-16,LV-1,long,target,72.8,22,24
2016-12-16,LV-1,long,stop,-87.2,179,182
2016-12-19,LV-1,long,target,72.8,195,203
2016-12-19,LV-2,long,target,72.8,46,47
2016-12-20,LV-1,long,target,72.8,1,37
2016-12-20,LV-2,long,stop,-87.2,85,165
2016-12-21,LV-2,long,target,72.8,47,54
2016-12-22,LV-1,long,stop,-87.2,136,139
2016-12-23,LV-1,long,time_exit,32.799999999999145,268,298
2016-12-27,LV-1,long,target,72.8,15,17
2016-12-28,LV-1,long,target,72.8,4,62
2016-12-29,LV-1,long,target,72.8,121,124
2016-12-29,LV-2,long,target,72.8,135,149
2017-01-03,LV-1,long,target,72.8,64,66
2017-01-03,LV-1,long,stop,-87.2,107,112
2017-01-03,LV-1,long,stop,-87.2,172,173
2017-01-03,LV-1,long,stop,-87.2,189,190
2017-01-04,LV-1,short,stop,-87.2,1,12
2017-01-04,LV-1,short,stop,-87.2,200,201
2017-01-04,LV-2,short,stop,-87.2,127,128
2017-01-06,LV-1,long,target,72.8,9,10
2017-01-06,LV-2,long,target,72.8,92,93
2017-01-10,LV-1,short,target,72.8,107,109
2017-01-10,LV-3,short,target,72.8,70,76
2017-01-11,LV-1,short,target,72.8,11,70
2017-01-11,LV-1,short,target,72.8,90,91
2017-01-11,LV-1,short,target,72.8,131,133
2017-01-11,LV-1,short,target,72.8,214,216
2017-01-11,LV-2,short,stop,-87.2,72,100
2017-01-17,LV-1,long,target,72.8,71,72
2017-01-17,LV-1,long,target,72.8,119,138
2017-01-17,LV-2,long,target,72.8,71,75
2017-01-26,LV-1,long,stop,-87.2,99,102
2017-01-26,LV-3,long,stop,-87.2,34,37
2017-02-02,LV-1,long,target,72.8,30,34
2017-02-03,LV-1,long,stop,-87.2,80,113
2017-02-06,LV-2,long,stop,-87.2,62,90
2017-02-07,LV-1,short,target,72.8,153,157
2017-02-07,LV-3,short,stop,-87.2,7,22
2017-02-08,LV-1,short,stop,-87.2,132,133
2017-02-08,LV-2,short,target,72.8,150,172
2017-02-09,LV-1,short,target,72.8,55,56
2017-02-10,LV-1,long,target,72.8,149,153
2017-02-10,LV-2,long,target,72.8,97,135
2017-02-14,LV-1,long,target,72.8,0,42
2017-02-14,LV-2,long,stop,-87.2,75,78
2017-02-16,LV-3,long,target,72.8,8,18
2017-02-17,LV-1,long,target,72.8,34,36
2017-02-22,LV-1,long,target,72.8,80,135
2017-02-22,LV-2,long,target,72.8,190,214
2017-02-23,LV-1,long,stop,-87.2,129,131
2017-02-23,LV-2,long,target,72.8,120,123
2017-02-24,LV-1,long,target,72.8,31,32
2017-03-02,LV-1,short,stop,-87.2,0,43
2017-03-02,LV-2,short,stop,-87.2,68,78
2017-03-03,LV-1,short,stop,-87.2,39,56
2017-03-06,LV-1,short,target,72.8,76,85
2017-03-08,LV-1,short,target,72.8,1,50
2017-03-08,LV-1,short,stop,-87.2,186,187
2017-03-08,LV-3,short,target,72.8,125,132
2017-03-08,LV-3,short,target,72.8,186,188
2017-03-09,LV-1,short,target,72.8,197,199
2017-03-09,LV-3,short,target,72.8,227,234
2017-03-10,LV-1,short,stop,-87.2,23,24
2017-03-10,LV-1,short,target,72.8,93,108
2017-03-10,LV-1,short,target,72.8,231,234
2017-03-10,LV-3,short,stop,-87.2,231,291
2017-03-13,LV-1,short,stop,-87.2,35,37
2017-03-13,LV-2,short,target,72.8,53,55
2017-03-14,LV-1,short,target,72.8,45,46
2017-03-15,LV-1,short,target,72.8,5,6
2017-03-15,LV-2,short,target,72.8,90,98
2017-03-16,LV-1,short,target,72.8,0,15
2017-03-20,LV-1,short,stop,-87.2,77,110
2017-03-20,LV-2,short,stop,-87.2,32,65
2017-03-21,LV-1,short,stop,-87.2,0,1
2017-03-21,LV-1,short,target,72.8,128,131
2017-03-21,LV-2,short,stop,-87.2,45,76
2017-03-21,LV-3,short,target,72.8,128,129
2017-03-22,LV-1,short,target,72.8,103,104
2017-03-22,LV-2,short,target,72.8,143,148
2017-03-22,LV-3,short,stop,-87.2,91,97
2017-03-24,LV-2,short,time_exit,-27.200000000003126,327,329
2017-03-28,LV-2,short,target,72.8,138,165
2017-03-29,LV-1,short,stop,-87.2,103,104
2017-03-30,LV-2,short,stop,-87.2,36,84
2017-03-31,LV-1,short,target,72.8,193,212
2017-03-31,LV-2,short,stop,-87.2,63,65
2017-04-03,LV-1,long,stop,-87.2,90,109
2017-04-03,LV-2,long,stop,-87.2,33,41
2017-04-04,LV-1,long,time_exit,-7.2,189,267
2017-04-05,LV-1,long,stop,-87.2,130,136
2017-04-05,LV-2,long,stop,-87.2,132,135
2017-04-06,LV-1,long,target,72.8,6,12
2017-04-07,LV-1,long,stop,-87.2,68,127
2017-04-10,LV-2,long,stop,-87.2,60,75
2017-04-11,LV-2,long,stop,-87.2,59,73
2017-04-12,LV-1,long,target,72.8,90,91
2017-04-12,LV-2,long,target,72.8,90,91
2017-04-13,LV-2,long,stop,-87.2,55,117
2017-04-17,LV-1,long,target,72.8,117,122
2017-04-17,LV-2,long,stop,-87.2,52,68
2017-04-18,LV-1,long,target,72.8,54,96
2017-04-19,LV-1,long,stop,-87.2,173,175
2017-04-19,LV-2,long,stop,-87.2,93,96
2017-04-20,LV-1,long,target,72.8,69,78
2017-04-20,LV-2,long,target,72.8,37,41
2017-04-21,LV-1,long,stop,-87.2,46,47
2017-04-21,LV-1,long,target,72.8,136,150
2017-04-25,LV-1,short,target,72.8,49,52
2017-04-25,LV-2,short,target,72.8,271,279
2017-04-26,LV-1,short,stop,-87.2,2,3
2017-04-26,LV-1,short,target,72.8,119,120
2017-04-26,LV-2,short,target,72.8,50,52
2017-04-26,LV-3,short,stop,-87.2,2,3
2017-04-27,LV-1,short,target,72.8,105,131
2017-04-27,LV-1,short,stop,-87.2,287,289
2017-04-27,LV-2,short,target,72.8,248,251
2017-04-28,LV-1,short,target,72.8,164,172
2017-04-28,LV-2,short,target,72.8,72,75
2017-05-02,LV-3,short,target,72.8,292,293
2017-05-03,LV-1,short,stop,-87.2,90,91
2017-05-03,LV-2,short,target,72.8,90,120
2017-05-04,LV-1,short,stop,-87.2,49,50
2017-05-04,LV-1,short,target,72.8,165,166
2017-05-04,LV-1,short,stop,-87.2,271,272
2017-05-05,LV-1,short,target,72.8,5,15
2017-05-05,LV-1,short,target,72.8,101,105
2017-05-05,LV-1,short,stop,-87.2,225,226
2017-05-08,LV-1,short,stop,-87.2,0,4
2017-05-08,LV-1,short,target,72.8,24,54
2017-05-08,LV-2,short,stop,-87.2,87,94
2017-05-09,LV-1,short,target,72.8,132,133
2017-05-09,LV-3,short,stop,-87.2,262,263
2017-05-10,LV-1,short,target,72.8,91,94
2017-05-10,LV-2,short,target,72.8,65,85
2017-05-11,LV-1,short,target,72.8,0,1
2017-05-11,LV-2,short,stop,-87.2,144,151
2017-05-12,LV-1,short,target,72.8,85,86
2017-05-12,LV-3,short,target,72.8,84,130
2017-05-16,LV-3,short,stop,-87.2,123,125
2017-05-17,LV-1,short,stop,-87.2,7,19
2017-05-17,LV-2,short,stop,-87.2,120,121
2017-05-17,LV-3,short,target,72.8,81,82
2017-05-18,LV-1,short,stop,-87.2,30,35
2017-05-18,LV-2,short,stop,-87.2,30,35
2017-05-19,LV-1,long,target,72.8,56,57
2017-05-22,LV-1,long,target,72.8,0,2
2017-05-23,LV-2,long,target,72.8,77,104
2017-05-24,LV-1,long,target,72.8,83,89
2017-05-24,LV-2,long,target,72.8,142,161
2017-05-25,LV-1,long,target,72.8,40,41
2017-05-25,LV-1,long,stop,-87.2,176,189
2017-05-25,LV-1,long,stop,-87.2,193,194
2017-05-26,LV-1,short,target,72.8,15,19
2017-05-26,LV-2,short,stop,-87.2,67,71
2017-05-29,LV-2,short,stop,-87.2,49,67
2017-05-31,LV-1,short,target,72.8,71,76
2017-05-31,LV-3,short,target,72.8,3,4
2017-05-31,LV-3,short,target,72.8,71,75
2017-06-01,LV-1,short,target,72.8,122,123
2017-06-01,LV-1,short,target,72.8,133,135
2017-06-01,LV-2,short,stop,-87.2,90,113
2017-06-02,LV-1,short,stop,-87.2,39,45
2017-06-05,LV-1,short,stop,-87.2,37,38
2017-06-05,LV-2,short,target,72.8,80,86
2017-06-06,LV-1,short,target,72.8,228,246
2017-06-06,LV-2,short,target,72.8,234,246
2017-06-07,LV-1,short,stop,-87.2,91,92
2017-06-07,LV-2,short,target,72.8,80,89
2017-06-07,LV-3,short,target,72.8,95,97
2017-06-08,LV-1,short,stop,-87.2,36,39
2017-06-08,LV-1,short,stop,-87.2,75,79
2017-06-09,LV-2,short,target,72.8,40,49
2017-06-12,LV-1,short,target,72.8,106,130
2017-06-14,LV-1,short,target,72.8,106,110
2017-06-14,LV-3,short,target,72.8,102,103
2017-06-15,LV-1,short,stop,-87.2,6,7
2017-06-15,LV-2,short,target,72.8,33,56
2017-06-19,LV-2,short,target,72.8,113,136
2017-06-20,LV-3,short,target,72.8,36,40
2017-06-21,LV-1,short,target,72.8,121,140
2017-06-21,LV-1,short,target,72.8,229,230
2017-06-21,LV-2,short,target,72.8,67,72
2017-06-21,LV-3,short,target,72.8,122,123
2017-06-22,LV-2,short,stop,-87.2,82,84
2017-06-23,LV-1,short,target,72.8,76,90
2017-06-23,LV-2,short,target,72.8,83,85
2017-06-26,LV-3,short,target,72.8,69,72
2017-06-28,LV-1,short,stop,-87.2,89,90
2017-06-28,LV-1,short,stop,-87.2,93,96
2017-06-28,LV-2,short,target,72.8,35,66
2017-06-29,LV-1,short,stop,-87.2,26,27
2017-06-29,LV-2,short,stop,-87.2,108,115
2017-07-05,LV-1,long,stop,-87.2,78,79
2017-07-05,LV-2,long,target,72.8,108,119
2017-07-06,LV-1,long,target,72.8,272,274
2017-07-06,LV-3,long,target,72.8,121,122
2017-07-10,LV-1,short,stop,-87.2,32,33
2017-07-11,LV-1,short,target,72.8,45,57
2017-07-11,LV-2,short,stop,-87.2,33,44
2017-07-17,LV-1,long,stop,-87.2,36,59
2017-07-18,LV-1,long,stop,-87.2,9,11
2017-07-18,LV-1,long,stop,-87.2,92,136
2017-07-19,LV-1,long,stop,-87.2,90,99
2017-07-20,LV-1,long,target,72.8,136,151
2017-07-20,LV-2,long,target,72.8,52,62
2017-07-21,LV-1,long,target,72.8,0,2
2017-07-21,LV-1,long,stop,-87.2,180,191
2017-07-21,LV-2,long,stop,-87.2,84,86
2017-07-26,LV-1,long,target,72.8,96,110
2017-07-26,LV-2,long,target,72.8,62,69
2017-07-27,LV-1,long,target,72.8,184,225
2017-07-31,LV-1,long,stop,-87.2,29,35
2017-07-31,LV-2,long,stop,-87.2,70,81
2017-08-01,LV-1,long,target,72.8,90,101
2017-08-02,LV-1,long,target,72.8,85,88
2017-08-02,LV-1,long,stop,-87.2,262,263
2017-08-02,LV-2,long,stop,-87.2,72,79
2017-08-03,LV-2,long,stop,-87.2,106,123
2017-08-04,LV-1,long,target,72.8,2,19
2017-08-04,LV-1,long,stop,-87.2,180,185
2017-08-04,LV-2,long,stop,-87.2,53,68
2017-08-08,LV-1,long,target,72.8,31,46
2017-08-08,LV-1,long,target,72.8,142,143
2017-08-09,LV-1,long,stop,-87.2,91,92
2017-08-09,LV-2,long,stop,-87.2,34,41
2017-08-10,LV-1,long,stop,-87.2,67,71
2017-08-11,LV-2,long,target,72.8,91,136
2017-08-14,LV-1,long,target,72.8,43,44
2017-08-15,LV-2,short,stop,-87.2,150,187
2017-08-16,LV-2,long,target,72.8,99,109
2017-08-17,LV-1,short,target,72.8,144,153
2017-08-17,LV-2,short,target,72.8,104,111
2017-08-18,LV-1,short,stop,-87.2,100,101
2017-08-18,LV-1,short,stop,-87.2,193,200
2017-08-21,LV-1,long,target,72.8,2,8
2017-08-21,LV-1,long,target,72.8,131,141
2017-08-21,LV-2,long,target,72.8,49,53
2017-08-22,LV-1,long,target,72.8,52,63
2017-08-22,LV-3,long,stop,-87.2,52,63
2017-08-23,LV-1,long,target,72.8,106,108
2017-08-24,LV-2,long,stop,-87.2,54,61
2017-08-25,LV-1,long,target,72.8,37,48
2017-08-28,LV-2,long,stop,-87.2,109,128
2017-08-29,LV-1,short,target,72.8,121,171
2017-08-29,LV-3,short,target,72.8,69,77
2017-08-30,LV-1,short,stop,-87.2,97,104
2017-08-30,LV-1,short,target,72.8,205,206
2017-08-30,LV-2,short,stop,-87.2,50,69
2017-08-31,LV-1,short,target,72.8,62,63
2017-08-31,LV-2,short,stop,-87.2,50,58
2017-09-01,LV-1,short,target,72.8,35,94
2017-09-01,LV-2,short,target,72.8,126,141
2017-09-06,LV-1,long,stop,-87.2,66,101
2017-09-06,LV-2,long,target,72.8,47,50
2017-09-07,LV-1,long,target,72.8,123,124
2017-09-07,LV-2,long,target,72.8,35,59
2017-09-08,LV-2,long,target,72.8,33,36
2017-09-11,LV-2,short,target,72.8,125,145
2017-09-14,LV-1,long,stop,-87.2,23,27
2017-09-18,LV-2,long,stop,-87.2,126,137
2017-09-19,LV-1,long,stop,-87.2,257,262
2017-09-19,LV-2,long,stop,-87.2,67,88
2017-09-20,LV-1,long,stop,-87.2,58,90
2017-09-20,LV-1,long,stop,-87.2,210,212
2017-09-21,LV-1,long,stop,-87.2,60,75
2017-09-22,LV-1,long,target,72.8,2,3
2017-09-26,LV-2,long,target,72.8,75,77
2017-09-27,LV-1,long,target,72.8,1,48
2017-09-27,LV-2,long,target,72.8,93,104
2017-09-28,LV-1,long,target,72.8,0,55
2017-09-28,LV-1,long,target,72.8,178,180
2017-09-28,LV-2,long,stop,-87.2,60,61
2017-09-29,LV-1,long,stop,-87.2,25,26
2017-09-29,LV-2,long,stop,-87.2,36,70
2017-10-02,LV-1,short,target,72.8,9,76
2017-10-03,LV-1,short,stop,-87.2,40,50
2017-10-04,LV-1,short,target,72.8,111,117
2017-10-04,LV-1,short,stop,-87.2,223,259
2017-10-04,LV-2,short,target,72.8,111,114
2017-10-04,LV-3,short,stop,-87.2,224,228
2017-10-05,LV-1,short,stop,-87.2,55,67
2017-10-05,LV-1,short,stop,-87.2,143,145
2017-10-06,LV-1,short,target,72.8,34,55
2017-10-09,LV-1,short,stop,-87.2,16,22
2017-10-11,LV-1,long,stop,-87.2,181,183
2017-10-11,LV-2,long,target,72.8,38,42
2017-10-13,LV-1,long,target,72.8,253,257
2017-10-13,LV-2,long,target,72.8,32,45
2017-10-16,LV-1,long,target,72.8,36,42
2017-10-16,LV-2,long,stop,-87.2,46,49
2017-10-17,LV-1,long,stop,-87.2,89,97
2017-10-17,LV-1,long,target,72.8,236,237
2017-10-18,LV-1,long,stop,-87.2,72,73
2017-10-18,LV-1,long,target,72.8,135,136
2017-10-18,LV-2,long,stop,-87.2,32,90
2017-10-20,LV-3,long,target,72.8,76,92
2017-10-23,LV-1,long,target,72.8,1,4
2017-10-23,LV-2,long,target,72.8,219,245
2017-10-23,LV-3,long,stop,-87.2,19,26
2017-10-24,LV-1,long,stop,-87.2,108,111
2017-10-24,LV-2,long,stop,-87.2,68,94
2017-10-25,LV-1,long,time_exit,52.80000000000227,209,241
2017-10-25,LV-2,long,stop,-87.2,148,175
2017-10-26,LV-2,long,target,72.8,43,57
2017-10-27,LV-3,long,target,72.8,83,84
2017-10-27,LV-3,long,target,72.8,135,138
2017-10-30,LV-1,long,target,72.8,205,209
2017-10-30,LV-2,long,stop,-87.2,180,191
2017-10-30,LV-3,long,target,72.8,22,69
2017-10-31,LV-1,long,target,72.8,62,96
2017-10-31,LV-1,long,target,72.8,294,296
2017-10-31,LV-2,long,target,72.8,62,96
2017-10-31,LV-3,long,target,72.8,266,267
2017-11-01,LV-1,long,stop,-87.2,233,235
2017-11-01,LV-2,long,stop,-87.2,92,93
2017-11-02,LV-1,long,stop,-87.2,272,273
2017-11-03,LV-1,long,stop,-87.2,142,144
2017-11-03,LV-1,long,target,72.8,214,217
2017-11-03,LV-1,long,target,72.8,305,311
2017-11-03,LV-2,long,stop,-87.2,119,138
2017-11-03,LV-3,long,stop,-87.2,214,215
2017-11-06,LV-1,long,target,72.8,170,216
2017-11-06,LV-3,long,stop,-87.2,171,175
2017-11-07,LV-1,long,target,72.8,42,54
2017-11-07,LV-2,long,stop,-87.2,84,87
2017-11-08,LV-1,long,target,72.8,97,101
2017-11-08,LV-1,long,stop,-87.2,138,143
2017-11-08,LV-1,long,target,72.8,201,218
2017-11-08,LV-2,long,target,72.8,138,148
2017-11-08,LV-3,long,target,72.8,206,208
2017-11-08,LV-3,long,stop,-87.2,200,220
2017-11-08,LV-3,long,target,72.8,186,235
2017-11-09,LV-1,long,stop,-87.2,60,130
2017-11-09,LV-3,long,target,72.8,64,65
2017-11-10,LV-2,long,stop,-87.2,48,53
2017-11-13,LV-1,long,stop,-87.2,63,76
2017-11-13,LV-3,long,stop,-87.2,63,76
2017-11-14,LV-1,long,target,72.8,2,6
2017-11-14,LV-1,long,stop,-87.2,91,113
2017-11-14,LV-2,long,stop,-87.2,71,84
2017-11-15,LV-1,long,target,72.8,95,99
2017-11-15,LV-2,long,stop,-87.2,90,91
2017-11-16,LV-1,long,target,72.8,80,82
2017-11-16,LV-3,long,stop,-87.2,124,129
2017-11-17,LV-1,long,target,72.8,127,130
2017-11-20,LV-1,long,target,72.8,135,139
2017-11-20,LV-2,long,stop,-87.2,69,76
2017-11-21,LV-1,long,target,72.8,26,27
2017-11-21,LV-1,long,target,72.8,61,91
2017-11-21,LV-3,long,stop,-87.2,61,120
2017-11-22,LV-1,long,target,72.8,106,107
2017-11-22,LV-1,long,stop,-87.2,188,189
2017-11-22,LV-2,long,stop,-87.2,135,145
2017-11-23,LV-1,long,time_exit,52.80000000000227,233,236
2017-11-24,LV-2,long,target,72.8,121,155
2017-11-27,LV-1,long,stop,-87.2,61,62
2017-11-29,LV-1,long,stop,-87.2,105,131
2017-11-29,LV-1,long,target,72.8,148,150
2017-11-29,LV-1,long,stop,-87.2,233,236
2017-11-29,LV-2,long,stop,-87.2,91,142
2017-11-29,LV-3,long,target,72.8,106,128
2017-11-30,LV-1,long,stop,-87.2,72,80
2017-11-30,LV-1,long,target,72.8,91,92
2017-11-30,LV-2,long,target,72.8,63,72
2017-12-06,LV-2,short,target,72.8,32,90
2017-12-06,LV-3,short,stop,-87.2,49,56
2017-12-07,LV-2,short,stop,-87.2,48,52
2017-12-12,LV-1,long,stop,-87.2,148,149
2017-12-12,LV-2,long,target,72.8,78,100
2017-12-22,LV-2,long,target,72.8,34,35
2017-12-27,LV-2,long,target,72.8,153,161
2017-12-28,LV-1,long,target,72.8,125,137
2017-12-28,LV-2,long,target,72.8,41,47
2017-12-29,LV-2,long,target,72.8,88,126
2018-01-02,LV-2,long,stop,-87.2,54,57
2018-01-03,LV-1,long,target,72.8,44,48
2018-01-04,LV-1,long,stop,-87.2,150,163
2018-01-04,LV-2,long,target,72.8,98,120
2018-01-04,LV-3,long,target,72.8,141,163
2018-01-05,LV-1,long,target,72.8,0,1
2018-01-05,LV-2,long,target,72.8,31,35
2018-01-08,LV-2,long,stop,-87.2,66,79
2018-01-09,LV-1,long,stop,-87.2,0,51
2018-01-09,LV-2,long,target,72.8,74,86
2018-01-10,LV-2,long,target,72.8,45,46
2018-01-11,LV-1,long,stop,-87.2,61,66
2018-01-11,LV-3,long,target,72.8,52,76
2018-01-12,LV-1,long,target,72.8,30,33
2018-01-12,LV-1,long,stop,-87.2,196,224
2018-01-12,LV-3,long,target,72.8,2,4
2018-01-15,LV-1,long,stop,-87.2,98,99
2018-01-15,LV-3,long,stop,-87.2,60,72
2018-01-16,LV-1,long,target,72.8,35,45
2018-01-16,LV-2,long,target,72.8,36,45
2018-01-17,LV-1,long,target,72.8,161,162
2018-01-17,LV-2,long,target,72.8,32,48
2018-01-18,LV-1,long,stop,-87.2,140,142
2018-01-18,LV-2,long,stop,-87.2,40,68
2018-01-19,LV-3,long,target,72.8,3,6
2018-01-19,LV-3,long,stop,-87.2,34,90
2018-01-22,LV-1,long,target,72.8,144,145
2018-01-22,LV-2,long,target,72.8,227,250
2018-01-22,LV-3,long,target,72.8,135,164
2018-01-22,LV-3,long,stop,-87.2,134,186
2018-01-23,LV-1,long,target,72.8,6,24
2018-01-24,LV-1,long,target,72.8,89,90
2018-01-24,LV-1,long,target,72.8,96,97
2018-01-24,LV-2,long,stop,-87.2,34,39
2018-01-24,LV-3,long,stop,-87.2,125,126
2018-01-24,LV-3,long,target,72.8,96,149
2018-01-25,LV-1,long,stop,-87.2,132,137
2018-01-25,LV-2,long,target,72.8,35,36
2018-01-26,LV-1,long,target,72.8,121,122
2018-01-29,LV-1,long,stop,-87.2,22,23
2018-01-29,LV-2,long,stop,-87.2,36,100
2018-01-30,LV-2,long,target,72.8,76,78
2018-01-31,LV-1,long,target,72.8,94,95
2018-01-31,LV-1,long,stop,-87.2,176,194
2018-01-31,LV-2,long,target,72.8,96,101
2018-02-06,LV-1,short,target,72.8,74,85
2018-02-07,LV-1,short,stop,-87.2,93,94
2018-02-07,LV-1,short,target,72.8,103,104
2018-02-07,LV-1,short,target,72.8,125,127
2018-02-07,LV-1,short,target,72.8,234,235
2018-02-07,LV-2,short,stop,-87.2,31,35
2018-02-07,LV-3,short,target,72.8,103,107
2018-02-07,LV-3,short,target,72.8,124,129
2018-02-08,LV-1,short,stop,-87.2,27,29
2018-02-08,LV-1,short,target,72.8,63,64
2018-02-08,LV-1,short,target,72.8,140,141
2018-02-08,LV-3,short,target,72.8,146,148
2018-02-09,HV-1,short,target,142.8,100,102
2018-02-09,HV-1,short,target,142.8,180,182
2018-02-09,HV-1,short,target,142.8,244,245
2018-02-09,HV-1,short,target,142.8,274,276
2018-02-09,HV-2,short,target,142.8,37,41
2018-02-09,HV-2,short,stop,-157.2,110,111
2018-02-09,HV-2,short,stop,-157.2,271,292
2018-02-12,HV-2,short,stop,-157.2,4,32
2018-02-13,HV-1,short,stop,-157.2,50,51
2018-02-13,HV-1,short,stop,-157.2,156,162
2018-02-14,HV-1,short,target,142.8,111,117
2018-02-14,HV-1,short,stop,-157.2,265,267
2018-02-16,HV-1,short,stop,-157.2,14,17
2018-02-16,HV-1,short,stop,-157.2,149,153
2018-02-20,LV-1,short,target,72.8,281,289
2018-02-20,LV-2,short,target,72.8,42,82
2018-02-21,LV-1,short,target,72.8,36,38
2018-02-22,LV-1,short,target,72.8,42,68
2018-02-23,LV-1,short,stop,-87.2,156,160
2018-02-23,LV-2,short,target,72.8,48,60
2018-02-26,LV-1,long,stop,-87.2,78,82
2018-02-26,LV-1,long,stop,-87.2,148,154
2018-02-26,LV-2,long,stop,-87.2,50,54
2018-02-26,LV-3,long,stop,-87.2,78,82
2018-02-26,LV-3,long,target,72.8,134,135
2018-02-27,LV-1,long,target,72.8,135,137
2018-02-27,LV-1,long,target,72.8,211,214
2018-02-27,LV-2,long,stop,-87.2,70,93
2018-02-28,LV-1,long,stop,-87.2,91,93
2018-02-28,LV-1,long,target,72.8,177,178
2018-02-28,LV-3,long,stop,-87.2,32,34
2018-03-02,LV-1,short,stop,-87.2,58,59
2018-03-02,LV-2,short,target,72.8,236,287
2018-03-02,LV-3,short,stop,-87.2,90,91
2018-03-09,LV-1,short,target,72.8,21,22
2018-03-09,LV-2,short,stop,-87.2,98,99
2018-03-14,LV-1,short,target,72.8,26,44
2018-03-14,LV-1,short,target,72.8,126,127
2018-03-14,LV-3,short,stop,-87.2,27,44
2018-03-19,LV-1,long,target,72.8,183,192
2018-03-19,LV-2,long,target,72.8,61,69
2018-03-20,LV-1,long,target,72.8,90,95
2018-03-21,LV-1,long,stop,-87.2,91,92
2018-03-21,LV-1,long,time_exit,-7.2,182,242
2018-03-21,LV-3,long,target,72.8,26,30
2018-03-21,LV-3,long,target,72.8,148,161
2018-03-22,LV-1,long,target,72.8,37,54
2018-03-22,LV-2,long,stop,-87.2,37,61
2018-03-23,LV-1,long,target,72.8,33,34
2018-03-23,LV-1,long,stop,-87.2,93,95
2018-03-23,LV-3,long,target,72.8,28,35
2018-03-23,LV-3,long,target,72.8,93,95
2018-03-26,LV-1,long,target,72.8,23,61
2018-03-26,LV-2,long,stop,-87.2,66,75
2018-03-27,LV-1,long,target,72.8,65,72
2018-03-28,LV-1,long,target,72.8,47,68
2018-03-28,LV-1,long,stop,-87.2,98,99
2018-03-28,LV-1,long,target,72.8,203,240
2018-03-28,LV-2,long,target,72.8,49,65
2018-03-28,LV-3,long,stop,-87.2,98,99
2018-03-29,LV-1,long,target,72.8,33,43
2018-03-29,LV-1,long,target,72.8,274,275
2018-04-02,LV-1,long,target,72.8,108,120
2018-04-02,LV-1,long,target,72.8,173,174
2018-04-03,LV-1,short,target,72.8,42,47
2018-04-03,LV-2,short,target,72.8,42,47
2018-04-04,LV-1,short,target,72.8,96,97
2018-04-04,LV-1,short,target,72.8,130,133
2018-04-04,LV-2,short,target,72.8,96,98
2018-04-05,LV-1,short,stop,-87.2,30,31
2018-04-05,LV-1,short,target,72.8,48,49
2018-04-05,LV-2,short,stop,-87.2,30,33
2018-04-06,LV-1,short,target,72.8,47,48
2018-04-06,LV-1,short,target,72.8,95,103
2018-04-06,LV-1,short,target,72.8,122,178
2018-04-06,LV-2,short,target,72.8,47,48
2018-04-06,LV-3,short,target,72.8,96,99
2018-04-09,LV-1,short,target,72.8,48,49
2018-04-10,LV-1,long,target,72.8,104,110
2018-04-11,LV-1,long,stop,-87.2,15,16
2018-04-11,LV-1,long,target,72.8,112,118
2018-04-11,LV-3,long,target,72.8,111,137
2018-04-12,LV-1,long,target,72.8,1,17
2018-04-12,LV-2,long,target,72.8,42,47
2018-04-13,LV-1,long,stop,-87.2,165,167
2018-04-13,LV-2,long,stop,-87.2,30,35
2018-04-16,LV-1,long,target,72.8,42,48
2018-04-17,LV-1,long,target,72.8,46,47
2018-04-17,LV-3,long,target,72.8,71,139
2018-04-18,LV-1,long,target,72.8,90,103
2018-04-18,LV-2,long,target,72.8,74,79
2018-04-18,LV-3,long,target,72.8,91,99
2018-04-19,LV-1,long,stop,-87.2,37,39
2018-04-19,LV-2,long,stop,-87.2,53,58
2018-04-20,LV-1,long,stop,-87.2,13,14
2018-04-20,LV-2,long,target,72.8,30,35
2018-04-23,LV-1,long,stop,-87.2,33,36
2018-04-23,LV-1,long,target,72.8,184,185
2018-04-23,LV-1,long,time_exit,42.799999999997155,292,293
2018-04-23,LV-3,long,target,72.8,190,195
2018-04-24,LV-1,long,target,72.8,78,99
2018-04-24,LV-2,long,target,72.8,130,161
2018-04-25,LV-1,long,stop,-87.2,271,284
2018-04-25,LV-2,long,target,72.8,109,139
2018-04-26,LV-1,long,stop,-87.2,28,30
2018-04-26,LV-1,long,stop,-87.2,78,81
2018-04-26,LV-2,long,stop,-87.2,128,131
2018-04-27,LV-1,long,stop,-87.2,78,110
2018-04-27,LV-3,long,target,72.8,82,83
2018-04-30,LV-1,long,target,72.8,65,79
2018-04-30,LV-1,long,target,72.8,209,213
2018-04-30,LV-1,long,target,72.8,256,266
2018-04-30,LV-3,long,stop,-87.2,69,75
2018-04-30,LV-3,long,target,72.8,255,270
2018-05-02,LV-1,short,target,72.8,114,115
2018-05-02,LV-1,short,stop,-87.2,157,158
2018-05-02,LV-2,short,target,72.8,46,64
2018-05-03,LV-1,short,target,72.8,31,46
2018-05-03,LV-1,short,stop,-87.2,218,228
2018-05-03,LV-1,short,stop,-87.2,276,277
2018-05-03,LV-2,short,stop,-87.2,149,154
2018-05-04,LV-1,long,stop,-87.2,15,18
2018-05-04,LV-1,long,stop,-87.2,124,125
2018-05-04,LV-1,long,target,72.8,166,167
2018-05-04,LV-3,long,target,72.8,166,167
2018-05-07,LV-1,long,stop,-87.2,125,126
2018-05-07,LV-2,long,target,72.8,66,101
2018-05-08,LV-1,long,stop,-87.2,46,48
2018-05-08,LV-1,long,target,72.8,167,171
2018-05-08,LV-1,long,target,72.8,158,227
2018-05-09,LV-1,long,target,72.8,90,93
2018-05-10,LV-1,long,stop,-87.2,42,44
2018-05-10,LV-2,long,stop,-87.2,93,107
2018-05-11,LV-1,long,target,72.8,71,90
2018-05-11,LV-2,long,target,72.8,72,90
2018-05-14,LV-1,long,target,72.8,56,60
2018-05-14,LV-3,long,target,72.8,54,55
2018-05-15,LV-1,long,target,72.8,22,24
2018-05-15,LV-1,long,target,72.8,57,59
2018-05-16,LV-1,long,stop,-87.2,90,92
2018-05-17,LV-1,long,target,72.8,64,66
2018-05-17,LV-2,long,target,72.8,47,74
2018-05-18,LV-1,long,target,72.8,31,32
2018-05-18,LV-2,long,target,72.8,72,109
2018-05-21,LV-1,long,stop,-87.2,135,138
2018-05-22,LV-1,long,target,72.8,82,83
2018-05-22,LV-2,long,target,72.8,71,77
2018-05-23,LV-1,long,target,72.8,72,76
2018-05-23,LV-1,long,target,72.8,120,130
2018-05-24,LV-1,long,stop,-87.2,61,85
2018-05-25,LV-1,short,target,72.8,78,79
2018-05-25,LV-3,short,target,72.8,3,4
2018-05-28,LV-1,short,target,72.8,14,15
2018-05-29,LV-1,short,target,72.8,73,74
2018-05-29,LV-1,short,target,72.8,157,161
2018-05-29,LV-3,short,target,72.8,4,5
2018-05-29,LV-3,short,target,72.8,157,161
2018-05-30,LV-1,short,stop,-87.2,0,2
2018-05-30,LV-1,short,target,72.8,90,92
2018-05-31,LV-1,short,stop,-87.2,7,14
2018-05-31,LV-1,short,stop,-87.2,125,131
2018-05-31,LV-1,short,target,72.8,149,161
2018-05-31,LV-2,short,target,72.8,151,152
2018-05-31,LV-3,short,stop,-87.2,7,14
2018-06-01,LV-1,short,target,72.8,15,19
2018-06-01,LV-1,short,stop,-87.2,285,292
2018-06-04,LV-1,short,target,72.8,68,69
2018-06-04,LV-1,short,stop,-87.2,90,91
2018-06-04,LV-3,short,target,72.8,84,85
2018-06-05,LV-1,short,target,72.8,39,53
2018-06-05,LV-1,short,target,72.8,145,153
2018-06-05,LV-2,short,stop,-87.2,81,89
2018-06-06,LV-1,short,target,72.8,107,108
2018-06-06,LV-2,short,stop,-87.2,45,46
2018-06-07,LV-1,short,target,72.8,134,135
2018-06-08,LV-1,short,stop,-87.2,122,144
2018-06-08,LV-2,short,stop,-87.2,32,60
2018-06-11,LV-2,short,stop,-87.2,137,140
2018-06-12,LV-1,short,stop,-87.2,10,11
2018-06-12,LV-1,short,target,72.8,124,143
2018-06-12,LV-2,short,target,72.8,59,61
2018-06-13,LV-1,short,stop,-87.2,34,38
2018-06-13,LV-1,short,stop,-87.2,101,102
2018-06-13,LV-2,short,target,72.8,248,258
2018-06-14,LV-1,short,target,72.8,35,36
2018-06-14,LV-1,short,target,72.8,101,102
2018-06-15,LV-1,short,target,72.8,40,50
2018-06-15,LV-1,short,target,72.8,128,135
2018-06-15,LV-3,short,target,72.8,80,81
2018-06-18,LV-1,short,stop,-87.2,35,37
2018-06-18,LV-2,short,target,72.8,55,100
2018-06-19,LV-1,short,target,72.8,94,125
2018-06-20,LV-1,short,stop,-87.2,99,101
2018-06-20,LV-2,short,stop,-87.2,36,39
2018-06-21,LV-1,short,stop,-87.2,3,8
2018-06-21,LV-1,short,stop,-87.2,156,164
2018-06-21,LV-1,short,stop,-87.2,273,274
2018-06-21,LV-2,short,stop,-87.2,273,276
2018-06-21,LV-3,short,stop,-87.2,4,5
2018-06-22,LV-1,short,target,72.8,31,32
2018-06-22,LV-1,short,target,72.8,111,121
2018-06-22,LV-1,short,target,72.8,185,189
2018-06-22,LV-2,short,stop,-87.2,113,117
2018-06-25,LV-1,long,target,72.8,3,4
2018-06-25,LV-1,long,target,72.8,102,107
2018-06-25,LV-2,long,target,72.8,55,56
2018-06-26,LV-1,long,target,72.8,25,40
2018-06-26,LV-1,long,target,72.8,168,172
2018-06-26,LV-1,long,target,72.8,214,215
2018-06-26,LV-3,long,target,72.8,3,5
2018-06-26,LV-3,long,target,72.8,165,166
2018-06-27,HV-1,long,stop,-157.2,91,92
2018-06-28,HV-1,long,target,142.8,2,4
2018-06-28,HV-1,long,target,142.8,86,127
2018-06-28,HV-2,long,target,142.8,39,40
2018-06-28,HV-2,long,target,142.8,63,64
2018-07-02,HV-1,long,stop,-157.2,23,27
2018-07-02,HV-1,long,target,142.8,64,65
2018-07-02,HV-2,long,target,142.8,3,36
2018-07-02,HV-2,long,target,142.8,2,40
2018-07-03,HV-1,long,stop,-157.2,66,72
2018-07-03,HV-1,long,stop,-157.2,75,76
2018-07-03,HV-1,long,target,142.8,117,119
2018-07-05,LV-1,long,target,72.8,18,19
2018-07-05,LV-1,long,target,72.8,144,145
2018-07-05,LV-2,long,stop,-87.2,32,36
2018-07-06,LV-1,long,target,72.8,31,32
2018-07-06,LV-1,long,target,72.8,68,69
2018-07-06,LV-1,long,target,72.8,101,111
2018-07-06,LV-3,long,target,72.8,31,32
2018-07-09,LV-1,long,stop,-87.2,100,113
2018-07-10,HV-1,long,stop,-157.2,36,57
2018-07-10,HV-1,long,stop,-157.2,91,93
2018-07-11,LV-1,long,stop,-87.2,90,95
2018-07-11,LV-1,long,stop,-87.2,90,110
2018-07-11,LV-1,long,target,72.8,142,150
2018-07-11,LV-1,long,stop,-87.2,238,239
2018-07-11,LV-1,long,stop,-87.2,267,268
2018-07-11,LV-2,long,stop,-87.2,89,90
2018-07-12,HV-1,long,target,142.8,39,42
2018-07-12,HV-1,long,target,142.8,53,55
2018-07-12,HV-1,long,target,142.8,147,181
2018-07-13,HV-1,long,stop,-157.2,32,51
2018-07-16,HV-1,long,stop,-157.2,57,60
2018-07-17,HV-1,long,target,142.8,74,75
2018-07-18,HV-1,short,stop,-157.2,90,91
2018-07-18,HV-1,short,stop,-157.2,95,116
2018-07-19,HV-1,short,stop,-157.2,76,77
2018-07-19,HV-1,short,target,142.8,171,172
2018-07-20,HV-1,long,stop,-157.2,51,67
2018-07-24,LV-1,long,target,72.8,60,62
2018-07-25,LV-1,long,stop,-87.2,93,107
2018-07-25,LV-1,long,target,72.8,121,135
2018-07-25,LV-1,long,target,72.8,177,184
2018-07-25,LV-2,long,target,72.8,39,75
2018-07-25,LV-3,long,target,72.8,94,99
2018-07-25,LV-3,long,target,72.8,177,185
2018-07-26,LV-1,long,target,72.8,103,104
2018-07-26,LV-3,long,stop,-87.2,5,18
2018-07-27,LV-1,long,target,72.8,7,13
2018-07-27,LV-1,long,target,72.8,245,246
2018-07-27,LV-2,long,stop,-87.2,53,87
2018-07-30,LV-1,long,stop,-87.2,140,149
2018-07-30,LV-2,long,stop,-87.2,77,82
2018-07-30,LV-3,long,stop,-87.2,2,17
2018-07-31,LV-1,long,target,72.8,24,38
2018-07-31,LV-1,long,target,72.8,85,99
2018-07-31,LV-2,long,target,72.8,53,60
2018-08-01,LV-1,short,target,72.8,122,134
2018-08-01,LV-1,short,target,72.8,145,147
2018-08-01,LV-2,short,target,72.8,45,54
2018-08-01,LV-3,short,target,72.8,6,7
2018-08-02,LV-1,short,stop,-87.2,26,50
2018-08-02,LV-1,short,target,72.8,162,163
2018-08-03,LV-1,short,target,72.8,67,68
2018-08-03,LV-3,short,target,72.8,168,169
2018-08-03,LV-3,short,stop,-87.2,160,202
2018-08-07,LV-2,long,target,72.8,53,66
2018-08-08,LV-1,short,target,72.8,46,89
2018-08-08,LV-1,short,target,72.8,162,163
2018-08-08,LV-3,short,target,72.8,114,117
2018-08-08,LV-3,short,target,72.8,162,166
2018-08-09,LV-1,short,stop,-87.2,2,4
2018-08-10,LV-1,short,target,72.8,52,53
2018-08-10,LV-2,short,stop,-87.2,30,33
2018-08-13,LV-1,short,stop,-87.2,61,63
2018-08-13,LV-1,short,stop,-87.2,184,186
2018-08-13,LV-2,short,stop,-87.2,95,121
2018-08-13,LV-3,short,target,72.8,179,182
2018-08-14,LV-1,short,target,72.8,50,53
2018-08-14,LV-1,short,stop,-87.2,138,139
2018-08-14,LV-1,short,stop,-87.2,191,199
2018-08-14,LV-3,short,stop,-87.2,138,139
2018-08-14,LV-3,short,target,72.8,192,198
2018-08-15,LV-1,short,target,72.8,98,99
2018-08-15,LV-3,short,target,72.8,51,58
2018-08-16,LV-1,short,target,72.8,73,94
2018-08-16,LV-2,short,target,72.8,58,60
2018-08-17,LV-1,short,target,72.8,63,64
2018-08-17,LV-1,short,time_exit,-57.19999999999716,233,279
2018-08-17,LV-3,short,target,72.8,106,107
2018-08-20,LV-1,short,stop,-87.2,31,32
2018-08-20,LV-1,short,stop,-87.2,64,86
2018-08-20,LV-2,short,target,72.8,144,148
2018-08-21,LV-1,short,target,72.8,135,138
2018-08-21,LV-2,short,target,72.8,38,40
2018-08-22,LV-1,short,stop,-87.2,90,91
2018-08-22,LV-1,short,target,72.8,101,113
2018-08-22,LV-2,short,target,72.8,76,83
2018-08-23,LV-1,short,target,72.8,14,16
2018-08-23,LV-2,short,target,72.8,68,72
2018-08-24,LV-1,short,stop,-87.2,37,38
2018-08-24,LV-1,short,target,72.8,283,289
2018-08-24,LV-2,short,target,72.8,37,44
2018-08-30,LV-2,long,stop,-87.2,42,46
2018-08-31,LV-1,long,target,72.8,85,87
2018-08-31,LV-2,long,target,72.8,72,139
2018-09-04,LV-1,long,target,72.8,53,60
2018-09-04,LV-1,long,stop,-87.2,131,134
2018-09-07,LV-1,short,stop,-87.2,38,40
2018-09-07,LV-1,short,target,72.8,178,182
2018-09-07,LV-3,short,target,72.8,2,6
2018-09-07,LV-3,short,target,72.8,38,40
2018-09-12,LV-1,long,stop,-87.2,91,92
2018-09-12,LV-1,long,target,72.8,132,140
2018-09-13,LV-1,long,stop,-87.2,20,28
2018-09-13,LV-1,long,stop,-87.2,90,96
2018-09-13,LV-2,long,target,72.8,55,57
2018-09-17,HV-1,long,target,142.8,60,64
2018-09-18,HV-1,long,stop,-157.2,167,172
2018-09-20,LV-1,long,target,72.8,120,122
2018-09-20,LV-2,long,target,72.8,50,53
2018-09-20,LV-3,long,target,72.8,13,19
2018-09-21,LV-1,long,stop,-87.2,78,113
2018-09-21,LV-1,long,target,72.8,129,132
2018-09-21,LV-1,long,target,72.8,210,215
2018-09-21,LV-2,long,stop,-87.2,124,125
2018-09-24,LV-1,long,stop,-87.2,0,25
2018-09-24,LV-3,long,target,72.8,157,162
2018-09-25,LV-1,long,stop,-87.2,1,4
2018-09-25,LV-1,long,target,72.8,173,218
2018-09-25,LV-2,long,stop,-87.2,113,119
2018-09-26,LV-1,long,target,72.8,104,106
2018-09-26,LV-2,long,target,72.8,44,76
2018-09-27,LV-1,long,target,72.8,80,81
2018-09-28,LV-1,long,target,72.8,83,93
2018-09-28,LV-1,long,stop,-87.2,238,261
2018-09-28,LV-3,long,stop,-87.2,239,240
2018-10-01,LV-1,long,target,72.8,45,46
2018-10-01,LV-1,long,target,72.8,165,166
2018-10-01,LV-3,long,target,72.8,149,150
2018-10-02,LV-1,long,target,72.8,89,96
2018-10-02,LV-2,long,target,72.8,35,55
2018-10-03,LV-1,long,target,72.8,92,93
2018-10-03,LV-1,long,stop,-87.2,127,142
2018-10-03,LV-1,long,target,72.8,101,152
2018-10-03,LV-1,long,target,72.8,246,262
2018-10-03,LV-2,long,stop,-87.2,96,97
2018-10-05,HV-1,long,target,142.8,54,55
2018-10-05,HV-1,long,target,142.8,60,88
2018-10-05,HV-1,long,stop,-157.2,235,237
2018-10-05,HV-2,long,target,142.8,61,62
2018-10-08,HV-1,long,stop,-157.2,57,81
2018-10-09,HV-1,long,stop,-157.2,135,141
2018-10-10,HV-1,long,target,142.8,104,105
2018-10-11,HV-1,short,target,142.8,30,31
2018-10-11,HV-1,short,target,142.8,139,144
2018-10-12,LV-1,short,target,72.8,46,47
2018-10-12,LV-1,short,target,72.8,183,184
2018-10-15,LV-1,short,target,72.8,60,62
2018-10-15,LV-1,short,stop,-87.2,32,102
2018-10-15,LV-3,short,target,72.8,36,37
2018-10-15,LV-3,short,target,72.8,60,62
2018-10-16,LV-1,short,target,72.8,13,43
2018-10-16,LV-1,short,target,72.8,194,246
2018-10-16,LV-2,short,stop,-87.2,46,47
2018-10-17,LV-1,short,stop,-87.2,36,44
2018-10-17,LV-1,short,target,72.8,100,112
2018-10-17,LV-3,short,stop,-87.2,37,42
2018-10-17,LV-3,short,target,72.8,93,94
2018-10-18,LV-1,short,stop,-87.2,59,60
2018-10-18,LV-1,short,target,72.8,117,118
2018-10-18,LV-2,short,target,72.8,277,278
2018-10-19,LV-1,short,target,72.8,18,36
2018-10-19,LV-2,short,stop,-87.2,38,39
2018-10-22,LV-1,short,target,72.8,17,30
2018-10-22,LV-3,short,target,72.8,35,63
2018-10-23,LV-1,short,target,72.8,70,77
2018-10-23,LV-1,short,target,72.8,158,161
2018-10-23,LV-1,short,target,72.8,175,176
2018-10-23,LV-1,short,stop,-87.2,197,199
2018-10-23,LV-3,short,target,72.8,158,161
2018-10-23,LV-3,short,target,72.8,172,173
2018-10-24,LV-1,short,target,72.8,56,57
2018-10-24,LV-2,short,target,72.8,40,42
2018-10-25,LV-1,short,target,72.8,26,27
2018-10-25,LV-1,short,target,72.8,150,151
2018-10-26,LV-1,short,target,72.8,32,35
2018-10-26,LV-1,short,target,72.8,52,54
2018-10-26,LV-1,short,stop,-87.2,164,165
2018-10-26,LV-2,short,target,72.8,62,64
2018-10-26,LV-3,short,target,72.8,32,35
2018-10-29,LV-1,short,stop,-87.2,135,137
2018-10-29,LV-2,short,stop,-87.2,31,92
2018-10-30,LV-1,short,target,72.8,15,16
2018-10-30,LV-1,short,target,72.8,203,205
2018-10-30,LV-2,short,target,72.8,212,282
2018-10-31,LV-1,short,stop,-87.2,69,90
2018-10-31,LV-1,short,target,72.8,103,104
2018-10-31,LV-1,short,stop,-87.2,325,326
2018-10-31,LV-2,short,stop,-87.2,109,140
2018-10-31,LV-3,short,target,72.8,335,341
2018-11-01,LV-1,short,target,72.8,61,71
2018-11-01,LV-1,short,target,72.8,150,151
2018-11-01,LV-1,short,target,72.8,163,164
2018-11-01,LV-3,short,target,72.8,131,134
2018-11-01,LV-3,short,target,72.8,150,152
2018-11-01,LV-3,short,target,72.8,161,185
2018-11-02,HV-1,short,target,142.8,0,36
2018-11-02,HV-1,short,stop,-157.2,126,131
2018-11-02,HV-2,short,target,142.8,6,7
2018-11-05,LV-1,short,target,72.8,66,69
2018-11-05,LV-2,short,stop,-87.2,45,124
2018-11-06,LV-1,short,target,72.8,57,58
2018-11-06,LV-1,short,stop,-87.2,161,162
2018-11-06,LV-2,short,target,72.8,38,49
2018-11-07,HV-1,short,stop,-157.2,92,93
2018-11-07,HV-1,short,target,142.8,114,121
2018-11-07,HV-2,short,target,142.8,107,108
2018-11-08,HV-1,short,target,142.8,5,7
2018-11-08,HV-2,short,target,142.8,22,26
2018-11-09,LV-1,short,stop,-87.2,35,49
2018-11-09,LV-1,short,stop,-87.2,5,78
2018-11-09,LV-1,short,target,72.8,100,101
2018-11-09,LV-2,short,target,72.8,79,87
2018-11-09,LV-3,short,target,72.8,39,40
2018-11-12,LV-1,short,stop,-87.2,7,72
2018-11-12,LV-1,short,stop,-87.2,261,262
2018-11-12,LV-2,short,target,72.8,81,84
2018-11-12,LV-3,short,target,72.8,30,31
2018-11-13,LV-1,short,target,72.8,56,57
2018-11-13,LV-1,short,target,72.8,81,83
2018-11-13,LV-1,short,stop,-87.2,102,105
2018-11-13,LV-1,short,target,72.8,249,250
2018-11-13,LV-1,short,target,72.8,268,271
2018-11-13,LV-3,short,stop,-87.2,64,65
2018-11-13,LV-3,short,stop,-87.2,91,92
2018-11-13,LV-3,short,target,72.8,246,247
2018-11-14,HV-1,short,stop,-157.2,62,64
2018-11-14,HV-1,short,stop,-157.2,146,147
2018-11-15,HV-1,short,stop,-157.2,58,62
2018-11-16,HV-1,short,target,142.8,103,105
2018-11-16,HV-1,short,stop,-157.2,158,164
2018-11-16,HV-1,short,target,142.8,207,215
2018-11-16,HV-2,short,stop,-157.2,206,217
2018-11-19,HV-1,short,target,142.8,54,55
2018-11-19,HV-1,short,stop,-157.2,35,79
2018-11-19,HV-1,short,stop,-157.2,123,126
2018-11-20,HV-1,short,target,142.8,54,55
2018-11-20,HV-1,short,target,142.8,60,61
2018-11-20,HV-1,short,target,142.8,67,69
2018-11-20,HV-1,short,target,142.8,74,75
2018-11-20,HV-1,short,target,142.8,252,253
2018-11-20,HV-1,short,stop,-157.2,259,260
2018-11-21,HV-1,short,target,142.8,26,30
2018-11-21,HV-1,short,target,142.8,161,162
2018-11-21,HV-2,short,stop,-157.2,2,19
2018-11-23,HV-1,short,stop,-157.2,48,54
2018-11-23,HV-1,short,target,142.8,268,270
2018-11-26,HV-1,short,stop,-157.2,95,126
2018-11-27,HV-1,short,target,142.8,34,64
2018-11-27,HV-1,short,stop,-157.2,199,248
2018-11-27,HV-2,short,target,142.8,192,193
2018-11-28,HV-1,short,target,142.8,45,48
2018-11-28,HV-1,short,target,142.8,186,189
2018-11-28,HV-1,short,stop,-157.2,243,287
2018-11-28,HV-2,short,stop,-157.2,45,47
2018-11-28,HV-2,short,stop,-157.2,92,94
2018-11-29,LV-1,short,stop,-87.2,2,5
2018-11-29,LV-1,short,target,72.8,39,42
2018-11-29,LV-1,short,stop,-87.2,245,264
2018-11-29,LV-2,short,target,72.8,31,32
2018-11-29,LV-3,short,target,72.8,2,3
2018-11-30,HV-1,short,target,142.8,43,44
2018-11-30,HV-1,short,target,142.8,178,181
2018-11-30,HV-2,short,time_exit,-47.19999999999915,18,94
2018-12-03,HV-1,long,stop,-157.2,42,46
2018-12-03,HV-1,long,stop,-157.2,122,134
2018-12-04,HV-1,long,target,142.8,32,42
2018-12-04,HV-1,long,stop,-157.2,90,93
2018-12-05,LV-1,long,target,72.8,31,44
2018-12-05,LV-1,long,target,72.8,110,129
2018-12-05,LV-3,long,target,72.8,32,38
2018-12-07,HV-1,long,target,142.8,21,22
2018-12-07,HV-1,long,stop,-157.2,46,49
2018-12-10,LV-1,short,target,72.8,15,17
2018-12-10,LV-2,short,target,72.8,44,65
2018-12-11,LV-1,short,target,72.8,156,157
2018-12-11,LV-2,short,target,72.8,42,61
2018-12-13,LV-1,short,stop,-87.2,96,116
2018-12-13,LV-1,short,stop,-87.2,165,167
2018-12-13,LV-2,short,target,72.8,149,151
2018-12-18,LV-1,short,target,72.8,34,46
2018-12-18,LV-1,short,stop,-87.2,116,117
2018-12-18,LV-1,short,target,72.8,146,147
2018-12-18,LV-3,short,stop,-87.2,35,36
2018-12-18,LV-3,short,target,72.8,144,145
2018-12-19,HV-1,short,target,142.8,60,61
2018-12-19,HV-1,short,stop,-157.2,92,112
2018-12-20,HV-1,short,target,142.8,71,75
2018-12-20,HV-1,short,stop,-157.2,99,101
2018-12-20,HV-2,short,stop,-157.2,144,159
2018-12-21,HV-1,short,stop,-157.2,132,140
2018-12-24,HV-1,short,target,142.8,249,250
2018-12-24,HV-1,short,target,142.8,265,266
2018-12-24,HV-1,short,stop,-157.2,268,269
2018-12-24,HV-2,short,target,142.8,249,250
2018-12-27,HV-1,short,target,142.8,24,30
2018-12-27,HV-1,short,stop,-157.2,122,138
2018-12-28,HV-1,short,stop,-157.2,28,29
2018-12-31,HV-1,short,target,142.8,91,105
2019-01-02,HV-1,short,stop,-157.2,46,47
2019-01-02,HV-1,short,stop,-157.2,83,85
2019-01-02,HV-1,short,stop,-157.2,135,137
2019-01-02,HV-1,short,stop,-157.2,153,165
2019-01-03,HV-1,long,stop,-157.2,43,45
2019-01-03,HV-1,long,target,142.8,111,112
2019-01-04,HV-1,long,target,142.8,39,41
2019-01-04,HV-1,long,stop,-157.2,89,100
2019-01-07,HV-1,long,target,142.8,20,36
2019-01-07,HV-1,long,target,142.8,105,106
2019-01-10,HV-1,long,stop,-157.2,136,139
2019-01-11,LV-1,long,target,72.8,16,17
2019-01-11,LV-2,long,stop,-87.2,41,42
2019-01-21,LV-2,long,target,72.8,80,82
2019-01-22,LV-1,long,stop,-87.2,187,240
2019-01-22,LV-2,long,stop,-87.2,197,210
2019-01-23,LV-1,long,target,72.8,130,134
2019-01-23,LV-1,long,target,72.8,149,150
2019-01-23,LV-1,long,target,72.8,176,178
2019-01-23,LV-2,long,target,72.8,66,82
2019-01-25,LV-1,long,target,72.8,48,49
2019-01-29,LV-1,short,stop,-87.2,29,30
2019-01-29,LV-1,short,target,72.8,45,51
2019-01-31,LV-1,long,target,72.8,1,10
2019-01-31,LV-1,long,target,72.8,55,86
2019-01-31,LV-2,long,stop,-87.2,243,251
2019-01-31,LV-3,long,stop,-87.2,35,36
2019-02-01,LV-1,long,stop,-87.2,39,41
2019-02-01,LV-1,long,stop,-87.2,215,216
2019-02-01,LV-1,long,stop,-87.2,248,250
2019-02-01,LV-3,long,target,72.8,248,277
2019-02-08,LV-1,short,stop,-87.2,78,79
2019-02-08,LV-3,short,target,72.8,39,40
2019-02-11,LV-1,short,target,72.8,138,144
2019-02-11,LV-3,short,target,72.8,20,62
2019-02-15,LV-1,long,stop,-87.2,222,225
2019-02-18,LV-1,long,target,72.8,0,16
2019-02-18,LV-2,long,target,72.8,126,143
2019-02-19,LV-1,long,stop,-87.2,51,114
2019-02-20,LV-1,long,target,72.8,5,8
2019-02-20,LV-3,long,target,72.8,3,12
2019-02-20,LV-3,long,target,72.8,56,60
2019-02-21,LV-1,long,stop,-87.2,1,3
2019-02-21,LV-2,long,target,72.8,105,107
2019-02-22,LV-1,long,stop,-87.2,27,29
2019-02-22,LV-2,long,target,72.8,38,40
2019-02-25,LV-1,long,target,72.8,1,3
2019-02-25,LV-1,long,target,72.8,128,129
2019-02-26,LV-1,long,stop,-87.2,29,69
2019-02-27,LV-1,long,target,72.8,98,99
2019-02-27,LV-3,long,target,72.8,98,99
2019-02-28,LV-1,long,target,72.8,0,1
2019-02-28,LV-2,long,target,72.8,45,60
2019-02-28,LV-3,long,stop,-87.2,93,97
2019-03-01,LV-1,long,stop,-87.2,0,10
2019-03-01,LV-1,long,target,72.8,52,53
2019-03-01,LV-1,long,target,72.8,103,105
2019-03-01,LV-2,long,stop,-87.2,138,142
2019-03-08,LV-1,short,target,72.8,3,20
2019-03-08,LV-2,short,target,72.8,111,114
2019-03-12,LV-2,long,target,72.8,52,59
2019-03-13,LV-1,long,stop,-87.2,93,95
2019-03-14,LV-1,long,stop,-87.2,1,6
2019-03-15,LV-1,long,target,72.8,218,220
2019-03-18,LV-2,long,target,72.8,41,50
2019-03-19,LV-1,long,target,72.8,25,47
2019-03-19,LV-1,long,stop,-87.2,227,228
2019-03-19,LV-2,long,stop,-87.2,62,66
2019-03-20,LV-1,long,target,72.8,34,36
2019-03-20,LV-1,long,stop,-87.2,90,95
2019-03-20,LV-1,long,stop,-87.2,207,209
2019-03-20,LV-3,long,stop,-87.2,157,158
2019-03-21,LV-1,long,target,72.8,1,22
2019-03-22,LV-1,long,stop,-87.2,51,53
2019-03-22,LV-1,long,target,72.8,127,148
2019-03-22,LV-2,long,stop,-87.2,60,61
2019-03-25,LV-1,long,stop,-87.2,172,182
2019-03-25,LV-2,long,stop,-87.2,33,60
2019-03-25,LV-3,long,target,72.8,149,150
2019-03-26,LV-1,long,stop,-87.2,79,80
2019-03-26,LV-2,long,target,72.8,230,275
2019-03-26,LV-3,long,target,72.8,12,28
2019-03-27,LV-1,long,stop,-87.2,90,91
2019-03-27,LV-1,long,stop,-87.2,152,153
2019-03-27,LV-1,long,target,72.8,166,171
2019-03-27,LV-2,long,target,72.8,68,90
2019-03-28,LV-1,long,target,72.8,26,27
2019-03-28,LV-1,long,target,72.8,84,89
2019-03-29,LV-1,long,target,72.8,148,181
2019-03-29,LV-2,long,target,72.8,155,157
2019-04-01,LV-1,long,stop,-87.2,61,66
2019-04-01,LV-1,long,target,72.8,255,259
2019-04-02,LV-1,long,target,72.8,123,124
2019-04-03,LV-1,long,stop,-87.2,2,10
2019-04-03,LV-2,long,target,72.8,95,96
2019-04-04,LV-1,long,target,72.8,97,99
2019-04-04,LV-1,long,target,72.8,145,150
2019-04-04,LV-2,long,target,72.8,46,56
2019-04-05,LV-1,long,target,72.8,31,33
2019-04-08,LV-1,long,target,72.8,74,116
2019-04-09,LV-1,long,target,72.8,36,49
2019-04-09,LV-2,long,target,72.8,37,49
2019-04-10,LV-2,long,target,72.8,71,73
2019-04-11,LV-1,long,target,72.8,25,31
2019-04-11,LV-2,long,target,72.8,90,150
2019-04-12,LV-1,long,target,72.8,65,72
2019-04-12,LV-2,long,stop,-87.2,36,48
2019-04-15,LV-1,long,stop,-87.2,34,36
2019-04-15,LV-2,long,stop,-87.2,114,117
2019-04-16,LV-1,long,stop,-87.2,21,22
2019-04-16,LV-2,long,target,72.8,37,45
2019-04-17,LV-1,long,stop,-87.2,3,4
2019-04-18,LV-2,long,target,72.8,35,36
2019-04-22,LV-1,long,target,72.8,60,102
2019-04-24,LV-2,long,target,72.8,92,99
2019-04-25,LV-2,long,target,72.8,85,105
2019-04-26,LV-1,long,stop,-87.2,40,48
2019-04-26,LV-1,long,stop,-87.2,93,94
2019-04-26,LV-2,long,target,72.8,44,46
2019-04-29,LV-1,long,stop,-87.2,60,71
2019-04-30,LV-1,long,target,72.8,121,122
2019-04-30,LV-2,long,stop,-87.2,31,33
2019-05-01,LV-1,short,target,72.8,90,91
2019-05-01,LV-1,short,target,72.8,115,117
2019-05-01,LV-2,short,target,72.8,39,49
2019-05-01,LV-3,short,target,72.8,115,117
2019-05-02,LV-1,short,stop,-87.2,14,23
2019-05-02,LV-1,short,stop,-87.2,87,90
2019-05-03,LV-1,short,target,72.8,1,56
2019-05-03,LV-1,short,target,72.8,157,185
2019-05-03,LV-2,short,target,72.8,138,139
2019-05-06,LV-1,short,stop,-87.2,26,29
2019-05-06,LV-2,short,target,72.8,83,135
2019-05-07,LV-1,short,target,72.8,61,82
2019-05-07,LV-2,short,target,72.8,214,224
2019-05-08,LV-1,short,stop,-87.2,23,48
2019-05-08,LV-1,short,target,72.8,110,119
2019-05-08,LV-2,short,stop,-87.2,81,90
2019-05-09,LV-1,short,stop,-87.2,8,9
2019-05-09,LV-1,short,target,72.8,100,101
2019-05-10,LV-1,short,target,72.8,101,102
2019-05-10,LV-1,short,target,72.8,162,175
2019-05-13,LV-1,long,stop,-87.2,8,53
2019-05-13,LV-1,long,target,72.8,124,130
2019-05-13,LV-1,long,stop,-87.2,198,206
2019-05-13,LV-2,long,stop,-87.2,122,123
2019-05-13,LV-3,long,stop,-87.2,6,86
2019-05-14,LV-1,short,target,72.8,14,18
2019-05-14,LV-1,short,target,72.8,145,156
2019-05-14,LV-2,short,stop,-87.2,41,44
2019-05-15,LV-1,short,stop,-87.2,95,96
2019-05-15,LV-2,short,stop,-87.2,37,43
2019-05-16,LV-3,long,target,72.8,106,124
2019-05-17,LV-1,long,stop,-87.2,114,135
2019-05-17,LV-1,long,stop,-87.2,183,184
2019-05-21,LV-1,long,stop,-87.2,35,44
2019-05-21,LV-2,long,target,72.8,35,40
2019-05-23,LV-1,short,stop,-87.2,10,15
2019-05-23,LV-1,short,stop,-87.2,122,123
2019-05-23,LV-1,short,target,72.8,253,254
2019-05-23,LV-3,short,stop,-87.2,71,72
2019-05-23,LV-3,short,target,72.8,253,254
2019-05-24,LV-1,short,target,72.8,101,103
2019-05-24,LV-3,short,target,72.8,111,115
2019-05-27,LV-1,short,stop,-87.2,71,99
2019-05-27,LV-1,short,stop,-87.2,209,213
2019-05-27,LV-2,short,stop,-87.2,71,99
2019-05-27,LV-3,short,target,72.8,4,5
2019-05-28,HV-1,short,target,142.8,72,107
2019-05-29,HV-1,short,stop,-157.2,80,85
2019-05-29,HV-2,short,stop,-157.2,163,164
2019-05-30,HV-1,short,target,142.8,120,124
2019-05-30,HV-1,short,time_exit,32.799999999999145,287,290
2019-05-31,HV-1,short,stop,-157.2,138,143
2019-05-31,HV-1,short,target,142.8,261,264
2019-05-31,HV-2,short,target,142.8,262,263
2019-06-03,HV-1,short,target,142.8,48,49
2019-06-03,HV-1,short,stop,-157.2,181,206
2019-06-04,HV-1,short,stop,-157.2,57,93
2019-06-04,HV-1,short,target,142.8,192,194
2019-06-05,HV-1,short,target,142.8,90,91
2019-06-05,HV-1,short,stop,-157.2,108,121
2019-06-05,HV-1,short,stop,-157.2,168,176
2019-06-05,HV-2,short,stop,-157.2,108,121
2019-06-05,HV-2,short,stop,-157.2,168,173
2019-06-06,HV-1,short,target,142.8,0,67
2019-06-06,HV-1,short,stop,-157.2,90,95
2019-06-06,HV-2,short,target,142.8,4,5
2019-06-07,LV-1,short,target,72.8,2,38
2019-06-07,LV-1,short,target,72.8,67,70
2019-06-07,LV-1,short,stop,-87.2,163,164
2019-06-07,LV-2,short,target,72.8,86,88
2019-06-07,LV-3,short,stop,-87.2,2,39
2019-06-10,HV-1,short,target,142.8,170,172
2019-06-11,LV-1,short,target,72.8,99,116
2019-06-12,LV-1,short,stop,-87.2,91,96
2019-06-12,LV-2,short,target,72.8,32,38
2019-06-12,LV-3,short,target,72.8,92,94
2019-06-13,LV-1,short,target,72.8,2,27
2019-06-13,LV-1,short,stop,-87.2,178,179
2019-06-13,LV-3,short,target,72.8,3,8
2019-06-13,LV-3,short,target,72.8,176,187
2019-06-14,LV-1,short,target,72.8,1,5
2019-06-14,LV-2,short,target,72.8,104,106
2019-06-17,LV-1,short,stop,-87.2,33,34
2019-06-18,LV-1,short,target,72.8,34,39
2019-06-18,LV-1,short,target,72.8,66,69
2019-06-18,LV-1,short,target,72.8,102,104
2019-06-18,LV-2,short,target,72.8,31,33
2019-06-19,LV-1,short,target,72.8,92,94
2019-06-19,LV-3,short,stop,-87.2,27,59
2019-06-20,LV-1,short,stop,-87.2,80,82
2019-06-20,LV-1,short,stop,-87.2,103,105
2019-06-21,LV-1,short,stop,-87.2,56,74
2019-06-21,LV-2,short,stop,-87.2,36,55
2019-06-24,LV-1,short,target,72.8,39,40
2019-06-24,LV-1,short,stop,-87.2,138,140
2019-06-25,LV-1,short,stop,-87.2,80,133
2019-06-25,LV-2,short,target,72.8,49,54
2019-06-26,LV-1,short,target,72.8,140,141
2019-06-26,LV-2,short,stop,-87.2,63,90
2019-06-27,LV-1,short,target,72.8,36,42
2019-06-27,LV-2,short,stop,-87.2,113,120
2019-06-28,LV-1,long,target,72.8,0,5
2019-06-28,LV-1,long,target,72.8,53,87
2019-06-28,LV-2,long,target,72.8,88,114
2019-06-28,LV-3,long,target,72.8,8,9
2019-07-01,LV-1,long,target,72.8,91,92
2019-07-01,LV-1,long,target,72.8,192,193
2019-07-01,LV-1,long,stop,-87.2,246,251
2019-07-01,LV-2,long,stop,-87.2,62,66
2019-07-02,LV-1,long,target,72.8,2,7
2019-07-02,LV-1,long,stop,-87.2,61,69
2019-07-02,LV-1,long,stop,-87.2,79,80
2019-07-02,LV-1,long,target,72.8,117,119
2019-07-02,LV-2,long,stop,-87.2,43,56
2019-07-02,LV-3,long,target,72.8,2,40
2019-07-03,LV-1,long,stop,-87.2,19,21
2019-07-03,LV-1,long,stop,-87.2,105,107
2019-07-03,LV-2,long,stop,-87.2,91,92
2019-07-03,LV-3,long,target,72.8,8,12
2019-07-04,LV-1,long,target,72.8,38,39
2019-07-05,LV-1,long,target,72.8,25,27
2019-07-05,LV-1,long,target,72.8,47,52
2019-07-05,LV-3,long,target,72.8,31,32
2019-07-05,LV-3,long,target,72.8,46,61
2019-07-08,LV-1,long,stop,-87.2,60,104
2019-07-08,LV-3,long,target,72.8,42,48
2019-07-09,LV-1,long,stop,-87.2,35,40
2019-07-09,LV-2,long,stop,-87.2,75,111
2019-07-10,LV-1,long,target,72.8,90,91
2019-07-10,LV-3,long,target,72.8,6,20
2019-07-11,LV-1,long,target,72.8,0,24
2019-07-11,LV-2,long,target,72.8,71,79
2019-07-12,LV-1,long,stop,-87.2,191,225
2019-07-15,LV-1,long,stop,-87.2,231,233
2019-07-15,LV-2,long,stop,-87.2,223,228
2019-07-15,LV-3,long,stop,-87.2,6,32
2019-07-16,LV-1,long,target,72.8,140,144
2019-07-16,LV-1,long,stop,-87.2,241,244
2019-07-16,LV-1,long,target,72.8,281,282
2019-07-17,LV-1,long,target,72.8,94,96
2019-07-17,LV-1,long,stop,-87.2,104,105
2019-07-17,LV-1,long,target,72.8,133,134
2019-07-18,HV-1,long,time_exit,12.800000000003127,275,291
2019-07-23,HV-1,long,target,142.8,264,265
2019-07-24,LV-1,long,stop,-87.2,5,10
2019-07-24,LV-1,long,stop,-87.2,91,92
2019-07-24,LV-1,long,target,72.8,179,192
2019-07-25,LV-1,long,target,72.8,21,27
2019-07-25,LV-2,long,stop,-87.2,53,57
2019-07-26,LV-1,long,target,72.8,153,227
2019-07-26,LV-2,long,stop,-87.2,32,37
2019-07-29,LV-1,long,stop,-87.2,18,49
2019-07-29,LV-1,long,target,72.8,100,102
2019-07-29,LV-2,long,stop,-87.2,105,153
2019-07-30,LV-1,long,target,72.8,72,107
2019-07-30,LV-2,long,target,72.8,73,106
2019-07-31,LV-1,long,stop,-87.2,90,111
2019-07-31,LV-2,long,stop,-87.2,90,111
2019-08-01,LV-1,long,stop,-87.2,0,6
2019-08-01,LV-1,long,stop,-87.2,70,71
2019-08-01,LV-1,long,target,72.8,219,220
2019-08-01,LV-1,long,target,72.8,280,285
2019-08-01,LV-2,long,stop,-87.2,42,43
2019-08-02,LV-1,short,stop,-87.2,2,9
2019-08-05,LV-1,short,target,72.8,1,9
2019-08-05,LV-1,short,target,72.8,58,81
2019-08-05,LV-1,short,target,72.8,198,199
2019-08-05,LV-2,short,target,72.8,83,131
2019-08-06,HV-1,short,target,142.8,130,131
2019-08-06,HV-2,short,stop,-157.2,135,136
2019-08-07,HV-1,short,stop,-157.2,31,66
2019-08-07,HV-1,short,stop,-157.2,90,98
2019-08-07,HV-1,short,target,142.8,156,195
2019-08-07,HV-2,short,target,142.8,144,145
2019-08-08,HV-2,short,stop,-157.2,51,52
2019-08-09,LV-1,short,target,72.8,36,37
2019-08-12,LV-1,short,target,72.8,60,61
2019-08-12,LV-1,short,stop,-87.2,97,98
2019-08-13,LV-1,short,stop,-87.2,2,3
2019-08-13,LV-1,short,stop,-87.2,42,44
2019-08-13,LV-1,short,stop,-87.2,54,55
2019-08-13,LV-1,short,target,72.8,88,90
2019-08-13,LV-2,short,target,72.8,135,156
2019-08-14,HV-1,short,stop,-157.2,71,82
2019-08-14,HV-1,short,target,142.8,134,137
2019-08-15,HV-1,short,target,142.8,0,1
2019-08-15,HV-1,short,target,142.8,20,30
2019-08-20,LV-1,long,stop,-87.2,0,1
2019-08-20,LV-1,long,stop,-87.2,67,69
2019-08-20,LV-3,long,stop,-87.2,5,7
2019-08-21,LV-1,long,target,72.8,0,1
2019-08-21,LV-2,long,stop,-87.2,122,139
2019-08-21,LV-3,long,target,72.8,3,22
2019-08-22,LV-2,long,stop,-87.2,72,79
2019-08-23,LV-1,short,target,72.8,12,13
2019-08-23,LV-1,short,stop,-87.2,108,109
2019-08-23,LV-2,short,target,72.8,66,74
2019-08-23,LV-3,short,stop,-87.2,3,4
2019-08-26,LV-1,short,target,72.8,0,1
2019-08-26,LV-1,short,target,72.8,100,102
2019-08-26,LV-1,short,target,72.8,193,197
2019-08-26,LV-2,short,target,72.8,33,35
2019-08-26,LV-3,short,target,72.8,99,103
2019-08-26,LV-3,short,target,72.8,121,122
2019-08-27,HV-2,short,target,142.8,2,64
2019-08-27,HV-2,short,stop,-157.2,147,150
2019-08-30,LV-1,long,target,72.8,4,5
2019-08-30,LV-1,long,target,72.8,81,114
2019-08-30,LV-2,long,target,72.8,43,58
2019-09-03,LV-1,short,target,72.8,65,76
2019-09-03,LV-2,short,stop,-87.2,293,297
2019-09-05,LV-1,long,target,72.8,120,124
2019-09-05,LV-3,long,target,72.8,15,16
2019-09-09,LV-1,long,stop,-87.2,0,2
2019-09-09,LV-1,long,stop,-87.2,15,17
2019-09-09,LV-1,long,target,72.8,151,162
2019-09-10,LV-1,long,stop,-87.2,7,12
2019-09-10,LV-1,long,target,72.8,37,38
2019-09-10,LV-2,long,target,72.8,46,47
2019-09-11,HV-1,long,target,142.8,15,16
2019-09-11,HV-1,long,target,142.8,168,170
2019-09-16,LV-1,long,target,72.8,3,6
2019-09-16,LV-1,long,target,72.8,33,34
2019-09-16,LV-1,long,target,72.8,122,153
2019-09-16,LV-1,long,stop,-87.2,239,240
2019-09-16,LV-1,long,target,72.8,268,274
2019-09-16,LV-2,long,target,72.8,35,36
2019-09-16,LV-3,long,target,72.8,122,123
2019-09-16,LV-3,long,target,72.8,223,224
2019-09-16,LV-3,long,stop,-87.2,243,245
2019-09-16,LV-3,long,target,72.8,262,263
2019-09-16,LV-3,long,stop,-87.2,272,273
2019-09-17,HV-1,long,stop,-157.2,10,37
2019-09-17,HV-1,long,target,142.8,55,59
2019-09-17,HV-1,long,target,142.8,45,70
2019-09-17,HV-1,long,target,142.8,94,102
2019-09-17,HV-1,long,stop,-157.2,195,196
2019-09-18,HV-1,long,target,142.8,5,30
2019-09-18,HV-1,long,target,142.8,118,120
2019-09-19,HV-1,long,stop,-157.2,21,60
2019-09-20,HV-1,long,target,142.8,54,55
2019-09-20,HV-2,long,stop,-157.2,6,7
2019-09-23,HV-1,long,stop,-157.2,5,49
2019-09-24,HV-1,long,target,142.8,2,4
2019-09-25,LV-1,short,target,72.8,8,9
2019-09-25,LV-2,short,target,72.8,126,137
2019-09-26,LV-1,short,target,72.8,1,2
2019-09-26,LV-2,short,target,72.8,34,61
2019-09-27,LV-1,short,target,72.8,24,25
2019-09-27,LV-1,short,target,72.8,141,144
2019-09-27,LV-1,short,target,72.8,158,159
2019-09-27,LV-2,short,stop,-87.2,40,43
2019-09-30,LV-1,short,target,72.8,118,119
2019-09-30,LV-1,short,target,72.8,245,246
2019-09-30,LV-2,short,target,72.8,55,60
2019-10-01,LV-1,short,target,72.8,60,61
2019-10-01,LV-1,short,target,72.8,149,150
2019-10-01,LV-1,short,target,72.8,240,261
2019-10-01,LV-3,short,target,72.8,185,186
2019-10-02,LV-1,short,target,72.8,34,36
2019-10-02,LV-1,short,target,72.8,140,182
2019-10-02,LV-3,short,target,72.8,37,47
2019-10-02,LV-3,short,target,72.8,93,101
2019-10-03,LV-1,short,target,72.8,4,7
2019-10-03,LV-1,short,target,72.8,64,86
2019-10-03,LV-1,short,target,72.8,282,284
2019-10-03,LV-3,short,target,72.8,66,69
2019-10-03,LV-3,short,target,72.8,64,86
2019-10-04,LV-1,short,target,72.8,21,23
2019-10-04,LV-1,short,target,72.8,194,197
2019-10-04,LV-3,short,stop,-87.2,21,30
2019-10-04,LV-3,short,stop,-87.2,195,196
2019-10-07,LV-1,short,target,72.8,0,1
2019-10-07,LV-1,short,target,72.8,121,124
2019-10-07,LV-2,short,stop,-87.2,74,76
2019-10-08,LV-1,short,stop,-87.2,40,41
2019-10-08,LV-1,short,target,72.8,128,129
2019-10-08,LV-2,short,target,72.8,61,77
2019-10-09,LV-1,short,stop,-87.2,10,22
2019-10-09,LV-1,short,target,72.8,98,99
2019-10-09,LV-2,short,target,72.8,146,148
2019-10-09,LV-3,short,target,72.8,67,72
2019-10-10,LV-2,short,target,72.8,38,49
2019-10-11,LV-1,short,target,72.8,6,7
2019-10-11,LV-1,short,target,72.8,163,167
2019-10-11,LV-2,short,target,72.8,53,76
2019-10-14,LV-2,short,target,72.8,259,272
2019-10-14,LV-3,short,stop,-87.2,44,60
2019-10-15,LV-1,short,target,72.8,13,92
2019-10-16,LV-1,short,target,72.8,65,66
2019-10-16,LV-1,short,stop,-87.2,153,154
2019-10-16,LV-2,short,target,72.8,65,70
2019-10-17,LV-1,short,target,72.8,10,15
2019-10-17,LV-2,short,target,72.8,93,98
2019-10-17,LV-3,short,target,72.8,34,38
2019-10-18,LV-1,long,stop,-87.2,60,62
2019-10-18,LV-1,long,target,72.8,110,128
2019-10-18,LV-1,long,target,72.8,220,221
2019-10-18,LV-2,long,stop,-87.2,79,80
2019-10-21,LV-3,short,target,72.8,9,21
2019-10-22,LV-1,short,stop,-87.2,87,92
2019-10-22,LV-1,short,target,72.8,138,141
2019-10-23,LV-1,short,target,72.8,91,92
2019-10-23,LV-1,short,target,72.8,242,243
2019-10-23,LV-2,short,stop,-87.2,32,35
2019-10-24,LV-1,long,target,72.8,36,42
2019-10-24,LV-2,long,target,72.8,58,120
2019-10-25,LV-1,long,target,72.8,104,105
2019-11-01,LV-1,long,stop,-87.2,20,21
2019-11-01,LV-1,long,target,72.8,325,326
2019-11-04,LV-1,long,target,72.8,86,88
2019-11-04,LV-3,long,target,72.8,11,22
2019-11-05,LV-1,long,stop,-87.2,0,2
2019-11-06,LV-1,long,stop,-87.2,61,90
2019-11-06,LV-2,long,stop,-87.2,150,165
2019-11-06,LV-3,long,stop,-87.2,61,90
2019-11-07,LV-1,long,target,72.8,97,98
2019-11-07,LV-1,long,stop,-87.2,144,148
2019-11-08,LV-1,long,target,72.8,124,125
2019-11-08,LV-2,long,stop,-87.2,46,58
2019-11-12,LV-1,long,time_exit,-47.19999999999915,294,295
2019-11-12,LV-2,long,time_exit,32.799999999999145,40,120
2019-11-12,LV-3,long,target,72.8,2,4
2019-11-13,LV-1,long,stop,-87.2,0,1
2019-11-13,LV-1,long,target,72.8,41,42
2019-11-14,LV-1,long,target,72.8,24,30
2019-11-14,LV-1,long,stop,-87.2,150,156
2019-11-14,LV-2,long,stop,-87.2,60,120
2019-11-15,LV-2,long,target,72.8,32,34
2019-11-15,LV-3,long,target,72.8,150,178
2019-11-18,LV-2,long,target,72.8,61,65
2019-11-19,LV-1,long,target,72.8,36,40
2019-11-19,LV-2,long,stop,-87.2,38,39
2019-11-20,LV-1,long,target,72.8,151,152
2019-11-20,LV-2,long,target,72.8,63,64
2019-11-22,LV-1,long,target,72.8,246,269
2019-11-22,LV-2,long,stop,-87.2,64,74
2019-11-25,LV-1,long,stop,-87.2,70,73
2019-11-26,LV-1,long,target,72.8,135,140
2019-11-26,LV-2,long,stop,-87.2,91,97
2019-11-27,LV-1,long,target,72.8,117,119
2019-11-27,LV-2,long,stop,-87.2,33,90
2019-11-28,LV-1,long,stop,-87.2,77,82
2019-11-28,LV-3,long,stop,-87.2,77,82
2019-11-29,LV-1,long,stop,-87.2,26,32
2019-11-29,LV-1,long,stop,-87.2,44,46
2019-11-29,LV-1,long,target,72.8,114,120
2019-11-29,LV-1,long,target,72.8,211,215
2019-11-29,LV-2,long,stop,-87.2,79,83
2019-12-02,LV-1,short,target,72.8,65,66
2019-12-02,LV-2,short,target,72.8,37,42
2019-12-02,LV-3,short,target,72.8,65,66
2019-12-03,LV-1,short,target,72.8,17,34
2019-12-03,LV-2,short,stop,-87.2,246,259
2019-12-04,LV-1,short,target,72.8,127,130
2019-12-04,LV-1,short,target,72.8,147,149
2019-12-05,LV-1,long,target,72.8,34,35
2019-12-05,LV-1,long,stop,-87.2,0,66
2019-12-09,LV-1,long,target,72.8,97,99
2019-12-11,LV-1,long,target,72.8,125,126
2019-12-12,LV-1,long,target,72.8,39,43
2019-12-12,LV-3,long,target,72.8,39,47
2019-12-13,LV-1,long,target,72.8,56,57
2019-12-13,LV-1,long,stop,-87.2,64,74
2019-12-13,LV-2,long,target,72.8,39,47
2019-12-18,LV-1,long,stop,-87.2,0,11
2019-12-20,LV-1,long,stop,-87.2,0,14
2019-12-20,LV-1,long,target,72.8,55,74
2019-12-20,LV-2,long,target,72.8,34,35
2019-12-23,LV-1,long,target,72.8,149,150
2019-12-23,LV-2,long,target,72.8,31,35
2019-12-26,LV-1,long,stop,-87.2,11,12
2019-12-31,LV-1,long,target,72.8,156,216
2019-12-31,LV-3,long,stop,-87.2,195,197
2020-01-03,LV-1,long,target,72.8,66,68
2020-01-03,LV-1,long,stop,-87.2,149,152
2020-01-03,LV-1,long,target,72.8,277,280
2020-01-03,LV-2,long,stop,-87.2,33,35
2020-01-06,LV-1,long,target,72.8,46,48
2020-01-06,LV-1,long,target,72.8,128,131
2020-01-06,LV-2,long,target,72.8,43,65
2020-01-07,LV-2,long,target,72.8,159,181
2020-01-08,LV-1,long,target,72.8,5,6
2020-01-08,LV-1,long,target,72.8,134,135
2020-01-08,LV-1,long,target,72.8,165,166
2020-01-08,LV-1,long,stop,-87.2,259,260
2020-01-08,LV-2,long,target,72.8,81,82
2020-01-08,LV-3,long,target,72.8,5,63
2020-01-09,LV-1,short,stop,-87.2,0,9
2020-01-09,LV-1,short,target,72.8,60,105
2020-01-09,LV-2,short,stop,-87.2,196,240
2020-01-10,HV-1,short,stop,-157.2,95,98
2020-01-14,LV-1,short,target,72.8,14,15
2020-01-14,LV-3,short,target,72.8,38,48
2020-01-16,LV-1,short,stop,-87.2,5,9
2020-01-16,LV-2,short,stop,-87.2,52,56
2020-01-20,LV-2,long,target,72.8,158,238
2020-01-21,LV-1,short,stop,-87.2,72,91
2020-01-22,LV-1,short,target,72.8,9,22
2020-01-22,LV-1,short,stop,-87.2,126,151
2020-01-22,LV-3,short,target,72.8,10,11
2020-01-23,LV-1,short,target,72.8,39,58
2020-01-23,LV-2,short,stop,-87.2,125,147
2020-01-24,LV-1,short,target,72.8,34,37
2020-01-24,LV-1,short,stop,-87.2,150,152
2020-01-24,LV-3,short,target,72.8,34,39
2020-01-27,LV-1,short,target,72.8,13,15
2020-01-27,LV-2,short,target,72.8,72,75
2020-01-28,LV-1,short,stop,-87.2,80,81
2020-01-29,LV-1,short,target,72.8,93,94
2020-01-29,LV-1,short,target,72.8,47,122
2020-01-29,LV-3,short,target,72.8,49,51
2020-01-30,LV-1,short,target,72.8,37,38
2020-01-30,LV-1,short,target,72.8,194,211
2020-01-30,LV-2,short,target,72.8,75,77
2020-01-31,LV-1,short,target,72.8,10,12
2020-01-31,LV-2,short,target,72.8,155,164
2020-01-31,LV-3,short,target,72.8,127,128
2020-02-03,LV-1,short,target,72.8,34,35
2020-02-03,LV-1,short,target,72.8,148,150
2020-02-03,LV-1,short,stop,-87.2,169,170
2020-02-03,LV-3,short,stop,-87.2,149,150
2020-02-03,LV-3,short,target,72.8,169,170
2020-02-04,LV-1,short,target,72.8,14,20
2020-02-04,LV-1,short,target,72.8,60,61
2020-02-05,LV-1,short,stop,-87.2,0,20
2020-02-05,LV-1,short,target,72.8,35,53
2020-02-05,LV-2,short,stop,-87.2,41,42
2020-02-05,LV-3,short,target,72.8,4,5
2020-02-06,LV-1,short,target,72.8,35,48
2020-02-06,LV-1,short,target,72.8,98,99
2020-02-06,LV-2,short,stop,-87.2,60,65
2020-02-07,LV-1,short,stop,-87.2,73,74
2020-02-07,LV-1,short,target,72.8,142,143
2020-02-07,LV-2,short,target,72.8,96,97
2020-02-10,LV-1,short,target,72.8,0,31
2020-02-10,LV-1,short,stop,-87.2,264,265
2020-02-10,LV-2,short,stop,-87.2,62,110
2020-02-11,LV-1,short,stop,-87.2,0,1
2020-02-12,LV-1,short,stop,-87.2,41,60
2020-02-13,LV-1,short,stop,-87.2,63,70
2020-02-13,LV-2,short,target,72.8,59,60
2020-02-14,LV-1,short,target,72.8,89,99
2020-02-14,LV-2,short,stop,-87.2,36,39
2020-02-17,LV-2,short,target,72.8,126,129
2020-02-18,LV-1,short,target,72.8,115,117
2020-02-18,LV-2,short,stop,-87.2,92,97
2020-02-19,LV-1,short,target,72.8,7,13
2020-02-19,LV-1,short,stop,-87.2,155,158
2020-02-20,LV-1,short,target,72.8,123,125
2020-02-20,LV-1,short,target,72.8,165,166
2020-02-21,LV-1,short,stop,-87.2,18,23
2020-02-21,LV-2,short,stop,-87.2,205,211
2020-02-21,LV-3,short,target,72.8,35,37
2020-02-24,LV-1,short,target,72.8,35,36
2020-02-24,LV-2,short,stop,-87.2,35,36
2020-02-25,LV-1,short,target,72.8,113,114
2020-02-25,LV-3,short,target,72.8,113,114
2020-02-26,LV-1,short,target,72.8,17,18
2020-02-26,LV-1,short,stop,-87.2,91,92
2020-02-26,LV-2,short,target,72.8,30,31
2020-02-27,LV-1,short,target,72.8,14,15
2020-02-27,LV-1,short,target,72.8,94,96
2020-02-27,LV-1,short,target,72.8,191,213
2020-02-27,LV-2,short,target,72.8,149,178
2020-02-28,LV-1,short,target,72.8,2,3
2020-02-28,LV-1,short,target,72.8,26,28
2020-02-28,LV-1,short,target,72.8,90,113
2020-02-28,LV-1,short,target,72.8,129,130
2020-02-28,LV-3,short,target,72.8,73,75
2020-02-28,LV-3,short,target,72.8,91,94
2020-02-28,LV-3,short,target,72.8,129,132
2020-03-02,HV-1,short,target,142.8,1,2
2020-03-02,HV-1,short,stop,-157.2,187,205
2020-03-02,HV-2,short,target,142.8,36,40
2020-03-03,HV-1,short,stop,-157.2,54,55
2020-03-03,HV-1,short,target,142.8,63,64
2020-03-03,HV-1,short,target,142.8,145,147
2020-03-04,HV-1,short,target,142.8,94,95
2020-03-04,HV-1,short,target,142.8,168,171
2020-03-05,HV-1,short,stop,-157.2,250,251
2020-03-05,HV-2,short,target,142.8,222,293
2020-03-06,HV-1,short,target,142.8,3,4
2020-03-06,HV-1,short,stop,-157.2,51,53
2020-03-06,HV-1,short,stop,-157.2,68,71
2020-03-06,HV-1,short,stop,-157.2,124,125
2020-03-06,HV-2,short,stop,-157.2,51,52
2020-03-06,HV-2,short,target,142.8,50,58
2020-03-06,HV-2,short,target,142.8,67,73
2020-03-09,HV-1,short,stop,-157.2,16,17
2020-03-09,HV-1,short,stop,-157.2,51,53
2020-03-09,HV-1,short,target,142.8,77,81
2020-03-09,HV-1,short,target,142.8,103,104
2020-03-09,HV-1,short,stop,-157.2,99,120
2020-03-09,HV-1,short,target,142.8,303,311
2020-03-09,HV-1,short,target,142.8,321,322
2020-03-09,HV-1,short,stop,-157.2,331,333
2020-03-09,HV-2,short,target,142.8,321,322
2020-03-09,HV-2,short,target,142.8,331,332
2020-03-09,HV-2,short,stop,-157.2,344,345
2020-03-10,HV-1,short,target,142.8,0,1
2020-03-10,HV-1,short,stop,-157.2,52,53
2020-03-10,HV-1,short,stop,-157.2,113,114
2020-03-10,HV-1,short,stop,-157.2,328,340
2020-03-10,HV-2,short,target,142.8,112,113
2020-03-11,HV-1,short,target,142.8,38,46
2020-03-11,HV-1,short,target,142.8,319,328
2020-03-11,HV-2,short,target,142.8,322,324
2020-03-11,HV-2,short,stop,-157.2,323,324
2020-03-12,HV-1,short,stop,-157.2,46,48
2020-03-12,HV-1,short,stop,-157.2,68,76
2020-03-12,HV-1,short,target,142.8,117,126
2020-03-12,HV-1,short,stop,-157.2,165,240
2020-03-12,HV-2,short,stop,-157.2,43,44
2020-03-12,HV-2,short,stop,-157.2,39,45
2020-03-13,HV-1,short,target,142.8,7,21
2020-03-13,HV-1,short,stop,-157.2,159,174
2020-03-13,HV-2,short,stop,-157.2,8,9
2020-03-13,HV-2,short,target,142.8,140,142
2020-03-16,HV-1,short,target,142.8,31,33
2020-03-16,HV-1,short,stop,-157.2,30,49
2020-03-16,HV-1,short,target,142.8,112,113
2020-03-16,HV-1,short,target,142.8,195,196
2020-03-16,HV-2,short,target,142.8,31,38
2020-03-17,HV-1,short,target,142.8,43,45
2020-03-17,HV-1,short,stop,-157.2,254,259
2020-03-17,HV-2,short,stop,-157.2,254,256
2020-03-17,HV-2,short,target,142.8,326,332
2020-03-18,HV-1,short,target,142.8,7,8
2020-03-18,HV-1,short,target,142.8,128,140
2020-03-18,HV-1,short,target,142.8,198,214
2020-03-18,HV-1,short,stop,-157.2,247,251
2020-03-18,HV-1,short,target,142.8,275,276
2020-03-18,HV-1,short,target,142.8,312,313
2020-03-18,HV-1,short,target,142.8,291,349
2020-03-18,HV-2,short,target,142.8,7,8
2020-03-18,HV-2,short,target,142.8,112,116
2020-03-18,HV-2,short,stop,-157.2,131,132
2020-03-18,HV-2,short,stop,-157.2,200,201
2020-03-18,HV-2,short,target,142.8,274,275
2020-03-18,HV-2,short,stop,-157.2,277,278
2020-03-18,HV-2,short,target,142.8,271,285
2020-03-19,HV-1,short,stop,-157.2,0,2
2020-03-19,HV-1,short,target,142.8,22,24
2020-03-19,HV-1,short,target,142.8,90,92
2020-03-19,HV-1,short,target,142.8,154,155
2020-03-19,HV-1,short,target,142.8,159,160
2020-03-19,HV-1,short,stop,-157.2,170,172
2020-03-19,HV-1,short,target,142.8,324,326
2020-03-19,HV-1,short,stop,-157.2,340,341
2020-03-19,HV-2,short,stop,-157.2,44,45
2020-03-20,HV-1,short,target,142.8,10,11
2020-03-20,HV-1,short,stop,-157.2,40,41
2020-03-20,HV-1,short,target,142.8,38,65
2020-03-20,HV-1,short,stop,-157.2,165,166
2020-03-20,HV-1,short,target,142.8,149,179
2020-03-20,HV-1,short,target,142.8,328,330
2020-03-20,HV-2,short,target,142.8,40,41
2020-03-20,HV-2,short,stop,-157.2,39,61
2020-03-20,HV-2,short,target,142.8,327,331
2020-03-23,HV-1,short,target,142.8,44,48
2020-03-23,HV-1,short,target,142.8,22,60
2020-03-23,HV-1,short,stop,-157.2,163,165
2020-03-24,HV-1,short,target,142.8,60,61
2020-03-25,HV-1,short,target,142.8,0,8
2020-03-25,HV-1,short,target,142.8,161,163
2020-03-25,HV-1,short,target,142.8,221,225
2020-03-26,HV-1,short,stop,-157.2,35,36
2020-03-26,HV-1,short,target,142.8,251,256
2020-03-26,HV-1,short,stop,-157.2,286,287
2020-03-27,HV-1,short,stop,-157.2,57,58
2020-03-27,HV-1,short,stop,-157.2,306,308
2020-03-27,HV-2,short,stop,-157.2,57,58
2020-03-30,HV-1,short,stop,-157.2,62,63
2020-03-30,HV-1,short,target,142.8,116,147
2020-03-30,HV-1,short,time_exit,12.799999999999574,295,297
2020-03-30,HV-2,short,target,142.8,4,6
2020-03-31,LV-1,short,target,72.8,7,8
2020-03-31,LV-1,short,stop,-87.2,50,54
2020-04-01,LV-1,short,target,72.8,16,23
2020-04-01,LV-1,short,stop,-87.2,103,104
2020-04-01,LV-2,short,target,72.8,135,152
2020-04-02,LV-1,short,target,72.8,14,15
2020-04-02,LV-1,short,stop,-87.2,92,94
2020-04-02,LV-1,short,stop,-87.2,97,98
2020-04-02,LV-1,short,stop,-87.2,97,98
2020-04-02,LV-1,short,stop,-87.2,99,102
2020-04-02,LV-1,short,target,72.8,124,125
2020-04-02,LV-1,short,stop,-87.2,145,146
2020-04-02,LV-2,short,stop,-87.2,73,89
2020-04-03,HV-1,long,stop,-157.2,20,22
2020-04-03,HV-1,long,target,142.8,55,85
2020-04-03,HV-1,long,target,142.8,110,114
2020-04-06,HV-1,long,target,142.8,79,80
2020-04-06,HV-1,long,target,142.8,156,166
2020-04-07,HV-1,long,stop,-157.2,231,233
2020-04-09,HV-1,long,stop,-157.2,31,64
2020-04-09,HV-1,long,stop,-157.2,94,95
2020-04-09,HV-1,long,target,142.8,91,96
2020-04-09,HV-1,long,target,142.8,87,101
2020-04-09,HV-1,long,stop,-157.2,67,124
2020-04-09,HV-1,long,stop,-157.2,65,131
2020-04-09,HV-1,long,target,142.8,276,278
2020-04-13,HV-1,short,stop,-157.2,0,3
2020-04-13,HV-1,short,target,142.8,30,31
2020-04-15,HV-1,short,target,142.8,90,102
2020-04-16,HV-1,short,target,142.8,68,69
2020-04-21,LV-1,short,target,72.8,2,3
2020-04-21,LV-1,short,stop,-87.2,1,6
2020-04-21,LV-1,short,stop,-87.2,18,20
2020-04-21,LV-1,short,target,72.8,61,85
2020-04-21,LV-1,short,target,72.8,169,172
2020-04-21,LV-1,short,target,72.8,164,178
2020-04-21,LV-1,short,target,72.8,201,202
2020-04-21,LV-1,short,target,72.8,213,216
2020-04-21,LV-1,short,stop,-87.2,212,218
2020-04-21,LV-1,short,stop,-87.2,275,276
2020-04-21,LV-1,short,target,72.8,283,284
2020-04-21,LV-2,short,stop,-87.2,54,55
2020-04-21,LV-3,short,stop,-87.2,2,3
2020-04-21,LV-3,short,stop,-87.2,19,20
2020-04-21,LV-3,short,stop,-87.2,165,166
2020-04-21,LV-3,short,target,72.8,175,176
2020-04-21,LV-3,short,stop,-87.2,213,217
2020-04-21,LV-3,short,stop,-87.2,288,291
2020-04-21,LV-3,short,stop,-87.2,287,292
2020-04-22,HV-1,short,stop,-157.2,4,5
2020-04-22,HV-1,short,target,142.8,20,23
2020-04-22,HV-1,short,stop,-157.2,47,48
2020-04-22,HV-1,short,stop,-157.2,51,52
2020-04-23,HV-1,short,target,142.8,10,15
2020-04-23,HV-1,short,target,142.8,35,37
2020-04-23,HV-1,short,target,142.8,96,97
2020-04-23,HV-2,short,target,142.8,11,12
2020-04-24,HV-1,short,target,142.8,86,90
2020-04-24,HV-1,short,stop,-157.2,130,132
2020-04-27,HV-1,short,target,142.8,15,16
2020-04-27,HV-1,short,stop,-157.2,273,274
2020-04-28,HV-1,short,stop,-157.2,9,13
2020-04-28,HV-1,short,target,142.8,66,67
2020-04-28,HV-1,short,target,142.8,98,99
2020-04-28,HV-1,short,stop,-157.2,116,117
2020-04-29,HV-1,short,target,142.8,1,6
2020-04-29,HV-1,short,target,142.8,102,104
2020-04-29,HV-1,short,stop,-157.2,164,167
2020-04-30,HV-1,short,stop,-157.2,86,89
2020-04-30,HV-1,short,target,142.8,142,146
2020-04-30,HV-1,short,target,142.8,179,209
2020-05-01,HV-1,long,stop,-157.2,37,38
2020-05-01,HV-1,long,target,142.8,74,80
2020-05-04,HV-1,long,target,142.8,61,91
2020-05-05,HV-1,long,stop,-157.2,42,45
2020-05-05,HV-1,long,target,142.8,211,212
2020-05-06,HV-1,long,stop,-157.2,22,40
2020-05-06,HV-1,long,target,142.8,90,92
2020-05-07,HV-1,long,stop,-157.2,69,71
2020-05-07,HV-1,long,stop,-157.2,120,179
2020-05-07,HV-1,long,stop,-157.2,257,258
2020-05-07,HV-1,long,stop,-157.2,269,270
2020-05-08,HV-1,long,target,142.8,0,35
2020-05-15,LV-1,long,target,72.8,72,74
2020-05-15,LV-1,long,target,72.8,97,114
2020-05-15,LV-1,long,target,72.8,281,283
2020-05-15,LV-2,long,target,72.8,37,48
2020-05-18,LV-1,long,stop,-87.2,1,17
2020-05-18,LV-1,long,target,72.8,105,106
2020-05-18,LV-1,long,target,72.8,224,225
2020-05-18,LV-3,long,target,72.8,118,119
2020-05-18,LV-3,long,target,72.8,126,127
2020-05-19,HV-1,long,target,142.8,0,3
2020-05-19,HV-1,long,target,142.8,233,249
2020-05-20,HV-1,long,target,142.8,65,68
2020-05-20,HV-1,long,target,142.8,45,94
2020-05-20,HV-2,long,target,142.8,65,68
2020-05-21,LV-1,long,stop,-87.2,29,30
2020-05-21,LV-1,long,target,72.8,106,110
2020-05-21,LV-2,long,target,72.8,62,66
2020-05-22,LV-1,long,stop,-87.2,9,11
2020-05-22,LV-2,long,target,72.8,45,60
2020-05-22,LV-3,long,target,72.8,5,33
2020-05-25,LV-1,long,target,72.8,192,202
2020-05-26,LV-1,long,stop,-87.2,0,13
2020-05-26,LV-1,long,target,72.8,65,66
2020-05-26,LV-2,long,stop,-87.2,144,145
2020-05-27,LV-1,long,target,72.8,5,9
2020-05-27,LV-1,long,target,72.8,126,129
2020-05-27,LV-2,long,target,72.8,62,65
2020-05-28,LV-1,long,target,72.8,91,120
2020-05-28,LV-1,long,target,72.8,242,244
2020-05-28,LV-2,long,target,72.8,41,78
2020-05-28,LV-3,long,stop,-87.2,5,6
2020-05-28,LV-3,long,target,72.8,199,200
2020-05-29,LV-1,long,target,72.8,10,11
2020-05-29,LV-1,long,target,72.8,78,79
2020-05-29,LV-3,long,target,72.8,10,11
2020-06-01,LV-1,long,stop,-87.2,5,6
2020-06-01,LV-1,long,target,72.8,17,18
2020-06-02,LV-1,long,stop,-87.2,1,2
2020-06-02,LV-1,long,target,72.8,245,246
2020-06-03,LV-1,long,stop,-87.2,7,8
2020-06-03,LV-1,long,target,72.8,134,139
2020-06-03,LV-2,long,target,72.8,101,102
2020-06-03,LV-3,long,stop,-87.2,135,137
2020-06-04,LV-1,long,target,72.8,134,135
2020-06-04,LV-1,long,target,72.8,231,232
2020-06-04,LV-2,long,target,72.8,30,32
2020-06-04,LV-3,long,stop,-87.2,246,271
2020-06-05,LV-1,long,target,72.8,5,6
2020-06-08,LV-1,long,stop,-87.2,65,70
2020-06-08,LV-1,long,target,72.8,93,129
2020-06-08,LV-2,long,target,72.8,89,91
2020-06-09,LV-1,long,target,72.8,8,14
2020-06-10,LV-1,long,target,72.8,90,91
2020-06-10,LV-1,long,target,72.8,143,149
2020-06-10,LV-1,long,stop,-87.2,260,261
2020-06-10,LV-2,long,stop,-87.2,31,34
2020-06-11,LV-1,long,target,72.8,1,3
2020-06-11,LV-1,long,target,72.8,11,30
2020-06-11,LV-1,long,stop,-87.2,236,237
2020-06-11,LV-2,long,target,72.8,43,44
2020-06-12,LV-1,long,target,72.8,6,7
2020-06-12,LV-1,long,target,72.8,105,111
2020-06-12,LV-1,long,target,72.8,123,144
2020-06-12,LV-2,long,target,72.8,89,90
2020-06-15,LV-1,short,target,72.8,7,9
2020-06-15,LV-1,short,stop,-87.2,146,148
2020-06-15,LV-2,short,target,72.8,59,63
2020-06-16,HV-1,long,stop,-157.2,6,7
2020-06-16,HV-1,long,stop,-157.2,116,117
2020-06-16,HV-1,long,stop,-157.2,124,140
2020-06-17,HV-1,long,target,142.8,93,106
2020-06-18,HV-1,long,target,142.8,39,42
2020-06-19,HV-1,long,target,142.8,216,218
2020-06-23,LV-1,long,stop,-87.2,100,103
2020-06-23,LV-1,long,target,72.8,285,287
2020-06-23,LV-2,long,stop,-87.2,239,265
2020-06-24,LV-1,long,stop,-87.2,10,14
2020-06-24,LV-1,long,target,72.8,70,75
2020-06-24,LV-1,long,stop,-87.2,94,101
2020-06-24,LV-1,long,target,72.8,117,118
2020-06-24,LV-1,long,target,72.8,165,167
2020-06-24,LV-1,long,target,72.8,189,190
2020-06-24,LV-2,long,stop,-87.2,31,52
2020-06-25,HV-1,long,stop,-157.2,80,90
2020-06-25,HV-1,long,stop,-157.2,256,257
2020-06-26,HV-1,long,target,142.8,122,140
2020-06-29,HV-1,long,target,142.8,100,101
2020-06-30,HV-1,long,stop,-157.2,1,7
2020-07-06,LV-1,long,target,72.8,54,72
2020-07-07,LV-1,long,target,72.8,61,63
2020-07-08,LV-1,long,target,72.8,97,98
2020-07-08,LV-2,long,target,72.8,91,94
2020-07-09,LV-1,long,stop,-87.2,38,39
2020-07-09,LV-1,long,target,72.8,112,115
2020-07-09,LV-1,long,stop,-87.2,186,187
2020-07-09,LV-2,long,target,72.8,50,58
2020-07-14,LV-1,short,stop,-87.2,46,83
2020-07-14,LV-1,short,target,72.8,156,180
2020-07-15,LV-1,long,target,72.8,29,30
2020-07-16,LV-2,long,target,72.8,39,40
2020-07-17,LV-2,long,stop,-87.2,76,77
2020-07-17,LV-3,long,stop,-87.2,4,54
2020-07-20,LV-1,long,target,72.8,60,62
2020-07-20,LV-2,long,stop,-87.2,40,43
2020-07-21,LV-2,long,target,72.8,236,237
2020-07-22,LV-1,long,stop,-87.2,60,68
2020-07-22,LV-3,long,target,72.8,2,6
2020-07-24,LV-1,long,target,72.8,39,41
2020-07-24,LV-2,long,stop,-87.2,34,35
2020-07-27,LV-1,long,target,72.8,21,24
2020-07-28,LV-2,long,time_exit,-37.20000000000114,150,198
2020-07-29,LV-1,long,stop,-87.2,150,152
2020-07-30,LV-1,long,stop,-87.2,79,80
2020-07-30,LV-1,long,target,72.8,196,240
2020-07-31,LV-1,long,stop,-87.2,97,101
2020-07-31,LV-2,long,stop,-87.2,47,49
2020-08-03,LV-1,short,target,72.8,4,5
2020-08-03,LV-1,short,target,72.8,135,136
2020-08-03,LV-2,short,stop,-87.2,204,225
2020-08-04,LV-1,short,stop,-87.2,75,78
2020-08-04,LV-1,short,stop,-87.2,243,253
2020-08-04,LV-1,short,stop,-87.2,285,286
2020-08-04,LV-2,short,target,72.8,38,39
2020-08-05,LV-1,long,target,72.8,100,101
2020-08-05,LV-1,long,stop,-87.2,235,242
2020-08-05,LV-2,long,target,72.8,102,170
2020-08-05,LV-3,long,target,72.8,3,6
2020-08-06,LV-1,long,target,72.8,5,6
2020-08-06,LV-1,long,target,72.8,106,160
2020-08-06,LV-2,long,stop,-87.2,71,74
2020-08-07,LV-2,long,stop,-87.2,109,114
2020-08-10,LV-1,long,target,72.8,30,82
2020-08-10,LV-3,long,stop,-87.2,35,52
2020-08-11,LV-1,long,stop,-87.2,261,274
2020-08-11,LV-2,long,target,72.8,40,41
2020-08-11,LV-3,long,stop,-87.2,2,4
2020-08-12,LV-1,long,stop,-87.2,90,91
2020-08-12,LV-2,long,target,72.8,80,90
2020-08-13,LV-1,long,stop,-87.2,36,101
2020-08-13,LV-2,long,stop,-87.2,36,103
2020-08-14,LV-1,long,target,72.8,32,33
2020-08-17,LV-1,long,stop,-87.2,2,14
2020-08-18,LV-1,long,target,72.8,28,29
2020-08-19,LV-1,long,time_exit,-27.200000000003126,154,193
2020-08-20,LV-1,long,stop,-87.2,4,5
2020-08-20,LV-1,long,target,72.8,67,68
2020-08-21,LV-1,long,target,72.8,49,50
2020-08-21,LV-1,long,target,72.8,182,213
2020-08-21,LV-2,long,stop,-87.2,48,51
2020-08-24,LV-1,long,target,72.8,16,20
2020-08-24,LV-2,long,target,72.8,34,35
2020-08-25,LV-1,long,target,72.8,1,81
2020-08-25,LV-2,long,target,72.8,92,94
2020-08-25,LV-3,long,target,72.8,2,55
2020-08-26,LV-1,long,target,72.8,16,36
2020-08-27,LV-1,long,target,72.8,101,124
2020-08-27,LV-1,long,stop,-87.2,158,196
2020-08-27,LV-2,long,stop,-87.2,155,221
2020-08-28,LV-2,long,target,72.8,30,31
2020-08-31,LV-1,long,target,72.8,36,40
2020-09-03,LV-1,short,stop,-87.2,2,4
2020-09-03,LV-1,short,stop,-87.2,53,54
2020-09-04,LV-1,short,target,72.8,31,32
2020-09-04,LV-1,short,stop,-87.2,97,98
2020-09-04,LV-1,short,stop,-87.2,280,282
2020-09-04,LV-3,short,target,72.8,41,42
2020-09-04,LV-3,short,stop,-87.2,75,76
2020-09-08,LV-1,short,stop,-87.2,30,31
2020-09-08,LV-1,short,target,72.8,108,132
2020-09-09,LV-1,short,stop,-87.2,86,87
2020-09-09,LV-1,short,stop,-87.2,167,181
2020-09-09,LV-2,short,target,72.8,55,58
2020-09-10,LV-1,short,target,72.8,36,38
2020-09-10,LV-2,short,target,72.8,59,61
2020-09-11,LV-1,short,target,72.8,159,170
2020-09-11,LV-2,short,stop,-87.2,52,76
2020-09-14,LV-1,short,target,72.8,1,4
2020-09-14,LV-2,short,stop,-87.2,87,90
2020-09-15,LV-1,short,target,72.8,66,70
2020-09-15,LV-1,short,target,72.8,165,186
2020-09-15,LV-1,short,target,72.8,252,257
2020-09-15,LV-2,short,target,72.8,48,95
2020-09-16,LV-1,short,stop,-87.2,87,99
2020-09-16,LV-1,short,target,72.8,268,271
2020-09-16,LV-2,short,stop,-87.2,88,99
2020-09-18,LV-1,short,stop,-87.2,94,95
2020-09-18,LV-2,short,target,72.8,36,40
2020-09-18,LV-3,short,stop,-87.2,268,290
2020-09-21,LV-1,short,target,72.8,22,31
2020-09-21,LV-1,short,target,72.8,53,54
2020-09-21,LV-1,short,target,72.8,92,109
2020-09-21,LV-1,short,target,72.8,152,156
2020-09-22,LV-1,short,stop,-87.2,7,8
2020-09-23,LV-1,short,stop,-87.2,32,34
2020-09-23,LV-1,short,target,72.8,220,221
2020-09-23,LV-2,short,target,72.8,37,61
2020-09-23,LV-3,short,stop,-87.2,75,78
2020-09-24,LV-1,short,target,72.8,33,50
2020-09-24,LV-2,short,target,72.8,33,48
2020-09-25,LV-1,short,stop,-87.2,36,40
2020-09-25,LV-2,short,target,72.8,44,105
2020-09-28,LV-1,short,target,72.8,25,87
2020-09-28,LV-3,short,target,72.8,44,45
2020-09-28,LV-3,short,target,72.8,25,87
2020-09-29,LV-1,short,target,72.8,4,6
2020-09-29,LV-1,short,target,72.8,95,104
2020-09-29,LV-1,short,stop,-87.2,196,198
2020-09-29,LV-3,short,stop,-87.2,97,98
2020-09-29,LV-3,short,target,72.8,95,103
2020-09-30,LV-1,short,target,72.8,22,23
2020-09-30,LV-2,short,target,72.8,36,65
2020-10-02,LV-1,short,stop,-87.2,0,37
2020-10-02,LV-1,short,target,72.8,89,92
2020-10-02,LV-2,short,target,72.8,81,82
2020-10-08,LV-1,long,target,72.8,16,17
2020-10-08,LV-2,long,target,72.8,120,147
2020-10-09,LV-1,long,target,72.8,52,60
2020-10-09,LV-2,long,target,72.8,43,82
2020-10-09,LV-3,long,target,72.8,3,6
2020-10-09,LV-3,long,target,72.8,171,172
2020-10-19,LV-1,long,target,72.8,6,7
2020-10-20,LV-1,long,target,72.8,15,16
2020-10-20,LV-1,long,target,72.8,165,166
2020-10-21,LV-1,long,target,72.8,65,66
2020-10-21,LV-2,long,target,72.8,152,191
2020-10-26,LV-1,short,target,72.8,23,31
2020-10-26,LV-1,short,target,72.8,91,97
2020-10-27,LV-1,short,stop,-87.2,116,118
2020-10-27,LV-1,short,stop,-87.2,326,327
2020-10-27,LV-2,short,stop,-87.2,41,45
2020-10-27,LV-3,short,stop,-87.2,2,3
2020-10-28,LV-1,short,target,72.8,8,27
2020-10-29,LV-1,short,stop,-87.2,41,42
2020-10-29,LV-1,short,target,72.8,0,57
2020-10-29,LV-1,short,stop,-87.2,101,103
2020-10-30,LV-1,short,target,72.8,0,6
2020-10-30,LV-1,short,target,72.8,80,82
2020-11-02,LV-1,short,target,72.8,29,30
2020-11-02,LV-1,short,stop,-87.2,53,54
2020-11-02,LV-2,short,target,72.8,31,35
2020-11-03,LV-1,short,target,72.8,82,84
2020-11-03,LV-1,short,stop,-87.2,149,150
2020-11-03,LV-3,short,stop,-87.2,149,150
2020-11-04,LV-1,short,target,72.8,38,39
2020-11-04,LV-1,short,target,72.8,32,83
2020-11-04,LV-1,short,target,72.8,121,178
2020-11-04,LV-2,short,stop,-87.2,126,156
2020-11-04,LV-3,short,target,72.8,38,39
2020-11-06,LV-1,short,target,72.8,50,51
2020-11-06,LV-1,short,target,72.8,135,138
2020-11-06,LV-3,short,stop,-87.2,33,34
2020-11-09,LV-1,long,stop,-87.2,24,25
2020-11-09,LV-2,long,target,72.8,135,138
2020-11-10,LV-1,long,target,72.8,72,77
2020-11-10,LV-2,long,target,72.8,115,117
2020-11-11,LV-1,long,target,72.8,8,32
2020-11-11,LV-2,long,stop,-87.2,109,119
2020-11-11,LV-3,long,target,72.8,2,50
2020-11-12,LV-1,long,stop,-87.2,61,62
2020-11-12,LV-1,long,target,72.8,125,126
2020-11-13,LV-2,long,stop,-87.2,41,46
2020-11-16,LV-1,long,stop,-87.2,10,16
2020-11-16,LV-1,long,stop,-87.2,74,133
2020-11-18,LV-1,long,target,72.8,35,92
2020-11-18,LV-2,long,target,72.8,35,94
2020-11-19,LV-2,long,target,72.8,60,64
2020-11-23,LV-2,long,stop,-87.2,97,130
2020-11-24,LV-1,long,target,72.8,125,134
2020-11-25,LV-1,long,target,72.8,23,24
2020-11-25,LV-2,long,stop,-87.2,90,91
2020-11-26,LV-2,long,target,72.8,49,63
2020-11-27,LV-1,long,target,72.8,268,274
2020-11-27,LV-2,long,target,72.8,73,105
2020-12-01,LV-1,long,target,72.8,3,7
2020-12-01,LV-2,long,stop,-87.2,32,34
2020-12-02,LV-1,long,target,72.8,64,65
2020-12-02,LV-1,long,target,72.8,151,155
2020-12-02,LV-3,long,stop,-87.2,151,155
2020-12-03,LV-1,long,stop,-87.2,146,157
2020-12-03,LV-3,long,target,72.8,148,149
2020-12-04,LV-1,long,stop,-87.2,1,3
2020-12-07,LV-1,long,target,72.8,131,152
2020-12-08,LV-1,long,stop,-87.2,34,53
2020-12-09,LV-1,long,target,72.8,59,72
2020-12-09,LV-1,long,stop,-87.2,92,93
2020-12-09,LV-2,long,stop,-87.2,37,90
2020-12-10,LV-1,long,target,72.8,60,61
2020-12-10,LV-1,long,target,72.8,101,106
2020-12-10,LV-3,long,target,72.8,101,108
2020-12-14,LV-1,long,target,72.8,51,55
2020-12-14,LV-1,long,target,72.8,140,142
2020-12-14,LV-2,long,stop,-87.2,30,33
2020-12-15,LV-2,long,target,72.8,34,38
2020-12-16,LV-1,long,target,72.8,14,18
2020-12-16,LV-2,long,target,72.8,76,114
2020-12-17,LV-1,long,stop,-87.2,148,149
2020-12-17,LV-2,long,target,72.8,108,141
2020-12-18,LV-1,long,stop,-87.2,41,48
2020-12-18,LV-3,long,target,72.8,2,3
2020-12-21,LV-1,long,target,72.8,15,16
2020-12-21,LV-1,long,stop,-87.2,46,48
2020-12-22,LV-1,long,stop,-87.2,126,127
2020-12-23,LV-1,long,stop,-87.2,111,112
2020-12-28,LV-1,long,target,72.8,38,116
2020-12-28,LV-2,long,target,72.8,46,106
2020-12-29,LV-1,long,stop,-87.2,60,68
2020-12-29,LV-2,long,target,72.8,46,53
2020-12-31,LV-1,long,target,72.8,4,6
2020-12-31,LV-2,long,target,72.8,81,84
2021-01-04,LV-1,long,target,72.8,43,53
2021-01-04,LV-1,long,stop,-87.2,103,105
2021-01-04,LV-1,long,target,72.8,116,121
2021-01-04,LV-2,long,stop,-87.2,39,91
2021-01-06,LV-1,long,target,72.8,1,5
2021-01-06,LV-3,long,target,72.8,2,4
2021-01-07,LV-1,long,target,72.8,0,7
2021-01-08,LV-1,long,stop,-87.2,41,49
2021-01-08,LV-2,long,stop,-87.2,42,49
2021-01-12,LV-1,long,target,72.8,113,119
2021-01-13,LV-1,long,target,72.8,70,75
2021-01-13,LV-2,long,target,72.8,51,55
2021-01-14,LV-1,long,stop,-87.2,4,5
2021-01-15,LV-1,long,target,72.8,85,88
2021-01-15,LV-2,long,target,72.8,91,123
2021-01-19,LV-1,long,target,72.8,97,118
2021-01-19,LV-3,long,stop,-87.2,11,15
2021-01-19,LV-3,long,stop,-87.2,7,49
2021-01-20,LV-1,long,target,72.8,50,51
2021-01-21,LV-1,long,stop,-87.2,40,42
2021-01-21,LV-3,long,target,72.8,31,33
2021-01-22,LV-1,long,target,72.8,125,127
2021-01-25,LV-1,long,target,72.8,251,252
2021-01-25,LV-2,long,target,72.8,37,38
2021-01-26,LV-1,long,stop,-87.2,6,8
2021-01-26,LV-1,long,target,72.8,113,118
2021-01-26,LV-2,long,stop,-87.2,89,91
2021-01-27,LV-1,long,target,72.8,0,6
2021-01-27,LV-1,long,target,72.8,102,103
2021-01-27,LV-3,long,target,72.8,102,103
2021-01-28,LV-1,long,target,72.8,1,2
2021-01-28,LV-2,long,stop,-87.2,60,80
2021-01-29,LV-2,long,target,72.8,33,65
2021-01-29,LV-3,long,stop,-87.2,2,19
2021-02-02,LV-1,long,stop,-87.2,11,15
2021-02-02,LV-2,long,target,72.8,48,50
2021-02-02,LV-3,long,stop,-87.2,25,30
2021-02-03,LV-1,long,stop,-87.2,104,131
2021-02-04,LV-1,long,stop,-87.2,0,1
2021-02-04,LV-1,long,target,72.8,77,78
2021-02-04,LV-2,long,stop,-87.2,33,38
2021-02-04,LV-3,long,stop,-87.2,270,279
2021-02-04,LV-3,long,target,72.8,246,282
2021-02-05,LV-2,long,time_exit,-47.200000000006256,90,166
2021-02-08,LV-1,long,target,72.8,1,6
2021-02-08,LV-1,long,stop,-87.2,193,219
2021-02-09,LV-1,long,target,72.8,5,11
2021-02-09,LV-1,long,target,72.8,146,162
2021-02-10,LV-1,long,stop,-87.2,95,101
2021-02-11,LV-1,long,target,72.8,12,52
2021-02-11,LV-2,long,target,72.8,55,63
2021-02-12,LV-1,long,target,72.8,171,172
2021-02-12,LV-3,long,target,72.8,153,154
2021-02-12,LV-3,long,target,72.8,170,175
2021-02-15,LV-1,long,stop,-87.2,139,140
2021-02-15,LV-2,long,target,72.8,58,67
2021-02-16,LV-1,long,stop,-87.2,66,67
2021-02-18,LV-1,long,target,72.8,8,9
2021-02-18,LV-1,long,target,72.8,121,125
2021-02-18,LV-2,long,stop,-87.2,56,57
2021-02-19,LV-1,long,target,72.8,13,14
2021-02-19,LV-2,long,target,72.8,145,151
2021-02-22,LV-1,long,target,72.8,69,101
2021-02-23,LV-1,long,stop,-87.2,63,64
2021-02-23,LV-2,long,target,72.8,54,60
2021-02-24,LV-1,long,target,72.8,49,51
2021-02-24,LV-1,long,target,72.8,92,106
2021-02-24,LV-3,long,target,72.8,19,25
2021-02-25,LV-1,long,target,72.8,42,45
2021-02-25,LV-1,long,target,72.8,145,146
2021-02-25,LV-3,long,target,72.8,144,163
2021-02-26,LV-1,long,stop,-87.2,4,5
2021-02-26,LV-2,long,stop,-87.2,70,71
2021-03-02,LV-1,short,target,72.8,18,19
2021-03-02,LV-1,short,target,72.8,60,61
2021-03-02,LV-3,short,target,72.8,43,63
2021-03-03,LV-1,short,stop,-87.2,2,4
2021-03-03,LV-1,short,target,72.8,122,123
2021-03-03,LV-2,short,stop,-87.2,188,190
2021-03-05,HV-1,long,stop,-157.2,65,70
2021-03-08,HV-1,long,stop,-157.2,38,52
2021-03-09,HV-1,long,stop,-157.2,42,54
2021-03-09,HV-1,long,target,142.8,195,198
2021-03-10,HV-1,long,stop,-157.2,37,75
2021-03-10,HV-1,long,target,142.8,143,144
2021-03-11,HV-1,long,target,142.8,33,34
2021-03-11,HV-2,long,target,142.8,91,93
2021-03-12,LV-2,long,target,72.8,76,111
2021-03-15,LV-1,long,target,72.8,1,11
2021-03-15,LV-1,long,stop,-87.2,46,47
2021-03-15,LV-2,long,target,72.8,80,90
2021-03-15,LV-3,long,target,72.8,2,4
2021-03-16,LV-1,long,stop,-87.2,40,46
2021-03-16,LV-1,long,target,72.8,15,64
2021-03-16,LV-1,long,stop,-87.2,305,306
2021-03-17,LV-1,long,stop,-87.2,63,65
2021-03-18,LV-1,long,target,72.8,12,14
2021-03-18,LV-1,long,target,72.8,38,45
2021-03-18,LV-1,long,target,72.8,91,106
2021-03-18,LV-1,long,stop,-87.2,218,219
2021-03-18,LV-1,long,target,72.8,244,247
2021-03-18,LV-1,long,target,72.8,308,309
2021-03-18,LV-1,long,stop,-87.2,319,323
2021-03-18,LV-2,long,stop,-87.2,57,61
2021-03-19,HV-1,short,target,142.8,15,23
2021-03-19,HV-1,short,target,142.8,41,53
2021-03-19,HV-1,short,target,142.8,139,140
2021-03-19,HV-1,short,stop,-157.2,240,242
2021-03-23,HV-1,short,stop,-157.2,30,32
2021-03-23,HV-1,short,target,142.8,49,52
2021-03-23,HV-1,short,target,142.8,275,276
2021-03-23,HV-1,short,stop,-157.2,283,284
2021-03-24,HV-1,short,stop,-157.2,92,96
2021-03-24,HV-1,short,target,142.8,206,210
2021-03-25,HV-1,short,target,142.8,117,119
2021-03-26,HV-1,short,stop,-157.2,11,24
2021-03-26,HV-1,short,target,142.8,127,135
2021-04-06,HV-1,short,stop,-157.2,90,94
2021-04-06,HV-1,short,target,142.8,269,271
2021-04-08,HV-1,short,stop,-157.2,44,46
2021-04-12,HV-1,long,target,142.8,6,7
2021-04-13,LV-2,long,target,72.8,36,40
2021-04-14,LV-1,long,stop,-87.2,61,69
2021-04-14,LV-1,long,target,72.8,186,189
2021-04-15,LV-1,long,target,72.8,69,148
2021-04-16,LV-1,long,target,72.8,10,11
2021-04-16,LV-1,long,target,72.8,56,61
2021-04-16,LV-2,long,stop,-87.2,32,36
2021-04-28,LV-1,long,target,72.8,11,15
2021-04-28,LV-1,long,target,72.8,92,96
2021-04-29,LV-2,long,target,72.8,45,59
2021-04-30,LV-1,long,target,72.8,3,6
2021-04-30,LV-2,long,target,72.8,133,135
2021-05-03,LV-3,long,target,72.8,3,4
2021-05-03,LV-3,long,target,72.8,9,27
2021-05-04,LV-1,long,stop,-87.2,34,40
2021-05-04,LV-2,long,target,72.8,53,58
2021-05-05,LV-1,long,target,72.8,90,93
2021-05-05,LV-1,long,stop,-87.2,109,168
2021-05-05,LV-1,long,stop,-87.2,245,255
2021-05-05,LV-2,long,target,72.8,115,153
2021-05-06,LV-1,long,stop,-87.2,65,67
2021-05-06,LV-2,long,target,72.8,36,41
2021-05-07,LV-1,long,target,72.8,60,61
2021-05-07,LV-1,long,target,72.8,40,83
2021-05-10,LV-1,long,target,72.8,65,67
2021-05-10,LV-1,long,stop,-87.2,254,257
2021-05-11,LV-1,long,stop,-87.2,2,3
2021-05-11,LV-1,long,target,72.8,44,45
2021-05-11,LV-1,long,target,72.8,57,86
2021-05-11,LV-3,long,target,72.8,51,88
2021-05-11,LV-3,long,stop,-87.2,44,99
2021-05-12,HV-2,long,stop,-157.2,4,7
2021-05-13,LV-1,long,target,72.8,29,30
2021-05-13,LV-1,long,target,72.8,38,39
2021-05-13,LV-1,long,target,72.8,206,211
2021-05-13,LV-2,long,target,72.8,133,135
2021-05-14,LV-1,long,target,72.8,8,9
2021-05-14,LV-1,long,target,72.8,50,67
2021-05-17,LV-1,long,target,72.8,0,1
2021-05-17,LV-1,long,target,72.8,79,80
2021-05-18,LV-1,long,target,72.8,30,31
2021-05-18,LV-1,long,stop,-87.2,189,195
2021-05-18,LV-1,long,target,72.8,222,223
2021-05-18,LV-2,long,target,72.8,85,90
2021-05-19,HV-1,long,target,142.8,3,4
2021-05-19,HV-1,long,stop,-157.2,73,75
2021-05-19,HV-1,long,target,142.8,113,115
2021-05-20,HV-1,long,target,142.8,16,23
2021-05-20,HV-1,long,target,142.8,79,95
2021-05-20,HV-1,long,stop,-157.2,280,284
2021-05-21,HV-1,long,stop,-157.2,39,44
2021-05-25,HV-1,long,stop,-157.2,55,56
2021-05-25,HV-2,long,target,142.8,16,32
2021-05-26,LV-1,long,stop,-87.2,6,9
2021-05-26,LV-1,long,target,72.8,106,109
2021-05-26,LV-3,long,target,72.8,91,93
2021-05-27,LV-1,long,target,72.8,7,47
2021-05-27,LV-1,long,target,72.8,135,137
2021-05-27,LV-3,long,stop,-87.2,35,36
2021-05-27,LV-3,long,target,72.8,7,52
2021-05-28,LV-1,long,stop,-87.2,50,51
2021-05-28,LV-2,long,stop,-87.2,40,42
2021-05-31,LV-1,long,stop,-87.2,94,99
2021-06-01,LV-1,long,target,72.8,34,35
2021-06-01,LV-1,long,target,72.8,143,144
2021-06-01,LV-2,long,target,72.8,149,150
2021-06-02,LV-1,long,stop,-87.2,43,52
2021-06-02,LV-1,long,stop,-87.2,90,92
2021-06-02,LV-2,long,target,72.8,66,73
2021-06-03,LV-1,long,target,72.8,26,30
2021-06-03,LV-1,long,stop,-87.2,161,164
2021-06-03,LV-2,long,target,72.8,143,146
2021-06-04,LV-1,long,target,72.8,108,113
2021-06-07,LV-1,long,target,72.8,0,1
2021-06-07,LV-1,long,target,72.8,149,152
2021-06-07,LV-2,long,target,72.8,67,79
2021-06-07,LV-3,long,target,72.8,32,35
2021-06-08,LV-1,long,stop,-87.2,1,26
2021-06-08,LV-1,long,stop,-87.2,100,121
2021-06-09,LV-1,long,stop,-87.2,72,74
2021-06-09,LV-1,long,target,72.8,120,135
2021-06-09,LV-1,long,target,72.8,189,195
2021-06-09,LV-2,long,stop,-87.2,105,115
2021-06-10,LV-1,long,target,72.8,40,44
2021-06-10,LV-1,long,stop,-87.2,195,196
2021-06-10,LV-1,long,target,72.8,241,245
2021-06-10,LV-2,long,stop,-87.2,85,92
2021-06-11,LV-3,long,stop,-87.2,131,135
2021-06-14,LV-1,long,target,72.8,109,113
2021-06-14,LV-1,long,stop,-87.2,271,272
2021-06-14,LV-2,long,target,72.8,134,140
2021-06-15,LV-1,long,stop,-87.2,240,278
2021-06-16,LV-1,long,stop,-87.2,10,27
2021-06-16,LV-1,long,stop,-87.2,124,193
2021-06-17,LV-1,long,target,72.8,65,67
2021-06-17,LV-1,long,target,72.8,136,150
2021-06-17,LV-1,long,stop,-87.2,173,174
2021-06-17,LV-1,long,stop,-87.2,208,209
2021-06-17,LV-2,long,target,72.8,180,187
2021-06-17,LV-3,long,target,72.8,15,37
2021-06-18,LV-1,long,target,72.8,19,22
2021-06-18,LV-1,long,stop,-87.2,49,50
2021-06-18,LV-1,long,target,72.8,60,92
2021-06-18,LV-3,long,stop,-87.2,33,34
2021-06-21,LV-1,long,target,72.8,78,79
2021-06-21,LV-1,long,target,72.8,251,287
2021-06-21,LV-3,long,target,72.8,20,23
2021-06-21,LV-3,long,target,72.8,78,79
2021-06-22,HV-1,long,stop,-157.2,66,120
2021-06-25,LV-1,long,target,72.8,13,17
2021-06-25,LV-2,long,target,72.8,77,80
2021-06-28,LV-1,long,target,72.8,67,70
2021-06-28,LV-2,long,target,72.8,67,70
2021-06-29,LV-1,long,target,72.8,7,12
2021-06-29,LV-1,long,stop,-87.2,272,283
2021-06-29,LV-2,long,stop,-87.2,174,197
2021-06-29,LV-3,long,stop,-87.2,7,13
2021-06-30,LV-1,long,target,72.8,17,29
2021-06-30,LV-1,long,target,72.8,96,97
2021-06-30,LV-2,long,target,72.8,43,46
2021-06-30,LV-3,long,stop,-87.2,96,98
2021-07-01,LV-1,long,stop,-87.2,7,8
2021-07-01,LV-1,long,stop,-87.2,65,67
2021-07-01,LV-1,long,target,72.8,76,79
2021-07-02,LV-1,long,stop,-87.2,37,38
2021-07-02,LV-2,long,target,72.8,32,34
2021-07-05,LV-3,long,target,72.8,141,143
2021-07-06,LV-1,long,stop,-87.2,6,8
2021-07-06,LV-1,long,target,72.8,11,12
2021-07-06,LV-1,long,stop,-87.2,120,124
2021-07-06,LV-1,long,target,72.8,128,129
2021-07-06,LV-1,long,target,72.8,200,201
2021-07-06,LV-2,long,target,72.8,45,46
2021-07-08,HV-1,short,target,142.8,38,39
2021-07-08,HV-1,short,target,142.8,81,120
2021-07-08,HV-1,short,stop,-157.2,204,205
2021-07-14,HV-1,long,stop,-157.2,162,170
2021-07-14,HV-1,long,target,142.8,177,180
2021-07-16,HV-1,short,target,142.8,72,74
2021-07-16,HV-1,short,stop,-157.2,68,127
2021-07-19,HV-1,short,target,142.8,0,2
2021-07-19,HV-1,short,target,142.8,34,35
2021-07-19,HV-1,short,target,142.8,51,52
2021-07-19,HV-1,short,stop,-157.2,121,128
2021-07-19,HV-1,short,stop,-157.2,255,256
2021-07-19,HV-2,short,target,142.8,34,36
2021-07-19,HV-2,short,stop,-157.2,79,80
2021-07-19,HV-2,short,stop,-157.2,230,231
2021-07-20,HV-1,short,target,142.8,31,41
2021-07-20,HV-1,short,target,142.8,244,272
2021-07-22,HV-1,short,stop,-157.2,35,39
2021-07-29,LV-1,long,target,72.8,137,151
2021-07-29,LV-3,long,target,72.8,3,29
2021-07-30,LV-1,long,stop,-87.2,95,98
2021-08-02,LV-1,long,target,72.8,56,57
2021-08-02,LV-1,long,target,72.8,95,99
2021-08-02,LV-1,long,target,72.8,121,122
2021-08-02,LV-1,long,stop,-87.2,159,162
2021-08-02,LV-2,long,stop,-87.2,54,55
2021-08-03,LV-1,short,target,72.8,1,7
2021-08-03,LV-1,short,target,72.8,38,71
2021-08-03,LV-1,short,stop,-87.2,160,163
2021-08-03,LV-2,short,target,72.8,40,41
2021-08-04,LV-1,short,stop,-87.2,4,5
2021-08-04,LV-1,short,stop,-87.2,27,30
2021-08-04,LV-1,short,target,72.8,235,237
2021-08-04,LV-2,short,target,72.8,75,76
2021-08-04,LV-3,short,stop,-87.2,4,5
2021-08-04,LV-3,short,target,72.8,16,19
2021-08-05,HV-1,short,stop,-157.2,10,13
2021-08-05,HV-1,short,target,142.8,41,45
2021-08-05,HV-2,short,target,142.8,3,6
2021-08-06,HV-1,short,target,142.8,2,4
2021-08-06,HV-1,short,target,142.8,46,71
2021-08-06,HV-1,short,stop,-157.2,110,120
2021-08-06,HV-1,short,target,142.8,139,140
2021-08-06,HV-2,short,target,142.8,11,16
2021-08-06,HV-2,short,stop,-157.2,50,51
2021-08-06,HV-2,short,stop,-157.2,49,52
2021-08-09,HV-1,short,target,142.8,10,22
2021-08-09,HV-1,short,target,142.8,110,115
2021-08-10,HV-1,short,target,142.8,10,32
2021-08-10,HV-1,short,stop,-157.2,102,104
2021-08-11,HV-1,short,target,142.8,1,3
2021-08-11,HV-1,short,stop,-157.2,108,109
2021-08-11,HV-1,short,target,142.8,242,243
2021-08-11,HV-2,short,stop,-157.2,11,13
2021-08-13,HV-1,short,target,142.8,32,35
2021-08-13,HV-1,short,target,142.8,189,195
2021-08-16,LV-1,short,stop,-87.2,1,2
2021-08-16,LV-1,short,stop,-87.2,47,48
2021-08-16,LV-1,short,stop,-87.2,121,135
2021-08-16,LV-1,short,stop,-87.2,157,158
2021-08-16,LV-2,short,stop,-87.2,87,91
2021-08-17,HV-1,short,stop,-157.2,91,101
2021-08-17,HV-2,short,target,142.8,198,200
2021-08-18,HV-1,short,target,142.8,6,10
2021-08-18,HV-1,short,target,142.8,82,90
2021-08-18,HV-2,short,target,142.8,16,33
2021-08-18,HV-2,short,stop,-157.2,39,54
2021-08-19,LV-1,short,target,72.8,15,16
2021-08-19,LV-1,short,stop,-87.2,105,106
2021-08-19,LV-1,short,target,72.8,90,119
2021-08-19,LV-2,short,target,72.8,47,48
2021-08-19,LV-3,short,target,72.8,94,96
2021-08-20,HV-1,short,target,142.8,65,66
2021-08-23,HV-1,short,stop,-157.2,2,3
2021-08-23,HV-1,short,target,142.8,127,130
2021-08-24,HV-1,short,stop,-157.2,47,52
2021-08-25,HV-1,short,target,142.8,4,10
2021-08-25,HV-1,short,target,142.8,45,46
2021-08-26,LV-1,short,stop,-87.2,21,46
2021-08-26,LV-2,short,stop,-87.2,86,88
2021-08-26,LV-3,short,target,72.8,22,25
2021-08-26,LV-3,short,stop,-87.2,23,24
2021-08-27,LV-1,short,stop,-87.2,76,78
2021-08-30,LV-1,short,target,72.8,36,37
2021-08-30,LV-2,short,stop,-87.2,229,240
2021-08-30,LV-3,short,target,72.8,40,41
2021-08-31,LV-1,short,target,72.8,1,4
2021-08-31,LV-1,short,time_exit,42.799999999997155,148,221
2021-08-31,LV-2,short,target,72.8,43,46
2021-09-02,LV-1,long,stop,-87.2,116,119
2021-09-03,LV-1,long,target,72.8,36,37
2021-09-03,LV-1,long,stop,-87.2,234,236
2021-09-03,LV-2,long,stop,-87.2,29,87
2021-09-10,LV-1,long,target,72.8,0,58
2021-09-10,LV-2,long,target,72.8,68,70
2021-09-13,LV-1,long,stop,-87.2,7,8
2021-09-13,LV-2,long,target,72.8,96,133
2021-09-14,LV-1,long,target,72.8,7,8
2021-09-14,LV-1,long,target,72.8,127,128
2021-09-14,LV-2,long,target,72.8,33,36
2021-09-15,LV-1,long,target,72.8,40,41
2021-09-15,LV-1,long,stop,-87.2,107,112
2021-09-15,LV-3,long,target,72.8,51,67
2021-09-16,LV-1,long,stop,-87.2,50,53
2021-09-16,LV-2,long,target,72.8,50,52
2021-09-16,LV-3,long,stop,-87.2,15,18
2021-09-17,LV-1,long,stop,-87.2,6,7
2021-09-17,LV-1,long,target,72.8,15,16
2021-09-17,LV-2,long,target,72.8,63,65
2021-09-20,LV-1,long,stop,-87.2,45,46
2021-09-20,LV-1,long,target,72.8,14,81
2021-09-20,LV-2,long,target,72.8,188,238
2021-09-21,LV-1,long,target,72.8,7,8
2021-09-21,LV-1,long,target,72.8,74,75
2021-09-21,LV-1,long,stop,-87.2,106,108
2021-09-21,LV-2,long,stop,-87.2,61,64
2021-09-22,LV-1,long,target,72.8,2,3
2021-09-22,LV-3,long,target,72.8,6,13
2021-09-22,LV-3,long,stop,-87.2,221,234
2021-09-24,LV-1,long,target,72.8,2,3
2021-09-24,LV-1,long,stop,-87.2,240,284
2021-09-24,LV-3,long,stop,-87.2,144,145
2021-09-27,LV-1,long,target,72.8,31,32
2021-09-28,LV-1,long,target,72.8,13,49
2021-09-28,LV-1,long,target,72.8,56,61
2021-09-28,LV-1,long,target,72.8,141,150
2021-09-28,LV-2,long,stop,-87.2,84,86
2021-09-29,LV-1,long,target,72.8,3,4
2021-09-29,LV-1,long,target,72.8,102,111
2021-09-29,LV-3,long,target,72.8,101,132
2021-09-30,LV-1,long,target,72.8,30,34
2021-09-30,LV-1,long,stop,-87.2,85,88
2021-09-30,LV-1,long,target,72.8,127,128
2021-09-30,LV-1,long,target,72.8,170,171
2021-09-30,LV-1,long,stop,-87.2,255,256
2021-09-30,LV-2,long,stop,-87.2,38,39
2021-09-30,LV-3,long,target,72.8,127,128
2021-09-30,LV-3,long,target,72.8,126,131
2021-10-01,HV-1,long,target,142.8,3,7
2021-10-01,HV-2,long,target,142.8,5,6
2021-10-01,HV-2,long,time_exit,-7.2,20,93
2021-10-04,HV-1,long,stop,-157.2,0,7
2021-10-04,HV-1,long,stop,-157.2,49,50
2021-10-04,HV-2,long,target,142.8,46,61
2021-10-05,HV-1,long,target,142.8,73,78
2021-10-06,HV-1,long,target,142.8,0,2
2021-10-06,HV-1,long,target,142.8,45,46
2021-10-07,HV-1,long,stop,-157.2,3,16
2021-10-07,HV-1,long,stop,-157.2,86,91
2021-10-07,HV-2,long,target,142.8,86,91
2021-10-07,HV-2,long,target,142.8,103,104
2021-10-08,LV-1,long,target,72.8,27,34
2021-10-08,LV-1,long,target,72.8,68,69
2021-10-08,LV-2,long,target,72.8,272,273
2021-10-08,LV-3,long,target,72.8,27,34
2021-10-11,LV-1,long,target,72.8,23,25
2021-10-11,LV-1,long,stop,-87.2,62,64
2021-10-12,LV-1,long,target,72.8,11,12
2021-10-12,LV-1,long,stop,-87.2,52,53
2021-10-12,LV-1,long,stop,-87.2,49,63
2021-10-12,LV-1,long,target,72.8,22,78
2021-10-12,LV-3,long,target,72.8,26,32
2021-10-12,LV-3,long,target,72.8,51,53
2021-10-12,LV-3,long,stop,-87.2,22,84
2021-10-13,HV-2,long,stop,-157.2,142,143
2021-10-13,HV-2,long,stop,-157.2,224,228
2021-10-14,HV-1,long,stop,-157.2,104,120
2021-10-18,LV-1,long,stop,-87.2,21,49
2021-10-18,LV-1,long,stop,-87.2,117,119
2021-10-18,LV-1,long,target,72.8,182,184
2021-10-18,LV-2,long,target,72.8,55,57
2021-10-19,HV-1,long,stop,-157.2,7,8
2021-10-19,HV-1,long,stop,-157.2,25,26
2021-10-19,HV-2,long,target,142.8,152,163
2021-10-20,LV-1,long,target,72.8,20,32
2021-10-20,LV-1,long,stop,-87.2,90,91
2021-10-20,LV-1,long,stop,-87.2,193,196
2021-10-20,LV-3,long,target,72.8,21,24
2021-10-21,HV-1,long,stop,-157.2,7,13
2021-10-21,HV-1,long,stop,-157.2,46,72
2021-10-21,HV-1,long,stop,-157.2,137,151
2021-10-21,HV-1,long,target,142.8,216,238
2021-10-22,HV-1,long,stop,-157.2,33,37
2021-10-22,HV-2,long,stop,-157.2,33,37
2021-10-25,HV-1,long,target,142.8,4,6
2021-10-25,HV-1,long,target,142.8,108,126
2021-10-26,HV-1,long,target,142.8,77,81
2021-10-27,HV-1,long,target,142.8,63,64
2021-10-27,HV-1,long,target,142.8,37,90
2021-10-27,HV-1,long,stop,-157.2,25,106
2021-10-27,HV-1,long,target,142.8,215,219
2021-10-27,HV-2,long,target,142.8,38,39
2021-10-28,HV-1,long,stop,-157.2,2,3
2021-10-28,HV-1,long,stop,-157.2,88,92
2021-10-29,HV-1,long,target,142.8,20,72
2021-11-03,HV-1,short,target,142.8,1,16
2021-11-03,HV-1,short,target,142.8,133,139
2021-11-05,HV-1,short,target,142.8,0,1
2021-11-05,HV-1,short,target,142.8,25,27
2021-11-05,HV-1,short,target,142.8,324,327
2021-11-10,HV-1,long,target,142.8,15,20
2021-11-10,HV-1,long,target,142.8,92,102
2021-11-10,HV-1,long,target,142.8,119,120
2021-11-10,HV-1,long,target,142.8,190,192
2021-11-10,HV-1,long,target,142.8,250,257
2021-11-12,HV-1,short,stop,-157.2,2,4
2021-11-12,HV-1,short,stop,-157.2,19,23
2021-11-12,HV-1,short,target,142.8,178,180
2021-11-15,HV-1,short,stop,-157.2,84,87
2021-11-17,HV-1,short,target,142.8,95,96
2021-11-17,HV-1,short,target,142.8,124,132
2021-11-17,HV-1,short,target,142.8,251,259
2021-11-17,HV-2,short,target,142.8,124,132
2021-11-17,HV-2,short,stop,-157.2,251,260
2021-11-17,HV-2,short,target,142.8,278,279
2021-11-18,HV-2,short,stop,-157.2,83,85
2021-11-19,HV-1,short,target,142.8,1,3
2021-11-19,HV-1,short,target,142.8,49,59
2021-11-19,HV-2,short,target,142.8,142,143
2021-11-22,HV-1,short,target,142.8,7,9
2021-11-22,HV-1,short,target,142.8,51,52
2021-11-22,HV-1,short,target,142.8,163,164
2021-11-22,HV-2,short,target,142.8,2,27
2021-11-23,HV-1,short,target,142.8,49,50
2021-11-23,HV-1,short,target,142.8,83,85
2021-11-24,HV-1,short,target,142.8,49,52
2021-11-26,HV-1,short,target,142.8,0,3
2021-11-26,HV-1,short,target,142.8,42,43
2021-11-26,HV-1,short,target,142.8,63,64
2021-11-26,HV-1,short,target,142.8,92,93
2021-11-26,HV-1,short,stop,-157.2,99,100
2021-11-26,HV-1,short,target,142.8,111,112
2021-11-26,HV-1,short,target,142.8,118,123
2021-11-26,HV-1,short,target,142.8,138,139
2021-11-26,HV-2,short,target,142.8,63,64
2021-11-26,HV-2,short,target,142.8,74,75
2021-11-26,HV-2,short,target,142.8,76,77
2021-11-26,HV-2,short,target,142.8,115,116
2021-11-26,HV-2,short,stop,-157.2,119,121
2021-11-29,HV-1,short,stop,-157.2,0,1
2021-11-29,HV-1,short,stop,-157.2,67,68
2021-11-29,HV-1,short,stop,-157.2,97,98
2021-11-29,HV-1,short,target,142.8,91,104
2021-11-29,HV-2,short,stop,-157.2,67,68
2021-11-29,HV-2,short,stop,-157.2,85,86
2021-11-29,HV-2,short,stop,-157.2,97,98
2021-11-30,HV-1,short,target,142.8,3,24
2021-11-30,HV-1,short,target,142.8,75,79
2021-11-30,HV-1,short,target,142.8,117,118
2021-11-30,HV-1,short,target,142.8,165,169
2021-11-30,HV-1,short,stop,-157.2,175,176
2021-11-30,HV-1,short,target,142.8,187,188
2021-11-30,HV-1,short,target,142.8,244,245
2021-11-30,HV-2,short,target,142.8,175,176
2021-12-01,HV-1,short,target,142.8,23,39
2021-12-01,HV-1,short,target,142.8,48,51
2021-12-01,HV-1,short,target,142.8,246,248
2021-12-01,HV-1,short,target,142.8,289,292
2021-12-01,HV-2,short,stop,-157.2,247,248
2021-12-01,HV-2,short,target,142.8,282,283
2021-12-02,HV-1,short,stop,-157.2,2,3
2021-12-02,HV-1,short,target,142.8,2,6
2021-12-02,HV-1,short,target,142.8,1,10
2021-12-02,HV-1,short,stop,-157.2,0,11
2021-12-02,HV-1,short,stop,-157.2,60,62
2021-12-02,HV-1,short,target,142.8,98,100
2021-12-02,HV-1,short,target,142.8,108,109
2021-12-02,HV-1,short,stop,-157.2,123,127
2021-12-02,HV-2,short,target,142.8,2,7
2021-12-03,HV-1,short,stop,-157.2,0,7
2021-12-03,HV-1,short,target,142.8,46,47
2021-12-03,HV-1,short,stop,-157.2,131,132
2021-12-03,HV-1,short,stop,-157.2,206,218
2021-12-03,HV-1,short,target,142.8,275,292
2021-12-03,HV-2,short,target,142.8,105,117
2021-12-03,HV-2,short,target,142.8,189,190
2021-12-03,HV-2,short,target,142.8,276,280
2021-12-06,HV-1,short,stop,-157.2,37,38
2021-12-06,HV-1,short,target,142.8,17,60
2021-12-07,HV-1,short,target,142.8,0,31
2021-12-07,HV-1,short,stop,-157.2,78,91
2021-12-08,HV-1,short,target,142.8,4,62
2021-12-08,HV-1,short,target,142.8,188,191
2021-12-09,HV-1,short,target,142.8,51,57
2021-12-10,HV-1,short,target,142.8,28,29
2021-12-13,HV-1,short,target,142.8,148,153
2021-12-14,LV-1,short,stop,-87.2,1,2
2021-12-14,LV-1,short,target,72.8,6,33
2021-12-14,LV-2,short,target,72.8,39,40
2021-12-15,LV-1,short,stop,-87.2,36,90
2021-12-15,LV-1,short,target,72.8,212,213
2021-12-15,LV-2,short,target,72.8,129,182
2021-12-16,LV-1,short,target,72.8,3,4
2021-12-16,LV-1,short,stop,-87.2,67,68
2021-12-16,LV-1,short,target,72.8,122,130
2021-12-16,LV-1,short,target,72.8,149,150
2021-12-16,LV-2,short,stop,-87.2,143,144
2021-12-16,LV-3,short,stop,-87.2,67,68
2021-12-17,LV-1,short,stop,-87.2,6,7
2021-12-17,LV-1,short,target,72.8,82,90
2021-12-17,LV-1,short,target,72.8,73,105
2021-12-17,LV-2,short,target,72.8,32,33
2021-12-17,LV-3,short,target,72.8,73,107
2021-12-20,LV-1,short,target,72.8,51,53
2021-12-20,LV-1,short,target,72.8,38,62
2021-12-20,LV-1,short,stop,-87.2,108,109
2021-12-20,LV-3,short,target,72.8,108,109
2021-12-21,HV-1,short,stop,-157.2,0,2
2021-12-21,HV-1,short,target,142.8,34,39
2021-12-23,HV-1,short,target,142.8,14,29
2021-12-28,HV-1,short,target,142.8,125,126
2021-12-29,HV-1,short,target,142.8,134,135
2021-12-29,HV-1,short,stop,-157.2,148,217
2021-12-30,HV-1,short,time_exit,22.800000000001138,110,188
2022-01-03,HV-1,long,target,142.8,167,171
2022-01-04,HV-1,long,stop,-157.2,55,57
2022-01-04,HV-1,long,target,142.8,48,121
2022-01-04,HV-2,long,target,142.8,50,52
2022-01-05,HV-1,long,target,142.8,43,48
2022-01-06,LV-1,long,target,72.8,1,5
2022-01-06,LV-1,long,target,72.8,85,116
2022-01-06,LV-2,long,target,72.8,34,35
2022-01-07,LV-1,long,target,72.8,53,57
2022-01-07,LV-1,long,stop,-87.2,37,112
2022-01-07,LV-2,long,stop,-87.2,45,46
2022-01-10,LV-1,long,stop,-87.2,65,71
2022-01-10,LV-1,long,target,72.8,91,98
2022-01-10,LV-3,long,stop,-87.2,31,33
2022-01-11,LV-1,long,stop,-87.2,5,6
2022-01-11,LV-1,long,target,72.8,1,29
2022-01-11,LV-1,long,stop,-87.2,42,43
2022-01-11,LV-1,long,target,72.8,152,153
2022-01-11,LV-1,long,target,72.8,232,233
2022-01-11,LV-2,long,stop,-87.2,36,37
2022-01-11,LV-3,long,target,72.8,2,3
2022-01-11,LV-3,long,target,72.8,150,151
2022-01-12,HV-1,long,target,142.8,48,65
2022-01-12,HV-1,long,stop,-157.2,96,97
2022-01-12,HV-2,long,target,142.8,158,159
2022-01-13,HV-1,long,stop,-157.2,9,12
2022-01-13,HV-1,long,target,142.8,120,124
2022-01-14,HV-2,long,stop,-157.2,46,49
2022-01-14,HV-2,long,stop,-157.2,150,151
2022-01-14,HV-2,long,target,142.8,231,252
2022-01-18,HV-1,long,target,142.8,71,73
2022-01-19,LV-1,long,target,72.8,0,2
2022-01-19,LV-1,long,stop,-87.2,167,182
2022-01-19,LV-3,long,target,72.8,30,31
2022-01-19,LV-3,long,target,72.8,33,34
2022-01-20,LV-1,long,target,72.8,80,86
2022-01-20,LV-1,long,target,72.8,125,126
2022-01-20,LV-1,long,stop,-87.2,158,159
2022-01-20,LV-3,long,target,72.8,158,159
2022-01-21,LV-1,long,stop,-87.2,24,27
2022-01-21,LV-1,long,target,72.8,71,72
2022-01-21,LV-2,long,target,72.8,37,41
2022-01-24,LV-1,long,target,72.8,10,20
2022-01-24,LV-1,long,target,72.8,55,58
2022-01-24,LV-1,long,target,72.8,65,66
2022-01-24,LV-1,long,target,72.8,185,197
2022-01-24,LV-2,long,stop,-87.2,53,54
2022-01-25,HV-1,long,target,142.8,14,16
2022-01-25,HV-1,long,stop,-157.2,55,60
2022-01-25,HV-1,long,target,142.8,109,114
2022-01-26,HV-1,long,target,142.8,40,44
2022-01-26,HV-1,long,target,142.8,91,92
2022-01-26,HV-1,long,stop,-157.2,267,275
2022-01-27,HV-1,long,stop,-157.2,88,89
2022-01-27,HV-2,long,target,142.8,2,6
2022-01-28,HV-1,long,stop,-157.2,4,6
2022-01-28,HV-1,long,stop,-157.2,65,93
2022-01-28,HV-1,long,target,142.8,134,163
2022-01-31,HV-1,long,target,142.8,62,63
2022-02-02,HV-1,long,stop,-157.2,2,6
2022-02-02,HV-1,long,stop,-157.2,72,73
2022-02-02,HV-1,long,stop,-157.2,98,124
2022-02-04,HV-1,long,target,142.8,2,3
2022-02-04,HV-1,long,stop,-157.2,37,98
2022-02-04,HV-2,long,stop,-157.2,42,44
2022-02-04,HV-2,long,target,142.8,38,50
2022-02-07,HV-1,long,target,142.8,61,62
2022-02-07,HV-1,long,stop,-157.2,119,151
2022-02-08,HV-1,long,stop,-157.2,104,111
2022-02-08,HV-1,long,target,142.8,231,247
2022-02-08,HV-2,long,target,142.8,3,4
2022-02-09,HV-1,long,target,142.8,15,36
2022-02-09,HV-1,long,stop,-157.2,90,108
2022-02-09,HV-1,long,target,142.8,180,184
2022-02-10,HV-1,long,stop,-157.2,12,18
2022-02-10,HV-1,long,target,142.8,67,138
2022-02-10,HV-1,long,target,142.8,167,174
2022-02-10,HV-2,long,target,142.8,45,46
2022-02-11,HV-1,long,stop,-157.2,37,38
2022-02-11,HV-1,long,target,142.8,272,273
2022-02-11,HV-1,long,target,142.8,276,280
2022-02-11,HV-1,long,target,142.8,282,283
2022-02-11,HV-1,long,stop,-157.2,289,290
2022-02-11,HV-2,long,stop,-157.2,122,130
2022-02-11,HV-2,long,target,142.8,207,208
2022-02-11,HV-2,long,stop,-157.2,273,275
2022-02-11,HV-2,long,stop,-157.2,274,275
2022-02-11,HV-2,long,stop,-157.2,278,279
2022-02-11,HV-2,long,stop,-157.2,286,287
2022-02-14,HV-1,long,target,142.8,8,13
2022-02-14,HV-1,long,stop,-157.2,70,73
2022-02-14,HV-1,long,target,142.8,49,82
2022-02-14,HV-1,long,stop,-157.2,254,256
2022-02-14,HV-1,long,target,142.8,294,295
2022-02-14,HV-2,long,stop,-157.2,43,44
2022-02-14,HV-2,long,stop,-157.2,69,74
2022-02-14,HV-2,long,target,142.8,296,297
2022-02-15,HV-1,long,stop,-157.2,1,6
2022-02-15,HV-1,long,target,142.8,58,59
2022-02-15,HV-1,long,stop,-157.2,151,162
2022-02-15,HV-1,long,target,142.8,185,187
2022-02-16,HV-1,long,stop,-157.2,0,3
2022-02-16,HV-1,long,target,142.8,90,91
2022-02-16,HV-1,long,target,142.8,164,167
2022-02-16,HV-2,long,target,142.8,111,114
2022-02-16,HV-2,long,target,142.8,122,123
2022-02-17,HV-1,long,stop,-157.2,21,22
2022-02-17,HV-1,long,target,142.8,34,35
2022-02-17,HV-1,long,target,142.8,44,46
2022-02-18,HV-1,short,stop,-157.2,19,23
2022-02-18,HV-1,short,stop,-157.2,51,56
2022-02-18,HV-1,short,target,142.8,135,144
2022-02-18,HV-1,short,stop,-157.2,150,211
2022-02-21,HV-1,long,target,142.8,88,93
2022-02-21,HV-1,long,target,142.8,238,240
2022-02-21,HV-1,long,stop,-157.2,243,244
2022-02-21,HV-1,long,target,142.8,260,262
2022-02-22,HV-1,long,target,142.8,11,32
2022-02-22,HV-1,long,stop,-157.2,52,55
2022-02-22,HV-1,long,stop,-157.2,99,100
2022-02-22,HV-1,long,target,142.8,128,130
2022-02-23,HV-1,long,target,142.8,2,5
2022-02-23,HV-1,long,target,142.8,70,72
2022-02-23,HV-1,long,stop,-157.2,62,117
2022-02-24,HV-1,long,target,142.8,0,1
2022-02-24,HV-1,long,stop,-157.2,5,7
2022-02-24,HV-1,long,stop,-157.2,34,39
2022-02-24,HV-1,long,target,142.8,55,56
2022-02-24,HV-1,long,target,142.8,62,63
2022-02-24,HV-1,long,target,142.8,101,104
2022-02-24,HV-1,long,stop,-157.2,183,185
2022-02-24,HV-1,long,target,142.8,217,220
2022-02-24,HV-1,long,target,142.8,190,255
2022-02-25,HV-1,long,stop,-157.2,14,35
2022-02-25,HV-1,long,target,142.8,7,37
2022-02-25,HV-1,long,target,142.8,47,52
2022-02-25,HV-1,long,stop,-157.2,164,191
2022-02-28,HV-1,long,target,142.8,29,30
2022-02-28,HV-1,long,stop,-157.2,73,77
2022-02-28,HV-1,long,stop,-157.2,222,225
2022-02-28,HV-1,long,target,142.8,256,272
2022-02-28,HV-2,long,stop,-157.2,211,212
2022-03-01,HV-1,long,target,142.8,11,12
2022-03-01,HV-1,long,stop,-157.2,18,19
2022-03-01,HV-1,long,target,142.8,32,35
2022-03-01,HV-1,long,stop,-157.2,45,46
2022-03-01,HV-1,long,target,142.8,73,76
2022-03-01,HV-1,long,target,142.8,91,92
2022-03-01,HV-1,long,target,142.8,104,106
2022-03-01,HV-1,long,stop,-157.2,111,113
2022-03-01,HV-1,long,target,142.8,102,131
2022-03-01,HV-1,long,target,142.8,154,155
2022-03-01,HV-1,long,target,142.8,157,162
2022-03-01,HV-2,long,target,142.8,32,35
2022-03-01,HV-2,long,target,142.8,43,44
2022-03-01,HV-2,long,stop,-157.2,73,74
2022-03-01,HV-2,long,target,142.8,94,96
2022-03-01,HV-2,long,target,142.8,104,107
2022-03-01,HV-2,long,stop,-157.2,112,113
2022-03-01,HV-2,long,target,142.8,158,160
2022-03-01,HV-2,long,target,142.8,157,162
2022-03-01,HV-2,long,target,142.8,155,211
2022-03-02,HV-1,long,target,142.8,13,14
2022-03-02,HV-1,long,stop,-157.2,37,38
2022-03-02,HV-1,long,target,142.8,54,55
2022-03-02,HV-1,long,target,142.8,62,65
2022-03-02,HV-1,long,target,142.8,83,84
2022-03-02,HV-1,long,target,142.8,102,103
2022-03-02,HV-1,long,stop,-157.2,114,115
2022-03-02,HV-1,long,stop,-157.2,118,119
2022-03-02,HV-1,long,target,142.8,121,122
2022-03-03,HV-1,long,target,142.8,0,1
2022-03-03,HV-1,long,target,142.8,2,3
2022-03-03,HV-1,long,stop,-157.2,5,6
2022-03-03,HV-1,long,stop,-157.2,7,8
2022-03-03,HV-1,long,target,142.8,17,18
2022-03-03,HV-1,long,stop,-157.2,74,78
2022-03-03,HV-1,long,stop,-157.2,66,85
2022-03-03,HV-1,long,target,142.8,64,87
2022-03-03,HV-2,long,target,142.8,2,4
2022-03-03,HV-2,long,stop,-157.2,7,8
2022-03-03,HV-2,long,stop,-157.2,18,19
2022-03-03,HV-2,long,stop,-157.2,67,69
2022-03-03,HV-2,long,target,142.8,65,85
2022-03-04,HV-1,long,target,142.8,8,10
2022-03-04,HV-1,long,target,142.8,32,33
2022-03-04,HV-1,long,target,142.8,46,47
2022-03-04,HV-1,long,stop,-157.2,29,61
2022-03-04,HV-1,long,target,142.8,196,202
2022-03-04,HV-2,long,target,142.8,32,33
2022-03-04,HV-2,long,target,142.8,30,60
2022-03-04,HV-2,long,target,142.8,29,108
2022-03-07,HV-1,long,stop,-157.2,1,2
2022-03-07,HV-1,long,stop,-157.2,8,9
2022-03-07,HV-1,long,stop,-157.2,8,17
2022-03-07,HV-1,long,target,142.8,22,29
2022-03-07,HV-1,long,target,142.8,37,38
2022-03-07,HV-1,long,target,142.8,64,65
2022-03-07,HV-1,long,stop,-157.2,74,76
2022-03-07,HV-1,long,stop,-157.2,82,83
2022-03-07,HV-1,long,target,142.8,148,149
2022-03-07,HV-1,long,target,142.8,249,250
2022-03-07,HV-1,long,target,142.8,243,258
2022-03-07,HV-1,long,stop,-157.2,265,266
2022-03-07,HV-2,long,stop,-157.2,82,83
2022-03-07,HV-2,long,stop,-157.2,140,141
2022-03-07,HV-2,long,target,142.8,242,243
2022-03-07,HV-2,long,target,142.8,244,245
2022-03-08,HV-1,long,target,142.8,6,7
2022-03-08,HV-1,long,target,142.8,11,16
2022-03-08,HV-1,long,target,142.8,28,30
2022-03-08,HV-1,long,target,142.8,36,37
2022-03-08,HV-1,long,target,142.8,45,46
2022-03-08,HV-1,long,target,142.8,49,50
2022-03-08,HV-1,long,stop,-157.2,54,56
2022-03-08,HV-1,long,target,142.8,68,69
2022-03-08,HV-1,long,target,142.8,86,88
2022-03-08,HV-1,long,stop,-157.2,49,108
2022-03-08,HV-1,long,stop,-157.2,46,109
2022-03-08,HV-1,long,stop,-157.2,198,199
2022-03-08,HV-1,long,stop,-157.2,198,201
2022-03-08,HV-1,long,stop,-157.2,202,209
2022-03-08,HV-1,long,stop,-157.2,202,212
2022-03-08,HV-1,long,target,142.8,215,216
2022-03-08,HV-2,long,target,142.8,45,46
2022-03-08,HV-2,long,target,142.8,49,52
2022-03-08,HV-2,long,stop,-157.2,54,56
2022-03-08,HV-2,long,target,142.8,86,88
2022-03-09,HV-1,long,target,142.8,0,2
2022-03-09,HV-1,long,stop,-157.2,5,8
2022-03-09,HV-1,long,target,142.8,41,43
2022-03-09,HV-1,long,stop,-157.2,54,55
2022-03-09,HV-1,long,target,142.8,132,133
2022-03-09,HV-1,long,target,142.8,193,194
2022-03-09,HV-1,long,stop,-157.2,243,245
2022-03-09,HV-2,long,stop,-157.2,42,43
2022-03-10,HV-1,long,stop,-157.2,3,4
2022-03-10,HV-1,long,stop,-157.2,8,9
2022-03-10,HV-1,long,stop,-157.2,12,13
2022-03-10,HV-1,long,stop,-157.2,24,25
2022-03-10,HV-1,long,target,142.8,45,46
2022-03-10,HV-1,long,target,142.8,44,53
2022-03-10,HV-1,long,stop,-157.2,59,62
2022-03-10,HV-1,long,stop,-157.2,64,65
2022-03-10,HV-1,long,stop,-157.2,83,84
2022-03-10,HV-1,long,target,142.8,90,91
2022-03-11,HV-1,long,target,142.8,7,8
2022-03-11,HV-1,long,target,142.8,24,25
2022-03-11,HV-1,long,target,142.8,37,38
2022-03-11,HV-1,long,target,142.8,70,72
2022-03-11,HV-1,long,stop,-157.2,95,96
2022-03-11,HV-1,long,stop,-157.2,120,122
2022-03-11,HV-1,long,stop,-157.2,162,163
2022-03-11,HV-1,long,target,142.8,211,213
2022-03-14,HV-1,long,target,142.8,11,13
2022-03-14,HV-1,long,stop,-157.2,5,17
2022-03-14,HV-1,long,target,142.8,43,44
2022-03-14,HV-1,long,target,142.8,57,60
2022-03-14,HV-1,long,target,142.8,68,71
2022-03-14,HV-1,long,target,142.8,75,78
2022-03-14,HV-1,long,target,142.8,87,93
2022-03-14,HV-1,long,target,142.8,108,126
2022-03-14,HV-1,long,target,142.8,255,256
2022-03-15,HV-1,long,target,142.8,5,7
2022-03-15,HV-1,long,stop,-157.2,3,14
2022-03-15,HV-1,long,target,142.8,2,30
2022-03-15,HV-1,long,stop,-157.2,66,67
2022-03-15,HV-1,long,stop,-157.2,69,70
2022-03-15,HV-1,long,target,142.8,78,92
2022-03-15,HV-1,long,target,142.8,200,202
2022-03-15,HV-1,long,target,142.8,241,244
2022-03-15,HV-1,long,stop,-157.2,228,248
2022-03-16,HV-1,long,stop,-157.2,20,22
2022-03-16,HV-1,long,stop,-157.2,28,30
2022-03-16,HV-1,long,stop,-157.2,60,61
2022-03-16,HV-1,long,stop,-157.2,54,72
2022-03-16,HV-1,long,target,142.8,85,86
2022-03-16,HV-1,long,stop,-157.2,82,90
2022-03-16,HV-1,long,target,142.8,140,144
2022-03-16,HV-1,long,target,142.8,335,337
2022-03-17,HV-1,long,target,142.8,3,4
2022-03-17,HV-1,long,stop,-157.2,17,18
2022-03-17,HV-1,long,stop,-157.2,35,36
2022-03-17,HV-1,long,stop,-157.2,44,45
2022-03-17,HV-1,long,stop,-157.2,177,181
2022-03-17,HV-1,long,stop,-157.2,331,332
2022-03-18,HV-1,long,stop,-157.2,0,1
2022-03-18,HV-1,long,stop,-157.2,8,10
2022-03-18,HV-1,long,target,142.8,28,29
2022-03-18,HV-1,long,stop,-157.2,39,40
2022-03-21,HV-1,long,stop,-157.2,60,62
2022-03-21,HV-1,long,stop,-157.2,126,141
2022-03-21,HV-1,long,target,142.8,215,219
2022-03-21,HV-1,long,target,142.8,333,334
2022-03-21,HV-2,long,stop,-157.2,40,41
2022-03-21,HV-2,long,target,142.8,51,53
2022-03-21,HV-2,long,target,142.8,49,57
2022-03-22,HV-1,long,target,142.8,5,6
2022-03-22,HV-1,long,target,142.8,35,36
2022-03-22,HV-1,long,target,142.8,33,49
2022-03-22,HV-1,long,target,142.8,67,68
2022-03-22,HV-1,long,target,142.8,95,96
2022-03-22,HV-1,long,target,142.8,270,271
2022-03-23,HV-1,long,stop,-157.2,20,21
2022-03-23,HV-1,long,target,142.8,33,37
2022-03-23,HV-1,long,stop,-157.2,113,115
2022-03-23,HV-1,long,target,142.8,105,164
2022-03-23,HV-2,long,target,142.8,13,16
2022-03-23,HV-2,long,target,142.8,33,41
2022-03-23,HV-2,long,stop,-157.2,140,143
2022-03-23,HV-2,long,target,142.8,105,164
2022-03-24,HV-1,long,stop,-157.2,14,15
2022-03-24,HV-1,long,target,142.8,37,39
2022-03-24,HV-1,long,stop,-157.2,60,61
2022-03-24,HV-1,long,target,142.8,75,76
2022-03-24,HV-1,long,stop,-157.2,191,192
2022-03-25,HV-1,long,stop,-157.2,7,8
2022-03-25,HV-1,long,target,142.8,28,30
2022-03-25,HV-1,long,target,142.8,40,48
2022-03-25,HV-1,long,stop,-157.2,106,107
2022-03-25,HV-1,long,target,142.8,125,127
2022-03-25,HV-1,long,target,142.8,147,149
2022-03-25,HV-1,long,target,142.8,151,153
2022-03-25,HV-1,long,target,142.8,275,276
2022-03-25,HV-1,long,stop,-157.2,328,329
2022-03-25,HV-2,long,stop,-157.2,29,30
2022-03-25,HV-2,long,target,142.8,41,42
2022-03-25,HV-2,long,target,142.8,124,125
2022-03-25,HV-2,long,target,142.8,148,149
2022-03-28,HV-1,long,target,142.8,0,2
2022-03-28,HV-1,long,target,142.8,10,11
2022-03-28,HV-1,long,target,142.8,35,37
2022-03-28,HV-1,long,target,142.8,47,48
2022-03-28,HV-1,long,stop,-157.2,52,54
2022-03-28,HV-1,long,target,142.8,183,186
2022-03-28,HV-1,long,target,142.8,168,231
2022-03-29,HV-1,long,stop,-157.2,2,3
2022-03-29,HV-1,long,target,142.8,1,14
2022-03-29,HV-1,long,target,142.8,45,54
2022-03-29,HV-1,long,stop,-157.2,58,60
2022-03-29,HV-1,long,target,142.8,80,84
2022-03-29,HV-1,long,target,142.8,101,105
2022-03-29,HV-1,long,target,142.8,112,113
2022-03-29,HV-1,long,target,142.8,220,221
2022-03-29,HV-1,long,stop,-157.2,262,263
2022-03-30,HV-1,long,stop,-157.2,0,1
2022-03-30,HV-1,long,stop,-157.2,37,38
2022-03-30,HV-1,long,target,142.8,26,93
2022-03-30,HV-1,long,target,142.8,220,243
2022-03-30,HV-1,long,stop,-157.2,285,289
2022-03-31,HV-1,long,target,142.8,0,1
2022-03-31,HV-1,long,target,142.8,5,6
2022-03-31,HV-1,long,stop,-157.2,13,14
2022-03-31,HV-1,long,target,142.8,12,30
2022-03-31,HV-1,long,target,142.8,51,52
2022-03-31,HV-1,long,target,142.8,59,60
2022-04-01,HV-1,short,stop,-157.2,1,2
2022-04-01,HV-1,short,stop,-157.2,5,33
2022-04-01,HV-1,short,target,142.8,35,36
2022-04-01,HV-1,short,target,142.8,47,59
2022-04-07,HV-1,short,stop,-157.2,0,1
2022-04-07,HV-1,short,target,142.8,2,3
2022-04-07,HV-1,short,target,142.8,68,69
2022-04-07,HV-1,short,stop,-157.2,126,127
2022-04-07,HV-1,short,target,142.8,143,144
2022-04-07,HV-1,short,target,142.8,146,148
2022-04-07,HV-1,short,target,142.8,167,173
2022-04-07,HV-1,short,target,142.8,192,193
2022-04-07,HV-2,short,stop,-157.2,68,69
2022-04-07,HV-2,short,stop,-157.2,126,128
2022-04-07,HV-2,short,target,142.8,146,147
2022-04-07,HV-2,short,stop,-157.2,168,169
2022-04-07,HV-2,short,target,142.8,145,220
2022-04-08,HV-1,short,target,142.8,13,15
2022-04-08,HV-1,short,target,142.8,7,73
2022-04-08,HV-1,short,stop,-157.2,113,126
2022-04-08,HV-2,short,target,142.8,4,5
2022-04-08,HV-2,short,target,142.8,8,10
2022-04-11,HV-1,short,target,142.8,11,15
2022-04-11,HV-1,short,target,142.8,40,41
2022-04-11,HV-1,short,target,142.8,135,136
2022-04-11,HV-2,short,stop,-157.2,47,48
2022-04-12,HV-1,short,target,142.8,0,2
2022-04-12,HV-1,short,stop,-157.2,38,44
2022-04-12,HV-1,short,target,142.8,111,126
2022-04-12,HV-1,short,stop,-157.2,166,168
2022-04-13,HV-1,long,target,142.8,7,8
2022-04-13,HV-1,long,target,142.8,32,33
2022-04-13,HV-1,long,target,142.8,177,179
2022-04-13,HV-1,long,target,142.8,264,265
2022-04-18,HV-1,long,target,142.8,10,11
2022-04-18,HV-1,long,target,142.8,246,248
2022-04-18,HV-1,long,stop,-157.2,232,259
2022-04-25,HV-1,short,stop,-157.2,7,8
2022-04-25,HV-1,short,stop,-157.2,31,34
2022-04-25,HV-1,short,target,142.8,21,42
2022-04-25,HV-1,short,stop,-157.2,152,155
2022-04-25,HV-2,short,stop,-157.2,7,8
2022-04-25,HV-2,short,target,142.8,21,23
2022-04-25,HV-2,short,stop,-157.2,31,36
2022-04-26,HV-1,short,stop,-157.2,1,2
2022-04-26,HV-1,short,stop,-157.2,14,15
2022-04-26,HV-1,short,stop,-157.2,82,83
2022-04-26,HV-1,short,target,142.8,145,146
2022-04-26,HV-1,short,target,142.8,175,176
2022-04-26,HV-1,short,stop,-157.2,209,210
2022-04-26,HV-1,short,stop,-157.2,237,242
2022-04-26,HV-1,short,stop,-157.2,273,276
2022-04-26,HV-2,short,target,142.8,82,83
2022-04-27,HV-1,short,target,142.8,4,5
2022-04-27,HV-1,short,stop,-157.2,38,41
2022-04-27,HV-1,short,target,142.8,15,50
2022-04-27,HV-1,short,target,142.8,132,133
2022-04-29,HV-1,long,target,142.8,30,34
2022-04-29,HV-1,long,target,142.8,86,88
2022-04-29,HV-1,long,stop,-157.2,61,139
2022-05-03,HV-1,long,target,142.8,28,35
2022-05-03,HV-1,long,target,142.8,40,42
2022-05-03,HV-1,long,target,142.8,81,82
2022-05-03,HV-1,long,target,142.8,213,227
2022-05-04,HV-1,long,target,142.8,30,33
2022-05-04,HV-1,long,target,142.8,17,36
2022-05-04,HV-1,long,target,142.8,65,69
2022-05-04,HV-1,long,stop,-157.2,273,275
2022-05-04,HV-1,long,target,142.8,242,279
2022-05-04,HV-2,long,stop,-157.2,31,33
2022-05-04,HV-2,long,target,142.8,242,280
2022-05-05,HV-1,long,target,142.8,11,12
2022-05-05,HV-1,long,target,142.8,10,20
2022-05-05,HV-1,long,stop,-157.2,7,71
2022-05-05,HV-1,long,stop,-157.2,3,72
2022-05-05,HV-1,long,target,142.8,104,105
2022-05-05,HV-1,long,target,142.8,111,132
2022-05-05,HV-1,long,target,142.8,177,178
2022-05-05,HV-1,long,target,142.8,242,243
2022-05-05,HV-2,long,target,142.8,5,6
2022-05-05,HV-2,long,target,142.8,8,9
2022-05-06,HV-1,long,stop,-157.2,0,2
2022-05-06,HV-1,long,target,142.8,5,13
2022-05-06,HV-1,long,stop,-157.2,58,60
2022-05-06,HV-1,long,target,142.8,117,119
2022-05-06,HV-2,long,target,142.8,106,112
2022-05-06,HV-2,long,target,142.8,135,136
2022-05-09,HV-1,long,target,142.8,13,15
2022-05-09,HV-1,long,stop,-157.2,4,21
2022-05-09,HV-1,long,target,142.8,2,30
2022-05-09,HV-1,long,stop,-157.2,45,46
2022-05-09,HV-1,long,target,142.8,83,85
2022-05-09,HV-1,long,target,142.8,100,103
2022-05-09,HV-1,long,target,142.8,116,122
2022-05-09,HV-1,long,target,142.8,151,152
2022-05-09,HV-1,long,target,142.8,182,183
2022-05-09,HV-1,long,stop,-157.2,280,285
2022-05-10,HV-1,short,target,142.8,1,3
2022-05-10,HV-1,short,target,142.8,6,7
2022-05-10,HV-1,short,target,142.8,109,113
2022-05-10,HV-1,short,target,142.8,128,131
2022-05-10,HV-1,short,stop,-157.2,134,135
2022-05-10,HV-1,short,stop,-157.2,175,176
2022-05-10,HV-1,short,target,142.8,171,178
2022-05-10,HV-1,short,target,142.8,167,183
2022-05-10,HV-1,short,stop,-157.2,259,260
2022-05-11,HV-1,short,target,142.8,11,12
2022-05-11,HV-1,short,stop,-157.2,34,35
2022-05-11,HV-1,short,target,142.8,40,41
2022-05-11,HV-1,short,target,142.8,100,106
2022-05-11,HV-1,short,target,142.8,205,219
2022-05-12,HV-1,short,target,142.8,34,35
2022-05-12,HV-1,short,stop,-157.2,30,72
2022-05-12,HV-1,short,target,142.8,77,82
2022-05-12,HV-1,short,stop,-157.2,87,90
2022-05-13,HV-1,long,target,142.8,21,39
2022-05-13,HV-1,long,stop,-157.2,52,59
2022-05-13,HV-1,long,target,142.8,82,85
2022-05-13,HV-1,long,target,142.8,120,121
2022-05-16,HV-1,long,stop,-157.2,17,22
2022-05-16,HV-1,long,target,142.8,89,90
2022-05-16,HV-1,long,target,142.8,226,231
2022-05-16,HV-1,long,target,142.8,242,243
2022-05-16,HV-1,long,stop,-157.2,285,286
2022-05-16,HV-2,long,target,142.8,89,92
2022-05-16,HV-2,long,stop,-157.2,187,188
2022-05-16,HV-2,long,target,142.8,240,241
2022-05-16,HV-2,long,stop,-157.2,285,287
2022-05-17,HV-1,long,stop,-157.2,10,11
2022-05-17,HV-1,long,target,142.8,40,41
2022-05-17,HV-1,long,stop,-157.2,161,164
2022-05-17,HV-1,long,stop,-157.2,177,186
2022-05-17,HV-2,long,target,142.8,39,47
2022-05-18,HV-1,long,target,142.8,11,12
2022-05-18,HV-1,long,stop,-157.2,31,33
2022-05-18,HV-1,long,target,142.8,45,50
2022-05-18,HV-1,long,target,142.8,57,58
2022-05-18,HV-1,long,target,142.8,98,99
2022-05-18,HV-1,long,target,142.8,113,114
2022-05-18,HV-1,long,stop,-157.2,131,136
2022-05-18,HV-1,long,stop,-157.2,142,145
2022-05-18,HV-1,long,target,142.8,189,190
2022-05-20,HV-1,long,stop,-157.2,1,7
2022-05-20,HV-1,long,target,142.8,28,31
2022-05-20,HV-1,long,target,142.8,38,45
2022-05-20,HV-2,long,target,142.8,4,5
2022-05-20,HV-2,long,target,142.8,37,47
2022-05-23,HV-1,long,target,142.8,0,1
2022-05-23,HV-1,long,target,142.8,22,23
2022-05-23,HV-1,long,target,142.8,44,57
2022-05-23,HV-1,long,target,142.8,89,90
2022-05-24,HV-1,long,target,142.8,5,9
2022-05-24,HV-1,long,target,142.8,43,44
2022-05-24,HV-1,long,target,142.8,113,117
2022-05-24,HV-1,long,target,142.8,167,181
2022-05-25,HV-1,long,stop,-157.2,30,32
2022-05-25,HV-1,long,target,142.8,122,127
2022-05-25,HV-1,long,target,142.8,136,137
2022-05-26,HV-1,long,target,142.8,20,25
2022-05-26,HV-1,long,target,142.8,32,33
2022-05-26,HV-1,long,target,142.8,63,71
2022-05-26,HV-1,long,target,142.8,118,120
2022-05-26,HV-1,long,stop,-157.2,200,214
2022-05-27,HV-1,long,target,142.8,62,75
2022-05-27,HV-1,long,target,142.8,186,238
2022-05-30,HV-1,long,stop,-157.2,66,69
2022-05-30,HV-1,long,target,142.8,239,241
2022-05-30,HV-2,long,stop,-157.2,66,70
2022-05-30,HV-2,long,target,142.8,239,245
2022-05-31,HV-1,long,stop,-157.2,17,18
2022-05-31,HV-1,long,stop,-157.2,28,29
2022-05-31,HV-1,long,stop,-157.2,5,62
2022-05-31,HV-1,long,stop,-157.2,73,85
2022-05-31,HV-1,long,target,142.8,119,120
2022-05-31,HV-1,long,stop,-157.2,149,177
2022-06-01,HV-1,long,target,142.8,8,9
2022-06-01,HV-1,long,target,142.8,33,35
2022-06-01,HV-1,long,target,142.8,95,96
2022-06-01,HV-1,long,target,142.8,250,252
2022-06-01,HV-2,long,target,142.8,21,22
2022-06-02,HV-1,long,stop,-157.2,9,19
2022-06-02,HV-1,long,target,142.8,26,27
2022-06-02,HV-1,long,target,142.8,49,50
2022-06-02,HV-1,long,stop,-157.2,24,102
2022-06-02,HV-1,long,target,142.8,188,193
2022-06-02,HV-2,long,target,142.8,26,27
2022-06-02,HV-2,long,stop,-157.2,33,35
2022-06-02,HV-2,long,stop,-157.2,24,102
2022-06-02,HV-2,long,target,142.8,153,154
2022-06-02,HV-2,long,stop,-157.2,211,214
2022-06-03,HV-1,long,stop,-157.2,39,45
2022-06-03,HV-1,long,target,142.8,73,74
2022-06-03,HV-1,long,stop,-157.2,94,95
2022-06-03,HV-1,long,target,142.8,126,127
2022-06-03,HV-2,long,stop,-157.2,93,94
2022-06-06,HV-1,long,target,142.8,3,5
2022-06-06,HV-1,long,target,142.8,25,35
2022-06-06,HV-1,long,target,142.8,59,65
2022-06-06,HV-1,long,target,142.8,143,144
2022-06-06,HV-2,long,stop,-157.2,25,40
2022-06-07,HV-1,long,target,142.8,0,1
2022-06-07,HV-1,long,target,142.8,12,15
2022-06-07,HV-1,long,stop,-157.2,82,85
2022-06-07,HV-1,long,target,142.8,52,115
2022-06-07,HV-1,long,target,142.8,149,153
2022-06-07,HV-1,long,stop,-157.2,256,257
2022-06-07,HV-2,long,target,142.8,46,47
2022-06-07,HV-2,long,target,142.8,53,54
2022-06-08,HV-1,long,target,142.8,37,38
2022-06-08,HV-1,long,target,142.8,73,74
2022-06-08,HV-1,long,target,142.8,106,107
2022-06-08,HV-1,long,target,142.8,146,147
2022-06-08,HV-1,long,target,142.8,193,195
2022-06-08,HV-1,long,target,142.8,247,248
2022-06-08,HV-1,long,target,142.8,239,271
2022-06-08,HV-2,long,stop,-157.2,181,185
2022-06-08,HV-2,long,target,142.8,241,244
2022-06-09,HV-1,long,target,142.8,33,47
2022-06-09,HV-1,long,stop,-157.2,215,217
2022-06-10,HV-1,long,stop,-157.2,3,6
2022-06-10,HV-1,long,stop,-157.2,21,22
2022-06-10,HV-1,long,target,142.8,36,37
2022-06-10,HV-1,long,stop,-157.2,116,117
2022-06-10,HV-1,long,target,142.8,109,121
2022-06-10,HV-1,long,stop,-157.2,125,126
2022-06-10,HV-1,long,target,142.8,150,151
2022-06-10,HV-2,long,target,142.8,3,5
2022-06-13,HV-1,long,stop,-157.2,9,10
2022-06-13,HV-1,long,stop,-157.2,23,34
2022-06-13,HV-1,long,target,142.8,91,92
2022-06-13,HV-1,long,stop,-157.2,114,115
2022-06-13,HV-1,long,stop,-157.2,217,218
2022-06-13,HV-1,long,target,142.8,213,253
2022-06-14,HV-1,long,target,142.8,2,4
2022-06-14,HV-1,long,target,142.8,39,40
2022-06-14,HV-1,long,stop,-157.2,92,93
2022-06-14,HV-1,long,target,142.8,183,186
2022-06-14,HV-1,long,target,142.8,261,262
2022-06-14,HV-1,long,target,142.8,257,267
2022-06-14,HV-2,long,stop,-157.2,3,4
2022-06-14,HV-2,long,stop,-157.2,48,50
2022-06-15,HV-1,long,target,142.8,28,29
2022-06-15,HV-1,long,stop,-157.2,63,64
2022-06-15,HV-1,long,target,142.8,104,109
2022-06-15,HV-1,long,target,142.8,256,257
2022-06-16,HV-1,long,target,142.8,8,12
2022-06-16,HV-1,long,target,142.8,21,24
2022-06-16,HV-1,long,target,142.8,48,52
2022-06-16,HV-1,long,target,142.8,101,102
2022-06-16,HV-1,long,stop,-157.2,97,112
2022-06-16,HV-1,long,target,142.8,249,251
2022-06-16,HV-1,long,target,142.8,268,278
2022-06-17,HV-1,long,stop,-157.2,0,1
2022-06-17,HV-1,long,target,142.8,9,10
2022-06-17,HV-1,long,target,142.8,18,29
2022-06-17,HV-1,long,target,142.8,44,45
2022-06-17,HV-1,long,target,142.8,37,52
2022-06-17,HV-1,long,stop,-157.2,74,75
2022-06-17,HV-1,long,target,142.8,114,115
2022-06-17,HV-1,long,target,142.8,163,164
2022-06-20,HV-1,short,stop,-157.2,53,54
2022-06-20,HV-1,short,stop,-157.2,26,107
2022-06-20,HV-1,short,target,142.8,231,240
2022-06-21,HV-1,short,stop,-157.2,0,1
2022-06-21,HV-1,short,target,142.8,46,62
2022-06-21,HV-1,short,target,142.8,102,108
2022-06-21,HV-1,short,stop,-157.2,149,150
2022-06-21,HV-1,short,stop,-157.2,167,168
2022-06-22,HV-1,short,target,142.8,1,2
2022-06-22,HV-1,short,target,142.8,46,55
2022-06-22,HV-1,short,stop,-157.2,85,86
2022-06-22,HV-1,short,target,142.8,100,101
2022-06-22,HV-1,short,stop,-157.2,147,150
2022-06-22,HV-1,short,target,142.8,164,165
2022-06-22,HV-1,short,target,142.8,182,190
2022-06-22,HV-1,short,target,142.8,294,295
2022-06-23,HV-1,short,target,142.8,3,4
2022-06-23,HV-1,short,target,142.8,9,13
2022-06-23,HV-1,short,stop,-157.2,53,55
2022-06-23,HV-1,short,stop,-157.2,69,70
2022-06-23,HV-1,short,stop,-157.2,187,200
2022-06-23,HV-1,short,target,142.8,227,229
2022-06-24,HV-1,short,target,142.8,0,1
2022-06-24,HV-1,short,target,142.8,52,53
2022-06-24,HV-1,short,target,142.8,28,66
2022-06-24,HV-1,short,target,142.8,88,89
2022-06-24,HV-1,short,stop,-157.2,97,100
2022-06-24,HV-1,short,target,142.8,117,119
2022-06-24,HV-1,short,target,142.8,208,210
2022-06-28,HV-1,long,target,142.8,31,32
2022-06-28,HV-1,long,stop,-157.2,63,77
2022-06-28,HV-1,long,stop,-157.2,100,101
2022-06-28,HV-1,long,stop,-157.2,241,242
2022-06-28,HV-1,long,target,142.8,208,252
2022-06-29,HV-1,long,target,142.8,43,48
2022-06-29,HV-1,long,target,142.8,57,66
2022-06-29,HV-1,long,stop,-157.2,111,122
2022-06-29,HV-1,long,target,142.8,146,147
2022-06-29,HV-1,long,target,142.8,219,242
2022-06-29,HV-1,long,stop,-157.2,264,265
2022-06-29,HV-2,long,target,142.8,62,63
2022-06-30,HV-1,long,target,142.8,11,12
2022-06-30,HV-1,long,target,142.8,39,52
2022-06-30,HV-1,long,stop,-157.2,58,60
2022-06-30,HV-1,long,stop,-157.2,74,78
2022-06-30,HV-1,long,stop,-157.2,87,88
2022-06-30,HV-1,long,target,142.8,93,94
2022-06-30,HV-1,long,target,142.8,100,101
2022-07-01,HV-1,short,target,142.8,15,17
2022-07-01,HV-1,short,target,142.8,43,46
2022-07-01,HV-1,short,target,142.8,62,65
2022-07-05,HV-1,short,target,142.8,6,8
2022-07-05,HV-1,short,stop,-157.2,10,11
2022-07-05,HV-1,short,target,142.8,17,18
2022-07-05,HV-1,short,stop,-157.2,22,23
2022-07-05,HV-1,short,target,142.8,34,35
2022-07-05,HV-1,short,stop,-157.2,36,40
2022-07-05,HV-1,short,target,142.8,31,71
2022-07-06,HV-1,short,stop,-157.2,0,2
2022-07-06,HV-1,short,stop,-157.2,6,7
2022-07-06,HV-1,short,target,142.8,21,23
2022-07-06,HV-1,short,target,142.8,29,30
2022-07-06,HV-1,short,target,142.8,79,80
2022-07-06,HV-1,short,target,142.8,77,85
2022-07-06,HV-1,short,stop,-157.2,100,103
2022-07-06,HV-1,short,target,142.8,75,147
2022-07-06,HV-2,short,target,142.8,17,18
2022-07-06,HV-2,short,stop,-157.2,29,31
2022-07-06,HV-2,short,stop,-157.2,77,85
2022-07-06,HV-2,short,stop,-157.2,78,85
2022-07-06,HV-2,short,stop,-157.2,100,103
2022-07-06,HV-2,short,target,142.8,75,147
2022-07-07,HV-1,short,stop,-157.2,13,16
2022-07-07,HV-1,short,stop,-157.2,29,30
2022-07-07,HV-1,short,target,142.8,62,63
2022-07-07,HV-1,short,target,142.8,102,103
2022-07-08,HV-1,short,target,142.8,6,7
2022-07-08,HV-1,short,stop,-157.2,18,19
2022-07-08,HV-1,short,target,142.8,51,52
2022-07-08,HV-1,short,target,142.8,57,59
2022-07-08,HV-2,short,target,142.8,57,66
2022-07-11,HV-1,short,stop,-157.2,12,13
2022-07-11,HV-1,short,target,142.8,41,42
2022-07-11,HV-1,short,target,142.8,49,51
2022-07-11,HV-1,short,target,142.8,172,173
2022-07-11,HV-1,short,stop,-157.2,192,195
2022-07-12,HV-1,short,stop,-157.2,2,6
2022-07-12,HV-1,short,target,142.8,17,20
2022-07-12,HV-1,short,target,142.8,47,54
2022-07-12,HV-1,short,target,142.8,78,79
2022-07-12,HV-1,short,target,142.8,61,86
2022-07-12,HV-1,short,target,142.8,121,125
2022-07-12,HV-1,short,target,142.8,239,240
2022-07-13,HV-1,short,stop,-157.2,27,28
2022-07-13,HV-1,short,target,142.8,17,30
2022-07-13,HV-1,short,target,142.8,8,40
2022-07-13,HV-1,short,stop,-157.2,90,91
2022-07-13,HV-1,short,stop,-157.2,120,122
2022-07-14,HV-1,short,target,142.8,38,39
2022-07-14,HV-1,short,stop,-157.2,47,48
2022-07-14,HV-1,short,target,142.8,38,53
2022-07-14,HV-1,short,target,142.8,36,78
2022-07-14,HV-1,short,target,142.8,130,138
2022-07-14,HV-2,short,target,142.8,6,7
2022-07-14,HV-2,short,target,142.8,40,42
2022-07-14,HV-2,short,target,142.8,38,53
2022-07-14,HV-2,short,stop,-157.2,37,78
2022-07-15,HV-1,short,stop,-157.2,3,5
2022-07-15,HV-1,short,target,142.8,19,24
2022-07-15,HV-1,short,target,142.8,50,52
2022-07-15,HV-1,short,stop,-157.2,48,60
2022-07-18,HV-1,short,target,142.8,8,19
2022-07-18,HV-1,short,target,142.8,35,36
2022-07-19,HV-1,short,target,142.8,9,13
2022-07-19,HV-1,short,target,142.8,3,17
2022-07-19,HV-1,short,target,142.8,3,30
2022-07-19,HV-1,short,stop,-157.2,38,40
2022-07-19,HV-1,short,stop,-157.2,96,97
2022-07-19,HV-1,short,stop,-157.2,224,227
2022-07-20,HV-1,short,stop,-157.2,0,4
2022-07-20,HV-1,short,stop,-157.2,92,94
2022-07-20,HV-1,short,stop,-157.2,31,112
2022-07-20,HV-1,short,target,142.8,115,121
2022-07-20,HV-1,short,target,142.8,193,210
2022-07-21,HV-1,short,target,142.8,3,7
2022-07-21,HV-1,short,target,142.8,10,12
2022-07-21,HV-1,short,stop,-157.2,85,87
2022-07-22,HV-1,short,target,142.8,8,9
2022-07-22,HV-1,short,stop,-157.2,6,37
2022-07-22,HV-1,short,stop,-157.2,48,49
2022-07-22,HV-1,short,target,142.8,45,106
2022-07-25,HV-1,short,target,142.8,2,5
2022-07-25,HV-1,short,target,142.8,23,24
2022-07-25,HV-1,short,target,142.8,37,40
2022-07-25,HV-2,short,target,142.8,33,34
2022-07-26,HV-1,short,stop,-157.2,32,39
2022-07-26,HV-1,short,target,142.8,61,64
2022-07-26,HV-1,short,stop,-157.2,115,118
2022-07-26,HV-1,short,target,142.8,126,127
2022-07-26,HV-1,short,target,142.8,152,153
2022-07-26,HV-1,short,stop,-157.2,171,173
2022-07-26,HV-1,short,target,142.8,194,195
2022-07-27,HV-1,short,target,142.8,3,5
2022-07-27,HV-1,short,stop,-157.2,10,11
2022-07-27,HV-1,short,target,142.8,8,17
2022-07-27,HV-1,short,target,142.8,1,23
2022-07-27,HV-1,short,target,142.8,33,36
2022-07-27,HV-1,short,target,142.8,130,142
2022-07-27,HV-1,short,stop,-157.2,252,256
2022-07-27,HV-2,short,target,142.8,2,5
2022-07-27,HV-2,short,target,142.8,10,11
2022-07-27,HV-2,short,stop,-157.2,8,18
2022-07-28,HV-1,short,target,142.8,0,1
2022-07-28,HV-1,short,stop,-157.2,53,55
2022-07-28,HV-1,short,stop,-157.2,67,68
2022-07-28,HV-1,short,stop,-157.2,86,88
2022-07-29,HV-1,short,stop,-157.2,9,10
2022-07-29,HV-1,short,stop,-157.2,36,37
2022-07-29,HV-1,short,stop,-157.2,113,114
2022-07-29,HV-1,short,target,142.8,163,164
2022-07-29,HV-1,short,target,142.8,259,261
2022-07-29,HV-1,short,time_exit,-77.19999999999318,290,291
2022-08-01,HV-1,short,stop,-157.2,5,8
2022-08-01,HV-1,short,target,142.8,30,34
2022-08-01,HV-1,short,target,142.8,1,43
2022-08-01,HV-1,short,target,142.8,82,83
2022-08-02,HV-1,short,target,142.8,1,2
2022-08-02,HV-1,short,stop,-157.2,1,9
2022-08-02,HV-1,short,target,142.8,16,29
2022-08-02,HV-1,short,stop,-157.2,203,204
2022-08-02,HV-1,short,target,142.8,266,267
2022-08-04,HV-1,short,target,142.8,12,13
2022-08-04,HV-1,short,stop,-157.2,83,84
2022-08-04,HV-1,short,stop,-157.2,110,111
2022-08-04,HV-1,short,target,142.8,142,143
2022-08-04,HV-1,short,target,142.8,164,167
2022-08-04,HV-2,short,target,142.8,12,13
2022-08-04,HV-2,short,target,142.8,136,137
2022-08-05,HV-1,short,target,142.8,10,11
2022-08-05,HV-1,short,stop,-157.2,60,61
2022-08-05,HV-1,short,stop,-157.2,86,89
2022-08-05,HV-1,short,target,142.8,132,134
2022-08-08,HV-1,short,stop,-157.2,12,19
2022-08-08,HV-1,short,stop,-157.2,42,43
2022-08-08,HV-1,short,stop,-157.2,46,50
2022-08-08,HV-1,short,stop,-157.2,139,143
2022-08-08,HV-1,short,target,142.8,188,190
2022-08-09,HV-1,short,target,142.8,12,13
2022-08-09,HV-1,short,target,142.8,28,29
2022-08-09,HV-1,short,target,142.8,17,55
2022-08-09,HV-1,short,target,142.8,151,152
2022-08-09,HV-1,short,stop,-157.2,190,191
2022-08-10,HV-1,short,target,142.8,1,2
2022-08-10,HV-1,short,stop,-157.2,23,26
2022-08-10,HV-1,short,target,142.8,74,75
2022-08-10,HV-1,short,target,142.8,72,88
2022-08-10,HV-1,short,stop,-157.2,56,94
2022-08-10,HV-1,short,target,142.8,195,197
2022-08-10,HV-1,short,target,142.8,216,219
2022-08-10,HV-1,short,target,142.8,252,263
2022-08-10,HV-2,short,target,142.8,21,22
2022-08-10,HV-2,short,target,142.8,54,55
2022-08-10,HV-2,short,stop,-157.2,58,59
2022-08-10,HV-2,short,target,142.8,74,80
2022-08-11,HV-1,short,target,142.8,39,44
2022-08-11,HV-1,short,target,142.8,60,61
2022-08-11,HV-1,short,stop,-157.2,86,87
2022-08-11,HV-1,short,target,142.8,230,240
2022-08-12,HV-1,short,target,142.8,51,52
2022-08-12,HV-1,short,target,142.8,64,67
2022-08-15,HV-1,short,target,142.8,1,2
2022-08-15,HV-1,short,target,142.8,87,88
2022-08-16,HV-1,short,target,142.8,6,14
2022-08-16,HV-1,short,target,142.8,24,31
2022-08-16,HV-1,short,target,142.8,105,109
2022-08-16,HV-1,short,target,142.8,126,128
2022-08-16,HV-1,short,stop,-157.2,181,190
2022-08-16,HV-1,short,target,142.8,267,278
2022-08-17,HV-1,short,stop,-157.2,1,2
2022-08-17,HV-1,short,stop,-157.2,0,15
2022-08-17,HV-1,short,stop,-157.2,94,95
2022-08-17,HV-1,short,stop,-157.2,103,104
2022-08-18,HV-1,short,stop,-157.2,8,38
2022-08-18,HV-1,short,target,142.8,99,100
2022-08-19,HV-1,short,stop,-157.2,4,6
2022-08-19,HV-1,short,target,142.8,37,41
2022-08-19,HV-1,short,target,142.8,52,55
2022-08-19,HV-1,short,stop,-157.2,179,180
2022-08-19,HV-1,short,stop,-157.2,226,227
2022-08-22,HV-1,short,target,142.8,18,19
2022-08-22,HV-1,short,stop,-157.2,15,28
2022-08-22,HV-1,short,target,142.8,40,42
2022-08-23,HV-1,short,stop,-157.2,7,10
2022-08-23,HV-1,short,stop,-157.2,32,33
2022-08-23,HV-1,short,stop,-157.2,71,72
2022-08-23,HV-1,short,target,142.8,86,101
2022-08-24,HV-1,short,target,142.8,18,20
2022-08-24,HV-1,short,target,142.8,62,90
2022-08-24,HV-1,short,stop,-157.2,150,151
2022-08-24,HV-1,short,target,142.8,142,202
2022-08-24,HV-1,short,target,142.8,211,213
2022-08-25,HV-1,long,target,142.8,0,4
2022-08-25,HV-1,long,stop,-157.2,21,28
2022-08-25,HV-1,long,stop,-157.2,80,81
2022-08-25,HV-1,long,stop,-157.2,72,121
2022-08-25,HV-1,long,stop,-157.2,274,275
2022-08-26,HV-1,short,target,142.8,34,40
2022-08-26,HV-1,short,stop,-157.2,24,68
2022-08-26,HV-1,short,target,142.8,110,111
2022-08-29,HV-1,short,target,142.8,28,33
2022-08-29,HV-1,short,stop,-157.2,38,40
2022-08-29,HV-1,short,stop,-157.2,52,56
2022-08-29,HV-1,short,stop,-157.2,70,71
2022-08-29,HV-1,short,stop,-157.2,263,266
2022-08-31,HV-1,short,stop,-157.2,6,7
2022-08-31,HV-1,short,stop,-157.2,18,20
2022-08-31,HV-1,short,target,142.8,33,34
2022-08-31,HV-1,short,target,142.8,173,175
2022-09-01,HV-1,short,target,142.8,3,31
2022-09-01,HV-1,short,target,142.8,35,38
2022-09-01,HV-1,short,target,142.8,55,57
2022-09-01,HV-1,short,stop,-157.2,219,221
2022-09-01,HV-2,short,target,142.8,4,6
2022-09-01,HV-2,short,target,142.8,142,143
2022-09-02,HV-1,short,target,142.8,1,2
2022-09-02,HV-1,short,target,142.8,48,50
2022-09-02,HV-1,short,stop,-157.2,128,133
2022-09-02,HV-1,short,stop,-157.2,239,251
2022-09-06,HV-1,short,stop,-157.2,0,2
2022-09-06,HV-1,short,stop,-157.2,13,14
2022-09-06,HV-1,short,target,142.8,10,26
2022-09-07,HV-1,short,target,142.8,0,1
2022-09-07,HV-1,short,target,142.8,15,16
2022-09-07,HV-1,short,target,142.8,32,37
2022-09-07,HV-1,short,target,142.8,224,225
2022-09-07,HV-2,short,target,142.8,5,6
2022-09-07,HV-2,short,stop,-157.2,200,201
2022-09-07,HV-2,short,target,142.8,198,220
2022-09-08,HV-1,short,target,142.8,11,12
2022-09-08,HV-1,short,target,142.8,24,27
2022-09-08,HV-1,short,stop,-157.2,120,121
2022-09-08,HV-1,short,stop,-157.2,257,258
2022-09-09,HV-1,short,target,142.8,35,37
2022-09-09,HV-1,short,target,142.8,63,68
2022-09-12,HV-1,short,stop,-157.2,39,45
2022-09-12,HV-1,short,stop,-157.2,32,56
2022-09-12,HV-1,short,target,142.8,96,97
2022-09-13,HV-1,short,stop,-157.2,4,11
2022-09-13,HV-1,short,target,142.8,109,110
2022-09-13,HV-1,short,target,142.8,104,116
2022-09-13,HV-1,short,target,142.8,98,136
2022-09-14,HV-1,short,stop,-157.2,4,6
2022-09-14,HV-1,short,stop,-157.2,13,15
2022-09-14,HV-1,short,target,142.8,76,102
2022-09-14,HV-1,short,target,142.8,139,140
2022-09-15,HV-1,short,stop,-157.2,7,9
2022-09-15,HV-1,short,stop,-157.2,68,76
2022-09-15,HV-1,short,target,142.8,92,98
2022-09-15,HV-1,short,target,142.8,107,108
2022-09-16,HV-1,short,stop,-157.2,4,5
2022-09-16,HV-1,short,target,142.8,2,13
2022-09-16,HV-1,short,target,142.8,28,30
2022-09-16,HV-1,short,stop,-157.2,74,120
2022-09-19,HV-1,short,target,142.8,10,11
2022-09-19,HV-1,short,stop,-157.2,1,34
2022-09-19,HV-1,short,stop,-157.2,61,62
2022-09-19,HV-1,short,target,142.8,74,75
2022-09-19,HV-1,short,target,142.8,103,104
2022-09-19,HV-1,short,stop,-157.2,173,187
2022-09-19,HV-2,short,target,142.8,5,31
2022-09-20,HV-1,short,stop,-157.2,23,24
2022-09-20,HV-1,short,target,142.8,60,77
2022-09-20,HV-1,short,target,142.8,54,109
2022-09-21,HV-1,short,stop,-157.2,6,9
2022-09-21,HV-1,short,stop,-157.2,63,76
2022-09-21,HV-1,short,target,142.8,57,86
2022-09-21,HV-1,short,stop,-157.2,129,136
2022-09-21,HV-1,short,target,142.8,125,163
2022-09-21,HV-2,short,target,142.8,46,48
2022-09-21,HV-2,short,target,142.8,59,61
2022-09-21,HV-2,short,stop,-157.2,58,84
2022-09-21,HV-2,short,target,142.8,105,106
2022-09-21,HV-2,short,target,142.8,129,130
2022-09-22,HV-1,short,target,142.8,3,7
2022-09-22,HV-1,short,stop,-157.2,29,30
2022-09-22,HV-1,short,target,142.8,66,67
2022-09-22,HV-1,short,target,142.8,63,73
2022-09-22,HV-1,short,target,142.8,61,75
2022-09-22,HV-2,short,target,142.8,64,65
2022-09-22,HV-2,short,stop,-157.2,63,74
2022-09-23,HV-1,short,target,142.8,5,6
2022-09-23,HV-1,short,target,142.8,50,53
2022-09-23,HV-1,short,stop,-157.2,94,102
2022-09-23,HV-2,short,target,142.8,6,7
2022-09-26,HV-1,short,target,142.8,11,12
2022-09-26,HV-1,short,stop,-157.2,32,33
2022-09-26,HV-1,short,stop,-157.2,65,67
2022-09-26,HV-1,short,stop,-157.2,132,133
2022-09-26,HV-1,short,target,142.8,201,237
2022-09-26,HV-1,short,target,142.8,250,275
2022-09-26,HV-2,short,target,142.8,2,7
2022-09-26,HV-2,short,target,142.8,151,153
2022-09-26,HV-2,short,stop,-157.2,180,190
2022-09-27,HV-1,short,target,142.8,4,5
2022-09-27,HV-1,short,target,142.8,43,53
2022-09-27,HV-1,short,target,142.8,56,57
2022-09-27,HV-1,short,target,142.8,188,189
2022-09-28,HV-1,short,target,142.8,4,6
2022-09-28,HV-1,short,target,142.8,9,15
2022-09-28,HV-1,short,stop,-157.2,93,95
2022-09-28,HV-1,short,target,142.8,230,232
2022-09-28,HV-2,short,target,142.8,9,15
2022-09-29,HV-1,short,target,142.8,21,30
2022-09-29,HV-1,short,target,142.8,34,36
2022-09-29,HV-1,short,stop,-157.2,42,43
2022-09-30,HV-1,short,target,142.8,4,14
2022-09-30,HV-1,short,stop,-157.2,38,42
2022-09-30,HV-1,short,target,142.8,37,51
2022-09-30,HV-2,short,target,142.8,3,21
2022-09-30,HV-2,short,stop,-157.2,40,41
2022-09-30,HV-2,short,stop,-157.2,38,49
2022-10-03,HV-1,long,target,142.8,13,14
2022-10-03,HV-1,long,target,142.8,8,85
2022-10-03,HV-1,long,target,142.8,127,128
2022-10-04,HV-1,long,target,142.8,1,2
2022-10-04,HV-1,long,stop,-157.2,108,109
2022-10-05,HV-1,long,stop,-157.2,5,8
2022-10-05,HV-1,long,target,142.8,66,67
2022-10-05,HV-1,long,target,142.8,77,78
2022-10-05,HV-1,long,stop,-157.2,117,118
2022-10-05,HV-1,long,target,142.8,111,190
2022-10-06,HV-1,long,target,142.8,21,24
2022-10-06,HV-1,long,stop,-157.2,42,45
2022-10-06,HV-1,long,stop,-157.2,94,95
2022-10-07,HV-1,long,stop,-157.2,35,43
2022-10-07,HV-1,long,stop,-157.2,57,59
2022-10-07,HV-1,long,target,142.8,121,123
2022-10-07,HV-1,long,target,142.8,199,200
2022-10-07,HV-2,long,target,142.8,35,44
2022-10-07,HV-2,long,stop,-157.2,102,103
2022-10-07,HV-2,long,stop,-157.2,162,163
2022-10-07,HV-2,long,target,142.8,161,166
2022-10-10,HV-1,long,target,142.8,0,1
2022-10-10,HV-1,long,stop,-157.2,41,42
2022-10-10,HV-1,long,target,142.8,38,47
2022-10-10,HV-2,long,target,142.8,41,42
2022-10-10,HV-2,long,stop,-157.2,39,46
2022-10-11,HV-1,long,stop,-157.2,13,16
2022-10-11,HV-1,long,target,142.8,76,80
2022-10-18,HV-1,short,target,142.8,2,11
2022-10-18,HV-1,short,target,142.8,16,20
2022-10-18,HV-1,short,target,142.8,53,64
2022-10-18,HV-1,short,stop,-157.2,95,98
2022-10-19,HV-1,short,target,142.8,5,41
2022-10-19,HV-1,short,stop,-157.2,48,51
2022-10-19,HV-1,short,target,142.8,77,90
2022-10-20,HV-1,short,target,142.8,0,1
2022-10-20,HV-1,short,stop,-157.2,32,33
2022-10-20,HV-1,short,target,142.8,46,47
2022-10-20,HV-1,short,target,142.8,166,171
2022-10-20,HV-1,short,target,142.8,181,184
2022-10-21,HV-1,short,target,142.8,13,15
2022-10-21,HV-1,short,stop,-157.2,3,39
2022-10-21,HV-1,short,target,142.8,99,113
2022-10-21,HV-1,short,target,142.8,121,123
2022-10-24,HV-1,short,target,142.8,48,54
2022-10-24,HV-1,short,stop,-157.2,137,148
2022-10-27,HV-1,long,target,142.8,3,53
2022-10-27,HV-1,long,target,142.8,129,137
2022-10-28,HV-1,long,target,142.8,8,9
2022-10-28,HV-1,long,target,142.8,55,56
2022-10-28,HV-1,long,target,142.8,147,148
2022-11-04,HV-1,long,target,142.8,1,29
2022-11-04,HV-1,long,stop,-157.2,150,155
2022-11-04,HV-2,long,target,142.8,331,332
2022-11-07,HV-1,long,stop,-157.2,3,5
2022-11-07,HV-1,long,stop,-157.2,93,94
2022-11-07,HV-1,long,stop,-157.2,136,146
2022-11-07,HV-2,long,target,142.8,2,6
2022-11-08,HV-1,long,stop,-157.2,135,136
2022-11-08,HV-1,long,target,142.8,87,142
2022-11-08,HV-1,long,target,142.8,202,203
2022-11-08,HV-2,long,target,142.8,21,30
2022-11-10,HV-1,short,target,142.8,5,6
2022-11-10,HV-1,short,stop,-157.2,21,22
2022-11-10,HV-1,short,stop,-157.2,169,175
2022-11-15,HV-1,short,stop,-157.2,8,9
2022-11-15,HV-1,short,target,142.8,145,147
2022-11-15,HV-1,short,stop,-157.2,221,229
2022-11-15,HV-1,short,stop,-157.2,241,242
2022-11-15,HV-1,short,stop,-157.2,275,276
2022-11-15,HV-1,short,target,142.8,282,285
2022-11-16,HV-1,short,target,142.8,10,11
2022-11-16,HV-1,short,stop,-157.2,135,139
2022-11-17,HV-1,short,target,142.8,26,27
2022-11-17,HV-1,short,target,142.8,110,112
2022-11-17,HV-1,short,stop,-157.2,207,216
2022-11-17,HV-2,short,target,142.8,151,152
2022-11-18,HV-1,short,target,142.8,10,11
2022-11-18,HV-1,short,target,142.8,19,20
2022-11-18,HV-1,short,stop,-157.2,93,94
2022-11-18,HV-1,short,stop,-157.2,106,107
2022-11-18,HV-2,short,target,142.8,15,16
2022-11-18,HV-2,short,stop,-157.2,24,26
2022-11-21,HV-1,short,target,142.8,14,16
2022-11-21,HV-1,short,stop,-157.2,47,48
2022-11-21,HV-1,short,target,142.8,43,49
2022-11-21,HV-1,short,target,142.8,126,127
2022-11-21,HV-1,short,stop,-157.2,244,245
2022-11-21,HV-2,short,target,142.8,38,39
2022-11-21,HV-2,short,stop,-157.2,44,48
2022-11-22,HV-1,short,target,142.8,32,40
2022-11-22,HV-1,short,stop,-157.2,112,113
2022-11-22,HV-2,short,stop,-157.2,33,35
2022-11-23,HV-1,short,target,142.8,11,20
2022-11-23,HV-1,short,stop,-157.2,42,44
2022-11-23,HV-1,short,stop,-157.2,95,97
2022-11-23,HV-1,short,target,142.8,93,123
2022-11-23,HV-2,short,target,142.8,58,59
2022-11-23,HV-2,short,stop,-157.2,95,97
2022-11-25,HV-1,short,stop,-157.2,145,147
2022-11-25,HV-1,short,time_exit,-57.19999999999716,267,282
2022-11-25,HV-2,short,target,142.8,198,199
2022-11-25,HV-2,short,target,142.8,267,270
2022-11-28,HV-1,short,stop,-157.2,26,27
2022-11-28,HV-1,short,stop,-157.2,74,75
2022-11-28,HV-1,short,target,142.8,211,213
2022-11-29,HV-1,short,target,142.8,0,2
2022-11-29,HV-1,short,target,142.8,44,53
2022-11-29,HV-1,short,target,142.8,38,94
2022-11-29,HV-1,short,target,142.8,132,133
2022-11-29,HV-1,short,target,142.8,145,146
2022-11-30,HV-1,short,target,142.8,29,31
2022-11-30,HV-1,short,target,142.8,97,104
2022-12-01,HV-1,long,target,142.8,68,70
2022-12-01,HV-1,long,target,142.8,128,149
2022-12-01,HV-1,long,target,142.8,183,184
2022-12-01,HV-1,long,target,142.8,286,289
2022-12-02,HV-1,long,target,142.8,30,31
2022-12-02,HV-1,long,target,142.8,147,148
2022-12-02,HV-1,long,stop,-157.2,269,288
2022-12-05,HV-1,long,target,142.8,64,65
2022-12-05,HV-1,long,stop,-157.2,130,131
2022-12-05,HV-1,long,stop,-157.2,158,160
2022-12-05,HV-1,long,stop,-157.2,175,176
2022-12-05,HV-1,long,target,142.8,204,208
2022-12-05,HV-1,long,target,142.8,235,237
2022-12-06,HV-1,short,stop,-157.2,3,7
2022-12-06,HV-1,short,stop,-157.2,22,32
2022-12-06,HV-1,short,target,142.8,139,140
2022-12-06,HV-1,short,target,142.8,195,196
2022-12-06,HV-1,short,target,142.8,244,289
2022-12-06,HV-2,short,stop,-157.2,252,253
2022-12-07,HV-1,short,target,142.8,1,20
2022-12-07,HV-1,short,target,142.8,35,39
2022-12-07,HV-1,short,target,142.8,95,96
2022-12-07,HV-1,short,target,142.8,129,147
2022-12-07,HV-1,short,target,142.8,235,239
2022-12-07,HV-2,short,stop,-157.2,11,12
2022-12-07,HV-2,short,target,142.8,110,119
2022-12-07,HV-2,short,target,142.8,131,135
2022-12-07,HV-2,short,target,142.8,130,137
2022-12-08,HV-1,short,target,142.8,9,10
2022-12-08,HV-1,short,target,142.8,32,33
2022-12-08,HV-1,short,target,142.8,85,86
2022-12-08,HV-1,short,target,142.8,113,114
2022-12-08,HV-1,short,target,142.8,124,125
2022-12-08,HV-1,short,target,142.8,100,159
2022-12-08,HV-2,short,target,142.8,32,35
2022-12-08,HV-2,short,target,142.8,83,84
2022-12-08,HV-2,short,target,142.8,98,168
2022-12-09,HV-1,short,stop,-157.2,7,33
2022-12-09,HV-1,short,target,142.8,0,38
2022-12-09,HV-1,short,target,142.8,200,201
2022-12-09,HV-1,short,stop,-157.2,212,213
2022-12-09,HV-1,short,target,142.8,264,265
2022-12-12,HV-1,short,target,142.8,194,195
2022-12-12,HV-1,short,target,142.8,171,231
2022-12-13,HV-1,short,target,142.8,13,15
2022-12-13,HV-1,short,target,142.8,28,30
2022-12-14,HV-1,short,target,142.8,92,93
2022-12-14,HV-1,short,stop,-157.2,90,101
2022-12-14,HV-1,short,target,142.8,56,121
2022-12-14,HV-1,short,stop,-157.2,148,196
2022-12-15,HV-1,short,target,142.8,6,13
2022-12-16,HV-1,short,stop,-157.2,2,10
2022-12-16,HV-1,short,target,142.8,60,65
2022-12-19,HV-1,short,target,142.8,30,64
2022-12-19,HV-1,short,stop,-157.2,97,101
2022-12-19,HV-1,short,stop,-157.2,127,128
2022-12-20,HV-1,short,target,142.8,7,8
2022-12-20,HV-1,short,stop,-157.2,127,133
2022-12-20,HV-1,short,stop,-157.2,204,220
2022-12-21,HV-1,short,stop,-157.2,105,110
2022-12-22,HV-1,short,target,142.8,67,69
2022-12-22,HV-1,short,target,142.8,106,131
2022-12-22,HV-1,short,target,142.8,231,256
2022-12-23,HV-1,short,target,142.8,24,34
2022-12-27,HV-1,short,target,142.8,30,31
2022-12-27,HV-1,short,target,142.8,100,102
2022-12-27,HV-1,short,stop,-157.2,172,176
2022-12-28,HV-1,short,target,142.8,47,48
2022-12-28,HV-1,short,stop,-157.2,56,59
2022-12-28,HV-1,short,target,142.8,128,132
2022-12-29,HV-1,short,target,142.8,12,27
2022-12-29,HV-1,short,stop,-157.2,131,134
2022-12-30,HV-1,short,target,142.8,99,126
2023-01-04,HV-1,short,target,142.8,0,1
2023-01-04,HV-1,short,target,142.8,31,36
2023-01-04,HV-1,short,target,142.8,56,58
2023-01-04,HV-1,short,stop,-157.2,125,126
2023-01-04,HV-1,short,target,142.8,110,129
2023-01-05,HV-1,short,target,142.8,38,46
2023-01-05,HV-1,short,stop,-157.2,92,97
2023-01-05,HV-1,short,target,142.8,144,148
2023-01-05,HV-2,short,target,142.8,18,26
2023-01-06,HV-1,short,target,142.8,26,27
2023-01-06,HV-1,short,stop,-157.2,57,59
2023-01-06,HV-1,short,target,142.8,234,243
2023-01-12,HV-1,long,stop,-157.2,165,169
2023-01-12,HV-1,long,stop,-157.2,196,265
2023-01-13,HV-1,long,target,142.8,22,25
2023-01-13,HV-1,long,stop,-157.2,94,96
2023-01-16,HV-1,long,target,142.8,38,39
2023-01-17,LV-1,long,stop,-87.2,0,1
2023-01-17,LV-1,long,stop,-87.2,49,55
2023-01-17,LV-1,long,target,72.8,141,142
2023-01-17,LV-1,long,stop,-87.2,233,283
2023-01-18,LV-1,long,target,72.8,21,22
2023-01-18,LV-1,long,stop,-87.2,86,90
2023-01-18,LV-1,long,stop,-87.2,231,232
2023-01-18,LV-1,long,target,72.8,259,260
2023-01-18,LV-2,long,target,72.8,173,181
2023-01-18,LV-3,long,target,72.8,2,6
2023-01-19,HV-1,long,target,142.8,3,13
2023-01-19,HV-1,long,stop,-157.2,95,116
2023-01-20,HV-1,long,target,142.8,38,40
2023-01-20,HV-1,long,target,142.8,96,104
2023-01-20,HV-2,long,target,142.8,194,217
2023-01-23,HV-1,long,target,142.8,21,22
2023-01-24,HV-1,long,target,142.8,19,35
2023-01-24,HV-1,long,stop,-157.2,61,65
2023-01-26,HV-1,long,target,142.8,80,115
2023-01-26,HV-1,long,stop,-157.2,149,153
2023-01-27,HV-1,long,target,142.8,26,30
2023-01-27,HV-1,long,target,142.8,46,60
2023-01-27,HV-1,long,stop,-157.2,119,120
2023-01-27,HV-1,long,target,142.8,124,128
2023-01-27,HV-1,long,target,142.8,272,276
2023-01-30,HV-1,short,stop,-157.2,32,33
2023-01-31,HV-1,short,target,142.8,30,34
2023-01-31,HV-1,short,stop,-157.2,80,84
2023-01-31,HV-1,short,target,142.8,104,105
2023-02-01,HV-1,short,target,142.8,10,15
2023-02-01,HV-1,short,stop,-157.2,63,68
2023-02-01,HV-1,short,target,142.8,193,194
2023-02-02,HV-1,short,stop,-157.2,0,6
2023-02-02,HV-1,short,stop,-157.2,60,94
2023-02-02,HV-2,short,target,142.8,67,70
2023-02-03,HV-1,short,target,142.8,0,4
2023-02-03,HV-1,short,target,142.8,50,51
2023-02-03,HV-1,short,target,142.8,139,141
2023-02-03,HV-1,short,target,142.8,156,157
2023-02-03,HV-1,short,target,142.8,230,232
2023-02-03,HV-2,short,target,142.8,152,153
2023-02-06,HV-1,short,target,142.8,2,6
2023-02-06,HV-1,short,stop,-157.2,88,139
2023-02-06,HV-1,short,stop,-157.2,184,186
2023-02-06,HV-2,short,stop,-157.2,36,39
2023-02-06,HV-2,short,target,142.8,96,97
2023-02-07,HV-1,short,target,142.8,73,80
2023-02-07,HV-2,short,stop,-157.2,17,18
2023-02-17,HV-1,short,target,142.8,28,34
2023-02-17,HV-1,short,stop,-157.2,53,57
2023-02-17,HV-1,short,stop,-157.2,145,157
2023-02-21,HV-1,short,target,142.8,0,3
2023-02-21,HV-1,short,stop,-157.2,129,134
2023-02-22,LV-1,short,target,72.8,2,6
2023-02-22,LV-1,short,target,72.8,62,63
2023-02-22,LV-1,short,target,72.8,91,100
2023-02-22,LV-1,short,target,72.8,133,140
2023-02-22,LV-3,short,target,72.8,91,100
2023-02-23,HV-1,short,stop,-157.2,41,47
2023-02-24,HV-1,short,target,142.8,31,32
2023-02-24,HV-1,short,stop,-157.2,22,94
2023-02-24,HV-1,short,stop,-157.2,149,151
2023-02-24,HV-2,short,target,142.8,30,39
2023-02-27,HV-1,short,target,142.8,24,29
2023-02-27,HV-1,short,target,142.8,143,144
2023-02-28,HV-1,long,target,142.8,1,2
2023-02-28,HV-1,long,target,142.8,38,41
2023-03-02,LV-1,long,target,72.8,1,7
2023-03-02,LV-2,long,target,72.8,40,44
2023-03-06,HV-1,long,target,142.8,42,44
2023-03-07,HV-1,long,stop,-157.2,10,38
2023-03-07,HV-1,long,target,142.8,63,64
2023-03-07,HV-1,long,target,142.8,115,120
2023-03-07,HV-1,long,stop,-157.2,163,172
2023-03-10,HV-1,short,stop,-157.2,15,16
2023-03-10,HV-1,short,stop,-157.2,0,61
2023-03-13,HV-1,short,target,142.8,1,6
2023-03-13,HV-1,short,stop,-157.2,31,40
2023-03-13,HV-1,short,target,142.8,96,97
2023-03-13,HV-1,short,target,142.8,154,169
2023-03-14,HV-1,short,target,142.8,17,19
2023-03-14,HV-1,short,stop,-157.2,49,52
2023-03-14,HV-1,short,target,142.8,72,74
2023-03-14,HV-1,short,target,142.8,309,310
2023-03-14,HV-2,short,target,142.8,308,310
2023-03-14,HV-2,short,target,142.8,320,322
2023-03-14,HV-2,short,target,142.8,331,341
2023-03-15,HV-1,short,stop,-157.2,26,36
2023-03-15,HV-1,short,stop,-157.2,16,70
2023-03-15,HV-1,short,target,142.8,110,127
2023-03-15,HV-1,short,target,142.8,164,166
2023-03-15,HV-1,short,target,142.8,236,240
2023-03-15,HV-1,short,stop,-157.2,231,252
2023-03-15,HV-2,short,stop,-157.2,2,4
2023-03-15,HV-2,short,target,142.8,111,127
2023-03-15,HV-2,short,target,142.8,190,192
2023-03-15,HV-2,short,target,142.8,235,236
2023-03-16,HV-1,short,stop,-157.2,36,38
2023-03-16,HV-1,short,target,142.8,15,45
2023-03-16,HV-1,short,target,142.8,76,80
2023-03-16,HV-1,short,target,142.8,121,122
2023-03-16,HV-1,short,target,142.8,257,294
2023-03-16,HV-2,short,stop,-157.2,2,3
2023-03-16,HV-2,short,stop,-157.2,32,34
2023-03-16,HV-2,short,target,142.8,76,83
2023-03-17,HV-1,short,target,142.8,8,9
2023-03-17,HV-1,short,target,142.8,56,60
2023-03-17,HV-1,short,stop,-157.2,83,84
2023-03-17,HV-2,short,stop,-157.2,47,48
2023-03-17,HV-2,short,stop,-157.2,71,72
2023-03-17,HV-2,short,stop,-157.2,162,166
2023-03-17,HV-2,short,stop,-157.2,160,168
2023-03-20,HV-1,short,target,142.8,66,72
2023-03-20,HV-1,short,time_exit,2.8000000000051157,46,125
2023-03-21,HV-1,short,target,142.8,0,1
2023-03-21,HV-1,short,stop,-157.2,129,130
2023-03-22,HV-1,short,stop,-157.2,0,1
2023-03-22,HV-1,short,target,142.8,42,43
2023-03-22,HV-1,short,target,142.8,246,254
2023-03-22,HV-1,short,target,142.8,356,357
2023-03-23,HV-1,short,stop,-157.2,83,84
2023-03-23,HV-1,short,target,142.8,72,120
2023-03-24,HV-1,short,stop,-157.2,42,43
2023-03-24,HV-1,short,stop,-157.2,61,62
2023-03-28,HV-1,short,target,142.8,7,15
2023-03-28,HV-1,short,target,142.8,27,29
2023-03-29,HV-1,short,stop,-157.2,104,105
2023-03-29,HV-1,short,target,142.8,177,180
2023-03-30,HV-1,short,stop,-157.2,61,94
2023-03-31,HV-1,short,stop,-157.2,126,128
2023-03-31,HV-1,short,target,142.8,112,149
2023-04-03,HV-1,long,stop,-157.2,4,7
2023-04-03,HV-1,long,target,142.8,51,55
2023-04-04,LV-1,long,target,72.8,4,5
2023-04-04,LV-1,long,target,72.8,88,90
2023-04-04,LV-1,long,target,72.8,147,148
2023-04-04,LV-2,long,target,72.8,57,70
2023-04-04,LV-3,long,target,72.8,4,5
2023-04-05,HV-1,long,stop,-157.2,0,31
2023-04-05,HV-1,long,target,142.8,80,102
2023-04-06,LV-1,long,stop,-87.2,8,9
2023-04-06,LV-1,long,target,72.8,44,46
2023-04-06,LV-2,long,stop,-87.2,48,54
2023-04-10,LV-1,short,target,72.8,17,19
2023-04-10,LV-1,short,stop,-87.2,177,190
2023-04-10,LV-2,short,target,72.8,31,32
2023-04-11,LV-1,short,stop,-87.2,76,77
2023-04-11,LV-1,short,stop,-87.2,131,132
2023-04-11,LV-1,short,target,72.8,281,295
2023-04-12,HV-1,long,stop,-157.2,95,96
2023-04-12,HV-1,long,target,142.8,179,182
2023-04-12,HV-2,long,target,142.8,38,39
2023-04-12,HV-2,long,target,142.8,210,215
2023-04-13,LV-1,long,stop,-87.2,34,35
2023-04-13,LV-1,long,target,72.8,176,192
2023-04-14,LV-1,long,target,72.8,22,23
2023-04-14,LV-1,long,target,72.8,50,51
2023-04-14,LV-1,long,stop,-87.2,95,96
2023-04-14,LV-2,long,target,72.8,98,102
2023-04-14,LV-3,long,target,72.8,31,34
2023-04-14,LV-3,long,stop,-87.2,30,84
2023-04-17,LV-1,long,stop,-87.2,42,47
2023-04-17,LV-1,long,stop,-87.2,106,133
2023-04-17,LV-1,long,target,72.8,175,176
2023-04-17,LV-2,long,target,72.8,110,115
2023-04-18,HV-1,short,target,142.8,85,93
2023-04-19,LV-1,short,target,72.8,58,63
2023-04-19,LV-1,short,target,72.8,37,85
2023-04-19,LV-2,short,target,72.8,127,143
2023-04-19,LV-3,short,stop,-87.2,61,62
2023-04-19,LV-3,short,target,72.8,58,66
2023-04-20,LV-1,short,target,72.8,1,5
2023-04-20,LV-1,short,target,72.8,25,26
2023-04-20,LV-3,short,target,72.8,8,9
2023-04-20,LV-3,short,target,72.8,19,20
2023-04-21,LV-1,short,target,72.8,54,59
2023-04-21,LV-1,short,target,72.8,107,110
2023-04-21,LV-3,short,target,72.8,103,106
2023-04-24,LV-1,short,stop,-87.2,36,37
2023-04-24,LV-1,short,target,72.8,82,83
2023-04-24,LV-1,short,target,72.8,219,222
2023-04-24,LV-2,short,target,72.8,66,67
2023-04-25,LV-1,short,target,72.8,2,11
2023-04-25,LV-1,short,target,72.8,82,83
2023-04-25,LV-3,short,stop,-87.2,6,8
2023-04-26,LV-1,short,stop,-87.2,2,10
2023-04-26,LV-1,short,target,72.8,46,47
2023-04-26,LV-1,short,target,72.8,134,136
2023-04-26,LV-2,short,target,72.8,178,181
2023-04-27,HV-1,short,target,142.8,0,1
2023-04-28,HV-1,short,stop,-157.2,83,85
2023-04-28,HV-1,short,target,142.8,149,159
2023-05-01,HV-1,short,target,142.8,0,1
2023-05-01,HV-1,short,stop,-157.2,33,36
2023-05-02,HV-1,short,target,142.8,70,75
2023-05-02,HV-1,short,stop,-157.2,191,192
2023-05-03,HV-1,short,stop,-157.2,46,47
2023-05-03,HV-1,short,target,142.8,135,136
2023-05-03,HV-2,short,target,142.8,137,138
2023-05-04,HV-1,short,target,142.8,76,79
2023-05-04,HV-1,short,stop,-157.2,58,127
2023-05-04,HV-2,short,stop,-157.2,26,28
2023-05-04,HV-2,short,target,142.8,45,49
2023-05-05,HV-1,short,target,142.8,51,52
2023-05-08,HV-1,short,stop,-157.2,0,1
2023-05-09,HV-1,short,target,142.8,4,5
2023-05-09,HV-1,short,stop,-157.2,92,94
2023-05-09,HV-1,short,stop,-157.2,149,150
2023-05-09,HV-1,short,stop,-157.2,280,282
2023-05-10,HV-1,short,target,142.8,32,33
2023-05-10,HV-1,short,target,142.8,48,49
2023-05-10,HV-1,short,stop,-157.2,279,282
2023-05-11,HV-1,short,target,142.8,2,5
2023-05-11,HV-1,short,stop,-157.2,71,73
2023-05-12,HV-1,short,stop,-157.2,66,70
2023-05-12,HV-1,short,target,142.8,108,119
2023-05-15,HV-1,short,stop,-157.2,11,12
2023-05-16,HV-1,short,target,142.8,165,167
2023-05-17,HV-1,short,target,142.8,31,32
2023-05-17,HV-1,short,target,142.8,160,168
2023-05-17,HV-1,short,time_exit,-27.19999999999602,239,274
2023-05-19,HV-1,short,target,142.8,43,46
2023-05-19,HV-1,short,target,142.8,138,139
2023-05-19,HV-1,short,target,142.8,152,153
2023-05-22,HV-1,short,target,142.8,10,11
2023-05-22,HV-1,short,stop,-157.2,32,33
2023-05-22,HV-1,short,target,142.8,254,267
2023-05-23,HV-1,short,target,142.8,2,5
2023-05-24,HV-1,short,target,142.8,40,90
2023-05-24,HV-1,short,target,142.8,210,211
2023-05-25,LV-1,short,target,72.8,10,15
2023-05-25,LV-1,short,target,72.8,16,19
2023-05-25,LV-1,short,target,72.8,71,72
2023-05-25,LV-1,short,target,72.8,160,210
2023-05-25,LV-3,short,stop,-87.2,17,18
2023-05-25,LV-3,short,target,72.8,160,211
2023-05-29,LV-2,short,stop,-87.2,100,103
2023-05-30,LV-1,short,target,72.8,31,37
2023-05-30,LV-1,short,target,72.8,23,44
2023-05-30,LV-1,short,target,72.8,231,234
2023-05-30,LV-3,short,target,72.8,5,7
2023-05-30,LV-3,short,target,72.8,31,37
2023-05-30,LV-3,short,target,72.8,254,256
2023-05-30,LV-3,short,target,72.8,253,257
2023-05-31,HV-1,short,stop,-157.2,19,20
2023-05-31,HV-1,short,target,142.8,33,35
2023-06-01,HV-1,short,target,142.8,5,6
2023-06-01,HV-1,short,target,142.8,120,122
2023-06-01,HV-1,short,target,142.8,195,209
2023-06-01,HV-2,short,target,142.8,2,4
2023-06-05,HV-1,long,target,142.8,98,102
2023-06-07,HV-1,long,target,142.8,48,55
2023-06-07,HV-1,long,target,142.8,156,158
2023-06-08,HV-1,long,target,142.8,44,68
2023-06-08,HV-1,long,target,142.8,169,171
2023-06-08,HV-1,long,stop,-157.2,185,186
2023-06-08,HV-1,long,target,142.8,208,209
2023-06-09,HV-1,long,stop,-157.2,31,34
2023-06-09,HV-1,long,stop,-157.2,90,94
2023-06-12,HV-1,short,target,142.8,63,77
2023-06-12,HV-1,short,stop,-157.2,55,132
2023-06-12,HV-2,short,target,142.8,64,65
2023-06-13,HV-1,short,stop,-157.2,48,49
2023-06-14,HV-1,short,stop,-157.2,60,65
2023-06-14,HV-1,short,target,142.8,92,93
2023-06-14,HV-1,short,target,142.8,158,166
2023-06-20,LV-1,long,target,72.8,61,62
2023-06-20,LV-1,long,target,72.8,50,85
2023-06-21,HV-1,long,target,142.8,37,42
2023-06-21,HV-1,long,stop,-157.2,154,166
2023-06-22,HV-1,long,stop,-157.2,2,7
2023-06-22,HV-1,long,target,142.8,149,151
2023-06-23,HV-1,short,stop,-157.2,20,22
2023-06-23,HV-1,short,target,142.8,54,56
2023-06-23,HV-1,short,target,142.8,170,202
2023-06-26,HV-1,short,target,142.8,79,131
2023-06-27,HV-1,short,target,142.8,35,44
2023-06-27,HV-1,short,stop,-157.2,215,216
2023-06-28,HV-1,short,target,142.8,46,51
2023-06-28,HV-1,short,stop,-157.2,105,108
2023-06-28,HV-1,short,target,142.8,140,143
2023-06-29,HV-1,short,target,142.8,1,2
2023-06-29,HV-1,short,target,142.8,91,93
2023-07-03,HV-1,long,stop,-157.2,11,13
2023-07-03,HV-1,long,target,142.8,76,82
2023-07-04,HV-1,long,target,142.8,66,89
2023-07-06,LV-1,long,target,72.8,2,3
2023-07-06,LV-1,long,target,72.8,64,65
2023-07-06,LV-1,long,target,72.8,120,121
2023-07-06,LV-2,long,target,72.8,45,47
2023-07-07,LV-1,long,target,72.8,13,14
2023-07-07,LV-1,long,target,72.8,41,42
2023-07-07,LV-1,long,target,72.8,52,53
2023-07-07,LV-1,long,target,72.8,120,121
2023-07-07,LV-3,long,target,72.8,224,230
2023-07-10,HV-1,long,stop,-157.2,105,116
2023-07-10,HV-1,long,stop,-157.2,246,263
2023-07-10,HV-2,long,stop,-157.2,105,117
2023-07-11,LV-1,long,target,72.8,0,38
2023-07-11,LV-1,long,target,72.8,90,91
2023-07-11,LV-1,long,target,72.8,114,118
2023-07-12,HV-1,long,target,142.8,142,159
2023-07-12,HV-2,long,stop,-157.2,31,65
2023-07-13,HV-1,long,target,142.8,3,4
2023-07-13,HV-1,long,target,142.8,65,68
2023-07-13,HV-1,long,stop,-157.2,165,180
2023-07-14,HV-1,long,stop,-157.2,52,53
2023-07-14,HV-1,long,time_exit,-57.19999999999716,158,236
2023-07-17,LV-1,long,target,72.8,0,6
2023-07-17,LV-1,long,stop,-87.2,120,122
2023-07-18,LV-1,long,stop,-87.2,58,74
2023-07-18,LV-1,long,target,72.8,208,242
2023-07-18,LV-3,long,target,72.8,58,60
2023-07-18,LV-3,long,stop,-87.2,220,224
2023-07-19,LV-1,long,target,72.8,37,40
2023-07-19,LV-2,long,target,72.8,101,180
2023-07-19,LV-3,long,stop,-87.2,38,39
2023-07-20,HV-1,long,stop,-157.2,65,71
2023-07-20,HV-1,long,target,142.8,177,184
2023-07-21,HV-1,long,target,142.8,20,51
2023-07-21,HV-1,long,target,142.8,92,103
2023-07-21,HV-2,long,stop,-157.2,233,252
2023-07-24,LV-1,long,target,72.8,38,42
2023-07-24,LV-1,long,target,72.8,54,56
2023-07-24,LV-1,long,stop,-87.2,109,133
2023-07-24,LV-2,long,target,72.8,39,41
2023-07-24,LV-3,long,target,72.8,63,69
2023-07-24,LV-3,long,stop,-87.2,109,133
2023-07-25,HV-1,long,target,142.8,47,49
2023-07-25,HV-2,long,target,142.8,158,160
2023-07-26,HV-1,long,stop,-157.2,146,150
2023-07-27,HV-1,long,target,142.8,127,141
2023-07-27,HV-2,long,stop,-157.2,14,15
2023-07-27,HV-2,long,stop,-157.2,217,255
2023-07-28,LV-1,long,stop,-87.2,4,12
2023-07-28,LV-2,long,target,72.8,48,100
2023-07-28,LV-3,long,target,72.8,77,81
2023-07-31,HV-1,long,target,142.8,7,9
2023-07-31,HV-2,long,stop,-157.2,7,19
2023-08-01,LV-1,long,target,72.8,3,4
2023-08-01,LV-2,long,target,72.8,37,38
2023-08-02,LV-1,long,target,72.8,7,12
2023-08-02,LV-1,long,stop,-87.2,39,40
2023-08-02,LV-1,long,stop,-87.2,77,94
2023-08-02,LV-1,long,target,72.8,106,107
2023-08-02,LV-1,long,target,72.8,120,121
2023-08-02,LV-2,long,stop,-87.2,47,48
2023-08-04,HV-1,long,stop,-157.2,3,7
2023-08-04,HV-2,long,stop,-157.2,4,6
2023-08-04,HV-2,long,target,142.8,152,155
2023-08-04,HV-2,long,time_exit,62.80000000000739,223,279
2023-08-08,HV-1,long,stop,-157.2,3,35
2023-08-08,HV-1,long,target,142.8,76,81
2023-08-09,HV-1,long,target,142.8,41,48
2023-08-09,HV-1,long,target,142.8,144,146
2023-08-09,HV-2,long,stop,-157.2,46,47
2023-08-09,HV-2,long,target,142.8,97,98
2023-08-10,HV-1,long,target,142.8,77,78
2023-08-10,HV-1,long,target,142.8,145,163
2023-08-11,HV-1,long,target,142.8,60,61
2023-08-14,HV-1,long,target,142.8,1,7
2023-08-14,HV-1,long,target,142.8,30,31
2023-08-15,HV-1,long,target,142.8,9,32
2023-08-15,HV-1,long,target,142.8,168,172
2023-08-16,LV-1,long,target,72.8,26,39
2023-08-16,LV-1,long,stop,-87.2,227,231
2023-08-16,LV-2,long,stop,-87.2,90,91
2023-08-17,LV-1,long,target,72.8,7,14
2023-08-17,LV-1,long,stop,-87.2,113,115
2023-08-17,LV-3,long,target,72.8,7,14
2023-08-18,LV-1,short,target,72.8,15,16
2023-08-18,LV-1,short,target,72.8,29,30
2023-08-18,LV-2,short,target,72.8,29,30
2023-08-21,LV-1,long,target,72.8,21,50
2023-08-21,LV-1,long,target,72.8,89,93
2023-08-21,LV-2,long,stop,-87.2,66,67
2023-08-23,LV-1,short,target,72.8,14,15
2023-08-23,LV-1,short,target,72.8,1,66
2023-08-23,LV-1,short,stop,-87.2,136,150
2023-08-23,LV-2,short,stop,-87.2,76,90
2023-08-23,LV-3,short,target,72.8,6,7
2023-08-23,LV-3,short,target,72.8,5,61
2023-08-24,LV-1,short,stop,-87.2,15,16
2023-08-24,LV-1,short,stop,-87.2,89,90
2023-08-24,LV-1,short,target,72.8,82,100
2023-08-24,LV-2,short,stop,-87.2,63,64
2023-08-24,LV-3,short,target,72.8,36,39
2023-08-25,HV-1,long,stop,-157.2,52,55
2023-08-25,HV-1,long,stop,-157.2,241,249
2023-08-29,HV-1,long,stop,-157.2,77,79
2023-08-29,HV-2,long,stop,-157.2,123,124
2023-08-29,HV-2,long,target,142.8,262,264
2023-08-30,HV-1,long,target,142.8,152,189
2023-08-30,HV-2,long,stop,-157.2,48,49
2023-08-31,HV-1,long,target,142.8,45,47
2023-08-31,HV-1,long,stop,-157.2,95,110
2023-09-01,HV-1,long,target,142.8,48,50
2023-09-01,HV-2,long,stop,-157.2,3,7
2023-09-04,LV-1,long,target,72.8,4,5
2023-09-05,LV-1,long,target,72.8,1,2
2023-09-05,LV-1,long,target,72.8,6,9
2023-09-05,LV-1,long,target,72.8,148,149
2023-09-05,LV-3,long,target,72.8,21,22
2023-09-05,LV-3,long,target,72.8,160,165
2023-09-06,LV-1,long,target,72.8,11,12
2023-09-06,LV-1,long,stop,-87.2,57,60
2023-09-06,LV-3,long,target,72.8,34,35
2023-09-06,LV-3,long,target,72.8,209,214
2023-09-07,LV-1,long,target,72.8,39,40
2023-09-07,LV-1,long,target,72.8,241,243
2023-09-08,LV-1,long,target,72.8,53,54
2023-09-08,LV-1,long,target,72.8,66,68
2023-09-08,LV-2,long,stop,-87.2,32,42
2023-09-11,HV-1,long,stop,-157.2,31,32
2023-09-12,HV-1,long,target,142.8,1,4
2023-09-12,HV-1,long,stop,-157.2,45,48
2023-09-12,HV-2,long,stop,-157.2,44,52
2023-09-13,LV-1,long,target,72.8,26,27
2023-09-13,LV-1,long,target,72.8,91,92
2023-09-13,LV-2,long,target,72.8,60,66
2023-09-14,LV-1,long,stop,-87.2,113,116
2023-09-15,LV-1,long,stop,-87.2,25,29
2023-09-15,LV-1,long,target,72.8,45,47
2023-09-15,LV-1,long,stop,-87.2,103,104
2023-09-15,LV-1,long,target,72.8,138,152
2023-09-15,LV-3,long,target,72.8,102,108
2023-09-18,LV-1,long,target,72.8,4,5
2023-09-18,LV-1,long,stop,-87.2,259,266
2023-09-18,LV-2,long,stop,-87.2,38,43
2023-09-19,LV-1,long,target,72.8,2,5
2023-09-19,LV-1,long,target,72.8,38,39
2023-09-19,LV-1,long,target,72.8,208,211
2023-09-19,LV-1,long,stop,-87.2,288,290
2023-09-19,LV-2,long,stop,-87.2,211,213
2023-09-19,LV-3,long,stop,-87.2,10,19
2023-09-20,LV-1,long,target,72.8,16,17
2023-09-20,LV-1,long,stop,-87.2,34,35
2023-09-20,LV-1,long,target,72.8,72,73
2023-09-20,LV-3,long,target,72.8,33,34
2023-09-20,LV-3,long,target,72.8,62,64
2023-09-20,LV-3,long,target,72.8,133,135
2023-09-21,HV-1,long,target,142.8,19,26
2023-09-22,HV-1,long,target,142.8,36,42
2023-09-22,HV-1,long,target,142.8,87,91
2023-09-22,HV-1,long,target,142.8,163,165
2023-09-25,HV-1,long,stop,-157.2,94,101
2023-09-26,HV-1,long,target,142.8,180,182
2023-09-27,HV-1,long,target,142.8,12,13
2023-09-27,HV-1,long,stop,-157.2,19,20
2023-09-27,HV-1,long,target,142.8,109,112
2023-09-27,HV-1,long,stop,-157.2,137,153
2023-09-27,HV-2,long,target,142.8,19,20
2023-09-27,HV-2,long,target,142.8,110,111
2023-09-27,HV-2,long,target,142.8,138,139
2023-09-28,HV-1,long,stop,-157.2,0,9
2023-09-28,HV-1,long,stop,-157.2,45,77
2023-09-28,HV-1,long,target,142.8,269,270
2023-09-29,HV-1,long,target,142.8,2,8
2023-09-29,HV-1,long,stop,-157.2,39,41
2023-09-29,HV-1,long,stop,-157.2,159,167
2023-10-03,HV-1,short,stop,-157.2,7,11
2023-10-03,HV-1,short,target,142.8,48,49
2023-10-03,HV-1,short,target,142.8,93,97
2023-10-03,HV-1,short,target,142.8,163,164
2023-10-04,HV-1,short,stop,-157.2,47,48
2023-10-04,HV-1,short,stop,-157.2,120,122
2023-10-04,HV-2,short,target,142.8,91,93
2023-10-05,HV-1,short,target,142.8,2,36
2023-10-05,HV-1,short,stop,-157.2,51,52
2023-10-05,HV-1,short,target,142.8,114,115
2023-10-05,HV-1,short,stop,-157.2,172,173
2023-10-05,HV-2,short,target,142.8,8,14
2023-10-06,HV-1,short,target,142.8,9,12
2023-10-06,HV-1,short,target,142.8,46,50
2023-10-06,HV-2,short,target,142.8,47,48
2023-10-09,HV-1,short,stop,-157.2,47,68
2023-10-10,HV-1,short,stop,-157.2,0,1
2023-10-10,HV-1,short,target,142.8,87,90
2023-10-11,HV-1,short,stop,-157.2,3,4
2023-10-11,HV-1,short,target,142.8,98,99
2023-10-11,HV-1,short,target,142.8,94,156
2023-10-12,HV-1,short,stop,-157.2,69,75
2023-10-13,HV-1,short,stop,-157.2,37,85
2023-10-16,HV-1,long,target,142.8,2,3
2023-10-16,HV-1,long,stop,-157.2,80,81
2023-10-16,HV-1,long,stop,-157.2,83,84
2023-10-17,HV-1,short,stop,-157.2,27,31
2023-10-17,HV-1,short,stop,-157.2,49,50
2023-10-17,HV-1,short,target,142.8,149,150
2023-10-18,HV-1,short,stop,-157.2,8,13
2023-10-18,HV-1,short,target,142.8,32,41
2023-10-19,HV-1,short,stop,-157.2,0,1
2023-10-19,HV-1,short,stop,-157.2,158,160
2023-10-19,HV-1,short,stop,-157.2,233,243
2023-10-20,HV-1,long,target,142.8,48,49
2023-10-20,HV-1,long,stop,-157.2,61,64
2023-10-20,HV-1,long,stop,-157.2,240,256
2023-10-23,HV-1,short,target,142.8,6,24
2023-10-23,HV-1,short,stop,-157.2,35,36
2023-10-23,HV-1,short,stop,-157.2,159,162
2023-10-23,HV-1,short,target,142.8,222,255
2023-10-24,HV-1,short,target,142.8,59,61
2023-10-24,HV-1,short,target,142.8,116,117
2023-10-24,HV-1,short,target,142.8,133,136
2023-10-24,HV-2,short,target,142.8,25,28
2023-10-24,HV-2,short,target,142.8,116,117
2023-10-24,HV-2,short,stop,-157.2,151,153
2023-10-25,HV-1,short,target,142.8,91,92
2023-10-25,HV-1,short,target,142.8,69,104
2023-10-25,HV-1,short,target,142.8,124,125
2023-10-25,HV-1,short,target,142.8,167,169
2023-10-25,HV-1,short,target,142.8,264,265
2023-10-25,HV-2,short,stop,-157.2,124,127
2023-10-26,HV-1,short,stop,-157.2,5,6
2023-10-26,HV-1,short,target,142.8,70,71
2023-10-27,HV-1,short,target,142.8,3,4
2023-10-27,HV-1,short,target,142.8,55,56
2023-10-27,HV-1,short,target,142.8,130,133
2023-10-27,HV-2,short,stop,-157.2,3,4
2023-10-27,HV-2,short,target,142.8,15,16
2023-10-27,HV-2,short,stop,-157.2,51,52
2023-10-30,HV-1,short,stop,-157.2,39,40
2023-10-30,HV-1,short,stop,-157.2,150,154
2023-10-30,HV-1,short,target,142.8,261,262
2023-10-31,HV-1,short,target,142.8,30,34
2023-10-31,HV-1,short,target,142.8,87,91
2023-11-01,HV-1,short,target,142.8,32,35
2023-11-01,HV-1,short,target,142.8,220,227
2023-11-01,HV-1,short,stop,-157.2,313,315
2023-11-01,HV-2,short,target,142.8,217,231
2023-11-02,HV-1,short,target,142.8,0,27
2023-11-02,HV-1,short,target,142.8,81,84
2023-11-02,HV-2,short,stop,-157.2,11,15
2023-11-06,HV-1,short,target,142.8,31,46
2023-11-07,HV-1,short,stop,-157.2,60,63
2023-11-07,HV-2,short,target,142.8,7,16
2023-11-08,HV-1,short,target,142.8,14,16
2023-11-08,HV-1,short,target,142.8,70,74
2023-11-08,HV-1,short,stop,-157.2,108,134
2023-11-09,HV-1,short,stop,-157.2,95,96
2023-11-09,HV-1,short,stop,-157.2,226,232
2023-11-10,HV-1,short,target,142.8,62,92
2023-11-13,HV-1,short,target,142.8,49,50
2023-11-14,HV-1,short,target,142.8,120,125
2023-11-14,HV-1,short,target,142.8,161,166
2023-11-14,HV-1,short,target,142.8,233,241
2023-11-15,HV-1,short,target,142.8,0,3
2023-11-15,HV-1,short,stop,-157.2,139,141
2023-11-16,LV-1,short,target,72.8,32,35
2023-11-16,LV-1,short,stop,-87.2,60,84
2023-11-16,LV-1,short,target,72.8,148,150
2023-11-16,LV-1,short,target,72.8,222,224
2023-11-16,LV-1,short,target,72.8,244,245
2023-11-16,LV-3,short,target,72.8,32,38
2023-11-16,LV-3,short,target,72.8,59,84
2023-11-17,HV-1,short,stop,-157.2,1,12
2023-11-17,HV-1,short,target,142.8,52,54
2023-11-17,HV-2,short,stop,-157.2,2,5
2023-11-20,HV-1,short,stop,-157.2,90,100
2023-11-21,HV-1,short,target,142.8,55,61
2023-11-22,HV-1,short,stop,-157.2,1,3
2023-11-22,HV-1,short,stop,-157.2,66,72
2023-11-22,HV-1,short,stop,-157.2,210,227
2023-11-24,HV-1,short,target,142.8,69,118
2023-11-24,HV-1,short,target,142.8,175,193
2023-11-24,HV-1,short,target,142.8,223,226
2023-11-27,HV-1,short,stop,-157.2,43,45
2023-11-27,HV-1,short,stop,-157.2,64,72
2023-11-27,HV-1,short,target,142.8,99,100
2023-11-28,HV-1,short,stop,-157.2,1,2
2023-11-29,HV-1,short,target,142.8,46,48
2023-11-29,HV-1,short,target,142.8,90,91
2023-11-30,HV-1,short,target,142.8,3,4
2023-11-30,HV-1,short,stop,-157.2,106,107
2023-11-30,HV-1,short,target,142.8,119,123
2023-11-30,HV-1,short,target,142.8,133,135
2023-11-30,HV-1,short,target,142.8,149,153
2023-11-30,HV-1,short,target,142.8,140,191
2023-12-04,HV-1,short,target,142.8,16,17
2023-12-04,HV-1,short,target,142.8,115,133
2023-12-04,HV-2,short,target,142.8,53,55
2023-12-05,HV-1,short,target,142.8,6,10
2023-12-05,HV-1,short,target,142.8,65,66
2023-12-06,HV-1,short,target,142.8,1,44
2023-12-06,HV-1,short,stop,-157.2,81,86
2023-12-07,HV-1,short,stop,-157.2,46,50
2023-12-07,HV-1,short,target,142.8,145,146
2023-12-07,HV-1,short,stop,-157.2,215,229
2023-12-07,HV-2,short,target,142.8,143,146
2023-12-08,HV-1,short,stop,-157.2,63,64
2023-12-11,HV-1,short,target,142.8,0,1
2023-12-12,HV-1,short,target,142.8,130,135
2023-12-12,HV-1,short,target,142.8,218,222
2023-12-13,HV-1,short,stop,-157.2,35,40
2023-12-13,HV-1,short,stop,-157.2,129,153
2023-12-14,LV-1,short,target,72.8,45,60
2023-12-14,LV-2,short,target,72.8,83,87
2023-12-15,LV-1,short,target,72.8,38,40
2023-12-15,LV-1,short,target,72.8,82,86
2023-12-15,LV-3,short,target,72.8,4,6
2023-12-15,LV-3,short,target,72.8,32,33
2023-12-15,LV-3,short,target,72.8,84,85
2023-12-18,LV-1,short,stop,-87.2,56,58
2023-12-18,LV-1,short,target,72.8,87,130
2023-12-18,LV-1,short,stop,-87.2,254,256
2023-12-18,LV-2,short,stop,-87.2,63,67
2023-12-19,LV-1,short,target,72.8,68,70
2023-12-19,LV-1,short,target,72.8,123,125
2023-12-19,LV-2,short,target,72.8,264,265
2023-12-20,LV-1,long,target,72.8,2,3
2023-12-20,LV-1,long,target,72.8,103,104
2023-12-20,LV-1,long,stop,-87.2,244,245
2023-12-20,LV-3,long,stop,-87.2,2,3
2023-12-21,HV-1,short,stop,-157.2,9,13
2023-12-21,HV-1,short,target,142.8,154,155
2023-12-22,HV-1,long,target,142.8,4,31
2023-12-26,HV-1,long,stop,-157.2,67,79
2023-12-27,LV-1,long,target,72.8,46,51
2023-12-27,LV-1,long,stop,-87.2,151,154
2023-12-27,LV-2,long,target,72.8,34,35
2023-12-28,LV-1,short,target,72.8,7,52
2023-12-28,LV-1,short,target,72.8,161,163
2023-12-28,LV-1,short,target,72.8,252,253
2023-12-28,LV-1,short,target,72.8,288,290
2023-12-28,LV-2,short,target,72.8,71,81
2023-12-28,LV-3,short,target,72.8,7,9
2023-12-28,LV-3,short,target,72.8,161,163
2023-12-29,LV-1,short,stop,-87.2,20,21
2023-12-29,LV-1,short,stop,-87.2,80,81
2023-12-29,LV-1,short,stop,-87.2,114,115
2023-12-29,LV-3,short,target,72.8,113,116
2024-01-03,HV-1,short,stop,-157.2,75,85
2024-01-08,HV-1,short,target,142.8,0,1
2024-01-08,HV-1,short,target,142.8,31,35
2024-01-12,HV-1,long,stop,-157.2,83,85
2024-01-12,HV-1,long,target,142.8,105,121
2024-01-12,HV-1,long,stop,-157.2,144,155
2024-01-17,HV-1,short,stop,-157.2,90,91
2024-01-17,HV-1,short,stop,-157.2,204,257
2024-01-19,HV-1,long,target,142.8,5,15
2024-01-19,HV-1,long,stop,-157.2,212,215
2024-01-22,LV-1,long,target,72.8,41,52
2024-01-22,LV-1,long,target,72.8,140,160
2024-01-22,LV-1,long,target,72.8,219,224
2024-01-22,LV-3,long,target,72.8,82,87
2024-01-23,HV-1,long,target,142.8,65,111
2024-01-24,HV-1,long,stop,-157.2,1,3
2024-01-24,HV-1,long,stop,-157.2,157,197
2024-01-25,HV-1,long,stop,-157.2,47,66
2024-01-26,HV-1,long,target,142.8,266,283
2024-01-26,HV-2,long,target,142.8,88,89
2024-01-26,HV-2,long,target,142.8,273,281
2024-01-29,HV-1,long,stop,-157.2,0,2
2024-01-29,HV-1,long,target,142.8,135,137
2024-01-30,HV-1,long,stop,-157.2,34,74
2024-01-31,HV-1,long,stop,-157.2,92,96
2024-02-01,HV-1,long,stop,-157.2,30,51
2024-02-01,HV-1,long,target,142.8,226,229
2024-02-01,HV-1,long,stop,-157.2,259,273
2024-02-01,HV-1,long,target,142.8,275,276
2024-02-02,HV-1,short,target,142.8,18,25
2024-02-02,HV-1,short,target,142.8,37,40
2024-02-02,HV-1,short,stop,-157.2,61,64
2024-02-05,HV-1,short,target,142.8,3,4
2024-02-05,HV-1,short,stop,-157.2,142,148
2024-02-06,HV-1,short,stop,-157.2,94,151
2024-02-06,HV-1,short,target,142.8,205,206
2024-02-07,HV-1,short,stop,-157.2,35,95
2024-02-07,HV-1,short,stop,-157.2,110,112
2024-02-09,LV-1,long,target,72.8,6,10
2024-02-09,LV-1,long,target,72.8,36,76
2024-02-09,LV-2,long,target,72.8,138,139
2024-02-09,LV-3,long,target,72.8,16,18
2024-02-12,LV-1,long,stop,-87.2,65,67
2024-02-12,LV-3,long,target,72.8,40,42
2024-02-13,LV-1,long,stop,-87.2,1,2
2024-02-13,LV-1,long,target,72.8,92,93
2024-02-13,LV-1,long,stop,-87.2,151,156
2024-02-13,LV-2,long,target,72.8,48,60
2024-02-13,LV-3,long,target,72.8,129,131
2024-02-13,LV-3,long,stop,-87.2,226,233
2024-02-14,LV-1,long,target,72.8,37,58
2024-02-14,LV-1,long,target,72.8,95,96
2024-02-14,LV-1,long,stop,-87.2,212,213
2024-02-14,LV-2,long,stop,-87.2,195,202
2024-02-14,LV-3,long,stop,-87.2,2,5
2024-02-15,HV-1,long,target,142.8,0,16
2024-02-15,HV-2,long,target,142.8,93,95
2024-02-15,HV-2,long,target,142.8,158,198
2024-02-16,HV-1,long,stop,-157.2,20,22
2024-02-16,HV-1,long,target,142.8,52,55
2024-02-20,LV-1,long,target,72.8,0,1
2024-02-20,LV-1,long,target,72.8,107,111
2024-02-20,LV-1,long,target,72.8,271,273
2024-02-20,LV-2,long,target,72.8,40,45
2024-02-21,LV-1,long,target,72.8,0,2
2024-02-21,LV-1,long,stop,-87.2,92,93
2024-02-21,LV-3,long,target,72.8,51,52
2024-02-21,LV-3,long,target,72.8,178,186
2024-02-22,LV-1,long,target,72.8,41,43
2024-02-22,LV-1,long,target,72.8,122,126
2024-02-22,LV-3,long,target,72.8,28,30
2024-02-22,LV-3,long,target,72.8,36,37
2024-02-23,LV-1,long,stop,-87.2,1,3
2024-02-23,LV-1,long,target,72.8,55,56
2024-02-23,LV-1,long,stop,-87.2,208,236
2024-02-23,LV-2,long,stop,-87.2,36,40
2024-02-26,LV-1,long,stop,-87.2,5,12
2024-02-26,LV-1,long,target,72.8,88,89
2024-02-26,LV-3,long,target,72.8,230,232
2024-02-27,HV-1,long,target,142.8,6,9
2024-02-28,LV-1,long,target,72.8,45,49
2024-02-28,LV-2,long,target,72.8,98,105
2024-02-29,HV-1,long,target,142.8,50,55
2024-03-01,LV-1,long,target,72.8,15,30
2024-03-01,LV-1,long,target,72.8,102,103
2024-03-01,LV-1,long,target,72.8,207,210
2024-03-01,LV-2,long,target,72.8,72,73
2024-03-01,LV-3,long,target,72.8,97,116
2024-03-04,LV-1,long,target,72.8,45,57
2024-03-04,LV-1,long,target,72.8,75,77
2024-03-04,LV-1,long,target,72.8,180,181
2024-03-04,LV-2,long,target,72.8,65,66
2024-03-06,HV-1,long,target,142.8,91,92
2024-03-07,HV-1,long,stop,-157.2,11,17
2024-03-11,HV-1,short,target,142.8,19,28
2024-03-11,HV-1,short,stop,-157.2,40,48
2024-03-12,HV-1,short,stop,-157.2,33,55
2024-03-12,HV-1,short,target,142.8,141,175
2024-03-13,LV-1,long,target,72.8,48,49
2024-03-13,LV-1,long,target,72.8,118,120
2024-03-13,LV-2,long,target,72.8,105,107
2024-03-14,LV-1,long,target,72.8,8,52
2024-03-14,LV-1,long,target,72.8,69,70
2024-03-14,LV-3,long,target,72.8,9,16
2024-03-14,LV-3,long,time_exit,-47.200000000006256,68,147
2024-03-15,LV-1,long,target,72.8,0,15
2024-03-15,LV-2,long,stop,-87.2,31,33
2024-03-18,LV-1,long,target,72.8,0,1
2024-03-18,LV-1,long,target,72.8,142,143
2024-03-18,LV-1,long,target,72.8,254,255
2024-03-18,LV-3,long,stop,-87.2,12,26
2024-03-19,LV-1,long,target,72.8,34,35
2024-03-19,LV-1,long,target,72.8,164,167
2024-03-19,LV-3,long,stop,-87.2,164,168
2024-03-20,LV-1,long,stop,-87.2,16,17
2024-03-20,LV-1,long,target,72.8,107,108
2024-03-20,LV-2,long,stop,-87.2,111,132
2024-03-21,LV-1,long,target,72.8,21,30
2024-03-21,LV-1,long,stop,-87.2,96,107
2024-03-21,LV-2,long,stop,-87.2,31,34
2024-03-22,LV-1,long,target,72.8,38,43
2024-03-22,LV-1,long,target,72.8,237,263
2024-03-25,LV-1,long,target,72.8,0,10
2024-03-25,LV-1,long,target,72.8,33,38
2024-03-25,LV-1,long,target,72.8,90,91
2024-03-25,LV-3,long,target,72.8,110,117
2024-03-26,LV-1,long,stop,-87.2,55,60
2024-03-26,LV-1,long,target,72.8,95,96
2024-03-26,LV-2,long,stop,-87.2,58,59
2024-03-27,LV-1,long,target,72.8,1,50
2024-03-27,LV-1,long,stop,-87.2,138,141
2024-03-28,LV-1,long,target,72.8,5,10
2024-03-28,LV-1,long,target,72.8,299,300
2024-03-28,LV-2,long,target,72.8,53,60
2024-04-01,LV-1,long,stop,-87.2,0,5
2024-04-01,LV-1,long,target,72.8,121,123
2024-04-01,LV-2,long,target,72.8,40,42
2024-04-01,LV-3,long,stop,-87.2,140,141
2024-04-02,LV-1,long,target,72.8,18,27
2024-04-02,LV-1,long,target,72.8,37,83
2024-04-04,LV-2,long,target,72.8,42,120
2024-04-05,LV-1,long,target,72.8,58,64
2024-04-05,LV-1,long,target,72.8,117,118
2024-04-05,LV-1,long,stop,-87.2,268,276
2024-04-05,LV-2,long,target,72.8,82,86
2024-04-05,LV-3,long,target,72.8,124,129
2024-04-08,LV-1,long,target,72.8,2,3
2024-04-08,LV-1,long,target,72.8,34,35
2024-04-08,LV-1,long,target,72.8,79,84
2024-04-08,LV-1,long,target,72.8,105,106
2024-04-08,LV-2,long,stop,-87.2,58,61
2024-04-08,LV-3,long,target,72.8,34,35
2024-04-09,LV-1,long,stop,-87.2,33,34
2024-04-09,LV-1,long,stop,-87.2,85,89
2024-04-09,LV-1,long,target,72.8,104,127
2024-04-09,LV-3,long,target,72.8,2,8
2024-04-10,LV-1,long,target,72.8,2,36
2024-04-10,LV-1,long,target,72.8,93,103
2024-04-10,LV-1,long,target,72.8,273,274
2024-04-10,LV-2,long,target,72.8,67,70
2024-04-11,LV-1,long,target,72.8,0,6
2024-04-11,LV-1,long,stop,-87.2,105,106
2024-04-11,LV-2,long,target,72.8,62,68
2024-04-11,LV-3,long,target,72.8,19,21
2024-04-12,LV-1,long,target,72.8,40,41
2024-04-12,LV-1,long,stop,-87.2,206,207
2024-04-12,LV-2,long,target,72.8,288,289
2024-04-12,LV-3,long,stop,-87.2,9,14
2024-04-12,LV-3,long,target,72.8,40,41
2024-04-15,HV-1,long,target,142.8,95,123
2024-04-15,HV-1,long,target,142.8,269,270
2024-04-16,HV-1,long,target,142.8,1,3
2024-04-16,HV-1,long,target,142.8,150,152
2024-04-17,LV-1,long,target,72.8,33,34
2024-04-17,LV-1,long,stop,-87.2,162,168
2024-04-17,LV-1,long,stop,-87.2,187,202
2024-04-17,LV-2,long,stop,-87.2,163,168
2024-04-18,HV-1,short,target,142.8,5,6
2024-04-19,HV-1,short,stop,-157.2,50,54
2024-04-22,HV-1,short,stop,-157.2,11,12
2024-04-22,HV-1,short,stop,-157.2,159,164
2024-04-23,HV-1,short,stop,-157.2,36,37
2024-04-24,HV-1,long,target,142.8,93,104
2024-04-25,HV-1,long,stop,-157.2,30,31
2024-04-26,HV-1,long,target,142.8,116,120
2024-04-29,LV-1,long,stop,-87.2,31,33
2024-04-29,LV-1,long,stop,-87.2,89,90
2024-04-29,LV-3,long,stop,-87.2,31,33
2024-04-30,LV-1,long,stop,-87.2,17,18
2024-04-30,LV-1,long,stop,-87.2,44,47
2024-04-30,LV-1,long,stop,-87.2,60,61
2024-04-30,LV-2,long,stop,-87.2,37,43
2024-05-01,LV-1,short,stop,-87.2,9,10
2024-05-01,LV-1,short,target,72.8,50,56
2024-05-01,LV-1,short,target,72.8,158,197
2024-05-01,LV-2,short,stop,-87.2,94,95
2024-05-01,LV-3,short,stop,-87.2,109,110
2024-05-01,LV-3,short,target,72.8,123,129
2024-05-02,HV-1,short,target,142.8,43,47
2024-05-02,HV-2,short,stop,-157.2,63,64
2024-05-03,HV-1,short,stop,-157.2,0,9
2024-05-03,HV-1,short,stop,-157.2,87,88
2024-05-03,HV-2,short,target,142.8,31,38
2024-05-06,HV-1,short,target,142.8,212,215
2024-05-07,HV-1,short,stop,-157.2,0,15
2024-05-07,HV-1,short,target,142.8,243,264
2024-05-08,LV-1,short,target,72.8,80,81
2024-05-08,LV-1,short,target,72.8,104,107
2024-05-08,LV-2,short,target,72.8,56,57
2024-05-09,LV-1,short,stop,-87.2,25,27
2024-05-09,LV-1,short,target,72.8,1,35
2024-05-09,LV-3,short,target,72.8,10,12
2024-05-10,LV-1,short,target,72.8,80,88
2024-05-10,LV-1,short,target,72.8,213,215
2024-05-10,LV-3,short,stop,-87.2,214,215
2024-05-13,LV-1,short,stop,-87.2,43,44
2024-05-13,LV-2,short,target,72.8,71,75
2024-05-14,LV-1,short,target,72.8,1,3
2024-05-14,LV-1,short,stop,-87.2,17,26
2024-05-14,LV-3,short,target,72.8,6,7
2024-05-15,LV-1,short,target,72.8,60,68
2024-05-15,LV-1,short,stop,-87.2,17,91
2024-05-15,LV-1,short,target,72.8,195,240
2024-05-15,LV-2,short,stop,-87.2,125,126
2024-05-15,LV-3,short,stop,-87.2,17,91
2024-05-16,LV-1,short,target,72.8,57,59
2024-05-16,LV-2,short,target,72.8,46,49
2024-05-17,LV-1,short,target,72.8,16,17
2024-05-17,LV-3,short,target,72.8,16,18
2024-05-20,LV-1,short,target,72.8,0,12
2024-05-20,LV-1,short,target,72.8,69,70
2024-05-20,LV-1,short,stop,-87.2,112,113
2024-05-21,LV-1,short,target,72.8,30,31
2024-05-21,LV-2,short,target,72.8,30,31
2024-05-22,LV-1,short,target,72.8,20,94
2024-05-22,LV-2,short,target,72.8,102,105
2024-05-23,LV-1,short,target,72.8,0,4
2024-05-23,LV-1,short,target,72.8,75,77
2024-05-23,LV-3,short,target,72.8,72,78
2024-05-23,LV-3,short,target,72.8,133,140
2024-05-24,LV-1,short,target,72.8,51,53
2024-05-24,LV-2,short,stop,-87.2,39,42
2024-05-27,LV-2,short,target,72.8,81,106
2024-05-28,LV-1,short,target,72.8,5,15
2024-05-28,LV-1,short,target,72.8,115,121
2024-05-28,LV-2,short,stop,-87.2,61,77
2024-05-29,LV-1,short,target,72.8,37,39
2024-05-29,LV-1,short,target,72.8,115,117
2024-05-29,LV-3,short,target,72.8,115,117
2024-05-30,LV-1,short,target,72.8,10,11
2024-05-30,LV-1,short,target,72.8,49,57
2024-05-30,LV-1,short,target,72.8,234,235
2024-05-30,LV-2,short,stop,-87.2,51,55
2024-05-30,LV-3,short,stop,-87.2,10,25
2024-05-31,LV-1,short,target,72.8,165,183
2024-05-31,LV-1,short,stop,-87.2,135,196
2024-05-31,LV-3,short,stop,-87.2,165,183
2024-06-03,LV-1,short,target,72.8,38,40
2024-06-03,LV-1,short,stop,-87.2,54,57
2024-06-03,LV-1,short,target,72.8,93,99
2024-06-03,LV-3,short,target,72.8,54,57
2024-06-03,LV-3,short,target,72.8,62,63
2024-06-04,HV-1,short,target,142.8,105,110
2024-06-05,HV-1,short,stop,-157.2,45,53
2024-06-05,HV-2,short,target,142.8,127,135
2024-06-06,HV-1,short,target,142.8,100,101
2024-06-10,HV-1,short,stop,-157.2,45,55
2024-06-10,HV-1,short,stop,-157.2,60,98
2024-06-11,LV-1,short,target,72.8,2,3
2024-06-11,LV-1,short,target,72.8,34,53
2024-06-12,LV-1,long,target,72.8,122,123
2024-06-12,LV-2,long,target,72.8,46,80
2024-06-13,LV-1,long,target,72.8,13,60
2024-06-13,LV-3,long,target,72.8,15,41
2024-06-14,LV-1,long,stop,-87.2,49,51
2024-06-14,LV-1,long,target,72.8,93,98
2024-06-14,LV-2,long,stop,-87.2,247,264
2024-06-18,LV-1,long,stop,-87.2,117,121
2024-06-19,LV-1,long,stop,-87.2,104,141
2024-06-20,LV-1,long,stop,-87.2,155,158
2024-06-21,LV-1,long,target,72.8,8,9
2024-06-21,LV-2,long,target,72.8,37,40
2024-06-24,LV-1,long,target,72.8,52,54
2024-06-24,LV-1,long,target,72.8,140,141
2024-06-25,LV-1,long,stop,-87.2,91,105
2024-06-25,LV-2,long,stop,-87.2,50,56
2024-06-26,LV-1,long,target,72.8,58,60
2024-06-26,LV-1,long,stop,-87.2,101,102
2024-06-26,LV-2,long,target,72.8,53,90
2024-06-27,LV-1,long,target,72.8,37,38
2024-06-27,LV-3,long,target,72.8,5,17
2024-06-28,LV-1,long,target,72.8,49,58
2024-07-02,LV-1,long,stop,-87.2,23,26
2024-07-02,LV-1,long,stop,-87.2,69,70
2024-07-02,LV-2,long,target,72.8,94,95
2024-07-03,LV-1,long,target,72.8,45,72
2024-07-03,LV-2,long,target,72.8,107,109
2024-07-05,LV-1,long,target,72.8,2,20
2024-07-05,LV-1,long,stop,-87.2,291,292
2024-07-05,LV-2,long,target,72.8,34,37
2024-07-08,LV-1,long,stop,-87.2,23,24
2024-07-08,LV-2,long,stop,-87.2,32,35
2024-07-09,LV-1,short,target,72.8,25,42
2024-07-09,LV-1,short,stop,-87.2,150,158
2024-07-09,LV-3,short,target,72.8,148,149
2024-07-10,LV-1,short,target,72.8,106,109
2024-07-10,LV-1,short,stop,-87.2,147,171
2024-07-10,LV-2,short,target,72.8,90,93
2024-07-11,LV-1,short,target,72.8,27,51
2024-07-11,LV-1,short,target,72.8,105,106
2024-07-11,LV-2,short,stop,-87.2,122,125
2024-07-11,LV-3,short,stop,-87.2,18,96
2024-07-12,LV-1,long,target,72.8,13,14
2024-07-12,LV-1,long,stop,-87.2,45,46
2024-07-12,LV-1,long,target,72.8,195,261
2024-07-12,LV-3,long,stop,-87.2,8,11
2024-07-16,LV-1,short,target,72.8,0,4
2024-07-16,LV-1,short,target,72.8,216,264
2024-07-16,LV-2,short,stop,-87.2,54,85
2024-07-17,LV-1,short,target,72.8,120,121
2024-07-18,LV-1,short,target,72.8,22,38
2024-07-18,LV-1,short,target,72.8,51,54
2024-07-18,LV-2,short,stop,-87.2,164,181
2024-07-18,LV-3,short,stop,-87.2,103,111
2024-07-19,LV-1,short,stop,-87.2,20,40
2024-07-19,LV-1,short,target,72.8,3,58
2024-07-19,LV-1,short,target,72.8,214,216
2024-07-19,LV-3,short,target,72.8,6,7
2024-07-19,LV-3,short,target,72.8,4,56
2024-07-19,LV-3,short,target,72.8,223,227
2024-07-22,LV-1,short,target,72.8,0,1
2024-07-22,LV-2,short,stop,-87.2,77,80
2024-07-23,LV-1,short,target,72.8,39,51
2024-07-23,LV-1,short,stop,-87.2,181,182
2024-07-23,LV-3,short,target,72.8,45,50
2024-07-24,LV-1,short,target,72.8,59,60
2024-07-24,LV-1,short,target,72.8,157,158
2024-07-24,LV-2,short,target,72.8,42,90
2024-07-25,LV-1,short,stop,-87.2,1,10
2024-07-25,LV-1,short,target,72.8,106,110
2024-07-25,LV-1,short,stop,-87.2,132,136
2024-07-25,LV-2,short,target,72.8,44,76
2024-07-25,LV-3,short,target,72.8,3,6
2024-07-26,HV-1,short,target,142.8,31,33
2024-07-26,HV-1,short,target,142.8,88,91
2024-07-30,HV-1,short,target,142.8,2,7
2024-08-01,HV-1,long,stop,-157.2,71,72
2024-08-02,HV-1,short,target,142.8,145,149
2024-08-02,HV-2,short,stop,-157.2,6,7
2024-08-02,HV-2,short,stop,-157.2,31,39
2024-08-02,HV-2,short,target,142.8,67,68
2024-08-05,HV-1,short,stop,-157.2,1,4
2024-08-05,HV-1,short,target,142.8,7,10
2024-08-05,HV-1,short,target,142.8,132,135
2024-08-06,HV-1,short,target,142.8,0,2
2024-08-06,HV-1,short,stop,-157.2,75,81
2024-08-07,HV-1,short,stop,-157.2,24,29
2024-08-08,HV-1,short,target,142.8,1,2
2024-08-09,HV-1,short,target,142.8,234,243
2024-08-12,LV-1,short,target,72.8,0,21
2024-08-12,LV-1,short,stop,-87.2,231,234
2024-08-12,LV-1,short,time_exit,-57.19999999999716,297,298
2024-08-12,LV-2,short,stop,-87.2,47,51
2024-08-13,HV-1,long,target,142.8,154,157
2024-08-15,HV-1,short,target,142.8,65,66
2024-08-15,HV-1,short,target,142.8,144,147
2024-08-19,LV-1,short,target,72.8,6,7
2024-08-19,LV-1,short,target,72.8,74,75
2024-08-19,LV-1,short,target,72.8,183,184
2024-08-19,LV-1,short,target,72.8,198,207
2024-08-19,LV-3,short,target,72.8,74,75
2024-08-19,LV-3,short,target,72.8,184,185
2024-08-19,LV-3,short,target,72.8,189,190
2024-08-20,HV-1,short,stop,-157.2,121,153
2024-08-20,HV-2,short,target,142.8,122,123
2024-08-20,HV-2,short,stop,-157.2,125,126
2024-08-21,LV-1,short,target,72.8,115,131
2024-08-21,LV-1,short,stop,-87.2,140,141
2024-08-21,LV-1,short,target,72.8,178,182
2024-08-21,LV-1,short,target,72.8,237,238
2024-08-21,LV-2,short,stop,-87.2,93,94
2024-08-21,LV-3,short,stop,-87.2,122,123
2024-08-22,HV-1,short,stop,-157.2,125,133
2024-08-23,HV-1,short,target,142.8,108,123
2024-08-27,LV-1,short,stop,-87.2,42,43
2024-08-27,LV-1,short,stop,-87.2,137,139
2024-08-27,LV-1,short,stop,-87.2,238,244
2024-08-27,LV-3,short,target,72.8,42,45
2024-08-28,LV-1,short,stop,-87.2,35,36
2024-08-28,LV-3,short,target,72.8,76,78
2024-08-29,LV-1,short,stop,-87.2,20,21
2024-08-29,LV-1,short,target,72.8,73,74
2024-08-29,LV-1,short,target,72.8,153,188
2024-08-29,LV-2,short,target,72.8,60,61
2024-08-30,LV-1,short,target,72.8,7,8
2024-08-30,LV-1,short,stop,-87.2,4,24
2024-09-03,HV-1,short,target,142.8,34,38
2024-09-03,HV-1,short,stop,-157.2,120,121
2024-09-03,HV-2,short,target,142.8,13,14
2024-09-04,HV-1,short,target,142.8,15,17
2024-09-04,HV-2,short,stop,-157.2,15,16
2024-09-05,HV-1,short,target,142.8,31,32
2024-09-05,HV-2,short,stop,-157.2,189,198
2024-09-06,HV-1,short,stop,-157.2,12,14
2024-09-06,HV-1,short,stop,-157.2,118,119
2024-09-06,HV-1,short,stop,-157.2,235,236
2024-09-06,HV-2,short,target,142.8,106,107
2024-09-06,HV-2,short,target,142.8,117,119
2024-09-06,HV-2,short,target,142.8,195,205
2024-09-09,HV-1,short,target,142.8,9,19
2024-09-09,HV-1,short,stop,-157.2,54,56
2024-09-09,HV-1,short,target,142.8,117,118
2024-09-10,HV-1,short,target,142.8,79,80
2024-09-10,HV-1,short,target,142.8,88,89
2024-09-10,HV-1,short,stop,-157.2,164,167
2024-09-10,HV-2,short,target,142.8,69,70
2024-09-10,HV-2,short,target,142.8,75,76
2024-09-10,HV-2,short,stop,-157.2,163,167
2024-09-11,HV-1,short,target,142.8,10,11
2024-09-11,HV-1,short,target,142.8,72,79
2024-09-11,HV-1,short,target,142.8,95,96
2024-09-11,HV-2,short,stop,-157.2,12,13
2024-09-11,HV-2,short,target,142.8,91,93
2024-09-12,HV-1,short,target,142.8,51,57
2024-09-12,HV-1,short,stop,-157.2,70,72
2024-09-12,HV-1,short,target,142.8,155,163
2024-09-13,HV-1,short,target,142.8,0,5
2024-09-16,HV-1,short,target,142.8,78,88
2024-09-16,HV-1,short,stop,-157.2,103,110
2024-09-17,HV-1,short,target,142.8,118,124
2024-09-18,HV-1,short,target,142.8,149,150
2024-09-18,HV-1,short,target,142.8,155,156
2024-09-19,HV-1,short,stop,-157.2,33,36
2024-09-20,LV-1,short,stop,-87.2,186,188
2024-09-20,LV-2,short,target,72.8,108,109
2024-09-23,LV-1,short,stop,-87.2,122,123
2024-09-23,LV-1,short,target,72.8,156,157
2024-09-23,LV-1,short,stop,-87.2,176,179
2024-09-23,LV-2,short,target,72.8,43,50
2024-09-23,LV-3,short,stop,-87.2,137,138
2024-09-23,LV-3,short,target,72.8,176,177
2024-09-25,LV-1,short,stop,-87.2,82,83
2024-09-25,LV-1,short,target,72.8,127,131
2024-09-25,LV-1,short,target,72.8,194,195
2024-09-25,LV-1,short,target,72.8,201,204
2024-09-25,LV-2,short,stop,-87.2,50,102
2024-09-26,HV-1,short,target,142.8,7,10
2024-09-26,HV-2,short,target,142.8,5,30
2024-09-26,HV-2,short,target,142.8,4,84
2024-09-27,HV-1,short,stop,-157.2,0,1
2024-09-27,HV-1,short,target,142.8,108,111
2024-09-30,HV-1,short,stop,-157.2,89,91
2024-09-30,HV-1,short,target,142.8,147,156
2024-10-01,HV-1,short,target,142.8,37,40
2024-10-01,HV-1,short,target,142.8,72,73
2024-10-01,HV-1,short,target,142.8,95,118
2024-10-01,HV-1,short,target,142.8,238,240
2024-10-02,HV-1,long,stop,-157.2,73,81
2024-10-02,HV-1,long,target,142.8,174,178
2024-10-03,HV-1,long,stop,-157.2,38,40
2024-10-03,HV-1,long,target,142.8,73,74
2024-10-03,HV-1,long,target,142.8,73,77
2024-10-04,HV-1,long,target,142.8,44,45
2024-10-04,HV-1,long,stop,-157.2,128,144
2024-10-04,HV-2,long,stop,-157.2,245,246
2024-10-07,HV-1,long,stop,-157.2,6,8
2024-10-07,HV-1,long,target,142.8,101,106
2024-10-07,HV-1,long,target,142.8,141,142
2024-10-07,HV-1,long,target,142.8,221,227
2024-10-08,HV-1,long,target,142.8,0,5
2024-10-08,HV-1,long,stop,-157.2,24,44
2024-10-08,HV-1,long,target,142.8,67,69
2024-10-08,HV-1,long,target,142.8,93,95
2024-10-09,HV-1,long,target,142.8,18,20
2024-10-09,HV-1,long,stop,-157.2,39,40
2024-10-09,HV-1,long,stop,-157.2,132,136
2024-10-10,HV-1,long,target,142.8,19,44
2024-10-10,HV-1,long,target,142.8,80,81
2024-10-10,HV-1,long,stop,-157.2,183,185
2024-10-11,HV-1,long,target,142.8,88,135
2024-10-14,HV-1,long,target,142.8,10,15
2024-10-14,HV-1,long,target,142.8,44,46
2024-10-15,HV-1,short,target,142.8,13,15
2024-10-16,HV-1,short,stop,-157.2,50,78
2024-10-17,LV-1,short,target,72.8,1,12
2024-10-17,LV-1,short,target,72.8,246,248
2024-10-17,LV-2,short,target,72.8,131,135
2024-10-17,LV-3,short,stop,-87.2,16,17
2024-10-18,LV-1,short,target,72.8,154,161
2024-10-18,LV-3,short,target,72.8,17,18
2024-10-28,LV-1,short,stop,-87.2,71,112
2024-10-28,LV-2,short,target,72.8,31,32
2024-10-29,LV-1,short,stop,-87.2,0,10
2024-10-29,LV-1,short,target,72.8,42,50
2024-10-29,LV-1,short,target,72.8,145,166
2024-10-29,LV-3,short,target,72.8,27,28
2024-10-29,LV-3,short,target,72.8,130,132
2024-10-30,LV-1,short,stop,-87.2,48,51
2024-10-30,LV-1,short,target,72.8,90,120
2024-10-30,LV-1,short,target,72.8,145,147
2024-10-30,LV-2,short,target,72.8,90,92
2024-10-31,LV-1,short,target,72.8,13,18
2024-10-31,LV-1,short,stop,-87.2,270,271
2024-10-31,LV-1,short,stop,-87.2,334,335
2024-11-05,LV-1,long,stop,-87.2,141,144
2024-11-05,LV-2,long,target,72.8,246,251
2024-11-06,LV-1,long,stop,-87.2,38,39
2024-11-06,LV-1,long,target,72.8,67,68
2024-11-06,LV-1,long,stop,-87.2,85,86
2024-11-06,LV-1,long,target,72.8,116,117
2024-11-06,LV-3,long,target,72.8,2,4
2024-11-06,LV-3,long,target,72.8,38,40
2024-11-06,LV-3,long,target,72.8,54,57
2024-11-06,LV-3,long,stop,-87.2,85,86
2024-11-07,HV-1,long,target,142.8,24,71
2024-11-07,HV-1,long,stop,-157.2,131,135
2024-11-08,HV-1,long,stop,-157.2,46,49
2024-11-11,HV-1,short,stop,-157.2,44,45
2024-11-12,HV-1,short,target,142.8,120,123
2024-11-12,HV-1,short,time_exit,42.799999999997155,157,232
2024-11-13,HV-1,short,target,142.8,144,145
2024-11-15,LV-1,short,target,72.8,0,1
2024-11-15,LV-1,short,stop,-87.2,187,189
2024-11-15,LV-1,short,target,72.8,276,277
2024-11-15,LV-2,short,target,72.8,54,55
2024-11-18,LV-1,short,stop,-87.2,40,68
2024-11-18,LV-1,short,target,72.8,125,127
2024-11-18,LV-2,short,target,72.8,46,47
2024-11-19,HV-1,long,target,142.8,13,19
2024-11-19,HV-1,long,target,142.8,45,48
2024-11-21,LV-1,long,stop,-87.2,32,34
2024-11-21,LV-1,long,target,72.8,214,220
2024-11-21,LV-2,long,stop,-87.2,49,51
2024-11-22,LV-1,long,stop,-87.2,5,8
2024-11-22,LV-1,long,target,72.8,45,46
2024-11-22,LV-1,long,target,72.8,123,125
2024-11-22,LV-3,long,target,72.8,98,130
2024-11-25,LV-1,long,target,72.8,32,36
2024-11-25,LV-1,long,stop,-87.2,82,88
2024-11-25,LV-1,long,target,72.8,140,142
2024-11-25,LV-2,long,stop,-87.2,83,90
2024-12-04,LV-1,long,stop,-87.2,90,91
2024-12-04,LV-1,long,target,72.8,147,148
2024-12-04,LV-2,long,stop,-87.2,41,53
2024-12-06,LV-1,short,target,72.8,31,51
2024-12-11,LV-1,long,target,72.8,63,64
2024-12-11,LV-1,long,stop,-87.2,167,169
2024-12-11,LV-2,long,target,72.8,54,99
2024-12-12,LV-1,long,target,72.8,183,186
2024-12-13,LV-1,long,target,72.8,30,35
2024-12-26,LV-2,long,stop,-87.2,60,68
2024-12-30,LV-1,long,target,72.8,0,65
2024-12-31,LV-1,long,stop,-87.2,32,34
2025-01-02,LV-1,long,target,72.8,96,98
2025-01-03,LV-1,long,stop,-87.2,37,48
2025-01-06,LV-1,long,stop,-87.2,29,96
2025-01-06,LV-1,long,target,72.8,122,141
2025-01-06,LV-2,long,target,72.8,133,135
2025-01-07,LV-3,long,target,72.8,25,38
2025-01-08,LV-1,long,target,72.8,0,1
2025-01-08,LV-1,long,target,72.8,151,153
2025-01-08,LV-2,long,stop,-87.2,36,42
2025-01-09,LV-1,long,time_exit,42.799999999997155,237,292
2025-01-10,LV-1,long,target,72.8,20,21
2025-01-10,LV-1,long,target,72.8,18,45
2025-01-10,LV-1,long,target,72.8,98,100
2025-01-10,LV-2,long,target,72.8,87,96
2025-01-10,LV-3,long,target,72.8,20,39
2025-01-10,LV-3,long,target,72.8,19,43
2025-01-13,LV-1,long,target,72.8,11,12
2025-01-13,LV-1,long,target,72.8,87,89
2025-01-13,LV-1,long,stop,-87.2,180,186
2025-01-14,LV-1,long,target,72.8,84,85
2025-01-14,LV-1,long,target,72.8,104,106
2025-01-14,LV-2,long,target,72.8,59,61
2025-01-15,HV-1,long,stop,-157.2,152,155
2025-01-15,HV-1,long,stop,-157.2,162,165
2025-01-15,HV-2,long,target,142.8,53,54
2025-01-15,HV-2,long,target,142.8,52,93
2025-01-15,HV-2,long,stop,-157.2,136,159
2025-01-15,HV-2,long,target,142.8,248,249
2025-01-16,HV-1,long,target,142.8,167,168
2025-01-20,HV-1,long,target,142.8,0,1
2025-01-21,LV-1,long,target,72.8,99,103
2025-01-21,LV-3,long,target,72.8,46,47
2025-01-22,LV-1,long,stop,-87.2,40,50
2025-01-22,LV-1,long,target,72.8,203,212
2025-01-22,LV-2,long,target,72.8,77,82
2025-01-23,LV-1,long,target,72.8,135,140
2025-01-23,LV-1,long,target,72.8,166,175
2025-01-23,LV-2,long,stop,-87.2,163,164
2025-01-24,LV-1,long,target,72.8,29,32
2025-01-24,LV-1,long,stop,-87.2,91,96
2025-01-24,LV-2,long,target,72.8,65,67
2025-01-27,LV-1,long,stop,-87.2,71,72
2025-01-27,LV-1,long,target,72.8,116,117
2025-01-28,LV-1,long,target,72.8,72,79
2025-01-28,LV-1,long,target,72.8,164,165
2025-01-28,LV-2,long,target,72.8,113,117
2025-01-28,LV-3,long,stop,-87.2,5,26
2025-01-29,LV-1,long,stop,-87.2,93,95
2025-01-31,LV-1,long,target,72.8,60,61
2025-01-31,LV-1,long,target,72.8,94,114
2025-01-31,LV-3,long,target,72.8,287,289
2025-02-03,HV-1,long,stop,-157.2,0,15
2025-02-03,HV-1,long,stop,-157.2,27,29
2025-02-03,HV-1,long,target,142.8,98,99
2025-02-04,HV-1,short,target,142.8,3,9
2025-02-04,HV-1,short,target,142.8,50,53
2025-02-05,HV-2,short,stop,-157.2,17,18
2025-02-05,HV-2,short,target,142.8,9,26
2025-02-06,HV-1,short,target,142.8,28,29
2025-02-06,HV-1,short,target,142.8,53,54
2025-02-10,HV-1,short,target,142.8,37,39
2025-02-11,LV-1,long,target,72.8,96,119
2025-02-13,LV-1,short,stop,-87.2,99,100
2025-02-13,LV-2,short,stop,-87.2,33,47
2025-02-14,LV-1,short,target,72.8,5,7
2025-02-14,LV-1,short,target,72.8,87,88
2025-02-17,LV-2,short,stop,-87.2,40,62
2025-02-18,LV-1,short,target,72.8,30,60
2025-02-18,LV-2,short,target,72.8,71,90
2025-02-19,LV-1,long,target,72.8,150,152
2025-02-20,LV-1,long,target,72.8,10,30
2025-02-20,LV-1,long,target,72.8,202,203
2025-02-20,LV-2,long,target,72.8,63,96
2025-02-21,LV-1,short,stop,-87.2,10,11
2025-02-21,LV-1,short,stop,-87.2,96,100
2025-02-21,LV-3,short,target,72.8,10,11
2025-02-24,LV-1,short,target,72.8,8,16
2025-02-24,LV-2,short,stop,-87.2,67,68
2025-02-25,LV-1,short,target,72.8,69,71
2025-02-25,LV-1,short,target,72.8,119,122
2025-02-25,LV-3,short,target,72.8,80,85
2025-02-26,LV-1,short,target,72.8,16,46
2025-02-26,LV-1,short,stop,-87.2,212,218
2025-02-28,LV-1,short,stop,-87.2,4,7
2025-02-28,LV-1,short,target,72.8,214,217
2025-02-28,LV-2,short,stop,-87.2,150,155
2025-03-03,LV-1,short,target,72.8,75,76
2025-03-03,LV-1,short,target,72.8,252,255
2025-03-03,LV-1,short,target,72.8,260,261
2025-03-03,LV-3,short,target,72.8,260,261
2025-03-04,LV-1,short,target,72.8,57,59
2025-03-04,LV-1,short,target,72.8,42,93
2025-03-04,LV-2,short,target,72.8,180,199
2025-03-04,LV-3,short,stop,-87.2,57,68
2025-03-05,LV-1,short,target,72.8,31,34
2025-03-05,LV-1,short,stop,-87.2,133,135
2025-03-05,LV-3,short,stop,-87.2,55,60
2025-03-06,HV-1,short,target,142.8,68,70
2025-03-06,HV-1,short,target,142.8,121,131
2025-03-06,HV-2,short,stop,-157.2,72,76
2025-03-07,HV-1,short,target,142.8,109,115
2025-03-12,LV-1,short,target,72.8,101,102
2025-03-12,LV-2,short,target,72.8,46,50
2025-03-13,LV-1,short,target,72.8,61,64
2025-03-13,LV-1,short,stop,-87.2,327,328
2025-03-13,LV-2,short,target,72.8,67,68
2025-03-13,LV-3,short,target,72.8,166,167
2025-03-14,LV-1,short,target,72.8,2,54
2025-03-14,LV-2,short,stop,-87.2,276,315
2025-03-14,LV-3,short,target,72.8,2,54
2025-03-17,LV-3,short,target,72.8,2,10
2025-03-18,LV-1,short,target,72.8,1,20
2025-03-18,LV-1,short,target,72.8,127,144
2025-03-18,LV-1,short,target,72.8,204,205
2025-03-18,LV-3,short,target,72.8,2,9
2025-03-19,LV-1,short,target,72.8,92,94
2025-03-19,LV-2,short,stop,-87.2,104,119
2025-03-20,LV-1,short,stop,-87.2,85,87
2025-03-20,LV-1,short,stop,-87.2,267,269
2025-03-20,LV-2,short,target,72.8,151,160
2025-03-21,LV-1,short,target,72.8,161,183
2025-03-21,LV-2,short,stop,-87.2,165,176
2025-03-24,LV-1,short,stop,-87.2,31,34
2025-03-24,LV-1,short,stop,-87.2,98,106
2025-03-24,LV-2,short,stop,-87.2,85,86
2025-03-25,LV-1,short,target,72.8,68,69
2025-03-25,LV-3,short,target,72.8,183,205
2025-03-26,LV-2,short,stop,-87.2,91,99
2025-03-27,LV-3,short,target,72.8,33,53
2025-03-28,LV-1,short,target,72.8,77,79
2025-03-28,LV-1,short,stop,-87.2,204,206
2025-03-31,LV-1,short,target,72.8,112,113
2025-03-31,LV-1,short,stop,-87.2,183,198
2025-03-31,LV-2,short,target,72.8,30,36
2025-04-01,LV-1,long,target,72.8,0,1
2025-04-01,LV-1,long,stop,-87.2,47,50
2025-04-01,LV-2,long,target,72.8,76,118
2025-04-01,LV-3,long,stop,-87.2,47,50
2025-04-02,LV-1,long,target,72.8,31,45
2025-04-02,LV-1,long,stop,-87.2,109,110
2025-04-02,LV-3,long,target,72.8,60,62
2025-04-03,LV-1,short,stop,-87.2,15,18
2025-04-03,LV-3,short,stop,-87.2,5,6
2025-04-04,LV-1,short,target,72.8,20,30
2025-04-04,LV-1,short,stop,-87.2,42,43
2025-04-04,LV-1,short,stop,-87.2,89,90
2025-04-04,LV-3,short,target,72.8,42,43
2025-04-04,LV-3,short,target,72.8,107,108
2025-04-07,HV-1,short,stop,-157.2,30,49
2025-04-07,HV-1,short,target,142.8,61,64
2025-04-07,HV-1,short,target,142.8,74,75
2025-04-07,HV-1,short,target,142.8,85,86
2025-04-07,HV-1,short,stop,-157.2,98,99
2025-04-08,HV-1,short,stop,-157.2,9,11
2025-04-08,HV-1,short,stop,-157.2,49,53
2025-04-08,HV-1,short,target,142.8,241,242
2025-04-08,HV-1,short,stop,-157.2,252,253
2025-04-08,HV-2,short,stop,-157.2,49,53
2025-04-08,HV-2,short,stop,-157.2,136,140
2025-04-08,HV-2,short,target,142.8,238,240
2025-04-09,HV-1,short,stop,-157.2,5,6
2025-04-09,HV-1,short,stop,-157.2,108,126
2025-04-09,HV-1,short,stop,-157.2,262,263
2025-04-09,HV-1,short,stop,-157.2,262,263
2025-04-09,HV-1,short,stop,-157.2,266,267
2025-04-09,HV-1,short,target,142.8,268,269
2025-04-10,HV-1,short,stop,-157.2,3,4
2025-04-10,HV-1,short,target,142.8,67,70
2025-04-10,HV-1,short,target,142.8,105,106
2025-04-10,HV-2,short,stop,-157.2,3,5
2025-04-11,HV-1,short,target,142.8,81,82
2025-04-11,HV-1,short,stop,-157.2,171,172
2025-04-15,HV-1,short,target,142.8,78,82
2025-04-16,HV-1,short,stop,-157.2,68,72
2025-04-21,HV-1,short,target,142.8,52,53
2025-04-22,LV-1,short,target,72.8,255,260
2025-04-22,LV-2,short,target,72.8,76,78
2025-04-22,LV-3,short,target,72.8,4,8
2025-04-23,LV-1,short,stop,-87.2,4,37
2025-04-23,LV-1,short,target,72.8,73,79
2025-04-23,LV-1,short,target,72.8,71,82
2025-04-23,LV-2,short,target,72.8,39,40
2025-04-23,LV-3,short,target,72.8,71,101
2025-04-24,LV-1,short,target,72.8,12,28
2025-04-24,LV-1,short,target,72.8,94,96
2025-04-25,HV-1,short,target,142.8,88,90
2025-04-25,HV-1,short,target,142.8,278,279
2025-04-28,LV-1,short,stop,-87.2,6,24
2025-04-28,LV-1,short,stop,-87.2,49,50
2025-04-28,LV-1,short,target,72.8,130,131
2025-04-28,LV-3,short,target,72.8,45,46
2025-04-28,LV-3,short,stop,-87.2,128,129
2025-04-29,HV-1,short,target,142.8,12,15
2025-04-29,HV-1,short,time_exit,-87.1999999999983,210,254
2025-04-29,HV-2,short,stop,-157.2,87,109
2025-04-30,HV-1,short,target,142.8,161,162
2025-04-30,HV-1,short,target,142.8,164,166
2025-04-30,HV-1,short,target,142.8,169,170
2025-04-30,HV-2,short,target,142.8,54,56
2025-04-30,HV-2,short,stop,-157.2,174,175
2025-04-30,HV-2,short,target,142.8,169,189
2025-05-01,HV-1,short,stop,-157.2,51,53
2025-05-02,HV-1,short,target,142.8,48,49
2025-05-02,HV-1,short,stop,-157.2,64,66
2025-05-02,HV-2,short,target,142.8,48,49
2025-05-06,LV-1,short,target,72.8,81,82
2025-05-06,LV-2,short,target,72.8,110,117
2025-05-07,HV-1,short,target,142.8,148,151
2025-05-08,LV-1,short,stop,-87.2,25,31
2025-05-08,LV-1,short,target,72.8,113,116
2025-05-08,LV-1,short,target,72.8,171,176
2025-05-08,LV-2,short,target,72.8,38,40
2025-05-12,LV-1,long,stop,-87.2,12,42
2025-05-12,LV-1,long,stop,-87.2,121,129
2025-05-12,LV-2,long,stop,-87.2,66,80
2025-05-13,LV-2,long,target,72.8,31,39
2025-05-13,LV-3,long,target,72.8,67,101
2025-05-13,LV-3,long,target,72.8,181,183
2025-05-14,LV-1,long,stop,-87.2,71,74
2025-05-14,LV-1,long,target,72.8,101,102
2025-05-14,LV-2,long,target,72.8,104,142
2025-05-15,LV-1,long,target,72.8,0,17
2025-05-15,LV-2,long,stop,-87.2,49,87
2025-05-16,LV-1,long,target,72.8,22,23
2025-05-16,LV-1,long,stop,-87.2,174,175
2025-05-22,LV-1,short,stop,-87.2,82,83
2025-05-22,LV-2,short,target,72.8,93,103
2025-05-23,LV-1,short,target,72.8,6,7
2025-05-23,LV-1,short,target,72.8,39,40
2025-05-23,LV-1,short,target,72.8,112,114
2025-05-23,LV-2,short,target,72.8,29,30
2025-05-30,LV-1,short,target,72.8,35,41
2025-05-30,LV-1,short,target,72.8,209,210
2025-06-02,LV-1,long,stop,-87.2,34,37
2025-06-02,LV-1,long,target,72.8,63,64
2025-06-02,LV-2,long,target,72.8,78,79
2025-06-02,LV-3,long,target,72.8,15,20
2025-06-03,LV-1,long,target,72.8,25,31
2025-06-03,LV-3,long,target,72.8,85,91
2025-06-04,LV-1,long,stop,-87.2,7,10
2025-06-04,LV-1,long,stop,-87.2,139,141
2025-06-04,LV-3,long,stop,-87.2,6,37
2025-06-05,LV-1,long,target,72.8,149,151
2025-06-05,LV-2,long,target,72.8,53,62
2025-06-06,LV-1,long,stop,-87.2,37,42
2025-06-06,LV-3,long,target,72.8,36,47
2025-06-06,LV-3,long,target,72.8,33,76
2025-06-09,LV-1,long,target,72.8,119,147
2025-06-09,LV-3,long,stop,-87.2,120,146
2025-06-10,LV-1,long,stop,-87.2,1,13
2025-06-10,LV-1,long,stop,-87.2,126,165
2025-06-10,LV-2,long,stop,-87.2,246,255
2025-06-11,LV-1,long,stop,-87.2,75,83
2025-06-11,LV-3,long,target,72.8,264,265
2025-06-12,LV-1,long,target,72.8,6,15
2025-06-12,LV-1,long,target,72.8,54,55
2025-06-12,LV-1,long,stop,-87.2,138,139
2025-06-12,LV-3,long,stop,-87.2,138,139
2025-06-13,LV-1,long,target,72.8,37,43
2025-06-13,LV-1,long,target,72.8,54,57
2025-06-13,LV-1,long,stop,-87.2,125,126
2025-06-13,LV-2,long,target,72.8,38,39
2025-06-16,HV-1,long,stop,-157.2,10,11
2025-06-16,HV-1,long,target,142.8,64,66
2025-06-16,HV-1,long,target,142.8,62,87
2025-06-16,HV-1,long,target,142.8,164,165
2025-06-16,HV-1,long,target,142.8,266,296
2025-06-17,HV-1,long,target,142.8,6,16
2025-06-17,HV-1,long,stop,-157.2,62,64
2025-06-17,HV-1,long,target,142.8,260,266
2025-06-18,HV-1,long,target,142.8,0,1
2025-06-18,HV-1,long,target,142.8,31,37
2025-06-18,HV-1,long,target,142.8,64,65
2025-06-18,HV-1,long,stop,-157.2,69,73
2025-06-18,HV-1,long,target,142.8,76,77
2025-06-18,HV-2,long,stop,-157.2,28,38
2025-06-19,HV-1,long,stop,-157.2,129,130
2025-06-19,HV-1,long,stop,-157.2,91,161
2025-06-19,HV-2,long,target,142.8,40,41
2025-06-19,HV-2,long,target,142.8,36,63
2025-06-19,HV-2,long,stop,-157.2,129,133
2025-06-20,HV-1,long,target,142.8,46,55
2025-06-20,HV-1,long,stop,-157.2,71,78
2025-06-20,HV-1,long,time_exit,102.79999999999943,288,293
2025-06-23,HV-1,long,target,142.8,8,9
2025-06-23,HV-1,long,target,142.8,42,54
2025-06-23,HV-1,long,target,142.8,67,68
2025-06-23,HV-1,long,target,142.8,223,224
2025-06-23,HV-1,long,stop,-157.2,247,248
2025-06-23,HV-1,long,stop,-157.2,245,253
2025-06-23,HV-1,long,target,142.8,259,264
2025-06-23,HV-1,long,target,142.8,270,277
2025-06-23,HV-1,long,target,142.8,281,282
2025-06-24,HV-1,long,stop,-157.2,1,15
2025-06-24,HV-1,long,target,142.8,22,25
2025-06-24,HV-1,long,stop,-157.2,38,39
2025-06-24,HV-1,long,target,142.8,176,182
2025-06-25,HV-1,long,stop,-157.2,15,19
2025-06-25,HV-1,long,target,142.8,165,167
2025-06-26,HV-1,long,target,142.8,8,12
2025-06-27,HV-1,long,target,142.8,163,164
2025-07-07,LV-1,long,stop,-87.2,18,23
2025-07-07,LV-3,long,stop,-87.2,18,23
2025-07-08,LV-3,long,stop,-87.2,159,165
2025-07-09,LV-1,long,target,72.8,13,15
2025-07-09,LV-1,long,target,72.8,157,160
2025-07-09,LV-2,long,target,72.8,33,34
2025-07-10,LV-1,long,target,72.8,117,129
2025-07-10,LV-2,long,target,72.8,42,44
2025-07-11,LV-1,long,stop,-87.2,18,21
2025-07-11,LV-3,long,target,72.8,44,48
2025-07-11,LV-3,long,target,72.8,128,130
2025-07-14,LV-1,long,stop,-87.2,121,128
2025-07-14,LV-1,long,stop,-87.2,134,136
2025-07-14,LV-2,long,stop,-87.2,65,66
2025-07-16,LV-1,short,target,72.8,38,41
2025-07-16,LV-1,short,target,72.8,246,248
2025-07-17,LV-1,short,stop,-87.2,11,13
2025-07-21,LV-1,short,target,72.8,66,67
2025-07-21,LV-3,short,stop,-87.2,69,70
2025-07-22,LV-1,short,target,72.8,60,61
2025-07-22,LV-2,short,stop,-87.2,33,50
2025-07-22,LV-3,short,stop,-87.2,41,42
2025-07-23,LV-1,short,stop,-87.2,0,5
2025-07-23,LV-2,short,target,72.8,191,201
2025-07-28,LV-2,long,target,72.8,141,148
2025-07-29,LV-1,long,target,72.8,57,63
2025-07-29,LV-1,long,target,72.8,283,284
2025-07-29,LV-1,long,stop,-87.2,286,287
2025-07-29,LV-3,long,target,72.8,6,16
2025-07-29,LV-3,long,stop,-87.2,286,287
2025-07-30,LV-1,long,target,72.8,18,21
2025-07-31,LV-1,long,target,72.8,68,69
2025-07-31,LV-1,long,target,72.8,199,272
2025-07-31,LV-2,long,stop,-87.2,44,113
2025-08-01,LV-1,long,stop,-87.2,16,18
2025-08-01,LV-1,long,stop,-87.2,62,63
2025-08-01,LV-1,long,target,72.8,126,127
2025-08-01,LV-3,long,stop,-87.2,3,5
2025-08-05,HV-1,short,stop,-157.2,61,91
2025-08-06,LV-1,short,target,72.8,59,60
2025-08-06,LV-1,short,stop,-87.2,63,96
2025-08-06,LV-1,short,target,72.8,172,225
2025-08-06,LV-3,short,stop,-87.2,68,71
2025-08-06,LV-3,short,stop,-87.2,175,224
2025-08-07,HV-2,short,stop,-157.2,10,34
2025-08-08,HV-1,short,stop,-157.2,8,19
2025-08-08,HV-1,short,target,142.8,56,58
2025-08-08,HV-1,short,target,142.8,70,71
2025-08-08,HV-1,short,target,142.8,68,78
2025-08-11,LV-1,short,target,72.8,79,88
2025-08-12,LV-1,short,target,72.8,8,10
2025-08-13,LV-1,short,target,72.8,51,89
2025-08-13,LV-1,short,target,72.8,104,143
2025-08-13,LV-1,short,stop,-87.2,177,178
2025-08-14,LV-1,short,stop,-87.2,50,59
2025-08-14,LV-2,short,target,72.8,162,167
2025-08-15,LV-1,short,stop,-87.2,16,17
2025-08-15,LV-1,short,target,72.8,138,139
2025-08-15,LV-2,short,target,72.8,61,89
2025-08-18,LV-1,short,target,72.8,24,99
2025-08-18,LV-2,short,stop,-87.2,127,140
2025-08-18,LV-3,short,target,72.8,31,42
2025-08-19,LV-1,short,target,72.8,65,70
2025-08-19,LV-2,short,stop,-87.2,30,46
2025-08-20,LV-1,short,stop,-87.2,1,2
2025-08-20,LV-2,short,target,72.8,52,63
2025-08-21,LV-1,short,stop,-87.2,85,90
2025-08-21,LV-2,short,target,72.8,113,135
2025-08-22,LV-1,short,target,72.8,157,158
2025-08-22,LV-2,short,target,72.8,60,62
2025-08-26,LV-1,short,target,72.8,125,129
2025-08-26,LV-2,short,stop,-87.2,41,46
2025-08-26,LV-3,short,stop,-87.2,127,128
2025-08-27,LV-1,short,target,72.8,8,30
2025-08-27,LV-1,short,target,72.8,95,97
2025-08-27,LV-2,short,stop,-87.2,125,128
2025-08-28,LV-1,short,stop,-87.2,70,71
2025-08-29,LV-1,short,target,72.8,0,61
2025-08-29,LV-1,short,stop,-87.2,124,125
2025-09-02,LV-1,long,stop,-87.2,18,23
2025-09-02,LV-1,long,stop,-87.2,160,163
2025-09-02,LV-3,long,stop,-87.2,21,22
2025-09-02,LV-3,long,target,72.8,160,166
2025-09-04,LV-1,short,target,72.8,180,187
2025-09-04,LV-2,short,target,72.8,42,85
2025-09-05,LV-1,short,stop,-87.2,14,15
2025-09-09,LV-1,short,target,72.8,150,151
2025-09-11,LV-1,short,stop,-87.2,9,16
2025-09-17,LV-1,long,target,72.8,90,91
2025-09-17,LV-2,long,target,72.8,102,114
2025-09-22,LV-2,short,stop,-87.2,74,81
2025-09-24,LV-3,long,target,72.8,121,124
2025-09-25,LV-2,long,target,72.8,71,80
2025-09-26,LV-1,long,target,72.8,51,52
2025-09-30,LV-1,short,target,72.8,150,152
2025-10-01,LV-1,short,stop,-87.2,30,33
2025-10-01,LV-3,short,target,72.8,30,33
2025-10-02,LV-1,short,stop,-87.2,61,62
2025-10-02,LV-2,short,target,72.8,73,74
2025-10-03,LV-1,short,stop,-87.2,166,167
2025-10-03,LV-2,short,target,72.8,32,34
2025-10-06,LV-1,short,stop,-87.2,105,137
2025-10-06,LV-2,short,stop,-87.2,105,137
2025-10-07,LV-1,short,target,72.8,3,5
2025-10-07,LV-1,short,target,72.8,67,105
2025-10-10,LV-1,short,target,72.8,10,33
2025-10-10,LV-1,short,target,72.8,178,179
2025-10-10,LV-2,short,target,72.8,46,47
2025-10-10,LV-3,short,stop,-87.2,20,21
2025-10-10,LV-3,short,target,72.8,176,192
2025-10-13,LV-1,short,stop,-87.2,167,171
2025-10-13,LV-2,short,stop,-87.2,62,63
2025-10-14,LV-1,short,target,72.8,35,93
2025-10-15,LV-3,short,stop,-87.2,48,50
2025-10-15,LV-3,short,target,72.8,135,138
2025-10-16,LV-1,short,target,72.8,0,1
2025-10-16,LV-1,short,target,72.8,160,166
2025-10-16,LV-3,short,target,72.8,150,153
2025-10-17,LV-1,short,stop,-87.2,3,10
2025-10-17,LV-2,short,target,72.8,123,126
2025-10-20,LV-1,short,target,72.8,0,31
2025-10-20,LV-2,short,target,72.8,82,112
2025-10-20,LV-3,short,target,72.8,3,9
2025-10-21,LV-1,short,target,72.8,34,35
2025-10-21,LV-1,short,target,72.8,55,57
2025-10-21,LV-1,short,target,72.8,221,225
2025-10-21,LV-2,short,stop,-87.2,192,198
2025-10-21,LV-3,short,stop,-87.2,14,22
2025-10-22,LV-1,short,stop,-87.2,26,30
2025-10-22,LV-2,short,stop,-87.2,36,41
2025-10-23,LV-1,short,target,72.8,22,25
2025-10-24,LV-2,short,target,72.8,51,53
2025-10-27,LV-1,short,stop,-87.2,25,29
2025-10-27,LV-1,short,target,72.8,132,133
2025-10-27,LV-2,short,stop,-87.2,106,115
2025-10-28,LV-1,short,target,72.8,154,167
2025-10-28,LV-2,short,target,72.8,48,64
2025-10-29,LV-1,short,stop,-87.2,80,82
2025-10-29,LV-2,short,stop,-87.2,41,44
2025-10-30,LV-1,short,stop,-87.2,55,66
2025-10-30,LV-1,short,stop,-87.2,167,169
2025-10-30,LV-2,short,target,72.8,36,45
2025-10-31,LV-1,short,target,72.8,28,31
2025-10-31,LV-3,short,stop,-87.2,82,84
2025-11-06,LV-1,short,stop,-87.2,170,172
2025-11-13,LV-1,short,target,72.8,36,38
2025-11-19,LV-1,short,target,72.8,30,63
2025-11-19,LV-2,short,target,72.8,99,100
2025-11-21,LV-1,short,stop,-87.2,56,58
2025-11-21,LV-3,short,target,72.8,4,5
2025-11-24,LV-1,short,target,72.8,39,46
2025-11-24,LV-2,short,stop,-87.2,103,120
2025-11-25,LV-1,short,target,72.8,45,61
2025-11-25,LV-2,short,target,72.8,203,206
2025-11-25,LV-3,short,target,72.8,48,49
2025-11-26,LV-1,short,stop,-87.2,90,91
2025-11-26,LV-2,short,target,72.8,46,69
2025-11-27,LV-2,short,time_exit,-17.200000000005115,150,230
2025-11-28,LV-1,short,stop,-87.2,15,31
2025-11-28,LV-2,short,target,72.8,83,122
2025-12-01,LV-1,long,stop,-87.2,0,1
2025-12-01,LV-1,long,stop,-87.2,42,44
2025-12-02,LV-1,long,target,72.8,0,9
2025-12-02,LV-1,long,stop,-87.2,47,48
2025-12-04,LV-1,long,stop,-87.2,111,115
2025-12-04,LV-3,long,target,72.8,151,156
2025-12-05,LV-3,long,target,72.8,34,42
2025-12-09,LV-1,short,stop,-87.2,60,61
2025-12-09,LV-3,short,stop,-87.2,60,61
2025-12-10,LV-2,short,stop,-87.2,265,280
2025-12-11,LV-1,short,target,72.8,0,66
2025-12-12,LV-1,short,target,72.8,0,2
2025-12-12,LV-2,short,target,72.8,264,267
2025-12-15,LV-1,short,target,72.8,44,61
2025-12-15,LV-1,short,stop,-87.2,161,169
2025-12-17,LV-1,short,stop,-87.2,66,70
2025-12-18,LV-1,short,target,72.8,0,1
2025-12-18,LV-2,short,target,72.8,65,91
2025-12-19,LV-2,short,target,72.8,52,60
2025-12-22,LV-1,short,time_exit,12.800000000003127,7,88
2025-12-23,LV-1,short,target,72.8,25,30
2025-12-23,LV-2,short,stop,-87.2,210,228
2025-12-24,LV-2,short,target,72.8,30,31
2025-12-26,LV-1,short,target,72.8,0,19
2025-12-29,LV-1,short,target,72.8,3,4
2025-12-29,LV-2,short,stop,-87.2,39,42
2025-12-30,LV-3,short,target,72.8,149,151
2025-12-31,LV-1,short,stop,-87.2,91,95
2025-12-31,LV-3,short,stop,-87.2,9,10
2026-01-02,LV-2,short,stop,-87.2,218,276
2026-01-02,LV-3,short,target,72.8,40,48
2026-01-06,LV-2,long,target,72.8,49,50
2026-01-07,LV-1,short,stop,-87.2,0,6
2026-01-07,LV-1,short,target,72.8,41,43
2026-01-08,LV-1,short,target,72.8,67,69
2026-01-12,LV-1,long,target,72.8,48,50
2026-01-12,LV-1,long,target,72.8,89,94
2026-01-12,LV-2,long,target,72.8,57,58
2026-01-12,LV-3,long,stop,-87.2,132,133
2026-01-13,LV-1,long,stop,-87.2,44,55
2026-01-13,LV-3,long,target,72.8,44,54
2026-01-14,LV-1,long,target,72.8,117,136
2026-01-14,LV-2,long,target,72.8,33,34
2026-01-15,LV-1,long,target,72.8,42,46
2026-01-15,LV-2,long,target,72.8,60,61
2026-01-16,LV-1,long,stop,-87.2,47,51
2026-01-21,LV-1,long,stop,-87.2,121,128
2026-01-21,LV-2,long,target,72.8,78,85
2026-01-23,LV-1,long,stop,-87.2,0,4
2026-01-23,LV-2,long,target,72.8,138,197
2026-01-26,LV-1,long,stop,-87.2,57,104
2026-01-26,LV-2,long,stop,-87.2,61,104
2026-01-27,LV-1,long,target,72.8,183,185
2026-01-27,LV-2,long,target,72.8,39,40
2026-01-28,LV-1,long,target,72.8,22,23
2026-01-28,LV-2,long,target,72.8,80,105
2026-01-29,LV-1,long,target,72.8,14,22
2026-01-29,LV-1,long,target,72.8,0,72
2026-01-29,LV-1,long,stop,-87.2,78,90
2026-01-29,LV-2,long,stop,-87.2,91,92
2026-01-29,LV-3,long,target,72.8,14,22
2026-01-30,LV-1,long,target,72.8,0,1
2026-01-30,LV-1,long,stop,-87.2,201,202
2026-01-30,LV-1,long,target,72.8,220,226
2026-01-30,LV-2,long,stop,-87.2,223,226
2026-02-02,LV-1,long,stop,-87.2,18,19
2026-02-02,LV-1,long,target,72.8,59,77
2026-02-02,LV-2,long,target,72.8,77,91
2026-02-03,LV-1,long,stop,-87.2,192,193
2026-02-03,LV-1,long,stop,-87.2,192,201
2026-02-04,LV-1,long,stop,-87.2,209,211
2026-02-04,LV-1,long,stop,-87.2,214,215
2026-02-04,LV-3,long,target,72.8,30,31
2026-02-04,LV-3,long,stop,-87.2,208,211
2026-02-04,LV-3,long,stop,-87.2,219,220
2026-02-05,HV-1,long,target,142.8,122,131
2026-02-06,HV-1,long,stop,-157.2,3,4
2026-02-06,HV-1,long,target,142.8,58,97
2026-02-06,HV-1,long,stop,-157.2,110,115
2026-02-10,HV-1,long,stop,-157.2,13,27
2026-02-10,HV-1,long,target,142.8,150,162
2026-02-17,LV-1,long,target,72.8,0,1
2026-02-17,LV-1,long,stop,-87.2,96,99
2026-02-17,LV-2,long,stop,-87.2,176,179
2026-02-17,LV-3,long,target,72.8,5,6
2026-02-18,LV-1,long,target,72.8,31,33
2026-02-18,LV-1,long,time_exit,52.80000000000227,292,293
2026-02-19,LV-1,long,target,72.8,70,74
2026-02-19,LV-1,long,target,72.8,154,155
2026-02-19,LV-2,long,stop,-87.2,66,67
2026-02-20,LV-1,long,target,72.8,38,92
2026-02-20,LV-1,long,target,72.8,280,281
2026-02-20,LV-2,long,target,72.8,38,92
2026-02-23,LV-1,long,target,72.8,30,41
2026-02-23,LV-1,long,stop,-87.2,160,164
2026-02-23,LV-2,long,stop,-87.2,132,153
2026-02-24,LV-1,long,stop,-87.2,87,88
2026-02-24,LV-2,long,stop,-87.2,76,86
2026-02-25,LV-1,long,target,72.8,70,72
2026-02-25,LV-2,long,target,72.8,60,90
2026-02-26,LV-1,long,target,72.8,65,66
2026-02-26,LV-1,long,target,72.8,83,85
2026-02-26,LV-1,long,target,72.8,101,102
2026-02-26,LV-1,long,target,72.8,124,126
2026-02-26,LV-3,long,target,72.8,101,103
2026-02-26,LV-3,long,target,72.8,113,121
2026-02-27,LV-1,long,stop,-87.2,15,23
2026-02-27,LV-1,long,stop,-87.2,68,70
2026-02-27,LV-1,long,target,72.8,150,155
2026-02-27,LV-2,long,target,72.8,35,38
2026-03-02,HV-1,long,target,142.8,8,10
2026-03-02,HV-1,long,stop,-157.2,44,45
2026-03-02,HV-1,long,stop,-157.2,52,53
2026-03-02,HV-1,long,target,142.8,210,225
2026-03-03,HV-1,long,target,142.8,1,2
2026-03-03,HV-1,long,target,142.8,7,9
2026-03-03,HV-1,long,target,142.8,15,21
2026-03-03,HV-1,long,stop,-157.2,164,165
2026-03-03,HV-1,long,stop,-157.2,189,201
2026-03-03,HV-1,long,target,142.8,167,246
2026-03-03,HV-1,long,stop,-157.2,276,277
2026-03-03,HV-2,long,target,142.8,15,16
2026-03-04,HV-1,long,target,142.8,0,8
2026-03-04,HV-1,long,stop,-157.2,36,37
2026-03-04,HV-1,long,target,142.8,35,50
2026-03-04,HV-2,long,stop,-157.2,4,6
2026-03-05,HV-1,long,target,142.8,11,12
2026-03-05,HV-1,long,stop,-157.2,19,25
2026-03-05,HV-1,long,target,142.8,86,120
2026-03-05,HV-1,long,stop,-157.2,148,149
2026-03-05,HV-1,long,target,142.8,127,152
2026-03-05,HV-1,long,target,142.8,266,273
2026-03-05,HV-1,long,stop,-157.2,288,289
2026-03-05,HV-2,long,target,142.8,13,14
2026-03-05,HV-2,long,stop,-157.2,18,26
2026-03-05,HV-2,long,target,142.8,135,140
2026-03-05,HV-2,long,stop,-157.2,139,140
2026-03-05,HV-2,long,target,142.8,127,152
2026-03-05,HV-2,long,stop,-157.2,260,261
2026-03-06,HV-1,long,target,142.8,2,5
2026-03-06,HV-1,long,target,142.8,9,10
2026-03-06,HV-1,long,target,142.8,35,36
2026-03-06,HV-1,long,target,142.8,34,42
2026-03-06,HV-1,long,target,142.8,169,171
2026-03-06,HV-1,long,stop,-157.2,174,175
2026-03-06,HV-1,long,target,142.8,216,217
2026-03-06,HV-1,long,target,142.8,222,223
2026-03-06,HV-1,long,stop,-157.2,205,251
2026-03-06,HV-1,long,stop,-157.2,268,269
2026-03-06,HV-2,long,stop,-157.2,9,11
2026-03-06,HV-2,long,stop,-157.2,37,38
2026-03-06,HV-2,long,target,142.8,35,40
2026-03-06,HV-2,long,target,142.8,173,175
2026-03-06,HV-2,long,target,142.8,206,207
2026-03-06,HV-2,long,target,142.8,223,224
2026-03-06,HV-2,long,stop,-157.2,222,228
2026-03-09,HV-1,long,stop,-157.2,7,8
2026-03-09,HV-1,long,stop,-157.2,17,18
2026-03-09,HV-1,long,stop,-157.2,28,30
2026-03-09,HV-1,long,stop,-157.2,16,31
2026-03-09,HV-1,long,stop,-157.2,33,35
2026-03-09,HV-1,long,target,142.8,38,39
2026-03-09,HV-1,long,stop,-157.2,51,52
2026-03-09,HV-1,long,target,142.8,67,68
2026-03-09,HV-1,long,stop,-157.2,67,69
2026-03-09,HV-1,long,stop,-157.2,66,74
2026-03-09,HV-1,long,target,142.8,66,77
2026-03-09,HV-1,long,stop,-157.2,65,78
2026-03-09,HV-1,long,stop,-157.2,184,185
2026-03-09,HV-2,long,stop,-157.2,67,69
2026-03-10,HV-1,long,stop,-157.2,1,3
2026-03-10,HV-1,long,target,142.8,7,9
2026-03-10,HV-1,long,target,142.8,33,38
2026-03-10,HV-1,long,stop,-157.2,33,40
2026-03-10,HV-1,long,stop,-157.2,80,86
2026-03-10,HV-1,long,stop,-157.2,91,92
2026-03-10,HV-1,long,stop,-157.2,95,96
2026-03-10,HV-1,long,stop,-157.2,97,100
2026-03-10,HV-1,long,target,142.8,107,108
2026-03-10,HV-1,long,stop,-157.2,319,320
2026-03-11,HV-1,long,target,142.8,6,7
2026-03-11,HV-1,long,target,142.8,25,26
2026-03-11,HV-1,long,target,142.8,36,37
2026-03-11,HV-1,long,stop,-157.2,59,60
2026-03-11,HV-1,long,target,142.8,88,90
2026-03-11,HV-1,long,stop,-157.2,122,123
2026-03-11,HV-1,long,target,142.8,179,180
2026-03-11,HV-1,long,target,142.8,183,184
2026-03-11,HV-1,long,stop,-157.2,187,188
2026-03-11,HV-2,long,stop,-157.2,187,188
2026-03-11,HV-2,long,target,142.8,186,190
2026-03-12,HV-1,long,target,142.8,0,1
2026-03-12,HV-1,long,target,142.8,15,17
2026-03-12,HV-1,long,target,142.8,20,22
2026-03-12,HV-1,long,stop,-157.2,66,67
2026-03-12,HV-1,long,stop,-157.2,89,90
2026-03-12,HV-1,long,target,142.8,88,92
2026-03-12,HV-1,long,target,142.8,140,147
2026-03-12,HV-1,long,stop,-157.2,156,157
2026-03-12,HV-2,long,stop,-157.2,16,17
2026-03-12,HV-2,long,stop,-157.2,22,23
2026-03-12,HV-2,long,target,142.8,15,34
2026-03-12,HV-2,long,stop,-157.2,88,92
2026-03-12,HV-2,long,stop,-157.2,141,142
2026-03-12,HV-2,long,stop,-157.2,140,147
2026-03-13,HV-1,long,stop,-157.2,0,1
2026-03-13,HV-1,long,stop,-157.2,11,12
2026-03-13,HV-1,long,target,142.8,61,64
2026-03-13,HV-1,long,target,142.8,100,102
2026-03-13,HV-1,long,target,142.8,116,120
2026-03-13,HV-1,long,target,142.8,126,127
2026-03-13,HV-1,long,target,142.8,161,164
2026-03-13,HV-1,long,target,142.8,196,197
2026-03-13,HV-1,long,target,142.8,281,282
2026-03-13,HV-1,long,stop,-157.2,291,292
2026-03-13,HV-1,long,stop,-157.2,307,330
2026-03-13,HV-2,long,stop,-157.2,62,63
2026-03-13,HV-2,long,target,142.8,116,120
2026-03-13,HV-2,long,target,142.8,124,125
2026-03-13,HV-2,long,target,142.8,158,159
2026-03-13,HV-2,long,target,142.8,197,201
2026-03-13,HV-2,long,target,142.8,286,288
2026-03-13,HV-2,long,target,142.8,307,310
2026-03-16,HV-1,long,target,142.8,2,3
2026-03-16,HV-1,long,target,142.8,10,11
2026-03-16,HV-1,long,target,142.8,1,30
2026-03-16,HV-1,long,stop,-157.2,52,56
2026-03-16,HV-1,long,stop,-157.2,60,62
2026-03-16,HV-1,long,target,142.8,59,70
2026-03-16,HV-1,long,target,142.8,205,213
2026-03-17,HV-1,long,target,142.8,1,3
2026-03-17,HV-1,long,stop,-157.2,42,43
2026-03-17,HV-1,long,target,142.8,107,110
2026-03-17,HV-1,long,target,142.8,156,164
2026-03-17,HV-1,long,target,142.8,323,327
2026-03-18,HV-1,long,target,142.8,0,2
2026-03-18,HV-1,long,target,142.8,12,13
2026-03-18,HV-1,long,stop,-157.2,51,54
2026-03-18,HV-1,long,stop,-157.2,112,114
2026-03-18,HV-1,long,target,142.8,288,295
2026-03-18,HV-1,long,target,142.8,304,306
2026-03-18,HV-1,long,stop,-157.2,334,337
2026-03-19,HV-1,long,target,142.8,5,9
2026-03-19,HV-1,long,stop,-157.2,1,16
2026-03-19,HV-1,long,target,142.8,17,20
2026-03-19,HV-1,long,stop,-157.2,30,31
2026-03-19,HV-1,long,stop,-157.2,165,166
2026-03-19,HV-1,long,stop,-157.2,165,172
2026-03-19,HV-1,long,stop,-157.2,164,173
2026-03-19,HV-1,long,target,142.8,164,179
2026-03-19,HV-1,long,stop,-157.2,163,182
2026-03-19,HV-1,long,stop,-157.2,307,308
2026-03-20,HV-1,long,target,142.8,5,9
2026-03-20,HV-1,long,stop,-157.2,36,37
2026-03-20,HV-1,long,stop,-157.2,58,60
2026-03-20,HV-1,long,stop,-157.2,109,120
2026-03-20,HV-1,long,target,142.8,192,204
2026-03-20,HV-1,long,stop,-157.2,228,235
2026-03-20,HV-1,long,stop,-157.2,252,253
2026-03-20,HV-1,long,target,142.8,344,349
2026-03-23,HV-1,long,stop,-157.2,1,3
2026-03-23,HV-1,long,stop,-157.2,6,7
2026-03-23,HV-1,long,target,142.8,14,16
2026-03-23,HV-1,long,target,142.8,19,20
2026-03-23,HV-1,long,target,142.8,1,50
2026-03-23,HV-1,long,stop,-157.2,63,122
2026-03-23,HV-1,long,stop,-157.2,123,124
2026-03-23,HV-1,long,target,142.8,137,138
2026-03-23,HV-1,long,target,142.8,198,199
2026-03-23,HV-1,long,stop,-157.2,209,210
2026-03-24,HV-1,long,target,142.8,8,9
2026-03-24,HV-1,long,target,142.8,30,31
2026-03-24,HV-1,long,target,142.8,5,64
2026-03-24,HV-1,long,target,142.8,113,114
2026-03-24,HV-1,long,target,142.8,245,246
2026-03-25,HV-1,long,stop,-157.2,1,2
2026-03-25,HV-1,long,target,142.8,20,25
2026-03-25,HV-1,long,stop,-157.2,50,54
2026-03-25,HV-1,long,stop,-157.2,117,118
2026-03-25,HV-1,long,target,142.8,134,135
2026-03-25,HV-1,long,target,142.8,172,173
2026-03-25,HV-1,long,target,142.8,245,246
2026-03-26,HV-1,long,target,142.8,2,3
2026-03-26,HV-1,long,target,142.8,14,44
2026-03-26,HV-1,long,stop,-157.2,56,59
2026-03-26,HV-1,long,stop,-157.2,161,166
2026-03-26,HV-1,long,target,142.8,210,211
2026-03-27,HV-1,long,stop,-157.2,0,1
2026-03-27,HV-1,long,target,142.8,10,11
2026-03-27,HV-1,long,stop,-157.2,176,178
2026-03-27,HV-1,long,stop,-157.2,220,221
2026-03-27,HV-1,long,target,142.8,315,319
2026-03-27,HV-1,long,stop,-157.2,307,343
2026-03-30,HV-1,long,stop,-157.2,17,20
2026-03-30,HV-1,long,target,142.8,34,36
2026-03-30,HV-1,long,stop,-157.2,38,39
2026-03-30,HV-1,long,target,142.8,187,189
2026-03-30,HV-1,long,target,142.8,180,200
2026-03-30,HV-2,long,target,142.8,38,39
2026-03-30,HV-2,long,target,142.8,179,180
2026-03-30,HV-2,long,target,142.8,183,184
2026-03-31,HV-1,long,target,142.8,17,19
2026-03-31,HV-1,long,stop,-157.2,27,30
2026-03-31,HV-1,long,target,142.8,56,58
2026-03-31,HV-1,long,target,142.8,112,120
2026-03-31,HV-1,long,stop,-157.2,128,129
2026-03-31,HV-1,long,stop,-157.2,226,229
2026-03-31,HV-1,long,target,142.8,224,230
2026-03-31,HV-1,long,stop,-157.2,225,230
2026-03-31,HV-1,long,target,142.8,223,242
2026-03-31,HV-1,long,stop,-157.2,223,243
2026-03-31,HV-2,long,target,142.8,5,6
2026-03-31,HV-2,long,stop,-157.2,109,122
2026-03-31,HV-2,long,target,142.8,128,129
2026-04-01,HV-1,long,stop,-157.2,15,16
2026-04-01,HV-1,long,target,142.8,31,32
2026-04-01,HV-1,long,stop,-157.2,39,40
2026-04-01,HV-1,long,target,142.8,42,44
2026-04-01,HV-1,long,stop,-157.2,78,91
2026-04-02,HV-1,long,stop,-157.2,3,4
2026-04-02,HV-1,long,stop,-157.2,2,6
2026-04-02,HV-1,long,stop,-157.2,12,15
2026-04-02,HV-1,long,stop,-157.2,24,25
2026-04-02,HV-1,long,target,142.8,36,49
2026-04-02,HV-1,long,stop,-157.2,52,53
2026-04-02,HV-1,long,target,142.8,60,68
2026-04-02,HV-1,long,target,142.8,97,99
2026-04-02,HV-1,long,stop,-157.2,98,99
2026-04-02,HV-1,long,stop,-157.2,98,99
2026-04-02,HV-1,long,stop,-157.2,110,111
2026-04-02,HV-1,long,target,142.8,142,146
2026-04-06,HV-1,long,stop,-157.2,6,8
2026-04-06,HV-1,long,target,142.8,18,19
2026-04-06,HV-1,long,target,142.8,23,33
2026-04-06,HV-1,long,target,142.8,65,69
2026-04-06,HV-1,long,target,142.8,252,262
2026-04-06,HV-1,long,target,142.8,250,268
2026-04-06,HV-1,long,target,142.8,281,284
2026-04-06,HV-2,long,target,142.8,18,19
2026-04-06,HV-2,long,target,142.8,20,21
2026-04-06,HV-2,long,target,142.8,5,80
2026-04-06,HV-2,long,target,142.8,252,262
2026-04-07,HV-1,long,target,142.8,0,2
2026-04-07,HV-1,long,target,142.8,18,19
2026-04-07,HV-1,long,target,142.8,44,45
2026-04-07,HV-1,long,target,142.8,66,67
2026-04-07,HV-1,long,stop,-157.2,185,186
2026-04-07,HV-1,long,target,142.8,277,278
2026-04-08,HV-1,short,stop,-157.2,2,7
2026-04-08,HV-1,short,target,142.8,15,16
2026-04-08,HV-1,short,stop,-157.2,33,38
2026-04-08,HV-1,short,target,142.8,40,41
2026-04-08,HV-1,short,stop,-157.2,52,53
2026-04-08,HV-1,short,stop,-157.2,87,90
2026-04-08,HV-1,short,stop,-157.2,94,95
2026-04-08,HV-1,short,target,142.8,97,113
2026-04-08,HV-1,short,target,142.8,170,177
2026-04-10,HV-1,short,stop,-157.2,5,15
2026-04-10,HV-1,short,stop,-157.2,32,35
2026-04-10,HV-1,short,target,142.8,85,88
2026-04-10,HV-1,short,stop,-157.2,140,154
2026-04-13,HV-1,long,target,142.8,2,5
2026-04-13,HV-1,long,target,142.8,52,55
2026-04-13,HV-1,long,stop,-157.2,51,66
2026-04-13,HV-1,long,target,142.8,107,115
2026-04-13,HV-1,long,stop,-157.2,120,121
2026-04-13,HV-1,long,stop,-157.2,156,157
2026-04-13,HV-1,long,target,142.8,221,223
2026-04-13,HV-1,long,target,142.8,221,231
2026-04-13,HV-1,long,target,142.8,259,277
2026-04-17,HV-1,short,stop,-157.2,4,5
2026-04-17,HV-1,short,target,142.8,10,11
2026-04-17,HV-1,short,target,142.8,9,15
2026-04-17,HV-1,short,target,142.8,7,21
2026-04-17,HV-1,short,stop,-157.2,93,95
2026-04-17,HV-1,short,target,142.8,101,103
2026-04-17,HV-1,short,stop,-157.2,122,123
2026-04-17,HV-2,short,target,142.8,10,13
2026-04-17,HV-2,short,target,142.8,8,16
2026-04-17,HV-2,short,target,142.8,7,21
2026-04-17,HV-2,short,stop,-157.2,94,95
2026-04-17,HV-2,short,target,142.8,101,104
2026-04-17,HV-2,short,target,142.8,99,120
2026-04-27,HV-1,long,target,142.8,64,65
2026-04-27,HV-1,long,target,142.8,75,85
2026-04-27,HV-1,long,target,142.8,123,125
2026-04-27,HV-1,long,stop,-157.2,258,259
2026-04-27,HV-1,long,target,142.8,278,283
2026-04-28,HV-1,long,target,142.8,5,9
2026-04-28,HV-1,long,stop,-157.2,0,29
2026-04-28,HV-1,long,target,142.8,38,42
2026-04-29,HV-1,long,target,142.8,26,27
2026-04-29,HV-1,long,stop,-157.2,90,92
2026-04-29,HV-1,long,target,142.8,149,150
2026-04-29,HV-1,long,stop,-157.2,176,181
2026-04-29,HV-1,long,stop,-157.2,255,256
2026-04-29,HV-1,long,target,142.8,281,286
2026-04-29,HV-2,long,target,142.8,52,53
2026-04-29,HV-2,long,stop,-157.2,177,178
2026-04-29,HV-2,long,stop,-157.2,174,181
2026-04-29,HV-2,long,stop,-157.2,243,245
2026-04-30,HV-1,long,target,142.8,10,11
2026-04-30,HV-1,long,target,142.8,35,36
2026-04-30,HV-1,long,stop,-157.2,33,73
2026-04-30,HV-1,long,target,142.8,96,100
2026-04-30,HV-1,long,target,142.8,271,286
2026-04-30,HV-2,long,target,142.8,35,37
2026-04-30,HV-2,long,target,142.8,97,98
2026-05-01,HV-1,long,stop,-157.2,12,18
2026-05-01,HV-1,long,target,142.8,38,39
2026-05-01,HV-1,long,stop,-157.2,57,58
2026-05-01,HV-1,long,target,142.8,65,66
2026-05-01,HV-1,long,stop,-157.2,75,76
2026-05-01,HV-1,long,target,142.8,104,105
2026-05-06,HV-1,short,stop,-157.2,2,4
2026-05-06,HV-1,short,target,142.8,9,10
2026-05-06,HV-1,short,stop,-157.2,15,16
2026-05-06,HV-1,short,stop,-157.2,75,76
2026-05-07,HV-1,short,target,142.8,4,5
2026-05-07,HV-1,short,target,142.8,72,73
2026-05-07,HV-1,short,target,142.8,63,89
2026-05-07,HV-1,short,target,142.8,203,204
2026-05-07,HV-1,short,stop,-157.2,206,209
2026-05-07,HV-1,short,stop,-157.2,199,223
2026-05-07,HV-1,short,stop,-157.2,227,230
2026-05-08,HV-1,short,target,142.8,1,4
2026-05-08,HV-1,short,stop,-157.2,25,38
2026-05-08,HV-1,short,target,142.8,79,80
2026-05-08,HV-1,short,target,142.8,151,165
2026-05-13,HV-1,long,stop,-157.2,27,30
2026-05-13,HV-1,long,target,142.8,69,70
2026-05-13,HV-1,long,stop,-157.2,64,104
2026-05-13,HV-1,long,stop,-157.2,201,203
2026-05-13,HV-1,long,target,142.8,226,227
2026-05-19,HV-1,long,target,142.8,19,20
2026-05-19,HV-1,long,stop,-157.2,31,33
2026-05-19,HV-1,long,target,142.8,15,54
2026-05-19,HV-1,long,target,142.8,65,66
2026-05-22,HV-1,short,target,142.8,10,12
2026-05-22,HV-1,short,stop,-157.2,9,29
2026-05-22,HV-1,short,stop,-157.2,34,40
2026-05-22,HV-1,short,target,142.8,43,47
2026-05-22,HV-1,short,target,142.8,57,60
2026-05-22,HV-1,short,target,142.8,269,271
2026-05-25,HV-1,short,target,142.8,61,68
2026-05-25,HV-1,short,stop,-157.2,81,82
2026-05-25,HV-1,short,target,142.8,238,253
2026-05-26,HV-1,short,target,142.8,20,28
2026-05-26,HV-1,short,stop,-157.2,56,57
2026-05-26,HV-1,short,stop,-157.2,95,98
2026-05-27,HV-1,short,target,142.8,14,16
2026-05-27,HV-1,short,target,142.8,87,92
2026-05-27,HV-1,short,target,142.8,114,120
2026-05-27,HV-1,short,target,142.8,150,151
2026-05-28,HV-1,short,target,142.8,30,31
2026-05-28,HV-1,short,stop,-157.2,73,74
2026-05-28,HV-1,short,stop,-157.2,73,74
2026-05-28,HV-1,short,stop,-157.2,73,74
2026-05-28,HV-1,short,stop,-157.2,72,76
2026-05-28,HV-1,short,target,142.8,72,117
2026-05-29,HV-1,short,stop,-157.2,3,6
2026-05-29,HV-1,short,target,142.8,30,31
2026-05-29,HV-1,short,target,142.8,61,62
2026-05-29,HV-1,short,target,142.8,88,90
2026-05-29,HV-1,short,target,142.8,133,134
2026-06-01,HV-1,short,target,142.8,14,16
2026-06-01,HV-1,short,stop,-157.2,25,26
2026-06-01,HV-1,short,stop,-157.2,45,46
2026-06-01,HV-1,short,target,142.8,56,58
2026-06-01,HV-1,short,target,142.8,76,77
2026-06-01,HV-1,short,stop,-157.2,107,114
2026-06-01,HV-1,short,target,142.8,269,279
2026-06-02,HV-1,short,stop,-157.2,80,81
2026-06-02,HV-1,short,target,142.8,178,181
2026-06-03,HV-1,long,target,142.8,17,20
2026-06-03,HV-1,long,stop,-157.2,125,136
2026-06-03,HV-1,long,target,142.8,157,158
2026-06-04,HV-1,short,stop,-157.2,5,6
2026-06-04,HV-1,short,target,142.8,35,40
2026-06-05,HV-1,short,target,142.8,9,13
2026-06-05,HV-1,short,stop,-157.2,40,41
2026-06-05,HV-1,short,stop,-157.2,62,64
2026-06-08,HV-1,short,target,142.8,17,18
2026-06-08,HV-1,short,target,142.8,31,32
2026-06-08,HV-1,short,stop,-157.2,73,90
2026-06-09,HV-1,short,target,142.8,51,55
2026-06-09,HV-1,short,stop,-157.2,176,218
2026-06-09,HV-1,short,stop,-157.2,261,268
2026-06-09,HV-2,short,target,142.8,31,32
2026-06-09,HV-2,short,stop,-157.2,189,195
2026-06-09,HV-2,short,stop,-157.2,180,218
2026-06-10,HV-1,short,stop,-157.2,35,49
2026-06-10,HV-1,short,target,142.8,65,69
2026-06-10,HV-1,short,target,142.8,174,185
2026-06-11,HV-1,short,stop,-157.2,14,15
2026-06-11,HV-1,short,target,142.8,45,60
2026-06-11,HV-1,short,target,142.8,175,176
2026-06-11,HV-1,short,target,142.8,272,273
2026-06-11,HV-1,short,target,142.8,278,285
2026-06-12,HV-1,short,target,142.8,26,31
2026-06-12,HV-1,short,target,142.8,43,47
2026-06-12,HV-1,short,target,142.8,63,64
2026-06-12,HV-1,short,target,142.8,117,120
2026-06-12,HV-1,short,target,142.8,137,138
2026-06-12,HV-2,short,target,142.8,117,118
2026-06-12,HV-2,short,stop,-157.2,121,122
2026-06-15,HV-1,short,stop,-157.2,86,106
2026-06-16,HV-1,short,stop,-157.2,5,7
2026-06-16,HV-1,short,target,142.8,176,179
2026-06-16,HV-2,short,target,142.8,101,108
2026-06-16,HV-2,short,stop,-157.2,176,179
2026-06-17,HV-1,short,stop,-157.2,17,25
2026-06-17,HV-1,short,target,142.8,77,92
2026-06-18,HV-1,short,target,142.8,41,45
2026-06-18,HV-1,short,stop,-157.2,138,141
2026-06-18,HV-2,short,target,142.8,7,8
2026-06-19,HV-1,short,stop,-157.2,50,58
2026-06-22,HV-1,short,target,142.8,14,15
2026-06-22,HV-1,short,target,142.8,38,42
2026-06-22,HV-1,short,target,142.8,132,133
2026-06-23,HV-1,short,target,142.8,60,96
2026-06-24,HV-1,short,target,142.8,3,4
2026-06-24,HV-1,short,stop,-157.2,31,34
2026-06-24,HV-2,short,target,142.8,19,20
2026-06-25,HV-1,short,stop,-157.2,29,40
2026-06-25,HV-1,short,target,142.8,60,61
2026-06-25,HV-1,short,stop,-157.2,129,132
2026-06-26,HV-1,short,target,142.8,20,21
2026-06-26,HV-1,short,target,142.8,52,60
2026-06-26,HV-1,short,stop,-157.2,210,217
2026-06-26,HV-2,short,target,142.8,129,130
2026-06-29,HV-1,short,target,142.8,94,110
2026-07-01,HV-1,short,target,142.8,61,63
2026-07-01,HV-1,short,target,142.8,108,130
2026-07-06,LV-1,short,target,72.8,15,16
2026-07-06,LV-1,short,stop,-87.2,92,98
2026-07-06,LV-2,short,stop,-87.2,31,85
2026-07-08,LV-1,long,target,72.8,7,8
2026-07-08,LV-1,long,stop,-87.2,47,50
2026-07-08,LV-1,long,stop,-87.2,92,94
2026-07-08,LV-1,long,target,72.8,172,173
2026-07-08,LV-2,long,stop,-87.2,42,44
2026-07-08,LV-3,long,stop,-87.2,87,107
2026-07-09,LV-1,long,target,72.8,20,21
2026-07-09,LV-1,long,stop,-87.2,82,93
2026-07-09,LV-1,long,stop,-87.2,165,166
2026-07-09,LV-2,long,target,72.8,62,69
2026-07-10,HV-1,long,stop,-157.2,33,37
2026-07-10,HV-1,long,stop,-157.2,92,93
2026-07-10,HV-1,long,stop,-157.2,92,126
2026-07-14,HV-1,long,stop,-157.2,17,18
2026-07-14,HV-1,long,target,142.8,26,28
2026-07-14,HV-1,long,stop,-157.2,85,86
2026-07-14,HV-1,long,target,142.8,95,96
2026-07-14,HV-1,long,target,142.8,129,130
2026-07-15,HV-1,long,stop,-157.2,34,35
2026-07-15,HV-1,long,target,142.8,58,84
2026-07-15,HV-1,long,target,142.8,157,162
2026-07-16,HV-1,long,target,142.8,0,5
2026-07-16,HV-1,long,stop,-157.2,32,40
2026-07-16,HV-1,long,stop,-157.2,151,152
2026-07-16,HV-1,long,stop,-157.2,272,280
2026-07-17,HV-1,long,stop,-157.2,70,75
2026-07-20,HV-1,long,stop,-157.2,91,94
2026-07-20,HV-1,long,target,142.8,221,222
2026-07-21,HV-1,long,target,142.8,37,53
2026-07-21,HV-1,long,target,142.8,141,142
2026-07-22,HV-1,long,target,142.8,41,47
2026-07-23,HV-1,long,stop,-157.2,0,17
2026-07-23,HV-1,long,stop,-157.2,15,16
2026-07-23,HV-1,long,target,142.8,109,110
2026-07-23,HV-1,long,target,142.8,142,143
2026-07-23,HV-1,long,target,142.8,284,287
2026-07-24,HV-1,long,target,142.8,15,18
2026-07-24,HV-1,long,stop,-157.2,139,140
2026-07-24,HV-1,long,target,142.8,150,152
2026-07-24,HV-1,long,target,142.8,290,296
2026-07-27,HV-1,short,target,142.8,18,29
2026-07-27,HV-1,short,stop,-157.2,38,51
2026-07-27,HV-1,short,target,142.8,123,125
2026-07-27,HV-1,short,target,142.8,207,208
2026-07-27,HV-1,short,stop,-157.2,214,215
2026-07-28,HV-1,short,target,142.8,32,36
2026-07-28,HV-1,short,stop,-157.2,53,54
2026-07-28,HV-1,short,target,142.8,146,148
2026-07-28,HV-1,short,target,142.8,177,178
2026-07-28,HV-1,short,stop,-157.2,213,214
2026-07-28,HV-1,short,time_exit,2.8000000000051157,172,252
2026-08-03,HV-1,short,target,142.8,0,7
2026-08-03,HV-1,short,stop,-157.2,100,113
2026-08-04,HV-1,short,target,142.8,20,21
2026-08-04,HV-1,short,target,142.8,25,27
2026-08-04,HV-1,short,stop,-157.2,55,59
2026-08-04,HV-1,short,target,142.8,164,165
2026-08-04,HV-2,short,target,142.8,25,27
2026-08-04,HV-2,short,stop,-157.2,56,57
2026-08-05,HV-1,short,target,142.8,3,10
2026-08-05,HV-1,short,target,142.8,39,45
2026-08-05,HV-1,short,target,142.8,65,66
2026-08-06,HV-1,short,target,142.8,146,147
2026-08-06,HV-1,short,target,142.8,176,195
2026-08-07,HV-1,short,time_exit,-87.1999999999983,273,284
2026-08-10,HV-1,long,target,142.8,12,14
2026-08-10,HV-1,long,target,142.8,241,246
2026-08-11,HV-1,long,target,142.8,18,28
2026-08-11,HV-1,long,target,142.8,115,120
2026-08-11,HV-1,long,target,142.8,154,158
2026-08-12,HV-1,long,target,142.8,65,68
2026-08-12,HV-1,long,target,142.8,115,117
2026-08-13,HV-1,long,stop,-157.2,33,53
2026-08-13,HV-1,long,stop,-157.2,149,150
2026-08-13,HV-1,long,time_exit,52.80000000000227,135,214
2026-08-14,HV-1,long,target,142.8,140,141
2026-08-18,HV-1,long,target,142.8,33,34
2026-08-18,HV-1,long,target,142.8,85,87
2026-08-20,HV-1,long,stop,-157.2,63,72
2026-08-20,HV-1,long,target,142.8,101,116
2026-08-21,HV-1,long,stop,-157.2,74,76
2026-08-21,HV-1,long,target,142.8,249,250
2026-08-25,HV-1,short,target,142.8,11,14
2026-08-25,HV-1,short,target,142.8,29,30
2026-08-27,HV-1,short,target,142.8,100,101
2026-08-28,HV-1,short,target,142.8,1,3
2026-08-31,HV-1,long,target,142.8,16,19
2026-08-31,HV-1,long,stop,-157.2,43,57
2026-09-01,HV-1,long,stop,-157.2,0,67
2026-09-01,HV-1,long,target,142.8,84,94
2026-09-01,HV-1,long,target,142.8,201,202
2026-09-01,HV-1,long,stop,-157.2,280,282
2026-09-01,HV-2,long,target,142.8,194,195
2026-09-01,HV-2,long,target,142.8,200,225
2026-09-01,HV-2,long,stop,-157.2,280,281
2026-09-02,HV-1,long,target,142.8,3,5
2026-09-02,HV-1,long,target,142.8,60,62
2026-09-02,HV-1,long,target,142.8,99,104
2026-09-02,HV-1,long,stop,-157.2,262,287
2026-09-02,HV-2,long,target,142.8,90,91
2026-09-02,HV-2,long,target,142.8,110,115
2026-09-03,HV-1,long,stop,-157.2,46,55
2026-09-03,HV-1,long,target,142.8,168,171
2026-09-04,HV-1,long,target,142.8,0,1
2026-09-04,HV-1,long,stop,-157.2,44,49
2026-09-04,HV-1,long,stop,-157.2,64,65
2026-09-04,HV-1,long,target,142.8,107,108
2026-09-04,HV-1,long,stop,-157.2,239,246
2026-09-07,HV-1,long,target,142.8,177,180
2026-09-08,HV-1,long,target,142.8,6,7
2026-09-08,HV-1,long,stop,-157.2,142,144
2026-09-08,HV-1,long,target,142.8,222,241
2026-09-09,HV-1,long,target,142.8,79,80
2026-09-09,HV-1,long,target,142.8,186,188
2026-09-09,HV-2,long,stop,-157.2,84,85
2026-09-10,HV-1,long,target,142.8,7,10
2026-09-10,HV-1,long,target,142.8,3,36
2026-09-10,HV-1,long,stop,-157.2,179,180
2026-09-10,HV-1,long,stop,-157.2,215,216
2026-09-10,HV-2,long,target,142.8,140,141
2026-09-10,HV-2,long,target,142.8,194,199
2026-09-11,HV-1,long,target,142.8,12,14
2026-09-11,HV-1,long,target,142.8,72,75
2026-09-11,HV-1,long,target,142.8,211,213
2026-09-11,HV-2,long,target,142.8,72,79
2026-09-11,HV-2,long,target,142.8,211,212
2026-09-14,HV-1,long,stop,-157.2,12,13
2026-09-14,HV-1,long,target,142.8,110,111
2026-09-14,HV-1,long,target,142.8,134,152
2026-09-14,HV-1,long,target,142.8,127,159
2026-09-14,HV-1,long,stop,-157.2,230,231
2026-09-14,HV-2,long,target,142.8,2,3
2026-09-15,HV-1,long,target,142.8,6,18
2026-09-15,HV-1,long,target,142.8,31,33
2026-09-15,HV-1,long,stop,-157.2,30,51
2026-09-15,HV-1,long,target,142.8,94,110
2026-09-15,HV-1,long,target,142.8,118,125
2026-09-15,HV-1,long,target,142.8,182,184
2026-09-15,HV-1,long,target,142.8,194,195
2026-09-15,HV-1,long,target,142.8,265,269
2026-09-15,HV-2,long,stop,-157.2,30,51
2026-09-15,HV-2,long,target,142.8,194,200
2026-09-15,HV-2,long,stop,-157.2,266,268
2026-09-16,HV-1,long,target,142.8,98,100
2026-09-16,HV-1,long,stop,-157.2,121,123
2026-09-16,HV-1,long,stop,-157.2,130,131
2026-09-16,HV-1,long,target,142.8,247,249
2026-09-17,HV-1,long,target,142.8,27,29
2026-09-17,HV-1,long,target,142.8,41,43
2026-09-17,HV-1,long,target,142.8,211,216
2026-09-17,HV-1,long,stop,-157.2,230,232
2026-09-17,HV-2,long,target,142.8,11,14
2026-09-17,HV-2,long,target,142.8,27,28
2026-09-17,HV-2,long,target,142.8,38,39
2026-09-17,HV-2,long,target,142.8,211,216
2026-09-18,HV-1,long,target,142.8,100,106
2026-09-18,HV-1,long,target,142.8,225,230
2026-09-21,HV-1,long,stop,-157.2,11,12
2026-09-21,HV-1,long,target,142.8,41,59
2026-09-21,HV-1,long,target,142.8,76,81
2026-09-21,HV-1,long,stop,-157.2,193,195
2026-09-22,HV-1,long,target,142.8,2,3
2026-09-22,HV-1,long,target,142.8,15,18
2026-09-22,HV-1,long,stop,-157.2,30,32
2026-09-22,HV-1,long,stop,-157.2,81,82
2026-09-22,HV-1,long,stop,-157.2,101,104
